label,score
0.000000000000000000e+00,3.525101542472839355e-01
0.000000000000000000e+00,3.220386505126953125e-01
0.000000000000000000e+00,1.682780385017395020e-01
0.000000000000000000e+00,2.034330815076828003e-01
0.000000000000000000e+00,1.941915750503540039e-01
0.000000000000000000e+00,1.490418016910552979e-01
0.000000000000000000e+00,1.780823171138763428e-01
0.000000000000000000e+00,1.465535014867782593e-01
0.000000000000000000e+00,1.756874322891235352e-01
0.000000000000000000e+00,1.415577977895736694e-01
0.000000000000000000e+00,1.702588051557540894e-01
0.000000000000000000e+00,1.501600891351699829e-01
0.000000000000000000e+00,2.518070936203002930e-01
0.000000000000000000e+00,1.860911995172500610e-01
0.000000000000000000e+00,1.782772839069366455e-01
0.000000000000000000e+00,1.296734958887100220e-01
0.000000000000000000e+00,1.438157856464385986e-01
0.000000000000000000e+00,1.843465864658355713e-01
0.000000000000000000e+00,1.419925093650817871e-01
0.000000000000000000e+00,1.532959938049316406e-01
0.000000000000000000e+00,1.670224964618682861e-01
0.000000000000000000e+00,1.651877909898757935e-01
0.000000000000000000e+00,1.676652282476425171e-01
0.000000000000000000e+00,2.455804795026779175e-01
0.000000000000000000e+00,1.817027479410171509e-01
0.000000000000000000e+00,1.561637520790100098e-01
0.000000000000000000e+00,1.722845435142517090e-01
0.000000000000000000e+00,1.605536639690399170e-01
0.000000000000000000e+00,1.509280055761337280e-01
0.000000000000000000e+00,1.617576181888580322e-01
0.000000000000000000e+00,1.461964845657348633e-01
0.000000000000000000e+00,2.246750593185424805e-01
0.000000000000000000e+00,1.665842831134796143e-01
0.000000000000000000e+00,1.511073261499404907e-01
0.000000000000000000e+00,1.954606026411056519e-01
0.000000000000000000e+00,1.367287635803222656e-01
0.000000000000000000e+00,1.574370712041854858e-01
0.000000000000000000e+00,1.541140824556350708e-01
0.000000000000000000e+00,1.698847711086273193e-01
0.000000000000000000e+00,1.852312684059143066e-01
0.000000000000000000e+00,1.518640220165252686e-01
0.000000000000000000e+00,1.269139051437377930e-01
0.000000000000000000e+00,1.551507711410522461e-01
0.000000000000000000e+00,2.003791481256484985e-01
0.000000000000000000e+00,1.481740027666091919e-01
0.000000000000000000e+00,1.812246590852737427e-01
0.000000000000000000e+00,1.711312830448150635e-01
0.000000000000000000e+00,1.480715572834014893e-01
0.000000000000000000e+00,1.501023620367050171e-01
0.000000000000000000e+00,1.549610644578933716e-01
0.000000000000000000e+00,1.555711776018142700e-01
0.000000000000000000e+00,1.457601934671401978e-01
0.000000000000000000e+00,1.626676917076110840e-01
0.000000000000000000e+00,2.183588147163391113e-01
0.000000000000000000e+00,1.759552955627441406e-01
0.000000000000000000e+00,1.818407475948333740e-01
0.000000000000000000e+00,1.961048543453216553e-01
0.000000000000000000e+00,2.466213703155517578e-01
0.000000000000000000e+00,1.351918876171112061e-01
0.000000000000000000e+00,1.306735426187515259e-01
0.000000000000000000e+00,1.500183790922164917e-01
0.000000000000000000e+00,1.710460335016250610e-01
0.000000000000000000e+00,1.661733686923980713e-01
0.000000000000000000e+00,1.635902822017669678e-01
0.000000000000000000e+00,1.347438395023345947e-01
0.000000000000000000e+00,1.461059749126434326e-01
0.000000000000000000e+00,1.396311074495315552e-01
0.000000000000000000e+00,1.818360388278961182e-01
0.000000000000000000e+00,1.988017559051513672e-01
0.000000000000000000e+00,1.397493481636047363e-01
0.000000000000000000e+00,1.396016180515289307e-01
0.000000000000000000e+00,1.629011332988739014e-01
0.000000000000000000e+00,1.597157269716262817e-01
0.000000000000000000e+00,1.610328853130340576e-01
0.000000000000000000e+00,1.871976852416992188e-01
0.000000000000000000e+00,1.625143140554428101e-01
0.000000000000000000e+00,1.543120890855789185e-01
0.000000000000000000e+00,1.550595313310623169e-01
0.000000000000000000e+00,1.707039326429367065e-01
0.000000000000000000e+00,3.221917748451232910e-01
0.000000000000000000e+00,1.493970602750778198e-01
0.000000000000000000e+00,1.496625989675521851e-01
0.000000000000000000e+00,1.938148140907287598e-01
0.000000000000000000e+00,1.549504101276397705e-01
0.000000000000000000e+00,1.774705350399017334e-01
0.000000000000000000e+00,1.510746777057647705e-01
0.000000000000000000e+00,1.813578456640243530e-01
0.000000000000000000e+00,1.650936752557754517e-01
0.000000000000000000e+00,1.693335324525833130e-01
0.000000000000000000e+00,1.701020151376724243e-01
0.000000000000000000e+00,1.882538646459579468e-01
0.000000000000000000e+00,1.393726319074630737e-01
0.000000000000000000e+00,1.681223511695861816e-01
0.000000000000000000e+00,1.426124572753906250e-01
0.000000000000000000e+00,1.567242890596389771e-01
0.000000000000000000e+00,1.904972344636917114e-01
0.000000000000000000e+00,1.464135050773620605e-01
0.000000000000000000e+00,1.363373547792434692e-01
0.000000000000000000e+00,1.578021347522735596e-01
0.000000000000000000e+00,1.547875255346298218e-01
0.000000000000000000e+00,1.598331332206726074e-01
0.000000000000000000e+00,1.749947816133499146e-01
0.000000000000000000e+00,1.968544721603393555e-01
0.000000000000000000e+00,2.165106236934661865e-01
0.000000000000000000e+00,1.654985249042510986e-01
0.000000000000000000e+00,1.828824728727340698e-01
0.000000000000000000e+00,1.538513153791427612e-01
0.000000000000000000e+00,1.405725777149200439e-01
0.000000000000000000e+00,1.597515344619750977e-01
0.000000000000000000e+00,1.357246339321136475e-01
0.000000000000000000e+00,1.585735380649566650e-01
0.000000000000000000e+00,1.510468274354934692e-01
0.000000000000000000e+00,2.196635454893112183e-01
0.000000000000000000e+00,1.668044626712799072e-01
0.000000000000000000e+00,1.716237664222717285e-01
0.000000000000000000e+00,2.144174128770828247e-01
0.000000000000000000e+00,1.627847999334335327e-01
0.000000000000000000e+00,1.746941506862640381e-01
0.000000000000000000e+00,1.505870372056961060e-01
0.000000000000000000e+00,1.733996421098709106e-01
0.000000000000000000e+00,1.567852497100830078e-01
0.000000000000000000e+00,2.175165414810180664e-01
0.000000000000000000e+00,1.942159086465835571e-01
0.000000000000000000e+00,2.231996059417724609e-01
0.000000000000000000e+00,2.169272303581237793e-01
0.000000000000000000e+00,1.619476079940795898e-01
0.000000000000000000e+00,1.588356345891952515e-01
0.000000000000000000e+00,1.688770800828933716e-01
0.000000000000000000e+00,1.705489754676818848e-01
0.000000000000000000e+00,1.607859581708908081e-01
0.000000000000000000e+00,1.369461864233016968e-01
0.000000000000000000e+00,1.617148518562316895e-01
0.000000000000000000e+00,1.485868692398071289e-01
0.000000000000000000e+00,1.470144987106323242e-01
0.000000000000000000e+00,1.930354386568069458e-01
0.000000000000000000e+00,1.897150576114654541e-01
0.000000000000000000e+00,1.445364356040954590e-01
0.000000000000000000e+00,1.565605103969573975e-01
0.000000000000000000e+00,1.445452868938446045e-01
0.000000000000000000e+00,1.622065603733062744e-01
0.000000000000000000e+00,1.806821227073669434e-01
0.000000000000000000e+00,1.650325804948806763e-01
0.000000000000000000e+00,1.520103663206100464e-01
0.000000000000000000e+00,1.362523883581161499e-01
0.000000000000000000e+00,1.735180318355560303e-01
0.000000000000000000e+00,2.215887159109115601e-01
0.000000000000000000e+00,1.636173427104949951e-01
0.000000000000000000e+00,1.786146908998489380e-01
0.000000000000000000e+00,1.796592026948928833e-01
0.000000000000000000e+00,1.582733094692230225e-01
0.000000000000000000e+00,1.599227339029312134e-01
0.000000000000000000e+00,1.459520012140274048e-01
0.000000000000000000e+00,1.666760742664337158e-01
0.000000000000000000e+00,1.763449609279632568e-01
0.000000000000000000e+00,1.599571853876113892e-01
0.000000000000000000e+00,1.596733629703521729e-01
0.000000000000000000e+00,1.691573560237884521e-01
0.000000000000000000e+00,1.527798920869827271e-01
0.000000000000000000e+00,1.674656867980957031e-01
0.000000000000000000e+00,1.638531535863876343e-01
0.000000000000000000e+00,2.087797224521636963e-01
0.000000000000000000e+00,1.513173878192901611e-01
0.000000000000000000e+00,1.635198593139648438e-01
0.000000000000000000e+00,1.357426047325134277e-01
0.000000000000000000e+00,2.226527929306030273e-01
0.000000000000000000e+00,2.135317027568817139e-01
0.000000000000000000e+00,1.895480453968048096e-01
0.000000000000000000e+00,2.075252532958984375e-01
0.000000000000000000e+00,1.637612730264663696e-01
0.000000000000000000e+00,3.272868096828460693e-01
0.000000000000000000e+00,1.622994244098663330e-01
0.000000000000000000e+00,1.752279549837112427e-01
0.000000000000000000e+00,2.348759770393371582e-01
0.000000000000000000e+00,1.610325872898101807e-01
0.000000000000000000e+00,1.689063161611557007e-01
0.000000000000000000e+00,1.921078264713287354e-01
0.000000000000000000e+00,2.351928055286407471e-01
0.000000000000000000e+00,1.821125298738479614e-01
0.000000000000000000e+00,1.932646036148071289e-01
0.000000000000000000e+00,1.864733397960662842e-01
0.000000000000000000e+00,1.640210896730422974e-01
0.000000000000000000e+00,1.639286577701568604e-01
0.000000000000000000e+00,2.029639631509780884e-01
0.000000000000000000e+00,2.185199856758117676e-01
0.000000000000000000e+00,1.907025277614593506e-01
0.000000000000000000e+00,1.768005788326263428e-01
0.000000000000000000e+00,1.734276115894317627e-01
0.000000000000000000e+00,1.998394429683685303e-01
0.000000000000000000e+00,1.866328418254852295e-01
0.000000000000000000e+00,1.961226463317871094e-01
0.000000000000000000e+00,1.680606901645660400e-01
0.000000000000000000e+00,1.785550564527511597e-01
0.000000000000000000e+00,1.886244863271713257e-01
0.000000000000000000e+00,1.901075094938278198e-01
0.000000000000000000e+00,1.531592905521392822e-01
0.000000000000000000e+00,1.791669577360153198e-01
0.000000000000000000e+00,1.872177720069885254e-01
0.000000000000000000e+00,1.831680834293365479e-01
0.000000000000000000e+00,3.144931197166442871e-01
0.000000000000000000e+00,3.224363625049591064e-01
0.000000000000000000e+00,2.365452200174331665e-01
0.000000000000000000e+00,1.558501720428466797e-01
0.000000000000000000e+00,2.125472128391265869e-01
0.000000000000000000e+00,1.701604723930358887e-01
0.000000000000000000e+00,2.468560189008712769e-01
0.000000000000000000e+00,2.149814963340759277e-01
0.000000000000000000e+00,3.305983543395996094e-01
0.000000000000000000e+00,1.848827004432678223e-01
0.000000000000000000e+00,1.798498779535293579e-01
0.000000000000000000e+00,1.441826522350311279e-01
0.000000000000000000e+00,2.145979255437850952e-01
0.000000000000000000e+00,3.390462100505828857e-01
0.000000000000000000e+00,2.690374851226806641e-01
0.000000000000000000e+00,2.255338579416275024e-01
0.000000000000000000e+00,2.042053937911987305e-01
0.000000000000000000e+00,2.135020345449447632e-01
0.000000000000000000e+00,1.658938378095626831e-01
0.000000000000000000e+00,1.895165294408798218e-01
0.000000000000000000e+00,1.706929802894592285e-01
0.000000000000000000e+00,1.623061895370483398e-01
0.000000000000000000e+00,1.396304816007614136e-01
0.000000000000000000e+00,1.356716305017471313e-01
0.000000000000000000e+00,1.525708436965942383e-01
0.000000000000000000e+00,2.624432444572448730e-01
0.000000000000000000e+00,1.220723018050193787e-01
0.000000000000000000e+00,1.726474761962890625e-01
0.000000000000000000e+00,1.519708484411239624e-01
0.000000000000000000e+00,1.762529760599136353e-01
0.000000000000000000e+00,1.651109904050827026e-01
0.000000000000000000e+00,1.679663360118865967e-01
0.000000000000000000e+00,1.634903997182846069e-01
0.000000000000000000e+00,1.487020850181579590e-01
0.000000000000000000e+00,1.620468944311141968e-01
0.000000000000000000e+00,1.747862994670867920e-01
0.000000000000000000e+00,2.064583748579025269e-01
0.000000000000000000e+00,1.943790316581726074e-01
0.000000000000000000e+00,2.226510643959045410e-01
0.000000000000000000e+00,1.722266674041748047e-01
0.000000000000000000e+00,1.321126669645309448e-01
0.000000000000000000e+00,1.354064643383026123e-01
0.000000000000000000e+00,1.707392632961273193e-01
0.000000000000000000e+00,1.514512449502944946e-01
0.000000000000000000e+00,1.500512212514877319e-01
0.000000000000000000e+00,1.439015567302703857e-01
0.000000000000000000e+00,1.391978710889816284e-01
0.000000000000000000e+00,1.956890821456909180e-01
0.000000000000000000e+00,1.248743236064910889e-01
0.000000000000000000e+00,1.522626131772994995e-01
0.000000000000000000e+00,1.306208372116088867e-01
0.000000000000000000e+00,1.633774042129516602e-01
0.000000000000000000e+00,1.374585032463073730e-01
0.000000000000000000e+00,1.322355866432189941e-01
0.000000000000000000e+00,1.408561915159225464e-01
0.000000000000000000e+00,1.405629813671112061e-01
0.000000000000000000e+00,1.665662974119186401e-01
0.000000000000000000e+00,1.505925208330154419e-01
0.000000000000000000e+00,1.539396941661834717e-01
0.000000000000000000e+00,1.435981690883636475e-01
0.000000000000000000e+00,1.297046840190887451e-01
0.000000000000000000e+00,1.603607237339019775e-01
0.000000000000000000e+00,1.481157243251800537e-01
0.000000000000000000e+00,1.641294807195663452e-01
0.000000000000000000e+00,1.540694534778594971e-01
0.000000000000000000e+00,1.414993852376937866e-01
0.000000000000000000e+00,1.246065050363540649e-01
0.000000000000000000e+00,1.476495414972305298e-01
0.000000000000000000e+00,1.329730004072189331e-01
0.000000000000000000e+00,1.619210690259933472e-01
0.000000000000000000e+00,1.474231481552124023e-01
0.000000000000000000e+00,1.505332887172698975e-01
0.000000000000000000e+00,1.353817135095596313e-01
0.000000000000000000e+00,1.738075911998748779e-01
0.000000000000000000e+00,1.486618220806121826e-01
0.000000000000000000e+00,1.697039604187011719e-01
0.000000000000000000e+00,1.570925861597061157e-01
0.000000000000000000e+00,1.408844441175460815e-01
0.000000000000000000e+00,1.331284791231155396e-01
0.000000000000000000e+00,1.433389931917190552e-01
0.000000000000000000e+00,2.610434293746948242e-01
0.000000000000000000e+00,1.557705402374267578e-01
0.000000000000000000e+00,1.242766976356506348e-01
0.000000000000000000e+00,2.059797197580337524e-01
0.000000000000000000e+00,2.347605824470520020e-01
0.000000000000000000e+00,1.988094747066497803e-01
0.000000000000000000e+00,3.763691186904907227e-01
0.000000000000000000e+00,1.837809979915618896e-01
0.000000000000000000e+00,1.495306491851806641e-01
0.000000000000000000e+00,1.624543070793151855e-01
0.000000000000000000e+00,1.723882257938385010e-01
0.000000000000000000e+00,1.493794769048690796e-01
0.000000000000000000e+00,1.786344200372695923e-01
0.000000000000000000e+00,1.973209381103515625e-01
0.000000000000000000e+00,1.965985447168350220e-01
0.000000000000000000e+00,2.018346339464187622e-01
0.000000000000000000e+00,1.693885773420333862e-01
0.000000000000000000e+00,1.758370399475097656e-01
0.000000000000000000e+00,1.639885306358337402e-01
0.000000000000000000e+00,1.597187817096710205e-01
0.000000000000000000e+00,1.570939719676971436e-01
0.000000000000000000e+00,1.898280382156372070e-01
0.000000000000000000e+00,1.613101512193679810e-01
0.000000000000000000e+00,1.842184066772460938e-01
0.000000000000000000e+00,1.518397629261016846e-01
0.000000000000000000e+00,1.638295203447341919e-01
0.000000000000000000e+00,1.787488460540771484e-01
0.000000000000000000e+00,1.792210340499877930e-01
0.000000000000000000e+00,1.814607530832290649e-01
0.000000000000000000e+00,1.496863663196563721e-01
0.000000000000000000e+00,1.451134085655212402e-01
0.000000000000000000e+00,1.949405968189239502e-01
0.000000000000000000e+00,1.982735693454742432e-01
0.000000000000000000e+00,2.132160663604736328e-01
0.000000000000000000e+00,1.944980919361114502e-01
0.000000000000000000e+00,1.728037446737289429e-01
0.000000000000000000e+00,1.290233284235000610e-01
0.000000000000000000e+00,1.541551649570465088e-01
0.000000000000000000e+00,1.623392403125762939e-01
0.000000000000000000e+00,1.810431927442550659e-01
0.000000000000000000e+00,1.559918969869613647e-01
0.000000000000000000e+00,1.630023568868637085e-01
0.000000000000000000e+00,1.888157576322555542e-01
0.000000000000000000e+00,2.068192064762115479e-01
0.000000000000000000e+00,3.544917404651641846e-01
0.000000000000000000e+00,2.875943779945373535e-01
0.000000000000000000e+00,3.408690392971038818e-01
0.000000000000000000e+00,3.673470914363861084e-01
0.000000000000000000e+00,1.941090673208236694e-01
0.000000000000000000e+00,1.734714657068252563e-01
0.000000000000000000e+00,1.689102947711944580e-01
0.000000000000000000e+00,1.574737429618835449e-01
0.000000000000000000e+00,1.584382355213165283e-01
0.000000000000000000e+00,1.650642156600952148e-01
0.000000000000000000e+00,1.762159764766693115e-01
0.000000000000000000e+00,1.733694970607757568e-01
0.000000000000000000e+00,1.509149223566055298e-01
0.000000000000000000e+00,1.770019829273223877e-01
0.000000000000000000e+00,1.520318090915679932e-01
0.000000000000000000e+00,1.625463962554931641e-01
0.000000000000000000e+00,1.611051857471466064e-01
0.000000000000000000e+00,1.821429580450057983e-01
0.000000000000000000e+00,1.385903507471084595e-01
0.000000000000000000e+00,1.407724469900131226e-01
0.000000000000000000e+00,1.532110720872879028e-01
0.000000000000000000e+00,1.564199328422546387e-01
0.000000000000000000e+00,1.455596387386322021e-01
0.000000000000000000e+00,2.137580662965774536e-01
0.000000000000000000e+00,1.522152572870254517e-01
0.000000000000000000e+00,2.205102741718292236e-01
0.000000000000000000e+00,2.024022340774536133e-01
0.000000000000000000e+00,2.033321559429168701e-01
0.000000000000000000e+00,1.505771279335021973e-01
0.000000000000000000e+00,1.837763935327529907e-01
0.000000000000000000e+00,1.491866111755371094e-01
0.000000000000000000e+00,1.844339668750762939e-01
0.000000000000000000e+00,1.621004194021224976e-01
0.000000000000000000e+00,1.588959246873855591e-01
0.000000000000000000e+00,2.252685576677322388e-01
0.000000000000000000e+00,1.720779240131378174e-01
0.000000000000000000e+00,2.043949961662292480e-01
0.000000000000000000e+00,1.861147135496139526e-01
0.000000000000000000e+00,2.429507076740264893e-01
0.000000000000000000e+00,1.907156705856323242e-01
0.000000000000000000e+00,1.593629121780395508e-01
0.000000000000000000e+00,1.417195200920104980e-01
0.000000000000000000e+00,2.076000869274139404e-01
0.000000000000000000e+00,2.034821957349777222e-01
0.000000000000000000e+00,1.631757766008377075e-01
0.000000000000000000e+00,1.765338182449340820e-01
0.000000000000000000e+00,1.932707130908966064e-01
0.000000000000000000e+00,1.629364639520645142e-01
0.000000000000000000e+00,1.723519414663314819e-01
0.000000000000000000e+00,2.093719691038131714e-01
0.000000000000000000e+00,2.295254766941070557e-01
0.000000000000000000e+00,3.792237341403961182e-01
0.000000000000000000e+00,1.660691797733306885e-01
0.000000000000000000e+00,1.756911426782608032e-01
0.000000000000000000e+00,1.437910497188568115e-01
0.000000000000000000e+00,1.977215260267257690e-01
0.000000000000000000e+00,1.786117553710937500e-01
0.000000000000000000e+00,1.922832429409027100e-01
0.000000000000000000e+00,2.325269579887390137e-01
0.000000000000000000e+00,1.515073478221893311e-01
0.000000000000000000e+00,1.820352226495742798e-01
0.000000000000000000e+00,1.695562452077865601e-01
0.000000000000000000e+00,1.534874290227890015e-01
0.000000000000000000e+00,1.415867805480957031e-01
0.000000000000000000e+00,1.786423921585083008e-01
0.000000000000000000e+00,1.736315041780471802e-01
0.000000000000000000e+00,1.532387584447860718e-01
0.000000000000000000e+00,2.095382511615753174e-01
0.000000000000000000e+00,1.722041666507720947e-01
0.000000000000000000e+00,1.574613302946090698e-01
0.000000000000000000e+00,1.440186649560928345e-01
0.000000000000000000e+00,1.373307108879089355e-01
0.000000000000000000e+00,1.726331561803817749e-01
0.000000000000000000e+00,1.725997179746627808e-01
0.000000000000000000e+00,2.277936935424804688e-01
0.000000000000000000e+00,2.357436865568161011e-01
0.000000000000000000e+00,1.656288802623748779e-01
0.000000000000000000e+00,2.224430739879608154e-01
0.000000000000000000e+00,2.554777860641479492e-01
0.000000000000000000e+00,1.998795419931411743e-01
0.000000000000000000e+00,1.950389146804809570e-01
0.000000000000000000e+00,1.789543181657791138e-01
0.000000000000000000e+00,1.661064475774765015e-01
0.000000000000000000e+00,2.159801125526428223e-01
0.000000000000000000e+00,1.892590522766113281e-01
0.000000000000000000e+00,1.653766781091690063e-01
0.000000000000000000e+00,1.740313023328781128e-01
0.000000000000000000e+00,2.106950134038925171e-01
0.000000000000000000e+00,1.673924624919891357e-01
0.000000000000000000e+00,1.806322038173675537e-01
0.000000000000000000e+00,1.817414164543151855e-01
0.000000000000000000e+00,1.703038811683654785e-01
0.000000000000000000e+00,1.828217357397079468e-01
0.000000000000000000e+00,2.558130025863647461e-01
0.000000000000000000e+00,2.016595005989074707e-01
0.000000000000000000e+00,1.959321051836013794e-01
0.000000000000000000e+00,1.545693874359130859e-01
0.000000000000000000e+00,1.654790341854095459e-01
0.000000000000000000e+00,2.204358726739883423e-01
0.000000000000000000e+00,2.201523631811141968e-01
0.000000000000000000e+00,1.729558706283569336e-01
0.000000000000000000e+00,1.733083128929138184e-01
0.000000000000000000e+00,1.635636389255523682e-01
0.000000000000000000e+00,1.673214584589004517e-01
0.000000000000000000e+00,1.898684948682785034e-01
0.000000000000000000e+00,2.021396458148956299e-01
0.000000000000000000e+00,2.362022399902343750e-01
0.000000000000000000e+00,1.967287659645080566e-01
0.000000000000000000e+00,1.571529209613800049e-01
0.000000000000000000e+00,1.740290075540542603e-01
0.000000000000000000e+00,1.821953952312469482e-01
0.000000000000000000e+00,1.492833644151687622e-01
0.000000000000000000e+00,1.794175952672958374e-01
0.000000000000000000e+00,3.114269971847534180e-01
0.000000000000000000e+00,1.475580781698226929e-01
0.000000000000000000e+00,1.691646426916122437e-01
0.000000000000000000e+00,1.843738853931427002e-01
0.000000000000000000e+00,1.381088495254516602e-01
0.000000000000000000e+00,1.611773222684860229e-01
0.000000000000000000e+00,1.692096889019012451e-01
0.000000000000000000e+00,1.686687469482421875e-01
0.000000000000000000e+00,1.337257474660873413e-01
0.000000000000000000e+00,1.779720485210418701e-01
0.000000000000000000e+00,1.826785504817962646e-01
0.000000000000000000e+00,1.478357613086700439e-01
0.000000000000000000e+00,1.777717471122741699e-01
0.000000000000000000e+00,1.477854251861572266e-01
0.000000000000000000e+00,1.702801585197448730e-01
0.000000000000000000e+00,1.706568449735641479e-01
0.000000000000000000e+00,1.585698425769805908e-01
0.000000000000000000e+00,1.678881645202636719e-01
0.000000000000000000e+00,1.664095073938369751e-01
0.000000000000000000e+00,1.341411620378494263e-01
0.000000000000000000e+00,1.619107127189636230e-01
0.000000000000000000e+00,1.780581772327423096e-01
0.000000000000000000e+00,1.764487326145172119e-01
0.000000000000000000e+00,2.176845967769622803e-01
0.000000000000000000e+00,1.444617509841918945e-01
0.000000000000000000e+00,1.412223875522613525e-01
0.000000000000000000e+00,1.625180393457412720e-01
0.000000000000000000e+00,1.407933235168457031e-01
0.000000000000000000e+00,1.378377825021743774e-01
0.000000000000000000e+00,1.312070339918136597e-01
0.000000000000000000e+00,1.830769181251525879e-01
0.000000000000000000e+00,1.374099850654602051e-01
0.000000000000000000e+00,2.085420787334442139e-01
0.000000000000000000e+00,1.694645136594772339e-01
0.000000000000000000e+00,1.227978318929672241e-01
0.000000000000000000e+00,1.439423263072967529e-01
0.000000000000000000e+00,1.331235915422439575e-01
0.000000000000000000e+00,1.467801779508590698e-01
0.000000000000000000e+00,1.580294221639633179e-01
0.000000000000000000e+00,1.528070271015167236e-01
0.000000000000000000e+00,2.024667263031005859e-01
0.000000000000000000e+00,1.747963428497314453e-01
0.000000000000000000e+00,1.705560088157653809e-01
0.000000000000000000e+00,1.820049285888671875e-01
0.000000000000000000e+00,1.971345245838165283e-01
0.000000000000000000e+00,1.834067702293395996e-01
0.000000000000000000e+00,1.762633621692657471e-01
0.000000000000000000e+00,1.791926473379135132e-01
0.000000000000000000e+00,1.797243803739547729e-01
0.000000000000000000e+00,1.525493264198303223e-01
0.000000000000000000e+00,1.892396807670593262e-01
0.000000000000000000e+00,2.525727748870849609e-01
0.000000000000000000e+00,1.713142842054367065e-01
0.000000000000000000e+00,2.427448928356170654e-01
0.000000000000000000e+00,1.927606761455535889e-01
0.000000000000000000e+00,2.225276529788970947e-01
0.000000000000000000e+00,1.873091906309127808e-01
0.000000000000000000e+00,1.782275587320327759e-01
0.000000000000000000e+00,1.463443040847778320e-01
0.000000000000000000e+00,2.130137681961059570e-01
0.000000000000000000e+00,3.415158987045288086e-01
0.000000000000000000e+00,2.243863940238952637e-01
0.000000000000000000e+00,2.279869168996810913e-01
0.000000000000000000e+00,1.753032356500625610e-01
0.000000000000000000e+00,1.659625768661499023e-01
1.000000000000000000e+00,4.155921339988708496e-01
1.000000000000000000e+00,4.512212872505187988e-01
1.000000000000000000e+00,5.213056802749633789e-01
1.000000000000000000e+00,4.058015942573547363e-01
1.000000000000000000e+00,4.047271013259887695e-01
1.000000000000000000e+00,4.699977636337280273e-01
1.000000000000000000e+00,4.208992123603820801e-01
1.000000000000000000e+00,4.072706699371337891e-01
1.000000000000000000e+00,4.559422433376312256e-01
1.000000000000000000e+00,4.371051788330078125e-01
1.000000000000000000e+00,4.644959270954132080e-01
1.000000000000000000e+00,4.026245772838592529e-01
1.000000000000000000e+00,4.715408384799957275e-01
1.000000000000000000e+00,4.297257065773010254e-01
1.000000000000000000e+00,3.643169403076171875e-01
1.000000000000000000e+00,4.124009311199188232e-01
1.000000000000000000e+00,4.209074378013610840e-01
1.000000000000000000e+00,3.621826767921447754e-01
1.000000000000000000e+00,4.341925084590911865e-01
1.000000000000000000e+00,3.673340678215026855e-01
1.000000000000000000e+00,4.500282406806945801e-01
1.000000000000000000e+00,4.227565526962280273e-01
1.000000000000000000e+00,4.180189371109008789e-01
1.000000000000000000e+00,4.418472647666931152e-01
1.000000000000000000e+00,5.318159461021423340e-01
1.000000000000000000e+00,4.216970503330230713e-01
1.000000000000000000e+00,4.476947188377380371e-01
1.000000000000000000e+00,4.598311781883239746e-01
1.000000000000000000e+00,4.045803546905517578e-01
1.000000000000000000e+00,5.062540769577026367e-01
1.000000000000000000e+00,4.458013176918029785e-01
1.000000000000000000e+00,4.040864109992980957e-01
1.000000000000000000e+00,4.420972466468811035e-01
1.000000000000000000e+00,3.684163987636566162e-01
1.000000000000000000e+00,4.638487398624420166e-01
1.000000000000000000e+00,3.750861287117004395e-01
1.000000000000000000e+00,4.219819307327270508e-01
1.000000000000000000e+00,4.360205531120300293e-01
1.000000000000000000e+00,3.540937304496765137e-01
1.000000000000000000e+00,4.010531604290008545e-01
1.000000000000000000e+00,4.322441816329956055e-01
1.000000000000000000e+00,4.963698387145996094e-01
1.000000000000000000e+00,4.062470197677612305e-01
1.000000000000000000e+00,4.511886835098266602e-01
1.000000000000000000e+00,3.407735824584960938e-01
1.000000000000000000e+00,3.808016180992126465e-01
1.000000000000000000e+00,4.081113934516906738e-01
1.000000000000000000e+00,4.294212162494659424e-01
1.000000000000000000e+00,4.082170128822326660e-01
1.000000000000000000e+00,4.418197274208068848e-01
1.000000000000000000e+00,3.780710399150848389e-01
1.000000000000000000e+00,4.264160394668579102e-01
1.000000000000000000e+00,4.224810302257537842e-01
1.000000000000000000e+00,4.863941073417663574e-01
1.000000000000000000e+00,4.167969822883605957e-01
1.000000000000000000e+00,4.109792113304138184e-01
1.000000000000000000e+00,4.182898998260498047e-01
1.000000000000000000e+00,4.066497385501861572e-01
1.000000000000000000e+00,3.100103735923767090e-01
1.000000000000000000e+00,4.747737348079681396e-01
1.000000000000000000e+00,4.953786134719848633e-01
1.000000000000000000e+00,4.667987227439880371e-01
1.000000000000000000e+00,4.264102578163146973e-01
1.000000000000000000e+00,4.737181663513183594e-01
1.000000000000000000e+00,4.768519401550292969e-01
1.000000000000000000e+00,3.581496179103851318e-01
1.000000000000000000e+00,4.134770631790161133e-01
1.000000000000000000e+00,3.836989998817443848e-01
1.000000000000000000e+00,4.066137075424194336e-01
1.000000000000000000e+00,3.610779345035552979e-01
1.000000000000000000e+00,4.659675657749176025e-01
1.000000000000000000e+00,4.686171412467956543e-01
1.000000000000000000e+00,3.355603814125061035e-01
1.000000000000000000e+00,4.578791260719299316e-01
1.000000000000000000e+00,4.362820386886596680e-01
1.000000000000000000e+00,4.021709263324737549e-01
1.000000000000000000e+00,3.868942856788635254e-01
1.000000000000000000e+00,4.612785279750823975e-01
1.000000000000000000e+00,4.324433207511901855e-01
1.000000000000000000e+00,4.291292428970336914e-01
1.000000000000000000e+00,3.801347613334655762e-01
1.000000000000000000e+00,4.108955264091491699e-01
1.000000000000000000e+00,5.046566128730773926e-01
1.000000000000000000e+00,4.449976682662963867e-01
1.000000000000000000e+00,4.510796070098876953e-01
1.000000000000000000e+00,4.608457088470458984e-01
1.000000000000000000e+00,4.202153980731964111e-01
1.000000000000000000e+00,4.558418989181518555e-01
1.000000000000000000e+00,4.894439876079559326e-01
1.000000000000000000e+00,4.522618949413299561e-01
1.000000000000000000e+00,4.094824194908142090e-01
1.000000000000000000e+00,5.117384195327758789e-01
1.000000000000000000e+00,3.714671134948730469e-01
1.000000000000000000e+00,4.426929950714111328e-01
1.000000000000000000e+00,4.483777284622192383e-01
1.000000000000000000e+00,4.595145583152770996e-01
1.000000000000000000e+00,4.555058181285858154e-01
1.000000000000000000e+00,4.582424759864807129e-01
1.000000000000000000e+00,4.223729372024536133e-01
1.000000000000000000e+00,4.837954044342041016e-01
1.000000000000000000e+00,3.767886757850646973e-01
1.000000000000000000e+00,4.320777356624603271e-01
1.000000000000000000e+00,3.757689595222473145e-01
1.000000000000000000e+00,4.757502079010009766e-01
1.000000000000000000e+00,4.277864992618560791e-01
1.000000000000000000e+00,4.751537442207336426e-01
1.000000000000000000e+00,4.654407501220703125e-01
1.000000000000000000e+00,4.247221052646636963e-01
1.000000000000000000e+00,5.008943080902099609e-01
1.000000000000000000e+00,4.316255450248718262e-01
1.000000000000000000e+00,4.929422438144683838e-01
1.000000000000000000e+00,5.099856853485107422e-01
1.000000000000000000e+00,4.427986443042755127e-01
1.000000000000000000e+00,4.753959178924560547e-01
1.000000000000000000e+00,4.601445496082305908e-01
1.000000000000000000e+00,4.409593045711517334e-01
1.000000000000000000e+00,4.002624750137329102e-01
1.000000000000000000e+00,4.011397361755371094e-01
1.000000000000000000e+00,4.020767807960510254e-01
1.000000000000000000e+00,3.966918289661407471e-01
1.000000000000000000e+00,4.311605095863342285e-01
1.000000000000000000e+00,3.590852022171020508e-01
1.000000000000000000e+00,3.637870550155639648e-01
1.000000000000000000e+00,4.590602815151214600e-01
1.000000000000000000e+00,4.293377399444580078e-01
1.000000000000000000e+00,3.024303615093231201e-01
1.000000000000000000e+00,4.137397408485412598e-01
1.000000000000000000e+00,4.228017926216125488e-01
1.000000000000000000e+00,4.348688125610351562e-01
1.000000000000000000e+00,4.512145519256591797e-01
1.000000000000000000e+00,4.883544147014617920e-01
1.000000000000000000e+00,4.696187973022460938e-01
1.000000000000000000e+00,4.581044912338256836e-01
1.000000000000000000e+00,4.250776171684265137e-01
1.000000000000000000e+00,4.482875466346740723e-01
1.000000000000000000e+00,4.576715230941772461e-01
1.000000000000000000e+00,3.576390445232391357e-01
1.000000000000000000e+00,4.398745596408843994e-01
1.000000000000000000e+00,4.235031902790069580e-01
1.000000000000000000e+00,3.927147388458251953e-01
1.000000000000000000e+00,3.648205995559692383e-01
1.000000000000000000e+00,4.486035704612731934e-01
1.000000000000000000e+00,4.017289876937866211e-01
1.000000000000000000e+00,4.526968002319335938e-01
1.000000000000000000e+00,3.468302488327026367e-01
1.000000000000000000e+00,4.299069643020629883e-01
1.000000000000000000e+00,4.750914275646209717e-01
1.000000000000000000e+00,4.170008301734924316e-01
1.000000000000000000e+00,4.282307922840118408e-01
1.000000000000000000e+00,4.979915618896484375e-01
1.000000000000000000e+00,4.983246326446533203e-01
1.000000000000000000e+00,3.884514570236206055e-01
1.000000000000000000e+00,4.278964698314666748e-01
1.000000000000000000e+00,3.582942485809326172e-01
1.000000000000000000e+00,4.112867414951324463e-01
1.000000000000000000e+00,4.285107254981994629e-01
1.000000000000000000e+00,4.059810042381286621e-01
1.000000000000000000e+00,4.542641639709472656e-01
1.000000000000000000e+00,3.769546747207641602e-01
1.000000000000000000e+00,3.512791991233825684e-01
1.000000000000000000e+00,4.115629494190216064e-01
1.000000000000000000e+00,4.306405782699584961e-01
1.000000000000000000e+00,4.361264109611511230e-01
1.000000000000000000e+00,3.825854659080505371e-01
1.000000000000000000e+00,4.274083673954010010e-01
1.000000000000000000e+00,4.400095641613006592e-01
1.000000000000000000e+00,3.922455012798309326e-01
1.000000000000000000e+00,4.604673087596893311e-01
1.000000000000000000e+00,4.324160814285278320e-01
1.000000000000000000e+00,4.414740502834320068e-01
1.000000000000000000e+00,4.967589378356933594e-01
1.000000000000000000e+00,4.467919766902923584e-01
1.000000000000000000e+00,4.529322981834411621e-01
1.000000000000000000e+00,4.400775134563446045e-01
1.000000000000000000e+00,3.462482392787933350e-01
1.000000000000000000e+00,4.866504073143005371e-01
1.000000000000000000e+00,3.781124651432037354e-01
1.000000000000000000e+00,4.317780137062072754e-01
1.000000000000000000e+00,4.731655716896057129e-01
1.000000000000000000e+00,4.415295720100402832e-01
1.000000000000000000e+00,3.733351528644561768e-01
1.000000000000000000e+00,3.584981560707092285e-01
1.000000000000000000e+00,3.882695734500885010e-01
1.000000000000000000e+00,4.777608215808868408e-01
1.000000000000000000e+00,4.236613810062408447e-01
1.000000000000000000e+00,4.384697675704956055e-01
1.000000000000000000e+00,4.581985473632812500e-01
1.000000000000000000e+00,4.473899602890014648e-01
1.000000000000000000e+00,4.698812365531921387e-01
1.000000000000000000e+00,4.481884837150573730e-01
1.000000000000000000e+00,4.187707304954528809e-01
1.000000000000000000e+00,3.761592507362365723e-01
1.000000000000000000e+00,4.073072075843811035e-01
1.000000000000000000e+00,5.509443879127502441e-01
1.000000000000000000e+00,3.945521712303161621e-01
1.000000000000000000e+00,4.421948790550231934e-01
1.000000000000000000e+00,5.318584442138671875e-01
1.000000000000000000e+00,4.464094042778015137e-01
1.000000000000000000e+00,4.225129187107086182e-01
1.000000000000000000e+00,4.680331349372863770e-01
1.000000000000000000e+00,4.153349399566650391e-01
1.000000000000000000e+00,4.414628744125366211e-01
1.000000000000000000e+00,4.414333105087280273e-01
1.000000000000000000e+00,3.664779365062713623e-01
1.000000000000000000e+00,4.725025892257690430e-01
1.000000000000000000e+00,4.572516679763793945e-01
1.000000000000000000e+00,4.188802838325500488e-01
1.000000000000000000e+00,4.310345947742462158e-01
1.000000000000000000e+00,4.451864957809448242e-01
1.000000000000000000e+00,4.221334457397460938e-01
1.000000000000000000e+00,5.048300027847290039e-01
1.000000000000000000e+00,4.588530659675598145e-01
1.000000000000000000e+00,4.370602667331695557e-01
1.000000000000000000e+00,3.899187445640563965e-01
1.000000000000000000e+00,5.525067448616027832e-01
1.000000000000000000e+00,4.084599018096923828e-01
1.000000000000000000e+00,5.271867513656616211e-01
1.000000000000000000e+00,4.145635962486267090e-01
1.000000000000000000e+00,4.141833186149597168e-01
1.000000000000000000e+00,4.022640287876129150e-01
1.000000000000000000e+00,4.659592211246490479e-01
1.000000000000000000e+00,5.122706890106201172e-01
1.000000000000000000e+00,4.860751628875732422e-01
1.000000000000000000e+00,4.793252348899841309e-01
1.000000000000000000e+00,4.379127025604248047e-01
1.000000000000000000e+00,3.628499507904052734e-01
1.000000000000000000e+00,3.729898333549499512e-01
1.000000000000000000e+00,3.974240422248840332e-01
1.000000000000000000e+00,3.995535373687744141e-01
1.000000000000000000e+00,4.676948785781860352e-01
1.000000000000000000e+00,3.915271162986755371e-01
1.000000000000000000e+00,4.059691131114959717e-01
1.000000000000000000e+00,4.142739474773406982e-01
1.000000000000000000e+00,4.320217967033386230e-01
1.000000000000000000e+00,4.447880983352661133e-01
1.000000000000000000e+00,4.866905212402343750e-01
1.000000000000000000e+00,3.981558978557586670e-01
1.000000000000000000e+00,4.486222863197326660e-01
1.000000000000000000e+00,5.015769600868225098e-01
1.000000000000000000e+00,4.336217641830444336e-01
1.000000000000000000e+00,4.333912730216979980e-01
1.000000000000000000e+00,4.361461699008941650e-01
1.000000000000000000e+00,4.373728334903717041e-01
1.000000000000000000e+00,3.830485343933105469e-01
1.000000000000000000e+00,4.395487308502197266e-01
1.000000000000000000e+00,4.638500213623046875e-01
1.000000000000000000e+00,4.123844504356384277e-01
1.000000000000000000e+00,3.507173359394073486e-01
1.000000000000000000e+00,4.187996983528137207e-01
1.000000000000000000e+00,4.100844264030456543e-01
1.000000000000000000e+00,4.288596808910369873e-01
1.000000000000000000e+00,3.741701841354370117e-01
1.000000000000000000e+00,4.609187841415405273e-01
1.000000000000000000e+00,4.574945867061614990e-01
1.000000000000000000e+00,4.300516247749328613e-01
1.000000000000000000e+00,5.540968179702758789e-01
1.000000000000000000e+00,4.557149410247802734e-01
1.000000000000000000e+00,4.515194594860076904e-01
1.000000000000000000e+00,4.294311702251434326e-01
1.000000000000000000e+00,4.253589510917663574e-01
1.000000000000000000e+00,3.550171256065368652e-01
1.000000000000000000e+00,4.092749357223510742e-01
1.000000000000000000e+00,4.247161448001861572e-01
1.000000000000000000e+00,5.299980640411376953e-01
1.000000000000000000e+00,3.789967298507690430e-01
1.000000000000000000e+00,4.075329899787902832e-01
1.000000000000000000e+00,3.955835402011871338e-01
1.000000000000000000e+00,3.739673197269439697e-01
1.000000000000000000e+00,3.772784173488616943e-01
1.000000000000000000e+00,3.561948537826538086e-01
1.000000000000000000e+00,4.456436038017272949e-01
1.000000000000000000e+00,4.024773538112640381e-01
1.000000000000000000e+00,4.151242971420288086e-01
1.000000000000000000e+00,4.245392084121704102e-01
1.000000000000000000e+00,4.245327115058898926e-01
1.000000000000000000e+00,4.125048816204071045e-01
1.000000000000000000e+00,4.683783650398254395e-01
1.000000000000000000e+00,3.823072910308837891e-01
1.000000000000000000e+00,4.801420271396636963e-01
1.000000000000000000e+00,4.074005186557769775e-01
1.000000000000000000e+00,3.673250675201416016e-01
1.000000000000000000e+00,5.179664492607116699e-01
1.000000000000000000e+00,4.454807341098785400e-01
1.000000000000000000e+00,4.875729084014892578e-01
1.000000000000000000e+00,3.899564146995544434e-01
1.000000000000000000e+00,4.139193594455718994e-01
1.000000000000000000e+00,3.755461871623992920e-01
1.000000000000000000e+00,3.938299417495727539e-01
1.000000000000000000e+00,4.026356339454650879e-01
1.000000000000000000e+00,4.531764388084411621e-01
1.000000000000000000e+00,4.466578960418701172e-01
1.000000000000000000e+00,5.522679686546325684e-01
1.000000000000000000e+00,4.636983871459960938e-01
1.000000000000000000e+00,4.026604294776916504e-01
1.000000000000000000e+00,4.102407395839691162e-01
1.000000000000000000e+00,4.447171986103057861e-01
1.000000000000000000e+00,4.589319229125976562e-01
1.000000000000000000e+00,4.253539443016052246e-01
1.000000000000000000e+00,4.248873293399810791e-01
1.000000000000000000e+00,4.450751245021820068e-01
1.000000000000000000e+00,4.504290819168090820e-01
1.000000000000000000e+00,4.313900768756866455e-01
1.000000000000000000e+00,4.381978511810302734e-01
1.000000000000000000e+00,4.941385984420776367e-01
1.000000000000000000e+00,5.472962260246276855e-01
1.000000000000000000e+00,4.276372790336608887e-01
1.000000000000000000e+00,4.936251342296600342e-01
1.000000000000000000e+00,4.357519745826721191e-01
1.000000000000000000e+00,4.670649766921997070e-01
1.000000000000000000e+00,4.429869055747985840e-01
1.000000000000000000e+00,4.680747389793395996e-01
1.000000000000000000e+00,4.869386553764343262e-01
1.000000000000000000e+00,4.470500349998474121e-01
1.000000000000000000e+00,4.118740856647491455e-01
1.000000000000000000e+00,5.443031787872314453e-01
1.000000000000000000e+00,4.822977781295776367e-01
1.000000000000000000e+00,4.690713286399841309e-01
1.000000000000000000e+00,4.640353024005889893e-01
1.000000000000000000e+00,5.100148916244506836e-01
1.000000000000000000e+00,5.070636868476867676e-01
1.000000000000000000e+00,5.545921325683593750e-01
1.000000000000000000e+00,4.702294170856475830e-01
1.000000000000000000e+00,4.464210867881774902e-01
1.000000000000000000e+00,4.392959475517272949e-01
1.000000000000000000e+00,4.272756576538085938e-01
1.000000000000000000e+00,3.783420324325561523e-01
1.000000000000000000e+00,5.002929568290710449e-01
1.000000000000000000e+00,4.189470708370208740e-01
1.000000000000000000e+00,4.590718746185302734e-01
1.000000000000000000e+00,4.231224656105041504e-01
1.000000000000000000e+00,3.824333548545837402e-01
1.000000000000000000e+00,4.155976474285125732e-01
1.000000000000000000e+00,3.886241316795349121e-01
1.000000000000000000e+00,4.477172791957855225e-01
1.000000000000000000e+00,3.536477982997894287e-01
1.000000000000000000e+00,5.572893619537353516e-01
1.000000000000000000e+00,4.226689040660858154e-01
1.000000000000000000e+00,3.848438858985900879e-01
1.000000000000000000e+00,4.609858989715576172e-01
1.000000000000000000e+00,3.581564426422119141e-01
1.000000000000000000e+00,5.500050187110900879e-01
1.000000000000000000e+00,4.572940766811370850e-01
1.000000000000000000e+00,4.179008305072784424e-01
1.000000000000000000e+00,4.452791810035705566e-01
1.000000000000000000e+00,3.405802249908447266e-01
1.000000000000000000e+00,4.207097291946411133e-01
1.000000000000000000e+00,4.206237792968750000e-01
1.000000000000000000e+00,4.406570196151733398e-01
1.000000000000000000e+00,3.911131024360656738e-01
1.000000000000000000e+00,4.007881283760070801e-01
1.000000000000000000e+00,5.447690486907958984e-01
1.000000000000000000e+00,3.680912554264068604e-01
1.000000000000000000e+00,3.934986889362335205e-01
1.000000000000000000e+00,4.302917718887329102e-01
1.000000000000000000e+00,3.762887120246887207e-01
1.000000000000000000e+00,3.950264155864715576e-01
1.000000000000000000e+00,3.678843080997467041e-01
1.000000000000000000e+00,4.086952209472656250e-01
1.000000000000000000e+00,3.102987706661224365e-01
1.000000000000000000e+00,3.907771110534667969e-01
1.000000000000000000e+00,3.942143023014068604e-01
1.000000000000000000e+00,4.811977744102478027e-01
1.000000000000000000e+00,3.768289089202880859e-01
1.000000000000000000e+00,3.845690190792083740e-01
1.000000000000000000e+00,3.748273849487304688e-01
1.000000000000000000e+00,4.256197512149810791e-01
1.000000000000000000e+00,4.214847683906555176e-01
1.000000000000000000e+00,3.699505925178527832e-01
1.000000000000000000e+00,4.601713418960571289e-01
1.000000000000000000e+00,3.433915972709655762e-01
1.000000000000000000e+00,3.842685818672180176e-01
1.000000000000000000e+00,4.898638725280761719e-01
1.000000000000000000e+00,4.502829313278198242e-01
1.000000000000000000e+00,3.934398293495178223e-01
1.000000000000000000e+00,4.452277421951293945e-01
1.000000000000000000e+00,4.337050318717956543e-01
1.000000000000000000e+00,4.011438488960266113e-01
1.000000000000000000e+00,4.458951056003570557e-01
1.000000000000000000e+00,4.239383935928344727e-01
1.000000000000000000e+00,3.739553987979888916e-01
1.000000000000000000e+00,3.746586441993713379e-01
1.000000000000000000e+00,3.652650713920593262e-01
1.000000000000000000e+00,4.071992337703704834e-01
1.000000000000000000e+00,4.604317545890808105e-01
1.000000000000000000e+00,4.201683998107910156e-01
1.000000000000000000e+00,4.386844038963317871e-01
1.000000000000000000e+00,3.874900341033935547e-01
1.000000000000000000e+00,4.247985184192657471e-01
1.000000000000000000e+00,3.546028137207031250e-01
1.000000000000000000e+00,4.086326956748962402e-01
1.000000000000000000e+00,3.972626328468322754e-01
1.000000000000000000e+00,4.047838449478149414e-01
1.000000000000000000e+00,4.175489842891693115e-01
1.000000000000000000e+00,4.232146441936492920e-01
1.000000000000000000e+00,5.481028556823730469e-01
1.000000000000000000e+00,4.043133258819580078e-01
1.000000000000000000e+00,4.668383598327636719e-01
1.000000000000000000e+00,4.106250107288360596e-01
1.000000000000000000e+00,3.805157840251922607e-01
1.000000000000000000e+00,3.480529189109802246e-01
1.000000000000000000e+00,4.183035492897033691e-01
1.000000000000000000e+00,4.416607916355133057e-01
1.000000000000000000e+00,4.079394936561584473e-01
1.000000000000000000e+00,3.985064625740051270e-01
1.000000000000000000e+00,4.720200598239898682e-01
1.000000000000000000e+00,4.065195918083190918e-01
1.000000000000000000e+00,4.856902360916137695e-01
1.000000000000000000e+00,4.913647770881652832e-01
1.000000000000000000e+00,4.284379482269287109e-01
1.000000000000000000e+00,3.726419508457183838e-01
1.000000000000000000e+00,4.427921772003173828e-01
1.000000000000000000e+00,3.704203069210052490e-01
1.000000000000000000e+00,3.942600488662719727e-01
1.000000000000000000e+00,4.550033211708068848e-01
1.000000000000000000e+00,4.769368469715118408e-01
1.000000000000000000e+00,3.791104555130004883e-01
1.000000000000000000e+00,4.645811021327972412e-01
1.000000000000000000e+00,4.596291184425354004e-01
1.000000000000000000e+00,3.850148916244506836e-01
1.000000000000000000e+00,3.897779881954193115e-01
1.000000000000000000e+00,4.087058901786804199e-01
1.000000000000000000e+00,3.738787174224853516e-01
1.000000000000000000e+00,3.739491701126098633e-01
1.000000000000000000e+00,4.377149641513824463e-01
1.000000000000000000e+00,3.267799317836761475e-01
1.000000000000000000e+00,4.228454232215881348e-01
1.000000000000000000e+00,4.447473287582397461e-01
1.000000000000000000e+00,3.793832063674926758e-01
1.000000000000000000e+00,4.517627358436584473e-01
1.000000000000000000e+00,4.127122163772583008e-01
1.000000000000000000e+00,4.288150668144226074e-01
1.000000000000000000e+00,4.380178749561309814e-01
1.000000000000000000e+00,4.203390777111053467e-01
1.000000000000000000e+00,4.101706147193908691e-01
1.000000000000000000e+00,4.334976077079772949e-01
1.000000000000000000e+00,3.696934580802917480e-01
1.000000000000000000e+00,4.156531393527984619e-01
1.000000000000000000e+00,3.608220219612121582e-01
1.000000000000000000e+00,4.291119575500488281e-01
1.000000000000000000e+00,4.660233557224273682e-01
1.000000000000000000e+00,3.824914395809173584e-01
1.000000000000000000e+00,3.630713820457458496e-01
1.000000000000000000e+00,4.175686836242675781e-01
1.000000000000000000e+00,4.341177940368652344e-01
1.000000000000000000e+00,4.812297821044921875e-01
1.000000000000000000e+00,3.889112770557403564e-01
1.000000000000000000e+00,5.151215195655822754e-01
1.000000000000000000e+00,4.016909301280975342e-01
1.000000000000000000e+00,4.690677821636199951e-01
1.000000000000000000e+00,4.125823974609375000e-01
1.000000000000000000e+00,3.890000283718109131e-01
1.000000000000000000e+00,4.726644456386566162e-01
1.000000000000000000e+00,4.384995102882385254e-01
1.000000000000000000e+00,4.300542771816253662e-01
1.000000000000000000e+00,4.123641848564147949e-01
1.000000000000000000e+00,3.542739748954772949e-01
1.000000000000000000e+00,3.733678758144378662e-01
1.000000000000000000e+00,4.067089557647705078e-01
1.000000000000000000e+00,4.372044205665588379e-01
1.000000000000000000e+00,4.876160621643066406e-01
1.000000000000000000e+00,4.865124225616455078e-01
1.000000000000000000e+00,4.895191788673400879e-01
1.000000000000000000e+00,4.277945756912231445e-01
1.000000000000000000e+00,4.160739481449127197e-01
1.000000000000000000e+00,3.793325424194335938e-01
1.000000000000000000e+00,4.170800149440765381e-01
1.000000000000000000e+00,4.542680978775024414e-01
1.000000000000000000e+00,3.602283895015716553e-01
1.000000000000000000e+00,4.162726998329162598e-01
1.000000000000000000e+00,4.719767570495605469e-01
1.000000000000000000e+00,4.194991588592529297e-01
1.000000000000000000e+00,5.163545012474060059e-01
1.000000000000000000e+00,4.696117937564849854e-01
1.000000000000000000e+00,4.086094498634338379e-01
1.000000000000000000e+00,4.278963506221771240e-01
1.000000000000000000e+00,3.706684112548828125e-01
1.000000000000000000e+00,4.287617206573486328e-01
1.000000000000000000e+00,4.146707653999328613e-01
1.000000000000000000e+00,4.195410907268524170e-01
1.000000000000000000e+00,5.747966170310974121e-01
1.000000000000000000e+00,4.152918457984924316e-01
1.000000000000000000e+00,5.406472682952880859e-01
1.000000000000000000e+00,4.138798117637634277e-01
1.000000000000000000e+00,4.673853516578674316e-01
1.000000000000000000e+00,4.223450720310211182e-01
1.000000000000000000e+00,4.833652377128601074e-01
1.000000000000000000e+00,4.489660263061523438e-01
1.000000000000000000e+00,4.223138391971588135e-01
1.000000000000000000e+00,3.481789827346801758e-01
1.000000000000000000e+00,4.372750222682952881e-01
1.000000000000000000e+00,4.572764039039611816e-01
1.000000000000000000e+00,3.838027119636535645e-01
1.000000000000000000e+00,3.836076259613037109e-01
1.000000000000000000e+00,4.565130472183227539e-01
1.000000000000000000e+00,4.004895687103271484e-01
1.000000000000000000e+00,3.928349614143371582e-01
1.000000000000000000e+00,4.415800571441650391e-01
1.000000000000000000e+00,3.886290788650512695e-01
1.000000000000000000e+00,4.424780905246734619e-01
1.000000000000000000e+00,3.783013820648193359e-01
1.000000000000000000e+00,3.820442557334899902e-01
1.000000000000000000e+00,5.381920337677001953e-01
1.000000000000000000e+00,3.490931391716003418e-01
1.000000000000000000e+00,4.705590605735778809e-01
1.000000000000000000e+00,5.220248699188232422e-01
1.000000000000000000e+00,4.130787849426269531e-01
1.000000000000000000e+00,5.139293670654296875e-01
1.000000000000000000e+00,4.477860927581787109e-01
1.000000000000000000e+00,3.701085448265075684e-01
1.000000000000000000e+00,5.356181263923645020e-01
1.000000000000000000e+00,3.613781929016113281e-01
1.000000000000000000e+00,4.890505671501159668e-01
1.000000000000000000e+00,4.062929153442382812e-01
1.000000000000000000e+00,4.333258271217346191e-01
1.000000000000000000e+00,5.102438926696777344e-01
1.000000000000000000e+00,3.021676242351531982e-01
1.000000000000000000e+00,4.175181984901428223e-01
1.000000000000000000e+00,4.322355687618255615e-01
1.000000000000000000e+00,4.586926102638244629e-01
1.000000000000000000e+00,4.869547486305236816e-01
1.000000000000000000e+00,4.336175024509429932e-01
1.000000000000000000e+00,4.433135390281677246e-01
1.000000000000000000e+00,3.713394701480865479e-01
1.000000000000000000e+00,4.799413383007049561e-01
1.000000000000000000e+00,3.975385427474975586e-01
1.000000000000000000e+00,3.684864938259124756e-01
1.000000000000000000e+00,3.528889417648315430e-01
1.000000000000000000e+00,4.005050659179687500e-01
1.000000000000000000e+00,3.537634015083312988e-01
1.000000000000000000e+00,5.782067775726318359e-01
1.000000000000000000e+00,3.893585801124572754e-01
1.000000000000000000e+00,4.034529030323028564e-01
1.000000000000000000e+00,4.977184832096099854e-01
1.000000000000000000e+00,3.276281952857971191e-01
1.000000000000000000e+00,4.033485352993011475e-01
1.000000000000000000e+00,4.511858522891998291e-01
1.000000000000000000e+00,5.284037590026855469e-01
1.000000000000000000e+00,4.140556156635284424e-01
1.000000000000000000e+00,4.507775902748107910e-01
1.000000000000000000e+00,4.376257359981536865e-01
1.000000000000000000e+00,4.173957705497741699e-01
1.000000000000000000e+00,4.695337116718292236e-01
1.000000000000000000e+00,4.390300214290618896e-01
1.000000000000000000e+00,4.761356711387634277e-01
1.000000000000000000e+00,4.422984123229980469e-01
1.000000000000000000e+00,4.319519400596618652e-01
1.000000000000000000e+00,3.857329487800598145e-01
1.000000000000000000e+00,4.190389513969421387e-01
1.000000000000000000e+00,3.990197777748107910e-01
1.000000000000000000e+00,4.250069856643676758e-01
1.000000000000000000e+00,3.964072763919830322e-01
1.000000000000000000e+00,4.710127711296081543e-01
1.000000000000000000e+00,4.221366345882415771e-01
1.000000000000000000e+00,4.368595182895660400e-01
1.000000000000000000e+00,4.259112477302551270e-01
1.000000000000000000e+00,4.754490852355957031e-01
1.000000000000000000e+00,3.663606643676757812e-01
1.000000000000000000e+00,5.109591484069824219e-01
1.000000000000000000e+00,3.986047506332397461e-01
1.000000000000000000e+00,4.224237501621246338e-01
1.000000000000000000e+00,3.880325555801391602e-01
1.000000000000000000e+00,3.790580332279205322e-01
1.000000000000000000e+00,3.742938041687011719e-01
1.000000000000000000e+00,4.228339195251464844e-01
1.000000000000000000e+00,4.145797789096832275e-01
1.000000000000000000e+00,4.036660790443420410e-01
1.000000000000000000e+00,4.189166128635406494e-01
1.000000000000000000e+00,5.432371497154235840e-01
1.000000000000000000e+00,4.082005023956298828e-01
1.000000000000000000e+00,5.229574441909790039e-01
1.000000000000000000e+00,4.199650883674621582e-01
1.000000000000000000e+00,3.693211376667022705e-01
1.000000000000000000e+00,3.895380496978759766e-01
1.000000000000000000e+00,3.567450046539306641e-01
1.000000000000000000e+00,3.988562524318695068e-01
1.000000000000000000e+00,3.863074183464050293e-01
1.000000000000000000e+00,4.579342007637023926e-01
1.000000000000000000e+00,4.160012006759643555e-01
1.000000000000000000e+00,4.677304029464721680e-01
1.000000000000000000e+00,4.421163201332092285e-01
1.000000000000000000e+00,4.703246951103210449e-01
1.000000000000000000e+00,3.342749774456024170e-01
1.000000000000000000e+00,4.461898207664489746e-01
1.000000000000000000e+00,4.610004425048828125e-01
1.000000000000000000e+00,4.980346560478210449e-01
1.000000000000000000e+00,4.163507223129272461e-01
1.000000000000000000e+00,4.699072539806365967e-01
1.000000000000000000e+00,4.240933358669281006e-01
1.000000000000000000e+00,4.555818438529968262e-01
1.000000000000000000e+00,4.765308499336242676e-01
1.000000000000000000e+00,4.875948429107666016e-01
1.000000000000000000e+00,4.823589920997619629e-01
1.000000000000000000e+00,3.625581264495849609e-01
1.000000000000000000e+00,4.200847744941711426e-01
1.000000000000000000e+00,4.517293274402618408e-01
1.000000000000000000e+00,3.882274329662322998e-01
1.000000000000000000e+00,4.055761694908142090e-01
1.000000000000000000e+00,3.603950142860412598e-01
1.000000000000000000e+00,3.689434528350830078e-01
1.000000000000000000e+00,4.865865707397460938e-01
1.000000000000000000e+00,4.467338919639587402e-01
1.000000000000000000e+00,4.387786090373992920e-01
1.000000000000000000e+00,4.336235523223876953e-01
1.000000000000000000e+00,3.057571649551391602e-01
1.000000000000000000e+00,4.062659740447998047e-01
1.000000000000000000e+00,4.200477004051208496e-01
1.000000000000000000e+00,4.758959412574768066e-01
1.000000000000000000e+00,3.683014512062072754e-01
1.000000000000000000e+00,3.436106145381927490e-01
1.000000000000000000e+00,3.874490261077880859e-01
1.000000000000000000e+00,3.900088667869567871e-01
1.000000000000000000e+00,3.676726818084716797e-01
1.000000000000000000e+00,4.301585257053375244e-01
1.000000000000000000e+00,3.606247603893280029e-01
1.000000000000000000e+00,4.591304063796997070e-01
1.000000000000000000e+00,3.908042311668395996e-01
1.000000000000000000e+00,4.393433332443237305e-01
1.000000000000000000e+00,4.738141894340515137e-01
1.000000000000000000e+00,3.134262859821319580e-01
1.000000000000000000e+00,4.033056199550628662e-01
1.000000000000000000e+00,4.133090078830718994e-01
1.000000000000000000e+00,4.309265613555908203e-01
1.000000000000000000e+00,4.272775053977966309e-01
1.000000000000000000e+00,4.017692804336547852e-01
1.000000000000000000e+00,4.438623785972595215e-01
1.000000000000000000e+00,3.897123634815216064e-01
1.000000000000000000e+00,4.814937710762023926e-01
1.000000000000000000e+00,4.409746229648590088e-01
1.000000000000000000e+00,3.595200181007385254e-01
1.000000000000000000e+00,4.334885478019714355e-01
1.000000000000000000e+00,3.404269516468048096e-01
1.000000000000000000e+00,3.987158536911010742e-01
1.000000000000000000e+00,5.001149177551269531e-01
1.000000000000000000e+00,3.675713837146759033e-01
1.000000000000000000e+00,4.276822507381439209e-01
1.000000000000000000e+00,4.747052192687988281e-01
1.000000000000000000e+00,4.236239194869995117e-01
1.000000000000000000e+00,5.976315736770629883e-01
1.000000000000000000e+00,4.489773213863372803e-01
1.000000000000000000e+00,4.741052687168121338e-01
1.000000000000000000e+00,4.150581061840057373e-01
1.000000000000000000e+00,4.150365293025970459e-01
1.000000000000000000e+00,4.557744860649108887e-01
1.000000000000000000e+00,3.798644840717315674e-01
1.000000000000000000e+00,4.432160854339599609e-01
1.000000000000000000e+00,3.725666105747222900e-01
1.000000000000000000e+00,5.279922485351562500e-01
1.000000000000000000e+00,4.555753171443939209e-01
1.000000000000000000e+00,4.512922167778015137e-01
1.000000000000000000e+00,4.582483470439910889e-01
1.000000000000000000e+00,4.173952639102935791e-01
1.000000000000000000e+00,5.635128021240234375e-01
1.000000000000000000e+00,4.421094059944152832e-01
1.000000000000000000e+00,4.862194061279296875e-01
1.000000000000000000e+00,4.277762770652770996e-01
1.000000000000000000e+00,4.513266086578369141e-01
1.000000000000000000e+00,4.298350811004638672e-01
1.000000000000000000e+00,5.005366802215576172e-01
1.000000000000000000e+00,5.038045644760131836e-01
1.000000000000000000e+00,4.905431866645812988e-01
1.000000000000000000e+00,6.248974204063415527e-01
1.000000000000000000e+00,4.359025359153747559e-01
1.000000000000000000e+00,4.340096712112426758e-01
1.000000000000000000e+00,3.727102577686309814e-01
1.000000000000000000e+00,4.366948008537292480e-01
1.000000000000000000e+00,3.799504935741424561e-01
1.000000000000000000e+00,4.632710218429565430e-01
1.000000000000000000e+00,4.130223393440246582e-01
1.000000000000000000e+00,4.771386682987213135e-01
1.000000000000000000e+00,3.704483509063720703e-01
1.000000000000000000e+00,3.759531974792480469e-01
1.000000000000000000e+00,4.898356795310974121e-01
1.000000000000000000e+00,4.109916687011718750e-01
1.000000000000000000e+00,4.235388636589050293e-01
1.000000000000000000e+00,3.120200335979461670e-01
1.000000000000000000e+00,4.141579866409301758e-01
1.000000000000000000e+00,3.737359642982482910e-01
1.000000000000000000e+00,3.674935102462768555e-01
1.000000000000000000e+00,4.096757173538208008e-01
1.000000000000000000e+00,4.444508552551269531e-01
1.000000000000000000e+00,3.738541305065155029e-01
1.000000000000000000e+00,4.255449175834655762e-01
1.000000000000000000e+00,3.495512604713439941e-01
1.000000000000000000e+00,3.408980965614318848e-01
1.000000000000000000e+00,4.041518568992614746e-01
1.000000000000000000e+00,3.828802406787872314e-01
1.000000000000000000e+00,4.289513230323791504e-01
1.000000000000000000e+00,4.495953023433685303e-01
1.000000000000000000e+00,4.000331759452819824e-01
1.000000000000000000e+00,4.695885181427001953e-01
1.000000000000000000e+00,4.407630562782287598e-01
1.000000000000000000e+00,4.103028476238250732e-01
1.000000000000000000e+00,3.924013376235961914e-01
1.000000000000000000e+00,4.765836298465728760e-01
1.000000000000000000e+00,4.698249995708465576e-01
1.000000000000000000e+00,3.367653489112854004e-01
1.000000000000000000e+00,4.251926839351654053e-01
1.000000000000000000e+00,4.402376413345336914e-01
1.000000000000000000e+00,4.069515168666839600e-01
1.000000000000000000e+00,4.289085566997528076e-01
1.000000000000000000e+00,4.915564954280853271e-01
1.000000000000000000e+00,4.456614851951599121e-01
1.000000000000000000e+00,4.208889901638031006e-01
1.000000000000000000e+00,4.043366909027099609e-01
1.000000000000000000e+00,4.447512924671173096e-01
1.000000000000000000e+00,4.719490408897399902e-01
1.000000000000000000e+00,4.449450969696044922e-01
1.000000000000000000e+00,4.835990369319915771e-01
1.000000000000000000e+00,3.932645022869110107e-01
1.000000000000000000e+00,4.739462137222290039e-01
1.000000000000000000e+00,4.688723683357238770e-01
1.000000000000000000e+00,4.572812318801879883e-01
1.000000000000000000e+00,5.329965353012084961e-01
1.000000000000000000e+00,3.828741610050201416e-01
1.000000000000000000e+00,3.554081618785858154e-01
1.000000000000000000e+00,3.579389154911041260e-01
1.000000000000000000e+00,4.369431138038635254e-01
1.000000000000000000e+00,4.342016577720642090e-01
1.000000000000000000e+00,3.835595846176147461e-01
1.000000000000000000e+00,4.340808689594268799e-01
1.000000000000000000e+00,4.239810109138488770e-01
1.000000000000000000e+00,3.607590794563293457e-01
1.000000000000000000e+00,4.411877393722534180e-01
1.000000000000000000e+00,4.173700213432312012e-01
1.000000000000000000e+00,3.653942346572875977e-01
1.000000000000000000e+00,3.657091259956359863e-01
1.000000000000000000e+00,4.158794283866882324e-01
1.000000000000000000e+00,3.905203342437744141e-01
1.000000000000000000e+00,4.801769256591796875e-01
1.000000000000000000e+00,4.296768605709075928e-01
1.000000000000000000e+00,4.147800803184509277e-01
1.000000000000000000e+00,3.905608057975769043e-01
1.000000000000000000e+00,4.361866414546966553e-01
1.000000000000000000e+00,4.606607854366302490e-01
1.000000000000000000e+00,3.843307197093963623e-01
1.000000000000000000e+00,4.661756157875061035e-01
1.000000000000000000e+00,3.584105670452117920e-01
1.000000000000000000e+00,4.337966442108154297e-01
1.000000000000000000e+00,4.407750368118286133e-01
1.000000000000000000e+00,4.427727758884429932e-01
1.000000000000000000e+00,4.215163886547088623e-01
1.000000000000000000e+00,4.906246662139892578e-01
1.000000000000000000e+00,4.717736840248107910e-01
1.000000000000000000e+00,4.319850504398345947e-01
1.000000000000000000e+00,4.315832853317260742e-01
1.000000000000000000e+00,4.679135084152221680e-01
1.000000000000000000e+00,5.336087942123413086e-01
1.000000000000000000e+00,4.872136712074279785e-01
1.000000000000000000e+00,4.814025759696960449e-01
1.000000000000000000e+00,4.264995157718658447e-01
1.000000000000000000e+00,3.935397565364837646e-01
1.000000000000000000e+00,4.242752790451049805e-01
1.000000000000000000e+00,3.622910380363464355e-01
1.000000000000000000e+00,4.632992744445800781e-01
1.000000000000000000e+00,4.047998785972595215e-01
1.000000000000000000e+00,3.773432075977325439e-01
1.000000000000000000e+00,3.693323135375976562e-01
1.000000000000000000e+00,5.078784823417663574e-01
1.000000000000000000e+00,4.621406495571136475e-01
1.000000000000000000e+00,4.414352178573608398e-01
1.000000000000000000e+00,4.162089526653289795e-01
1.000000000000000000e+00,4.469310343265533447e-01
1.000000000000000000e+00,3.162099421024322510e-01
1.000000000000000000e+00,4.223978221416473389e-01
1.000000000000000000e+00,3.746671080589294434e-01
1.000000000000000000e+00,3.917302787303924561e-01
1.000000000000000000e+00,4.087744653224945068e-01
1.000000000000000000e+00,4.405687451362609863e-01
1.000000000000000000e+00,4.957095980644226074e-01
1.000000000000000000e+00,3.857677578926086426e-01
1.000000000000000000e+00,3.796361684799194336e-01
1.000000000000000000e+00,4.048655331134796143e-01
1.000000000000000000e+00,3.953357338905334473e-01
1.000000000000000000e+00,4.234859347343444824e-01
1.000000000000000000e+00,4.008780419826507568e-01
1.000000000000000000e+00,4.885379672050476074e-01
1.000000000000000000e+00,4.077620208263397217e-01
1.000000000000000000e+00,4.739124178886413574e-01
1.000000000000000000e+00,3.815843760967254639e-01
1.000000000000000000e+00,4.266289472579956055e-01
1.000000000000000000e+00,4.220606684684753418e-01
1.000000000000000000e+00,5.056141614913940430e-01
1.000000000000000000e+00,4.586199522018432617e-01
1.000000000000000000e+00,3.028288483619689941e-01
1.000000000000000000e+00,4.620693027973175049e-01
1.000000000000000000e+00,4.473886191844940186e-01
1.000000000000000000e+00,4.181020557880401611e-01
1.000000000000000000e+00,4.258018732070922852e-01
1.000000000000000000e+00,4.639559686183929443e-01
1.000000000000000000e+00,4.723879098892211914e-01
1.000000000000000000e+00,5.489237308502197266e-01
1.000000000000000000e+00,4.006049335002899170e-01
1.000000000000000000e+00,3.596454858779907227e-01
1.000000000000000000e+00,4.248054027557373047e-01
1.000000000000000000e+00,4.571835994720458984e-01
1.000000000000000000e+00,3.728561699390411377e-01
1.000000000000000000e+00,4.469093084335327148e-01
1.000000000000000000e+00,3.942478597164154053e-01
1.000000000000000000e+00,3.817476928234100342e-01
1.000000000000000000e+00,3.817588090896606445e-01
1.000000000000000000e+00,4.374597370624542236e-01
1.000000000000000000e+00,3.986791670322418213e-01
1.000000000000000000e+00,3.818468749523162842e-01
1.000000000000000000e+00,4.178784787654876709e-01
1.000000000000000000e+00,4.268239438533782959e-01
1.000000000000000000e+00,4.950790405273437500e-01
1.000000000000000000e+00,4.811842739582061768e-01
1.000000000000000000e+00,3.943178057670593262e-01
1.000000000000000000e+00,4.078028500080108643e-01
1.000000000000000000e+00,4.279612898826599121e-01
1.000000000000000000e+00,4.129481911659240723e-01
1.000000000000000000e+00,4.646118283271789551e-01
1.000000000000000000e+00,4.607065320014953613e-01
1.000000000000000000e+00,4.924222826957702637e-01
1.000000000000000000e+00,4.488423466682434082e-01
1.000000000000000000e+00,4.954184889793395996e-01
1.000000000000000000e+00,4.635794162750244141e-01
1.000000000000000000e+00,4.384047091007232666e-01
1.000000000000000000e+00,5.213562250137329102e-01
1.000000000000000000e+00,4.839494228363037109e-01
1.000000000000000000e+00,4.658835530281066895e-01
1.000000000000000000e+00,3.983379602432250977e-01
1.000000000000000000e+00,4.463639259338378906e-01
1.000000000000000000e+00,4.072683751583099365e-01
1.000000000000000000e+00,5.053819417953491211e-01
1.000000000000000000e+00,3.704622387886047363e-01
1.000000000000000000e+00,4.041475951671600342e-01
1.000000000000000000e+00,4.437627792358398438e-01
1.000000000000000000e+00,3.873915970325469971e-01
1.000000000000000000e+00,4.397827386856079102e-01
1.000000000000000000e+00,3.882639706134796143e-01
1.000000000000000000e+00,5.096268653869628906e-01
1.000000000000000000e+00,3.645832240581512451e-01
1.000000000000000000e+00,3.880842030048370361e-01
1.000000000000000000e+00,4.212287962436676025e-01
1.000000000000000000e+00,4.255363345146179199e-01
1.000000000000000000e+00,4.877339005470275879e-01
1.000000000000000000e+00,4.505975842475891113e-01
1.000000000000000000e+00,4.233194589614868164e-01
1.000000000000000000e+00,3.472618460655212402e-01
1.000000000000000000e+00,3.845807313919067383e-01
1.000000000000000000e+00,4.033015668392181396e-01
1.000000000000000000e+00,4.819527268409729004e-01
1.000000000000000000e+00,3.609770834445953369e-01
1.000000000000000000e+00,3.986791372299194336e-01
1.000000000000000000e+00,3.787670731544494629e-01
1.000000000000000000e+00,5.157725811004638672e-01
1.000000000000000000e+00,3.603370189666748047e-01
1.000000000000000000e+00,3.907671570777893066e-01
1.000000000000000000e+00,4.711655378341674805e-01
1.000000000000000000e+00,4.527899324893951416e-01
1.000000000000000000e+00,4.693306386470794678e-01
1.000000000000000000e+00,4.261889457702636719e-01
1.000000000000000000e+00,3.943479657173156738e-01
1.000000000000000000e+00,4.598519504070281982e-01
1.000000000000000000e+00,3.959876894950866699e-01
1.000000000000000000e+00,4.191978275775909424e-01
1.000000000000000000e+00,4.450813233852386475e-01
1.000000000000000000e+00,3.964203894138336182e-01
1.000000000000000000e+00,4.443444609642028809e-01
1.000000000000000000e+00,3.956454098224639893e-01
1.000000000000000000e+00,3.965624570846557617e-01
1.000000000000000000e+00,3.881115019321441650e-01
1.000000000000000000e+00,3.981548845767974854e-01
1.000000000000000000e+00,3.533018827438354492e-01
1.000000000000000000e+00,4.205789566040039062e-01
1.000000000000000000e+00,4.085945188999176025e-01
1.000000000000000000e+00,5.529728531837463379e-01
1.000000000000000000e+00,4.772143363952636719e-01
1.000000000000000000e+00,4.725952148437500000e-01
1.000000000000000000e+00,4.605515599250793457e-01
1.000000000000000000e+00,4.304248094558715820e-01
1.000000000000000000e+00,4.196608662605285645e-01
1.000000000000000000e+00,3.716957569122314453e-01
1.000000000000000000e+00,4.033888876438140869e-01
1.000000000000000000e+00,4.411573410034179688e-01
1.000000000000000000e+00,4.565403461456298828e-01
1.000000000000000000e+00,4.436761140823364258e-01
1.000000000000000000e+00,4.844890534877777100e-01
1.000000000000000000e+00,4.660194516181945801e-01
1.000000000000000000e+00,4.335621595382690430e-01
1.000000000000000000e+00,3.787757754325866699e-01
1.000000000000000000e+00,5.601985454559326172e-01
1.000000000000000000e+00,4.597070813179016113e-01
1.000000000000000000e+00,4.469539821147918701e-01
1.000000000000000000e+00,4.902344942092895508e-01
1.000000000000000000e+00,4.526549577713012695e-01
1.000000000000000000e+00,3.746361732482910156e-01
1.000000000000000000e+00,4.308972656726837158e-01
1.000000000000000000e+00,4.372015297412872314e-01
1.000000000000000000e+00,5.141096115112304688e-01
1.000000000000000000e+00,3.805818259716033936e-01
1.000000000000000000e+00,3.584986329078674316e-01
1.000000000000000000e+00,4.801084101200103760e-01
1.000000000000000000e+00,4.418361485004425049e-01
1.000000000000000000e+00,3.431069254875183105e-01
1.000000000000000000e+00,3.927724361419677734e-01
1.000000000000000000e+00,4.013277888298034668e-01
1.000000000000000000e+00,3.793847858905792236e-01
1.000000000000000000e+00,3.978158235549926758e-01
1.000000000000000000e+00,3.390419483184814453e-01
1.000000000000000000e+00,4.414998292922973633e-01
1.000000000000000000e+00,3.851614594459533691e-01
1.000000000000000000e+00,3.799015879631042480e-01
1.000000000000000000e+00,5.183399915695190430e-01
1.000000000000000000e+00,4.209930896759033203e-01
1.000000000000000000e+00,3.825761675834655762e-01
1.000000000000000000e+00,4.254275858402252197e-01
1.000000000000000000e+00,4.890990257263183594e-01
1.000000000000000000e+00,4.738799035549163818e-01
1.000000000000000000e+00,4.661849737167358398e-01
1.000000000000000000e+00,4.677319526672363281e-01
1.000000000000000000e+00,4.319404363632202148e-01
1.000000000000000000e+00,4.430118203163146973e-01
1.000000000000000000e+00,4.517253339290618896e-01
1.000000000000000000e+00,3.995463848114013672e-01
1.000000000000000000e+00,3.900575637817382812e-01
1.000000000000000000e+00,4.457569122314453125e-01
1.000000000000000000e+00,4.547054171562194824e-01
1.000000000000000000e+00,3.972575068473815918e-01
1.000000000000000000e+00,5.017037987709045410e-01
1.000000000000000000e+00,3.703450560569763184e-01
1.000000000000000000e+00,4.015508294105529785e-01
1.000000000000000000e+00,4.517132341861724854e-01
1.000000000000000000e+00,4.613564908504486084e-01
1.000000000000000000e+00,5.063943266868591309e-01
1.000000000000000000e+00,4.588714241981506348e-01
1.000000000000000000e+00,3.829841911792755127e-01
1.000000000000000000e+00,4.670158028602600098e-01
1.000000000000000000e+00,4.218679368495941162e-01
1.000000000000000000e+00,4.528977274894714355e-01
1.000000000000000000e+00,3.594666123390197754e-01
1.000000000000000000e+00,3.589330911636352539e-01
1.000000000000000000e+00,4.433209002017974854e-01
1.000000000000000000e+00,4.187797605991363525e-01
1.000000000000000000e+00,4.264340698719024658e-01
1.000000000000000000e+00,4.607458710670471191e-01
1.000000000000000000e+00,4.278863668441772461e-01
1.000000000000000000e+00,4.669776558876037598e-01
1.000000000000000000e+00,4.373832046985626221e-01
1.000000000000000000e+00,4.054479598999023438e-01
1.000000000000000000e+00,4.387413859367370605e-01
1.000000000000000000e+00,3.982869386672973633e-01
1.000000000000000000e+00,3.709279298782348633e-01
1.000000000000000000e+00,4.820142388343811035e-01
1.000000000000000000e+00,4.262089729309082031e-01
1.000000000000000000e+00,5.353456735610961914e-01
1.000000000000000000e+00,4.684308171272277832e-01
1.000000000000000000e+00,4.080632925033569336e-01
1.000000000000000000e+00,4.532213807106018066e-01
1.000000000000000000e+00,4.119287133216857910e-01
1.000000000000000000e+00,4.517827928066253662e-01
1.000000000000000000e+00,3.984336853027343750e-01
1.000000000000000000e+00,4.791680574417114258e-01
1.000000000000000000e+00,5.008934736251831055e-01
1.000000000000000000e+00,4.518973827362060547e-01
1.000000000000000000e+00,4.711523056030273438e-01
1.000000000000000000e+00,4.552065730094909668e-01
1.000000000000000000e+00,4.361614286899566650e-01
1.000000000000000000e+00,4.096960425376892090e-01
1.000000000000000000e+00,3.954058289527893066e-01
1.000000000000000000e+00,3.760536313056945801e-01
1.000000000000000000e+00,5.073326826095581055e-01
1.000000000000000000e+00,4.020183682441711426e-01
1.000000000000000000e+00,5.301736593246459961e-01
1.000000000000000000e+00,3.953973054885864258e-01
1.000000000000000000e+00,4.320605397224426270e-01
1.000000000000000000e+00,3.762322664260864258e-01
1.000000000000000000e+00,4.212860465049743652e-01
1.000000000000000000e+00,4.780921339988708496e-01
1.000000000000000000e+00,4.317867159843444824e-01
1.000000000000000000e+00,3.846008479595184326e-01
1.000000000000000000e+00,4.028259515762329102e-01
1.000000000000000000e+00,3.426125049591064453e-01
1.000000000000000000e+00,4.490494132041931152e-01
1.000000000000000000e+00,4.529472589492797852e-01
1.000000000000000000e+00,3.652503490447998047e-01
1.000000000000000000e+00,4.282608926296234131e-01
1.000000000000000000e+00,3.719744682312011719e-01
1.000000000000000000e+00,4.319055676460266113e-01
1.000000000000000000e+00,3.879851102828979492e-01
1.000000000000000000e+00,4.483276605606079102e-01
1.000000000000000000e+00,4.013547897338867188e-01
1.000000000000000000e+00,3.783445656299591064e-01
1.000000000000000000e+00,4.204741120338439941e-01
1.000000000000000000e+00,3.982965052127838135e-01
1.000000000000000000e+00,3.799092173576354980e-01
1.000000000000000000e+00,3.996297419071197510e-01
1.000000000000000000e+00,5.049077272415161133e-01
1.000000000000000000e+00,4.244690537452697754e-01
1.000000000000000000e+00,4.461436569690704346e-01
1.000000000000000000e+00,4.074178934097290039e-01
1.000000000000000000e+00,4.656236171722412109e-01
1.000000000000000000e+00,3.899648189544677734e-01
1.000000000000000000e+00,4.154303073883056641e-01
1.000000000000000000e+00,3.823823928833007812e-01
1.000000000000000000e+00,5.155243873596191406e-01
1.000000000000000000e+00,4.762119054794311523e-01
1.000000000000000000e+00,3.160232901573181152e-01
1.000000000000000000e+00,4.746994674205780029e-01
1.000000000000000000e+00,4.341634511947631836e-01
1.000000000000000000e+00,4.409618973731994629e-01
1.000000000000000000e+00,4.089547097682952881e-01
1.000000000000000000e+00,4.339160919189453125e-01
1.000000000000000000e+00,4.745673835277557373e-01
1.000000000000000000e+00,4.553987979888916016e-01
1.000000000000000000e+00,4.245560169219970703e-01
1.000000000000000000e+00,3.850900828838348389e-01
1.000000000000000000e+00,4.443554580211639404e-01
1.000000000000000000e+00,4.532677531242370605e-01
1.000000000000000000e+00,4.120501875877380371e-01
1.000000000000000000e+00,3.639021813869476318e-01
1.000000000000000000e+00,4.650544524192810059e-01
1.000000000000000000e+00,5.115139484405517578e-01
1.000000000000000000e+00,3.929608464241027832e-01
1.000000000000000000e+00,4.549807310104370117e-01
1.000000000000000000e+00,4.282824695110321045e-01
1.000000000000000000e+00,4.457025229930877686e-01
1.000000000000000000e+00,4.540878534317016602e-01
1.000000000000000000e+00,3.704161345958709717e-01
1.000000000000000000e+00,4.426427185535430908e-01
1.000000000000000000e+00,4.931281805038452148e-01
1.000000000000000000e+00,4.782565236091613770e-01
1.000000000000000000e+00,4.775230288505554199e-01
1.000000000000000000e+00,4.277659058570861816e-01
1.000000000000000000e+00,3.646269440650939941e-01
1.000000000000000000e+00,4.280593693256378174e-01
1.000000000000000000e+00,4.065903425216674805e-01
1.000000000000000000e+00,4.011620283126831055e-01
1.000000000000000000e+00,4.152356386184692383e-01
1.000000000000000000e+00,3.989387750625610352e-01
1.000000000000000000e+00,4.807078838348388672e-01
1.000000000000000000e+00,4.441612958908081055e-01
1.000000000000000000e+00,4.774808883666992188e-01
1.000000000000000000e+00,4.703875780105590820e-01
1.000000000000000000e+00,4.894098341464996338e-01
1.000000000000000000e+00,4.352240562438964844e-01
1.000000000000000000e+00,4.614113569259643555e-01
1.000000000000000000e+00,4.713817238807678223e-01
1.000000000000000000e+00,4.337234497070312500e-01
1.000000000000000000e+00,4.880429506301879883e-01
1.000000000000000000e+00,4.024436771869659424e-01
1.000000000000000000e+00,4.178890883922576904e-01
1.000000000000000000e+00,4.429864883422851562e-01
1.000000000000000000e+00,4.151386618614196777e-01
1.000000000000000000e+00,4.186433553695678711e-01
1.000000000000000000e+00,4.887526333332061768e-01
1.000000000000000000e+00,3.397124707698822021e-01
1.000000000000000000e+00,3.716745376586914062e-01
1.000000000000000000e+00,4.141196608543395996e-01
1.000000000000000000e+00,4.142072200775146484e-01
1.000000000000000000e+00,5.256931185722351074e-01
1.000000000000000000e+00,4.429649412631988525e-01
1.000000000000000000e+00,4.498610794544219971e-01
1.000000000000000000e+00,4.359713792800903320e-01
1.000000000000000000e+00,3.352514207363128662e-01
1.000000000000000000e+00,5.077174901962280273e-01
1.000000000000000000e+00,4.619881808757781982e-01
1.000000000000000000e+00,4.113629460334777832e-01
1.000000000000000000e+00,4.601849913597106934e-01
1.000000000000000000e+00,3.723449110984802246e-01
1.000000000000000000e+00,4.212203621864318848e-01
1.000000000000000000e+00,3.703246116638183594e-01
1.000000000000000000e+00,3.740221858024597168e-01
1.000000000000000000e+00,4.097332060337066650e-01
1.000000000000000000e+00,3.716320395469665527e-01
1.000000000000000000e+00,4.114133119583129883e-01
1.000000000000000000e+00,4.188442230224609375e-01
1.000000000000000000e+00,4.351288676261901855e-01
1.000000000000000000e+00,4.374603927135467529e-01
1.000000000000000000e+00,3.763920664787292480e-01
1.000000000000000000e+00,5.624495744705200195e-01
1.000000000000000000e+00,4.285592734813690186e-01
1.000000000000000000e+00,4.199907779693603516e-01
1.000000000000000000e+00,4.758149385452270508e-01
1.000000000000000000e+00,3.693437874317169189e-01
1.000000000000000000e+00,3.673459589481353760e-01
1.000000000000000000e+00,3.797599077224731445e-01
1.000000000000000000e+00,4.470858573913574219e-01
1.000000000000000000e+00,3.627407550811767578e-01
1.000000000000000000e+00,4.775623679161071777e-01
1.000000000000000000e+00,3.826138377189636230e-01
1.000000000000000000e+00,4.328427612781524658e-01
1.000000000000000000e+00,3.867889940738677979e-01
1.000000000000000000e+00,4.001440703868865967e-01
1.000000000000000000e+00,4.452061951160430908e-01
1.000000000000000000e+00,4.416173994541168213e-01
1.000000000000000000e+00,4.267947971820831299e-01
1.000000000000000000e+00,3.962757885456085205e-01
1.000000000000000000e+00,4.596807360649108887e-01
1.000000000000000000e+00,3.956556022167205811e-01
1.000000000000000000e+00,4.332582950592041016e-01
1.000000000000000000e+00,3.692733943462371826e-01
1.000000000000000000e+00,4.027871489524841309e-01
1.000000000000000000e+00,3.878378868103027344e-01
1.000000000000000000e+00,4.056088924407958984e-01
1.000000000000000000e+00,4.810357987880706787e-01
1.000000000000000000e+00,4.757515192031860352e-01
1.000000000000000000e+00,3.840792179107666016e-01
1.000000000000000000e+00,3.786967396736145020e-01
1.000000000000000000e+00,3.907721042633056641e-01
1.000000000000000000e+00,4.578857421875000000e-01
1.000000000000000000e+00,4.009296596050262451e-01
1.000000000000000000e+00,4.098168015480041504e-01
1.000000000000000000e+00,3.739432990550994873e-01
1.000000000000000000e+00,4.328680932521820068e-01
1.000000000000000000e+00,4.216909110546112061e-01
1.000000000000000000e+00,4.410657584667205811e-01
1.000000000000000000e+00,4.824097156524658203e-01
1.000000000000000000e+00,4.323990941047668457e-01
1.000000000000000000e+00,4.194485545158386230e-01
1.000000000000000000e+00,4.326084256172180176e-01
1.000000000000000000e+00,3.869858384132385254e-01
1.000000000000000000e+00,4.614028632640838623e-01
1.000000000000000000e+00,4.677454829216003418e-01
1.000000000000000000e+00,4.799491167068481445e-01
1.000000000000000000e+00,3.998310565948486328e-01
1.000000000000000000e+00,4.085151553153991699e-01
1.000000000000000000e+00,4.651318788528442383e-01
1.000000000000000000e+00,4.665989875793457031e-01
1.000000000000000000e+00,3.360911607742309570e-01
1.000000000000000000e+00,3.659387826919555664e-01
1.000000000000000000e+00,3.923282921314239502e-01
1.000000000000000000e+00,3.408397436141967773e-01
1.000000000000000000e+00,5.267550945281982422e-01
1.000000000000000000e+00,4.429452717304229736e-01
1.000000000000000000e+00,4.532103538513183594e-01
1.000000000000000000e+00,4.596540927886962891e-01
1.000000000000000000e+00,3.219531774520874023e-01
1.000000000000000000e+00,3.794443011283874512e-01
1.000000000000000000e+00,4.570028185844421387e-01
1.000000000000000000e+00,3.600297272205352783e-01
1.000000000000000000e+00,4.063639640808105469e-01
1.000000000000000000e+00,3.606766462326049805e-01
1.000000000000000000e+00,3.414275348186492920e-01
1.000000000000000000e+00,3.996247053146362305e-01
1.000000000000000000e+00,3.859150707721710205e-01
1.000000000000000000e+00,3.631654977798461914e-01
1.000000000000000000e+00,4.659741520881652832e-01
1.000000000000000000e+00,3.918026685714721680e-01
1.000000000000000000e+00,4.260151982307434082e-01
1.000000000000000000e+00,3.668830394744873047e-01
1.000000000000000000e+00,3.801324367523193359e-01
1.000000000000000000e+00,4.476290643215179443e-01
1.000000000000000000e+00,4.647118151187896729e-01
1.000000000000000000e+00,3.988554477691650391e-01
1.000000000000000000e+00,3.355334699153900146e-01
1.000000000000000000e+00,4.183899164199829102e-01
1.000000000000000000e+00,3.960115015506744385e-01
1.000000000000000000e+00,4.114330112934112549e-01
1.000000000000000000e+00,4.606696069240570068e-01
1.000000000000000000e+00,4.889415502548217773e-01
1.000000000000000000e+00,4.048172235488891602e-01
1.000000000000000000e+00,4.279017448425292969e-01
1.000000000000000000e+00,3.691352307796478271e-01
1.000000000000000000e+00,4.762021899223327637e-01
1.000000000000000000e+00,4.190538525581359863e-01
1.000000000000000000e+00,4.120632112026214600e-01
1.000000000000000000e+00,4.354974627494812012e-01
1.000000000000000000e+00,4.526067674160003662e-01
1.000000000000000000e+00,4.520246386528015137e-01
1.000000000000000000e+00,4.188755452632904053e-01
1.000000000000000000e+00,5.912677049636840820e-01
1.000000000000000000e+00,4.104294478893280029e-01
1.000000000000000000e+00,3.798460364341735840e-01
1.000000000000000000e+00,4.799978435039520264e-01
1.000000000000000000e+00,4.273868203163146973e-01
1.000000000000000000e+00,4.990869462490081787e-01
1.000000000000000000e+00,5.482569932937622070e-01
1.000000000000000000e+00,3.881328403949737549e-01
1.000000000000000000e+00,3.530848920345306396e-01
1.000000000000000000e+00,3.623692095279693604e-01
1.000000000000000000e+00,4.097790718078613281e-01
1.000000000000000000e+00,5.219659805297851562e-01
1.000000000000000000e+00,4.049777388572692871e-01
1.000000000000000000e+00,3.920465707778930664e-01
1.000000000000000000e+00,4.163502752780914307e-01
1.000000000000000000e+00,3.700232207775115967e-01
1.000000000000000000e+00,3.452503681182861328e-01
1.000000000000000000e+00,4.127338528633117676e-01
1.000000000000000000e+00,4.091719090938568115e-01
1.000000000000000000e+00,4.208030104637145996e-01
1.000000000000000000e+00,5.628416538238525391e-01
1.000000000000000000e+00,3.880791664123535156e-01
1.000000000000000000e+00,4.688884615898132324e-01
1.000000000000000000e+00,4.067090749740600586e-01
1.000000000000000000e+00,4.231806993484497070e-01
1.000000000000000000e+00,4.388022422790527344e-01
1.000000000000000000e+00,5.910526514053344727e-01
1.000000000000000000e+00,4.603857398033142090e-01
1.000000000000000000e+00,4.058068990707397461e-01
1.000000000000000000e+00,4.216187894344329834e-01
1.000000000000000000e+00,4.369078278541564941e-01
1.000000000000000000e+00,3.885635733604431152e-01
1.000000000000000000e+00,3.713592290878295898e-01
1.000000000000000000e+00,3.676137626171112061e-01
1.000000000000000000e+00,3.881890773773193359e-01
1.000000000000000000e+00,3.665922582149505615e-01
1.000000000000000000e+00,4.194956123828887939e-01
1.000000000000000000e+00,3.152589499950408936e-01
1.000000000000000000e+00,4.342426061630249023e-01
1.000000000000000000e+00,4.275372326374053955e-01
1.000000000000000000e+00,4.013699591159820557e-01
1.000000000000000000e+00,4.631912112236022949e-01
1.000000000000000000e+00,4.241195321083068848e-01
1.000000000000000000e+00,4.002158045768737793e-01
1.000000000000000000e+00,4.280881285667419434e-01
1.000000000000000000e+00,4.954222440719604492e-01
1.000000000000000000e+00,3.798979520797729492e-01
1.000000000000000000e+00,4.769070744514465332e-01
1.000000000000000000e+00,4.032742977142333984e-01
1.000000000000000000e+00,4.992532432079315186e-01
1.000000000000000000e+00,4.627104997634887695e-01
1.000000000000000000e+00,4.569291472434997559e-01
1.000000000000000000e+00,6.091138124465942383e-01
1.000000000000000000e+00,3.728674054145812988e-01
1.000000000000000000e+00,3.754140734672546387e-01
1.000000000000000000e+00,4.251676201820373535e-01
1.000000000000000000e+00,4.623215496540069580e-01
1.000000000000000000e+00,3.488978147506713867e-01
1.000000000000000000e+00,4.338032901287078857e-01
1.000000000000000000e+00,3.775431513786315918e-01
1.000000000000000000e+00,3.989461958408355713e-01
1.000000000000000000e+00,4.781408607959747314e-01
1.000000000000000000e+00,3.949495553970336914e-01
1.000000000000000000e+00,4.052574932575225830e-01
1.000000000000000000e+00,3.991838097572326660e-01
1.000000000000000000e+00,4.722998142242431641e-01
1.000000000000000000e+00,3.760293424129486084e-01
1.000000000000000000e+00,4.701147675514221191e-01
1.000000000000000000e+00,3.168844580650329590e-01
1.000000000000000000e+00,3.711887300014495850e-01
1.000000000000000000e+00,4.020202457904815674e-01
1.000000000000000000e+00,5.369916558265686035e-01
1.000000000000000000e+00,5.302888154983520508e-01
1.000000000000000000e+00,3.591660261154174805e-01
1.000000000000000000e+00,4.233371913433074951e-01
1.000000000000000000e+00,3.589163720607757568e-01
1.000000000000000000e+00,3.948189616203308105e-01
1.000000000000000000e+00,4.277338981628417969e-01
1.000000000000000000e+00,3.899235129356384277e-01
1.000000000000000000e+00,4.306495189666748047e-01
1.000000000000000000e+00,3.850551843643188477e-01
1.000000000000000000e+00,3.660944402217864990e-01
1.000000000000000000e+00,4.105246663093566895e-01
1.000000000000000000e+00,4.570184350013732910e-01
1.000000000000000000e+00,4.004696309566497803e-01
1.000000000000000000e+00,3.679847121238708496e-01
1.000000000000000000e+00,4.498614370822906494e-01
1.000000000000000000e+00,4.737370014190673828e-01
1.000000000000000000e+00,4.489669501781463623e-01
1.000000000000000000e+00,4.029677510261535645e-01
1.000000000000000000e+00,4.249710440635681152e-01
1.000000000000000000e+00,4.695716500282287598e-01
1.000000000000000000e+00,4.496630728244781494e-01
1.000000000000000000e+00,3.896918594837188721e-01
1.000000000000000000e+00,3.673492670059204102e-01
1.000000000000000000e+00,3.812237083911895752e-01
1.000000000000000000e+00,3.502946794033050537e-01
1.000000000000000000e+00,4.733701050281524658e-01
1.000000000000000000e+00,4.511030912399291992e-01
1.000000000000000000e+00,4.254610836505889893e-01
1.000000000000000000e+00,3.444355726242065430e-01
1.000000000000000000e+00,3.566114902496337891e-01
1.000000000000000000e+00,4.617282450199127197e-01
1.000000000000000000e+00,4.258134365081787109e-01
1.000000000000000000e+00,4.049551784992218018e-01
1.000000000000000000e+00,3.459255099296569824e-01
1.000000000000000000e+00,4.547048211097717285e-01
1.000000000000000000e+00,4.807274639606475830e-01
1.000000000000000000e+00,4.041752219200134277e-01
1.000000000000000000e+00,4.048765599727630615e-01
1.000000000000000000e+00,3.672474324703216553e-01
1.000000000000000000e+00,4.864682555198669434e-01
1.000000000000000000e+00,4.430419504642486572e-01
1.000000000000000000e+00,4.391568899154663086e-01
1.000000000000000000e+00,4.286263287067413330e-01
1.000000000000000000e+00,4.368305802345275879e-01
1.000000000000000000e+00,5.347803235054016113e-01
1.000000000000000000e+00,4.104876518249511719e-01
1.000000000000000000e+00,3.828816711902618408e-01
1.000000000000000000e+00,5.818061828613281250e-01
1.000000000000000000e+00,3.783118724822998047e-01
1.000000000000000000e+00,4.567476511001586914e-01
1.000000000000000000e+00,4.527977406978607178e-01
1.000000000000000000e+00,4.499523639678955078e-01
1.000000000000000000e+00,3.804746270179748535e-01
1.000000000000000000e+00,3.577194213867187500e-01
1.000000000000000000e+00,4.196165502071380615e-01
1.000000000000000000e+00,4.141386747360229492e-01
1.000000000000000000e+00,4.012860059738159180e-01
1.000000000000000000e+00,4.194572567939758301e-01
1.000000000000000000e+00,4.451057612895965576e-01
1.000000000000000000e+00,3.830071091651916504e-01
1.000000000000000000e+00,4.381898641586303711e-01
1.000000000000000000e+00,3.435768485069274902e-01
1.000000000000000000e+00,4.127923846244812012e-01
1.000000000000000000e+00,4.254857301712036133e-01
1.000000000000000000e+00,4.585559666156768799e-01
1.000000000000000000e+00,3.897081315517425537e-01
1.000000000000000000e+00,4.975437521934509277e-01
1.000000000000000000e+00,3.682813346385955811e-01
1.000000000000000000e+00,5.154573917388916016e-01
1.000000000000000000e+00,5.219630002975463867e-01
1.000000000000000000e+00,4.345493614673614502e-01
1.000000000000000000e+00,4.177863299846649170e-01
1.000000000000000000e+00,3.531013429164886475e-01
1.000000000000000000e+00,3.619260191917419434e-01
1.000000000000000000e+00,4.246275126934051514e-01
1.000000000000000000e+00,3.727402389049530029e-01
1.000000000000000000e+00,4.692747592926025391e-01
1.000000000000000000e+00,3.547871410846710205e-01
1.000000000000000000e+00,5.237926244735717773e-01
1.000000000000000000e+00,3.180245757102966309e-01
1.000000000000000000e+00,4.389359354972839355e-01
1.000000000000000000e+00,3.950139284133911133e-01
1.000000000000000000e+00,4.253805875778198242e-01
1.000000000000000000e+00,3.925246894359588623e-01
1.000000000000000000e+00,4.233583211898803711e-01
1.000000000000000000e+00,4.409347176551818848e-01
1.000000000000000000e+00,4.263832569122314453e-01
1.000000000000000000e+00,4.261581897735595703e-01
1.000000000000000000e+00,4.309041202068328857e-01
1.000000000000000000e+00,4.270940423011779785e-01
1.000000000000000000e+00,4.393920004367828369e-01
1.000000000000000000e+00,4.464305639266967773e-01
1.000000000000000000e+00,4.522106647491455078e-01
1.000000000000000000e+00,4.869981706142425537e-01
1.000000000000000000e+00,3.634865283966064453e-01
1.000000000000000000e+00,4.007320404052734375e-01
1.000000000000000000e+00,3.897617459297180176e-01
1.000000000000000000e+00,4.613788127899169922e-01
1.000000000000000000e+00,3.667953312397003174e-01
1.000000000000000000e+00,4.137261509895324707e-01
1.000000000000000000e+00,3.270272612571716309e-01
1.000000000000000000e+00,3.985633552074432373e-01
1.000000000000000000e+00,4.515833854675292969e-01
1.000000000000000000e+00,3.444915115833282471e-01
1.000000000000000000e+00,3.850478529930114746e-01
1.000000000000000000e+00,4.617731273174285889e-01
1.000000000000000000e+00,3.714365959167480469e-01
1.000000000000000000e+00,4.700361490249633789e-01
1.000000000000000000e+00,5.036991238594055176e-01
1.000000000000000000e+00,3.668869435787200928e-01
1.000000000000000000e+00,4.355213344097137451e-01
1.000000000000000000e+00,4.231004118919372559e-01
1.000000000000000000e+00,3.282585144042968750e-01
1.000000000000000000e+00,3.839388489723205566e-01
1.000000000000000000e+00,3.957453072071075439e-01
1.000000000000000000e+00,4.029613137245178223e-01
1.000000000000000000e+00,3.826191425323486328e-01
1.000000000000000000e+00,3.935447931289672852e-01
1.000000000000000000e+00,4.037832617759704590e-01
1.000000000000000000e+00,4.124208688735961914e-01
1.000000000000000000e+00,4.254732131958007812e-01
1.000000000000000000e+00,4.156349003314971924e-01
1.000000000000000000e+00,4.364737570285797119e-01
1.000000000000000000e+00,3.575192689895629883e-01
1.000000000000000000e+00,4.488624334335327148e-01
1.000000000000000000e+00,4.176523685455322266e-01
1.000000000000000000e+00,4.741782546043395996e-01
1.000000000000000000e+00,4.301005303859710693e-01
1.000000000000000000e+00,4.171809852123260498e-01
1.000000000000000000e+00,4.339833855628967285e-01
1.000000000000000000e+00,3.459469974040985107e-01
1.000000000000000000e+00,4.028162956237792969e-01
1.000000000000000000e+00,3.528605103492736816e-01
1.000000000000000000e+00,4.225640892982482910e-01
1.000000000000000000e+00,3.967472910881042480e-01
1.000000000000000000e+00,4.875937104225158691e-01
1.000000000000000000e+00,3.694151937961578369e-01
1.000000000000000000e+00,3.827151656150817871e-01
1.000000000000000000e+00,4.212022721767425537e-01
1.000000000000000000e+00,4.223914444446563721e-01
1.000000000000000000e+00,4.319326579570770264e-01
1.000000000000000000e+00,4.591916799545288086e-01
1.000000000000000000e+00,4.198363721370697021e-01
1.000000000000000000e+00,4.710822403430938721e-01
1.000000000000000000e+00,4.080610275268554688e-01
1.000000000000000000e+00,3.914985656738281250e-01
1.000000000000000000e+00,4.529074728488922119e-01
1.000000000000000000e+00,4.429329037666320801e-01
1.000000000000000000e+00,4.324938058853149414e-01
1.000000000000000000e+00,4.270889163017272949e-01
1.000000000000000000e+00,4.975738525390625000e-01
1.000000000000000000e+00,4.835610985755920410e-01
1.000000000000000000e+00,4.970679581165313721e-01
1.000000000000000000e+00,4.403373301029205322e-01
1.000000000000000000e+00,3.754250109195709229e-01
1.000000000000000000e+00,5.931660532951354980e-01
1.000000000000000000e+00,4.162359237670898438e-01
1.000000000000000000e+00,4.205167889595031738e-01
1.000000000000000000e+00,4.807764291763305664e-01
1.000000000000000000e+00,4.616844654083251953e-01
1.000000000000000000e+00,4.093387424945831299e-01
1.000000000000000000e+00,4.704742133617401123e-01
1.000000000000000000e+00,3.725614845752716064e-01
1.000000000000000000e+00,4.009793400764465332e-01
1.000000000000000000e+00,4.322914779186248779e-01
1.000000000000000000e+00,5.736656785011291504e-01
1.000000000000000000e+00,5.578986406326293945e-01
1.000000000000000000e+00,4.399673640727996826e-01
1.000000000000000000e+00,4.171736836433410645e-01
1.000000000000000000e+00,4.295497834682464600e-01
1.000000000000000000e+00,4.548938274383544922e-01
1.000000000000000000e+00,4.337048530578613281e-01
1.000000000000000000e+00,5.021236538887023926e-01
1.000000000000000000e+00,4.688506424427032471e-01
1.000000000000000000e+00,4.846151471138000488e-01
1.000000000000000000e+00,5.177103281021118164e-01
1.000000000000000000e+00,4.368932843208312988e-01
1.000000000000000000e+00,4.099362194538116455e-01
1.000000000000000000e+00,4.341492056846618652e-01
1.000000000000000000e+00,4.010536670684814453e-01
1.000000000000000000e+00,4.678966701030731201e-01
1.000000000000000000e+00,3.883923888206481934e-01
1.000000000000000000e+00,3.712365627288818359e-01
1.000000000000000000e+00,5.432496070861816406e-01
1.000000000000000000e+00,4.426715373992919922e-01
1.000000000000000000e+00,3.594719469547271729e-01
1.000000000000000000e+00,4.307520985603332520e-01
1.000000000000000000e+00,4.503257870674133301e-01
1.000000000000000000e+00,4.269237518310546875e-01
1.000000000000000000e+00,3.797525167465209961e-01
1.000000000000000000e+00,4.358484447002410889e-01
1.000000000000000000e+00,3.879097104072570801e-01
1.000000000000000000e+00,4.403370022773742676e-01
1.000000000000000000e+00,4.490225315093994141e-01
1.000000000000000000e+00,4.888135790824890137e-01
1.000000000000000000e+00,4.615381062030792236e-01
1.000000000000000000e+00,4.802412986755371094e-01
1.000000000000000000e+00,3.818646967411041260e-01
1.000000000000000000e+00,4.618902206420898438e-01
1.000000000000000000e+00,4.726725816726684570e-01
1.000000000000000000e+00,4.710443615913391113e-01
1.000000000000000000e+00,3.706662356853485107e-01
1.000000000000000000e+00,4.313091635704040527e-01
1.000000000000000000e+00,4.508004188537597656e-01
1.000000000000000000e+00,5.634726285934448242e-01
1.000000000000000000e+00,3.946546316146850586e-01
1.000000000000000000e+00,4.623485207557678223e-01
1.000000000000000000e+00,3.971512913703918457e-01
1.000000000000000000e+00,4.594057202339172363e-01
1.000000000000000000e+00,3.562519848346710205e-01
1.000000000000000000e+00,3.732486665248870850e-01
1.000000000000000000e+00,4.178008735179901123e-01
1.000000000000000000e+00,5.258953571319580078e-01
1.000000000000000000e+00,4.173778593540191650e-01
1.000000000000000000e+00,4.696098566055297852e-01
1.000000000000000000e+00,3.238428831100463867e-01
1.000000000000000000e+00,3.918232321739196777e-01
1.000000000000000000e+00,4.391407966613769531e-01
1.000000000000000000e+00,4.463155865669250488e-01
1.000000000000000000e+00,3.956584930419921875e-01
1.000000000000000000e+00,3.732684850692749023e-01
1.000000000000000000e+00,4.681851565837860107e-01
1.000000000000000000e+00,4.673603773117065430e-01
1.000000000000000000e+00,4.270516335964202881e-01
1.000000000000000000e+00,3.753388822078704834e-01
1.000000000000000000e+00,4.308806061744689941e-01
1.000000000000000000e+00,4.022781550884246826e-01
1.000000000000000000e+00,4.307361543178558350e-01
1.000000000000000000e+00,3.901588320732116699e-01
1.000000000000000000e+00,3.803310692310333252e-01
1.000000000000000000e+00,5.428096055984497070e-01
1.000000000000000000e+00,4.460206031799316406e-01
1.000000000000000000e+00,4.391380548477172852e-01
1.000000000000000000e+00,4.466689229011535645e-01
1.000000000000000000e+00,4.570031166076660156e-01
1.000000000000000000e+00,3.582951426506042480e-01
1.000000000000000000e+00,3.640244603157043457e-01
1.000000000000000000e+00,4.161247611045837402e-01
1.000000000000000000e+00,4.433366656303405762e-01
1.000000000000000000e+00,4.502246379852294922e-01
1.000000000000000000e+00,4.735153615474700928e-01
1.000000000000000000e+00,3.432738482952117920e-01
1.000000000000000000e+00,4.051709771156311035e-01
1.000000000000000000e+00,4.415927529335021973e-01
1.000000000000000000e+00,3.717921972274780273e-01
1.000000000000000000e+00,4.506807923316955566e-01
1.000000000000000000e+00,5.087411999702453613e-01
1.000000000000000000e+00,4.079206287860870361e-01
1.000000000000000000e+00,4.632950723171234131e-01
1.000000000000000000e+00,4.131851494312286377e-01
1.000000000000000000e+00,4.477993249893188477e-01
1.000000000000000000e+00,4.151962101459503174e-01
1.000000000000000000e+00,4.276382327079772949e-01
1.000000000000000000e+00,4.555835723876953125e-01
1.000000000000000000e+00,4.663709998130798340e-01
1.000000000000000000e+00,4.165063798427581787e-01
1.000000000000000000e+00,4.424537122249603271e-01
1.000000000000000000e+00,4.713468253612518311e-01
1.000000000000000000e+00,4.366148710250854492e-01
1.000000000000000000e+00,4.064375758171081543e-01
1.000000000000000000e+00,3.765241801738739014e-01
1.000000000000000000e+00,3.890445530414581299e-01
1.000000000000000000e+00,3.938411176204681396e-01
1.000000000000000000e+00,4.043970704078674316e-01
1.000000000000000000e+00,4.156181514263153076e-01
1.000000000000000000e+00,4.005827009677886963e-01
