label,score
0.000000000000000000e+00,3.304348587989807129e-01
0.000000000000000000e+00,3.170223832130432129e-01
0.000000000000000000e+00,1.731620728969573975e-01
0.000000000000000000e+00,2.035948634147644043e-01
0.000000000000000000e+00,1.892743855714797974e-01
0.000000000000000000e+00,1.348292231559753418e-01
0.000000000000000000e+00,1.824871748685836792e-01
0.000000000000000000e+00,1.366976499557495117e-01
0.000000000000000000e+00,1.672611534595489502e-01
0.000000000000000000e+00,1.670412570238113403e-01
0.000000000000000000e+00,1.774960160255432129e-01
0.000000000000000000e+00,1.376432627439498901e-01
0.000000000000000000e+00,2.374130785465240479e-01
0.000000000000000000e+00,1.891976594924926758e-01
0.000000000000000000e+00,1.859011352062225342e-01
0.000000000000000000e+00,1.241370886564254761e-01
0.000000000000000000e+00,1.529753506183624268e-01
0.000000000000000000e+00,1.762262433767318726e-01
0.000000000000000000e+00,1.400251239538192749e-01
0.000000000000000000e+00,1.340671926736831665e-01
0.000000000000000000e+00,1.579937189817428589e-01
0.000000000000000000e+00,1.528897583484649658e-01
0.000000000000000000e+00,1.713607907295227051e-01
0.000000000000000000e+00,1.911681145429611206e-01
0.000000000000000000e+00,1.664071083068847656e-01
0.000000000000000000e+00,1.559793204069137573e-01
0.000000000000000000e+00,1.902559995651245117e-01
0.000000000000000000e+00,1.542737036943435669e-01
0.000000000000000000e+00,1.456152051687240601e-01
0.000000000000000000e+00,1.664483249187469482e-01
0.000000000000000000e+00,1.484250575304031372e-01
0.000000000000000000e+00,2.176793664693832397e-01
0.000000000000000000e+00,1.474793851375579834e-01
0.000000000000000000e+00,1.529850959777832031e-01
0.000000000000000000e+00,1.894513666629791260e-01
0.000000000000000000e+00,1.359719336032867432e-01
0.000000000000000000e+00,1.669628322124481201e-01
0.000000000000000000e+00,1.461569666862487793e-01
0.000000000000000000e+00,1.746894121170043945e-01
0.000000000000000000e+00,1.623097658157348633e-01
0.000000000000000000e+00,1.487286239862442017e-01
0.000000000000000000e+00,1.085270047187805176e-01
0.000000000000000000e+00,1.529270261526107788e-01
0.000000000000000000e+00,1.789017915725708008e-01
0.000000000000000000e+00,1.282653510570526123e-01
0.000000000000000000e+00,1.805372834205627441e-01
0.000000000000000000e+00,1.663595288991928101e-01
0.000000000000000000e+00,1.407577693462371826e-01
0.000000000000000000e+00,1.460794061422348022e-01
0.000000000000000000e+00,1.591994464397430420e-01
0.000000000000000000e+00,1.381474435329437256e-01
0.000000000000000000e+00,1.531648635864257812e-01
0.000000000000000000e+00,1.604137420654296875e-01
0.000000000000000000e+00,2.094351500272750854e-01
0.000000000000000000e+00,1.677111685276031494e-01
0.000000000000000000e+00,1.725916713476181030e-01
0.000000000000000000e+00,1.877070665359497070e-01
0.000000000000000000e+00,2.529795765876770020e-01
0.000000000000000000e+00,1.448968052864074707e-01
0.000000000000000000e+00,1.346438229084014893e-01
0.000000000000000000e+00,1.567025482654571533e-01
0.000000000000000000e+00,1.598042547702789307e-01
0.000000000000000000e+00,1.710751354694366455e-01
0.000000000000000000e+00,1.559386402368545532e-01
0.000000000000000000e+00,1.208434700965881348e-01
0.000000000000000000e+00,1.448875367641448975e-01
0.000000000000000000e+00,1.525748372077941895e-01
0.000000000000000000e+00,1.594868153333663940e-01
0.000000000000000000e+00,1.719028353691101074e-01
0.000000000000000000e+00,1.309652775526046753e-01
0.000000000000000000e+00,1.336864829063415527e-01
0.000000000000000000e+00,1.578896045684814453e-01
0.000000000000000000e+00,1.629458218812942505e-01
0.000000000000000000e+00,1.454207599163055420e-01
0.000000000000000000e+00,1.832776963710784912e-01
0.000000000000000000e+00,1.672161221504211426e-01
0.000000000000000000e+00,1.541118621826171875e-01
0.000000000000000000e+00,1.455385982990264893e-01
0.000000000000000000e+00,1.496315449476242065e-01
0.000000000000000000e+00,2.872718572616577148e-01
0.000000000000000000e+00,1.512532830238342285e-01
0.000000000000000000e+00,1.387901753187179565e-01
0.000000000000000000e+00,1.853961497545242310e-01
0.000000000000000000e+00,1.692145019769668579e-01
0.000000000000000000e+00,1.819454878568649292e-01
0.000000000000000000e+00,1.586469411849975586e-01
0.000000000000000000e+00,1.681852340698242188e-01
0.000000000000000000e+00,1.708226054906845093e-01
0.000000000000000000e+00,1.744993031024932861e-01
0.000000000000000000e+00,1.530015170574188232e-01
0.000000000000000000e+00,1.791405528783798218e-01
0.000000000000000000e+00,1.449472010135650635e-01
0.000000000000000000e+00,1.432497501373291016e-01
0.000000000000000000e+00,1.591426283121109009e-01
0.000000000000000000e+00,1.416147202253341675e-01
0.000000000000000000e+00,1.832463145256042480e-01
0.000000000000000000e+00,1.477060019969940186e-01
0.000000000000000000e+00,1.406483054161071777e-01
0.000000000000000000e+00,1.561069935560226440e-01
0.000000000000000000e+00,1.679383963346481323e-01
0.000000000000000000e+00,1.659152358770370483e-01
0.000000000000000000e+00,1.615055352449417114e-01
0.000000000000000000e+00,1.914994716644287109e-01
0.000000000000000000e+00,2.055887728929519653e-01
0.000000000000000000e+00,2.030477970838546753e-01
0.000000000000000000e+00,1.606235206127166748e-01
0.000000000000000000e+00,1.487127244472503662e-01
0.000000000000000000e+00,1.403477191925048828e-01
0.000000000000000000e+00,1.411598026752471924e-01
0.000000000000000000e+00,1.350227296352386475e-01
0.000000000000000000e+00,1.667402982711791992e-01
0.000000000000000000e+00,1.360324621200561523e-01
0.000000000000000000e+00,2.026370465755462646e-01
0.000000000000000000e+00,1.623126268386840820e-01
0.000000000000000000e+00,1.596644520759582520e-01
0.000000000000000000e+00,1.919733285903930664e-01
0.000000000000000000e+00,1.534191817045211792e-01
0.000000000000000000e+00,1.601324975490570068e-01
0.000000000000000000e+00,1.562287807464599609e-01
0.000000000000000000e+00,1.803332269191741943e-01
0.000000000000000000e+00,1.655450910329818726e-01
0.000000000000000000e+00,2.086163908243179321e-01
0.000000000000000000e+00,1.810723394155502319e-01
0.000000000000000000e+00,2.247004210948944092e-01
0.000000000000000000e+00,1.902540475130081177e-01
0.000000000000000000e+00,1.684764623641967773e-01
0.000000000000000000e+00,1.594119369983673096e-01
0.000000000000000000e+00,1.715964078903198242e-01
0.000000000000000000e+00,1.836566329002380371e-01
0.000000000000000000e+00,1.561239063739776611e-01
0.000000000000000000e+00,1.385246217250823975e-01
0.000000000000000000e+00,1.452126801013946533e-01
0.000000000000000000e+00,1.569658219814300537e-01
0.000000000000000000e+00,1.359990835189819336e-01
0.000000000000000000e+00,1.813967525959014893e-01
0.000000000000000000e+00,1.801453828811645508e-01
0.000000000000000000e+00,1.426735669374465942e-01
0.000000000000000000e+00,1.521903276443481445e-01
0.000000000000000000e+00,1.400341987609863281e-01
0.000000000000000000e+00,1.571429371833801270e-01
0.000000000000000000e+00,1.677288711071014404e-01
0.000000000000000000e+00,1.621242463588714600e-01
0.000000000000000000e+00,1.561720222234725952e-01
0.000000000000000000e+00,1.337657123804092407e-01
0.000000000000000000e+00,1.517823338508605957e-01
0.000000000000000000e+00,1.865869462490081787e-01
0.000000000000000000e+00,1.525764763355255127e-01
0.000000000000000000e+00,1.686399132013320923e-01
0.000000000000000000e+00,1.533004641532897949e-01
0.000000000000000000e+00,1.540261507034301758e-01
0.000000000000000000e+00,1.739485561847686768e-01
0.000000000000000000e+00,1.492438614368438721e-01
0.000000000000000000e+00,1.721271574497222900e-01
0.000000000000000000e+00,1.660104990005493164e-01
0.000000000000000000e+00,1.460335701704025269e-01
0.000000000000000000e+00,1.524501740932464600e-01
0.000000000000000000e+00,1.588361412286758423e-01
0.000000000000000000e+00,1.500177234411239624e-01
0.000000000000000000e+00,1.639763563871383667e-01
0.000000000000000000e+00,1.679524183273315430e-01
0.000000000000000000e+00,1.981259286403656006e-01
0.000000000000000000e+00,1.455208510160446167e-01
0.000000000000000000e+00,1.815832555294036865e-01
0.000000000000000000e+00,1.387052983045578003e-01
0.000000000000000000e+00,2.422851026058197021e-01
0.000000000000000000e+00,2.034417986869812012e-01
0.000000000000000000e+00,1.862408816814422607e-01
0.000000000000000000e+00,2.234473824501037598e-01
0.000000000000000000e+00,1.703918725252151489e-01
0.000000000000000000e+00,2.520605921745300293e-01
0.000000000000000000e+00,1.502062529325485229e-01
0.000000000000000000e+00,1.686092317104339600e-01
0.000000000000000000e+00,2.152690440416336060e-01
0.000000000000000000e+00,1.648405045270919800e-01
0.000000000000000000e+00,1.691647917032241821e-01
0.000000000000000000e+00,1.794905662536621094e-01
0.000000000000000000e+00,2.068909555673599243e-01
0.000000000000000000e+00,1.881645619869232178e-01
0.000000000000000000e+00,2.025736868381500244e-01
0.000000000000000000e+00,1.692214012145996094e-01
0.000000000000000000e+00,1.586408913135528564e-01
0.000000000000000000e+00,1.556210815906524658e-01
0.000000000000000000e+00,2.050741612911224365e-01
0.000000000000000000e+00,2.120704501867294312e-01
0.000000000000000000e+00,1.830436736345291138e-01
0.000000000000000000e+00,1.714741289615631104e-01
0.000000000000000000e+00,1.677024066448211670e-01
0.000000000000000000e+00,1.814149916172027588e-01
0.000000000000000000e+00,1.961837261915206909e-01
0.000000000000000000e+00,2.002182900905609131e-01
0.000000000000000000e+00,1.730945259332656860e-01
0.000000000000000000e+00,1.706087142229080200e-01
0.000000000000000000e+00,1.886020600795745850e-01
0.000000000000000000e+00,1.806894838809967041e-01
0.000000000000000000e+00,1.431434452533721924e-01
0.000000000000000000e+00,1.821301728487014771e-01
0.000000000000000000e+00,1.879520267248153687e-01
0.000000000000000000e+00,2.172993123531341553e-01
0.000000000000000000e+00,3.210361003875732422e-01
0.000000000000000000e+00,2.815729975700378418e-01
0.000000000000000000e+00,1.970325708389282227e-01
0.000000000000000000e+00,1.596147716045379639e-01
0.000000000000000000e+00,2.125192284584045410e-01
0.000000000000000000e+00,1.583205163478851318e-01
0.000000000000000000e+00,2.546768188476562500e-01
0.000000000000000000e+00,1.837982833385467529e-01
0.000000000000000000e+00,2.952576279640197754e-01
0.000000000000000000e+00,1.769217550754547119e-01
0.000000000000000000e+00,1.699026226997375488e-01
0.000000000000000000e+00,1.479892432689666748e-01
0.000000000000000000e+00,1.984475851058959961e-01
0.000000000000000000e+00,3.221593201160430908e-01
0.000000000000000000e+00,2.827376127243041992e-01
0.000000000000000000e+00,2.285790145397186279e-01
0.000000000000000000e+00,1.850652098655700684e-01
0.000000000000000000e+00,1.996291279792785645e-01
0.000000000000000000e+00,1.608044356107711792e-01
0.000000000000000000e+00,1.683095097541809082e-01
0.000000000000000000e+00,1.682598441839218140e-01
0.000000000000000000e+00,1.632414162158966064e-01
0.000000000000000000e+00,1.416362524032592773e-01
0.000000000000000000e+00,1.254208236932754517e-01
0.000000000000000000e+00,1.518040001392364502e-01
0.000000000000000000e+00,2.432377636432647705e-01
0.000000000000000000e+00,1.162311360239982605e-01
0.000000000000000000e+00,1.731038987636566162e-01
0.000000000000000000e+00,1.609936505556106567e-01
0.000000000000000000e+00,1.568317264318466187e-01
0.000000000000000000e+00,1.589259803295135498e-01
0.000000000000000000e+00,1.719793230295181274e-01
0.000000000000000000e+00,1.668710708618164062e-01
0.000000000000000000e+00,1.366458088159561157e-01
0.000000000000000000e+00,1.672864705324172974e-01
0.000000000000000000e+00,1.696667969226837158e-01
0.000000000000000000e+00,2.042655646800994873e-01
0.000000000000000000e+00,1.892852187156677246e-01
0.000000000000000000e+00,2.237008512020111084e-01
0.000000000000000000e+00,1.603073626756668091e-01
0.000000000000000000e+00,1.376585364341735840e-01
0.000000000000000000e+00,1.403934210538864136e-01
0.000000000000000000e+00,1.736150979995727539e-01
0.000000000000000000e+00,1.495569944381713867e-01
0.000000000000000000e+00,1.563330888748168945e-01
0.000000000000000000e+00,1.445005834102630615e-01
0.000000000000000000e+00,1.471524089574813843e-01
0.000000000000000000e+00,1.984713971614837646e-01
0.000000000000000000e+00,1.256858557462692261e-01
0.000000000000000000e+00,1.505361795425415039e-01
0.000000000000000000e+00,1.197961419820785522e-01
0.000000000000000000e+00,1.628939509391784668e-01
0.000000000000000000e+00,1.276530772447586060e-01
0.000000000000000000e+00,1.275366544723510742e-01
0.000000000000000000e+00,1.371532082557678223e-01
0.000000000000000000e+00,1.497459858655929565e-01
0.000000000000000000e+00,1.544744372367858887e-01
0.000000000000000000e+00,1.416855454444885254e-01
0.000000000000000000e+00,1.452112197875976562e-01
0.000000000000000000e+00,1.443546414375305176e-01
0.000000000000000000e+00,1.273133605718612671e-01
0.000000000000000000e+00,1.379133462905883789e-01
0.000000000000000000e+00,1.569100022315979004e-01
0.000000000000000000e+00,1.569817364215850830e-01
0.000000000000000000e+00,1.688552945852279663e-01
0.000000000000000000e+00,1.427371501922607422e-01
0.000000000000000000e+00,1.341103911399841309e-01
0.000000000000000000e+00,1.587128192186355591e-01
0.000000000000000000e+00,1.286846399307250977e-01
0.000000000000000000e+00,1.849967837333679199e-01
0.000000000000000000e+00,1.358475983142852783e-01
0.000000000000000000e+00,1.425360441207885742e-01
0.000000000000000000e+00,1.469302177429199219e-01
0.000000000000000000e+00,1.398341208696365356e-01
0.000000000000000000e+00,1.472157239913940430e-01
0.000000000000000000e+00,1.590396314859390259e-01
0.000000000000000000e+00,1.475113481283187866e-01
0.000000000000000000e+00,1.389954984188079834e-01
0.000000000000000000e+00,1.340063661336898804e-01
0.000000000000000000e+00,1.607711613178253174e-01
0.000000000000000000e+00,2.638010382652282715e-01
0.000000000000000000e+00,1.486138254404067993e-01
0.000000000000000000e+00,1.235576346516609192e-01
0.000000000000000000e+00,1.996898055076599121e-01
0.000000000000000000e+00,2.027765661478042603e-01
0.000000000000000000e+00,1.786364316940307617e-01
0.000000000000000000e+00,3.482889533042907715e-01
0.000000000000000000e+00,1.845966875553131104e-01
0.000000000000000000e+00,1.533880531787872314e-01
0.000000000000000000e+00,1.630597114562988281e-01
0.000000000000000000e+00,1.881481409072875977e-01
0.000000000000000000e+00,1.451589316129684448e-01
0.000000000000000000e+00,1.795268654823303223e-01
0.000000000000000000e+00,1.736649870872497559e-01
0.000000000000000000e+00,1.951375603675842285e-01
0.000000000000000000e+00,2.041549384593963623e-01
0.000000000000000000e+00,1.748250424861907959e-01
0.000000000000000000e+00,1.820127964019775391e-01
0.000000000000000000e+00,1.435129642486572266e-01
0.000000000000000000e+00,1.456194519996643066e-01
0.000000000000000000e+00,1.518068015575408936e-01
0.000000000000000000e+00,1.885772794485092163e-01
0.000000000000000000e+00,1.599240154027938843e-01
0.000000000000000000e+00,1.851171553134918213e-01
0.000000000000000000e+00,1.530741751194000244e-01
0.000000000000000000e+00,1.710023730993270874e-01
0.000000000000000000e+00,1.766745448112487793e-01
0.000000000000000000e+00,1.654876470565795898e-01
0.000000000000000000e+00,1.844567209482192993e-01
0.000000000000000000e+00,1.639359444379806519e-01
0.000000000000000000e+00,1.579239368438720703e-01
0.000000000000000000e+00,2.049387842416763306e-01
0.000000000000000000e+00,1.913556903600692749e-01
0.000000000000000000e+00,1.763493120670318604e-01
0.000000000000000000e+00,1.809690296649932861e-01
0.000000000000000000e+00,1.589948683977127075e-01
0.000000000000000000e+00,1.248013079166412354e-01
0.000000000000000000e+00,1.540148556232452393e-01
0.000000000000000000e+00,1.588293910026550293e-01
0.000000000000000000e+00,1.866122484207153320e-01
0.000000000000000000e+00,1.616637408733367920e-01
0.000000000000000000e+00,1.563209146261215210e-01
0.000000000000000000e+00,1.961312890052795410e-01
0.000000000000000000e+00,1.938179731369018555e-01
0.000000000000000000e+00,3.522433638572692871e-01
0.000000000000000000e+00,3.446423709392547607e-01
0.000000000000000000e+00,3.079270720481872559e-01
0.000000000000000000e+00,3.272168934345245361e-01
0.000000000000000000e+00,1.687653362751007080e-01
0.000000000000000000e+00,1.805824041366577148e-01
0.000000000000000000e+00,1.702192276716232300e-01
0.000000000000000000e+00,1.459179073572158813e-01
0.000000000000000000e+00,1.632675975561141968e-01
0.000000000000000000e+00,1.419783681631088257e-01
0.000000000000000000e+00,1.879570186138153076e-01
0.000000000000000000e+00,1.486738622188568115e-01
0.000000000000000000e+00,1.554318666458129883e-01
0.000000000000000000e+00,1.856506764888763428e-01
0.000000000000000000e+00,1.775310188531875610e-01
0.000000000000000000e+00,1.426397562026977539e-01
0.000000000000000000e+00,1.461795568466186523e-01
0.000000000000000000e+00,1.810406446456909180e-01
0.000000000000000000e+00,1.460981816053390503e-01
0.000000000000000000e+00,1.406544297933578491e-01
0.000000000000000000e+00,1.559803336858749390e-01
0.000000000000000000e+00,1.617549955844879150e-01
0.000000000000000000e+00,1.715579479932785034e-01
0.000000000000000000e+00,2.098530232906341553e-01
0.000000000000000000e+00,1.425467431545257568e-01
0.000000000000000000e+00,2.039031088352203369e-01
0.000000000000000000e+00,1.827045530080795288e-01
0.000000000000000000e+00,1.635970771312713623e-01
0.000000000000000000e+00,1.517845839262008667e-01
0.000000000000000000e+00,1.908136606216430664e-01
0.000000000000000000e+00,1.515881866216659546e-01
0.000000000000000000e+00,1.607687473297119141e-01
0.000000000000000000e+00,1.784796714782714844e-01
0.000000000000000000e+00,1.644114106893539429e-01
0.000000000000000000e+00,2.245771139860153198e-01
0.000000000000000000e+00,1.649976372718811035e-01
0.000000000000000000e+00,2.068172693252563477e-01
0.000000000000000000e+00,1.980319917201995850e-01
0.000000000000000000e+00,2.756024003028869629e-01
0.000000000000000000e+00,1.810161173343658447e-01
0.000000000000000000e+00,1.667741239070892334e-01
0.000000000000000000e+00,1.363480091094970703e-01
0.000000000000000000e+00,1.934365332126617432e-01
0.000000000000000000e+00,1.722985655069351196e-01
0.000000000000000000e+00,1.603247821331024170e-01
0.000000000000000000e+00,1.844437122344970703e-01
0.000000000000000000e+00,1.954070478677749634e-01
0.000000000000000000e+00,1.674827635288238525e-01
0.000000000000000000e+00,1.674090325832366943e-01
0.000000000000000000e+00,1.866434961557388306e-01
0.000000000000000000e+00,2.133231014013290405e-01
0.000000000000000000e+00,3.273799121379852295e-01
0.000000000000000000e+00,1.707564145326614380e-01
0.000000000000000000e+00,1.735960245132446289e-01
0.000000000000000000e+00,1.402647495269775391e-01
0.000000000000000000e+00,2.026738375425338745e-01
0.000000000000000000e+00,1.823722720146179199e-01
0.000000000000000000e+00,1.921432316303253174e-01
0.000000000000000000e+00,2.103715837001800537e-01
0.000000000000000000e+00,1.515210419893264771e-01
0.000000000000000000e+00,1.734357625246047974e-01
0.000000000000000000e+00,1.794619560241699219e-01
0.000000000000000000e+00,1.547337770462036133e-01
0.000000000000000000e+00,1.398323476314544678e-01
0.000000000000000000e+00,1.771766096353530884e-01
0.000000000000000000e+00,1.764387637376785278e-01
0.000000000000000000e+00,1.469249129295349121e-01
0.000000000000000000e+00,2.057646214962005615e-01
0.000000000000000000e+00,1.815876662731170654e-01
0.000000000000000000e+00,1.534591168165206909e-01
0.000000000000000000e+00,1.498362123966217041e-01
0.000000000000000000e+00,1.385880559682846069e-01
0.000000000000000000e+00,1.715618669986724854e-01
0.000000000000000000e+00,1.899911165237426758e-01
0.000000000000000000e+00,2.188867181539535522e-01
0.000000000000000000e+00,2.169848084449768066e-01
0.000000000000000000e+00,1.555989384651184082e-01
0.000000000000000000e+00,2.348396480083465576e-01
0.000000000000000000e+00,2.520009279251098633e-01
0.000000000000000000e+00,1.846827268600463867e-01
0.000000000000000000e+00,1.665881872177124023e-01
0.000000000000000000e+00,2.033239603042602539e-01
0.000000000000000000e+00,1.599286198616027832e-01
0.000000000000000000e+00,2.214896827936172485e-01
0.000000000000000000e+00,1.955453455448150635e-01
0.000000000000000000e+00,1.621437519788742065e-01
0.000000000000000000e+00,1.640154272317886353e-01
0.000000000000000000e+00,2.073704004287719727e-01
0.000000000000000000e+00,1.687780320644378662e-01
0.000000000000000000e+00,1.760505735874176025e-01
0.000000000000000000e+00,1.792302131652832031e-01
0.000000000000000000e+00,1.873324662446975708e-01
0.000000000000000000e+00,2.004118412733078003e-01
0.000000000000000000e+00,2.346527874469757080e-01
0.000000000000000000e+00,2.201023846864700317e-01
0.000000000000000000e+00,1.779930293560028076e-01
0.000000000000000000e+00,1.465796232223510742e-01
0.000000000000000000e+00,1.567449867725372314e-01
0.000000000000000000e+00,2.090165615081787109e-01
0.000000000000000000e+00,2.189617753028869629e-01
0.000000000000000000e+00,1.723765283823013306e-01
0.000000000000000000e+00,1.723310500383377075e-01
0.000000000000000000e+00,1.649022549390792847e-01
0.000000000000000000e+00,1.617510914802551270e-01
0.000000000000000000e+00,2.001790553331375122e-01
0.000000000000000000e+00,2.098413407802581787e-01
0.000000000000000000e+00,2.176688909530639648e-01
0.000000000000000000e+00,1.822543740272521973e-01
0.000000000000000000e+00,1.469798684120178223e-01
0.000000000000000000e+00,1.787823736667633057e-01
0.000000000000000000e+00,1.682073622941970825e-01
0.000000000000000000e+00,1.492674201726913452e-01
0.000000000000000000e+00,1.776436567306518555e-01
0.000000000000000000e+00,2.659940719604492188e-01
0.000000000000000000e+00,1.486864984035491943e-01
0.000000000000000000e+00,1.597594916820526123e-01
0.000000000000000000e+00,1.739260554313659668e-01
0.000000000000000000e+00,1.417372077703475952e-01
0.000000000000000000e+00,1.714247167110443115e-01
0.000000000000000000e+00,1.743324846029281616e-01
0.000000000000000000e+00,1.579334586858749390e-01
0.000000000000000000e+00,1.377348005771636963e-01
0.000000000000000000e+00,1.785752326250076294e-01
0.000000000000000000e+00,1.714373826980590820e-01
0.000000000000000000e+00,1.479089409112930298e-01
0.000000000000000000e+00,1.864936053752899170e-01
0.000000000000000000e+00,1.548210531473159790e-01
0.000000000000000000e+00,1.638456135988235474e-01
0.000000000000000000e+00,1.867745965719223022e-01
0.000000000000000000e+00,1.661756932735443115e-01
0.000000000000000000e+00,1.729100197553634644e-01
0.000000000000000000e+00,1.665317118167877197e-01
0.000000000000000000e+00,1.311072111129760742e-01
0.000000000000000000e+00,1.605470925569534302e-01
0.000000000000000000e+00,1.873104721307754517e-01
0.000000000000000000e+00,1.716114282608032227e-01
0.000000000000000000e+00,1.850482821464538574e-01
0.000000000000000000e+00,1.500802636146545410e-01
0.000000000000000000e+00,1.365307271480560303e-01
0.000000000000000000e+00,1.654019802808761597e-01
0.000000000000000000e+00,1.400710642337799072e-01
0.000000000000000000e+00,1.384867727756500244e-01
0.000000000000000000e+00,1.201151162385940552e-01
0.000000000000000000e+00,1.975475847721099854e-01
0.000000000000000000e+00,1.394423693418502808e-01
0.000000000000000000e+00,1.907937526702880859e-01
0.000000000000000000e+00,1.696461141109466553e-01
0.000000000000000000e+00,1.344885826110839844e-01
0.000000000000000000e+00,1.437424123287200928e-01
0.000000000000000000e+00,1.325685679912567139e-01
0.000000000000000000e+00,1.390766352415084839e-01
0.000000000000000000e+00,1.568095237016677856e-01
0.000000000000000000e+00,1.485620290040969849e-01
0.000000000000000000e+00,1.791525781154632568e-01
0.000000000000000000e+00,1.705876886844635010e-01
0.000000000000000000e+00,1.641075760126113892e-01
0.000000000000000000e+00,1.748234629631042480e-01
0.000000000000000000e+00,1.864922791719436646e-01
0.000000000000000000e+00,1.831196993589401245e-01
0.000000000000000000e+00,1.702897250652313232e-01
0.000000000000000000e+00,1.845608353614807129e-01
0.000000000000000000e+00,1.732894927263259888e-01
0.000000000000000000e+00,1.426733583211898804e-01
0.000000000000000000e+00,1.820451021194458008e-01
0.000000000000000000e+00,2.455874681472778320e-01
0.000000000000000000e+00,1.667546480894088745e-01
0.000000000000000000e+00,2.458767890930175781e-01
0.000000000000000000e+00,2.095574140548706055e-01
0.000000000000000000e+00,1.805397868156433105e-01
0.000000000000000000e+00,1.745823621749877930e-01
0.000000000000000000e+00,1.624554246664047241e-01
0.000000000000000000e+00,1.342597305774688721e-01
0.000000000000000000e+00,1.980418413877487183e-01
0.000000000000000000e+00,3.268858790397644043e-01
0.000000000000000000e+00,2.255809903144836426e-01
0.000000000000000000e+00,1.978940069675445557e-01
0.000000000000000000e+00,1.513469815254211426e-01
0.000000000000000000e+00,1.770537644624710083e-01
1.000000000000000000e+00,4.033848047256469727e-01
1.000000000000000000e+00,5.479675531387329102e-01
1.000000000000000000e+00,5.319886207580566406e-01
1.000000000000000000e+00,4.493297338485717773e-01
1.000000000000000000e+00,4.469861388206481934e-01
1.000000000000000000e+00,4.965710937976837158e-01
1.000000000000000000e+00,4.054074883460998535e-01
1.000000000000000000e+00,4.419755935668945312e-01
1.000000000000000000e+00,4.206097722053527832e-01
1.000000000000000000e+00,4.216582775115966797e-01
1.000000000000000000e+00,4.449750781059265137e-01
1.000000000000000000e+00,4.389932751655578613e-01
1.000000000000000000e+00,4.699130058288574219e-01
1.000000000000000000e+00,4.217650592327117920e-01
1.000000000000000000e+00,3.802957534790039062e-01
1.000000000000000000e+00,3.649477958679199219e-01
1.000000000000000000e+00,3.886711597442626953e-01
1.000000000000000000e+00,3.704030811786651611e-01
1.000000000000000000e+00,4.519996345043182373e-01
1.000000000000000000e+00,3.709467351436614990e-01
1.000000000000000000e+00,4.555653929710388184e-01
1.000000000000000000e+00,4.288563132286071777e-01
1.000000000000000000e+00,4.369880855083465576e-01
1.000000000000000000e+00,4.230357408523559570e-01
1.000000000000000000e+00,4.982210993766784668e-01
1.000000000000000000e+00,4.010800719261169434e-01
1.000000000000000000e+00,4.354374408721923828e-01
1.000000000000000000e+00,4.711153507232666016e-01
1.000000000000000000e+00,4.607645869255065918e-01
1.000000000000000000e+00,4.537687897682189941e-01
1.000000000000000000e+00,4.235227108001708984e-01
1.000000000000000000e+00,4.083465635776519775e-01
1.000000000000000000e+00,4.555982947349548340e-01
1.000000000000000000e+00,3.548222482204437256e-01
1.000000000000000000e+00,4.316807687282562256e-01
1.000000000000000000e+00,4.183925390243530273e-01
1.000000000000000000e+00,4.199713766574859619e-01
1.000000000000000000e+00,4.074245393276214600e-01
1.000000000000000000e+00,3.669572770595550537e-01
1.000000000000000000e+00,3.859460353851318359e-01
1.000000000000000000e+00,4.218065738677978516e-01
1.000000000000000000e+00,4.835602641105651855e-01
1.000000000000000000e+00,3.769131898880004883e-01
1.000000000000000000e+00,4.585003554821014404e-01
1.000000000000000000e+00,3.043553233146667480e-01
1.000000000000000000e+00,4.086996912956237793e-01
1.000000000000000000e+00,4.225570559501647949e-01
1.000000000000000000e+00,4.093828201293945312e-01
1.000000000000000000e+00,3.963091373443603516e-01
1.000000000000000000e+00,4.268420338630676270e-01
1.000000000000000000e+00,3.581594228744506836e-01
1.000000000000000000e+00,3.960044980049133301e-01
1.000000000000000000e+00,4.232228398323059082e-01
1.000000000000000000e+00,3.866192698478698730e-01
1.000000000000000000e+00,3.885492086410522461e-01
1.000000000000000000e+00,3.964273035526275635e-01
1.000000000000000000e+00,4.230844378471374512e-01
1.000000000000000000e+00,4.105887711048126221e-01
1.000000000000000000e+00,3.357717692852020264e-01
1.000000000000000000e+00,4.186499416828155518e-01
1.000000000000000000e+00,5.439539551734924316e-01
1.000000000000000000e+00,4.320859014987945557e-01
1.000000000000000000e+00,4.212879240512847900e-01
1.000000000000000000e+00,4.722614586353302002e-01
1.000000000000000000e+00,4.366007447242736816e-01
1.000000000000000000e+00,3.638866245746612549e-01
1.000000000000000000e+00,4.366587996482849121e-01
1.000000000000000000e+00,3.837997913360595703e-01
1.000000000000000000e+00,4.535121023654937744e-01
1.000000000000000000e+00,3.750827908515930176e-01
1.000000000000000000e+00,4.386518597602844238e-01
1.000000000000000000e+00,4.786875247955322266e-01
1.000000000000000000e+00,3.657446503639221191e-01
1.000000000000000000e+00,4.737178683280944824e-01
1.000000000000000000e+00,4.938127100467681885e-01
1.000000000000000000e+00,4.518917798995971680e-01
1.000000000000000000e+00,4.151932895183563232e-01
1.000000000000000000e+00,4.087200760841369629e-01
1.000000000000000000e+00,4.016523361206054688e-01
1.000000000000000000e+00,4.208881258964538574e-01
1.000000000000000000e+00,3.719535470008850098e-01
1.000000000000000000e+00,4.006998538970947266e-01
1.000000000000000000e+00,5.500972867012023926e-01
1.000000000000000000e+00,4.482381939888000488e-01
1.000000000000000000e+00,3.911028206348419189e-01
1.000000000000000000e+00,4.227178394794464111e-01
1.000000000000000000e+00,4.382319450378417969e-01
1.000000000000000000e+00,5.101837515830993652e-01
1.000000000000000000e+00,4.929381608963012695e-01
1.000000000000000000e+00,4.163733124732971191e-01
1.000000000000000000e+00,4.745231270790100098e-01
1.000000000000000000e+00,5.250597000122070312e-01
1.000000000000000000e+00,3.830994963645935059e-01
1.000000000000000000e+00,3.929902911186218262e-01
1.000000000000000000e+00,4.019179642200469971e-01
1.000000000000000000e+00,5.134528875350952148e-01
1.000000000000000000e+00,4.404266178607940674e-01
1.000000000000000000e+00,4.616383314132690430e-01
1.000000000000000000e+00,4.120482206344604492e-01
1.000000000000000000e+00,4.585012793540954590e-01
1.000000000000000000e+00,4.175926744937896729e-01
1.000000000000000000e+00,3.771504163742065430e-01
1.000000000000000000e+00,3.768332898616790771e-01
1.000000000000000000e+00,5.113356113433837891e-01
1.000000000000000000e+00,4.365304410457611084e-01
1.000000000000000000e+00,4.491873979568481445e-01
1.000000000000000000e+00,4.237536787986755371e-01
1.000000000000000000e+00,4.249277710914611816e-01
1.000000000000000000e+00,5.293232798576354980e-01
1.000000000000000000e+00,4.222263395786285400e-01
1.000000000000000000e+00,4.547003209590911865e-01
1.000000000000000000e+00,4.760592579841613770e-01
1.000000000000000000e+00,4.502301216125488281e-01
1.000000000000000000e+00,4.957008063793182373e-01
1.000000000000000000e+00,4.539079368114471436e-01
1.000000000000000000e+00,3.827074766159057617e-01
1.000000000000000000e+00,3.906999826431274414e-01
1.000000000000000000e+00,3.536599278450012207e-01
1.000000000000000000e+00,3.828631639480590820e-01
1.000000000000000000e+00,3.891157507896423340e-01
1.000000000000000000e+00,4.549519717693328857e-01
1.000000000000000000e+00,3.835133612155914307e-01
1.000000000000000000e+00,3.628236651420593262e-01
1.000000000000000000e+00,4.277845919132232666e-01
1.000000000000000000e+00,4.249949753284454346e-01
1.000000000000000000e+00,3.252839148044586182e-01
1.000000000000000000e+00,4.017484188079833984e-01
1.000000000000000000e+00,4.106735289096832275e-01
1.000000000000000000e+00,4.329352378845214844e-01
1.000000000000000000e+00,4.371080696582794189e-01
1.000000000000000000e+00,4.900824427604675293e-01
1.000000000000000000e+00,4.648756980895996094e-01
1.000000000000000000e+00,4.108219146728515625e-01
1.000000000000000000e+00,4.198260903358459473e-01
1.000000000000000000e+00,4.223484396934509277e-01
1.000000000000000000e+00,4.296912550926208496e-01
1.000000000000000000e+00,3.606762290000915527e-01
1.000000000000000000e+00,4.448275566101074219e-01
1.000000000000000000e+00,4.246520996093750000e-01
1.000000000000000000e+00,4.112040400505065918e-01
1.000000000000000000e+00,3.774727582931518555e-01
1.000000000000000000e+00,4.155557155609130859e-01
1.000000000000000000e+00,3.927571177482604980e-01
1.000000000000000000e+00,4.355854392051696777e-01
1.000000000000000000e+00,3.750444650650024414e-01
1.000000000000000000e+00,3.996526598930358887e-01
1.000000000000000000e+00,4.920796155929565430e-01
1.000000000000000000e+00,4.276131391525268555e-01
1.000000000000000000e+00,4.051013290882110596e-01
1.000000000000000000e+00,5.099704861640930176e-01
1.000000000000000000e+00,4.836800992488861084e-01
1.000000000000000000e+00,3.954445719718933105e-01
1.000000000000000000e+00,4.656353890895843506e-01
1.000000000000000000e+00,3.255820870399475098e-01
1.000000000000000000e+00,3.968180119991302490e-01
1.000000000000000000e+00,4.110279679298400879e-01
1.000000000000000000e+00,4.489973783493041992e-01
1.000000000000000000e+00,4.224455952644348145e-01
1.000000000000000000e+00,3.867155313491821289e-01
1.000000000000000000e+00,3.784417808055877686e-01
1.000000000000000000e+00,4.498379826545715332e-01
1.000000000000000000e+00,3.955722153186798096e-01
1.000000000000000000e+00,3.839248418807983398e-01
1.000000000000000000e+00,3.833510577678680420e-01
1.000000000000000000e+00,3.744551539421081543e-01
1.000000000000000000e+00,4.451764822006225586e-01
1.000000000000000000e+00,3.642467260360717773e-01
1.000000000000000000e+00,4.237672686576843262e-01
1.000000000000000000e+00,4.062854647636413574e-01
1.000000000000000000e+00,4.137902557849884033e-01
1.000000000000000000e+00,5.085551738739013672e-01
1.000000000000000000e+00,4.806089401245117188e-01
1.000000000000000000e+00,4.433461427688598633e-01
1.000000000000000000e+00,4.464186131954193115e-01
1.000000000000000000e+00,3.758876323699951172e-01
1.000000000000000000e+00,4.220067858695983887e-01
1.000000000000000000e+00,3.650991916656494141e-01
1.000000000000000000e+00,4.326072931289672852e-01
1.000000000000000000e+00,4.657478034496307373e-01
1.000000000000000000e+00,4.864173531532287598e-01
1.000000000000000000e+00,4.092123508453369141e-01
1.000000000000000000e+00,3.377605080604553223e-01
1.000000000000000000e+00,3.595148921012878418e-01
1.000000000000000000e+00,4.752370119094848633e-01
1.000000000000000000e+00,3.864662647247314453e-01
1.000000000000000000e+00,4.682365655899047852e-01
1.000000000000000000e+00,4.252831935882568359e-01
1.000000000000000000e+00,4.154836237430572510e-01
1.000000000000000000e+00,4.255846142768859863e-01
1.000000000000000000e+00,3.902235627174377441e-01
1.000000000000000000e+00,3.816634416580200195e-01
1.000000000000000000e+00,3.400634527206420898e-01
1.000000000000000000e+00,3.905501365661621094e-01
1.000000000000000000e+00,4.792993664741516113e-01
1.000000000000000000e+00,4.241639971733093262e-01
1.000000000000000000e+00,4.260419607162475586e-01
1.000000000000000000e+00,4.903793334960937500e-01
1.000000000000000000e+00,4.698741734027862549e-01
1.000000000000000000e+00,4.122190475463867188e-01
1.000000000000000000e+00,4.842243492603302002e-01
1.000000000000000000e+00,3.947310745716094971e-01
1.000000000000000000e+00,3.783077895641326904e-01
1.000000000000000000e+00,4.352942705154418945e-01
1.000000000000000000e+00,3.455020189285278320e-01
1.000000000000000000e+00,4.573419690132141113e-01
1.000000000000000000e+00,4.045360684394836426e-01
1.000000000000000000e+00,4.043558239936828613e-01
1.000000000000000000e+00,3.883666992187500000e-01
1.000000000000000000e+00,4.332973062992095947e-01
1.000000000000000000e+00,3.741432130336761475e-01
1.000000000000000000e+00,4.346484839916229248e-01
1.000000000000000000e+00,3.911857604980468750e-01
1.000000000000000000e+00,3.686047196388244629e-01
1.000000000000000000e+00,3.766979575157165527e-01
1.000000000000000000e+00,5.313562154769897461e-01
1.000000000000000000e+00,4.151796996593475342e-01
1.000000000000000000e+00,5.244293808937072754e-01
1.000000000000000000e+00,4.096072018146514893e-01
1.000000000000000000e+00,3.914342820644378662e-01
1.000000000000000000e+00,4.132051765918731689e-01
1.000000000000000000e+00,4.683764874935150146e-01
1.000000000000000000e+00,4.606427550315856934e-01
1.000000000000000000e+00,4.596107602119445801e-01
1.000000000000000000e+00,5.074496269226074219e-01
1.000000000000000000e+00,5.031093955039978027e-01
1.000000000000000000e+00,3.896634280681610107e-01
1.000000000000000000e+00,3.760606050491333008e-01
1.000000000000000000e+00,3.722116053104400635e-01
1.000000000000000000e+00,3.855470716953277588e-01
1.000000000000000000e+00,4.206129610538482666e-01
1.000000000000000000e+00,3.655478060245513916e-01
1.000000000000000000e+00,3.898975253105163574e-01
1.000000000000000000e+00,3.878015577793121338e-01
1.000000000000000000e+00,4.202133417129516602e-01
1.000000000000000000e+00,5.173704624176025391e-01
1.000000000000000000e+00,4.636038243770599365e-01
1.000000000000000000e+00,4.034086465835571289e-01
1.000000000000000000e+00,4.678337872028350830e-01
1.000000000000000000e+00,4.574558436870574951e-01
1.000000000000000000e+00,4.289118349552154541e-01
1.000000000000000000e+00,4.690139293670654297e-01
1.000000000000000000e+00,3.805465996265411377e-01
1.000000000000000000e+00,4.192194342613220215e-01
1.000000000000000000e+00,3.550522327423095703e-01
1.000000000000000000e+00,4.540377259254455566e-01
1.000000000000000000e+00,4.127432107925415039e-01
1.000000000000000000e+00,3.901692032814025879e-01
1.000000000000000000e+00,3.127873539924621582e-01
1.000000000000000000e+00,4.244081676006317139e-01
1.000000000000000000e+00,4.373393356800079346e-01
1.000000000000000000e+00,4.510183930397033691e-01
1.000000000000000000e+00,3.556825518608093262e-01
1.000000000000000000e+00,4.206934571266174316e-01
1.000000000000000000e+00,4.712816476821899414e-01
1.000000000000000000e+00,3.996957838535308838e-01
1.000000000000000000e+00,5.421334505081176758e-01
1.000000000000000000e+00,4.623428583145141602e-01
1.000000000000000000e+00,4.095421433448791504e-01
1.000000000000000000e+00,4.068876206874847412e-01
1.000000000000000000e+00,4.520215988159179688e-01
1.000000000000000000e+00,3.321959972381591797e-01
1.000000000000000000e+00,3.797367811203002930e-01
1.000000000000000000e+00,4.226191341876983643e-01
1.000000000000000000e+00,5.323541760444641113e-01
1.000000000000000000e+00,4.049918651580810547e-01
1.000000000000000000e+00,4.558216631412506104e-01
1.000000000000000000e+00,4.034317731857299805e-01
1.000000000000000000e+00,3.798058032989501953e-01
1.000000000000000000e+00,4.054486751556396484e-01
1.000000000000000000e+00,3.941802084445953369e-01
1.000000000000000000e+00,3.885464966297149658e-01
1.000000000000000000e+00,3.675538301467895508e-01
1.000000000000000000e+00,4.457768201828002930e-01
1.000000000000000000e+00,4.013863205909729004e-01
1.000000000000000000e+00,4.075497984886169434e-01
1.000000000000000000e+00,3.987991213798522949e-01
1.000000000000000000e+00,4.343252778053283691e-01
1.000000000000000000e+00,3.595759868621826172e-01
1.000000000000000000e+00,4.386502504348754883e-01
1.000000000000000000e+00,3.800700902938842773e-01
1.000000000000000000e+00,3.715190887451171875e-01
1.000000000000000000e+00,5.023666620254516602e-01
1.000000000000000000e+00,4.971881508827209473e-01
1.000000000000000000e+00,4.338265359401702881e-01
1.000000000000000000e+00,4.194532036781311035e-01
1.000000000000000000e+00,4.522202908992767334e-01
1.000000000000000000e+00,3.572712540626525879e-01
1.000000000000000000e+00,4.246166050434112549e-01
1.000000000000000000e+00,3.780950009822845459e-01
1.000000000000000000e+00,4.061800837516784668e-01
1.000000000000000000e+00,4.512812495231628418e-01
1.000000000000000000e+00,4.408489465713500977e-01
1.000000000000000000e+00,4.752134680747985840e-01
1.000000000000000000e+00,3.857733905315399170e-01
1.000000000000000000e+00,3.975033164024353027e-01
1.000000000000000000e+00,4.306406676769256592e-01
1.000000000000000000e+00,4.193115830421447754e-01
1.000000000000000000e+00,4.022619724273681641e-01
1.000000000000000000e+00,3.912780582904815674e-01
1.000000000000000000e+00,4.434271454811096191e-01
1.000000000000000000e+00,4.385013580322265625e-01
1.000000000000000000e+00,4.334157109260559082e-01
1.000000000000000000e+00,4.229905009269714355e-01
1.000000000000000000e+00,4.411343932151794434e-01
1.000000000000000000e+00,5.097124576568603516e-01
1.000000000000000000e+00,4.553104639053344727e-01
1.000000000000000000e+00,4.861072897911071777e-01
1.000000000000000000e+00,3.996335864067077637e-01
1.000000000000000000e+00,4.863328337669372559e-01
1.000000000000000000e+00,4.778433740139007568e-01
1.000000000000000000e+00,4.155075848102569580e-01
1.000000000000000000e+00,4.902947247028350830e-01
1.000000000000000000e+00,4.938086867332458496e-01
1.000000000000000000e+00,3.990910053253173828e-01
1.000000000000000000e+00,5.432093143463134766e-01
1.000000000000000000e+00,4.664644598960876465e-01
1.000000000000000000e+00,4.319214820861816406e-01
1.000000000000000000e+00,4.146450757980346680e-01
1.000000000000000000e+00,4.956491291522979736e-01
1.000000000000000000e+00,4.736989438533782959e-01
1.000000000000000000e+00,4.857142567634582520e-01
1.000000000000000000e+00,4.355956614017486572e-01
1.000000000000000000e+00,4.425932168960571289e-01
1.000000000000000000e+00,4.448534548282623291e-01
1.000000000000000000e+00,4.250305891036987305e-01
1.000000000000000000e+00,4.065065085887908936e-01
1.000000000000000000e+00,4.563626646995544434e-01
1.000000000000000000e+00,4.487878680229187012e-01
1.000000000000000000e+00,3.895787894725799561e-01
1.000000000000000000e+00,4.707543849945068359e-01
1.000000000000000000e+00,4.022104144096374512e-01
1.000000000000000000e+00,4.030148088932037354e-01
1.000000000000000000e+00,4.143174290657043457e-01
1.000000000000000000e+00,4.376024901866912842e-01
1.000000000000000000e+00,3.260799348354339600e-01
1.000000000000000000e+00,5.042250752449035645e-01
1.000000000000000000e+00,4.571242630481719971e-01
1.000000000000000000e+00,3.887822628021240234e-01
1.000000000000000000e+00,4.570573568344116211e-01
1.000000000000000000e+00,3.364965915679931641e-01
1.000000000000000000e+00,5.236565470695495605e-01
1.000000000000000000e+00,4.703151583671569824e-01
1.000000000000000000e+00,4.326873421669006348e-01
1.000000000000000000e+00,4.546598494052886963e-01
1.000000000000000000e+00,2.942608296871185303e-01
1.000000000000000000e+00,4.062246680259704590e-01
1.000000000000000000e+00,4.281845688819885254e-01
1.000000000000000000e+00,4.320343732833862305e-01
1.000000000000000000e+00,3.765313923358917236e-01
1.000000000000000000e+00,4.244428873062133789e-01
1.000000000000000000e+00,5.395137071609497070e-01
1.000000000000000000e+00,3.979463577270507812e-01
1.000000000000000000e+00,4.316533803939819336e-01
1.000000000000000000e+00,3.951826989650726318e-01
1.000000000000000000e+00,3.499986827373504639e-01
1.000000000000000000e+00,3.916987478733062744e-01
1.000000000000000000e+00,4.010215997695922852e-01
1.000000000000000000e+00,3.702933490276336670e-01
1.000000000000000000e+00,3.304459154605865479e-01
1.000000000000000000e+00,3.654524981975555420e-01
1.000000000000000000e+00,3.579931259155273438e-01
1.000000000000000000e+00,4.522239565849304199e-01
1.000000000000000000e+00,3.808385133743286133e-01
1.000000000000000000e+00,3.611991405487060547e-01
1.000000000000000000e+00,3.976643681526184082e-01
1.000000000000000000e+00,4.162113666534423828e-01
1.000000000000000000e+00,4.374118447303771973e-01
1.000000000000000000e+00,3.225577473640441895e-01
1.000000000000000000e+00,4.643753767013549805e-01
1.000000000000000000e+00,3.713890612125396729e-01
1.000000000000000000e+00,3.617350757122039795e-01
1.000000000000000000e+00,4.745736718177795410e-01
1.000000000000000000e+00,4.344764053821563721e-01
1.000000000000000000e+00,4.112899601459503174e-01
1.000000000000000000e+00,4.820615947246551514e-01
1.000000000000000000e+00,4.184864163398742676e-01
1.000000000000000000e+00,4.080223441123962402e-01
1.000000000000000000e+00,4.279602169990539551e-01
1.000000000000000000e+00,4.294773042201995850e-01
1.000000000000000000e+00,3.859160542488098145e-01
1.000000000000000000e+00,3.537317514419555664e-01
1.000000000000000000e+00,3.487592935562133789e-01
1.000000000000000000e+00,4.117377996444702148e-01
1.000000000000000000e+00,4.223987460136413574e-01
1.000000000000000000e+00,4.259802699089050293e-01
1.000000000000000000e+00,4.556100964546203613e-01
1.000000000000000000e+00,3.747239410877227783e-01
1.000000000000000000e+00,3.870826959609985352e-01
1.000000000000000000e+00,3.684749603271484375e-01
1.000000000000000000e+00,3.922842442989349365e-01
1.000000000000000000e+00,3.526102900505065918e-01
1.000000000000000000e+00,3.960444331169128418e-01
1.000000000000000000e+00,4.234040379524230957e-01
1.000000000000000000e+00,3.726285696029663086e-01
1.000000000000000000e+00,5.380004644393920898e-01
1.000000000000000000e+00,4.373075664043426514e-01
1.000000000000000000e+00,4.301085472106933594e-01
1.000000000000000000e+00,3.991077840328216553e-01
1.000000000000000000e+00,3.638079762458801270e-01
1.000000000000000000e+00,3.394575417041778564e-01
1.000000000000000000e+00,4.177796244621276855e-01
1.000000000000000000e+00,3.985913097858428955e-01
1.000000000000000000e+00,4.182297885417938232e-01
1.000000000000000000e+00,4.059266746044158936e-01
1.000000000000000000e+00,3.982987403869628906e-01
1.000000000000000000e+00,4.069199562072753906e-01
1.000000000000000000e+00,4.664742648601531982e-01
1.000000000000000000e+00,5.136303901672363281e-01
1.000000000000000000e+00,4.638739824295043945e-01
1.000000000000000000e+00,3.672152757644653320e-01
1.000000000000000000e+00,4.414685368537902832e-01
1.000000000000000000e+00,4.190644621849060059e-01
1.000000000000000000e+00,3.731996417045593262e-01
1.000000000000000000e+00,4.621003866195678711e-01
1.000000000000000000e+00,4.342731237411499023e-01
1.000000000000000000e+00,3.880121111869812012e-01
1.000000000000000000e+00,4.165811538696289062e-01
1.000000000000000000e+00,4.131068885326385498e-01
1.000000000000000000e+00,4.039286375045776367e-01
1.000000000000000000e+00,4.156807363033294678e-01
1.000000000000000000e+00,4.024378061294555664e-01
1.000000000000000000e+00,3.533544540405273438e-01
1.000000000000000000e+00,3.848336935043334961e-01
1.000000000000000000e+00,4.247404932975769043e-01
1.000000000000000000e+00,2.804959416389465332e-01
1.000000000000000000e+00,3.943929672241210938e-01
1.000000000000000000e+00,4.320205748081207275e-01
1.000000000000000000e+00,3.764941096305847168e-01
1.000000000000000000e+00,4.381598234176635742e-01
1.000000000000000000e+00,3.976440131664276123e-01
1.000000000000000000e+00,3.938349783420562744e-01
1.000000000000000000e+00,3.810393810272216797e-01
1.000000000000000000e+00,3.979814648628234863e-01
1.000000000000000000e+00,3.907969295978546143e-01
1.000000000000000000e+00,4.087326228618621826e-01
1.000000000000000000e+00,4.409845471382141113e-01
1.000000000000000000e+00,3.943307101726531982e-01
1.000000000000000000e+00,3.673333525657653809e-01
1.000000000000000000e+00,4.067620038986206055e-01
1.000000000000000000e+00,4.470944702625274658e-01
1.000000000000000000e+00,3.408159315586090088e-01
1.000000000000000000e+00,3.423507213592529297e-01
1.000000000000000000e+00,4.397369027137756348e-01
1.000000000000000000e+00,4.363222122192382812e-01
1.000000000000000000e+00,4.725981354713439941e-01
1.000000000000000000e+00,3.880644440650939941e-01
1.000000000000000000e+00,5.213364362716674805e-01
1.000000000000000000e+00,4.490305781364440918e-01
1.000000000000000000e+00,4.655069112777709961e-01
1.000000000000000000e+00,4.369969964027404785e-01
1.000000000000000000e+00,3.402908444404602051e-01
1.000000000000000000e+00,5.316033363342285156e-01
1.000000000000000000e+00,4.344686865806579590e-01
1.000000000000000000e+00,4.085578322410583496e-01
1.000000000000000000e+00,4.269988834857940674e-01
1.000000000000000000e+00,3.647137284278869629e-01
1.000000000000000000e+00,3.521166145801544189e-01
1.000000000000000000e+00,4.069253504276275635e-01
1.000000000000000000e+00,4.194121360778808594e-01
1.000000000000000000e+00,4.757680892944335938e-01
1.000000000000000000e+00,4.274447560310363770e-01
1.000000000000000000e+00,4.541641771793365479e-01
1.000000000000000000e+00,4.093500971794128418e-01
1.000000000000000000e+00,3.689774870872497559e-01
1.000000000000000000e+00,3.786298036575317383e-01
1.000000000000000000e+00,3.954755067825317383e-01
1.000000000000000000e+00,4.140684008598327637e-01
1.000000000000000000e+00,3.379503190517425537e-01
1.000000000000000000e+00,4.400362372398376465e-01
1.000000000000000000e+00,4.186455309391021729e-01
1.000000000000000000e+00,3.783201873302459717e-01
1.000000000000000000e+00,4.197023510932922363e-01
1.000000000000000000e+00,4.330005645751953125e-01
1.000000000000000000e+00,4.219678938388824463e-01
1.000000000000000000e+00,3.803097009658813477e-01
1.000000000000000000e+00,3.622117042541503906e-01
1.000000000000000000e+00,4.030715823173522949e-01
1.000000000000000000e+00,4.024640917778015137e-01
1.000000000000000000e+00,3.909296989440917969e-01
1.000000000000000000e+00,5.641018152236938477e-01
1.000000000000000000e+00,4.093949794769287109e-01
1.000000000000000000e+00,5.550002455711364746e-01
1.000000000000000000e+00,4.342781305313110352e-01
1.000000000000000000e+00,4.609209895133972168e-01
1.000000000000000000e+00,4.083235859870910645e-01
1.000000000000000000e+00,5.291442871093750000e-01
1.000000000000000000e+00,4.107245802879333496e-01
1.000000000000000000e+00,3.611232936382293701e-01
1.000000000000000000e+00,3.111620843410491943e-01
1.000000000000000000e+00,3.861019015312194824e-01
1.000000000000000000e+00,3.976929187774658203e-01
1.000000000000000000e+00,3.938860595226287842e-01
1.000000000000000000e+00,3.755851387977600098e-01
1.000000000000000000e+00,4.147039651870727539e-01
1.000000000000000000e+00,3.963500261306762695e-01
1.000000000000000000e+00,3.567401766777038574e-01
1.000000000000000000e+00,4.199734032154083252e-01
1.000000000000000000e+00,3.912118971347808838e-01
1.000000000000000000e+00,4.215629398822784424e-01
1.000000000000000000e+00,3.855091631412506104e-01
1.000000000000000000e+00,3.664069473743438721e-01
1.000000000000000000e+00,5.415754914283752441e-01
1.000000000000000000e+00,3.781669437885284424e-01
1.000000000000000000e+00,4.368610978126525879e-01
1.000000000000000000e+00,4.732136428356170654e-01
1.000000000000000000e+00,3.615329563617706299e-01
1.000000000000000000e+00,5.051110386848449707e-01
1.000000000000000000e+00,4.251843094825744629e-01
1.000000000000000000e+00,3.956383466720581055e-01
1.000000000000000000e+00,5.544540882110595703e-01
1.000000000000000000e+00,3.709053695201873779e-01
1.000000000000000000e+00,4.497241973876953125e-01
1.000000000000000000e+00,4.027802646160125732e-01
1.000000000000000000e+00,3.984702825546264648e-01
1.000000000000000000e+00,4.458718597888946533e-01
1.000000000000000000e+00,3.047989606857299805e-01
1.000000000000000000e+00,3.933893442153930664e-01
1.000000000000000000e+00,3.778241872787475586e-01
1.000000000000000000e+00,4.240778088569641113e-01
1.000000000000000000e+00,4.177128970623016357e-01
1.000000000000000000e+00,5.281422734260559082e-01
1.000000000000000000e+00,4.211441278457641602e-01
1.000000000000000000e+00,3.866553902626037598e-01
1.000000000000000000e+00,4.375585913658142090e-01
1.000000000000000000e+00,4.252417087554931641e-01
1.000000000000000000e+00,3.669129908084869385e-01
1.000000000000000000e+00,3.607247769832611084e-01
1.000000000000000000e+00,3.479363322257995605e-01
1.000000000000000000e+00,3.708411753177642822e-01
1.000000000000000000e+00,5.778913497924804688e-01
1.000000000000000000e+00,3.503488004207611084e-01
1.000000000000000000e+00,3.895212709903717041e-01
1.000000000000000000e+00,4.393279552459716797e-01
1.000000000000000000e+00,3.494229316711425781e-01
1.000000000000000000e+00,4.077720046043395996e-01
1.000000000000000000e+00,4.556795060634613037e-01
1.000000000000000000e+00,5.383257269859313965e-01
1.000000000000000000e+00,5.034384131431579590e-01
1.000000000000000000e+00,4.556143879890441895e-01
1.000000000000000000e+00,4.332408607006072998e-01
1.000000000000000000e+00,4.426261484622955322e-01
1.000000000000000000e+00,4.426928162574768066e-01
1.000000000000000000e+00,4.426457285881042480e-01
1.000000000000000000e+00,4.630940258502960205e-01
1.000000000000000000e+00,4.200336635112762451e-01
1.000000000000000000e+00,4.677720665931701660e-01
1.000000000000000000e+00,4.101809859275817871e-01
1.000000000000000000e+00,4.219974875450134277e-01
1.000000000000000000e+00,4.358120560646057129e-01
1.000000000000000000e+00,4.615509212017059326e-01
1.000000000000000000e+00,3.833761811256408691e-01
1.000000000000000000e+00,4.393285810947418213e-01
1.000000000000000000e+00,4.504908919334411621e-01
1.000000000000000000e+00,3.802589774131774902e-01
1.000000000000000000e+00,4.045777618885040283e-01
1.000000000000000000e+00,4.287022054195404053e-01
1.000000000000000000e+00,3.585626780986785889e-01
1.000000000000000000e+00,4.839242100715637207e-01
1.000000000000000000e+00,3.458489775657653809e-01
1.000000000000000000e+00,3.962419629096984863e-01
1.000000000000000000e+00,3.919675350189208984e-01
1.000000000000000000e+00,3.590160906314849854e-01
1.000000000000000000e+00,3.862588405609130859e-01
1.000000000000000000e+00,4.527924060821533203e-01
1.000000000000000000e+00,4.154585897922515869e-01
1.000000000000000000e+00,4.119781851768493652e-01
1.000000000000000000e+00,4.095336794853210449e-01
1.000000000000000000e+00,4.588114619255065918e-01
1.000000000000000000e+00,3.919458389282226562e-01
1.000000000000000000e+00,5.104458332061767578e-01
1.000000000000000000e+00,4.679002165794372559e-01
1.000000000000000000e+00,3.973383903503417969e-01
1.000000000000000000e+00,4.399159848690032959e-01
1.000000000000000000e+00,3.588884472846984863e-01
1.000000000000000000e+00,4.354522824287414551e-01
1.000000000000000000e+00,3.868171572685241699e-01
1.000000000000000000e+00,4.691898822784423828e-01
1.000000000000000000e+00,4.426190257072448730e-01
1.000000000000000000e+00,4.388246238231658936e-01
1.000000000000000000e+00,4.313072860240936279e-01
1.000000000000000000e+00,4.400435090065002441e-01
1.000000000000000000e+00,3.811767697334289551e-01
1.000000000000000000e+00,4.473974108695983887e-01
1.000000000000000000e+00,4.573019742965698242e-01
1.000000000000000000e+00,4.824044108390808105e-01
1.000000000000000000e+00,4.098615348339080811e-01
1.000000000000000000e+00,4.462049901485443115e-01
1.000000000000000000e+00,3.815059065818786621e-01
1.000000000000000000e+00,4.590075612068176270e-01
1.000000000000000000e+00,4.101117849349975586e-01
1.000000000000000000e+00,4.644908308982849121e-01
1.000000000000000000e+00,4.751381278038024902e-01
1.000000000000000000e+00,3.615814149379730225e-01
1.000000000000000000e+00,3.791749775409698486e-01
1.000000000000000000e+00,4.347219765186309814e-01
1.000000000000000000e+00,3.933504223823547363e-01
1.000000000000000000e+00,4.003989696502685547e-01
1.000000000000000000e+00,3.511026203632354736e-01
1.000000000000000000e+00,3.817361891269683838e-01
1.000000000000000000e+00,4.932250976562500000e-01
1.000000000000000000e+00,3.591972589492797852e-01
1.000000000000000000e+00,4.702764153480529785e-01
1.000000000000000000e+00,4.694567322731018066e-01
1.000000000000000000e+00,3.316475450992584229e-01
1.000000000000000000e+00,4.100146293640136719e-01
1.000000000000000000e+00,3.816861510276794434e-01
1.000000000000000000e+00,4.661898612976074219e-01
1.000000000000000000e+00,3.428899347782135010e-01
1.000000000000000000e+00,3.092179596424102783e-01
1.000000000000000000e+00,4.216152429580688477e-01
1.000000000000000000e+00,3.519884347915649414e-01
1.000000000000000000e+00,3.956964612007141113e-01
1.000000000000000000e+00,4.330490231513977051e-01
1.000000000000000000e+00,4.104831516742706299e-01
1.000000000000000000e+00,4.711439013481140137e-01
1.000000000000000000e+00,3.436655402183532715e-01
1.000000000000000000e+00,4.733116030693054199e-01
1.000000000000000000e+00,4.893745183944702148e-01
1.000000000000000000e+00,3.317926824092864990e-01
1.000000000000000000e+00,4.395433068275451660e-01
1.000000000000000000e+00,4.190698862075805664e-01
1.000000000000000000e+00,4.425007700920104980e-01
1.000000000000000000e+00,4.328978061676025391e-01
1.000000000000000000e+00,4.467824697494506836e-01
1.000000000000000000e+00,4.219195842742919922e-01
1.000000000000000000e+00,3.953370451927185059e-01
1.000000000000000000e+00,5.008193254470825195e-01
1.000000000000000000e+00,4.194434881210327148e-01
1.000000000000000000e+00,3.691251277923583984e-01
1.000000000000000000e+00,4.074389338493347168e-01
1.000000000000000000e+00,4.018323719501495361e-01
1.000000000000000000e+00,3.793672919273376465e-01
1.000000000000000000e+00,4.900236725807189941e-01
1.000000000000000000e+00,3.829884231090545654e-01
1.000000000000000000e+00,4.280102252960205078e-01
1.000000000000000000e+00,5.086116194725036621e-01
1.000000000000000000e+00,4.209983944892883301e-01
1.000000000000000000e+00,5.373421907424926758e-01
1.000000000000000000e+00,4.300236999988555908e-01
1.000000000000000000e+00,4.875337481498718262e-01
1.000000000000000000e+00,4.175716340541839600e-01
1.000000000000000000e+00,4.814963638782501221e-01
1.000000000000000000e+00,4.019446969032287598e-01
1.000000000000000000e+00,3.806672692298889160e-01
1.000000000000000000e+00,4.233122467994689941e-01
1.000000000000000000e+00,3.442668914794921875e-01
1.000000000000000000e+00,5.126769542694091797e-01
1.000000000000000000e+00,4.700157046318054199e-01
1.000000000000000000e+00,3.919803202152252197e-01
1.000000000000000000e+00,4.447070062160491943e-01
1.000000000000000000e+00,4.723749160766601562e-01
1.000000000000000000e+00,5.431835055351257324e-01
1.000000000000000000e+00,4.612690806388854980e-01
1.000000000000000000e+00,4.276741147041320801e-01
1.000000000000000000e+00,4.335010051727294922e-01
1.000000000000000000e+00,4.978281259536743164e-01
1.000000000000000000e+00,4.212796688079833984e-01
1.000000000000000000e+00,5.012238621711730957e-01
1.000000000000000000e+00,5.025366544723510742e-01
1.000000000000000000e+00,4.295936226844787598e-01
1.000000000000000000e+00,5.605487823486328125e-01
1.000000000000000000e+00,3.546964526176452637e-01
1.000000000000000000e+00,4.297752678394317627e-01
1.000000000000000000e+00,3.757881820201873779e-01
1.000000000000000000e+00,4.293858408927917480e-01
1.000000000000000000e+00,3.815741539001464844e-01
1.000000000000000000e+00,4.751732945442199707e-01
1.000000000000000000e+00,3.924555778503417969e-01
1.000000000000000000e+00,4.626953005790710449e-01
1.000000000000000000e+00,3.622415661811828613e-01
1.000000000000000000e+00,3.852754235267639160e-01
1.000000000000000000e+00,4.385040104389190674e-01
1.000000000000000000e+00,3.742625713348388672e-01
1.000000000000000000e+00,4.000563919544219971e-01
1.000000000000000000e+00,3.133805990219116211e-01
1.000000000000000000e+00,4.086884856224060059e-01
1.000000000000000000e+00,4.186269938945770264e-01
1.000000000000000000e+00,3.201295137405395508e-01
1.000000000000000000e+00,4.199765920639038086e-01
1.000000000000000000e+00,4.300241172313690186e-01
1.000000000000000000e+00,3.641335070133209229e-01
1.000000000000000000e+00,3.842788338661193848e-01
1.000000000000000000e+00,3.507810235023498535e-01
1.000000000000000000e+00,3.494332432746887207e-01
1.000000000000000000e+00,3.745132684707641602e-01
1.000000000000000000e+00,3.696778416633605957e-01
1.000000000000000000e+00,3.713627755641937256e-01
1.000000000000000000e+00,4.354481101036071777e-01
1.000000000000000000e+00,3.734934031963348389e-01
1.000000000000000000e+00,4.699571132659912109e-01
1.000000000000000000e+00,4.373256862163543701e-01
1.000000000000000000e+00,3.899523019790649414e-01
1.000000000000000000e+00,3.935698270797729492e-01
1.000000000000000000e+00,5.024467110633850098e-01
1.000000000000000000e+00,4.474615752696990967e-01
1.000000000000000000e+00,3.410447239875793457e-01
1.000000000000000000e+00,4.292153120040893555e-01
1.000000000000000000e+00,4.658137559890747070e-01
1.000000000000000000e+00,4.051180481910705566e-01
1.000000000000000000e+00,4.303649961948394775e-01
1.000000000000000000e+00,3.965449929237365723e-01
1.000000000000000000e+00,4.517485201358795166e-01
1.000000000000000000e+00,3.987849056720733643e-01
1.000000000000000000e+00,3.729010820388793945e-01
1.000000000000000000e+00,4.845292568206787109e-01
1.000000000000000000e+00,4.515194296836853027e-01
1.000000000000000000e+00,4.369654357433319092e-01
1.000000000000000000e+00,4.196859300136566162e-01
1.000000000000000000e+00,4.199528992176055908e-01
1.000000000000000000e+00,4.532271325588226318e-01
1.000000000000000000e+00,4.543951749801635742e-01
1.000000000000000000e+00,4.630567431449890137e-01
1.000000000000000000e+00,5.363198518753051758e-01
1.000000000000000000e+00,3.619366288185119629e-01
1.000000000000000000e+00,3.422598242759704590e-01
1.000000000000000000e+00,3.858439028263092041e-01
1.000000000000000000e+00,3.969198167324066162e-01
1.000000000000000000e+00,4.020028114318847656e-01
1.000000000000000000e+00,3.697621822357177734e-01
1.000000000000000000e+00,3.831818699836730957e-01
1.000000000000000000e+00,3.908224403858184814e-01
1.000000000000000000e+00,4.013340175151824951e-01
1.000000000000000000e+00,4.439299106597900391e-01
1.000000000000000000e+00,4.151547849178314209e-01
1.000000000000000000e+00,3.904204368591308594e-01
1.000000000000000000e+00,3.656023740768432617e-01
1.000000000000000000e+00,4.101500213146209717e-01
1.000000000000000000e+00,4.085588455200195312e-01
1.000000000000000000e+00,4.593748450279235840e-01
1.000000000000000000e+00,4.583116769790649414e-01
1.000000000000000000e+00,4.491967558860778809e-01
1.000000000000000000e+00,3.938054442405700684e-01
1.000000000000000000e+00,3.660784065723419189e-01
1.000000000000000000e+00,4.214333295822143555e-01
1.000000000000000000e+00,3.464503884315490723e-01
1.000000000000000000e+00,4.441835880279541016e-01
1.000000000000000000e+00,3.457178473472595215e-01
1.000000000000000000e+00,4.170970916748046875e-01
1.000000000000000000e+00,4.449045956134796143e-01
1.000000000000000000e+00,4.337511062622070312e-01
1.000000000000000000e+00,4.321224391460418701e-01
1.000000000000000000e+00,4.194009304046630859e-01
1.000000000000000000e+00,4.484689831733703613e-01
1.000000000000000000e+00,3.894530236721038818e-01
1.000000000000000000e+00,3.846476674079895020e-01
1.000000000000000000e+00,4.267337322235107422e-01
1.000000000000000000e+00,4.895226657390594482e-01
1.000000000000000000e+00,4.593982100486755371e-01
1.000000000000000000e+00,4.895342290401458740e-01
1.000000000000000000e+00,4.226002097129821777e-01
1.000000000000000000e+00,4.189284741878509521e-01
1.000000000000000000e+00,3.818860948085784912e-01
1.000000000000000000e+00,3.744947910308837891e-01
1.000000000000000000e+00,4.236910939216613770e-01
1.000000000000000000e+00,3.850685358047485352e-01
1.000000000000000000e+00,3.894122242927551270e-01
1.000000000000000000e+00,3.938946127891540527e-01
1.000000000000000000e+00,5.531974434852600098e-01
1.000000000000000000e+00,4.884110093116760254e-01
1.000000000000000000e+00,4.647345244884490967e-01
1.000000000000000000e+00,4.222523570060729980e-01
1.000000000000000000e+00,4.282536804676055908e-01
1.000000000000000000e+00,3.088018596172332764e-01
1.000000000000000000e+00,3.625014424324035645e-01
1.000000000000000000e+00,3.796919286251068115e-01
1.000000000000000000e+00,4.312766492366790771e-01
1.000000000000000000e+00,3.963798582553863525e-01
1.000000000000000000e+00,3.960433006286621094e-01
1.000000000000000000e+00,4.739875197410583496e-01
1.000000000000000000e+00,3.616009056568145752e-01
1.000000000000000000e+00,3.451834917068481445e-01
1.000000000000000000e+00,3.900108337402343750e-01
1.000000000000000000e+00,3.506899476051330566e-01
1.000000000000000000e+00,4.258832335472106934e-01
1.000000000000000000e+00,3.972747027873992920e-01
1.000000000000000000e+00,4.289262294769287109e-01
1.000000000000000000e+00,3.754429817199707031e-01
1.000000000000000000e+00,4.817072749137878418e-01
1.000000000000000000e+00,3.905585110187530518e-01
1.000000000000000000e+00,3.928862810134887695e-01
1.000000000000000000e+00,4.170770645141601562e-01
1.000000000000000000e+00,4.772718548774719238e-01
1.000000000000000000e+00,4.567531049251556396e-01
1.000000000000000000e+00,3.408969044685363770e-01
1.000000000000000000e+00,4.238188862800598145e-01
1.000000000000000000e+00,3.622691035270690918e-01
1.000000000000000000e+00,4.720512032508850098e-01
1.000000000000000000e+00,4.050548672676086426e-01
1.000000000000000000e+00,4.463183879852294922e-01
1.000000000000000000e+00,4.258308112621307373e-01
1.000000000000000000e+00,5.006458759307861328e-01
1.000000000000000000e+00,4.069067835807800293e-01
1.000000000000000000e+00,3.696733117103576660e-01
1.000000000000000000e+00,4.042476415634155273e-01
1.000000000000000000e+00,4.291424453258514404e-01
1.000000000000000000e+00,3.799713253974914551e-01
1.000000000000000000e+00,3.972408771514892578e-01
1.000000000000000000e+00,4.012286067008972168e-01
1.000000000000000000e+00,3.616072833538055420e-01
1.000000000000000000e+00,3.623608946800231934e-01
1.000000000000000000e+00,4.293009936809539795e-01
1.000000000000000000e+00,4.275153875350952148e-01
1.000000000000000000e+00,3.785292506217956543e-01
1.000000000000000000e+00,4.371703565120697021e-01
1.000000000000000000e+00,4.494802355766296387e-01
1.000000000000000000e+00,4.594594836235046387e-01
1.000000000000000000e+00,5.140143632888793945e-01
1.000000000000000000e+00,4.131572842597961426e-01
1.000000000000000000e+00,4.694998860359191895e-01
1.000000000000000000e+00,4.576576054096221924e-01
1.000000000000000000e+00,3.516373932361602783e-01
1.000000000000000000e+00,4.656905829906463623e-01
1.000000000000000000e+00,4.662711024284362793e-01
1.000000000000000000e+00,4.474435150623321533e-01
1.000000000000000000e+00,4.163547456264495850e-01
1.000000000000000000e+00,4.362778663635253906e-01
1.000000000000000000e+00,4.531935751438140869e-01
1.000000000000000000e+00,4.175949096679687500e-01
1.000000000000000000e+00,4.785932302474975586e-01
1.000000000000000000e+00,4.594988226890563965e-01
1.000000000000000000e+00,4.219977855682373047e-01
1.000000000000000000e+00,3.609835803508758545e-01
1.000000000000000000e+00,4.744450449943542480e-01
1.000000000000000000e+00,4.449840784072875977e-01
1.000000000000000000e+00,4.235087335109710693e-01
1.000000000000000000e+00,3.727431297302246094e-01
1.000000000000000000e+00,3.947420120239257812e-01
1.000000000000000000e+00,4.111384451389312744e-01
1.000000000000000000e+00,3.891178965568542480e-01
1.000000000000000000e+00,4.164116084575653076e-01
1.000000000000000000e+00,3.955940902233123779e-01
1.000000000000000000e+00,4.346277117729187012e-01
1.000000000000000000e+00,3.499393463134765625e-01
1.000000000000000000e+00,3.754070997238159180e-01
1.000000000000000000e+00,4.412239193916320801e-01
1.000000000000000000e+00,4.168854355812072754e-01
1.000000000000000000e+00,4.810707271099090576e-01
1.000000000000000000e+00,4.258337020874023438e-01
1.000000000000000000e+00,4.464764297008514404e-01
1.000000000000000000e+00,3.496251106262207031e-01
1.000000000000000000e+00,3.647239804267883301e-01
1.000000000000000000e+00,3.839787244796752930e-01
1.000000000000000000e+00,4.704796671867370605e-01
1.000000000000000000e+00,3.683207035064697266e-01
1.000000000000000000e+00,3.834515511989593506e-01
1.000000000000000000e+00,3.867838382720947266e-01
1.000000000000000000e+00,5.124631524085998535e-01
1.000000000000000000e+00,3.896500468254089355e-01
1.000000000000000000e+00,3.681407868862152100e-01
1.000000000000000000e+00,4.173018336296081543e-01
1.000000000000000000e+00,4.600324630737304688e-01
1.000000000000000000e+00,4.922999441623687744e-01
1.000000000000000000e+00,4.270676076412200928e-01
1.000000000000000000e+00,3.781134784221649170e-01
1.000000000000000000e+00,4.453133940696716309e-01
1.000000000000000000e+00,3.903390169143676758e-01
1.000000000000000000e+00,4.174402356147766113e-01
1.000000000000000000e+00,4.338326752185821533e-01
1.000000000000000000e+00,4.130870103836059570e-01
1.000000000000000000e+00,3.889620602130889893e-01
1.000000000000000000e+00,3.710325956344604492e-01
1.000000000000000000e+00,4.090954065322875977e-01
1.000000000000000000e+00,4.010947048664093018e-01
1.000000000000000000e+00,3.892760276794433594e-01
1.000000000000000000e+00,3.724042177200317383e-01
1.000000000000000000e+00,4.317941963672637939e-01
1.000000000000000000e+00,4.384388923645019531e-01
1.000000000000000000e+00,5.228766202926635742e-01
1.000000000000000000e+00,4.474416971206665039e-01
1.000000000000000000e+00,4.645535945892333984e-01
1.000000000000000000e+00,4.812206029891967773e-01
1.000000000000000000e+00,4.176216721534729004e-01
1.000000000000000000e+00,4.030596017837524414e-01
1.000000000000000000e+00,4.112287163734436035e-01
1.000000000000000000e+00,4.575559198856353760e-01
1.000000000000000000e+00,3.663235306739807129e-01
1.000000000000000000e+00,4.671728909015655518e-01
1.000000000000000000e+00,4.159771800041198730e-01
1.000000000000000000e+00,4.149123728275299072e-01
1.000000000000000000e+00,4.785341024398803711e-01
1.000000000000000000e+00,4.747590720653533936e-01
1.000000000000000000e+00,3.660910129547119141e-01
1.000000000000000000e+00,5.259317755699157715e-01
1.000000000000000000e+00,4.376901388168334961e-01
1.000000000000000000e+00,4.480145871639251709e-01
1.000000000000000000e+00,4.252893924713134766e-01
1.000000000000000000e+00,3.915688097476959229e-01
1.000000000000000000e+00,3.525398373603820801e-01
1.000000000000000000e+00,4.215077757835388184e-01
1.000000000000000000e+00,4.558818340301513672e-01
1.000000000000000000e+00,4.680101573467254639e-01
1.000000000000000000e+00,3.961098194122314453e-01
1.000000000000000000e+00,3.801510930061340332e-01
1.000000000000000000e+00,4.281819462776184082e-01
1.000000000000000000e+00,4.340505599975585938e-01
1.000000000000000000e+00,3.205411136150360107e-01
1.000000000000000000e+00,3.937282264232635498e-01
1.000000000000000000e+00,4.481847584247589111e-01
1.000000000000000000e+00,3.678262233734130859e-01
1.000000000000000000e+00,4.319832623004913330e-01
1.000000000000000000e+00,3.708855509757995605e-01
1.000000000000000000e+00,4.228046834468841553e-01
1.000000000000000000e+00,3.930100500583648682e-01
1.000000000000000000e+00,3.494157195091247559e-01
1.000000000000000000e+00,4.533433616161346436e-01
1.000000000000000000e+00,4.043865501880645752e-01
1.000000000000000000e+00,3.703277707099914551e-01
1.000000000000000000e+00,4.361329376697540283e-01
1.000000000000000000e+00,4.931839704513549805e-01
1.000000000000000000e+00,4.597995281219482422e-01
1.000000000000000000e+00,4.137852191925048828e-01
1.000000000000000000e+00,4.553717672824859619e-01
1.000000000000000000e+00,4.360239803791046143e-01
1.000000000000000000e+00,4.100686013698577881e-01
1.000000000000000000e+00,3.951806426048278809e-01
1.000000000000000000e+00,4.054378271102905273e-01
1.000000000000000000e+00,3.978113532066345215e-01
1.000000000000000000e+00,4.785915613174438477e-01
1.000000000000000000e+00,4.384307861328125000e-01
1.000000000000000000e+00,4.040064811706542969e-01
1.000000000000000000e+00,4.334399998188018799e-01
1.000000000000000000e+00,3.405470550060272217e-01
1.000000000000000000e+00,3.917208015918731689e-01
1.000000000000000000e+00,4.384279251098632812e-01
1.000000000000000000e+00,4.382756352424621582e-01
1.000000000000000000e+00,5.489764213562011719e-01
1.000000000000000000e+00,4.288321733474731445e-01
1.000000000000000000e+00,3.938850164413452148e-01
1.000000000000000000e+00,4.570298194885253906e-01
1.000000000000000000e+00,4.446541070938110352e-01
1.000000000000000000e+00,3.939557075500488281e-01
1.000000000000000000e+00,3.851865530014038086e-01
1.000000000000000000e+00,3.723545670509338379e-01
1.000000000000000000e+00,4.517090618610382080e-01
1.000000000000000000e+00,4.396856725215911865e-01
1.000000000000000000e+00,3.934414386749267578e-01
1.000000000000000000e+00,4.656330049037933350e-01
1.000000000000000000e+00,4.495551884174346924e-01
1.000000000000000000e+00,4.202951490879058838e-01
1.000000000000000000e+00,4.314274489879608154e-01
1.000000000000000000e+00,3.595203161239624023e-01
1.000000000000000000e+00,4.192918837070465088e-01
1.000000000000000000e+00,3.474377095699310303e-01
1.000000000000000000e+00,3.443231880664825439e-01
1.000000000000000000e+00,4.283153116703033447e-01
1.000000000000000000e+00,4.538472890853881836e-01
1.000000000000000000e+00,4.579692184925079346e-01
1.000000000000000000e+00,4.029594063758850098e-01
1.000000000000000000e+00,4.266498386859893799e-01
1.000000000000000000e+00,4.348443746566772461e-01
1.000000000000000000e+00,4.687654972076416016e-01
1.000000000000000000e+00,4.343999922275543213e-01
1.000000000000000000e+00,3.998365700244903564e-01
1.000000000000000000e+00,4.535067379474639893e-01
1.000000000000000000e+00,4.767579436302185059e-01
1.000000000000000000e+00,4.765955209732055664e-01
1.000000000000000000e+00,4.754510521888732910e-01
1.000000000000000000e+00,4.806529879570007324e-01
1.000000000000000000e+00,4.225738048553466797e-01
1.000000000000000000e+00,4.098064303398132324e-01
1.000000000000000000e+00,3.897565305233001709e-01
1.000000000000000000e+00,3.725870847702026367e-01
1.000000000000000000e+00,4.476973712444305420e-01
1.000000000000000000e+00,3.667206764221191406e-01
1.000000000000000000e+00,4.970378279685974121e-01
1.000000000000000000e+00,3.831580579280853271e-01
1.000000000000000000e+00,3.801135420799255371e-01
1.000000000000000000e+00,3.664551973342895508e-01
1.000000000000000000e+00,4.326175451278686523e-01
1.000000000000000000e+00,5.260337591171264648e-01
1.000000000000000000e+00,4.613435268402099609e-01
1.000000000000000000e+00,3.755021095275878906e-01
1.000000000000000000e+00,4.348970651626586914e-01
1.000000000000000000e+00,3.303943872451782227e-01
1.000000000000000000e+00,4.203999042510986328e-01
1.000000000000000000e+00,4.239465892314910889e-01
1.000000000000000000e+00,3.990845084190368652e-01
1.000000000000000000e+00,4.168160557746887207e-01
1.000000000000000000e+00,3.982603549957275391e-01
1.000000000000000000e+00,3.641198277473449707e-01
1.000000000000000000e+00,3.656351268291473389e-01
1.000000000000000000e+00,3.843761682510375977e-01
1.000000000000000000e+00,3.985814452171325684e-01
1.000000000000000000e+00,3.573659658432006836e-01
1.000000000000000000e+00,3.891412615776062012e-01
1.000000000000000000e+00,3.797133564949035645e-01
1.000000000000000000e+00,3.943372964859008789e-01
1.000000000000000000e+00,3.687056601047515869e-01
1.000000000000000000e+00,4.540107846260070801e-01
1.000000000000000000e+00,4.636179804801940918e-01
1.000000000000000000e+00,4.189284145832061768e-01
1.000000000000000000e+00,3.990280032157897949e-01
1.000000000000000000e+00,4.629104137420654297e-01
1.000000000000000000e+00,3.825650513172149658e-01
1.000000000000000000e+00,3.904967606067657471e-01
1.000000000000000000e+00,3.745084702968597412e-01
1.000000000000000000e+00,4.904020428657531738e-01
1.000000000000000000e+00,4.687274098396301270e-01
1.000000000000000000e+00,3.042792379856109619e-01
1.000000000000000000e+00,4.289203286170959473e-01
1.000000000000000000e+00,3.595636188983917236e-01
1.000000000000000000e+00,4.356299936771392822e-01
1.000000000000000000e+00,4.467797875404357910e-01
1.000000000000000000e+00,4.110186696052551270e-01
1.000000000000000000e+00,4.624695479869842529e-01
1.000000000000000000e+00,4.141978621482849121e-01
1.000000000000000000e+00,4.175818860530853271e-01
1.000000000000000000e+00,3.738711774349212646e-01
1.000000000000000000e+00,4.278644919395446777e-01
1.000000000000000000e+00,4.248230755329132080e-01
1.000000000000000000e+00,4.324995875358581543e-01
1.000000000000000000e+00,3.544993102550506592e-01
1.000000000000000000e+00,4.739781916141510010e-01
1.000000000000000000e+00,4.957899451255798340e-01
1.000000000000000000e+00,3.618057966232299805e-01
1.000000000000000000e+00,4.018564224243164062e-01
1.000000000000000000e+00,3.589469492435455322e-01
1.000000000000000000e+00,3.692948222160339355e-01
1.000000000000000000e+00,3.957639932632446289e-01
1.000000000000000000e+00,3.787044882774353027e-01
1.000000000000000000e+00,4.055385589599609375e-01
1.000000000000000000e+00,5.096005201339721680e-01
1.000000000000000000e+00,5.190291404724121094e-01
1.000000000000000000e+00,4.364948868751525879e-01
1.000000000000000000e+00,4.100334048271179199e-01
1.000000000000000000e+00,4.102958440780639648e-01
1.000000000000000000e+00,3.856245577335357666e-01
1.000000000000000000e+00,3.635417819023132324e-01
1.000000000000000000e+00,3.973147273063659668e-01
1.000000000000000000e+00,4.197224378585815430e-01
1.000000000000000000e+00,3.897230029106140137e-01
1.000000000000000000e+00,4.392878711223602295e-01
1.000000000000000000e+00,4.501478970050811768e-01
1.000000000000000000e+00,4.404614567756652832e-01
1.000000000000000000e+00,4.140008985996246338e-01
1.000000000000000000e+00,4.898199439048767090e-01
1.000000000000000000e+00,4.793954789638519287e-01
1.000000000000000000e+00,4.287660419940948486e-01
1.000000000000000000e+00,4.047048389911651611e-01
1.000000000000000000e+00,4.432992637157440186e-01
1.000000000000000000e+00,4.542093575000762939e-01
1.000000000000000000e+00,3.700345754623413086e-01
1.000000000000000000e+00,4.188112616539001465e-01
1.000000000000000000e+00,4.013372063636779785e-01
1.000000000000000000e+00,4.395352602005004883e-01
1.000000000000000000e+00,4.042204320430755615e-01
1.000000000000000000e+00,4.857613444328308105e-01
1.000000000000000000e+00,3.824470043182373047e-01
1.000000000000000000e+00,3.642321228981018066e-01
1.000000000000000000e+00,4.341565668582916260e-01
1.000000000000000000e+00,3.862682282924652100e-01
1.000000000000000000e+00,4.942355751991271973e-01
1.000000000000000000e+00,4.290257394313812256e-01
1.000000000000000000e+00,4.145253896713256836e-01
1.000000000000000000e+00,4.195029437541961670e-01
1.000000000000000000e+00,3.490889668464660645e-01
1.000000000000000000e+00,5.255678892135620117e-01
1.000000000000000000e+00,4.490524530410766602e-01
1.000000000000000000e+00,3.693269193172454834e-01
1.000000000000000000e+00,4.766100347042083740e-01
1.000000000000000000e+00,3.844023942947387695e-01
1.000000000000000000e+00,4.037332236766815186e-01
1.000000000000000000e+00,3.786768913269042969e-01
1.000000000000000000e+00,3.333785831928253174e-01
1.000000000000000000e+00,4.165513515472412109e-01
1.000000000000000000e+00,3.689787983894348145e-01
1.000000000000000000e+00,3.975930809974670410e-01
1.000000000000000000e+00,3.858450353145599365e-01
1.000000000000000000e+00,4.123454689979553223e-01
1.000000000000000000e+00,3.757067322731018066e-01
1.000000000000000000e+00,3.413804173469543457e-01
1.000000000000000000e+00,4.866261780261993408e-01
1.000000000000000000e+00,3.902193009853363037e-01
1.000000000000000000e+00,4.056741595268249512e-01
1.000000000000000000e+00,4.503540992736816406e-01
1.000000000000000000e+00,3.621774315834045410e-01
1.000000000000000000e+00,4.112370014190673828e-01
1.000000000000000000e+00,3.811645209789276123e-01
1.000000000000000000e+00,4.710232019424438477e-01
1.000000000000000000e+00,3.722013235092163086e-01
1.000000000000000000e+00,4.645608365535736084e-01
1.000000000000000000e+00,3.646270930767059326e-01
1.000000000000000000e+00,4.431807398796081543e-01
1.000000000000000000e+00,3.760301172733306885e-01
1.000000000000000000e+00,3.612260222434997559e-01
1.000000000000000000e+00,4.322293400764465332e-01
1.000000000000000000e+00,4.486567974090576172e-01
1.000000000000000000e+00,4.053959846496582031e-01
1.000000000000000000e+00,3.607730269432067871e-01
1.000000000000000000e+00,4.187376201152801514e-01
1.000000000000000000e+00,4.037578105926513672e-01
1.000000000000000000e+00,4.469568431377410889e-01
1.000000000000000000e+00,3.225750923156738281e-01
1.000000000000000000e+00,3.622518479824066162e-01
1.000000000000000000e+00,3.706130385398864746e-01
1.000000000000000000e+00,3.943430185317993164e-01
1.000000000000000000e+00,4.473454356193542480e-01
1.000000000000000000e+00,5.210490226745605469e-01
1.000000000000000000e+00,3.931945264339447021e-01
1.000000000000000000e+00,4.169313311576843262e-01
1.000000000000000000e+00,3.481298983097076416e-01
1.000000000000000000e+00,4.946576654911041260e-01
1.000000000000000000e+00,3.685313463211059570e-01
1.000000000000000000e+00,4.200305938720703125e-01
1.000000000000000000e+00,3.539677560329437256e-01
1.000000000000000000e+00,4.170549511909484863e-01
1.000000000000000000e+00,4.804002344608306885e-01
1.000000000000000000e+00,4.761359095573425293e-01
1.000000000000000000e+00,5.076134204864501953e-01
1.000000000000000000e+00,4.492928385734558105e-01
1.000000000000000000e+00,4.185156524181365967e-01
1.000000000000000000e+00,4.217121899127960205e-01
1.000000000000000000e+00,4.004777073860168457e-01
1.000000000000000000e+00,3.978334665298461914e-01
1.000000000000000000e+00,4.340454936027526855e-01
1.000000000000000000e+00,4.727826416492462158e-01
1.000000000000000000e+00,3.675948977470397949e-01
1.000000000000000000e+00,4.408250749111175537e-01
1.000000000000000000e+00,4.103332161903381348e-01
1.000000000000000000e+00,4.617310762405395508e-01
1.000000000000000000e+00,3.655000329017639160e-01
1.000000000000000000e+00,3.649736940860748291e-01
1.000000000000000000e+00,3.504176735877990723e-01
1.000000000000000000e+00,3.619432449340820312e-01
1.000000000000000000e+00,4.733590483665466309e-01
1.000000000000000000e+00,4.355747997760772705e-01
1.000000000000000000e+00,4.762479662895202637e-01
1.000000000000000000e+00,4.543671905994415283e-01
1.000000000000000000e+00,2.924357652664184570e-01
1.000000000000000000e+00,3.587218225002288818e-01
1.000000000000000000e+00,4.340997636318206787e-01
1.000000000000000000e+00,3.823265433311462402e-01
1.000000000000000000e+00,3.920221924781799316e-01
1.000000000000000000e+00,3.780455887317657471e-01
1.000000000000000000e+00,3.821949362754821777e-01
1.000000000000000000e+00,3.872139155864715576e-01
1.000000000000000000e+00,4.053246974945068359e-01
1.000000000000000000e+00,3.492637276649475098e-01
1.000000000000000000e+00,4.475659728050231934e-01
1.000000000000000000e+00,3.968375325202941895e-01
1.000000000000000000e+00,4.446741938591003418e-01
1.000000000000000000e+00,3.640016317367553711e-01
1.000000000000000000e+00,4.337399601936340332e-01
1.000000000000000000e+00,4.450899362564086914e-01
1.000000000000000000e+00,4.961825609207153320e-01
1.000000000000000000e+00,4.202735722064971924e-01
1.000000000000000000e+00,2.976354062557220459e-01
1.000000000000000000e+00,4.225026667118072510e-01
1.000000000000000000e+00,3.514840304851531982e-01
1.000000000000000000e+00,4.348167181015014648e-01
1.000000000000000000e+00,4.161418676376342773e-01
1.000000000000000000e+00,4.439735412597656250e-01
1.000000000000000000e+00,4.002756774425506592e-01
1.000000000000000000e+00,4.053534865379333496e-01
1.000000000000000000e+00,3.974959254264831543e-01
1.000000000000000000e+00,4.596839845180511475e-01
1.000000000000000000e+00,3.941279649734497070e-01
1.000000000000000000e+00,3.964995741844177246e-01
1.000000000000000000e+00,4.216721951961517334e-01
1.000000000000000000e+00,4.423754215240478516e-01
1.000000000000000000e+00,4.072775244712829590e-01
1.000000000000000000e+00,4.284255802631378174e-01
1.000000000000000000e+00,5.475642085075378418e-01
1.000000000000000000e+00,4.015808701515197754e-01
1.000000000000000000e+00,3.708805441856384277e-01
1.000000000000000000e+00,5.046353340148925781e-01
1.000000000000000000e+00,4.158465266227722168e-01
1.000000000000000000e+00,4.559752941131591797e-01
1.000000000000000000e+00,5.491024255752563477e-01
1.000000000000000000e+00,4.466727077960968018e-01
1.000000000000000000e+00,3.397055268287658691e-01
1.000000000000000000e+00,4.018012285232543945e-01
1.000000000000000000e+00,3.887766003608703613e-01
1.000000000000000000e+00,4.570956826210021973e-01
1.000000000000000000e+00,4.156039953231811523e-01
1.000000000000000000e+00,3.960301876068115234e-01
1.000000000000000000e+00,4.231453537940979004e-01
1.000000000000000000e+00,4.086740016937255859e-01
1.000000000000000000e+00,3.833024799823760986e-01
1.000000000000000000e+00,3.792123794555664062e-01
1.000000000000000000e+00,4.269905090332031250e-01
1.000000000000000000e+00,3.723247349262237549e-01
1.000000000000000000e+00,5.513547658920288086e-01
1.000000000000000000e+00,3.839207887649536133e-01
1.000000000000000000e+00,4.769995510578155518e-01
1.000000000000000000e+00,3.959349989891052246e-01
1.000000000000000000e+00,3.882119357585906982e-01
1.000000000000000000e+00,4.358082711696624756e-01
1.000000000000000000e+00,5.494867563247680664e-01
1.000000000000000000e+00,4.582680463790893555e-01
1.000000000000000000e+00,3.979166150093078613e-01
1.000000000000000000e+00,4.095693230628967285e-01
1.000000000000000000e+00,4.659298956394195557e-01
1.000000000000000000e+00,4.350962638854980469e-01
1.000000000000000000e+00,3.621016144752502441e-01
1.000000000000000000e+00,3.647814989089965820e-01
1.000000000000000000e+00,3.846091032028198242e-01
1.000000000000000000e+00,3.337610363960266113e-01
1.000000000000000000e+00,4.638258814811706543e-01
1.000000000000000000e+00,3.106923103332519531e-01
1.000000000000000000e+00,4.565645754337310791e-01
1.000000000000000000e+00,4.032129049301147461e-01
1.000000000000000000e+00,3.868954479694366455e-01
1.000000000000000000e+00,4.380413293838500977e-01
1.000000000000000000e+00,4.540477097034454346e-01
1.000000000000000000e+00,3.582993149757385254e-01
1.000000000000000000e+00,4.092300534248352051e-01
1.000000000000000000e+00,4.770338535308837891e-01
1.000000000000000000e+00,3.879137933254241943e-01
1.000000000000000000e+00,4.676190018653869629e-01
1.000000000000000000e+00,4.222071766853332520e-01
1.000000000000000000e+00,4.533978104591369629e-01
1.000000000000000000e+00,5.243834257125854492e-01
1.000000000000000000e+00,4.181225001811981201e-01
1.000000000000000000e+00,5.146935582160949707e-01
1.000000000000000000e+00,3.375015556812286377e-01
1.000000000000000000e+00,3.815419375896453857e-01
1.000000000000000000e+00,4.301261305809020996e-01
1.000000000000000000e+00,4.490611553192138672e-01
1.000000000000000000e+00,3.548119664192199707e-01
1.000000000000000000e+00,4.040388762950897217e-01
1.000000000000000000e+00,3.969897627830505371e-01
1.000000000000000000e+00,3.857639431953430176e-01
1.000000000000000000e+00,4.217225313186645508e-01
1.000000000000000000e+00,3.604578375816345215e-01
1.000000000000000000e+00,3.682252764701843262e-01
1.000000000000000000e+00,3.939180672168731689e-01
1.000000000000000000e+00,4.555124938488006592e-01
1.000000000000000000e+00,3.405425250530242920e-01
1.000000000000000000e+00,4.214095473289489746e-01
1.000000000000000000e+00,2.971150279045104980e-01
1.000000000000000000e+00,3.719890713691711426e-01
1.000000000000000000e+00,4.040099084377288818e-01
1.000000000000000000e+00,4.974262118339538574e-01
1.000000000000000000e+00,5.173187851905822754e-01
1.000000000000000000e+00,3.792549967765808105e-01
1.000000000000000000e+00,3.916639983654022217e-01
1.000000000000000000e+00,3.718475699424743652e-01
1.000000000000000000e+00,3.582180738449096680e-01
1.000000000000000000e+00,4.062369763851165771e-01
1.000000000000000000e+00,4.359830319881439209e-01
1.000000000000000000e+00,3.657568991184234619e-01
1.000000000000000000e+00,3.931111097335815430e-01
1.000000000000000000e+00,3.681717813014984131e-01
1.000000000000000000e+00,4.327471852302551270e-01
1.000000000000000000e+00,4.391026794910430908e-01
1.000000000000000000e+00,4.010003209114074707e-01
1.000000000000000000e+00,3.679660856723785400e-01
1.000000000000000000e+00,3.631868958473205566e-01
1.000000000000000000e+00,5.368039608001708984e-01
1.000000000000000000e+00,4.276757538318634033e-01
1.000000000000000000e+00,3.936308026313781738e-01
1.000000000000000000e+00,4.402738511562347412e-01
1.000000000000000000e+00,4.128669500350952148e-01
1.000000000000000000e+00,4.441466927528381348e-01
1.000000000000000000e+00,3.609350025653839111e-01
1.000000000000000000e+00,3.708215951919555664e-01
1.000000000000000000e+00,3.945173919200897217e-01
1.000000000000000000e+00,3.840152323246002197e-01
1.000000000000000000e+00,4.309884905815124512e-01
1.000000000000000000e+00,4.411510825157165527e-01
1.000000000000000000e+00,4.393745958805084229e-01
1.000000000000000000e+00,3.327423632144927979e-01
1.000000000000000000e+00,3.500966131687164307e-01
1.000000000000000000e+00,4.740448594093322754e-01
1.000000000000000000e+00,4.838197529315948486e-01
1.000000000000000000e+00,4.482271075248718262e-01
1.000000000000000000e+00,3.614556193351745605e-01
1.000000000000000000e+00,3.995696306228637695e-01
1.000000000000000000e+00,4.003801941871643066e-01
1.000000000000000000e+00,3.773743510246276855e-01
1.000000000000000000e+00,4.112882316112518311e-01
1.000000000000000000e+00,3.714245259761810303e-01
1.000000000000000000e+00,4.968991577625274658e-01
1.000000000000000000e+00,4.605115354061126709e-01
1.000000000000000000e+00,4.430063962936401367e-01
1.000000000000000000e+00,4.030389785766601562e-01
1.000000000000000000e+00,4.084996879100799561e-01
1.000000000000000000e+00,5.073156952857971191e-01
1.000000000000000000e+00,3.639851212501525879e-01
1.000000000000000000e+00,4.217751622200012207e-01
1.000000000000000000e+00,5.005825757980346680e-01
1.000000000000000000e+00,4.116330146789550781e-01
1.000000000000000000e+00,3.741827607154846191e-01
1.000000000000000000e+00,4.725583195686340332e-01
1.000000000000000000e+00,4.102255702018737793e-01
1.000000000000000000e+00,4.472110867500305176e-01
1.000000000000000000e+00,3.425208330154418945e-01
1.000000000000000000e+00,3.690388500690460205e-01
1.000000000000000000e+00,3.740525543689727783e-01
1.000000000000000000e+00,3.882345557212829590e-01
1.000000000000000000e+00,4.731086790561676025e-01
1.000000000000000000e+00,4.643527865409851074e-01
1.000000000000000000e+00,3.781201839447021484e-01
1.000000000000000000e+00,3.843664824962615967e-01
1.000000000000000000e+00,3.603833019733428955e-01
1.000000000000000000e+00,3.825937509536743164e-01
1.000000000000000000e+00,3.858378827571868896e-01
1.000000000000000000e+00,4.809433221817016602e-01
1.000000000000000000e+00,4.167049229145050049e-01
1.000000000000000000e+00,4.723337888717651367e-01
1.000000000000000000e+00,3.300217092037200928e-01
1.000000000000000000e+00,5.249133110046386719e-01
1.000000000000000000e+00,4.818628132343292236e-01
1.000000000000000000e+00,4.471844136714935303e-01
1.000000000000000000e+00,3.941583633422851562e-01
1.000000000000000000e+00,3.809857368469238281e-01
1.000000000000000000e+00,3.638805747032165527e-01
1.000000000000000000e+00,3.861535191535949707e-01
1.000000000000000000e+00,3.551627397537231445e-01
1.000000000000000000e+00,4.784581363201141357e-01
1.000000000000000000e+00,3.871676325798034668e-01
1.000000000000000000e+00,5.774925351142883301e-01
1.000000000000000000e+00,3.166107535362243652e-01
1.000000000000000000e+00,4.166473746299743652e-01
1.000000000000000000e+00,4.052884876728057861e-01
1.000000000000000000e+00,4.316371679306030273e-01
1.000000000000000000e+00,3.953656554222106934e-01
1.000000000000000000e+00,4.392247796058654785e-01
1.000000000000000000e+00,4.452728629112243652e-01
1.000000000000000000e+00,4.583174586296081543e-01
1.000000000000000000e+00,3.824585676193237305e-01
1.000000000000000000e+00,4.242098927497863770e-01
1.000000000000000000e+00,4.415886402130126953e-01
1.000000000000000000e+00,4.276634752750396729e-01
1.000000000000000000e+00,4.225607514381408691e-01
1.000000000000000000e+00,4.443106055259704590e-01
1.000000000000000000e+00,4.969193935394287109e-01
1.000000000000000000e+00,3.749469518661499023e-01
1.000000000000000000e+00,4.141327738761901855e-01
1.000000000000000000e+00,4.283106029033660889e-01
1.000000000000000000e+00,4.480604231357574463e-01
1.000000000000000000e+00,3.653979301452636719e-01
1.000000000000000000e+00,3.932304978370666504e-01
1.000000000000000000e+00,2.991460263729095459e-01
1.000000000000000000e+00,3.946224451065063477e-01
1.000000000000000000e+00,4.410764276981353760e-01
1.000000000000000000e+00,3.555620312690734863e-01
1.000000000000000000e+00,3.728092908859252930e-01
1.000000000000000000e+00,4.648292958736419678e-01
1.000000000000000000e+00,3.786739110946655273e-01
1.000000000000000000e+00,5.002709627151489258e-01
1.000000000000000000e+00,4.776538014411926270e-01
1.000000000000000000e+00,3.771057128906250000e-01
1.000000000000000000e+00,4.421271681785583496e-01
1.000000000000000000e+00,4.109941124916076660e-01
1.000000000000000000e+00,3.038111925125122070e-01
1.000000000000000000e+00,3.912847936153411865e-01
1.000000000000000000e+00,3.898819088935852051e-01
1.000000000000000000e+00,4.286138117313385010e-01
1.000000000000000000e+00,3.931774497032165527e-01
1.000000000000000000e+00,4.024696350097656250e-01
1.000000000000000000e+00,4.281937181949615479e-01
1.000000000000000000e+00,3.951597213745117188e-01
1.000000000000000000e+00,3.987282514572143555e-01
1.000000000000000000e+00,4.386531114578247070e-01
1.000000000000000000e+00,3.864302039146423340e-01
1.000000000000000000e+00,3.603988885879516602e-01
1.000000000000000000e+00,4.557844400405883789e-01
1.000000000000000000e+00,4.006669819355010986e-01
1.000000000000000000e+00,4.690813124179840088e-01
1.000000000000000000e+00,4.441152811050415039e-01
1.000000000000000000e+00,4.430937170982360840e-01
1.000000000000000000e+00,4.288509488105773926e-01
1.000000000000000000e+00,3.541957736015319824e-01
1.000000000000000000e+00,3.753809332847595215e-01
1.000000000000000000e+00,3.486337959766387939e-01
1.000000000000000000e+00,4.369204044342041016e-01
1.000000000000000000e+00,3.925639390945434570e-01
1.000000000000000000e+00,4.466616213321685791e-01
1.000000000000000000e+00,3.180166184902191162e-01
1.000000000000000000e+00,3.510045409202575684e-01
1.000000000000000000e+00,4.485076367855072021e-01
1.000000000000000000e+00,3.786247968673706055e-01
1.000000000000000000e+00,4.289415478706359863e-01
1.000000000000000000e+00,4.152095019817352295e-01
1.000000000000000000e+00,4.266493320465087891e-01
1.000000000000000000e+00,4.466366767883300781e-01
1.000000000000000000e+00,4.053427577018737793e-01
1.000000000000000000e+00,3.614050149917602539e-01
1.000000000000000000e+00,3.985950648784637451e-01
1.000000000000000000e+00,4.146392941474914551e-01
1.000000000000000000e+00,4.297509789466857910e-01
1.000000000000000000e+00,4.525011181831359863e-01
1.000000000000000000e+00,4.605637192726135254e-01
1.000000000000000000e+00,4.441696703433990479e-01
1.000000000000000000e+00,4.627975821495056152e-01
1.000000000000000000e+00,4.477462768554687500e-01
1.000000000000000000e+00,3.621982038021087646e-01
1.000000000000000000e+00,5.580731034278869629e-01
1.000000000000000000e+00,4.392029643058776855e-01
1.000000000000000000e+00,4.299290478229522705e-01
1.000000000000000000e+00,5.272356867790222168e-01
1.000000000000000000e+00,4.559606909751892090e-01
1.000000000000000000e+00,4.221822917461395264e-01
1.000000000000000000e+00,4.721629619598388672e-01
1.000000000000000000e+00,3.655683994293212891e-01
1.000000000000000000e+00,4.078802466392517090e-01
1.000000000000000000e+00,4.098874926567077637e-01
1.000000000000000000e+00,5.314913988113403320e-01
1.000000000000000000e+00,5.245612859725952148e-01
1.000000000000000000e+00,4.355696141719818115e-01
1.000000000000000000e+00,3.973262906074523926e-01
1.000000000000000000e+00,4.401648938655853271e-01
1.000000000000000000e+00,4.286849498748779297e-01
1.000000000000000000e+00,4.365338683128356934e-01
1.000000000000000000e+00,5.047345161437988281e-01
1.000000000000000000e+00,4.228688776493072510e-01
1.000000000000000000e+00,4.477926194667816162e-01
1.000000000000000000e+00,5.311156511306762695e-01
1.000000000000000000e+00,4.458969831466674805e-01
1.000000000000000000e+00,4.079193770885467529e-01
1.000000000000000000e+00,4.105864465236663818e-01
1.000000000000000000e+00,4.302497506141662598e-01
1.000000000000000000e+00,3.733858466148376465e-01
1.000000000000000000e+00,3.758880496025085449e-01
1.000000000000000000e+00,3.490791320800781250e-01
1.000000000000000000e+00,5.602043867111206055e-01
1.000000000000000000e+00,4.680442512035369873e-01
1.000000000000000000e+00,3.431769907474517822e-01
1.000000000000000000e+00,4.455961883068084717e-01
1.000000000000000000e+00,4.274368584156036377e-01
1.000000000000000000e+00,4.207668006420135498e-01
1.000000000000000000e+00,3.995462059974670410e-01
1.000000000000000000e+00,4.222629666328430176e-01
1.000000000000000000e+00,4.168475568294525146e-01
1.000000000000000000e+00,4.654580950736999512e-01
1.000000000000000000e+00,4.496313929557800293e-01
1.000000000000000000e+00,4.840741157531738281e-01
1.000000000000000000e+00,4.606354832649230957e-01
1.000000000000000000e+00,4.381253123283386230e-01
1.000000000000000000e+00,4.133012890815734863e-01
1.000000000000000000e+00,4.490424692630767822e-01
1.000000000000000000e+00,4.132529497146606445e-01
1.000000000000000000e+00,4.523442685604095459e-01
1.000000000000000000e+00,3.613336682319641113e-01
1.000000000000000000e+00,3.987462818622589111e-01
1.000000000000000000e+00,4.569244682788848877e-01
1.000000000000000000e+00,5.517467260360717773e-01
1.000000000000000000e+00,3.998165726661682129e-01
1.000000000000000000e+00,3.966478109359741211e-01
1.000000000000000000e+00,4.250675141811370850e-01
1.000000000000000000e+00,4.052574336528778076e-01
1.000000000000000000e+00,3.603073656558990479e-01
1.000000000000000000e+00,4.303138256072998047e-01
1.000000000000000000e+00,3.764247596263885498e-01
1.000000000000000000e+00,5.469957590103149414e-01
1.000000000000000000e+00,3.995069861412048340e-01
1.000000000000000000e+00,4.765662252902984619e-01
1.000000000000000000e+00,3.396363258361816406e-01
1.000000000000000000e+00,3.825515508651733398e-01
1.000000000000000000e+00,4.663454890251159668e-01
1.000000000000000000e+00,4.236520230770111084e-01
1.000000000000000000e+00,4.137550294399261475e-01
1.000000000000000000e+00,3.747999668121337891e-01
1.000000000000000000e+00,4.405499100685119629e-01
1.000000000000000000e+00,4.416292607784271240e-01
1.000000000000000000e+00,3.787680864334106445e-01
1.000000000000000000e+00,4.098231494426727295e-01
1.000000000000000000e+00,3.931197226047515869e-01
1.000000000000000000e+00,3.689476847648620605e-01
1.000000000000000000e+00,4.075403809547424316e-01
1.000000000000000000e+00,4.314688444137573242e-01
1.000000000000000000e+00,4.219900965690612793e-01
1.000000000000000000e+00,4.903088808059692383e-01
1.000000000000000000e+00,4.234206080436706543e-01
1.000000000000000000e+00,4.060527682304382324e-01
1.000000000000000000e+00,3.675564527511596680e-01
1.000000000000000000e+00,4.158194065093994141e-01
1.000000000000000000e+00,3.636362552642822266e-01
1.000000000000000000e+00,3.675587475299835205e-01
1.000000000000000000e+00,3.794991075992584229e-01
1.000000000000000000e+00,3.988604545593261719e-01
1.000000000000000000e+00,4.411503672599792480e-01
1.000000000000000000e+00,4.733875989913940430e-01
1.000000000000000000e+00,3.191963136196136475e-01
1.000000000000000000e+00,4.240223169326782227e-01
1.000000000000000000e+00,4.133489131927490234e-01
1.000000000000000000e+00,3.573093414306640625e-01
1.000000000000000000e+00,4.362109005451202393e-01
1.000000000000000000e+00,4.493466317653656006e-01
1.000000000000000000e+00,3.981389403343200684e-01
1.000000000000000000e+00,4.207398891448974609e-01
1.000000000000000000e+00,4.010574817657470703e-01
1.000000000000000000e+00,3.950148522853851318e-01
1.000000000000000000e+00,4.026826918125152588e-01
1.000000000000000000e+00,4.054798483848571777e-01
1.000000000000000000e+00,4.556872248649597168e-01
1.000000000000000000e+00,4.104942977428436279e-01
1.000000000000000000e+00,4.016923606395721436e-01
1.000000000000000000e+00,4.382194280624389648e-01
1.000000000000000000e+00,4.742038249969482422e-01
1.000000000000000000e+00,4.071813821792602539e-01
1.000000000000000000e+00,4.394856989383697510e-01
1.000000000000000000e+00,3.611364066600799561e-01
1.000000000000000000e+00,4.122757017612457275e-01
1.000000000000000000e+00,4.129917323589324951e-01
1.000000000000000000e+00,4.229886829853057861e-01
1.000000000000000000e+00,4.114992022514343262e-01
1.000000000000000000e+00,4.163638055324554443e-01
