label,score
0.000000000000000000e+00,3.323895037174224854e-01
0.000000000000000000e+00,3.179602921009063721e-01
0.000000000000000000e+00,1.835010796785354614e-01
0.000000000000000000e+00,2.402586638927459717e-01
0.000000000000000000e+00,2.017328441143035889e-01
0.000000000000000000e+00,1.279502063989639282e-01
0.000000000000000000e+00,1.929346621036529541e-01
0.000000000000000000e+00,1.284208595752716064e-01
0.000000000000000000e+00,1.902227103710174561e-01
0.000000000000000000e+00,1.490543931722640991e-01
0.000000000000000000e+00,1.753068417310714722e-01
0.000000000000000000e+00,1.475704759359359741e-01
0.000000000000000000e+00,2.327769994735717773e-01
0.000000000000000000e+00,1.927282214164733887e-01
0.000000000000000000e+00,1.846822202205657959e-01
0.000000000000000000e+00,1.160704866051673889e-01
0.000000000000000000e+00,1.504682004451751709e-01
0.000000000000000000e+00,1.731513291597366333e-01
0.000000000000000000e+00,1.510683000087738037e-01
0.000000000000000000e+00,1.466060578823089600e-01
0.000000000000000000e+00,1.705556809902191162e-01
0.000000000000000000e+00,1.654679179191589355e-01
0.000000000000000000e+00,1.723266392946243286e-01
0.000000000000000000e+00,2.160181701183319092e-01
0.000000000000000000e+00,1.833906024694442749e-01
0.000000000000000000e+00,1.720916777849197388e-01
0.000000000000000000e+00,2.017946243286132812e-01
0.000000000000000000e+00,1.675338447093963623e-01
0.000000000000000000e+00,1.384732127189636230e-01
0.000000000000000000e+00,1.621951162815093994e-01
0.000000000000000000e+00,1.842542141675949097e-01
0.000000000000000000e+00,2.254026830196380615e-01
0.000000000000000000e+00,1.785428971052169800e-01
0.000000000000000000e+00,1.485140025615692139e-01
0.000000000000000000e+00,1.844001710414886475e-01
0.000000000000000000e+00,1.468666940927505493e-01
0.000000000000000000e+00,1.638576388359069824e-01
0.000000000000000000e+00,1.408097743988037109e-01
0.000000000000000000e+00,1.672004163265228271e-01
0.000000000000000000e+00,1.612578034400939941e-01
0.000000000000000000e+00,1.623737812042236328e-01
0.000000000000000000e+00,1.173987388610839844e-01
0.000000000000000000e+00,1.653221398591995239e-01
0.000000000000000000e+00,2.048703879117965698e-01
0.000000000000000000e+00,1.361681520938873291e-01
0.000000000000000000e+00,1.748519539833068848e-01
0.000000000000000000e+00,1.543937921524047852e-01
0.000000000000000000e+00,1.536877900362014771e-01
0.000000000000000000e+00,1.430971175432205200e-01
0.000000000000000000e+00,1.681271046400070190e-01
0.000000000000000000e+00,1.457932889461517334e-01
0.000000000000000000e+00,1.515149921178817749e-01
0.000000000000000000e+00,1.933795213699340820e-01
0.000000000000000000e+00,2.119844853878021240e-01
0.000000000000000000e+00,1.849039196968078613e-01
0.000000000000000000e+00,1.904509663581848145e-01
0.000000000000000000e+00,1.974958926439285278e-01
0.000000000000000000e+00,2.289245426654815674e-01
0.000000000000000000e+00,1.427675783634185791e-01
0.000000000000000000e+00,1.398019194602966309e-01
0.000000000000000000e+00,1.585084199905395508e-01
0.000000000000000000e+00,1.685255169868469238e-01
0.000000000000000000e+00,1.535818129777908325e-01
0.000000000000000000e+00,1.820628046989440918e-01
0.000000000000000000e+00,1.223882362246513367e-01
0.000000000000000000e+00,1.480399668216705322e-01
0.000000000000000000e+00,1.508502215147018433e-01
0.000000000000000000e+00,1.767714470624923706e-01
0.000000000000000000e+00,1.688265353441238403e-01
0.000000000000000000e+00,1.327734887599945068e-01
0.000000000000000000e+00,1.365163624286651611e-01
0.000000000000000000e+00,1.589837074279785156e-01
0.000000000000000000e+00,1.554768383502960205e-01
0.000000000000000000e+00,1.528398245573043823e-01
0.000000000000000000e+00,1.830639243125915527e-01
0.000000000000000000e+00,1.627320349216461182e-01
0.000000000000000000e+00,1.617104709148406982e-01
0.000000000000000000e+00,1.557714343070983887e-01
0.000000000000000000e+00,1.460292339324951172e-01
0.000000000000000000e+00,2.796781957149505615e-01
0.000000000000000000e+00,1.473066359758377075e-01
0.000000000000000000e+00,1.579393744468688965e-01
0.000000000000000000e+00,2.035432308912277222e-01
0.000000000000000000e+00,1.688235700130462646e-01
0.000000000000000000e+00,1.903546452522277832e-01
0.000000000000000000e+00,1.432839483022689819e-01
0.000000000000000000e+00,1.647602319717407227e-01
0.000000000000000000e+00,1.603339463472366333e-01
0.000000000000000000e+00,1.784742176532745361e-01
0.000000000000000000e+00,1.767421662807464600e-01
0.000000000000000000e+00,1.846682429313659668e-01
0.000000000000000000e+00,1.440349966287612915e-01
0.000000000000000000e+00,1.638438701629638672e-01
0.000000000000000000e+00,1.543801426887512207e-01
0.000000000000000000e+00,1.666488200426101685e-01
0.000000000000000000e+00,1.832520961761474609e-01
0.000000000000000000e+00,1.511886864900588989e-01
0.000000000000000000e+00,1.339237391948699951e-01
0.000000000000000000e+00,1.600048094987869263e-01
0.000000000000000000e+00,1.646512895822525024e-01
0.000000000000000000e+00,1.630498766899108887e-01
0.000000000000000000e+00,1.718338131904602051e-01
0.000000000000000000e+00,2.111783474683761597e-01
0.000000000000000000e+00,2.044892013072967529e-01
0.000000000000000000e+00,1.792390197515487671e-01
0.000000000000000000e+00,1.766505986452102661e-01
0.000000000000000000e+00,1.534900069236755371e-01
0.000000000000000000e+00,1.365726888179779053e-01
0.000000000000000000e+00,1.586506515741348267e-01
0.000000000000000000e+00,1.328977644443511963e-01
0.000000000000000000e+00,1.636997312307357788e-01
0.000000000000000000e+00,1.475815922021865845e-01
0.000000000000000000e+00,2.037684768438339233e-01
0.000000000000000000e+00,1.780432760715484619e-01
0.000000000000000000e+00,1.531274318695068359e-01
0.000000000000000000e+00,1.817984580993652344e-01
0.000000000000000000e+00,1.770061105489730835e-01
0.000000000000000000e+00,1.572493314743041992e-01
0.000000000000000000e+00,1.556241363286972046e-01
0.000000000000000000e+00,1.482767313718795776e-01
0.000000000000000000e+00,1.703751385211944580e-01
0.000000000000000000e+00,2.005265057086944580e-01
0.000000000000000000e+00,1.864736080169677734e-01
0.000000000000000000e+00,2.096948772668838501e-01
0.000000000000000000e+00,2.212870419025421143e-01
0.000000000000000000e+00,1.646241843700408936e-01
0.000000000000000000e+00,1.590662002563476562e-01
0.000000000000000000e+00,1.770636141300201416e-01
0.000000000000000000e+00,1.857480257749557495e-01
0.000000000000000000e+00,1.586599647998809814e-01
0.000000000000000000e+00,1.492859870195388794e-01
0.000000000000000000e+00,1.545286476612091064e-01
0.000000000000000000e+00,1.492844969034194946e-01
0.000000000000000000e+00,1.469461619853973389e-01
0.000000000000000000e+00,1.689440160989761353e-01
0.000000000000000000e+00,1.808097064495086670e-01
0.000000000000000000e+00,1.441711485385894775e-01
0.000000000000000000e+00,1.553899794816970825e-01
0.000000000000000000e+00,1.464913487434387207e-01
0.000000000000000000e+00,1.569691598415374756e-01
0.000000000000000000e+00,2.741058468818664551e-01
0.000000000000000000e+00,1.839197278022766113e-01
0.000000000000000000e+00,1.555760502815246582e-01
0.000000000000000000e+00,1.402315795421600342e-01
0.000000000000000000e+00,1.663898527622222900e-01
0.000000000000000000e+00,2.087723016738891602e-01
0.000000000000000000e+00,1.620678603649139404e-01
0.000000000000000000e+00,1.825445890426635742e-01
0.000000000000000000e+00,1.661880463361740112e-01
0.000000000000000000e+00,1.823113262653350830e-01
0.000000000000000000e+00,1.625780463218688965e-01
0.000000000000000000e+00,1.534720510244369507e-01
0.000000000000000000e+00,1.625850945711135864e-01
0.000000000000000000e+00,1.830544769763946533e-01
0.000000000000000000e+00,1.590406745672225952e-01
0.000000000000000000e+00,1.589528322219848633e-01
0.000000000000000000e+00,1.610093414783477783e-01
0.000000000000000000e+00,1.541972160339355469e-01
0.000000000000000000e+00,1.934501826763153076e-01
0.000000000000000000e+00,1.501905024051666260e-01
0.000000000000000000e+00,1.866541206836700439e-01
0.000000000000000000e+00,1.649952530860900879e-01
0.000000000000000000e+00,1.597636640071868896e-01
0.000000000000000000e+00,1.467184573411941528e-01
0.000000000000000000e+00,2.265235334634780884e-01
0.000000000000000000e+00,1.814551353454589844e-01
0.000000000000000000e+00,2.022477537393569946e-01
0.000000000000000000e+00,2.365873903036117554e-01
0.000000000000000000e+00,1.664679944515228271e-01
0.000000000000000000e+00,2.782328426837921143e-01
0.000000000000000000e+00,1.818004101514816284e-01
0.000000000000000000e+00,1.767120659351348877e-01
0.000000000000000000e+00,2.190115004777908325e-01
0.000000000000000000e+00,1.811020523309707642e-01
0.000000000000000000e+00,1.811615079641342163e-01
0.000000000000000000e+00,1.966684609651565552e-01
0.000000000000000000e+00,2.080362290143966675e-01
0.000000000000000000e+00,1.898514926433563232e-01
0.000000000000000000e+00,1.891576498746871948e-01
0.000000000000000000e+00,1.699508875608444214e-01
0.000000000000000000e+00,1.412661522626876831e-01
0.000000000000000000e+00,1.706210374832153320e-01
0.000000000000000000e+00,1.942087709903717041e-01
0.000000000000000000e+00,2.030331641435623169e-01
0.000000000000000000e+00,1.909054219722747803e-01
0.000000000000000000e+00,1.653859466314315796e-01
0.000000000000000000e+00,1.812359541654586792e-01
0.000000000000000000e+00,1.788025051355361938e-01
0.000000000000000000e+00,2.011386603116989136e-01
0.000000000000000000e+00,1.982560604810714722e-01
0.000000000000000000e+00,1.698400974273681641e-01
0.000000000000000000e+00,1.743413209915161133e-01
0.000000000000000000e+00,1.864661425352096558e-01
0.000000000000000000e+00,1.739941537380218506e-01
0.000000000000000000e+00,1.525198817253112793e-01
0.000000000000000000e+00,1.680725663900375366e-01
0.000000000000000000e+00,2.086350619792938232e-01
0.000000000000000000e+00,2.031752020120620728e-01
0.000000000000000000e+00,3.368013203144073486e-01
0.000000000000000000e+00,2.556949257850646973e-01
0.000000000000000000e+00,2.051257193088531494e-01
0.000000000000000000e+00,1.564562171697616577e-01
0.000000000000000000e+00,2.225290387868881226e-01
0.000000000000000000e+00,1.586038172245025635e-01
0.000000000000000000e+00,2.385162115097045898e-01
0.000000000000000000e+00,1.799796074628829956e-01
0.000000000000000000e+00,2.876800596714019775e-01
0.000000000000000000e+00,1.879910677671432495e-01
0.000000000000000000e+00,1.625666618347167969e-01
0.000000000000000000e+00,1.694922447204589844e-01
0.000000000000000000e+00,2.075003832578659058e-01
0.000000000000000000e+00,3.055973649024963379e-01
0.000000000000000000e+00,2.859176397323608398e-01
0.000000000000000000e+00,2.138507664203643799e-01
0.000000000000000000e+00,1.616830527782440186e-01
0.000000000000000000e+00,2.045070976018905640e-01
0.000000000000000000e+00,1.525321304798126221e-01
0.000000000000000000e+00,1.691016554832458496e-01
0.000000000000000000e+00,1.708768308162689209e-01
0.000000000000000000e+00,1.674212217330932617e-01
0.000000000000000000e+00,1.398713290691375732e-01
0.000000000000000000e+00,1.308574229478836060e-01
0.000000000000000000e+00,1.450015306472778320e-01
0.000000000000000000e+00,2.836472392082214355e-01
0.000000000000000000e+00,1.277197003364562988e-01
0.000000000000000000e+00,1.943942010402679443e-01
0.000000000000000000e+00,1.580955237150192261e-01
0.000000000000000000e+00,2.006842941045761108e-01
0.000000000000000000e+00,1.590646505355834961e-01
0.000000000000000000e+00,1.850322782993316650e-01
0.000000000000000000e+00,1.926373690366744995e-01
0.000000000000000000e+00,1.282668411731719971e-01
0.000000000000000000e+00,1.555154919624328613e-01
0.000000000000000000e+00,1.705665290355682373e-01
0.000000000000000000e+00,2.120018601417541504e-01
0.000000000000000000e+00,1.788602024316787720e-01
0.000000000000000000e+00,2.099303603172302246e-01
0.000000000000000000e+00,1.755211949348449707e-01
0.000000000000000000e+00,1.328065693378448486e-01
0.000000000000000000e+00,1.273927986621856689e-01
0.000000000000000000e+00,1.485099941492080688e-01
0.000000000000000000e+00,1.478923559188842773e-01
0.000000000000000000e+00,1.606288701295852661e-01
0.000000000000000000e+00,1.445813179016113281e-01
0.000000000000000000e+00,1.462720334529876709e-01
0.000000000000000000e+00,2.046090364456176758e-01
0.000000000000000000e+00,1.488698720932006836e-01
0.000000000000000000e+00,1.542621999979019165e-01
0.000000000000000000e+00,1.256917268037796021e-01
0.000000000000000000e+00,1.640995442867279053e-01
0.000000000000000000e+00,1.369067728519439697e-01
0.000000000000000000e+00,1.300215870141983032e-01
0.000000000000000000e+00,1.412569284439086914e-01
0.000000000000000000e+00,1.362753659486770630e-01
0.000000000000000000e+00,2.849990427494049072e-01
0.000000000000000000e+00,1.450316905975341797e-01
0.000000000000000000e+00,1.670967042446136475e-01
0.000000000000000000e+00,1.529042124748229980e-01
0.000000000000000000e+00,1.225968599319458008e-01
0.000000000000000000e+00,1.423373222351074219e-01
0.000000000000000000e+00,1.418990939855575562e-01
0.000000000000000000e+00,1.663605570793151855e-01
0.000000000000000000e+00,1.596387773752212524e-01
0.000000000000000000e+00,1.495836079120635986e-01
0.000000000000000000e+00,1.476123780012130737e-01
0.000000000000000000e+00,1.512199640274047852e-01
0.000000000000000000e+00,1.366548091173171997e-01
0.000000000000000000e+00,1.920635253190994263e-01
0.000000000000000000e+00,1.358336806297302246e-01
0.000000000000000000e+00,1.656762808561325073e-01
0.000000000000000000e+00,1.501700878143310547e-01
0.000000000000000000e+00,1.624843031167984009e-01
0.000000000000000000e+00,1.829479038715362549e-01
0.000000000000000000e+00,1.758875548839569092e-01
0.000000000000000000e+00,1.446728855371475220e-01
0.000000000000000000e+00,1.436389833688735962e-01
0.000000000000000000e+00,1.422242522239685059e-01
0.000000000000000000e+00,1.373553127050399780e-01
0.000000000000000000e+00,2.760113775730133057e-01
0.000000000000000000e+00,1.543079465627670288e-01
0.000000000000000000e+00,1.281162798404693604e-01
0.000000000000000000e+00,2.069612145423889160e-01
0.000000000000000000e+00,2.414205521345138550e-01
0.000000000000000000e+00,1.791974157094955444e-01
0.000000000000000000e+00,3.409453332424163818e-01
0.000000000000000000e+00,1.954731941223144531e-01
0.000000000000000000e+00,1.509660333395004272e-01
0.000000000000000000e+00,1.917920410633087158e-01
0.000000000000000000e+00,1.828655600547790527e-01
0.000000000000000000e+00,1.578255891799926758e-01
0.000000000000000000e+00,2.012448608875274658e-01
0.000000000000000000e+00,1.769444346427917480e-01
0.000000000000000000e+00,1.806163489818572998e-01
0.000000000000000000e+00,1.974674910306930542e-01
0.000000000000000000e+00,1.770052760839462280e-01
0.000000000000000000e+00,1.748290657997131348e-01
0.000000000000000000e+00,1.670566201210021973e-01
0.000000000000000000e+00,1.547933667898178101e-01
0.000000000000000000e+00,1.552671790122985840e-01
0.000000000000000000e+00,1.932497620582580566e-01
0.000000000000000000e+00,1.608861982822418213e-01
0.000000000000000000e+00,1.736637353897094727e-01
0.000000000000000000e+00,1.424230933189392090e-01
0.000000000000000000e+00,1.966044753789901733e-01
0.000000000000000000e+00,2.093701660633087158e-01
0.000000000000000000e+00,1.960878074169158936e-01
0.000000000000000000e+00,1.990881860256195068e-01
0.000000000000000000e+00,1.583985090255737305e-01
0.000000000000000000e+00,1.562606096267700195e-01
0.000000000000000000e+00,1.893755197525024414e-01
0.000000000000000000e+00,1.921457648277282715e-01
0.000000000000000000e+00,1.853384971618652344e-01
0.000000000000000000e+00,1.934199929237365723e-01
0.000000000000000000e+00,1.745874881744384766e-01
0.000000000000000000e+00,1.356264352798461914e-01
0.000000000000000000e+00,1.545879542827606201e-01
0.000000000000000000e+00,1.526260226964950562e-01
0.000000000000000000e+00,1.593642234802246094e-01
0.000000000000000000e+00,1.535190939903259277e-01
0.000000000000000000e+00,1.635516881942749023e-01
0.000000000000000000e+00,2.288975715637207031e-01
0.000000000000000000e+00,2.198209315538406372e-01
0.000000000000000000e+00,3.831622898578643799e-01
0.000000000000000000e+00,3.211452960968017578e-01
0.000000000000000000e+00,3.048781156539916992e-01
0.000000000000000000e+00,3.181210756301879883e-01
0.000000000000000000e+00,1.864974200725555420e-01
0.000000000000000000e+00,1.775209456682205200e-01
0.000000000000000000e+00,1.834998726844787598e-01
0.000000000000000000e+00,1.475645005702972412e-01
0.000000000000000000e+00,1.710031479597091675e-01
0.000000000000000000e+00,1.637801378965377808e-01
0.000000000000000000e+00,1.900018751621246338e-01
0.000000000000000000e+00,1.504992544651031494e-01
0.000000000000000000e+00,1.588853895664215088e-01
0.000000000000000000e+00,1.815166622400283813e-01
0.000000000000000000e+00,1.614019870758056641e-01
0.000000000000000000e+00,1.487096399068832397e-01
0.000000000000000000e+00,1.535055935382843018e-01
0.000000000000000000e+00,1.800028383731842041e-01
0.000000000000000000e+00,1.388814449310302734e-01
0.000000000000000000e+00,1.408748030662536621e-01
0.000000000000000000e+00,1.558933854103088379e-01
0.000000000000000000e+00,1.580205857753753662e-01
0.000000000000000000e+00,1.576218307018280029e-01
0.000000000000000000e+00,2.108947336673736572e-01
0.000000000000000000e+00,1.574238240718841553e-01
0.000000000000000000e+00,1.892247796058654785e-01
0.000000000000000000e+00,1.891974210739135742e-01
0.000000000000000000e+00,1.809545457363128662e-01
0.000000000000000000e+00,1.698935925960540771e-01
0.000000000000000000e+00,1.978632211685180664e-01
0.000000000000000000e+00,1.476034671068191528e-01
0.000000000000000000e+00,1.642178148031234741e-01
0.000000000000000000e+00,1.592061966657638550e-01
0.000000000000000000e+00,1.749689579010009766e-01
0.000000000000000000e+00,2.214444130659103394e-01
0.000000000000000000e+00,1.616579890251159668e-01
0.000000000000000000e+00,2.515428960323333740e-01
0.000000000000000000e+00,2.404091060161590576e-01
0.000000000000000000e+00,2.411447316408157349e-01
0.000000000000000000e+00,2.067427337169647217e-01
0.000000000000000000e+00,1.759829372167587280e-01
0.000000000000000000e+00,1.387003958225250244e-01
0.000000000000000000e+00,2.071928828954696655e-01
0.000000000000000000e+00,1.787585020065307617e-01
0.000000000000000000e+00,1.642097532749176025e-01
0.000000000000000000e+00,2.103264331817626953e-01
0.000000000000000000e+00,1.941352188587188721e-01
0.000000000000000000e+00,1.709200143814086914e-01
0.000000000000000000e+00,1.751109808683395386e-01
0.000000000000000000e+00,1.987344473600387573e-01
0.000000000000000000e+00,2.174605727195739746e-01
0.000000000000000000e+00,3.402406275272369385e-01
0.000000000000000000e+00,1.710768938064575195e-01
0.000000000000000000e+00,1.851878315210342407e-01
0.000000000000000000e+00,1.570192873477935791e-01
0.000000000000000000e+00,2.160647809505462646e-01
0.000000000000000000e+00,1.800715029239654541e-01
0.000000000000000000e+00,1.845699101686477661e-01
0.000000000000000000e+00,2.262201309204101562e-01
0.000000000000000000e+00,1.506018638610839844e-01
0.000000000000000000e+00,1.674228757619857788e-01
0.000000000000000000e+00,1.760398298501968384e-01
0.000000000000000000e+00,1.770019531250000000e-01
0.000000000000000000e+00,1.537549048662185669e-01
0.000000000000000000e+00,1.679100990295410156e-01
0.000000000000000000e+00,1.797428578138351440e-01
0.000000000000000000e+00,1.442049592733383179e-01
0.000000000000000000e+00,1.959131211042404175e-01
0.000000000000000000e+00,1.838218569755554199e-01
0.000000000000000000e+00,1.560764163732528687e-01
0.000000000000000000e+00,1.485134661197662354e-01
0.000000000000000000e+00,1.419681608676910400e-01
0.000000000000000000e+00,1.711128503084182739e-01
0.000000000000000000e+00,1.533438563346862793e-01
0.000000000000000000e+00,2.044406235218048096e-01
0.000000000000000000e+00,2.486866712570190430e-01
0.000000000000000000e+00,1.745089441537857056e-01
0.000000000000000000e+00,2.356000840663909912e-01
0.000000000000000000e+00,2.757862508296966553e-01
0.000000000000000000e+00,2.055959254503250122e-01
0.000000000000000000e+00,1.912771761417388916e-01
0.000000000000000000e+00,2.099508196115493774e-01
0.000000000000000000e+00,1.719568222761154175e-01
0.000000000000000000e+00,1.888652145862579346e-01
0.000000000000000000e+00,1.874609738588333130e-01
0.000000000000000000e+00,1.831927746534347534e-01
0.000000000000000000e+00,1.706559509038925171e-01
0.000000000000000000e+00,2.310833632946014404e-01
0.000000000000000000e+00,1.733380705118179321e-01
0.000000000000000000e+00,1.749067008495330811e-01
0.000000000000000000e+00,1.930924206972122192e-01
0.000000000000000000e+00,1.806031167507171631e-01
0.000000000000000000e+00,1.973312497138977051e-01
0.000000000000000000e+00,2.256220728158950806e-01
0.000000000000000000e+00,1.954173147678375244e-01
0.000000000000000000e+00,2.107352912425994873e-01
0.000000000000000000e+00,1.678280383348464966e-01
0.000000000000000000e+00,1.658779829740524292e-01
0.000000000000000000e+00,2.134931832551956177e-01
0.000000000000000000e+00,2.002857029438018799e-01
0.000000000000000000e+00,1.739742457866668701e-01
0.000000000000000000e+00,1.673769354820251465e-01
0.000000000000000000e+00,1.821101307868957520e-01
0.000000000000000000e+00,1.803345382213592529e-01
0.000000000000000000e+00,1.834658831357955933e-01
0.000000000000000000e+00,2.017036378383636475e-01
0.000000000000000000e+00,2.255828380584716797e-01
0.000000000000000000e+00,2.046625912189483643e-01
0.000000000000000000e+00,1.639651358127593994e-01
0.000000000000000000e+00,1.851289719343185425e-01
0.000000000000000000e+00,2.673571407794952393e-01
0.000000000000000000e+00,1.601194441318511963e-01
0.000000000000000000e+00,1.905772089958190918e-01
0.000000000000000000e+00,2.539354264736175537e-01
0.000000000000000000e+00,1.452908366918563843e-01
0.000000000000000000e+00,1.678300648927688599e-01
0.000000000000000000e+00,1.846240162849426270e-01
0.000000000000000000e+00,1.490655690431594849e-01
0.000000000000000000e+00,1.631060093641281128e-01
0.000000000000000000e+00,1.691734343767166138e-01
0.000000000000000000e+00,1.793839186429977417e-01
0.000000000000000000e+00,1.226706802845001221e-01
0.000000000000000000e+00,1.729235351085662842e-01
0.000000000000000000e+00,1.680600494146347046e-01
0.000000000000000000e+00,1.365675628185272217e-01
0.000000000000000000e+00,1.839063763618469238e-01
0.000000000000000000e+00,1.559441834688186646e-01
0.000000000000000000e+00,1.991054415702819824e-01
0.000000000000000000e+00,2.006340324878692627e-01
0.000000000000000000e+00,1.588822603225708008e-01
0.000000000000000000e+00,1.879001110792160034e-01
0.000000000000000000e+00,1.917751133441925049e-01
0.000000000000000000e+00,1.317633390426635742e-01
0.000000000000000000e+00,1.582374572753906250e-01
0.000000000000000000e+00,1.815030276775360107e-01
0.000000000000000000e+00,1.605521291494369507e-01
0.000000000000000000e+00,1.800882369279861450e-01
0.000000000000000000e+00,1.626145541667938232e-01
0.000000000000000000e+00,1.312228888273239136e-01
0.000000000000000000e+00,1.639153361320495605e-01
0.000000000000000000e+00,1.398032307624816895e-01
0.000000000000000000e+00,1.356241405010223389e-01
0.000000000000000000e+00,1.445574909448623657e-01
0.000000000000000000e+00,1.746153980493545532e-01
0.000000000000000000e+00,1.486238837242126465e-01
0.000000000000000000e+00,2.038179188966751099e-01
0.000000000000000000e+00,1.652216464281082153e-01
0.000000000000000000e+00,1.234307289123535156e-01
0.000000000000000000e+00,1.482517719268798828e-01
0.000000000000000000e+00,1.299437731504440308e-01
0.000000000000000000e+00,1.412684023380279541e-01
0.000000000000000000e+00,1.436814516782760620e-01
0.000000000000000000e+00,1.482534259557723999e-01
0.000000000000000000e+00,1.798343956470489502e-01
0.000000000000000000e+00,1.696023792028427124e-01
0.000000000000000000e+00,1.801378428936004639e-01
0.000000000000000000e+00,1.744769364595413208e-01
0.000000000000000000e+00,1.801339685916900635e-01
0.000000000000000000e+00,1.997112035751342773e-01
0.000000000000000000e+00,1.741350591182708740e-01
0.000000000000000000e+00,1.824306547641754150e-01
0.000000000000000000e+00,1.905336976051330566e-01
0.000000000000000000e+00,1.476408839225769043e-01
0.000000000000000000e+00,2.046916782855987549e-01
0.000000000000000000e+00,2.382333576679229736e-01
0.000000000000000000e+00,1.629568487405776978e-01
0.000000000000000000e+00,2.400044500827789307e-01
0.000000000000000000e+00,2.007040381431579590e-01
0.000000000000000000e+00,1.747301369905471802e-01
0.000000000000000000e+00,1.894565522670745850e-01
0.000000000000000000e+00,1.698514819145202637e-01
0.000000000000000000e+00,1.608296334743499756e-01
0.000000000000000000e+00,2.051249146461486816e-01
0.000000000000000000e+00,2.999663949012756348e-01
0.000000000000000000e+00,2.063704431056976318e-01
0.000000000000000000e+00,2.149681001901626587e-01
0.000000000000000000e+00,1.573401242494583130e-01
0.000000000000000000e+00,1.746491789817810059e-01
1.000000000000000000e+00,3.741205036640167236e-01
1.000000000000000000e+00,5.253177881240844727e-01
1.000000000000000000e+00,5.107491016387939453e-01
1.000000000000000000e+00,4.043320715427398682e-01
1.000000000000000000e+00,4.280241131782531738e-01
1.000000000000000000e+00,4.765654504299163818e-01
1.000000000000000000e+00,4.012276828289031982e-01
1.000000000000000000e+00,3.836092054843902588e-01
1.000000000000000000e+00,4.114146530628204346e-01
1.000000000000000000e+00,4.260112047195434570e-01
1.000000000000000000e+00,4.355322420597076416e-01
1.000000000000000000e+00,4.390884041786193848e-01
1.000000000000000000e+00,4.261772036552429199e-01
1.000000000000000000e+00,3.829579353332519531e-01
1.000000000000000000e+00,3.680018186569213867e-01
1.000000000000000000e+00,3.907275795936584473e-01
1.000000000000000000e+00,3.869670033454895020e-01
1.000000000000000000e+00,3.648530542850494385e-01
1.000000000000000000e+00,4.008639156818389893e-01
1.000000000000000000e+00,3.437275588512420654e-01
1.000000000000000000e+00,4.358619749546051025e-01
1.000000000000000000e+00,4.334316849708557129e-01
1.000000000000000000e+00,3.866523504257202148e-01
1.000000000000000000e+00,3.949769139289855957e-01
1.000000000000000000e+00,4.702653884887695312e-01
1.000000000000000000e+00,4.081988334655761719e-01
1.000000000000000000e+00,4.254208505153656006e-01
1.000000000000000000e+00,4.469406306743621826e-01
1.000000000000000000e+00,4.393874406814575195e-01
1.000000000000000000e+00,4.474653005599975586e-01
1.000000000000000000e+00,4.514460861682891846e-01
1.000000000000000000e+00,3.563170135021209717e-01
1.000000000000000000e+00,4.334402680397033691e-01
1.000000000000000000e+00,3.636267781257629395e-01
1.000000000000000000e+00,4.280234575271606445e-01
1.000000000000000000e+00,3.856235444545745850e-01
1.000000000000000000e+00,3.685154020786285400e-01
1.000000000000000000e+00,3.921620249748229980e-01
1.000000000000000000e+00,3.385742306709289551e-01
1.000000000000000000e+00,3.884335160255432129e-01
1.000000000000000000e+00,4.127553105354309082e-01
1.000000000000000000e+00,5.000451207160949707e-01
1.000000000000000000e+00,3.762662112712860107e-01
1.000000000000000000e+00,4.451511204242706299e-01
1.000000000000000000e+00,3.189378380775451660e-01
1.000000000000000000e+00,3.873645365238189697e-01
1.000000000000000000e+00,3.953509032726287842e-01
1.000000000000000000e+00,4.091733098030090332e-01
1.000000000000000000e+00,3.850589692592620850e-01
1.000000000000000000e+00,4.053224623203277588e-01
1.000000000000000000e+00,3.521181643009185791e-01
1.000000000000000000e+00,4.156872928142547607e-01
1.000000000000000000e+00,4.291859865188598633e-01
1.000000000000000000e+00,3.881494104862213135e-01
1.000000000000000000e+00,3.934048414230346680e-01
1.000000000000000000e+00,3.734171390533447266e-01
1.000000000000000000e+00,3.947162330150604248e-01
1.000000000000000000e+00,4.074932634830474854e-01
1.000000000000000000e+00,3.232987225055694580e-01
1.000000000000000000e+00,3.779600858688354492e-01
1.000000000000000000e+00,5.080186724662780762e-01
1.000000000000000000e+00,4.505350291728973389e-01
1.000000000000000000e+00,3.994911611080169678e-01
1.000000000000000000e+00,4.494888782501220703e-01
1.000000000000000000e+00,4.141186475753784180e-01
1.000000000000000000e+00,3.374229669570922852e-01
1.000000000000000000e+00,3.614653944969177246e-01
1.000000000000000000e+00,3.812250792980194092e-01
1.000000000000000000e+00,4.206789731979370117e-01
1.000000000000000000e+00,3.826568722724914551e-01
1.000000000000000000e+00,4.259896278381347656e-01
1.000000000000000000e+00,4.323084652423858643e-01
1.000000000000000000e+00,3.222536146640777588e-01
1.000000000000000000e+00,4.248434901237487793e-01
1.000000000000000000e+00,4.478129744529724121e-01
1.000000000000000000e+00,4.084402024745941162e-01
1.000000000000000000e+00,4.515550732612609863e-01
1.000000000000000000e+00,4.898316264152526855e-01
1.000000000000000000e+00,4.098248481750488281e-01
1.000000000000000000e+00,3.973428308963775635e-01
1.000000000000000000e+00,3.717556893825531006e-01
1.000000000000000000e+00,3.516402244567871094e-01
1.000000000000000000e+00,4.962017238140106201e-01
1.000000000000000000e+00,4.205194413661956787e-01
1.000000000000000000e+00,4.311509728431701660e-01
1.000000000000000000e+00,4.515273272991180420e-01
1.000000000000000000e+00,4.222963750362396240e-01
1.000000000000000000e+00,4.869006276130676270e-01
1.000000000000000000e+00,4.249323010444641113e-01
1.000000000000000000e+00,4.384929537773132324e-01
1.000000000000000000e+00,3.841606676578521729e-01
1.000000000000000000e+00,4.810222685337066650e-01
1.000000000000000000e+00,4.128943681716918945e-01
1.000000000000000000e+00,4.352080225944519043e-01
1.000000000000000000e+00,3.949005603790283203e-01
1.000000000000000000e+00,5.551247000694274902e-01
1.000000000000000000e+00,3.854725658893585205e-01
1.000000000000000000e+00,4.464722573757171631e-01
1.000000000000000000e+00,4.217355251312255859e-01
1.000000000000000000e+00,4.105843007564544678e-01
1.000000000000000000e+00,3.680099844932556152e-01
1.000000000000000000e+00,4.327470958232879639e-01
1.000000000000000000e+00,3.749108314514160156e-01
1.000000000000000000e+00,5.156385302543640137e-01
1.000000000000000000e+00,4.074829816818237305e-01
1.000000000000000000e+00,4.962453842163085938e-01
1.000000000000000000e+00,4.426129162311553955e-01
1.000000000000000000e+00,4.101788699626922607e-01
1.000000000000000000e+00,4.955270886421203613e-01
1.000000000000000000e+00,4.147490859031677246e-01
1.000000000000000000e+00,4.536886811256408691e-01
1.000000000000000000e+00,4.152053296566009521e-01
1.000000000000000000e+00,4.321047067642211914e-01
1.000000000000000000e+00,4.317337572574615479e-01
1.000000000000000000e+00,4.471301436424255371e-01
1.000000000000000000e+00,3.698010444641113281e-01
1.000000000000000000e+00,3.795934319496154785e-01
1.000000000000000000e+00,3.915070891380310059e-01
1.000000000000000000e+00,3.817349672317504883e-01
1.000000000000000000e+00,3.735626041889190674e-01
1.000000000000000000e+00,3.717117607593536377e-01
1.000000000000000000e+00,3.686765134334564209e-01
1.000000000000000000e+00,3.531598746776580811e-01
1.000000000000000000e+00,4.588828980922698975e-01
1.000000000000000000e+00,4.303455948829650879e-01
1.000000000000000000e+00,3.424400091171264648e-01
1.000000000000000000e+00,3.993069827556610107e-01
1.000000000000000000e+00,4.263960123062133789e-01
1.000000000000000000e+00,4.735309481620788574e-01
1.000000000000000000e+00,4.425468742847442627e-01
1.000000000000000000e+00,4.355017542839050293e-01
1.000000000000000000e+00,4.358942508697509766e-01
1.000000000000000000e+00,4.269117414951324463e-01
1.000000000000000000e+00,4.121301472187042236e-01
1.000000000000000000e+00,4.392352402210235596e-01
1.000000000000000000e+00,4.106504917144775391e-01
1.000000000000000000e+00,3.911037147045135498e-01
1.000000000000000000e+00,4.152728021144866943e-01
1.000000000000000000e+00,4.118141829967498779e-01
1.000000000000000000e+00,3.979756832122802734e-01
1.000000000000000000e+00,3.831920027732849121e-01
1.000000000000000000e+00,3.874924182891845703e-01
1.000000000000000000e+00,4.093615412712097168e-01
1.000000000000000000e+00,4.309945702552795410e-01
1.000000000000000000e+00,3.707804083824157715e-01
1.000000000000000000e+00,4.262847304344177246e-01
1.000000000000000000e+00,4.453026354312896729e-01
1.000000000000000000e+00,4.112647175788879395e-01
1.000000000000000000e+00,3.851408064365386963e-01
1.000000000000000000e+00,4.797322750091552734e-01
1.000000000000000000e+00,4.033079445362091064e-01
1.000000000000000000e+00,4.126838445663452148e-01
1.000000000000000000e+00,4.696289300918579102e-01
1.000000000000000000e+00,3.310355842113494873e-01
1.000000000000000000e+00,4.080186784267425537e-01
1.000000000000000000e+00,3.884840905666351318e-01
1.000000000000000000e+00,3.956125378608703613e-01
1.000000000000000000e+00,4.149658083915710449e-01
1.000000000000000000e+00,3.660608530044555664e-01
1.000000000000000000e+00,3.742695450782775879e-01
1.000000000000000000e+00,3.886988162994384766e-01
1.000000000000000000e+00,3.833502531051635742e-01
1.000000000000000000e+00,4.344237744808197021e-01
1.000000000000000000e+00,3.682649731636047363e-01
1.000000000000000000e+00,3.964121043682098389e-01
1.000000000000000000e+00,4.583877921104431152e-01
1.000000000000000000e+00,4.032585024833679199e-01
1.000000000000000000e+00,4.770300984382629395e-01
1.000000000000000000e+00,3.846613764762878418e-01
1.000000000000000000e+00,4.179887175559997559e-01
1.000000000000000000e+00,4.874796867370605469e-01
1.000000000000000000e+00,4.388266801834106445e-01
1.000000000000000000e+00,4.518627524375915527e-01
1.000000000000000000e+00,4.277616143226623535e-01
1.000000000000000000e+00,3.703354895114898682e-01
1.000000000000000000e+00,3.745233714580535889e-01
1.000000000000000000e+00,3.856645226478576660e-01
1.000000000000000000e+00,4.698056876659393311e-01
1.000000000000000000e+00,4.424287080764770508e-01
1.000000000000000000e+00,4.479857087135314941e-01
1.000000000000000000e+00,3.829405009746551514e-01
1.000000000000000000e+00,3.827878832817077637e-01
1.000000000000000000e+00,3.481298983097076416e-01
1.000000000000000000e+00,4.422298967838287354e-01
1.000000000000000000e+00,3.718732893466949463e-01
1.000000000000000000e+00,4.506301283836364746e-01
1.000000000000000000e+00,3.924309611320495605e-01
1.000000000000000000e+00,4.414978921413421631e-01
1.000000000000000000e+00,4.302071928977966309e-01
1.000000000000000000e+00,3.746184110641479492e-01
1.000000000000000000e+00,4.003351330757141113e-01
1.000000000000000000e+00,3.608253002166748047e-01
1.000000000000000000e+00,3.839856088161468506e-01
1.000000000000000000e+00,4.554432630538940430e-01
1.000000000000000000e+00,4.224958419799804688e-01
1.000000000000000000e+00,4.088000953197479248e-01
1.000000000000000000e+00,4.505815505981445312e-01
1.000000000000000000e+00,4.307425022125244141e-01
1.000000000000000000e+00,4.191051125526428223e-01
1.000000000000000000e+00,4.413807392120361328e-01
1.000000000000000000e+00,4.334614276885986328e-01
1.000000000000000000e+00,3.969623148441314697e-01
1.000000000000000000e+00,4.393227100372314453e-01
1.000000000000000000e+00,3.777676820755004883e-01
1.000000000000000000e+00,4.346178174018859863e-01
1.000000000000000000e+00,4.103220701217651367e-01
1.000000000000000000e+00,4.136771261692047119e-01
1.000000000000000000e+00,4.176667928695678711e-01
1.000000000000000000e+00,4.127157330513000488e-01
1.000000000000000000e+00,3.734206557273864746e-01
1.000000000000000000e+00,4.089455604553222656e-01
1.000000000000000000e+00,4.068868458271026611e-01
1.000000000000000000e+00,4.393885135650634766e-01
1.000000000000000000e+00,3.823597729206085205e-01
1.000000000000000000e+00,5.249612927436828613e-01
1.000000000000000000e+00,4.284980595111846924e-01
1.000000000000000000e+00,4.937564432621002197e-01
1.000000000000000000e+00,4.483349323272705078e-01
1.000000000000000000e+00,4.258725941181182861e-01
1.000000000000000000e+00,4.138043820858001709e-01
1.000000000000000000e+00,4.716328382492065430e-01
1.000000000000000000e+00,4.309622943401336670e-01
1.000000000000000000e+00,4.694502949714660645e-01
1.000000000000000000e+00,3.895027339458465576e-01
1.000000000000000000e+00,4.294567704200744629e-01
1.000000000000000000e+00,4.130774736404418945e-01
1.000000000000000000e+00,3.522628843784332275e-01
1.000000000000000000e+00,3.560791909694671631e-01
1.000000000000000000e+00,3.795262873172760010e-01
1.000000000000000000e+00,3.791174888610839844e-01
1.000000000000000000e+00,3.826308250427246094e-01
1.000000000000000000e+00,3.372725844383239746e-01
1.000000000000000000e+00,3.735795617103576660e-01
1.000000000000000000e+00,4.767590165138244629e-01
1.000000000000000000e+00,5.129913091659545898e-01
1.000000000000000000e+00,4.186923503875732422e-01
1.000000000000000000e+00,3.724377453327178955e-01
1.000000000000000000e+00,4.071950316429138184e-01
1.000000000000000000e+00,4.556804597377777100e-01
1.000000000000000000e+00,4.493610858917236328e-01
1.000000000000000000e+00,3.942553699016571045e-01
1.000000000000000000e+00,4.274898767471313477e-01
1.000000000000000000e+00,4.000700414180755615e-01
1.000000000000000000e+00,3.298298120498657227e-01
1.000000000000000000e+00,4.218526482582092285e-01
1.000000000000000000e+00,4.239648580551147461e-01
1.000000000000000000e+00,3.669077455997467041e-01
1.000000000000000000e+00,3.697150051593780518e-01
1.000000000000000000e+00,3.938828110694885254e-01
1.000000000000000000e+00,4.101079702377319336e-01
1.000000000000000000e+00,4.318264126777648926e-01
1.000000000000000000e+00,3.363109827041625977e-01
1.000000000000000000e+00,4.153956174850463867e-01
1.000000000000000000e+00,4.510654807090759277e-01
1.000000000000000000e+00,3.779776394367218018e-01
1.000000000000000000e+00,4.776493906974792480e-01
1.000000000000000000e+00,4.700493216514587402e-01
1.000000000000000000e+00,4.526517987251281738e-01
1.000000000000000000e+00,3.929709196090698242e-01
1.000000000000000000e+00,4.621731042861938477e-01
1.000000000000000000e+00,3.266499936580657959e-01
1.000000000000000000e+00,3.871114552021026611e-01
1.000000000000000000e+00,3.928053975105285645e-01
1.000000000000000000e+00,5.457770824432373047e-01
1.000000000000000000e+00,3.885387182235717773e-01
1.000000000000000000e+00,4.405685961246490479e-01
1.000000000000000000e+00,3.978099226951599121e-01
1.000000000000000000e+00,3.869532346725463867e-01
1.000000000000000000e+00,3.836219906806945801e-01
1.000000000000000000e+00,3.812214732170104980e-01
1.000000000000000000e+00,4.006121158599853516e-01
1.000000000000000000e+00,4.048974514007568359e-01
1.000000000000000000e+00,3.797919750213623047e-01
1.000000000000000000e+00,4.364221394062042236e-01
1.000000000000000000e+00,3.526357114315032959e-01
1.000000000000000000e+00,4.141447246074676514e-01
1.000000000000000000e+00,4.330820739269256592e-01
1.000000000000000000e+00,4.247296452522277832e-01
1.000000000000000000e+00,4.705511033535003662e-01
1.000000000000000000e+00,4.240607917308807373e-01
1.000000000000000000e+00,4.024285078048706055e-01
1.000000000000000000e+00,4.775270819664001465e-01
1.000000000000000000e+00,4.607899785041809082e-01
1.000000000000000000e+00,4.297622442245483398e-01
1.000000000000000000e+00,4.373039007186889648e-01
1.000000000000000000e+00,4.390825033187866211e-01
1.000000000000000000e+00,3.364516198635101318e-01
1.000000000000000000e+00,4.324106574058532715e-01
1.000000000000000000e+00,4.052977859973907471e-01
1.000000000000000000e+00,4.502314329147338867e-01
1.000000000000000000e+00,4.467215240001678467e-01
1.000000000000000000e+00,5.587995052337646484e-01
1.000000000000000000e+00,4.724406599998474121e-01
1.000000000000000000e+00,3.751898705959320068e-01
1.000000000000000000e+00,4.170892834663391113e-01
1.000000000000000000e+00,4.340884685516357422e-01
1.000000000000000000e+00,3.796783685684204102e-01
1.000000000000000000e+00,4.185612797737121582e-01
1.000000000000000000e+00,4.195345044136047363e-01
1.000000000000000000e+00,4.549315869808197021e-01
1.000000000000000000e+00,4.308220446109771729e-01
1.000000000000000000e+00,4.274705648422241211e-01
1.000000000000000000e+00,4.308899641036987305e-01
1.000000000000000000e+00,4.268659949302673340e-01
1.000000000000000000e+00,5.156787633895874023e-01
1.000000000000000000e+00,4.567903876304626465e-01
1.000000000000000000e+00,4.650264978408813477e-01
1.000000000000000000e+00,4.224751293659210205e-01
1.000000000000000000e+00,4.979500770568847656e-01
1.000000000000000000e+00,4.700469374656677246e-01
1.000000000000000000e+00,4.638957381248474121e-01
1.000000000000000000e+00,4.485819935798645020e-01
1.000000000000000000e+00,4.633858203887939453e-01
1.000000000000000000e+00,4.145110845565795898e-01
1.000000000000000000e+00,5.229656100273132324e-01
1.000000000000000000e+00,4.348514676094055176e-01
1.000000000000000000e+00,4.558702707290649414e-01
1.000000000000000000e+00,4.200188815593719482e-01
1.000000000000000000e+00,4.861497879028320312e-01
1.000000000000000000e+00,5.050526261329650879e-01
1.000000000000000000e+00,4.886866509914398193e-01
1.000000000000000000e+00,4.201513528823852539e-01
1.000000000000000000e+00,4.690612852573394775e-01
1.000000000000000000e+00,4.568373560905456543e-01
1.000000000000000000e+00,4.161322712898254395e-01
1.000000000000000000e+00,3.606386184692382812e-01
1.000000000000000000e+00,4.760311841964721680e-01
1.000000000000000000e+00,4.382363855838775635e-01
1.000000000000000000e+00,4.167833924293518066e-01
1.000000000000000000e+00,4.877331256866455078e-01
1.000000000000000000e+00,3.749442696571350098e-01
1.000000000000000000e+00,3.868809938430786133e-01
1.000000000000000000e+00,3.908383250236511230e-01
1.000000000000000000e+00,4.216528236865997314e-01
1.000000000000000000e+00,3.515878617763519287e-01
1.000000000000000000e+00,5.126922726631164551e-01
1.000000000000000000e+00,4.841469526290893555e-01
1.000000000000000000e+00,4.268048107624053955e-01
1.000000000000000000e+00,4.734504818916320801e-01
1.000000000000000000e+00,3.407462835311889648e-01
1.000000000000000000e+00,4.659085273742675781e-01
1.000000000000000000e+00,4.725765585899353027e-01
1.000000000000000000e+00,4.583331346511840820e-01
1.000000000000000000e+00,4.523146152496337891e-01
1.000000000000000000e+00,3.205227851867675781e-01
1.000000000000000000e+00,3.920333385467529297e-01
1.000000000000000000e+00,4.774415493011474609e-01
1.000000000000000000e+00,4.164957404136657715e-01
1.000000000000000000e+00,3.704531490802764893e-01
1.000000000000000000e+00,3.675780892372131348e-01
1.000000000000000000e+00,5.416422486305236816e-01
1.000000000000000000e+00,3.913892209529876709e-01
1.000000000000000000e+00,4.055604934692382812e-01
1.000000000000000000e+00,3.788106441497802734e-01
1.000000000000000000e+00,3.691594004631042480e-01
1.000000000000000000e+00,3.574212193489074707e-01
1.000000000000000000e+00,3.908338546752929688e-01
1.000000000000000000e+00,3.299143016338348389e-01
1.000000000000000000e+00,3.234042227268218994e-01
1.000000000000000000e+00,3.869416117668151855e-01
1.000000000000000000e+00,3.434029519557952881e-01
1.000000000000000000e+00,4.225369691848754883e-01
1.000000000000000000e+00,4.077928066253662109e-01
1.000000000000000000e+00,3.413937985897064209e-01
1.000000000000000000e+00,3.824835717678070068e-01
1.000000000000000000e+00,3.946565687656402588e-01
1.000000000000000000e+00,4.109596312046051025e-01
1.000000000000000000e+00,3.990086317062377930e-01
1.000000000000000000e+00,4.747360348701477051e-01
1.000000000000000000e+00,3.852420151233673096e-01
1.000000000000000000e+00,3.799983859062194824e-01
1.000000000000000000e+00,4.971622824668884277e-01
1.000000000000000000e+00,3.856637477874755859e-01
1.000000000000000000e+00,4.096888303756713867e-01
1.000000000000000000e+00,4.182532429695129395e-01
1.000000000000000000e+00,3.984185457229614258e-01
1.000000000000000000e+00,4.213217794895172119e-01
1.000000000000000000e+00,4.627823531627655029e-01
1.000000000000000000e+00,4.465954005718231201e-01
1.000000000000000000e+00,3.932761251926422119e-01
1.000000000000000000e+00,3.637687861919403076e-01
1.000000000000000000e+00,3.780617117881774902e-01
1.000000000000000000e+00,4.346146583557128906e-01
1.000000000000000000e+00,4.957183301448822021e-01
1.000000000000000000e+00,4.407366514205932617e-01
1.000000000000000000e+00,4.615070223808288574e-01
1.000000000000000000e+00,3.640108108520507812e-01
1.000000000000000000e+00,4.548735320568084717e-01
1.000000000000000000e+00,3.579931557178497314e-01
1.000000000000000000e+00,4.362522363662719727e-01
1.000000000000000000e+00,3.515256345272064209e-01
1.000000000000000000e+00,4.232039451599121094e-01
1.000000000000000000e+00,3.990436792373657227e-01
1.000000000000000000e+00,4.301257729530334473e-01
1.000000000000000000e+00,5.116369724273681641e-01
1.000000000000000000e+00,4.184376001358032227e-01
1.000000000000000000e+00,4.176208972930908203e-01
1.000000000000000000e+00,3.913207352161407471e-01
1.000000000000000000e+00,4.143399298191070557e-01
1.000000000000000000e+00,4.060305058956146240e-01
1.000000000000000000e+00,4.230564236640930176e-01
1.000000000000000000e+00,3.565840125083923340e-01
1.000000000000000000e+00,3.959400951862335205e-01
1.000000000000000000e+00,3.855070769786834717e-01
1.000000000000000000e+00,4.082383215427398682e-01
1.000000000000000000e+00,4.308440089225769043e-01
1.000000000000000000e+00,4.925430417060852051e-01
1.000000000000000000e+00,5.301751494407653809e-01
1.000000000000000000e+00,3.973001241683959961e-01
1.000000000000000000e+00,3.506715595722198486e-01
1.000000000000000000e+00,4.110984206199645996e-01
1.000000000000000000e+00,3.737029433250427246e-01
1.000000000000000000e+00,3.972648978233337402e-01
1.000000000000000000e+00,4.638698697090148926e-01
1.000000000000000000e+00,4.583171010017395020e-01
1.000000000000000000e+00,4.027368128299713135e-01
1.000000000000000000e+00,3.945829272270202637e-01
1.000000000000000000e+00,4.108703136444091797e-01
1.000000000000000000e+00,3.624660372734069824e-01
1.000000000000000000e+00,3.753996789455413818e-01
1.000000000000000000e+00,4.337344467639923096e-01
1.000000000000000000e+00,3.698044121265411377e-01
1.000000000000000000e+00,3.740643262863159180e-01
1.000000000000000000e+00,4.292637705802917480e-01
1.000000000000000000e+00,3.117680251598358154e-01
1.000000000000000000e+00,3.783231377601623535e-01
1.000000000000000000e+00,4.525872468948364258e-01
1.000000000000000000e+00,3.591088354587554932e-01
1.000000000000000000e+00,4.462133944034576416e-01
1.000000000000000000e+00,3.686085343360900879e-01
1.000000000000000000e+00,3.789787590503692627e-01
1.000000000000000000e+00,4.074621796607971191e-01
1.000000000000000000e+00,3.793378472328186035e-01
1.000000000000000000e+00,3.495461046695709229e-01
1.000000000000000000e+00,3.885577917098999023e-01
1.000000000000000000e+00,4.038089513778686523e-01
1.000000000000000000e+00,3.901023864746093750e-01
1.000000000000000000e+00,3.683077692985534668e-01
1.000000000000000000e+00,4.085338115692138672e-01
1.000000000000000000e+00,4.053311944007873535e-01
1.000000000000000000e+00,3.291952013969421387e-01
1.000000000000000000e+00,3.999064862728118896e-01
1.000000000000000000e+00,3.831462860107421875e-01
1.000000000000000000e+00,3.997586369514465332e-01
1.000000000000000000e+00,4.510018825531005859e-01
1.000000000000000000e+00,3.991623818874359131e-01
1.000000000000000000e+00,5.143333673477172852e-01
1.000000000000000000e+00,3.901725113391876221e-01
1.000000000000000000e+00,4.522458314895629883e-01
1.000000000000000000e+00,4.367243647575378418e-01
1.000000000000000000e+00,4.065315425395965576e-01
1.000000000000000000e+00,4.815778136253356934e-01
1.000000000000000000e+00,4.193549752235412598e-01
1.000000000000000000e+00,4.091493785381317139e-01
1.000000000000000000e+00,3.864896297454833984e-01
1.000000000000000000e+00,3.573835492134094238e-01
1.000000000000000000e+00,3.417194485664367676e-01
1.000000000000000000e+00,4.481947720050811768e-01
1.000000000000000000e+00,3.827975690364837646e-01
1.000000000000000000e+00,4.569697976112365723e-01
1.000000000000000000e+00,4.416120648384094238e-01
1.000000000000000000e+00,4.512535035610198975e-01
1.000000000000000000e+00,4.372492432594299316e-01
1.000000000000000000e+00,3.771001398563385010e-01
1.000000000000000000e+00,3.419168591499328613e-01
1.000000000000000000e+00,3.888754248619079590e-01
1.000000000000000000e+00,4.507079422473907471e-01
1.000000000000000000e+00,4.060195088386535645e-01
1.000000000000000000e+00,4.192790389060974121e-01
1.000000000000000000e+00,4.456264972686767578e-01
1.000000000000000000e+00,3.723874092102050781e-01
1.000000000000000000e+00,4.337123632431030273e-01
1.000000000000000000e+00,4.385858476161956787e-01
1.000000000000000000e+00,4.354711771011352539e-01
1.000000000000000000e+00,3.783459067344665527e-01
1.000000000000000000e+00,3.491316735744476318e-01
1.000000000000000000e+00,3.977290987968444824e-01
1.000000000000000000e+00,3.705956339836120605e-01
1.000000000000000000e+00,4.057287275791168213e-01
1.000000000000000000e+00,5.084419846534729004e-01
1.000000000000000000e+00,3.818014264106750488e-01
1.000000000000000000e+00,5.305985808372497559e-01
1.000000000000000000e+00,4.379447102546691895e-01
1.000000000000000000e+00,4.592013955116271973e-01
1.000000000000000000e+00,4.109813868999481201e-01
1.000000000000000000e+00,4.626277089118957520e-01
1.000000000000000000e+00,4.038154184818267822e-01
1.000000000000000000e+00,3.363458812236785889e-01
1.000000000000000000e+00,3.437761962413787842e-01
1.000000000000000000e+00,4.179565310478210449e-01
1.000000000000000000e+00,4.125381410121917725e-01
1.000000000000000000e+00,3.762333691120147705e-01
1.000000000000000000e+00,3.438693583011627197e-01
1.000000000000000000e+00,4.405079782009124756e-01
1.000000000000000000e+00,3.684041500091552734e-01
1.000000000000000000e+00,3.956246972084045410e-01
1.000000000000000000e+00,4.104081392288208008e-01
1.000000000000000000e+00,3.769103884696960449e-01
1.000000000000000000e+00,3.712587952613830566e-01
1.000000000000000000e+00,4.363495409488677979e-01
1.000000000000000000e+00,3.861764073371887207e-01
1.000000000000000000e+00,5.096386075019836426e-01
1.000000000000000000e+00,3.230966329574584961e-01
1.000000000000000000e+00,4.348627328872680664e-01
1.000000000000000000e+00,4.723050296306610107e-01
1.000000000000000000e+00,4.112571477890014648e-01
1.000000000000000000e+00,4.680070281028747559e-01
1.000000000000000000e+00,4.762476980686187744e-01
1.000000000000000000e+00,3.824616372585296631e-01
1.000000000000000000e+00,5.752798914909362793e-01
1.000000000000000000e+00,3.808481395244598389e-01
1.000000000000000000e+00,4.885928630828857422e-01
1.000000000000000000e+00,4.172055721282958984e-01
1.000000000000000000e+00,4.238064289093017578e-01
1.000000000000000000e+00,4.639196097850799561e-01
1.000000000000000000e+00,2.939922809600830078e-01
1.000000000000000000e+00,4.417428076267242432e-01
1.000000000000000000e+00,3.622343540191650391e-01
1.000000000000000000e+00,3.830223977565765381e-01
1.000000000000000000e+00,4.578529894351959229e-01
1.000000000000000000e+00,4.147937297821044922e-01
1.000000000000000000e+00,4.086185097694396973e-01
1.000000000000000000e+00,3.977844417095184326e-01
1.000000000000000000e+00,4.726343452930450439e-01
1.000000000000000000e+00,3.719977140426635742e-01
1.000000000000000000e+00,3.756657242774963379e-01
1.000000000000000000e+00,3.491850197315216064e-01
1.000000000000000000e+00,3.547569513320922852e-01
1.000000000000000000e+00,3.452038764953613281e-01
1.000000000000000000e+00,5.736299157142639160e-01
1.000000000000000000e+00,3.533582687377929688e-01
1.000000000000000000e+00,3.435154557228088379e-01
1.000000000000000000e+00,4.047844707965850830e-01
1.000000000000000000e+00,3.130325973033905029e-01
1.000000000000000000e+00,4.025587439537048340e-01
1.000000000000000000e+00,4.361927807331085205e-01
1.000000000000000000e+00,5.256820917129516602e-01
1.000000000000000000e+00,4.986810684204101562e-01
1.000000000000000000e+00,4.319635629653930664e-01
1.000000000000000000e+00,3.930135965347290039e-01
1.000000000000000000e+00,4.266170263290405273e-01
1.000000000000000000e+00,4.694429934024810791e-01
1.000000000000000000e+00,3.905821442604064941e-01
1.000000000000000000e+00,4.559693336486816406e-01
1.000000000000000000e+00,4.584490060806274414e-01
1.000000000000000000e+00,4.382065534591674805e-01
1.000000000000000000e+00,3.704409599304199219e-01
1.000000000000000000e+00,4.047285616397857666e-01
1.000000000000000000e+00,4.176528155803680420e-01
1.000000000000000000e+00,4.363036155700683594e-01
1.000000000000000000e+00,3.813517093658447266e-01
1.000000000000000000e+00,4.790570139884948730e-01
1.000000000000000000e+00,3.692532181739807129e-01
1.000000000000000000e+00,4.233139753341674805e-01
1.000000000000000000e+00,4.232387542724609375e-01
1.000000000000000000e+00,4.477195739746093750e-01
1.000000000000000000e+00,3.302946090698242188e-01
1.000000000000000000e+00,5.148964524269104004e-01
1.000000000000000000e+00,3.426505923271179199e-01
1.000000000000000000e+00,4.229832291603088379e-01
1.000000000000000000e+00,3.800561726093292236e-01
1.000000000000000000e+00,3.750574290752410889e-01
1.000000000000000000e+00,3.379853963851928711e-01
1.000000000000000000e+00,4.653819799423217773e-01
1.000000000000000000e+00,3.890681266784667969e-01
1.000000000000000000e+00,3.933238685131072998e-01
1.000000000000000000e+00,4.067580699920654297e-01
1.000000000000000000e+00,4.685182273387908936e-01
1.000000000000000000e+00,4.145077466964721680e-01
1.000000000000000000e+00,4.850244224071502686e-01
1.000000000000000000e+00,4.497393965721130371e-01
1.000000000000000000e+00,3.834725618362426758e-01
1.000000000000000000e+00,4.141209423542022705e-01
1.000000000000000000e+00,4.648959040641784668e-01
1.000000000000000000e+00,4.001597464084625244e-01
1.000000000000000000e+00,3.720769584178924561e-01
1.000000000000000000e+00,4.737018644809722900e-01
1.000000000000000000e+00,4.431964457035064697e-01
1.000000000000000000e+00,4.645528793334960938e-01
1.000000000000000000e+00,4.185362458229064941e-01
1.000000000000000000e+00,4.468744993209838867e-01
1.000000000000000000e+00,3.302056789398193359e-01
1.000000000000000000e+00,4.548958539962768555e-01
1.000000000000000000e+00,4.537105560302734375e-01
1.000000000000000000e+00,4.921143054962158203e-01
1.000000000000000000e+00,4.381870627403259277e-01
1.000000000000000000e+00,4.608176350593566895e-01
1.000000000000000000e+00,4.182760417461395264e-01
1.000000000000000000e+00,4.509744048118591309e-01
1.000000000000000000e+00,4.353549480438232422e-01
1.000000000000000000e+00,4.909762144088745117e-01
1.000000000000000000e+00,4.598813652992248535e-01
1.000000000000000000e+00,3.910699784755706787e-01
1.000000000000000000e+00,3.923422694206237793e-01
1.000000000000000000e+00,4.392770528793334961e-01
1.000000000000000000e+00,3.689504861831665039e-01
1.000000000000000000e+00,4.830579757690429688e-01
1.000000000000000000e+00,3.748632669448852539e-01
1.000000000000000000e+00,3.880845308303833008e-01
1.000000000000000000e+00,4.565128087997436523e-01
1.000000000000000000e+00,3.896430134773254395e-01
1.000000000000000000e+00,4.814146459102630615e-01
1.000000000000000000e+00,4.485723078250885010e-01
1.000000000000000000e+00,3.398063778877258301e-01
1.000000000000000000e+00,4.154031276702880859e-01
1.000000000000000000e+00,3.818686008453369141e-01
1.000000000000000000e+00,4.263925254344940186e-01
1.000000000000000000e+00,3.917149901390075684e-01
1.000000000000000000e+00,3.224575817584991455e-01
1.000000000000000000e+00,3.893638849258422852e-01
1.000000000000000000e+00,3.700751960277557373e-01
1.000000000000000000e+00,3.902114927768707275e-01
1.000000000000000000e+00,4.138947725296020508e-01
1.000000000000000000e+00,3.882918953895568848e-01
1.000000000000000000e+00,4.677459299564361572e-01
1.000000000000000000e+00,3.464646935462951660e-01
1.000000000000000000e+00,4.090709090232849121e-01
1.000000000000000000e+00,4.812438189983367920e-01
1.000000000000000000e+00,3.007645606994628906e-01
1.000000000000000000e+00,3.942751884460449219e-01
1.000000000000000000e+00,4.184390306472778320e-01
1.000000000000000000e+00,4.047026634216308594e-01
1.000000000000000000e+00,3.900751471519470215e-01
1.000000000000000000e+00,4.384261667728424072e-01
1.000000000000000000e+00,3.986077904701232910e-01
1.000000000000000000e+00,3.610005974769592285e-01
1.000000000000000000e+00,5.130097866058349609e-01
1.000000000000000000e+00,4.505026042461395264e-01
1.000000000000000000e+00,3.582396507263183594e-01
1.000000000000000000e+00,4.312002956867218018e-01
1.000000000000000000e+00,3.880246281623840332e-01
1.000000000000000000e+00,3.966342508792877197e-01
1.000000000000000000e+00,4.668405354022979736e-01
1.000000000000000000e+00,3.621985912322998047e-01
1.000000000000000000e+00,4.022413194179534912e-01
1.000000000000000000e+00,4.757811427116394043e-01
1.000000000000000000e+00,4.093725979328155518e-01
1.000000000000000000e+00,5.749131441116333008e-01
1.000000000000000000e+00,4.481839835643768311e-01
1.000000000000000000e+00,4.306023716926574707e-01
1.000000000000000000e+00,4.324731528759002686e-01
1.000000000000000000e+00,3.989413976669311523e-01
1.000000000000000000e+00,3.998880684375762939e-01
1.000000000000000000e+00,4.001766443252563477e-01
1.000000000000000000e+00,3.977878391742706299e-01
1.000000000000000000e+00,3.422670066356658936e-01
1.000000000000000000e+00,4.695754051208496094e-01
1.000000000000000000e+00,4.604027271270751953e-01
1.000000000000000000e+00,4.572199583053588867e-01
1.000000000000000000e+00,4.709647297859191895e-01
1.000000000000000000e+00,4.260717928409576416e-01
1.000000000000000000e+00,5.189307928085327148e-01
1.000000000000000000e+00,4.421103298664093018e-01
1.000000000000000000e+00,4.922569394111633301e-01
1.000000000000000000e+00,3.723232746124267578e-01
1.000000000000000000e+00,4.333648085594177246e-01
1.000000000000000000e+00,4.687326848506927490e-01
1.000000000000000000e+00,5.131930708885192871e-01
1.000000000000000000e+00,4.967915117740631104e-01
1.000000000000000000e+00,5.020902752876281738e-01
1.000000000000000000e+00,5.600201487541198730e-01
1.000000000000000000e+00,3.922351598739624023e-01
1.000000000000000000e+00,4.154898822307586670e-01
1.000000000000000000e+00,3.657608032226562500e-01
1.000000000000000000e+00,4.028964340686798096e-01
1.000000000000000000e+00,3.804251551628112793e-01
1.000000000000000000e+00,4.355752766132354736e-01
1.000000000000000000e+00,3.554935455322265625e-01
1.000000000000000000e+00,4.166669249534606934e-01
1.000000000000000000e+00,3.617952764034271240e-01
1.000000000000000000e+00,3.719365596771240234e-01
1.000000000000000000e+00,4.778262376785278320e-01
1.000000000000000000e+00,3.726647198200225830e-01
1.000000000000000000e+00,4.175275564193725586e-01
1.000000000000000000e+00,3.256428241729736328e-01
1.000000000000000000e+00,3.997644484043121338e-01
1.000000000000000000e+00,3.885658085346221924e-01
1.000000000000000000e+00,3.400512039661407471e-01
1.000000000000000000e+00,4.710317850112915039e-01
1.000000000000000000e+00,4.423136711120605469e-01
1.000000000000000000e+00,4.040943980216979980e-01
1.000000000000000000e+00,3.912692964076995850e-01
1.000000000000000000e+00,3.918802142143249512e-01
1.000000000000000000e+00,3.432262539863586426e-01
1.000000000000000000e+00,3.811623156070709229e-01
1.000000000000000000e+00,3.885991275310516357e-01
1.000000000000000000e+00,3.807112574577331543e-01
1.000000000000000000e+00,4.579472541809082031e-01
1.000000000000000000e+00,3.848487436771392822e-01
1.000000000000000000e+00,4.451060295104980469e-01
1.000000000000000000e+00,4.273683726787567139e-01
1.000000000000000000e+00,3.609819412231445312e-01
1.000000000000000000e+00,3.706949949264526367e-01
1.000000000000000000e+00,4.596838355064392090e-01
1.000000000000000000e+00,4.255320429801940918e-01
1.000000000000000000e+00,3.293564319610595703e-01
1.000000000000000000e+00,3.675291836261749268e-01
1.000000000000000000e+00,4.522361457347869873e-01
1.000000000000000000e+00,4.035156965255737305e-01
1.000000000000000000e+00,4.293848872184753418e-01
1.000000000000000000e+00,4.765545427799224854e-01
1.000000000000000000e+00,4.551194310188293457e-01
1.000000000000000000e+00,4.167856276035308838e-01
1.000000000000000000e+00,3.321613967418670654e-01
1.000000000000000000e+00,4.287310540676116943e-01
1.000000000000000000e+00,4.827213883399963379e-01
1.000000000000000000e+00,4.602965116500854492e-01
1.000000000000000000e+00,4.595521688461303711e-01
1.000000000000000000e+00,4.024576246738433838e-01
1.000000000000000000e+00,4.946499764919281006e-01
1.000000000000000000e+00,4.983735978603363037e-01
1.000000000000000000e+00,4.505042433738708496e-01
1.000000000000000000e+00,4.922854304313659668e-01
1.000000000000000000e+00,4.033412039279937744e-01
1.000000000000000000e+00,3.821032345294952393e-01
1.000000000000000000e+00,3.862614631652832031e-01
1.000000000000000000e+00,4.140168130397796631e-01
1.000000000000000000e+00,3.817784786224365234e-01
1.000000000000000000e+00,3.831565082073211670e-01
1.000000000000000000e+00,4.350836873054504395e-01
1.000000000000000000e+00,3.688257634639739990e-01
1.000000000000000000e+00,3.888021409511566162e-01
1.000000000000000000e+00,4.548066258430480957e-01
1.000000000000000000e+00,4.291110038757324219e-01
1.000000000000000000e+00,3.763729929924011230e-01
1.000000000000000000e+00,3.714548945426940918e-01
1.000000000000000000e+00,3.723845183849334717e-01
1.000000000000000000e+00,3.666660785675048828e-01
1.000000000000000000e+00,4.513876438140869141e-01
1.000000000000000000e+00,4.400445222854614258e-01
1.000000000000000000e+00,3.943431079387664795e-01
1.000000000000000000e+00,4.013155698776245117e-01
1.000000000000000000e+00,3.933037221431732178e-01
1.000000000000000000e+00,3.908772170543670654e-01
1.000000000000000000e+00,3.936949372291564941e-01
1.000000000000000000e+00,4.327187240123748779e-01
1.000000000000000000e+00,3.204770088195800781e-01
1.000000000000000000e+00,4.601939618587493896e-01
1.000000000000000000e+00,4.916477501392364502e-01
1.000000000000000000e+00,4.291310310363769531e-01
1.000000000000000000e+00,4.316174387931823730e-01
1.000000000000000000e+00,4.805208146572113037e-01
1.000000000000000000e+00,4.422988891601562500e-01
1.000000000000000000e+00,4.533056020736694336e-01
1.000000000000000000e+00,4.065366387367248535e-01
1.000000000000000000e+00,4.509153664112091064e-01
1.000000000000000000e+00,5.009716153144836426e-01
1.000000000000000000e+00,4.275046885013580322e-01
1.000000000000000000e+00,4.445564746856689453e-01
1.000000000000000000e+00,4.119947254657745361e-01
1.000000000000000000e+00,3.841417133808135986e-01
1.000000000000000000e+00,3.565447628498077393e-01
1.000000000000000000e+00,3.478456139564514160e-01
1.000000000000000000e+00,3.737689256668090820e-01
1.000000000000000000e+00,3.832908868789672852e-01
1.000000000000000000e+00,3.803024291992187500e-01
1.000000000000000000e+00,3.349836170673370361e-01
1.000000000000000000e+00,5.029930472373962402e-01
1.000000000000000000e+00,4.756835699081420898e-01
1.000000000000000000e+00,4.246302843093872070e-01
1.000000000000000000e+00,3.807088732719421387e-01
1.000000000000000000e+00,4.446192085742950439e-01
1.000000000000000000e+00,3.210443854331970215e-01
1.000000000000000000e+00,3.661440312862396240e-01
1.000000000000000000e+00,3.812819123268127441e-01
1.000000000000000000e+00,4.043959677219390869e-01
1.000000000000000000e+00,3.863819241523742676e-01
1.000000000000000000e+00,3.766957819461822510e-01
1.000000000000000000e+00,4.225063621997833252e-01
1.000000000000000000e+00,3.867463171482086182e-01
1.000000000000000000e+00,3.399154543876647949e-01
1.000000000000000000e+00,4.211129844188690186e-01
1.000000000000000000e+00,4.077917933464050293e-01
1.000000000000000000e+00,4.143615961074829102e-01
1.000000000000000000e+00,3.788629174232482910e-01
1.000000000000000000e+00,4.489994347095489502e-01
1.000000000000000000e+00,4.347165226936340332e-01
1.000000000000000000e+00,4.511592984199523926e-01
1.000000000000000000e+00,3.819303512573242188e-01
1.000000000000000000e+00,3.924800455570220947e-01
1.000000000000000000e+00,4.137099683284759521e-01
1.000000000000000000e+00,4.635050892829895020e-01
1.000000000000000000e+00,4.551274478435516357e-01
1.000000000000000000e+00,2.687832415103912354e-01
1.000000000000000000e+00,4.073063135147094727e-01
1.000000000000000000e+00,3.942168354988098145e-01
1.000000000000000000e+00,4.365728497505187988e-01
1.000000000000000000e+00,4.287488162517547607e-01
1.000000000000000000e+00,4.139138460159301758e-01
1.000000000000000000e+00,4.595924019813537598e-01
1.000000000000000000e+00,4.711300432682037354e-01
1.000000000000000000e+00,3.681127727031707764e-01
1.000000000000000000e+00,3.476839959621429443e-01
1.000000000000000000e+00,4.343113899230957031e-01
1.000000000000000000e+00,4.151735901832580566e-01
1.000000000000000000e+00,3.834791183471679688e-01
1.000000000000000000e+00,4.574706256389617920e-01
1.000000000000000000e+00,3.747951388359069824e-01
1.000000000000000000e+00,3.793527781963348389e-01
1.000000000000000000e+00,3.593591749668121338e-01
1.000000000000000000e+00,4.888781905174255371e-01
1.000000000000000000e+00,4.412181377410888672e-01
1.000000000000000000e+00,3.635985255241394043e-01
1.000000000000000000e+00,4.364670515060424805e-01
1.000000000000000000e+00,4.455817043781280518e-01
1.000000000000000000e+00,4.584054946899414062e-01
1.000000000000000000e+00,4.740208387374877930e-01
1.000000000000000000e+00,4.030290246009826660e-01
1.000000000000000000e+00,4.343598186969757080e-01
1.000000000000000000e+00,4.046249091625213623e-01
1.000000000000000000e+00,3.796241283416748047e-01
1.000000000000000000e+00,4.798777699470520020e-01
1.000000000000000000e+00,4.619269669055938721e-01
1.000000000000000000e+00,4.825296103954315186e-01
1.000000000000000000e+00,4.162885844707489014e-01
1.000000000000000000e+00,4.709158539772033691e-01
1.000000000000000000e+00,4.513982534408569336e-01
1.000000000000000000e+00,4.379373788833618164e-01
1.000000000000000000e+00,5.004572272300720215e-01
1.000000000000000000e+00,4.240354299545288086e-01
1.000000000000000000e+00,4.287630915641784668e-01
1.000000000000000000e+00,4.104851484298706055e-01
1.000000000000000000e+00,4.524736404418945312e-01
1.000000000000000000e+00,3.991975188255310059e-01
1.000000000000000000e+00,4.133932590484619141e-01
1.000000000000000000e+00,3.869739770889282227e-01
1.000000000000000000e+00,4.091174304485321045e-01
1.000000000000000000e+00,4.346410036087036133e-01
1.000000000000000000e+00,3.892932832241058350e-01
1.000000000000000000e+00,5.069479942321777344e-01
1.000000000000000000e+00,4.048980474472045898e-01
1.000000000000000000e+00,4.580498933792114258e-01
1.000000000000000000e+00,3.691275417804718018e-01
1.000000000000000000e+00,3.771934807300567627e-01
1.000000000000000000e+00,4.066445529460906982e-01
1.000000000000000000e+00,4.100810885429382324e-01
1.000000000000000000e+00,4.403728842735290527e-01
1.000000000000000000e+00,4.121318161487579346e-01
1.000000000000000000e+00,4.033182263374328613e-01
1.000000000000000000e+00,3.576218783855438232e-01
1.000000000000000000e+00,3.625695109367370605e-01
1.000000000000000000e+00,4.097421765327453613e-01
1.000000000000000000e+00,4.606904983520507812e-01
1.000000000000000000e+00,3.674548864364624023e-01
1.000000000000000000e+00,3.880932927131652832e-01
1.000000000000000000e+00,3.980576694011688232e-01
1.000000000000000000e+00,4.385708272457122803e-01
1.000000000000000000e+00,3.648915588855743408e-01
1.000000000000000000e+00,3.838974833488464355e-01
1.000000000000000000e+00,4.302730858325958252e-01
1.000000000000000000e+00,4.359450936317443848e-01
1.000000000000000000e+00,4.695014953613281250e-01
1.000000000000000000e+00,4.273454546928405762e-01
1.000000000000000000e+00,3.927827477455139160e-01
1.000000000000000000e+00,4.392778873443603516e-01
1.000000000000000000e+00,3.970557749271392822e-01
1.000000000000000000e+00,4.039751291275024414e-01
1.000000000000000000e+00,4.192812442779541016e-01
1.000000000000000000e+00,3.562695086002349854e-01
1.000000000000000000e+00,4.031204879283905029e-01
1.000000000000000000e+00,3.745604753494262695e-01
1.000000000000000000e+00,4.328433871269226074e-01
1.000000000000000000e+00,3.930869698524475098e-01
1.000000000000000000e+00,4.092279076576232910e-01
1.000000000000000000e+00,3.615584671497344971e-01
1.000000000000000000e+00,4.108135700225830078e-01
1.000000000000000000e+00,4.179761409759521484e-01
1.000000000000000000e+00,5.504772663116455078e-01
1.000000000000000000e+00,4.421133995056152344e-01
1.000000000000000000e+00,4.404747784137725830e-01
1.000000000000000000e+00,4.320528507232666016e-01
1.000000000000000000e+00,4.556022584438323975e-01
1.000000000000000000e+00,4.157541394233703613e-01
1.000000000000000000e+00,4.085992276668548584e-01
1.000000000000000000e+00,4.433242082595825195e-01
1.000000000000000000e+00,3.668765425682067871e-01
1.000000000000000000e+00,4.553225040435791016e-01
1.000000000000000000e+00,4.698114991188049316e-01
1.000000000000000000e+00,4.300924539566040039e-01
1.000000000000000000e+00,4.249600172042846680e-01
1.000000000000000000e+00,4.409802258014678955e-01
1.000000000000000000e+00,3.927620053291320801e-01
1.000000000000000000e+00,4.766312539577484131e-01
1.000000000000000000e+00,4.258208572864532471e-01
1.000000000000000000e+00,4.244977235794067383e-01
1.000000000000000000e+00,5.016964077949523926e-01
1.000000000000000000e+00,3.638555705547332764e-01
1.000000000000000000e+00,3.566169142723083496e-01
1.000000000000000000e+00,4.128651022911071777e-01
1.000000000000000000e+00,4.291000366210937500e-01
1.000000000000000000e+00,4.942449331283569336e-01
1.000000000000000000e+00,3.884866535663604736e-01
1.000000000000000000e+00,3.519192934036254883e-01
1.000000000000000000e+00,4.567772746086120605e-01
1.000000000000000000e+00,4.186856746673583984e-01
1.000000000000000000e+00,3.186737895011901855e-01
1.000000000000000000e+00,3.883408308029174805e-01
1.000000000000000000e+00,4.182810783386230469e-01
1.000000000000000000e+00,3.785961866378784180e-01
1.000000000000000000e+00,4.782316088676452637e-01
1.000000000000000000e+00,3.447115719318389893e-01
1.000000000000000000e+00,3.917393088340759277e-01
1.000000000000000000e+00,4.041200578212738037e-01
1.000000000000000000e+00,3.764534592628479004e-01
1.000000000000000000e+00,4.709737300872802734e-01
1.000000000000000000e+00,4.432047009468078613e-01
1.000000000000000000e+00,3.549826741218566895e-01
1.000000000000000000e+00,4.293465614318847656e-01
1.000000000000000000e+00,4.255648851394653320e-01
1.000000000000000000e+00,4.358952939510345459e-01
1.000000000000000000e+00,3.725144863128662109e-01
1.000000000000000000e+00,4.449355900287628174e-01
1.000000000000000000e+00,4.501653909683227539e-01
1.000000000000000000e+00,4.289137423038482666e-01
1.000000000000000000e+00,4.734025597572326660e-01
1.000000000000000000e+00,4.247610569000244141e-01
1.000000000000000000e+00,3.710736632347106934e-01
1.000000000000000000e+00,4.065866172313690186e-01
1.000000000000000000e+00,4.752554595470428467e-01
1.000000000000000000e+00,3.939179182052612305e-01
1.000000000000000000e+00,4.564879536628723145e-01
1.000000000000000000e+00,4.292441010475158691e-01
1.000000000000000000e+00,3.987632989883422852e-01
1.000000000000000000e+00,4.531334638595581055e-01
1.000000000000000000e+00,4.270358383655548096e-01
1.000000000000000000e+00,5.323833823204040527e-01
1.000000000000000000e+00,3.946671485900878906e-01
1.000000000000000000e+00,3.637057840824127197e-01
1.000000000000000000e+00,4.205168485641479492e-01
1.000000000000000000e+00,4.223023653030395508e-01
1.000000000000000000e+00,3.927251398563385010e-01
1.000000000000000000e+00,4.109290242195129395e-01
1.000000000000000000e+00,3.548188805580139160e-01
1.000000000000000000e+00,4.046442210674285889e-01
1.000000000000000000e+00,4.396277666091918945e-01
1.000000000000000000e+00,3.803479671478271484e-01
1.000000000000000000e+00,4.779412150382995605e-01
1.000000000000000000e+00,4.249935746192932129e-01
1.000000000000000000e+00,4.102456271648406982e-01
1.000000000000000000e+00,4.026075899600982666e-01
1.000000000000000000e+00,3.676858246326446533e-01
1.000000000000000000e+00,3.812916278839111328e-01
1.000000000000000000e+00,3.820750117301940918e-01
1.000000000000000000e+00,3.787334561347961426e-01
1.000000000000000000e+00,5.355100631713867188e-01
1.000000000000000000e+00,4.604738950729370117e-01
1.000000000000000000e+00,5.409450531005859375e-01
1.000000000000000000e+00,4.322591125965118408e-01
1.000000000000000000e+00,4.044306874275207520e-01
1.000000000000000000e+00,4.422996640205383301e-01
1.000000000000000000e+00,4.250372648239135742e-01
1.000000000000000000e+00,4.676343202590942383e-01
1.000000000000000000e+00,3.892454504966735840e-01
1.000000000000000000e+00,4.559478163719177246e-01
1.000000000000000000e+00,4.282436370849609375e-01
1.000000000000000000e+00,4.469469189643859863e-01
1.000000000000000000e+00,4.860914945602416992e-01
1.000000000000000000e+00,4.888004660606384277e-01
1.000000000000000000e+00,4.060651063919067383e-01
1.000000000000000000e+00,3.798111081123352051e-01
1.000000000000000000e+00,3.724444210529327393e-01
1.000000000000000000e+00,3.655542135238647461e-01
1.000000000000000000e+00,3.945764303207397461e-01
1.000000000000000000e+00,4.085874855518341064e-01
1.000000000000000000e+00,4.951075911521911621e-01
1.000000000000000000e+00,3.847240507602691650e-01
1.000000000000000000e+00,3.717737793922424316e-01
1.000000000000000000e+00,3.479323983192443848e-01
1.000000000000000000e+00,4.486252069473266602e-01
1.000000000000000000e+00,4.337207078933715820e-01
1.000000000000000000e+00,4.233725368976593018e-01
1.000000000000000000e+00,4.028352499008178711e-01
1.000000000000000000e+00,4.709698557853698730e-01
1.000000000000000000e+00,3.320054411888122559e-01
1.000000000000000000e+00,3.699759244918823242e-01
1.000000000000000000e+00,3.982813656330108643e-01
1.000000000000000000e+00,3.711694478988647461e-01
1.000000000000000000e+00,4.214113354682922363e-01
1.000000000000000000e+00,3.659205436706542969e-01
1.000000000000000000e+00,4.008767008781433105e-01
1.000000000000000000e+00,3.598756194114685059e-01
1.000000000000000000e+00,3.577479720115661621e-01
1.000000000000000000e+00,3.916161358356475830e-01
1.000000000000000000e+00,3.431766629219055176e-01
1.000000000000000000e+00,4.251483082771301270e-01
1.000000000000000000e+00,4.490747451782226562e-01
1.000000000000000000e+00,4.014715254306793213e-01
1.000000000000000000e+00,3.632423579692840576e-01
1.000000000000000000e+00,4.897590279579162598e-01
1.000000000000000000e+00,4.349758625030517578e-01
1.000000000000000000e+00,4.102570414543151855e-01
1.000000000000000000e+00,4.304076433181762695e-01
1.000000000000000000e+00,4.596476554870605469e-01
1.000000000000000000e+00,3.865116834640502930e-01
1.000000000000000000e+00,3.642592132091522217e-01
1.000000000000000000e+00,3.827710151672363281e-01
1.000000000000000000e+00,4.411580562591552734e-01
1.000000000000000000e+00,4.490446150302886963e-01
1.000000000000000000e+00,3.066284656524658203e-01
1.000000000000000000e+00,4.699571430683135986e-01
1.000000000000000000e+00,3.850190639495849609e-01
1.000000000000000000e+00,4.833274185657501221e-01
1.000000000000000000e+00,3.927488327026367188e-01
1.000000000000000000e+00,4.335986375808715820e-01
1.000000000000000000e+00,4.131821990013122559e-01
1.000000000000000000e+00,4.070871770381927490e-01
1.000000000000000000e+00,3.802322149276733398e-01
1.000000000000000000e+00,3.583045005798339844e-01
1.000000000000000000e+00,4.180110394954681396e-01
1.000000000000000000e+00,4.356282949447631836e-01
1.000000000000000000e+00,4.058011174201965332e-01
1.000000000000000000e+00,4.000741243362426758e-01
1.000000000000000000e+00,4.569942355155944824e-01
1.000000000000000000e+00,4.643052518367767334e-01
1.000000000000000000e+00,3.943096399307250977e-01
1.000000000000000000e+00,3.896148800849914551e-01
1.000000000000000000e+00,3.926977813243865967e-01
1.000000000000000000e+00,3.949503898620605469e-01
1.000000000000000000e+00,4.663930833339691162e-01
1.000000000000000000e+00,3.750908672809600830e-01
1.000000000000000000e+00,4.179021120071411133e-01
1.000000000000000000e+00,4.860481023788452148e-01
1.000000000000000000e+00,3.863874673843383789e-01
1.000000000000000000e+00,4.521261155605316162e-01
1.000000000000000000e+00,3.954630792140960693e-01
1.000000000000000000e+00,3.792891204357147217e-01
1.000000000000000000e+00,3.747166395187377930e-01
1.000000000000000000e+00,3.798494935035705566e-01
1.000000000000000000e+00,3.905651569366455078e-01
1.000000000000000000e+00,3.811194002628326416e-01
1.000000000000000000e+00,3.568304479122161865e-01
1.000000000000000000e+00,4.500508308410644531e-01
1.000000000000000000e+00,4.912575185298919678e-01
1.000000000000000000e+00,4.245699048042297363e-01
1.000000000000000000e+00,3.893016576766967773e-01
1.000000000000000000e+00,4.531337022781372070e-01
1.000000000000000000e+00,3.896879851818084717e-01
1.000000000000000000e+00,4.524754881858825684e-01
1.000000000000000000e+00,4.269440174102783203e-01
1.000000000000000000e+00,4.297676086425781250e-01
1.000000000000000000e+00,4.652414321899414062e-01
1.000000000000000000e+00,3.874365389347076416e-01
1.000000000000000000e+00,4.374365508556365967e-01
1.000000000000000000e+00,4.361479878425598145e-01
1.000000000000000000e+00,3.877651989459991455e-01
1.000000000000000000e+00,4.119849801063537598e-01
1.000000000000000000e+00,4.429041147232055664e-01
1.000000000000000000e+00,4.004687070846557617e-01
1.000000000000000000e+00,3.555258810520172119e-01
1.000000000000000000e+00,4.138401746749877930e-01
1.000000000000000000e+00,4.063262343406677246e-01
1.000000000000000000e+00,4.618096053600311279e-01
1.000000000000000000e+00,4.760720729827880859e-01
1.000000000000000000e+00,4.737181365489959717e-01
1.000000000000000000e+00,4.312246441841125488e-01
1.000000000000000000e+00,3.452860414981842041e-01
1.000000000000000000e+00,4.780132770538330078e-01
1.000000000000000000e+00,4.353278279304504395e-01
1.000000000000000000e+00,4.292090833187103271e-01
1.000000000000000000e+00,4.362640082836151123e-01
1.000000000000000000e+00,3.766596019268035889e-01
1.000000000000000000e+00,4.203355014324188232e-01
1.000000000000000000e+00,3.768605887889862061e-01
1.000000000000000000e+00,3.605925738811492920e-01
1.000000000000000000e+00,3.431042432785034180e-01
1.000000000000000000e+00,3.634303510189056396e-01
1.000000000000000000e+00,4.080756902694702148e-01
1.000000000000000000e+00,4.461770057678222656e-01
1.000000000000000000e+00,4.502825140953063965e-01
1.000000000000000000e+00,4.048343896865844727e-01
1.000000000000000000e+00,3.586016297340393066e-01
1.000000000000000000e+00,4.559401869773864746e-01
1.000000000000000000e+00,4.219483435153961182e-01
1.000000000000000000e+00,3.967550098896026611e-01
1.000000000000000000e+00,4.601253271102905273e-01
1.000000000000000000e+00,3.533803820610046387e-01
1.000000000000000000e+00,4.437600076198577881e-01
1.000000000000000000e+00,3.773295283317565918e-01
1.000000000000000000e+00,4.449743330478668213e-01
1.000000000000000000e+00,3.401893973350524902e-01
1.000000000000000000e+00,4.752402305603027344e-01
1.000000000000000000e+00,3.166519701480865479e-01
1.000000000000000000e+00,4.083805382251739502e-01
1.000000000000000000e+00,3.714628815650939941e-01
1.000000000000000000e+00,4.254398643970489502e-01
1.000000000000000000e+00,4.274341762065887451e-01
1.000000000000000000e+00,4.294888079166412354e-01
1.000000000000000000e+00,4.094696640968322754e-01
1.000000000000000000e+00,3.261112272739410400e-01
1.000000000000000000e+00,4.375374913215637207e-01
1.000000000000000000e+00,3.986192941665649414e-01
1.000000000000000000e+00,4.113475382328033447e-01
1.000000000000000000e+00,3.239573240280151367e-01
1.000000000000000000e+00,3.594415783882141113e-01
1.000000000000000000e+00,4.767937064170837402e-01
1.000000000000000000e+00,3.634867072105407715e-01
1.000000000000000000e+00,4.534421861171722412e-01
1.000000000000000000e+00,4.122137427330017090e-01
1.000000000000000000e+00,3.866050243377685547e-01
1.000000000000000000e+00,3.462301492691040039e-01
1.000000000000000000e+00,3.695071935653686523e-01
1.000000000000000000e+00,4.463039040565490723e-01
1.000000000000000000e+00,3.493567407131195068e-01
1.000000000000000000e+00,3.686990737915039062e-01
1.000000000000000000e+00,3.344773650169372559e-01
1.000000000000000000e+00,4.448739886283874512e-01
1.000000000000000000e+00,4.838670790195465088e-01
1.000000000000000000e+00,4.720892608165740967e-01
1.000000000000000000e+00,4.508671164512634277e-01
1.000000000000000000e+00,4.321055710315704346e-01
1.000000000000000000e+00,4.266570806503295898e-01
1.000000000000000000e+00,4.216114282608032227e-01
1.000000000000000000e+00,3.803049921989440918e-01
1.000000000000000000e+00,4.345295429229736328e-01
1.000000000000000000e+00,4.345097839832305908e-01
1.000000000000000000e+00,4.358606040477752686e-01
1.000000000000000000e+00,3.911613821983337402e-01
1.000000000000000000e+00,4.279724359512329102e-01
1.000000000000000000e+00,4.723304808139801025e-01
1.000000000000000000e+00,4.020074605941772461e-01
1.000000000000000000e+00,3.954924941062927246e-01
1.000000000000000000e+00,3.878920376300811768e-01
1.000000000000000000e+00,3.937166929244995117e-01
1.000000000000000000e+00,3.759044706821441650e-01
1.000000000000000000e+00,4.497310221195220947e-01
1.000000000000000000e+00,4.747141897678375244e-01
1.000000000000000000e+00,4.993092417716979980e-01
1.000000000000000000e+00,4.711338281631469727e-01
1.000000000000000000e+00,3.406645059585571289e-01
1.000000000000000000e+00,3.842024803161621094e-01
1.000000000000000000e+00,4.004794955253601074e-01
1.000000000000000000e+00,3.666077852249145508e-01
1.000000000000000000e+00,3.853709697723388672e-01
1.000000000000000000e+00,3.681713044643402100e-01
1.000000000000000000e+00,3.748346865177154541e-01
1.000000000000000000e+00,3.961588144302368164e-01
1.000000000000000000e+00,4.329759180545806885e-01
1.000000000000000000e+00,4.001748561859130859e-01
1.000000000000000000e+00,4.410332441329956055e-01
1.000000000000000000e+00,4.244692027568817139e-01
1.000000000000000000e+00,4.281131029129028320e-01
1.000000000000000000e+00,3.875566124916076660e-01
1.000000000000000000e+00,3.807825148105621338e-01
1.000000000000000000e+00,4.555236995220184326e-01
1.000000000000000000e+00,4.930164813995361328e-01
1.000000000000000000e+00,4.175940155982971191e-01
1.000000000000000000e+00,3.327127993106842041e-01
1.000000000000000000e+00,4.256655573844909668e-01
1.000000000000000000e+00,3.922482728958129883e-01
1.000000000000000000e+00,3.947286605834960938e-01
1.000000000000000000e+00,4.244180321693420410e-01
1.000000000000000000e+00,4.485521912574768066e-01
1.000000000000000000e+00,3.700541257858276367e-01
1.000000000000000000e+00,3.879216611385345459e-01
1.000000000000000000e+00,3.596980571746826172e-01
1.000000000000000000e+00,4.612364172935485840e-01
1.000000000000000000e+00,4.015832543373107910e-01
1.000000000000000000e+00,4.092469215393066406e-01
1.000000000000000000e+00,4.761432409286499023e-01
1.000000000000000000e+00,4.661310315132141113e-01
1.000000000000000000e+00,3.642103075981140137e-01
1.000000000000000000e+00,4.137555658817291260e-01
1.000000000000000000e+00,4.908882081508636475e-01
1.000000000000000000e+00,3.843051195144653320e-01
1.000000000000000000e+00,3.599985241889953613e-01
1.000000000000000000e+00,4.661012291908264160e-01
1.000000000000000000e+00,4.901639223098754883e-01
1.000000000000000000e+00,4.325183331966400146e-01
1.000000000000000000e+00,5.609900355339050293e-01
1.000000000000000000e+00,4.273849427700042725e-01
1.000000000000000000e+00,3.311913609504699707e-01
1.000000000000000000e+00,3.647840619087219238e-01
1.000000000000000000e+00,3.956328034400939941e-01
1.000000000000000000e+00,4.417447745800018311e-01
1.000000000000000000e+00,3.496297597885131836e-01
1.000000000000000000e+00,3.918945193290710449e-01
1.000000000000000000e+00,4.022077918052673340e-01
1.000000000000000000e+00,3.382519781589508057e-01
1.000000000000000000e+00,3.921929001808166504e-01
1.000000000000000000e+00,4.111389219760894775e-01
1.000000000000000000e+00,3.839980065822601318e-01
1.000000000000000000e+00,3.996127843856811523e-01
1.000000000000000000e+00,5.765680074691772461e-01
1.000000000000000000e+00,3.998908400535583496e-01
1.000000000000000000e+00,4.493957757949829102e-01
1.000000000000000000e+00,3.969239592552185059e-01
1.000000000000000000e+00,3.887706696987152100e-01
1.000000000000000000e+00,4.049334526062011719e-01
1.000000000000000000e+00,5.581210851669311523e-01
1.000000000000000000e+00,4.158899188041687012e-01
1.000000000000000000e+00,3.916078805923461914e-01
1.000000000000000000e+00,4.041357040405273438e-01
1.000000000000000000e+00,4.174880981445312500e-01
1.000000000000000000e+00,3.466182351112365723e-01
1.000000000000000000e+00,3.783898949623107910e-01
1.000000000000000000e+00,3.598711192607879639e-01
1.000000000000000000e+00,3.605242073535919189e-01
1.000000000000000000e+00,3.492275178432464600e-01
1.000000000000000000e+00,4.014486074447631836e-01
1.000000000000000000e+00,3.092381358146667480e-01
1.000000000000000000e+00,4.586469531059265137e-01
1.000000000000000000e+00,4.213541746139526367e-01
1.000000000000000000e+00,4.239544272422790527e-01
1.000000000000000000e+00,4.461607635021209717e-01
1.000000000000000000e+00,3.903893828392028809e-01
1.000000000000000000e+00,3.461099267005920410e-01
1.000000000000000000e+00,3.688945174217224121e-01
1.000000000000000000e+00,4.427108764648437500e-01
1.000000000000000000e+00,3.558769524097442627e-01
1.000000000000000000e+00,4.609271585941314697e-01
1.000000000000000000e+00,4.229872822761535645e-01
1.000000000000000000e+00,4.560692608356475830e-01
1.000000000000000000e+00,4.951756000518798828e-01
1.000000000000000000e+00,4.360529184341430664e-01
1.000000000000000000e+00,5.097455978393554688e-01
1.000000000000000000e+00,3.391931056976318359e-01
1.000000000000000000e+00,3.468746244907379150e-01
1.000000000000000000e+00,4.210037887096405029e-01
1.000000000000000000e+00,4.378477334976196289e-01
1.000000000000000000e+00,3.662256598472595215e-01
1.000000000000000000e+00,4.268271327018737793e-01
1.000000000000000000e+00,3.760805726051330566e-01
1.000000000000000000e+00,4.008910357952117920e-01
1.000000000000000000e+00,4.464301764965057373e-01
1.000000000000000000e+00,3.136910498142242432e-01
1.000000000000000000e+00,3.698010742664337158e-01
1.000000000000000000e+00,3.737896084785461426e-01
1.000000000000000000e+00,4.765630364418029785e-01
1.000000000000000000e+00,3.408042192459106445e-01
1.000000000000000000e+00,4.198285937309265137e-01
1.000000000000000000e+00,3.194779753684997559e-01
1.000000000000000000e+00,3.716591596603393555e-01
1.000000000000000000e+00,3.535283207893371582e-01
1.000000000000000000e+00,5.239678621292114258e-01
1.000000000000000000e+00,4.689720273017883301e-01
1.000000000000000000e+00,3.562234938144683838e-01
1.000000000000000000e+00,3.923000693321228027e-01
1.000000000000000000e+00,3.484256565570831299e-01
1.000000000000000000e+00,3.562496304512023926e-01
1.000000000000000000e+00,4.034797251224517822e-01
1.000000000000000000e+00,4.446374773979187012e-01
1.000000000000000000e+00,3.841120898723602295e-01
1.000000000000000000e+00,3.717469871044158936e-01
1.000000000000000000e+00,3.541315197944641113e-01
1.000000000000000000e+00,4.137113094329833984e-01
1.000000000000000000e+00,4.476567208766937256e-01
1.000000000000000000e+00,3.684615790843963623e-01
1.000000000000000000e+00,3.926570713520050049e-01
1.000000000000000000e+00,3.625360429286956787e-01
1.000000000000000000e+00,4.440897703170776367e-01
1.000000000000000000e+00,4.258866608142852783e-01
1.000000000000000000e+00,3.750871419906616211e-01
1.000000000000000000e+00,4.306141734123229980e-01
1.000000000000000000e+00,4.458701312541961670e-01
1.000000000000000000e+00,4.191983938217163086e-01
1.000000000000000000e+00,3.142265677452087402e-01
1.000000000000000000e+00,4.033351838588714600e-01
1.000000000000000000e+00,3.770828247070312500e-01
1.000000000000000000e+00,3.732619881629943848e-01
1.000000000000000000e+00,4.072153568267822266e-01
1.000000000000000000e+00,4.549264013767242432e-01
1.000000000000000000e+00,4.113386273384094238e-01
1.000000000000000000e+00,3.027024865150451660e-01
1.000000000000000000e+00,3.389631509780883789e-01
1.000000000000000000e+00,3.713787794113159180e-01
1.000000000000000000e+00,4.294839501380920410e-01
1.000000000000000000e+00,4.020071029663085938e-01
1.000000000000000000e+00,3.518572747707366943e-01
1.000000000000000000e+00,4.124257564544677734e-01
1.000000000000000000e+00,4.813666939735412598e-01
1.000000000000000000e+00,3.686031699180603027e-01
1.000000000000000000e+00,3.654998838901519775e-01
1.000000000000000000e+00,3.209660053253173828e-01
1.000000000000000000e+00,4.384275078773498535e-01
1.000000000000000000e+00,4.774768948554992676e-01
1.000000000000000000e+00,4.325890243053436279e-01
1.000000000000000000e+00,4.544255137443542480e-01
1.000000000000000000e+00,4.260823130607604980e-01
1.000000000000000000e+00,5.187679529190063477e-01
1.000000000000000000e+00,3.866829872131347656e-01
1.000000000000000000e+00,3.686458468437194824e-01
1.000000000000000000e+00,5.023879408836364746e-01
1.000000000000000000e+00,3.706025779247283936e-01
1.000000000000000000e+00,4.240626692771911621e-01
1.000000000000000000e+00,4.381336569786071777e-01
1.000000000000000000e+00,4.446065127849578857e-01
1.000000000000000000e+00,3.755309879779815674e-01
1.000000000000000000e+00,3.706611692905426025e-01
1.000000000000000000e+00,3.718432784080505371e-01
1.000000000000000000e+00,3.784649968147277832e-01
1.000000000000000000e+00,3.793615400791168213e-01
1.000000000000000000e+00,5.501215457916259766e-01
1.000000000000000000e+00,4.456746578216552734e-01
1.000000000000000000e+00,3.717524707317352295e-01
1.000000000000000000e+00,3.908153772354125977e-01
1.000000000000000000e+00,3.565808534622192383e-01
1.000000000000000000e+00,4.032337665557861328e-01
1.000000000000000000e+00,3.948779702186584473e-01
1.000000000000000000e+00,4.502865970134735107e-01
1.000000000000000000e+00,3.900239467620849609e-01
1.000000000000000000e+00,4.308007955551147461e-01
1.000000000000000000e+00,3.402505218982696533e-01
1.000000000000000000e+00,4.542204141616821289e-01
1.000000000000000000e+00,4.194679260253906250e-01
1.000000000000000000e+00,4.456994533538818359e-01
1.000000000000000000e+00,3.670981526374816895e-01
1.000000000000000000e+00,3.583455681800842285e-01
1.000000000000000000e+00,3.841271996498107910e-01
1.000000000000000000e+00,4.034807682037353516e-01
1.000000000000000000e+00,3.502692282199859619e-01
1.000000000000000000e+00,3.602614402770996094e-01
1.000000000000000000e+00,3.788091242313385010e-01
1.000000000000000000e+00,5.504142045974731445e-01
1.000000000000000000e+00,3.029287755489349365e-01
1.000000000000000000e+00,3.949106335639953613e-01
1.000000000000000000e+00,4.096185266971588135e-01
1.000000000000000000e+00,4.148367643356323242e-01
1.000000000000000000e+00,3.900041580200195312e-01
1.000000000000000000e+00,4.336811304092407227e-01
1.000000000000000000e+00,4.323911368846893311e-01
1.000000000000000000e+00,4.171824157238006592e-01
1.000000000000000000e+00,4.158518314361572266e-01
1.000000000000000000e+00,4.129837155342102051e-01
1.000000000000000000e+00,3.826791048049926758e-01
1.000000000000000000e+00,4.380586743354797363e-01
1.000000000000000000e+00,4.131092727184295654e-01
1.000000000000000000e+00,4.432013630867004395e-01
1.000000000000000000e+00,4.786278605461120605e-01
1.000000000000000000e+00,3.606323003768920898e-01
1.000000000000000000e+00,3.764585256576538086e-01
1.000000000000000000e+00,3.695145845413208008e-01
1.000000000000000000e+00,4.342385530471801758e-01
1.000000000000000000e+00,3.860069513320922852e-01
1.000000000000000000e+00,3.672780990600585938e-01
1.000000000000000000e+00,3.260235190391540527e-01
1.000000000000000000e+00,3.863946497440338135e-01
1.000000000000000000e+00,4.380843043327331543e-01
1.000000000000000000e+00,3.514760732650756836e-01
1.000000000000000000e+00,3.449541032314300537e-01
1.000000000000000000e+00,4.405042529106140137e-01
1.000000000000000000e+00,3.761872947216033936e-01
1.000000000000000000e+00,4.524639844894409180e-01
1.000000000000000000e+00,4.073781073093414307e-01
1.000000000000000000e+00,3.379324674606323242e-01
1.000000000000000000e+00,4.340390563011169434e-01
1.000000000000000000e+00,4.400193691253662109e-01
1.000000000000000000e+00,3.253238797187805176e-01
1.000000000000000000e+00,3.936952054500579834e-01
1.000000000000000000e+00,3.923269510269165039e-01
1.000000000000000000e+00,3.847386240959167480e-01
1.000000000000000000e+00,3.894909322261810303e-01
1.000000000000000000e+00,3.988548815250396729e-01
1.000000000000000000e+00,3.832153677940368652e-01
1.000000000000000000e+00,3.925968408584594727e-01
1.000000000000000000e+00,3.943048119544982910e-01
1.000000000000000000e+00,4.279814958572387695e-01
1.000000000000000000e+00,4.615669250488281250e-01
1.000000000000000000e+00,3.833528757095336914e-01
1.000000000000000000e+00,4.268322587013244629e-01
1.000000000000000000e+00,3.888585865497589111e-01
1.000000000000000000e+00,4.593442678451538086e-01
1.000000000000000000e+00,4.448955655097961426e-01
1.000000000000000000e+00,4.264557957649230957e-01
1.000000000000000000e+00,4.320343136787414551e-01
1.000000000000000000e+00,3.519768416881561279e-01
1.000000000000000000e+00,3.833121955394744873e-01
1.000000000000000000e+00,3.355354368686676025e-01
1.000000000000000000e+00,4.467593431472778320e-01
1.000000000000000000e+00,4.593046307563781738e-01
1.000000000000000000e+00,4.297841787338256836e-01
1.000000000000000000e+00,3.577894866466522217e-01
1.000000000000000000e+00,3.396181464195251465e-01
1.000000000000000000e+00,4.140101671218872070e-01
1.000000000000000000e+00,4.071592688560485840e-01
1.000000000000000000e+00,4.341293573379516602e-01
1.000000000000000000e+00,3.850088715553283691e-01
1.000000000000000000e+00,4.280363917350769043e-01
1.000000000000000000e+00,4.478964209556579590e-01
1.000000000000000000e+00,4.314116835594177246e-01
1.000000000000000000e+00,3.690277040004730225e-01
1.000000000000000000e+00,3.853223025798797607e-01
1.000000000000000000e+00,4.279850721359252930e-01
1.000000000000000000e+00,4.125169515609741211e-01
1.000000000000000000e+00,4.430534243583679199e-01
1.000000000000000000e+00,4.622611105442047119e-01
1.000000000000000000e+00,3.976226449012756348e-01
1.000000000000000000e+00,4.461763501167297363e-01
1.000000000000000000e+00,4.579380154609680176e-01
1.000000000000000000e+00,3.781108260154724121e-01
1.000000000000000000e+00,5.850906968116760254e-01
1.000000000000000000e+00,4.505488872528076172e-01
1.000000000000000000e+00,4.074475765228271484e-01
1.000000000000000000e+00,4.725336730480194092e-01
1.000000000000000000e+00,4.308177530765533447e-01
1.000000000000000000e+00,3.803172707557678223e-01
1.000000000000000000e+00,4.616349935531616211e-01
1.000000000000000000e+00,3.825809359550476074e-01
1.000000000000000000e+00,4.330604076385498047e-01
1.000000000000000000e+00,4.529401361942291260e-01
1.000000000000000000e+00,5.175610780715942383e-01
1.000000000000000000e+00,5.795922875404357910e-01
1.000000000000000000e+00,4.350065588951110840e-01
1.000000000000000000e+00,4.218884110450744629e-01
1.000000000000000000e+00,4.268940687179565430e-01
1.000000000000000000e+00,4.230506420135498047e-01
1.000000000000000000e+00,4.361951351165771484e-01
1.000000000000000000e+00,4.513239562511444092e-01
1.000000000000000000e+00,4.180566072463989258e-01
1.000000000000000000e+00,4.723419249057769775e-01
1.000000000000000000e+00,4.731978774070739746e-01
1.000000000000000000e+00,4.378783702850341797e-01
1.000000000000000000e+00,4.038486182689666748e-01
1.000000000000000000e+00,4.348152875900268555e-01
1.000000000000000000e+00,3.901940286159515381e-01
1.000000000000000000e+00,3.993512392044067383e-01
1.000000000000000000e+00,4.029982984066009521e-01
1.000000000000000000e+00,3.493448197841644287e-01
1.000000000000000000e+00,5.496563315391540527e-01
1.000000000000000000e+00,4.326674342155456543e-01
1.000000000000000000e+00,3.338200747966766357e-01
1.000000000000000000e+00,4.610431194305419922e-01
1.000000000000000000e+00,4.758751988410949707e-01
1.000000000000000000e+00,4.093105196952819824e-01
1.000000000000000000e+00,4.054980576038360596e-01
1.000000000000000000e+00,4.514955282211303711e-01
1.000000000000000000e+00,4.269809126853942871e-01
1.000000000000000000e+00,4.709389507770538330e-01
1.000000000000000000e+00,4.470481276512145996e-01
1.000000000000000000e+00,4.654513001441955566e-01
1.000000000000000000e+00,4.229254424571990967e-01
1.000000000000000000e+00,4.519164264202117920e-01
1.000000000000000000e+00,3.931599855422973633e-01
1.000000000000000000e+00,4.170371890068054199e-01
1.000000000000000000e+00,3.955814540386199951e-01
1.000000000000000000e+00,4.815027117729187012e-01
1.000000000000000000e+00,3.719760477542877197e-01
1.000000000000000000e+00,4.392575621604919434e-01
1.000000000000000000e+00,4.130593538284301758e-01
1.000000000000000000e+00,5.151718258857727051e-01
1.000000000000000000e+00,3.796274065971374512e-01
1.000000000000000000e+00,4.286129772663116455e-01
1.000000000000000000e+00,3.785331547260284424e-01
1.000000000000000000e+00,4.106117784976959229e-01
1.000000000000000000e+00,3.582013249397277832e-01
1.000000000000000000e+00,3.967815637588500977e-01
1.000000000000000000e+00,3.833297491073608398e-01
1.000000000000000000e+00,5.151708722114562988e-01
1.000000000000000000e+00,3.977271914482116699e-01
1.000000000000000000e+00,4.365678131580352783e-01
1.000000000000000000e+00,3.622987568378448486e-01
1.000000000000000000e+00,4.007841944694519043e-01
1.000000000000000000e+00,4.069547057151794434e-01
1.000000000000000000e+00,4.393200278282165527e-01
1.000000000000000000e+00,3.943200111389160156e-01
1.000000000000000000e+00,3.595577776432037354e-01
1.000000000000000000e+00,4.430565237998962402e-01
1.000000000000000000e+00,4.053643941879272461e-01
1.000000000000000000e+00,3.759039044380187988e-01
1.000000000000000000e+00,3.863812685012817383e-01
1.000000000000000000e+00,4.006093144416809082e-01
1.000000000000000000e+00,3.832511305809020996e-01
1.000000000000000000e+00,4.093897342681884766e-01
1.000000000000000000e+00,3.948636949062347412e-01
1.000000000000000000e+00,3.964443206787109375e-01
1.000000000000000000e+00,4.769175052642822266e-01
1.000000000000000000e+00,4.480812251567840576e-01
1.000000000000000000e+00,4.145441055297851562e-01
1.000000000000000000e+00,3.858228325843811035e-01
1.000000000000000000e+00,4.218661785125732422e-01
1.000000000000000000e+00,3.605629503726959229e-01
1.000000000000000000e+00,3.446772694587707520e-01
1.000000000000000000e+00,4.281012117862701416e-01
1.000000000000000000e+00,4.332062900066375732e-01
1.000000000000000000e+00,4.328188002109527588e-01
1.000000000000000000e+00,4.416742324829101562e-01
1.000000000000000000e+00,3.196807503700256348e-01
1.000000000000000000e+00,4.138340950012207031e-01
1.000000000000000000e+00,4.313468933105468750e-01
1.000000000000000000e+00,3.697754442691802979e-01
1.000000000000000000e+00,3.865221440792083740e-01
1.000000000000000000e+00,4.699790477752685547e-01
1.000000000000000000e+00,3.925249576568603516e-01
1.000000000000000000e+00,4.173468947410583496e-01
1.000000000000000000e+00,3.726985454559326172e-01
1.000000000000000000e+00,4.119879603385925293e-01
1.000000000000000000e+00,4.012153148651123047e-01
1.000000000000000000e+00,4.387351870536804199e-01
1.000000000000000000e+00,4.806718826293945312e-01
1.000000000000000000e+00,3.799930810928344727e-01
1.000000000000000000e+00,4.117049872875213623e-01
1.000000000000000000e+00,4.206169247627258301e-01
1.000000000000000000e+00,4.397233128547668457e-01
1.000000000000000000e+00,4.814345836639404297e-01
1.000000000000000000e+00,4.584885537624359131e-01
1.000000000000000000e+00,3.517354726791381836e-01
1.000000000000000000e+00,4.017139375209808350e-01
1.000000000000000000e+00,3.951392769813537598e-01
1.000000000000000000e+00,3.927364647388458252e-01
1.000000000000000000e+00,4.213667213916778564e-01
1.000000000000000000e+00,3.999420702457427979e-01
