label,score
0.000000000000000000e+00,-1.020883926204552594e+00
0.000000000000000000e+00,-1.199441943961752077e+00
0.000000000000000000e+00,-1.305713922282786266e+00
0.000000000000000000e+00,-1.131139923068342101e+00
0.000000000000000000e+00,-1.946472313181518698e+00
0.000000000000000000e+00,-6.984512842535093302e-01
0.000000000000000000e+00,-8.360448808600258186e-01
0.000000000000000000e+00,-1.762574722334034227e+00
0.000000000000000000e+00,-1.393027377067468153e+00
0.000000000000000000e+00,-2.040865698185249322e+00
0.000000000000000000e+00,-1.422258817695791988e+00
0.000000000000000000e+00,-1.712894085442736136e+00
0.000000000000000000e+00,-6.254144425082767134e-01
0.000000000000000000e+00,-1.566495506136524440e+00
0.000000000000000000e+00,-1.351312153607717947e+00
0.000000000000000000e+00,-7.652433922912355024e-01
0.000000000000000000e+00,-1.166985595337289405e+00
0.000000000000000000e+00,-1.553563078477431691e+00
0.000000000000000000e+00,-1.408979630437928066e+00
0.000000000000000000e+00,-1.613213600427979566e+00
0.000000000000000000e+00,-1.170464560492174844e+00
0.000000000000000000e+00,-1.251777718663566130e+00
0.000000000000000000e+00,-1.494392685202105664e+00
0.000000000000000000e+00,-1.463162457529666449e+00
0.000000000000000000e+00,-1.627644134499922624e+00
0.000000000000000000e+00,-1.034522554055341992e+00
0.000000000000000000e+00,-1.635410587505946145e+00
0.000000000000000000e+00,-1.150896911960755276e+00
0.000000000000000000e+00,-1.694629081103926405e+00
0.000000000000000000e+00,-1.347485554302739974e+00
0.000000000000000000e+00,-1.054120811882996112e+00
0.000000000000000000e+00,-6.888093559396296639e-01
0.000000000000000000e+00,-8.977947632566024572e-01
0.000000000000000000e+00,-1.555562302797207641e+00
0.000000000000000000e+00,-1.228728044047637580e+00
0.000000000000000000e+00,-1.245298605202035391e+00
0.000000000000000000e+00,-1.074263040632303934e+00
0.000000000000000000e+00,-5.983409572644877716e-01
0.000000000000000000e+00,-5.712797157391926728e-01
0.000000000000000000e+00,-1.501412708655666783e+00
0.000000000000000000e+00,-1.205743523505122594e+00
0.000000000000000000e+00,-1.839274185011559704e+00
0.000000000000000000e+00,-3.799125820591597869e-01
0.000000000000000000e+00,-1.419233744676498654e+00
0.000000000000000000e+00,-1.576569025527311041e+00
0.000000000000000000e+00,-1.781142374980566045e-01
0.000000000000000000e+00,-7.972922000001184673e-01
0.000000000000000000e+00,-1.224283574234382721e+00
0.000000000000000000e+00,-1.297207161583547430e+00
0.000000000000000000e+00,-1.003166828268341249e+00
0.000000000000000000e+00,-1.151826122739303848e+00
0.000000000000000000e+00,-9.012221298835498828e-01
0.000000000000000000e+00,-1.661264948208279302e+00
0.000000000000000000e+00,-1.083320768663764477e+00
0.000000000000000000e+00,-9.396796496726241843e-01
0.000000000000000000e+00,-1.484712713905762982e+00
0.000000000000000000e+00,-9.854134364523087219e-01
0.000000000000000000e+00,-1.701892229824721881e+00
0.000000000000000000e+00,-6.960025405547461963e-01
0.000000000000000000e+00,-1.470699778089591403e+00
0.000000000000000000e+00,-1.183748557782304145e+00
0.000000000000000000e+00,-1.172868702073567748e+00
0.000000000000000000e+00,-2.050419296815709558e+00
0.000000000000000000e+00,-1.066502272209866931e+00
0.000000000000000000e+00,-1.333086066802692038e+00
0.000000000000000000e+00,-1.578408644231006797e+00
0.000000000000000000e+00,-1.217527665279759530e+00
0.000000000000000000e+00,-1.016533907933964143e+00
0.000000000000000000e+00,-1.589599840210014658e+00
0.000000000000000000e+00,-6.096698950765510050e-01
0.000000000000000000e+00,-2.411125419053419816e-01
0.000000000000000000e+00,-1.372212181076660764e+00
0.000000000000000000e+00,-1.451878996386294585e+00
0.000000000000000000e+00,-1.380946762395016680e+00
0.000000000000000000e+00,-8.373951880996294284e-01
0.000000000000000000e+00,-1.525251665838786019e+00
0.000000000000000000e+00,-1.631729163720252007e+00
0.000000000000000000e+00,-1.570806169597668278e+00
0.000000000000000000e+00,-5.029064189131223772e-01
0.000000000000000000e+00,-1.249378824390099396e+00
0.000000000000000000e+00,-1.059759481525058611e+00
0.000000000000000000e+00,-1.319639402966859221e+00
0.000000000000000000e+00,-9.573538945941072464e-01
0.000000000000000000e+00,-1.122483176817554051e+00
0.000000000000000000e+00,-1.614078531684435491e+00
0.000000000000000000e+00,-7.894448509969037575e-01
0.000000000000000000e+00,-9.765708480458110685e-01
0.000000000000000000e+00,-1.210871455175728917e+00
0.000000000000000000e+00,-1.446186541837991335e+00
0.000000000000000000e+00,-8.697846335480367008e-01
0.000000000000000000e+00,-1.156144219886676261e+00
0.000000000000000000e+00,-7.511552450614588095e-01
0.000000000000000000e+00,-9.771463028150203511e-01
0.000000000000000000e+00,-8.081160844243118202e-01
0.000000000000000000e+00,-1.644049405454653723e+00
0.000000000000000000e+00,-2.223505246957494297e+00
0.000000000000000000e+00,-1.373963470096936978e+00
0.000000000000000000e+00,-5.684820260633558497e-01
0.000000000000000000e+00,-1.973968206713344387e+00
0.000000000000000000e+00,-1.408313222331336156e+00
0.000000000000000000e+00,-1.533656541309129873e+00
0.000000000000000000e+00,-9.566074650416449554e-01
0.000000000000000000e+00,-8.218863322489097234e-01
0.000000000000000000e+00,-1.357321633009878736e+00
0.000000000000000000e+00,-1.375753676650997015e+00
0.000000000000000000e+00,-1.425809933334658997e+00
0.000000000000000000e+00,-6.283371930230146063e-01
0.000000000000000000e+00,-1.332538597675754444e+00
0.000000000000000000e+00,-1.129693415183429916e+00
0.000000000000000000e+00,-1.342581945045967062e+00
0.000000000000000000e+00,-1.199692502915214787e+00
0.000000000000000000e+00,4.544434856637825648e-01
0.000000000000000000e+00,-1.459667750451003165e+00
0.000000000000000000e+00,-1.565753449340667069e+00
0.000000000000000000e+00,-1.363822172978773839e+00
0.000000000000000000e+00,-1.206068856596529626e+00
0.000000000000000000e+00,-6.299712921662785625e-01
0.000000000000000000e+00,-1.389202089589471667e+00
0.000000000000000000e+00,-8.404670496145956182e-01
0.000000000000000000e+00,-1.606785648218726603e+00
0.000000000000000000e+00,-9.183777658716877346e-01
0.000000000000000000e+00,-8.864002340954652004e-01
0.000000000000000000e+00,-1.009041626767070099e+00
0.000000000000000000e+00,-1.135756679491831678e+00
0.000000000000000000e+00,-1.417512627676796422e+00
0.000000000000000000e+00,-1.542266061788584608e+00
0.000000000000000000e+00,-6.000765043609861404e-01
0.000000000000000000e+00,-7.519497749365753325e-01
0.000000000000000000e+00,-1.123424631314596356e+00
0.000000000000000000e+00,-7.327695526403530391e-01
0.000000000000000000e+00,-5.872380909688996731e-01
0.000000000000000000e+00,-9.984114554604753833e-01
0.000000000000000000e+00,-1.739919907639531305e+00
0.000000000000000000e+00,-1.093185707564495734e+00
0.000000000000000000e+00,-1.226968884065472665e+00
0.000000000000000000e+00,-1.346900479468999823e+00
0.000000000000000000e+00,-1.322974941705103102e+00
0.000000000000000000e+00,-7.879707947453804540e-01
0.000000000000000000e+00,-4.421753888054952841e-01
0.000000000000000000e+00,-1.481320329331655250e+00
0.000000000000000000e+00,-7.367627539719787677e-01
0.000000000000000000e+00,-1.725593445174785634e+00
0.000000000000000000e+00,-1.775972411295891895e+00
0.000000000000000000e+00,-7.643434789819401054e-01
0.000000000000000000e+00,-1.341558282724751860e+00
0.000000000000000000e+00,-1.285952997909428630e+00
0.000000000000000000e+00,-4.362065760397602632e-01
0.000000000000000000e+00,-4.620014672522664290e-01
0.000000000000000000e+00,-1.147152083204289852e+00
0.000000000000000000e+00,-1.054827502901014014e-01
0.000000000000000000e+00,-9.056819043449221285e-01
0.000000000000000000e+00,-1.598131088346240958e+00
0.000000000000000000e+00,-1.328827876420807241e+00
0.000000000000000000e+00,-1.067943095511192819e+00
0.000000000000000000e+00,-9.805378128378072766e-01
0.000000000000000000e+00,-8.560025792806054135e-01
0.000000000000000000e+00,-8.596214726468488498e-01
0.000000000000000000e+00,-1.219930495034170725e+00
0.000000000000000000e+00,-9.151825926204624206e-01
0.000000000000000000e+00,-1.816570395443081409e+00
0.000000000000000000e+00,-1.347686263830906617e+00
0.000000000000000000e+00,-8.887440316357099190e-01
0.000000000000000000e+00,-3.527402725160993513e-01
0.000000000000000000e+00,-1.114031512851537453e+00
0.000000000000000000e+00,-1.236266676434544021e+00
0.000000000000000000e+00,-1.103514595941010645e+00
0.000000000000000000e+00,-1.047236781159848418e+00
0.000000000000000000e+00,-1.268248143691711016e+00
0.000000000000000000e+00,-1.302245451743752502e+00
0.000000000000000000e+00,-1.467744231900316443e+00
0.000000000000000000e+00,-1.164461202949260921e+00
0.000000000000000000e+00,-1.095201985635030795e+00
0.000000000000000000e+00,-1.056559060965907459e+00
0.000000000000000000e+00,-1.785316554884975426e+00
0.000000000000000000e+00,-1.506802568446908630e+00
0.000000000000000000e+00,-1.727119974505568090e+00
0.000000000000000000e+00,-1.058963639822960712e+00
0.000000000000000000e+00,-1.482813625712240180e+00
0.000000000000000000e+00,-1.307703089262370666e+00
0.000000000000000000e+00,-6.480307769446562727e-01
0.000000000000000000e+00,-1.613765879587182761e+00
0.000000000000000000e+00,-9.175666195214724485e-01
0.000000000000000000e+00,-6.232477416105318690e-01
0.000000000000000000e+00,-8.369697188819693601e-01
0.000000000000000000e+00,-1.161829240748751157e+00
0.000000000000000000e+00,-1.522738642617930349e+00
0.000000000000000000e+00,-2.579240419486715785e-01
0.000000000000000000e+00,-1.593625399940516996e+00
0.000000000000000000e+00,-1.244791802711523454e+00
0.000000000000000000e+00,-7.385853189249153017e-01
0.000000000000000000e+00,-5.869201915637209943e-01
0.000000000000000000e+00,-7.273403380396668005e-01
0.000000000000000000e+00,-1.022678942790878009e+00
0.000000000000000000e+00,-8.552767016841863468e-01
0.000000000000000000e+00,-1.048162493733112877e+00
0.000000000000000000e+00,-9.595345883129878795e-01
0.000000000000000000e+00,-1.286574366622989629e+00
0.000000000000000000e+00,-1.308170536943438211e+00
0.000000000000000000e+00,-8.344383300833729811e-01
0.000000000000000000e+00,-5.554262866680041988e-01
0.000000000000000000e+00,-5.151400800667463864e-01
0.000000000000000000e+00,-1.145574392621229620e+00
0.000000000000000000e+00,-1.588837668733774633e+00
0.000000000000000000e+00,-8.202832796775408886e-01
0.000000000000000000e+00,-1.172536809847253281e+00
0.000000000000000000e+00,-1.849032428651130600e+00
0.000000000000000000e+00,-1.384963139336648608e+00
0.000000000000000000e+00,-1.358816241217445375e+00
0.000000000000000000e+00,-1.363671750151564055e+00
0.000000000000000000e+00,-1.423638859680309121e+00
0.000000000000000000e+00,-1.641865650806149768e+00
0.000000000000000000e+00,-8.427347611899144164e-01
0.000000000000000000e+00,2.998892780137082381e-01
0.000000000000000000e+00,-1.465829401783015795e+00
0.000000000000000000e+00,-1.173534672904499088e+00
0.000000000000000000e+00,-1.663959440828239655e+00
0.000000000000000000e+00,-5.491732447229484837e-01
0.000000000000000000e+00,-7.092554912729804872e-01
0.000000000000000000e+00,-1.602364354015477721e+00
0.000000000000000000e+00,-8.979950355091085301e-01
0.000000000000000000e+00,-7.866344803269125219e-01
0.000000000000000000e+00,-1.667396864795378297e+00
0.000000000000000000e+00,-1.993938148852417713e+00
0.000000000000000000e+00,-1.134935475801424953e+00
0.000000000000000000e+00,-1.500007304682841047e+00
0.000000000000000000e+00,-1.502071683076030340e+00
0.000000000000000000e+00,-1.996232096967366143e+00
0.000000000000000000e+00,-1.126472442668235541e+00
0.000000000000000000e+00,-1.688995275044789801e-01
0.000000000000000000e+00,-1.633716581597194573e+00
0.000000000000000000e+00,-2.967974108908751352e-01
0.000000000000000000e+00,-1.580072040843523595e+00
0.000000000000000000e+00,-1.036982666921278051e+00
0.000000000000000000e+00,-7.967399208409152722e-01
0.000000000000000000e+00,-1.983796414458594226e+00
0.000000000000000000e+00,-1.098017603612947868e+00
0.000000000000000000e+00,-1.317625748550287135e+00
0.000000000000000000e+00,-1.051550942826276369e+00
0.000000000000000000e+00,-1.950306836999046167e-01
0.000000000000000000e+00,-7.881732533761888204e-01
0.000000000000000000e+00,-6.319381580871779036e-01
0.000000000000000000e+00,-8.230809693533777116e-01
0.000000000000000000e+00,-1.041138097522946726e+00
0.000000000000000000e+00,-2.776473606152267681e-01
0.000000000000000000e+00,-1.483391704135412548e+00
0.000000000000000000e+00,-1.023007774087569155e+00
0.000000000000000000e+00,-1.118302437778237318e-01
0.000000000000000000e+00,-1.047858587149069987e+00
0.000000000000000000e+00,-2.042014858621026274e+00
0.000000000000000000e+00,-1.464256521232220942e+00
0.000000000000000000e+00,-1.437239881824296184e+00
0.000000000000000000e+00,-1.365658730752846051e+00
0.000000000000000000e+00,-1.084445878938214092e+00
0.000000000000000000e+00,-9.185679807840023692e-01
0.000000000000000000e+00,-2.077116724991474150e+00
0.000000000000000000e+00,-1.687294656450470498e+00
0.000000000000000000e+00,-1.452801210754275152e+00
0.000000000000000000e+00,-3.329911545855750443e-01
0.000000000000000000e+00,-1.287373706530371642e+00
0.000000000000000000e+00,-1.485327523484416767e+00
0.000000000000000000e+00,-1.209653205185594160e+00
0.000000000000000000e+00,-8.202911506394297003e-01
0.000000000000000000e+00,-1.119984583693494740e+00
0.000000000000000000e+00,-1.663455261991690914e+00
0.000000000000000000e+00,-1.246134676264898822e+00
0.000000000000000000e+00,-1.452373117882651998e+00
0.000000000000000000e+00,-4.089424386079962281e-01
0.000000000000000000e+00,-7.168492203931089435e-01
0.000000000000000000e+00,-9.458749712304947987e-01
0.000000000000000000e+00,-1.600641925188794223e+00
0.000000000000000000e+00,-1.016743362975340625e+00
0.000000000000000000e+00,-1.188536726264707077e+00
0.000000000000000000e+00,-1.142769706534824792e+00
0.000000000000000000e+00,-1.314882281056351632e+00
0.000000000000000000e+00,-1.173758120767011359e+00
0.000000000000000000e+00,-3.618434772162511526e-01
0.000000000000000000e+00,-1.056726974819536924e+00
0.000000000000000000e+00,-5.481832526275913775e-01
0.000000000000000000e+00,-1.305641771798804918e+00
0.000000000000000000e+00,-1.061142147163538718e+00
0.000000000000000000e+00,-8.222999950237365185e-01
0.000000000000000000e+00,-1.486275974392027077e+00
0.000000000000000000e+00,-9.296607897393991404e-01
0.000000000000000000e+00,-1.640043085853213123e+00
0.000000000000000000e+00,-8.007772870142508825e-01
0.000000000000000000e+00,-1.652857449083972474e+00
0.000000000000000000e+00,-1.107336385213723018e+00
0.000000000000000000e+00,-7.599278693622776304e-01
0.000000000000000000e+00,-1.048559540032840909e+00
0.000000000000000000e+00,-1.419827565023448646e+00
0.000000000000000000e+00,-1.357531525326915567e+00
0.000000000000000000e+00,-8.710216863915725138e-01
0.000000000000000000e+00,-6.711915195783502153e-01
0.000000000000000000e+00,-1.223985789509586697e+00
0.000000000000000000e+00,-1.770000100324872871e+00
0.000000000000000000e+00,-7.827536588400335615e-01
0.000000000000000000e+00,-1.472707310646916623e+00
0.000000000000000000e+00,-8.182333313811477327e-01
0.000000000000000000e+00,-1.108292707083222028e+00
0.000000000000000000e+00,-1.192436350604987316e+00
0.000000000000000000e+00,-1.708116411576185101e+00
0.000000000000000000e+00,-1.165092629003013469e+00
0.000000000000000000e+00,-9.585135496457357629e-01
0.000000000000000000e+00,-1.549613167436194816e+00
0.000000000000000000e+00,-7.135469146050626987e-01
0.000000000000000000e+00,-3.394462178857787782e-01
0.000000000000000000e+00,-1.430561807937240859e+00
0.000000000000000000e+00,-3.780812715930134127e-01
0.000000000000000000e+00,-1.517050998101892700e+00
0.000000000000000000e+00,-1.329468922539090547e+00
0.000000000000000000e+00,-1.204170642954327741e+00
0.000000000000000000e+00,-1.325660251536193046e+00
0.000000000000000000e+00,2.214035442630672701e-01
0.000000000000000000e+00,-1.277096853957455647e+00
0.000000000000000000e+00,-1.564802812054754355e+00
0.000000000000000000e+00,-1.394208458626460700e+00
0.000000000000000000e+00,-1.626976414566349227e+00
0.000000000000000000e+00,-1.145397295978729746e+00
0.000000000000000000e+00,-8.335878289237133032e-01
0.000000000000000000e+00,-1.989674273886946620e+00
0.000000000000000000e+00,-1.202477511596897308e+00
0.000000000000000000e+00,-1.235445472744137518e+00
0.000000000000000000e+00,-9.825191088555028651e-01
0.000000000000000000e+00,-1.198385923241660489e+00
0.000000000000000000e+00,-1.355544982001294141e+00
0.000000000000000000e+00,-1.406835667874529072e+00
0.000000000000000000e+00,-6.127286383217024346e-01
0.000000000000000000e+00,-9.117053765682188171e-01
0.000000000000000000e+00,-7.615352946902513853e-01
0.000000000000000000e+00,-2.152030844697865319e-01
0.000000000000000000e+00,-1.717238856405398639e+00
0.000000000000000000e+00,-1.291143459999485321e+00
0.000000000000000000e+00,-6.927054820746259001e-01
0.000000000000000000e+00,-1.455925982624161064e+00
0.000000000000000000e+00,-1.079867165497187420e+00
0.000000000000000000e+00,-1.398722892545394725e+00
0.000000000000000000e+00,-1.154015124695733752e+00
0.000000000000000000e+00,-3.733320206443944689e-01
0.000000000000000000e+00,-1.702530652289042212e+00
0.000000000000000000e+00,-9.434214174994662860e-01
0.000000000000000000e+00,-6.778534142659672357e-01
0.000000000000000000e+00,-1.444781137865165599e+00
0.000000000000000000e+00,-1.652922603157386039e+00
0.000000000000000000e+00,-8.568364639651663284e-01
0.000000000000000000e+00,-4.314883716630363852e-01
0.000000000000000000e+00,-5.040656366890903239e-01
0.000000000000000000e+00,-1.090891759449547305e+00
0.000000000000000000e+00,-1.672167979527021897e+00
0.000000000000000000e+00,-7.185239861727987787e-01
0.000000000000000000e+00,-1.869723001078697155e+00
0.000000000000000000e+00,-1.199327815014363363e+00
0.000000000000000000e+00,7.791600183895829312e-01
0.000000000000000000e+00,-1.994906714440410678e+00
0.000000000000000000e+00,-1.110042247000856186e+00
0.000000000000000000e+00,-1.116606191940522796e+00
0.000000000000000000e+00,-1.462915834057148201e+00
0.000000000000000000e+00,-1.384150243883791376e+00
0.000000000000000000e+00,-8.738171896891069323e-01
0.000000000000000000e+00,-1.727204368708043392e+00
0.000000000000000000e+00,-1.090835350889343802e+00
0.000000000000000000e+00,-1.150617055538039502e+00
0.000000000000000000e+00,-1.646864148881249879e+00
0.000000000000000000e+00,-1.325687362627143706e+00
0.000000000000000000e+00,-1.278633877904089999e+00
0.000000000000000000e+00,-1.252777330823454216e+00
0.000000000000000000e+00,-9.561671284515280700e-01
0.000000000000000000e+00,-1.658263488074652514e+00
0.000000000000000000e+00,-1.372151399759852231e+00
0.000000000000000000e+00,-1.119007709867952505e+00
0.000000000000000000e+00,-1.007145162227510271e+00
0.000000000000000000e+00,-1.159343328618846147e+00
0.000000000000000000e+00,-1.216819715985420602e+00
0.000000000000000000e+00,-1.276782890033221429e+00
0.000000000000000000e+00,-2.897327853199436198e-01
0.000000000000000000e+00,-1.482067633435438569e+00
0.000000000000000000e+00,-8.251711470105361768e-01
0.000000000000000000e+00,-8.245187317250800563e-01
0.000000000000000000e+00,-1.163366264695385510e+00
0.000000000000000000e+00,-7.524898103772847957e-01
0.000000000000000000e+00,-1.679091365059614205e+00
0.000000000000000000e+00,-1.257558940170949491e+00
0.000000000000000000e+00,-1.544733171065088451e+00
0.000000000000000000e+00,-1.003958297213834339e+00
0.000000000000000000e+00,-4.662010626956450965e-01
0.000000000000000000e+00,-1.497175507505485781e+00
0.000000000000000000e+00,-2.033196757651515973e+00
0.000000000000000000e+00,-1.787963821733602465e+00
0.000000000000000000e+00,-1.229037197939606418e+00
0.000000000000000000e+00,-1.269931217708950122e+00
0.000000000000000000e+00,-1.352507665263506853e+00
0.000000000000000000e+00,-7.038415813204115246e-01
0.000000000000000000e+00,-1.377554377820908948e+00
0.000000000000000000e+00,-1.341099580556894377e+00
0.000000000000000000e+00,-1.244559172060140995e+00
0.000000000000000000e+00,-6.047221745287287287e-02
0.000000000000000000e+00,-1.647896119440014351e+00
0.000000000000000000e+00,-1.688124605654087063e+00
0.000000000000000000e+00,-1.663466631158863729e+00
0.000000000000000000e+00,-2.486450524330014455e-01
0.000000000000000000e+00,-1.333789206064765587e+00
0.000000000000000000e+00,-1.620479810078398586e+00
0.000000000000000000e+00,-5.319813148549895621e-01
0.000000000000000000e+00,-9.987966953173700313e-01
0.000000000000000000e+00,-6.979934566369726534e-01
0.000000000000000000e+00,-1.825125693740634825e+00
0.000000000000000000e+00,-1.392308112156616928e-01
0.000000000000000000e+00,-1.005223772975302188e+00
0.000000000000000000e+00,-2.133796396104629789e+00
0.000000000000000000e+00,-1.920862389573401385e+00
0.000000000000000000e+00,-2.839931050003071111e-01
0.000000000000000000e+00,-7.728393077896664742e-01
0.000000000000000000e+00,-1.441993942805180451e+00
0.000000000000000000e+00,-1.458430697607467241e+00
0.000000000000000000e+00,-1.510543461722429814e+00
0.000000000000000000e+00,-1.482336120690981307e+00
0.000000000000000000e+00,-7.897780550501997121e-01
0.000000000000000000e+00,-1.577573884995124853e+00
0.000000000000000000e+00,-1.164422722691137446e+00
0.000000000000000000e+00,-9.077104261339510316e-01
0.000000000000000000e+00,-8.115954868548578283e-01
0.000000000000000000e+00,-1.004330418800914115e+00
0.000000000000000000e+00,-1.430590230855173006e+00
0.000000000000000000e+00,-1.349932548898861162e+00
0.000000000000000000e+00,-1.682921462569875848e+00
0.000000000000000000e+00,-1.468165328361371591e+00
0.000000000000000000e+00,-1.221393619394181673e+00
0.000000000000000000e+00,-4.899949804857334779e-01
0.000000000000000000e+00,-1.719305421176890558e+00
0.000000000000000000e+00,-4.258453292643689103e-01
0.000000000000000000e+00,-1.004106096387080926e+00
0.000000000000000000e+00,-1.693433569448137499e+00
0.000000000000000000e+00,7.523362175479357816e-01
0.000000000000000000e+00,-7.143510645447100904e-01
0.000000000000000000e+00,-1.494628814058772015e+00
0.000000000000000000e+00,-1.208441514330367061e+00
0.000000000000000000e+00,-7.892773744189347518e-01
0.000000000000000000e+00,-1.517168187978904959e+00
0.000000000000000000e+00,-1.290300392526054107e+00
0.000000000000000000e+00,-1.105491081926440744e+00
0.000000000000000000e+00,-1.549448751787849243e+00
0.000000000000000000e+00,-1.534313329351191024e+00
0.000000000000000000e+00,-9.418909526877392580e-01
0.000000000000000000e+00,-1.490966193126479267e+00
0.000000000000000000e+00,-1.312929845232248427e+00
0.000000000000000000e+00,-1.044989184264912163e+00
0.000000000000000000e+00,-1.581487064880880311e+00
0.000000000000000000e+00,2.300476095197009907e-01
0.000000000000000000e+00,-1.569397704695218998e+00
0.000000000000000000e+00,-1.771701539919852575e+00
0.000000000000000000e+00,-8.682296812993220980e-01
0.000000000000000000e+00,-1.202948020207588176e+00
0.000000000000000000e+00,-9.834133375812119660e-01
0.000000000000000000e+00,-1.239380516412917688e+00
0.000000000000000000e+00,-1.266365671973286755e+00
0.000000000000000000e+00,-8.296628425951244612e-01
0.000000000000000000e+00,-1.649303272515482144e+00
0.000000000000000000e+00,9.572798859349680445e-01
0.000000000000000000e+00,-1.920440418561025098e+00
0.000000000000000000e+00,-1.433771411285262420e+00
0.000000000000000000e+00,-1.869960004486684646e+00
0.000000000000000000e+00,-3.588883683026367066e-01
0.000000000000000000e+00,-1.387940986584608849e+00
0.000000000000000000e+00,-8.903864390165231457e-01
0.000000000000000000e+00,-1.035818639113044393e+00
0.000000000000000000e+00,-1.762434794122676340e+00
0.000000000000000000e+00,-4.447605625103323024e-01
0.000000000000000000e+00,-8.100414091574642539e-01
0.000000000000000000e+00,-8.931089172787550767e-01
0.000000000000000000e+00,-9.524690881907353912e-01
0.000000000000000000e+00,-6.493539730933093335e-01
0.000000000000000000e+00,-1.663673462546277015e+00
0.000000000000000000e+00,-8.360138342881306972e-01
0.000000000000000000e+00,-6.199393675138993587e-02
0.000000000000000000e+00,-1.285294460764725422e+00
0.000000000000000000e+00,-1.089760090040190477e+00
0.000000000000000000e+00,-5.801682180900422647e-01
0.000000000000000000e+00,1.360184751411613324e-01
0.000000000000000000e+00,-8.250076059135116324e-01
0.000000000000000000e+00,-1.981028896803331385e+00
0.000000000000000000e+00,-1.427994125258823521e+00
0.000000000000000000e+00,-1.170630287967501904e+00
0.000000000000000000e+00,-1.102861743379893955e+00
0.000000000000000000e+00,-8.712276432276649940e-01
0.000000000000000000e+00,-6.430493326203153837e-01
0.000000000000000000e+00,-1.156307760983700694e+00
0.000000000000000000e+00,-1.670720159815128225e+00
0.000000000000000000e+00,-2.007036741262497870e+00
0.000000000000000000e+00,-7.478302009390669358e-01
0.000000000000000000e+00,-4.467169338153798019e-01
0.000000000000000000e+00,-1.476854433011036027e+00
0.000000000000000000e+00,-1.038873446877251361e+00
0.000000000000000000e+00,-1.266435636078965699e+00
0.000000000000000000e+00,-1.061128591618063499e+00
0.000000000000000000e+00,-7.504525430750459414e-01
0.000000000000000000e+00,-1.858664736900479397e+00
0.000000000000000000e+00,-1.302436103931727596e+00
0.000000000000000000e+00,-1.503449538682245068e+00
0.000000000000000000e+00,-1.072143565505892404e+00
0.000000000000000000e+00,-1.780356974343659138e+00
0.000000000000000000e+00,-1.609223897301637729e+00
0.000000000000000000e+00,-9.482721164013195869e-01
0.000000000000000000e+00,-1.614407362981126637e+00
0.000000000000000000e+00,-1.730240810894509540e+00
0.000000000000000000e+00,-6.865066623114713940e-01
0.000000000000000000e+00,-9.772792346158103438e-01
0.000000000000000000e+00,-1.310079682477152341e+00
0.000000000000000000e+00,-1.696157359537350917e+00
0.000000000000000000e+00,-2.103991687085398965e+00
0.000000000000000000e+00,-1.539297834605155346e+00
0.000000000000000000e+00,-1.349993330215669696e+00
0.000000000000000000e+00,-1.181887512571244248e+00
0.000000000000000000e+00,-1.191830286539543371e+00
0.000000000000000000e+00,-1.575150066009009864e+00
0.000000000000000000e+00,-3.945831804687136568e-01
0.000000000000000000e+00,-1.607836858906552591e+00
0.000000000000000000e+00,-8.768654383184064649e-01
0.000000000000000000e+00,-8.303476162794571902e-01
0.000000000000000000e+00,-9.627350088721391419e-01
0.000000000000000000e+00,-1.048750629496476572e+00
0.000000000000000000e+00,-1.717830927649706574e+00
0.000000000000000000e+00,-1.488562926096407502e+00
0.000000000000000000e+00,-8.149992405961384856e-01
0.000000000000000000e+00,-9.702224800067678068e-01
0.000000000000000000e+00,-8.445756917205916592e-01
0.000000000000000000e+00,-1.047817920512644108e+00
0.000000000000000000e+00,-8.656064646120221751e-01
0.000000000000000000e+00,-9.975329686585441280e-01
0.000000000000000000e+00,-9.267922614065623454e-01
0.000000000000000000e+00,-8.494381970652783442e-01
0.000000000000000000e+00,2.076267373035619312e-01
0.000000000000000000e+00,-9.027215481233816785e-01
0.000000000000000000e+00,-1.780423877519714759e+00
0.000000000000000000e+00,-1.373650817999684248e+00
0.000000000000000000e+00,-1.281210306095717177e+00
0.000000000000000000e+00,-1.229132524033594187e+00
0.000000000000000000e+00,2.160827740261834773e-01
0.000000000000000000e+00,1.030609550591125335e-02
0.000000000000000000e+00,-1.944324415137175244e+00
0.000000000000000000e+00,-1.221862378902230706e+00
0.000000000000000000e+00,-7.445125905029035263e-01
0.000000000000000000e+00,-1.005633500269184522e+00
0.000000000000000000e+00,-1.212042916670190706e+00
0.000000000000000000e+00,-9.127049887281067919e-01
0.000000000000000000e+00,-7.966835122807115477e-01
0.000000000000000000e+00,-2.868961781103228637e-01
0.000000000000000000e+00,-1.230614013971345733e+00
0.000000000000000000e+00,-8.084392311374164475e-01
0.000000000000000000e+00,-1.319020657907261196e+00
0.000000000000000000e+00,-1.311929795796699993e+00
0.000000000000000000e+00,-1.611254605468969148e+00
0.000000000000000000e+00,-4.328159405682943661e-01
0.000000000000000000e+00,-1.074222373995878055e+00
0.000000000000000000e+00,-1.003516211521075396e+00
0.000000000000000000e+00,-1.234537251197292518e+00
0.000000000000000000e+00,-7.685081459231399292e-02
0.000000000000000000e+00,-1.206935099679967260e+00
0.000000000000000000e+00,-1.489237205164888334e+00
0.000000000000000000e+00,-1.070151337596684460e+00
0.000000000000000000e+00,-9.435512883706327347e-01
0.000000000000000000e+00,-9.265858672948095176e-01
0.000000000000000000e+00,-1.604828402362358020e+00
0.000000000000000000e+00,-1.344791498958440190e+00
0.000000000000000000e+00,-3.487050927210662010e-01
0.000000000000000000e+00,-1.006329205845029495e+00
0.000000000000000000e+00,-1.613958280877799911e+00
0.000000000000000000e+00,1.466162880488795783e-01
0.000000000000000000e+00,-9.391068185573777649e-01
0.000000000000000000e+00,-1.945519052241643232e+00
0.000000000000000000e+00,-1.210446860509389655e+00
0.000000000000000000e+00,-1.898859552888694013e+00
0.000000000000000000e+00,-1.080747838677421191e+00
0.000000000000000000e+00,-5.413040319367090625e-01
0.000000000000000000e+00,-9.082312214455986465e-01
0.000000000000000000e+00,-1.208490926480002781e+00
0.000000000000000000e+00,-4.029902423173599146e-01
0.000000000000000000e+00,-1.146946126368197483e+00
0.000000000000000000e+00,-1.060567129669989894e+00
0.000000000000000000e+00,-1.475877559185493793e+00
0.000000000000000000e+00,-1.692690638100959211e+00
0.000000000000000000e+00,-1.206838461758998227e+00
0.000000000000000000e+00,4.748939937537383082e-01
0.000000000000000000e+00,-1.141953312876683668e+00
0.000000000000000000e+00,-7.340118527918148006e-01
0.000000000000000000e+00,-1.162972716600941370e+00
0.000000000000000000e+00,-1.536463851049497453e+00
0.000000000000000000e+00,-1.714303424896506334e+00
0.000000000000000000e+00,-1.319229675672976887e+00
0.000000000000000000e+00,-4.905634388443748661e-01
0.000000000000000000e+00,-8.226428191415633417e-01
0.000000000000000000e+00,4.471575986086413490e-01
0.000000000000000000e+00,-1.173754622561727246e+00
0.000000000000000000e+00,-8.947189662606918059e-01
0.000000000000000000e+00,-1.019609267654214335e+00
0.000000000000000000e+00,-1.046629405267422985e+00
0.000000000000000000e+00,-6.811692755994888104e-01
0.000000000000000000e+00,-1.210515950063747681e+00
0.000000000000000000e+00,-8.631358571302344407e-01
0.000000000000000000e+00,-1.325164380937193576e+00
0.000000000000000000e+00,-1.061372591436618773e+00
0.000000000000000000e+00,-1.272679495235151226e+00
0.000000000000000000e+00,-1.316032753319109627e+00
0.000000000000000000e+00,-1.091367515368164121e+00
0.000000000000000000e+00,-1.135756679491831678e+00
0.000000000000000000e+00,-1.211309605387543176e+00
0.000000000000000000e+00,-1.075445871293938760e+00
0.000000000000000000e+00,-1.498965714059545817e+00
0.000000000000000000e+00,-1.280159969959211885e+00
0.000000000000000000e+00,-9.035055833826464156e-01
0.000000000000000000e+00,-1.630372297345741073e+00
0.000000000000000000e+00,-1.116858499996627341e+00
0.000000000000000000e+00,-1.062269006540630389e+00
0.000000000000000000e+00,-1.116245439520615612e+00
0.000000000000000000e+00,-1.204018033748815553e+00
0.000000000000000000e+00,-8.152992116992370253e-01
0.000000000000000000e+00,1.361024374230421108e+00
0.000000000000000000e+00,-8.163254976744149793e-01
0.000000000000000000e+00,-8.397752795196949949e-01
0.000000000000000000e+00,-1.458203751539671078e+00
0.000000000000000000e+00,-1.433324515560238099e+00
0.000000000000000000e+00,-1.788903964403663283e+00
0.000000000000000000e+00,-1.405947561008066948e+00
0.000000000000000000e+00,-9.863435217821782119e-01
0.000000000000000000e+00,-1.513409803676964094e+00
0.000000000000000000e+00,-8.749602282656366858e-01
0.000000000000000000e+00,-1.082526676064308413e+00
0.000000000000000000e+00,-1.959068913133352297e+00
0.000000000000000000e+00,-1.485487566376157309e+00
0.000000000000000000e+00,-9.723082849073213518e-01
0.000000000000000000e+00,-1.276837986766443445e+00
0.000000000000000000e+00,-7.984365504036297079e-01
0.000000000000000000e+00,-1.684667067006565544e+00
0.000000000000000000e+00,-1.007443384227966643e+00
0.000000000000000000e+00,-9.531319980920434087e-01
0.000000000000000000e+00,-1.324426696897941236e+00
0.000000000000000000e+00,-1.288450716482167024e+00
0.000000000000000000e+00,-9.576464320109773221e-01
0.000000000000000000e+00,-9.668257226760549328e-01
0.000000000000000000e+00,-1.460157061915095200e+00
0.000000000000000000e+00,-1.156330499318046545e+00
0.000000000000000000e+00,-1.426555925611460607e+00
0.000000000000000000e+00,-2.079556776727687906e-01
0.000000000000000000e+00,-1.705123696955768153e+00
0.000000000000000000e+00,-1.057890565352109791e+00
0.000000000000000000e+00,-1.463892707882690436e+00
0.000000000000000000e+00,-1.385108752131593013e+00
0.000000000000000000e+00,-1.350262692022533795e+00
0.000000000000000000e+00,-8.128526543787764069e-01
0.000000000000000000e+00,-8.801550631122984081e-01
0.000000000000000000e+00,-1.521425941085129185e+00
0.000000000000000000e+00,-3.757680833490032457e-01
0.000000000000000000e+00,-1.180544201742208532e+00
0.000000000000000000e+00,-1.389160548401724871e+00
0.000000000000000000e+00,-9.785503949608647112e-01
0.000000000000000000e+00,-1.142696681499522526e+00
0.000000000000000000e+00,-9.729353382044688692e-01
0.000000000000000000e+00,-1.328600055801690161e+00
0.000000000000000000e+00,-1.214489911266311895e+00
0.000000000000000000e+00,-1.627076550692602153e+00
0.000000000000000000e+00,-1.160665650216178069e+00
0.000000000000000000e+00,-1.300067818954495413e+00
0.000000000000000000e+00,-1.586468946480881659e+00
0.000000000000000000e+00,-7.775728168145076280e-01
0.000000000000000000e+00,-1.207283608381380491e+00
0.000000000000000000e+00,-1.181676308427225930e+00
0.000000000000000000e+00,-1.459530445893608253e+00
0.000000000000000000e+00,-1.213924513837293828e+00
0.000000000000000000e+00,-7.613813736577577096e-01
0.000000000000000000e+00,-1.722630028023621751e+00
0.000000000000000000e+00,-6.247397261641354227e-01
0.000000000000000000e+00,-1.367520650515227087e+00
0.000000000000000000e+00,5.198074513943372610e-01
0.000000000000000000e+00,-1.511540012952694134e+00
0.000000000000000000e+00,-1.407543179893207208e+00
0.000000000000000000e+00,-1.774823688135775512e+00
0.000000000000000000e+00,-1.143350845887620704e+00
0.000000000000000000e+00,-8.829400717939809295e-01
0.000000000000000000e+00,-1.021430958055829841e+00
0.000000000000000000e+00,-2.568885731846232146e-01
0.000000000000000000e+00,-1.294774159808562031e+00
0.000000000000000000e+00,-1.245339709114121840e+00
0.000000000000000000e+00,-1.039573525209701366e+00
0.000000000000000000e+00,-1.948579598140097180e-01
0.000000000000000000e+00,-1.494762620410883036e+00
0.000000000000000000e+00,-5.001607650408842476e-01
0.000000000000000000e+00,-6.440126509003823996e-01
0.000000000000000000e+00,-1.327963819715672233e+00
0.000000000000000000e+00,-1.373953850032406221e+00
0.000000000000000000e+00,-1.187675293213535044e+00
0.000000000000000000e+00,-1.551785990193186526e+00
0.000000000000000000e+00,-6.471833367146201388e-01
0.000000000000000000e+00,-1.621460182109224935e+00
0.000000000000000000e+00,-8.668063490244161118e-01
0.000000000000000000e+00,-1.636372593959031452e+00
0.000000000000000000e+00,-1.626585490125868061e+00
0.000000000000000000e+00,-7.797338331286660651e-01
0.000000000000000000e+00,-1.534869543991338459e+00
0.000000000000000000e+00,-1.147640520117060969e+00
0.000000000000000000e+00,-1.238210366745437163e+00
0.000000000000000000e+00,-4.276106111057808024e-01
0.000000000000000000e+00,-1.361761730066528786e+00
0.000000000000000000e+00,-9.280332497310427309e-01
0.000000000000000000e+00,-1.271115360197566213e+00
0.000000000000000000e+00,-5.930844665496964874e-01
0.000000000000000000e+00,-1.593354726306671409e+00
0.000000000000000000e+00,-9.047020231404169499e-02
0.000000000000000000e+00,-7.766610970623788468e-01
0.000000000000000000e+00,-1.510347124950868203e+00
0.000000000000000000e+00,-3.878670635991953719e-01
0.000000000000000000e+00,-1.172384637917401440e+00
0.000000000000000000e+00,-1.497788567981497510e+00
0.000000000000000000e+00,-8.371559983133395333e-01
0.000000000000000000e+00,-1.626569748202090215e+00
0.000000000000000000e+00,-6.967918231219367708e-01
0.000000000000000000e+00,-1.277450172691134256e+00
0.000000000000000000e+00,-1.370751243094952443e+00
0.000000000000000000e+00,-1.420561313581756524e+00
0.000000000000000000e+00,-8.433259578829015446e-01
0.000000000000000000e+00,-1.137800505928977746e+00
0.000000000000000000e+00,-1.541437861687610100e+00
0.000000000000000000e+00,-1.496934131340893481e+00
0.000000000000000000e+00,-1.044675657616338516e+00
0.000000000000000000e+00,-1.566465334115950236e+00
0.000000000000000000e+00,-1.352202884128143046e+00
0.000000000000000000e+00,-1.211672106910092195e+00
0.000000000000000000e+00,-1.272842599056515311e+00
0.000000000000000000e+00,-5.802390567470421257e-01
0.000000000000000000e+00,2.636058928086071340e-01
0.000000000000000000e+00,-1.162399010934374033e+00
0.000000000000000000e+00,-7.884806581655157132e-01
0.000000000000000000e+00,-1.404651475950364325e+00
0.000000000000000000e+00,-1.442508178981920741e+00
0.000000000000000000e+00,-3.743346937339058766e-01
0.000000000000000000e+00,-7.549726615775663729e-01
0.000000000000000000e+00,-1.055315886263124669e+00
0.000000000000000000e+00,-4.842946549755413610e-01
0.000000000000000000e+00,-1.187643809365979353e+00
0.000000000000000000e+00,-1.251552521698412024e+00
0.000000000000000000e+00,-1.216512748471754390e+00
0.000000000000000000e+00,-1.174928270434491662e+00
0.000000000000000000e+00,-4.286473916968107090e-01
0.000000000000000000e+00,-1.212174973919659671e+00
0.000000000000000000e+00,1.447167625796962065e-01
0.000000000000000000e+00,-1.479657807270459369e+00
0.000000000000000000e+00,2.677384332943244689e-03
0.000000000000000000e+00,-9.056958971660579172e-01
0.000000000000000000e+00,-7.768294481916688810e-01
0.000000000000000000e+00,-4.358585046140074915e-01
0.000000000000000000e+00,-4.265069273386954407e-01
0.000000000000000000e+00,-1.858277747940942692e+00
0.000000000000000000e+00,-3.156457409607830167e-01
0.000000000000000000e+00,-6.860929995366445988e-01
0.000000000000000000e+00,-1.076854773472048388e+00
0.000000000000000000e+00,-1.423972938284926215e+00
0.000000000000000000e+00,-2.576231962942521214e-01
0.000000000000000000e+00,-1.670573235193202555e+00
0.000000000000000000e+00,-1.131154353165138460e+00
0.000000000000000000e+00,-2.454192698855415800e-01
0.000000000000000000e+00,-1.671547048089121246e+00
0.000000000000000000e+00,-9.564273074695216481e-01
0.000000000000000000e+00,-1.577358308094501504e+00
0.000000000000000000e+00,-1.030003310104142589e+00
0.000000000000000000e+00,-9.482812991901899968e-01
0.000000000000000000e+00,-9.792233622023640560e-01
0.000000000000000000e+00,-1.832405896212189633e+00
0.000000000000000000e+00,-9.613405367908256505e-01
0.000000000000000000e+00,-1.166519022207542777e+00
0.000000000000000000e+00,-1.084664516768460762e+00
0.000000000000000000e+00,-1.458494977129559889e+00
0.000000000000000000e+00,-1.340877881797024163e+00
0.000000000000000000e+00,-7.680349601078254596e-01
0.000000000000000000e+00,-9.685494633297200284e-01
0.000000000000000000e+00,-1.137221552954484460e+00
0.000000000000000000e+00,-8.934386231267671397e-01
0.000000000000000000e+00,-1.463884399645140943e+00
0.000000000000000000e+00,-1.150947198661712134e+00
0.000000000000000000e+00,-1.473844664639859969e+00
0.000000000000000000e+00,-9.881573412219049057e-01
0.000000000000000000e+00,-1.560407754391134993e+00
0.000000000000000000e+00,-8.691435874297533948e-01
0.000000000000000000e+00,-9.025448887565423739e-01
0.000000000000000000e+00,-1.826811391411836905e+00
0.000000000000000000e+00,-1.632237715313405779e+00
0.000000000000000000e+00,-1.675129210299883376e+00
0.000000000000000000e+00,-1.436317230180655047e+00
0.000000000000000000e+00,-5.859708661047897671e-01
0.000000000000000000e+00,-1.250012436822154349e+00
0.000000000000000000e+00,-1.741292078662159515e+00
0.000000000000000000e+00,-9.912353245961180725e-01
0.000000000000000000e+00,-1.549823934304552564e+00
0.000000000000000000e+00,-9.679648257716403359e-01
0.000000000000000000e+00,-9.416089098867210794e-01
0.000000000000000000e+00,-1.400220561682584686e+00
0.000000000000000000e+00,-1.288803160664524716e+00
0.000000000000000000e+00,-1.177597838341803982e+00
0.000000000000000000e+00,-1.259168551877225761e+00
0.000000000000000000e+00,-1.273535680978397311e+00
0.000000000000000000e+00,-1.702511412159980697e+00
0.000000000000000000e+00,-1.554654518526023432e+00
0.000000000000000000e+00,-9.864996291929744032e-01
0.000000000000000000e+00,-1.320086735967544112e+00
0.000000000000000000e+00,1.103731322045438945e-01
0.000000000000000000e+00,-1.007413649483053231e+00
0.000000000000000000e+00,-1.118624656389360261e+00
0.000000000000000000e+00,-2.357292412490076261e-01
0.000000000000000000e+00,-1.755714741772213650e+00
1.000000000000000000e+00,1.180077082264285648e+00
1.000000000000000000e+00,3.096204105623285296e-01
1.000000000000000000e+00,3.547017820565570023e-01
1.000000000000000000e+00,4.526725192387842656e-01
1.000000000000000000e+00,4.968950813358036789e-01
1.000000000000000000e+00,6.389152194534949425e-01
1.000000000000000000e+00,-1.126827510504556207e+00
1.000000000000000000e+00,1.425919143177266424e+00
1.000000000000000000e+00,9.836108771072391566e-01
1.000000000000000000e+00,1.095368041313502516e+00
1.000000000000000000e+00,-2.782617329182200394e-01
1.000000000000000000e+00,5.918471528520390448e-03
1.000000000000000000e+00,-5.443807034839406311e-01
1.000000000000000000e+00,2.248234772037862317e-01
1.000000000000000000e+00,1.329622734499068537e+00
1.000000000000000000e+00,4.476823294012334808e-01
1.000000000000000000e+00,4.716647130009944400e-01
1.000000000000000000e+00,-9.538325137001537612e-01
1.000000000000000000e+00,3.794441507542555270e-01
1.000000000000000000e+00,7.855451175841077216e-01
1.000000000000000000e+00,2.686835377782565981e-01
1.000000000000000000e+00,-1.602515267669008536e-01
1.000000000000000000e+00,-5.085997480127465442e-01
1.000000000000000000e+00,7.775114891495228386e-01
1.000000000000000000e+00,4.628474865828053897e-01
1.000000000000000000e+00,-8.078572172332996182e-01
1.000000000000000000e+00,9.284826600375141181e-01
1.000000000000000000e+00,6.105478355303060045e-01
1.000000000000000000e+00,-6.045480852651917703e-01
1.000000000000000000e+00,-2.066123668437330196e-01
1.000000000000000000e+00,6.758269697827250511e-01
1.000000000000000000e+00,6.457402179624760485e-01
1.000000000000000000e+00,-4.274426972521513379e-01
1.000000000000000000e+00,-2.516884910300355993e-01
1.000000000000000000e+00,6.289234706112205586e-01
1.000000000000000000e+00,9.870802221975938373e-01
1.000000000000000000e+00,1.379002525735947282e+00
1.000000000000000000e+00,3.503665776077647537e-02
1.000000000000000000e+00,9.685476051545621745e-01
1.000000000000000000e+00,1.286589562198591219e+00
1.000000000000000000e+00,2.001809001668783505e+00
1.000000000000000000e+00,8.070066070011241433e-01
1.000000000000000000e+00,-5.740848391012579599e-01
1.000000000000000000e+00,9.798100770662304670e-01
1.000000000000000000e+00,1.496134682360995560e+00
1.000000000000000000e+00,-3.710280151892547118e-01
1.000000000000000000e+00,-5.273133971792224317e-01
1.000000000000000000e+00,-2.489371525742110347e-01
1.000000000000000000e+00,1.239199812492618014e+00
1.000000000000000000e+00,1.232554534280099645e+00
1.000000000000000000e+00,7.249553275148199472e-01
1.000000000000000000e+00,1.240271575136487447e+00
1.000000000000000000e+00,9.843004608238372644e-01
1.000000000000000000e+00,-2.050591636976604459e-01
1.000000000000000000e+00,-3.387784979522053264e-01
1.000000000000000000e+00,-7.282962761841660360e-02
1.000000000000000000e+00,1.797352895643201220e+00
1.000000000000000000e+00,1.220511962590111299e+00
1.000000000000000000e+00,2.359324653586212794e-01
1.000000000000000000e+00,6.701900492433044976e-01
1.000000000000000000e+00,3.739349147076990731e-01
1.000000000000000000e+00,-3.295655370612696755e-01
1.000000000000000000e+00,1.267585561993547660e+00
1.000000000000000000e+00,7.706799315056342969e-01
1.000000000000000000e+00,4.965714973470385374e-01
1.000000000000000000e+00,1.340088490157317791e+00
1.000000000000000000e+00,-2.341878445457683811e-01
1.000000000000000000e+00,1.340969163337551562e+00
1.000000000000000000e+00,8.134555484420810112e-01
1.000000000000000000e+00,2.409279025040979849e-01
1.000000000000000000e+00,1.066053955585345436e+00
1.000000000000000000e+00,1.198135692491342441e+00
1.000000000000000000e+00,-8.721642876924418086e-01
1.000000000000000000e+00,3.971892343327385611e-01
1.000000000000000000e+00,6.925741367533015669e-02
1.000000000000000000e+00,3.328405691351889184e-02
1.000000000000000000e+00,-3.743609302735354527e-01
1.000000000000000000e+00,5.359652243252291948e-01
1.000000000000000000e+00,-4.238325493991177417e-01
1.000000000000000000e+00,2.908494782843280002e-01
1.000000000000000000e+00,7.516409492477512666e-01
1.000000000000000000e+00,7.781271732794975415e-01
1.000000000000000000e+00,1.436432508331849101e-01
1.000000000000000000e+00,1.770767410036522937e+00
1.000000000000000000e+00,8.690464031606079942e-01
1.000000000000000000e+00,7.948380999209135878e-01
1.000000000000000000e+00,3.466314224664906463e-01
1.000000000000000000e+00,4.563451975112683967e-01
1.000000000000000000e+00,1.095500973114292620e+00
1.000000000000000000e+00,-2.057233854259499228e-01
1.000000000000000000e+00,3.944720033784325230e-01
1.000000000000000000e+00,-1.133127778220945236e+00
1.000000000000000000e+00,3.937985988612726640e-01
1.000000000000000000e+00,-1.030899778758814778e-01
1.000000000000000000e+00,1.190483805708368426e+00
1.000000000000000000e+00,4.724286335798764669e-01
1.000000000000000000e+00,2.010608737060552542e+00
1.000000000000000000e+00,-5.994835585653570664e-01
1.000000000000000000e+00,1.197308366941689073e+00
1.000000000000000000e+00,-8.169857839217600226e-01
1.000000000000000000e+00,3.153924492808415359e-01
1.000000000000000000e+00,1.953084249371323855e+00
1.000000000000000000e+00,1.188254137115512421e+00
1.000000000000000000e+00,6.248821689569404869e-01
1.000000000000000000e+00,-8.049900542781049384e-02
1.000000000000000000e+00,1.163696736022202582e+00
1.000000000000000000e+00,1.670021721512804591e+00
1.000000000000000000e+00,9.639527125140974206e-01
1.000000000000000000e+00,1.638962905899278732e+00
1.000000000000000000e+00,3.273130210615523561e-01
1.000000000000000000e+00,-3.275461980611111268e-01
1.000000000000000000e+00,1.495101837250910171e+00
1.000000000000000000e+00,3.695341724604934153e-01
1.000000000000000000e+00,1.251215710367316492e+00
1.000000000000000000e+00,-3.890079157974226653e-01
1.000000000000000000e+00,-5.080465943022223207e-01
1.000000000000000000e+00,-1.144565213947471433e-01
1.000000000000000000e+00,1.919154228220337766e-01
1.000000000000000000e+00,9.321505282777328150e-01
1.000000000000000000e+00,3.995333173670378643e-03
1.000000000000000000e+00,4.758660575470151644e-01
1.000000000000000000e+00,1.079223386652425454e+00
1.000000000000000000e+00,-5.631110226761758958e-02
1.000000000000000000e+00,3.844872509467260335e-01
1.000000000000000000e+00,4.445750485577673050e-01
1.000000000000000000e+00,6.978709103795187607e-01
1.000000000000000000e+00,6.768480084499771676e-01
1.000000000000000000e+00,1.013105994958840572e+00
1.000000000000000000e+00,-5.256198285461314290e-01
1.000000000000000000e+00,7.828846789150052665e-02
1.000000000000000000e+00,1.007840321455178989e+00
1.000000000000000000e+00,-6.749538393612354303e-01
1.000000000000000000e+00,-1.373518377025215176e-01
1.000000000000000000e+00,2.059616843986011858e+00
1.000000000000000000e+00,2.681290722407509430e-01
1.000000000000000000e+00,-4.655810593597260738e-02
1.000000000000000000e+00,4.763877274099837522e-01
1.000000000000000000e+00,1.220378156238000278e+00
1.000000000000000000e+00,3.096641381283778971e-01
1.000000000000000000e+00,5.586558956238927287e-01
1.000000000000000000e+00,-3.443179060193358176e-01
1.000000000000000000e+00,-9.927207500148140795e-01
1.000000000000000000e+00,-6.510781510226348878e-01
1.000000000000000000e+00,7.405739395563235572e-01
1.000000000000000000e+00,9.507675395232396687e-01
1.000000000000000000e+00,1.389365084338320067e+00
1.000000000000000000e+00,1.243320261041447328e+00
1.000000000000000000e+00,-1.321981067679462163e-01
1.000000000000000000e+00,3.624590522737100584e-01
1.000000000000000000e+00,4.897067067529525253e-01
1.000000000000000000e+00,1.231502886316613088e+00
1.000000000000000000e+00,7.129013866576586755e-01
1.000000000000000000e+00,4.934926394215044532e-01
1.000000000000000000e+00,4.193875332376864606e-01
1.000000000000000000e+00,1.210239045498139543e+00
1.000000000000000000e+00,6.633755453501751775e-01
1.000000000000000000e+00,-2.899168783730113330e-01
1.000000000000000000e+00,1.594039828194148800e+00
1.000000000000000000e+00,7.571373525185475135e-03
1.000000000000000000e+00,6.791122218200119631e-01
1.000000000000000000e+00,-4.157110285567736652e-01
1.000000000000000000e+00,1.566845654868063820e+00
1.000000000000000000e+00,1.227720889129005455e+00
1.000000000000000000e+00,8.312123849127367459e-02
1.000000000000000000e+00,2.165820892798063849e-02
1.000000000000000000e+00,7.716887264543925706e-01
1.000000000000000000e+00,3.140478266248242778e-01
1.000000000000000000e+00,-4.970474158888317506e-02
1.000000000000000000e+00,8.656715096129199427e-01
1.000000000000000000e+00,9.424439973257476844e-01
1.000000000000000000e+00,9.627703191281232753e-01
1.000000000000000000e+00,2.189875141387751523e+00
1.000000000000000000e+00,8.355003635901956383e-01
1.000000000000000000e+00,7.003218404565842992e-01
1.000000000000000000e+00,9.723934445886017741e-01
1.000000000000000000e+00,-7.047008815439416429e-02
1.000000000000000000e+00,-1.357024339111403965e-01
1.000000000000000000e+00,-8.323818226520725005e-01
1.000000000000000000e+00,9.951059796702899085e-01
1.000000000000000000e+00,4.702907928757241729e-01
1.000000000000000000e+00,-2.823878660506358163e-01
1.000000000000000000e+00,4.522255699630994136e-02
1.000000000000000000e+00,1.268194249712954580e+00
1.000000000000000000e+00,7.364346881540929646e-01
1.000000000000000000e+00,-5.548394627316219907e-01
1.000000000000000000e+00,-5.548394627316219907e-01
1.000000000000000000e+00,1.167372421673649602e-01
1.000000000000000000e+00,-5.551866596060538450e-01
1.000000000000000000e+00,1.074144429855794503e+00
1.000000000000000000e+00,4.895672158172550970e-01
1.000000000000000000e+00,9.256753502971464265e-01
1.000000000000000000e+00,4.975335038001240107e-01
1.000000000000000000e+00,1.130021700131944806e+00
1.000000000000000000e+00,5.847879263706392550e-01
1.000000000000000000e+00,9.063508270329612149e-01
1.000000000000000000e+00,8.117702880465393900e-01
1.000000000000000000e+00,1.683567593372908844e-01
1.000000000000000000e+00,1.717090948159636143e+00
1.000000000000000000e+00,5.416396970207916495e-02
1.000000000000000000e+00,-1.578570052500389287e-01
1.000000000000000000e+00,6.220604291197764368e-01
1.000000000000000000e+00,1.191126163653633219e+00
1.000000000000000000e+00,7.928283809852859632e-01
1.000000000000000000e+00,-1.074906710404550214e+00
1.000000000000000000e+00,7.024916022839525764e-01
1.000000000000000000e+00,-5.804621208845543723e-02
1.000000000000000000e+00,-5.426517155223496980e-01
1.000000000000000000e+00,8.509742373880759825e-01
1.000000000000000000e+00,1.094666651154071246e+00
1.000000000000000000e+00,-1.153459400881907265e-01
1.000000000000000000e+00,-1.696345878897684012e-01
1.000000000000000000e+00,8.074500045208644616e-01
1.000000000000000000e+00,4.924912781589745325e-01
1.000000000000000000e+00,-1.705379994043478009e-01
1.000000000000000000e+00,2.615471989990041934e-01
1.000000000000000000e+00,-5.581645068540138643e-01
1.000000000000000000e+00,-3.145875338623889683e-01
1.000000000000000000e+00,4.539965899387582993e-01
1.000000000000000000e+00,7.260581367305843914e-01
1.000000000000000000e+00,5.394450640314357726e-01
1.000000000000000000e+00,1.432451604269377565e+00
1.000000000000000000e+00,-2.813568235938529449e-02
1.000000000000000000e+00,3.863211850668353819e-01
1.000000000000000000e+00,1.163638578359357023e+00
1.000000000000000000e+00,7.405739395563235572e-01
1.000000000000000000e+00,1.200059705397513499e+00
1.000000000000000000e+00,7.654286880987689612e-01
1.000000000000000000e+00,7.263069465814051551e-01
1.000000000000000000e+00,-5.334702384789696827e-01
1.000000000000000000e+00,1.706100461708794702e+00
1.000000000000000000e+00,1.194870992410098642e+00
1.000000000000000000e+00,-2.939905384261679577e-01
1.000000000000000000e+00,-2.782617329182200394e-01
1.000000000000000000e+00,1.130284502803901248e+00
1.000000000000000000e+00,2.042986322515465969e-01
1.000000000000000000e+00,-2.396782777389236119e-01
1.000000000000000000e+00,-3.657872663982412176e-01
1.000000000000000000e+00,3.927574455136378928e-01
1.000000000000000000e+00,1.238698694585692595e+00
1.000000000000000000e+00,-5.538757607265551441e-02
1.000000000000000000e+00,8.794194563788326757e-01
1.000000000000000000e+00,4.567330610221260190e-01
1.000000000000000000e+00,8.238596482322007031e-01
1.000000000000000000e+00,2.176700846737745498e-01
1.000000000000000000e+00,2.312216946681257823e-01
1.000000000000000000e+00,1.005267828744496272e+00
1.000000000000000000e+00,3.851422898861451838e-01
1.000000000000000000e+00,7.970883204698127056e-01
1.000000000000000000e+00,8.948640327074598444e-01
1.000000000000000000e+00,1.009157342193924556e-01
1.000000000000000000e+00,1.256777856768792612e+00
1.000000000000000000e+00,4.937224946373180816e-03
1.000000000000000000e+00,-2.910520459876522192e-01
1.000000000000000000e+00,9.714672947396767455e-01
1.000000000000000000e+00,1.337971147858548204e-01
1.000000000000000000e+00,-1.072442662057669915e+00
1.000000000000000000e+00,2.155308500425747731e+00
1.000000000000000000e+00,1.770897718183350067e+00
1.000000000000000000e+00,9.246805481695239415e-01
1.000000000000000000e+00,-1.711812319009335948e-01
1.000000000000000000e+00,3.595537927853918458e-01
1.000000000000000000e+00,6.853097297561850931e-01
1.000000000000000000e+00,7.780152307104112319e-01
1.000000000000000000e+00,1.910461188089728757e-01
1.000000000000000000e+00,7.289104858639828821e-01
1.000000000000000000e+00,9.888267011856045619e-01
1.000000000000000000e+00,9.027358691476622399e-01
1.000000000000000000e+00,5.115796725664932820e-01
1.000000000000000000e+00,5.215276938427183540e-01
1.000000000000000000e+00,1.301310010033441378e+00
1.000000000000000000e+00,1.227760190387789385e-01
1.000000000000000000e+00,7.739756781587731060e-01
1.000000000000000000e+00,9.811533878952661825e-01
1.000000000000000000e+00,3.737958610476622145e-01
1.000000000000000000e+00,-1.756598092157070912e-01
1.000000000000000000e+00,2.784059248136670495e-01
1.000000000000000000e+00,1.176601615314684102e+00
1.000000000000000000e+00,-1.214892642149626223e+00
1.000000000000000000e+00,2.187192017934963761e+00
1.000000000000000000e+00,1.915836234059174359e+00
1.000000000000000000e+00,4.485284578042882386e-01
1.000000000000000000e+00,-1.224751021915450044e+00
1.000000000000000000e+00,4.741191412833439811e-01
1.000000000000000000e+00,7.725405394410337356e-01
1.000000000000000000e+00,1.240551868834863569e+00
1.000000000000000000e+00,-6.995554052962551506e-01
1.000000000000000000e+00,8.603935923907645167e-01
1.000000000000000000e+00,1.324904530122344770e+00
1.000000000000000000e+00,5.309903391357957414e-01
1.000000000000000000e+00,1.140135011607836368e+00
1.000000000000000000e+00,1.986319823222785885e+00
1.000000000000000000e+00,5.069148158203495846e-01
1.000000000000000000e+00,-3.161971455686651833e-01
1.000000000000000000e+00,9.006351968746518777e-01
1.000000000000000000e+00,1.150492760177943552e+00
1.000000000000000000e+00,-1.060005382227861837e-02
1.000000000000000000e+00,3.895246665556100774e-01
1.000000000000000000e+00,7.231616227554760190e-01
1.000000000000000000e+00,1.498955984922499152e+00
1.000000000000000000e+00,1.209485619535109358e+00
1.000000000000000000e+00,-5.033598737730540229e-01
1.000000000000000000e+00,6.053201514584467119e-02
1.000000000000000000e+00,-1.171993713476920274e+00
1.000000000000000000e+00,2.455673972619330514e-01
1.000000000000000000e+00,1.906105922511214246e-01
1.000000000000000000e+00,3.449592803407638408e-01
1.000000000000000000e+00,5.267763135956207154e-01
1.000000000000000000e+00,5.310135147458018290e-01
1.000000000000000000e+00,2.007728786009882471e-01
1.000000000000000000e+00,-2.950933476419322909e-01
1.000000000000000000e+00,1.090669077065840487e+00
1.000000000000000000e+00,4.850947603617285497e-01
1.000000000000000000e+00,8.567283478045086831e-01
1.000000000000000000e+00,9.128789153684673252e-01
1.000000000000000000e+00,4.834794640718658720e-01
1.000000000000000000e+00,1.349812626295370244e+00
1.000000000000000000e+00,2.501517952865459637e-01
1.000000000000000000e+00,1.092936351365498826e+00
1.000000000000000000e+00,-1.015022245975638393e+00
1.000000000000000000e+00,-1.801458202167089684e-01
1.000000000000000000e+00,3.849455158389231135e-01
1.000000000000000000e+00,-3.120950625975765225e-01
1.000000000000000000e+00,1.381571957517006455e+00
1.000000000000000000e+00,-5.725924172719939476e-01
1.000000000000000000e+00,-1.841740036011742521e-01
1.000000000000000000e+00,4.517909715072295218e-01
1.000000000000000000e+00,8.628550170836818412e-01
1.000000000000000000e+00,2.169713181683060876e-01
1.000000000000000000e+00,-3.198134152809457009e-01
1.000000000000000000e+00,-9.472183356101911145e-02
1.000000000000000000e+00,4.120972734259403802e-01
1.000000000000000000e+00,1.127428218189558295e+00
1.000000000000000000e+00,-8.298666666035750539e-02
1.000000000000000000e+00,8.372380435143358945e-02
1.000000000000000000e+00,2.169713181683060876e-01
1.000000000000000000e+00,4.052482247556321027e-01
1.000000000000000000e+00,-2.207201914782318808e-01
1.000000000000000000e+00,1.879295730765702999e+00
1.000000000000000000e+00,-4.941241745477727432e-01
1.000000000000000000e+00,5.896141378355050922e-01
1.000000000000000000e+00,9.364716863547286607e-01
1.000000000000000000e+00,8.425566809235778276e-01
1.000000000000000000e+00,-7.134113591503098428e-01
1.000000000000000000e+00,-4.655810593597260738e-02
1.000000000000000000e+00,3.243609730775613431e-01
1.000000000000000000e+00,3.223114620568287569e-01
1.000000000000000000e+00,-9.218755338799745624e-01
1.000000000000000000e+00,-6.433449309668088922e-01
1.000000000000000000e+00,-4.609318909866995662e-01
1.000000000000000000e+00,4.419299680874426706e-01
1.000000000000000000e+00,-1.324086496434077276e+00
1.000000000000000000e+00,7.527966688184353217e-01
1.000000000000000000e+00,8.226182226320598589e-01
1.000000000000000000e+00,-1.581237969536004873e-02
1.000000000000000000e+00,-7.184056362504108624e-03
1.000000000000000000e+00,8.171059256558799166e-01
1.000000000000000000e+00,-5.145567543356481810e-01
1.000000000000000000e+00,1.224505601197397597e+00
1.000000000000000000e+00,-2.692376751126175360e-01
1.000000000000000000e+00,9.921635517508297086e-01
1.000000000000000000e+00,4.434223899167066829e-01
1.000000000000000000e+00,1.843374409807490455e+00
1.000000000000000000e+00,7.119769859113755928e-01
1.000000000000000000e+00,2.073504718963282478e+00
1.000000000000000000e+00,6.670014351269865083e-01
1.000000000000000000e+00,-4.711300874913874198e-02
1.000000000000000000e+00,6.632421762737247262e-01
1.000000000000000000e+00,1.548045425120810226e+00
1.000000000000000000e+00,3.503665776077647537e-02
1.000000000000000000e+00,4.224108571543379043e-01
1.000000000000000000e+00,3.712858452057694186e-02
1.000000000000000000e+00,-9.723082849073213518e-01
1.000000000000000000e+00,-7.275664095561419353e-01
1.000000000000000000e+00,9.536137667973912935e-01
1.000000000000000000e+00,1.507240020528940842e-02
1.000000000000000000e+00,3.893838637929312174e-01
1.000000000000000000e+00,-3.039149468167263168e-01
1.000000000000000000e+00,1.173729588776563304e+00
1.000000000000000000e+00,1.461020134996393383e+00
1.000000000000000000e+00,-6.709287169063936629e-01
1.000000000000000000e+00,1.467959262452763314e+00
1.000000000000000000e+00,-2.273008064436577574e-02
1.000000000000000000e+00,9.401981495334534866e-01
1.000000000000000000e+00,7.444337718114988345e-01
1.000000000000000000e+00,1.079223386652425454e+00
1.000000000000000000e+00,-4.907803275719796465e-01
1.000000000000000000e+00,1.663034056458119858e+00
1.000000000000000000e+00,5.821357959390861814e-02
1.000000000000000000e+00,1.903965948979420286e+00
1.000000000000000000e+00,-4.112040283240681049e-01
1.000000000000000000e+00,7.138091709288429954e-01
1.000000000000000000e+00,-3.373971441407066507e-01
1.000000000000000000e+00,1.933002801938824566e+00
1.000000000000000000e+00,5.546075975590447626e-01
1.000000000000000000e+00,-1.069904714124166212e+00
1.000000000000000000e+00,1.015535061252881510e+00
1.000000000000000000e+00,2.412516667581933394e+00
1.000000000000000000e+00,5.709599581588562511e-01
1.000000000000000000e+00,1.044179677944823137e+00
1.000000000000000000e+00,-5.426517155223496980e-01
1.000000000000000000e+00,8.313493057451317725e-01
1.000000000000000000e+00,1.098743809412511707e+00
1.000000000000000000e+00,4.216924132441472461e-01
1.000000000000000000e+00,-1.451784107567967386e+00
1.000000000000000000e+00,6.004559505617785842e-01
1.000000000000000000e+00,-5.200734240684330434e-01
1.000000000000000000e+00,-9.669757082276041471e-01
1.000000000000000000e+00,4.168736354655098730e-01
1.000000000000000000e+00,8.735971309593629774e-01
1.000000000000000000e+00,3.895246665556100774e-01
1.000000000000000000e+00,8.195004471727418416e-01
1.000000000000000000e+00,1.092506455840573099e-01
1.000000000000000000e+00,1.195729801807307702e+00
1.000000000000000000e+00,1.783887375403306608e-01
1.000000000000000000e+00,2.015930381848757502e+00
1.000000000000000000e+00,5.791203965349842608e-01
1.000000000000000000e+00,4.236881393586391376e-01
1.000000000000000000e+00,9.529845271219412606e-01
1.000000000000000000e+00,1.124040643647715942e+00
1.000000000000000000e+00,1.660803950589603506e+00
1.000000000000000000e+00,9.746895790818526084e-01
1.000000000000000000e+00,-3.916516844407658127e-01
1.000000000000000000e+00,6.512717550677176170e-01
1.000000000000000000e+00,-1.397203796900840622e+00
1.000000000000000000e+00,-7.863642439687276164e-01
1.000000000000000000e+00,3.738806925257979197e-01
1.000000000000000000e+00,1.163638578359357023e+00
1.000000000000000000e+00,7.665166299420764773e-01
1.000000000000000000e+00,1.094294966842651817e+00
1.000000000000000000e+00,1.920439872212848842e+00
1.000000000000000000e+00,1.315411275533032720e+00
1.000000000000000000e+00,2.166383818354724600e+00
1.000000000000000000e+00,-4.805367079492610105e-01
1.000000000000000000e+00,8.326598208996305317e-01
1.000000000000000000e+00,2.323821421710092316e+00
1.000000000000000000e+00,9.436097742366230667e-01
1.000000000000000000e+00,1.450045827744990357e+00
1.000000000000000000e+00,3.908050096895347991e-01
1.000000000000000000e+00,5.401180312729351174e-01
1.000000000000000000e+00,2.218542933689699570e+00
1.000000000000000000e+00,-6.019061192751511830e-02
1.000000000000000000e+00,8.656977461525494633e-01
1.000000000000000000e+00,7.490159834578092868e-01
1.000000000000000000e+00,-7.835810379403476689e-02
1.000000000000000000e+00,4.295388876960409275e-01
1.000000000000000000e+00,8.746658326736088673e-01
1.000000000000000000e+00,2.121573504219341488e-01
1.000000000000000000e+00,-1.696345878897684012e-01
1.000000000000000000e+00,-3.577357096615760845e-01
1.000000000000000000e+00,-1.236604253244445006e+00
1.000000000000000000e+00,1.118010612289511707e+00
1.000000000000000000e+00,8.656977461525494633e-01
1.000000000000000000e+00,5.432930898437777767e-01
1.000000000000000000e+00,4.933094209197577129e-01
1.000000000000000000e+00,-4.287877571838290547e-01
1.000000000000000000e+00,1.096266205520155967e+00
1.000000000000000000e+00,5.199661824590964265e-01
1.000000000000000000e+00,1.585054687922330396e+00
1.000000000000000000e+00,-3.766260181948913321e-01
1.000000000000000000e+00,5.550492459761430242e-01
1.000000000000000000e+00,-6.382747196833878922e-01
1.000000000000000000e+00,5.764127856452090359e-01
1.000000000000000000e+00,4.790210014374750580e-01
1.000000000000000000e+00,3.491405102064018551e-01
1.000000000000000000e+00,1.171725554424522198e+00
1.000000000000000000e+00,3.466314224664906463e-01
1.000000000000000000e+00,-2.092911175399156387e-01
1.000000000000000000e+00,1.095541148924397412e-01
1.000000000000000000e+00,8.031511475025537861e-01
1.000000000000000000e+00,-8.028482245423477215e-01
1.000000000000000000e+00,2.116334941806630454e-01
1.000000000000000000e+00,1.024737473977304636e-01
1.000000000000000000e+00,-1.813168444355103270e-01
1.000000000000000000e+00,2.846301065651302142e-01
1.000000000000000000e+00,9.148304766412493905e-01
1.000000000000000000e+00,2.480852305150541004e-01
1.000000000000000000e+00,5.382901654614120901e-02
1.000000000000000000e+00,7.935393912092482127e-01
1.000000000000000000e+00,9.954330618643389972e-01
1.000000000000000000e+00,7.024631793660205403e-01
1.000000000000000000e+00,3.926756749651256206e-01
1.000000000000000000e+00,6.475243026572891081e-01
1.000000000000000000e+00,-6.197994393025414023e-02
1.000000000000000000e+00,-3.295261822518252837e-01
1.000000000000000000e+00,-3.348382069754992085e-01
1.000000000000000000e+00,1.214383544208296195e+00
1.000000000000000000e+00,1.520307280873071321e+00
1.000000000000000000e+00,2.315859452933168028e-01
1.000000000000000000e+00,-2.283414689649714835e-01
1.000000000000000000e+00,1.960248573792847893e+00
1.000000000000000000e+00,4.719559385908830840e-01
1.000000000000000000e+00,1.484434934788833926e+00
1.000000000000000000e+00,2.575697395911561438e-01
1.000000000000000000e+00,1.058191739209674020e+00
1.000000000000000000e+00,1.353808888556619516e+00
1.000000000000000000e+00,1.325678945317078528e+00
1.000000000000000000e+00,6.180317549089901080e-02
1.000000000000000000e+00,-1.064318080285702406e+00
1.000000000000000000e+00,1.251215710367316492e+00
1.000000000000000000e+00,-1.592969540000437334e-01
1.000000000000000000e+00,-1.197046985169229805e+00
1.000000000000000000e+00,1.471308794012142762e+00
1.000000000000000000e+00,2.438906253692710635e+00
1.000000000000000000e+00,-1.477445683254683673e-01
1.000000000000000000e+00,7.274900627370944201e-03
1.000000000000000000e+00,4.218235959422952375e-01
1.000000000000000000e+00,1.632104674440099989e+00
1.000000000000000000e+00,1.815726344345813370e+00
1.000000000000000000e+00,1.359832360779916094e+00
1.000000000000000000e+00,1.350503468288289100e-01
1.000000000000000000e+00,1.220497969768975510e+00
1.000000000000000000e+00,1.775551205762320839e+00
1.000000000000000000e+00,5.753633240600248833e-01
1.000000000000000000e+00,4.935490479817080667e-01
1.000000000000000000e+00,5.592531606254660947e-02
1.000000000000000000e+00,9.105709744323831067e-01
1.000000000000000000e+00,-1.223554689259000738e-01
1.000000000000000000e+00,-7.173993667246703065e-02
1.000000000000000000e+00,1.359915443155409909e+00
1.000000000000000000e+00,-6.179995591332899663e-01
1.000000000000000000e+00,1.333726566572799088e+00
1.000000000000000000e+00,1.860437780631264415e+00
1.000000000000000000e+00,1.085821439093610508e+00
1.000000000000000000e+00,2.907405966448651236e-01
1.000000000000000000e+00,2.589427851651054380e-01
1.000000000000000000e+00,4.313605780976564885e-01
1.000000000000000000e+00,-2.398934173638863632e-01
1.000000000000000000e+00,6.393817925832413485e-01
1.000000000000000000e+00,1.980005509134600550e-01
1.000000000000000000e+00,4.803713086770787233e-01
1.000000000000000000e+00,2.298001114958617142e-01
1.000000000000000000e+00,-5.631678685120400374e-02
1.000000000000000000e+00,9.196505662468682507e-01
1.000000000000000000e+00,4.443826472671502104e-01
1.000000000000000000e+00,3.555632151077290359e-01
1.000000000000000000e+00,-2.001897154930664183e-02
1.000000000000000000e+00,2.903444248964581198e-01
1.000000000000000000e+00,1.214525658797956487e+00
1.000000000000000000e+00,-3.465440764069077639e-01
1.000000000000000000e+00,9.799867364330697717e-01
1.000000000000000000e+00,1.004663076506033814e+00
1.000000000000000000e+00,7.461352114064787600e-01
1.000000000000000000e+00,1.089431586946643993e+00
1.000000000000000000e+00,1.369920747543159623e+00
1.000000000000000000e+00,-3.270721912451362567e-01
1.000000000000000000e+00,6.043398329782810885e-01
1.000000000000000000e+00,1.374355597291883724e+00
1.000000000000000000e+00,3.845878243486395287e-01
1.000000000000000000e+00,1.042054518234825311e+00
1.000000000000000000e+00,4.178107172059472574e-01
1.000000000000000000e+00,1.459919949434592024e+00
1.000000000000000000e+00,-8.559780918436178387e-01
1.000000000000000000e+00,1.401653404949505743e+00
1.000000000000000000e+00,9.698725504058571811e-01
1.000000000000000000e+00,9.366483457215680763e-01
1.000000000000000000e+00,3.232231818089574826e-01
1.000000000000000000e+00,6.107498568854540233e-01
1.000000000000000000e+00,-2.057233854259499228e-01
1.000000000000000000e+00,9.551416079551552363e-01
1.000000000000000000e+00,2.087672450363268872e+00
1.000000000000000000e+00,-4.815546856868896941e-01
1.000000000000000000e+00,-1.184331062512741922e-01
1.000000000000000000e+00,-5.868731175739935052e-03
1.000000000000000000e+00,-8.158125733246562872e-01
1.000000000000000000e+00,4.073397142397720549e-01
1.000000000000000000e+00,5.422528110474639229e-01
1.000000000000000000e+00,8.935592021365474924e-01
1.000000000000000000e+00,5.656151377606453146e-01
1.000000000000000000e+00,7.921208689666076053e-01
1.000000000000000000e+00,-2.702053661492894721e-01
1.000000000000000000e+00,5.080010085610152659e-01
1.000000000000000000e+00,9.091944306531498654e-01
1.000000000000000000e+00,1.003371364204936222e+00
1.000000000000000000e+00,7.047571274809689701e-01
1.000000000000000000e+00,1.074482006665695488e+00
1.000000000000000000e+00,-2.129957169356158087e-01
1.000000000000000000e+00,-1.513945029085407956e+00
1.000000000000000000e+00,1.619532999200914647e+00
1.000000000000000000e+00,6.796220852401473334e-01
1.000000000000000000e+00,7.429028697241114587e-01
1.000000000000000000e+00,1.307640012494743820e+00
1.000000000000000000e+00,1.187442116213976107e+00
1.000000000000000000e+00,1.230963288151564194e+00
1.000000000000000000e+00,-6.487793928754210793e-01
1.000000000000000000e+00,1.595179368565394773e+00
1.000000000000000000e+00,9.919440393692620095e-01
1.000000000000000000e+00,1.087699100779769168e+00
1.000000000000000000e+00,1.554757606509383994e+00
1.000000000000000000e+00,-5.903689846980324507e-01
1.000000000000000000e+00,-1.486934565087390803e-01
1.000000000000000000e+00,2.047366129081628738e+00
1.000000000000000000e+00,-3.140370038058277746e-01
1.000000000000000000e+00,8.409829258214620573e-01
1.000000000000000000e+00,2.467640511895053734e+00
1.000000000000000000e+00,1.730531052860561525e+00
1.000000000000000000e+00,3.624822278837162015e-01
1.000000000000000000e+00,2.477117971009927255e-01
1.000000000000000000e+00,1.266721451737752024e-01
1.000000000000000000e+00,7.222083082649398411e-02
1.000000000000000000e+00,1.445416390327346701e+00
1.000000000000000000e+00,1.457920234288495043e-01
1.000000000000000000e+00,2.434133238076819500e-02
1.000000000000000000e+00,4.716826413030746901e-01
1.000000000000000000e+00,7.565878487949131426e-01
1.000000000000000000e+00,1.145306956338546477e-02
1.000000000000000000e+00,1.173715595955427515e+00
1.000000000000000000e+00,1.056579941125095345e+00
1.000000000000000000e+00,5.145037349082127731e-01
1.000000000000000000e+00,-3.765236956903358911e-01
1.000000000000000000e+00,9.312803497133509412e-01
1.000000000000000000e+00,4.307116610174842597e-01
1.000000000000000000e+00,-7.351570777466469586e-01
1.000000000000000000e+00,-5.214919463110736508e-01
1.000000000000000000e+00,-1.055562126010642920e-01
1.000000000000000000e+00,1.673005690620011476e+00
1.000000000000000000e+00,-2.378111106686167653e-01
1.000000000000000000e+00,1.231595588756637660e+00
1.000000000000000000e+00,1.353808888556619516e+00
1.000000000000000000e+00,1.078901114490641744e+00
1.000000000000000000e+00,-1.222958628983087603e+00
1.000000000000000000e+00,1.173488212611971004e+00
1.000000000000000000e+00,1.099951127511133997e+00
1.000000000000000000e+00,9.392702505818865122e-01
1.000000000000000000e+00,-2.281210820320828114e-01
1.000000000000000000e+00,4.978776397449323210e-01
1.000000000000000000e+00,1.376791659996492445e+00
1.000000000000000000e+00,3.776049693262202855e-01
1.000000000000000000e+00,3.306726099611231873e-01
1.000000000000000000e+00,-7.825529493118671409e-01
1.000000000000000000e+00,4.073314060022226735e-01
1.000000000000000000e+00,1.176818504042288938e+00
1.000000000000000000e+00,1.226262137525599538e+00
1.000000000000000000e+00,1.486883678487597171e+00
1.000000000000000000e+00,1.668415991736812154e-01
1.000000000000000000e+00,-9.451696455901188454e-01
1.000000000000000000e+00,6.432110155421821851e-01
1.000000000000000000e+00,1.918769479189764038e+00
1.000000000000000000e+00,1.763554985292344668e+00
1.000000000000000000e+00,4.866479635078010957e-01
1.000000000000000000e+00,-9.123018741197924664e-02
1.000000000000000000e+00,1.285573333563604592e+00
1.000000000000000000e+00,-1.834323840809774231e-01
1.000000000000000000e+00,6.202426741991053927e-01
1.000000000000000000e+00,7.689658109165000699e-01
1.000000000000000000e+00,-1.263980824071616327e-01
1.000000000000000000e+00,-8.677976529467547051e-01
1.000000000000000000e+00,3.721245934732563820e-01
1.000000000000000000e+00,-6.814198345529515199e-01
1.000000000000000000e+00,4.747094634250100809e-01
1.000000000000000000e+00,7.570399918278634122e-01
1.000000000000000000e+00,-1.738832117577829642e-02
1.000000000000000000e+00,1.413446729513013089e+00
1.000000000000000000e+00,3.977848037823306093e-01
1.000000000000000000e+00,6.415336261085294867e-01
1.000000000000000000e+00,3.713628592726768707e-01
1.000000000000000000e+00,5.720973121517995974e-01
1.000000000000000000e+00,1.107679974810354961e+00
1.000000000000000000e+00,5.443386159480174680e-01
1.000000000000000000e+00,-3.705400155521440531e-01
1.000000000000000000e+00,1.034352782026554785e+00
1.000000000000000000e+00,-1.438756791090547882e+00
1.000000000000000000e+00,-9.293166537945908301e-01
1.000000000000000000e+00,9.547279451803285522e-01
1.000000000000000000e+00,2.481534455180910703e-01
1.000000000000000000e+00,1.433061112989444663e-01
1.000000000000000000e+00,-4.224616902034709076e-01
1.000000000000000000e+00,5.448939560368440960e-01
1.000000000000000000e+00,-8.889163717966049039e-02
1.000000000000000000e+00,1.285882871180573372e-01
1.000000000000000000e+00,8.750961119235343144e-01
1.000000000000000000e+00,7.571373525185475135e-03
1.000000000000000000e+00,4.042919028861330366e-01
1.000000000000000000e+00,7.285680990218165176e-01
1.000000000000000000e+00,-8.956346214937650485e-01
1.000000000000000000e+00,-2.373729604568023677e-01
1.000000000000000000e+00,-3.233234270077262607e-01
1.000000000000000000e+00,-6.974700376713620642e-01
1.000000000000000000e+00,-5.552093979403994739e-01
1.000000000000000000e+00,3.787099649202871343e-01
1.000000000000000000e+00,2.595204263126172362e-01
1.000000000000000000e+00,2.499462757261140256e-01
1.000000000000000000e+00,5.123475286263197148e-01
1.000000000000000000e+00,2.648704940187540657e-01
1.000000000000000000e+00,-1.198079009278654739e-01
1.000000000000000000e+00,7.584890698160778877e-02
1.000000000000000000e+00,1.298309424451135508e+00
1.000000000000000000e+00,7.561287093513950897e-01
1.000000000000000000e+00,1.098743809412511707e+00
1.000000000000000000e+00,1.151842192866226355e+00
1.000000000000000000e+00,3.503657566071043394e-01
1.000000000000000000e+00,1.110970474155567933e+00
1.000000000000000000e+00,-3.844864854679208577e-01
1.000000000000000000e+00,4.299507478175651487e-02
1.000000000000000000e+00,8.154390308380791152e-01
1.000000000000000000e+00,-6.565209211687963453e-01
1.000000000000000000e+00,1.002956826878788510e+00
1.000000000000000000e+00,-7.994575890708818244e-01
1.000000000000000000e+00,9.063508270329612149e-01
1.000000000000000000e+00,2.689817597787130810e-01
1.000000000000000000e+00,-4.037843349168159790e-01
1.000000000000000000e+00,-7.305499413876884729e-01
1.000000000000000000e+00,1.466141070256431700e+00
1.000000000000000000e+00,4.978667078534200208e-01
1.000000000000000000e+00,9.246827345478264570e-01
1.000000000000000000e+00,8.658503553580617629e-01
1.000000000000000000e+00,3.497107176676852447e-01
1.000000000000000000e+00,1.312536625340949170e+00
1.000000000000000000e+00,3.508441361796841296e-01
1.000000000000000000e+00,-4.960127681254437593e-01
1.000000000000000000e+00,7.594393233769907159e-01
1.000000000000000000e+00,-1.097902600114238236e+00
1.000000000000000000e+00,1.426445132246179637e-01
1.000000000000000000e+00,8.880276650313059239e-01
1.000000000000000000e+00,-4.318233248189742857e-01
1.000000000000000000e+00,1.441864837412819123e+00
1.000000000000000000e+00,1.433416234376426068e+00
1.000000000000000000e+00,7.574011815234309442e-01
1.000000000000000000e+00,5.097588567161988049e-01
1.000000000000000000e+00,9.096850539442234984e-01
1.000000000000000000e+00,4.312713203122552769e-02
1.000000000000000000e+00,5.148828529058605552e-01
1.000000000000000000e+00,2.119560340629090600e+00
1.000000000000000000e+00,1.772125588238015581e+00
1.000000000000000000e+00,9.607304281719215577e-01
1.000000000000000000e+00,1.014984093920659802e+00
1.000000000000000000e+00,-2.348564390306627780e-01
1.000000000000000000e+00,1.439928143512493763e+00
1.000000000000000000e+00,9.596577909767312065e-01
1.000000000000000000e+00,2.471492035912679519e+00
1.000000000000000000e+00,1.880061248665621312e-02
1.000000000000000000e+00,-8.326909765440413391e-01
1.000000000000000000e+00,5.269647794052934042e-01
1.000000000000000000e+00,3.782551982333740015e-01
1.000000000000000000e+00,5.668145848973786816e-01
1.000000000000000000e+00,1.014754524198900665e+00
1.000000000000000000e+00,5.752426359777287335e-01
1.000000000000000000e+00,3.893781792093448102e-01
1.000000000000000000e+00,3.586215210772198958e-01
1.000000000000000000e+00,-7.437950211440338411e-01
1.000000000000000000e+00,-2.579240419486715785e-01
1.000000000000000000e+00,1.389905994330350447e+00
1.000000000000000000e+00,3.221527309920696469e-01
1.000000000000000000e+00,1.342058854283501024e+00
1.000000000000000000e+00,4.735904750098074434e-01
1.000000000000000000e+00,7.284399772532920148e-01
1.000000000000000000e+00,-2.365814915113092776e-01
1.000000000000000000e+00,1.254291944638887601e+00
1.000000000000000000e+00,6.904127367141431604e-01
1.000000000000000000e+00,1.702413353339514268e+00
1.000000000000000000e+00,1.680608165253349995e+00
1.000000000000000000e+00,-2.871550453013349546e-01
1.000000000000000000e+00,-3.371138430633675159e-02
1.000000000000000000e+00,1.139361470964423528e+00
1.000000000000000000e+00,4.435242751456016652e-01
1.000000000000000000e+00,4.458020440611117907e-01
1.000000000000000000e+00,4.340537588906354105e-01
1.000000000000000000e+00,-7.097155052678194576e-01
1.000000000000000000e+00,4.744938865243868431e-01
1.000000000000000000e+00,-8.577735457056037127e-01
1.000000000000000000e+00,-5.740848391012579599e-01
1.000000000000000000e+00,-3.840728762437546628e-02
1.000000000000000000e+00,1.852115550260753807e+00
1.000000000000000000e+00,1.896319693229371883e-01
1.000000000000000000e+00,-2.660897276327254812e-01
1.000000000000000000e+00,2.131066758808653483e-01
1.000000000000000000e+00,3.282527264559526592e-01
1.000000000000000000e+00,1.242513871172837014e-01
1.000000000000000000e+00,9.075677651961143733e-01
1.000000000000000000e+00,3.933368357637916368e-01
1.000000000000000000e+00,1.426697931128605212e+00
1.000000000000000000e+00,-1.889809749369782965e-01
1.000000000000000000e+00,3.010034563966454413e-01
1.000000000000000000e+00,-3.564239362307564107e-02
1.000000000000000000e+00,3.844872509467260335e-01
1.000000000000000000e+00,2.682327119273539395e+00
1.000000000000000000e+00,-8.794925904866508493e-01
1.000000000000000000e+00,-7.026981054682213124e-01
1.000000000000000000e+00,9.663026319135890052e-01
1.000000000000000000e+00,1.492950441001282602e+00
1.000000000000000000e+00,1.173409940268742790e+00
1.000000000000000000e+00,7.235722246006793812e-01
1.000000000000000000e+00,-9.742734017255787471e-01
1.000000000000000000e+00,-1.131903406371563614e+00
1.000000000000000000e+00,-2.688235750621302822e-01
1.000000000000000000e+00,-4.467641595867131166e-01
1.000000000000000000e+00,4.830776077398724611e-01
1.000000000000000000e+00,-4.860368147576077380e-02
1.000000000000000000e+00,-9.427471384309854541e-01
1.000000000000000000e+00,8.032835884770227197e-02
1.000000000000000000e+00,5.579816165554118967e-01
1.000000000000000000e+00,8.261133669863837126e-01
1.000000000000000000e+00,-8.847538912337075123e-01
1.000000000000000000e+00,-2.768134759306658532e-01
1.000000000000000000e+00,1.061393908871467229e+00
1.000000000000000000e+00,-7.966607739463659188e-01
1.000000000000000000e+00,-5.257378929744647156e-01
1.000000000000000000e+00,1.635449779692214056e-01
1.000000000000000000e+00,-3.112340668220650031e-01
1.000000000000000000e+00,-4.390646633074057198e-02
1.000000000000000000e+00,2.761071666664531854e-01
1.000000000000000000e+00,1.760468693680582231e+00
1.000000000000000000e+00,6.451923115598777736e-01
1.000000000000000000e+00,4.403229800351293743e-01
1.000000000000000000e+00,2.617807042017076258e-01
1.000000000000000000e+00,1.382830874143567090e+00
1.000000000000000000e+00,1.713632972236454277e+00
1.000000000000000000e+00,-7.503576542567188534e-01
1.000000000000000000e+00,-1.690079718682813703e-01
1.000000000000000000e+00,1.684931946984308704e+00
1.000000000000000000e+00,-4.226537077690881161e-02
1.000000000000000000e+00,-2.660897276327254812e-01
1.000000000000000000e+00,-6.419570180204028365e-01
1.000000000000000000e+00,1.012255931074841353e+00
1.000000000000000000e+00,-1.216829336049951582e+00
1.000000000000000000e+00,-1.255790650950574794e-01
1.000000000000000000e+00,2.076184344210786126e+00
1.000000000000000000e+00,3.058817036651099164e-01
1.000000000000000000e+00,2.383715354421929444e-02
1.000000000000000000e+00,4.473517490019004450e-01
1.000000000000000000e+00,1.766905391403045256e+00
1.000000000000000000e+00,-2.292860379422978490e-02
1.000000000000000000e+00,1.877676936270556540e+00
1.000000000000000000e+00,7.461352114064787600e-01
1.000000000000000000e+00,1.009698743012275912e+00
1.000000000000000000e+00,1.294606574158077450e+00
1.000000000000000000e+00,8.285865981221344212e-01
1.000000000000000000e+00,-2.861615550006939568e-01
1.000000000000000000e+00,1.024444552835434674e+00
1.000000000000000000e+00,8.656225347389446823e-01
1.000000000000000000e+00,-6.455724131813623812e-01
1.000000000000000000e+00,-2.542807146961010775e-02
1.000000000000000000e+00,7.941305879022352299e-01
1.000000000000000000e+00,-2.144089918703304953e-01
1.000000000000000000e+00,2.421479015968745763e-01
1.000000000000000000e+00,5.327971621649545408e-01
1.000000000000000000e+00,1.075885607985218734e-01
1.000000000000000000e+00,-3.828178950981385442e-02
1.000000000000000000e+00,-7.305202066427749497e-01
1.000000000000000000e+00,4.920933573079255274e-01
1.000000000000000000e+00,8.402211916208824904e-01
1.000000000000000000e+00,5.513997433136650361e-01
1.000000000000000000e+00,-3.624307384282938194e-01
1.000000000000000000e+00,1.603843494951750492e-01
1.000000000000000000e+00,7.613751427259950466e-01
1.000000000000000000e+00,8.555035386794667129e-01
1.000000000000000000e+00,-7.879104507042323791e-01
1.000000000000000000e+00,7.563971966069380493e-01
1.000000000000000000e+00,1.001770935287530362e+00
1.000000000000000000e+00,1.095541148924397412e-01
1.000000000000000000e+00,6.941545045409852621e-01
1.000000000000000000e+00,4.590287582397164501e-01
1.000000000000000000e+00,5.684093292311981349e-01
1.000000000000000000e+00,1.410016739232102800e+00
1.000000000000000000e+00,-2.479458486518724969e-01
1.000000000000000000e+00,3.065887784081277601e-01
1.000000000000000000e+00,4.748620726305222695e-01
1.000000000000000000e+00,-5.604558313149993198e-01
1.000000000000000000e+00,1.303837026075432615e+00
1.000000000000000000e+00,1.362044101070691848e+00
1.000000000000000000e+00,-7.762111404077312038e-01
1.000000000000000000e+00,8.908017418214760896e-01
1.000000000000000000e+00,-3.757733842075897807e-02
1.000000000000000000e+00,4.071092699666920556e-01
1.000000000000000000e+00,6.141925281605186138e-01
1.000000000000000000e+00,3.248139906618325301e-01
1.000000000000000000e+00,1.392378788190440586e+00
1.000000000000000000e+00,3.494815852215866769e-01
1.000000000000000000e+00,1.098875866661980671e+00
1.000000000000000000e+00,1.658124325342099858e+00
1.000000000000000000e+00,7.144738299327929587e-01
1.000000000000000000e+00,2.010878098867416863e+00
1.000000000000000000e+00,2.862725139459434964e-01
1.000000000000000000e+00,8.557567212868923967e-01
1.000000000000000000e+00,1.155768491021796684e+00
1.000000000000000000e+00,2.130480809423592192e-01
1.000000000000000000e+00,1.127509551462410053e+00
1.000000000000000000e+00,1.015174308832974326e+00
1.000000000000000000e+00,4.933094209197577129e-01
1.000000000000000000e+00,-1.051854028409658914e-01
1.000000000000000000e+00,1.820252147431919987e+00
1.000000000000000000e+00,-1.417993684453999759e-01
1.000000000000000000e+00,5.442529099185607899e-01
1.000000000000000000e+00,9.070246688257815881e-01
1.000000000000000000e+00,7.688289436347656158e-01
1.000000000000000000e+00,-4.717860009821275152e-02
1.000000000000000000e+00,-2.045694149579078136e-01
1.000000000000000000e+00,-7.011086084423276965e-01
1.000000000000000000e+00,-1.160565130364925174e-01
1.000000000000000000e+00,-2.871550453013349546e-01
1.000000000000000000e+00,3.162993590007048827e-01
1.000000000000000000e+00,-2.363890902206921829e-01
1.000000000000000000e+00,-1.234429734935471867e-01
1.000000000000000000e+00,5.552171598297724886e-01
1.000000000000000000e+00,1.370994259289670891e+00
1.000000000000000000e+00,1.986148411163872307e+00
1.000000000000000000e+00,-3.348382069754992085e-01
1.000000000000000000e+00,-3.773720104716931090e-01
1.000000000000000000e+00,-1.547651986098881771e+00
1.000000000000000000e+00,-3.516322159924090696e-01
1.000000000000000000e+00,5.813107103183957625e-01
1.000000000000000000e+00,5.347797700096316165e-01
1.000000000000000000e+00,-2.505817463333267492e-01
1.000000000000000000e+00,7.482437010907173891e-02
1.000000000000000000e+00,4.708308283164335251e-01
1.000000000000000000e+00,6.420032601678993256e-01
1.000000000000000000e+00,1.712732184375837852e+00
1.000000000000000000e+00,1.345809804899213535e+00
1.000000000000000000e+00,1.339856734057256249e+00
1.000000000000000000e+00,1.571060938684559760e-01
1.000000000000000000e+00,9.878445265014756949e-02
1.000000000000000000e+00,1.200701626067117944e+00
1.000000000000000000e+00,-7.762111404077312038e-01
1.000000000000000000e+00,1.089615242724051303e+00
1.000000000000000000e+00,1.122350573219908831e+00
1.000000000000000000e+00,-5.280965578871661403e-01
1.000000000000000000e+00,6.197135706499083962e-01
1.000000000000000000e+00,-4.975034408520657703e-01
1.000000000000000000e+00,-1.101385500750068136e+00
1.000000000000000000e+00,3.135248449348742028e-01
1.000000000000000000e+00,1.590902812605769157e+00
1.000000000000000000e+00,1.731838507085436740e+00
1.000000000000000000e+00,4.005221494170193575e-01
1.000000000000000000e+00,1.763065236552592063e+00
1.000000000000000000e+00,9.227359833073097706e-01
1.000000000000000000e+00,1.399263256189248850e+00
1.000000000000000000e+00,1.918497493728937187e+00
1.000000000000000000e+00,6.004559505617785842e-01
1.000000000000000000e+00,7.173104371424137149e-01
1.000000000000000000e+00,-6.035333202387924492e-03
1.000000000000000000e+00,-1.534676321700061130e-01
1.000000000000000000e+00,1.788451712298197327e+00
1.000000000000000000e+00,-2.129353728944677060e-01
1.000000000000000000e+00,4.819555583950463351e-01
1.000000000000000000e+00,1.275752559504583106e+00
1.000000000000000000e+00,9.469208255378791517e-01
1.000000000000000000e+00,-2.666529386834410320e-01
1.000000000000000000e+00,3.329927946157012486e-01
1.000000000000000000e+00,-3.546345506773568301e-01
1.000000000000000000e+00,6.078686475584629267e-01
1.000000000000000000e+00,2.388154237882543218e-01
1.000000000000000000e+00,1.026116694961161535e+00
1.000000000000000000e+00,9.952869582430735884e-02
1.000000000000000000e+00,1.886063008887499004e+00
1.000000000000000000e+00,-3.901133486671500283e-01
1.000000000000000000e+00,8.787442492083702428e-02
1.000000000000000000e+00,1.651427832326643197e-01
1.000000000000000000e+00,9.855471337319039460e-01
1.000000000000000000e+00,9.314351452971656453e-01
1.000000000000000000e+00,-1.098121675220145477e+00
1.000000000000000000e+00,1.910920327533246754e-01
1.000000000000000000e+00,8.384480388175817867e-01
1.000000000000000000e+00,-3.782666764730626130e-01
1.000000000000000000e+00,-5.494600975562321521e-01
1.000000000000000000e+00,1.399471399403643623e+00
1.000000000000000000e+00,1.007109196550833863e+00
1.000000000000000000e+00,-7.877832570376892829e-02
1.000000000000000000e+00,3.961375863692519483e-01
1.000000000000000000e+00,-2.001153250801219474e-01
1.000000000000000000e+00,1.271932956610173138e+00
1.000000000000000000e+00,3.979570903925649938e-01
1.000000000000000000e+00,3.594667749289536807e-01
1.000000000000000000e+00,1.406736297227081156e+00
1.000000000000000000e+00,4.705754593307053812e-01
1.000000000000000000e+00,2.152217836057380040e+00
1.000000000000000000e+00,1.164168119184214589e+00
1.000000000000000000e+00,1.075408156514620517e+00
1.000000000000000000e+00,-2.050591636976604459e-01
1.000000000000000000e+00,4.484475082564363252e-02
1.000000000000000000e+00,1.428384503351128432e+00
1.000000000000000000e+00,1.727500678982681614e-01
1.000000000000000000e+00,-8.820187319773212797e-01
1.000000000000000000e+00,-3.756447716127441216e-01
1.000000000000000000e+00,-1.547823398157795349e+00
1.000000000000000000e+00,1.292323995210301835e+00
1.000000000000000000e+00,3.751522901465127457e-01
1.000000000000000000e+00,6.315899775889093348e-01
1.000000000000000000e+00,8.753680973843612767e-01
1.000000000000000000e+00,1.221117589379894675e+00
1.000000000000000000e+00,-1.987335339929627853e-01
1.000000000000000000e+00,-6.873265541748965202e-01
1.000000000000000000e+00,1.597796026117787260e+00
1.000000000000000000e+00,4.090083581602149132e-01
1.000000000000000000e+00,5.044240936581791956e-01
1.000000000000000000e+00,7.186515615931470258e-01
1.000000000000000000e+00,-5.168279641162509819e-01
1.000000000000000000e+00,1.148172575523365602e+00
1.000000000000000000e+00,3.008993847894479989e-01
1.000000000000000000e+00,6.489848033633370816e-01
1.000000000000000000e+00,1.609074239953233176e+00
1.000000000000000000e+00,1.349842361040283656e+00
1.000000000000000000e+00,1.597796026117787260e+00
1.000000000000000000e+00,3.183729201827645849e-01
1.000000000000000000e+00,7.906175152458312372e-01
1.000000000000000000e+00,1.338363000401010749e+00
1.000000000000000000e+00,7.272505874567498640e-01
1.000000000000000000e+00,9.211547945189655362e-01
1.000000000000000000e+00,5.688828987715125463e-01
1.000000000000000000e+00,-1.903841925315016559e-01
1.000000000000000000e+00,5.783840243227132971e-01
1.000000000000000000e+00,2.846108664360685325e-01
1.000000000000000000e+00,1.717090948159636143e+00
1.000000000000000000e+00,1.122350573219908831e+00
1.000000000000000000e+00,1.845663110614512936e+00
1.000000000000000000e+00,1.164698534560393073e+00
1.000000000000000000e+00,1.827864188579128857e-01
1.000000000000000000e+00,-5.046087330594232201e-01
1.000000000000000000e+00,-1.929752026015309554e-03
1.000000000000000000e+00,1.684747416655580476e+00
1.000000000000000000e+00,6.923586134033388184e-01
1.000000000000000000e+00,1.059460713176425761e+00
1.000000000000000000e+00,6.726116818511169715e-01
1.000000000000000000e+00,-4.475088400365333507e-01
1.000000000000000000e+00,4.705754593307053812e-01
1.000000000000000000e+00,2.411168055894311324e-01
1.000000000000000000e+00,8.954954587612123929e-01
1.000000000000000000e+00,1.010278570538090115e+00
1.000000000000000000e+00,1.095743661105866407e+00
1.000000000000000000e+00,-6.552187142518469676e-01
1.000000000000000000e+00,7.907478233926582556e-01
1.000000000000000000e+00,9.568093773242771771e-01
1.000000000000000000e+00,7.600209000054469755e-01
1.000000000000000000e+00,1.028582055135023321e+00
1.000000000000000000e+00,-1.249402053550766056e-01
1.000000000000000000e+00,1.659700266822518033e+00
1.000000000000000000e+00,2.483904489260784776e-01
1.000000000000000000e+00,8.336393183791357409e-01
1.000000000000000000e+00,7.390907005159299548e-01
1.000000000000000000e+00,-7.539031388626600549e-02
1.000000000000000000e+00,1.807023630600012865e-01
1.000000000000000000e+00,1.193953588074383454e+00
1.000000000000000000e+00,5.876831285187661402e-01
1.000000000000000000e+00,1.154653875363198967e+00
1.000000000000000000e+00,3.223114620568287569e-01
1.000000000000000000e+00,1.277484608395797361e+00
1.000000000000000000e+00,5.703914998002148629e-01
1.000000000000000000e+00,7.143404608563425073e-01
1.000000000000000000e+00,3.143272457718795931e-01
1.000000000000000000e+00,3.096641381283778971e-01
1.000000000000000000e+00,3.427230526130005672e-01
1.000000000000000000e+00,4.421140611405103837e-01
1.000000000000000000e+00,8.472770716786042211e-01
1.000000000000000000e+00,3.496250116382285111e-01
1.000000000000000000e+00,8.066025642908283277e-01
1.000000000000000000e+00,-5.872188508398379359e-01
1.000000000000000000e+00,-4.506375473873637238e-01
1.000000000000000000e+00,-1.813736902713744548e-01
1.000000000000000000e+00,1.235718607408769487e-01
1.000000000000000000e+00,-2.700435741549068736e-01
1.000000000000000000e+00,-4.500887664334444760e-01
1.000000000000000000e+00,1.000512455936630296e+00
1.000000000000000000e+00,5.591517662228921992e-01
1.000000000000000000e+00,1.353808888556619516e+00
1.000000000000000000e+00,-6.235310962385316458e-01
1.000000000000000000e+00,6.465168195355123215e-01
1.000000000000000000e+00,-1.220826089137521803e-01
1.000000000000000000e+00,1.820252147431919987e+00
1.000000000000000000e+00,5.562447576319320408e-01
1.000000000000000000e+00,4.644404818139828417e-01
1.000000000000000000e+00,8.425877274954728380e-01
1.000000000000000000e+00,-5.174585156186825019e-01
1.000000000000000000e+00,-6.316692335559744853e-01
1.000000000000000000e+00,6.738990213956096431e-01
1.000000000000000000e+00,1.990298442676009458e-02
1.000000000000000000e+00,1.975125512763493962e-01
1.000000000000000000e+00,5.724720573928424594e-01
1.000000000000000000e+00,-3.798063240736598845e-01
1.000000000000000000e+00,1.503459049674260140e+00
1.000000000000000000e+00,7.186515615931470258e-01
1.000000000000000000e+00,1.571912805221861387e+00
1.000000000000000000e+00,-6.745813340491556287e-02
1.000000000000000000e+00,5.141875310550154260e-02
1.000000000000000000e+00,-1.340106143806913952e-01
1.000000000000000000e+00,2.030873840270459141e+00
1.000000000000000000e+00,-6.575948701909681837e-01
1.000000000000000000e+00,8.137034837415807464e-01
1.000000000000000000e+00,4.686758803108614230e-02
1.000000000000000000e+00,9.120996901414680780e-01
1.000000000000000000e+00,1.391146545379170263e+00
1.000000000000000000e+00,8.033868390835597895e-01
1.000000000000000000e+00,9.337290934121140751e-01
1.000000000000000000e+00,4.715357166811489087e-01
1.000000000000000000e+00,1.795721857429560808e+00
1.000000000000000000e+00,2.040910191230103976e+00
1.000000000000000000e+00,1.695933749051662387e-01
1.000000000000000000e+00,3.583512311683743901e-02
1.000000000000000000e+00,7.570098198072893192e-01
1.000000000000000000e+00,5.516769760824179469e-01
1.000000000000000000e+00,1.886063008887499004e+00
1.000000000000000000e+00,-2.666529386834410320e-01
1.000000000000000000e+00,6.570402955809466761e-01
1.000000000000000000e+00,-6.225704016124276041e-01
1.000000000000000000e+00,4.691578116393857467e-01
1.000000000000000000e+00,6.082162817085551287e-01
1.000000000000000000e+00,1.252264297401179505e+00
1.000000000000000000e+00,1.074144429855794503e+00
1.000000000000000000e+00,9.715735527251766479e-01
1.000000000000000000e+00,3.091122962448352163e-01
1.000000000000000000e+00,-6.243208696320432655e-02
1.000000000000000000e+00,4.885649800034042034e-01
1.000000000000000000e+00,2.911555712466733503e-01
1.000000000000000000e+00,9.196973547425409956e-01
1.000000000000000000e+00,-5.994835585653570664e-01
1.000000000000000000e+00,-3.666062837103453709e-01
1.000000000000000000e+00,1.008922141439239528e+00
1.000000000000000000e+00,-6.487793928754210793e-01
1.000000000000000000e+00,4.114610373399224530e-01
1.000000000000000000e+00,1.331503894390511089e+00
1.000000000000000000e+00,-1.296290194523492811e+00
1.000000000000000000e+00,6.060076023474029183e-01
1.000000000000000000e+00,-9.585677718276369719e-01
1.000000000000000000e+00,6.051382983343420729e-01
1.000000000000000000e+00,4.959024655864835984e-01
1.000000000000000000e+00,-1.814961274563126059e-01
1.000000000000000000e+00,1.881924578485928978e-01
1.000000000000000000e+00,5.249371321675854185e-01
1.000000000000000000e+00,-4.086778868333976744e-01
1.000000000000000000e+00,1.211779130374397440e+00
1.000000000000000000e+00,2.457409956991489230e-01
1.000000000000000000e+00,1.679600682131573208e+00
1.000000000000000000e+00,9.094664161139767167e-01
1.000000000000000000e+00,1.141249573715773374e-01
1.000000000000000000e+00,-3.925402285828884508e-01
1.000000000000000000e+00,9.070246688257815881e-01
1.000000000000000000e+00,5.765951295956347478e-01
1.000000000000000000e+00,1.266861379949109911e-01
1.000000000000000000e+00,1.209413031775467440e+00
1.000000000000000000e+00,7.855451175841077216e-01
1.000000000000000000e+00,9.761750045005487264e-01
1.000000000000000000e+00,-2.566756199379628955e-01
1.000000000000000000e+00,8.893945887460082966e-01
1.000000000000000000e+00,1.286341189623430914e+00
1.000000000000000000e+00,6.617082132567138064e-01
1.000000000000000000e+00,6.244260904430458670e-01
1.000000000000000000e+00,1.635564399465923913e+00
1.000000000000000000e+00,-1.082369256826530846e+00
1.000000000000000000e+00,-6.648606961163872064e-02
1.000000000000000000e+00,1.037054708332743491e+00
1.000000000000000000e+00,-5.281385363505735064e-01
1.000000000000000000e+00,1.054415426605652906e+00
1.000000000000000000e+00,-1.114847960060339344e-01
1.000000000000000000e+00,1.271234190104704620e+00
1.000000000000000000e+00,1.098439465552808247e+00
1.000000000000000000e+00,4.770379563171374682e-01
1.000000000000000000e+00,4.003398054665935901e-01
1.000000000000000000e+00,2.283238688660359506e-01
1.000000000000000000e+00,6.468001741635120982e-01
1.000000000000000000e+00,6.211163509687711581e-01
1.000000000000000000e+00,1.633210107309827519e+00
1.000000000000000000e+00,4.590995968967163665e-01
1.000000000000000000e+00,5.942737472737228410e-01
1.000000000000000000e+00,8.870560385136895265e-01
1.000000000000000000e+00,1.621669528078085287e+00
1.000000000000000000e+00,1.103266988844655572e+00
1.000000000000000000e+00,9.312803497133509412e-01
1.000000000000000000e+00,4.399224355301174505e-01
1.000000000000000000e+00,8.402211916208824904e-01
1.000000000000000000e+00,6.325764714789824383e-01
1.000000000000000000e+00,-3.062508733950821127e-01
1.000000000000000000e+00,1.079342325632079547e+00
1.000000000000000000e+00,-1.335694032392535369e-01
1.000000000000000000e+00,1.916346918479970018e-01
1.000000000000000000e+00,5.021624503914466631e-02
1.000000000000000000e+00,-4.698160205809441270e-01
1.000000000000000000e+00,2.550449099274672005e-01
1.000000000000000000e+00,3.583971986633868179e-01
1.000000000000000000e+00,2.718393615751035775e+00
1.000000000000000000e+00,1.638311365165143529e+00
1.000000000000000000e+00,1.330441314535512287e+00
1.000000000000000000e+00,2.447260788911437279e-01
1.000000000000000000e+00,3.418310102655940375e-01
1.000000000000000000e+00,1.214547522580981198e+00
1.000000000000000000e+00,2.862357827904620233e-01
1.000000000000000000e+00,1.176397407581233789e+00
1.000000000000000000e+00,8.870560385136895265e-01
1.000000000000000000e+00,-1.058353640276572305e+00
1.000000000000000000e+00,7.965119911492823945e-01
1.000000000000000000e+00,9.462784675926143585e-01
1.000000000000000000e+00,1.055204271897183022e+00
1.000000000000000000e+00,9.819251794360370766e-01
1.000000000000000000e+00,2.094143202036589935e-01
1.000000000000000000e+00,-4.100242585920568783e-01
1.000000000000000000e+00,3.377512283531904913e-01
1.000000000000000000e+00,7.598333087470953151e-01
1.000000000000000000e+00,2.028490634370109513e-01
1.000000000000000000e+00,-5.208439037822224504e-01
1.000000000000000000e+00,6.229284213058559061e-01
1.000000000000000000e+00,-7.485145373477392061e-01
1.000000000000000000e+00,4.169943235478060228e-01
1.000000000000000000e+00,9.311386723993511083e-01
1.000000000000000000e+00,-1.292499942648996369e-01
1.000000000000000000e+00,1.522245286600377945e+00
1.000000000000000000e+00,6.205470180588087414e-01
1.000000000000000000e+00,1.078578405053197686e+00
1.000000000000000000e+00,1.226784681939889099e+00
1.000000000000000000e+00,4.478629242490172468e-01
1.000000000000000000e+00,1.533603959157354923e+00
1.000000000000000000e+00,4.590995968967163665e-01
1.000000000000000000e+00,1.025781741805223524e+00
1.000000000000000000e+00,-4.805367079492610105e-01
1.000000000000000000e+00,7.348447538525388900e-01
1.000000000000000000e+00,1.014984093920659802e+00
1.000000000000000000e+00,2.091795031739740462e-01
1.000000000000000000e+00,-4.533740184707314436e-01
1.000000000000000000e+00,1.238858246651112077e-01
1.000000000000000000e+00,7.577308873714428961e-01
1.000000000000000000e+00,-7.111865005897193281e-01
1.000000000000000000e+00,1.136459709681389096e+00
1.000000000000000000e+00,-8.023436084301382998e-01
1.000000000000000000e+00,7.513300462531404822e-01
1.000000000000000000e+00,-3.147934906984813375e-01
1.000000000000000000e+00,-3.823678848928303009e-01
1.000000000000000000e+00,1.368170333074204548e+00
1.000000000000000000e+00,5.972778310613124919e-01
1.000000000000000000e+00,1.408059493375734217e+00
1.000000000000000000e+00,-7.453372923985940313e-01
1.000000000000000000e+00,7.935393912092482127e-01
1.000000000000000000e+00,1.621375678834233725e+00
1.000000000000000000e+00,5.601741167171258029e-01
1.000000000000000000e+00,1.270338212276353573e+00
1.000000000000000000e+00,-1.180651771554689811e+00
1.000000000000000000e+00,-7.913671148004327582e-01
1.000000000000000000e+00,-5.334702384789696827e-01
1.000000000000000000e+00,9.063363969361649675e-01
1.000000000000000000e+00,-4.764289403945859425e-01
1.000000000000000000e+00,1.074586899273553275e-01
1.000000000000000000e+00,6.221505079058381460e-01
1.000000000000000000e+00,1.264054998310723876e+00
1.000000000000000000e+00,2.260071824167418919e-01
1.000000000000000000e+00,9.252538165604308196e-01
1.000000000000000000e+00,8.074500045208644616e-01
1.000000000000000000e+00,-8.246813982707835722e-01
1.000000000000000000e+00,-2.556563303733527803e-01
1.000000000000000000e+00,7.394326500824357495e-01
1.000000000000000000e+00,1.549507674929500034e+00
1.000000000000000000e+00,1.016244322374201703e+00
1.000000000000000000e+00,1.043071621421132855e+00
1.000000000000000000e+00,9.807519152882726576e-02
1.000000000000000000e+00,6.178464035796015219e-01
1.000000000000000000e+00,1.712533661225973836e+00
1.000000000000000000e+00,8.598824171436476593e-01
1.000000000000000000e+00,5.638437340599865566e-01
1.000000000000000000e+00,1.594039828194148800e+00
1.000000000000000000e+00,8.210676431399502873e-01
1.000000000000000000e+00,1.241323660375634574e+00
1.000000000000000000e+00,7.663836981412864846e-01
1.000000000000000000e+00,-5.479555837900801363e-03
1.000000000000000000e+00,-1.705379994043478009e-01
1.000000000000000000e+00,3.722986291861327679e-01
1.000000000000000000e+00,6.950378013751820072e-01
1.000000000000000000e+00,4.693502129300028414e-01
1.000000000000000000e+00,1.295391046693002535e+00
1.000000000000000000e+00,5.238907315120246988e-01
1.000000000000000000e+00,6.197135706499083962e-01
1.000000000000000000e+00,6.298859143399665461e-01
1.000000000000000000e+00,1.909459826827198670e-01
1.000000000000000000e+00,3.149005141627864712e-01
1.000000000000000000e+00,9.513434315681095210e-01
1.000000000000000000e+00,-1.413236660774437430e-02
1.000000000000000000e+00,-7.731375297901230681e-01
1.000000000000000000e+00,4.531543970166480029e-01
1.000000000000000000e+00,2.095727942580878800e+00
1.000000000000000000e+00,4.434223899167066829e-01
1.000000000000000000e+00,1.791874706168539833e+00
1.000000000000000000e+00,3.668379307378910603e-01
1.000000000000000000e+00,-7.045871898722133597e-02
1.000000000000000000e+00,9.620925418543585517e-01
1.000000000000000000e+00,1.299166484745702732e+00
1.000000000000000000e+00,-1.879852982580348109e-01
1.000000000000000000e+00,-2.348564390306627780e-01
1.000000000000000000e+00,-1.473099698695985033e-02
1.000000000000000000e+00,7.628828692033763348e-01
1.000000000000000000e+00,-7.893512740055581567e-01
1.000000000000000000e+00,8.421806238555534785e-01
1.000000000000000000e+00,1.016393433374430000e+00
1.000000000000000000e+00,-3.077336751598152564e-01
1.000000000000000000e+00,8.759929643032062785e-01
1.000000000000000000e+00,-1.835421402717612727e-01
1.000000000000000000e+00,1.214763536757264895e+00
1.000000000000000000e+00,2.249078714062614504e-01
1.000000000000000000e+00,3.961375863692519483e-01
1.000000000000000000e+00,5.129352271140228403e-01
1.000000000000000000e+00,-1.791619499805988114e-01
1.000000000000000000e+00,-8.221618694656811221e-02
1.000000000000000000e+00,7.551343444994330634e-01
1.000000000000000000e+00,8.534960061221413818e-01
1.000000000000000000e+00,5.748525860885685956e-01
1.000000000000000000e+00,6.931592651377023184e-01
1.000000000000000000e+00,6.665299984143141510e-02
1.000000000000000000e+00,5.961190505610050039e-01
1.000000000000000000e+00,4.428959100214726052e-01
1.000000000000000000e+00,2.163582576922943312e-01
1.000000000000000000e+00,1.315150659239378683e+00
1.000000000000000000e+00,-3.466962483367594938e-01
1.000000000000000000e+00,-3.099983793561712081e-02
1.000000000000000000e+00,1.228137175557795224e+00
1.000000000000000000e+00,1.832964625433784356e+00
1.000000000000000000e+00,1.846054909606315020e+00
1.000000000000000000e+00,-1.184168342416377806e+00
1.000000000000000000e+00,7.842411615645163980e-01
1.000000000000000000e+00,9.182783952242399295e-01
1.000000000000000000e+00,1.271277043119433126e+00
1.000000000000000000e+00,1.131233390987171905e+00
1.000000000000000000e+00,1.368404712828229064e+00
1.000000000000000000e+00,-5.843695626360628781e-01
1.000000000000000000e+00,6.710593532563653429e-01
1.000000000000000000e+00,7.692784630137529112e-01
1.000000000000000000e+00,7.849613545773489465e-01
1.000000000000000000e+00,1.651222366316871915e+00
1.000000000000000000e+00,-9.221760940403393031e-03
1.000000000000000000e+00,9.025355968951562780e-01
1.000000000000000000e+00,1.288793868803138398e+00
1.000000000000000000e+00,6.244090366922865343e-01
1.000000000000000000e+00,6.241291802695707602e-01
1.000000000000000000e+00,1.294268560072515895e+00
1.000000000000000000e+00,-1.439490155923855708e-01
1.000000000000000000e+00,1.109847112983760375e+00
1.000000000000000000e+00,5.397419206542502373e-02
1.000000000000000000e+00,1.533341593761058830e+00
1.000000000000000000e+00,-2.739230838148044023e-01
1.000000000000000000e+00,1.638311365165143529e+00
1.000000000000000000e+00,5.848093528780035077e-01
1.000000000000000000e+00,1.401746107389530316e+00
1.000000000000000000e+00,2.831110109205761116e-01
1.000000000000000000e+00,7.105234816158955136e-01
1.000000000000000000e+00,1.033849477741326961e+00
1.000000000000000000e+00,1.193932598842679882e+00
1.000000000000000000e+00,5.257928806351710449e-01
1.000000000000000000e+00,1.194552655729259616e+00
1.000000000000000000e+00,-3.916516844407658127e-01
1.000000000000000000e+00,-9.995663004798384099e-01
1.000000000000000000e+00,-3.550189159829305052e-01
1.000000000000000000e+00,1.279338657196289475e+00
1.000000000000000000e+00,1.589604103894103782e+00
1.000000000000000000e+00,9.580984659714116836e-01
1.000000000000000000e+00,2.463470597645927851e-01
1.000000000000000000e+00,1.491649108635654253e+00
1.000000000000000000e+00,6.873657999118251150e-01
1.000000000000000000e+00,4.031794736058377793e-01
1.000000000000000000e+00,2.316838950412673237e-01
1.000000000000000000e+00,3.390210768712633715e-01
1.000000000000000000e+00,3.245503134385550048e-01
1.000000000000000000e+00,1.167996904867494745e+00
1.000000000000000000e+00,6.486463520021152895e-01
1.000000000000000000e+00,1.040789863474017723e-01
1.000000000000000000e+00,-6.270407242403122638e-02
1.000000000000000000e+00,5.810767678400317049e-01
1.000000000000000000e+00,6.960089906171378349e-01
1.000000000000000000e+00,1.344740175082985989e-01
1.000000000000000000e+00,2.130838839958591052e-02
1.000000000000000000e+00,-8.274922062164351555e-01
1.000000000000000000e+00,1.638099670194804180e-01
1.000000000000000000e+00,-1.574652883583028906e+00
1.000000000000000000e+00,1.153879022892804640e+00
1.000000000000000000e+00,7.448330044895293822e-01
1.000000000000000000e+00,2.090478832001655130e-01
1.000000000000000000e+00,5.923051322501814431e-01
1.000000000000000000e+00,1.495581965926132018e+00
1.000000000000000000e+00,1.449295899987244063e+00
1.000000000000000000e+00,8.583497124029576542e-02
1.000000000000000000e+00,5.833208129790233565e-02
1.000000000000000000e+00,1.798175848436249780e+00
1.000000000000000000e+00,-1.875602663160352013e-01
1.000000000000000000e+00,1.358862046089281295e+00
1.000000000000000000e+00,6.113371180974965791e-01
1.000000000000000000e+00,9.469776713737433349e-01
1.000000000000000000e+00,2.729915775854376836e-01
1.000000000000000000e+00,-5.334702384789696827e-01
1.000000000000000000e+00,1.604104164796065213e+00
1.000000000000000000e+00,8.480134438908750738e-01
1.000000000000000000e+00,-2.230967846930135556e-01
1.000000000000000000e+00,7.986240325894655712e-01
1.000000000000000000e+00,7.527966688184353217e-01
1.000000000000000000e+00,8.054258554884404786e-01
1.000000000000000000e+00,5.673668640565818766e-01
1.000000000000000000e+00,1.425696569866075292e+00
1.000000000000000000e+00,1.158773886636367934e+00
1.000000000000000000e+00,1.069699085491218504e+00
1.000000000000000000e+00,9.791423571326569597e-01
1.000000000000000000e+00,5.485137239544085608e-01
1.000000000000000000e+00,2.476942525239124102e-02
1.000000000000000000e+00,6.649803470241860692e-01
1.000000000000000000e+00,1.343974996227783159e+00
1.000000000000000000e+00,-4.931075086371255467e-01
1.000000000000000000e+00,4.131051938233776810e-01
1.000000000000000000e+00,5.659146715880832845e-01
1.000000000000000000e+00,9.507675395232396687e-01
1.000000000000000000e+00,-7.347329739066289778e-02
1.000000000000000000e+00,-1.474279807472711479e-01
1.000000000000000000e+00,1.080994790353084323e+00
1.000000000000000000e+00,-7.782256693756243182e-01
1.000000000000000000e+00,-6.226005736330015861e-01
1.000000000000000000e+00,7.806799885854580623e-01
1.000000000000000000e+00,2.004169362133466081e-01
1.000000000000000000e+00,-9.864463351130547952e-02
1.000000000000000000e+00,6.357069279324547573e-01
1.000000000000000000e+00,7.001451810897449946e-01
1.000000000000000000e+00,5.503695218575426207e-01
1.000000000000000000e+00,3.592118432188860511e-01
1.000000000000000000e+00,2.303432078661945270e-01
1.000000000000000000e+00,-4.500752108879692015e-01
1.000000000000000000e+00,1.990447651907183146e-01
1.000000000000000000e+00,1.035873626773750944e+00
1.000000000000000000e+00,3.885800975782837535e-02
1.000000000000000000e+00,7.765389880805854128e-01
1.000000000000000000e+00,2.048001874341325579e-01
1.000000000000000000e+00,9.246805481695239415e-01
1.000000000000000000e+00,3.963216794223196615e-01
1.000000000000000000e+00,5.335195415560896048e-01
1.000000000000000000e+00,-1.298582982593065628e-02
1.000000000000000000e+00,-2.737962738732613310e-01
1.000000000000000000e+00,1.544562961760640674e+00
1.000000000000000000e+00,5.942737472737228410e-01
1.000000000000000000e+00,-2.197485649606155111e-01
1.000000000000000000e+00,2.246578425386573930e+00
1.000000000000000000e+00,2.055428617709806005e+00
1.000000000000000000e+00,-7.846873453613960325e-02
1.000000000000000000e+00,1.030226211618478604e+00
1.000000000000000000e+00,1.626979750148456749e-01
1.000000000000000000e+00,6.242664848269656730e-01
1.000000000000000000e+00,1.960910609142834771e+00
1.000000000000000000e+00,1.537880515116980318e+00
1.000000000000000000e+00,6.474552131029311930e-01
1.000000000000000000e+00,1.658354278788858882e-01
1.000000000000000000e+00,4.242535367876570929e-01
1.000000000000000000e+00,1.049860326050293002e+00
1.000000000000000000e+00,-2.436806618594197782e-01
1.000000000000000000e+00,-7.990981484779562383e-01
1.000000000000000000e+00,5.440692541411535910e-01
1.000000000000000000e+00,1.153203869273002891e+00
1.000000000000000000e+00,3.047229231648023728e-01
1.000000000000000000e+00,6.197135706499083962e-01
1.000000000000000000e+00,5.961190505610050039e-01
1.000000000000000000e+00,5.238767386908889101e-01
1.000000000000000000e+00,2.090111520446840676e-01
1.000000000000000000e+00,-6.366502406046548046e-01
1.000000000000000000e+00,1.131233390987171905e+00
1.000000000000000000e+00,8.923217120173512207e-01
1.000000000000000000e+00,4.310295604226629940e-01
1.000000000000000000e+00,9.450965114823006719e-01
1.000000000000000000e+00,1.204596003099472235e+00
1.000000000000000000e+00,-1.263980824071616327e-01
1.000000000000000000e+00,9.160666549334642861e-01
1.000000000000000000e+00,8.735407223991592529e-01
1.000000000000000000e+00,1.881183012516392639e+00
1.000000000000000000e+00,-1.164864085614181199e-02
1.000000000000000000e+00,8.454033454733899111e-01
1.000000000000000000e+00,1.194870992410098642e+00
1.000000000000000000e+00,8.100569884580656466e-02
1.000000000000000000e+00,-7.778242503192913659e-01
1.000000000000000000e+00,1.087706097190337173e+00
1.000000000000000000e+00,2.171952961166768503e+00
1.000000000000000000e+00,-2.350191055763663495e-01
1.000000000000000000e+00,-1.896399493573418527e-01
1.000000000000000000e+00,-6.017801303342684704e-01
1.000000000000000000e+00,-9.291588508318132655e-02
1.000000000000000000e+00,1.264277134346254439e+00
1.000000000000000000e+00,1.889238504734002122e+00
1.000000000000000000e+00,-9.223582862091592727e-01
1.000000000000000000e+00,1.563770732423474197e+00
1.000000000000000000e+00,1.243668332467200210e+00
1.000000000000000000e+00,-7.676492829752702418e-01
1.000000000000000000e+00,6.238864922779969735e-01
1.000000000000000000e+00,-8.862874169750579734e-01
1.000000000000000000e+00,1.011955085420422007e+00
1.000000000000000000e+00,-2.121885060663449840e-01
1.000000000000000000e+00,1.765849754407953498e-01
1.000000000000000000e+00,1.020005330330105542e+00
1.000000000000000000e+00,1.510135320908012890e-01
1.000000000000000000e+00,1.907288369447849075e+00
1.000000000000000000e+00,4.856619068933885064e-01
1.000000000000000000e+00,6.796220852401473334e-01
1.000000000000000000e+00,1.476391686289718175e+00
1.000000000000000000e+00,2.304551504352808367e-01
1.000000000000000000e+00,4.535518805920364938e-01
1.000000000000000000e+00,-3.797044923954254886e-02
1.000000000000000000e+00,-6.363830651760933321e-01
1.000000000000000000e+00,3.221973331094399873e-01
1.000000000000000000e+00,-4.216238700379655313e-01
1.000000000000000000e+00,4.667663510521473103e-01
1.000000000000000000e+00,-2.153001596664160799e-01
1.000000000000000000e+00,-2.354008472279770781e-01
1.000000000000000000e+00,7.347284385268476603e-01
1.000000000000000000e+00,3.818216185203582302e-01
1.000000000000000000e+00,6.239157897472500380e-01
1.000000000000000000e+00,1.637256656272033428e+00
1.000000000000000000e+00,6.184410984778725417e-01
1.000000000000000000e+00,6.348752296261963579e-01
1.000000000000000000e+00,4.628474865828053897e-01
1.000000000000000000e+00,4.534876010699439575e-01
1.000000000000000000e+00,1.741777729297791233e-01
1.000000000000000000e+00,3.259631510976092050e-01
1.000000000000000000e+00,1.120313743193330547e+00
1.000000000000000000e+00,2.476333552025662410e+00
1.000000000000000000e+00,6.325764714789824383e-01
1.000000000000000000e+00,-1.082061031036543469e-01
1.000000000000000000e+00,-1.187583028049170819e+00
1.000000000000000000e+00,-1.126827510504556207e+00
1.000000000000000000e+00,-1.442559777509859087e+00
1.000000000000000000e+00,3.867147331612794670e-01
1.000000000000000000e+00,-7.142312510137349690e-01
1.000000000000000000e+00,6.197135706499083962e-01
1.000000000000000000e+00,1.167695470155808921e-02
1.000000000000000000e+00,9.301372575861606429e-02
1.000000000000000000e+00,3.492563882564325706e-01
1.000000000000000000e+00,6.306638277399843062e-01
1.000000000000000000e+00,-4.327109944097759509e-01
1.000000000000000000e+00,5.858028431786445056e-01
1.000000000000000000e+00,5.918471528520390448e-03
1.000000000000000000e+00,3.727550914250273018e-02
1.000000000000000000e+00,4.703904917263166952e-01
1.000000000000000000e+00,-1.005956646982289149e+00
1.000000000000000000e+00,-2.501247932681111563e-01
1.000000000000000000e+00,6.809050520280349739e-01
1.000000000000000000e+00,1.924875596512894083e+00
1.000000000000000000e+00,6.234251664561764050e-01
1.000000000000000000e+00,7.642699075984613621e-01
1.000000000000000000e+00,3.906292248740164674e-01
1.000000000000000000e+00,1.008874041116585296e+00
1.000000000000000000e+00,-8.794925904866508493e-01
1.000000000000000000e+00,7.142105899851759476e-01
1.000000000000000000e+00,8.033684735058190807e-01
1.000000000000000000e+00,2.020497288846950568e+00
1.000000000000000000e+00,-2.319573014015914869e-01
1.000000000000000000e+00,-9.850251356657906410e-01
1.000000000000000000e+00,1.189197340715196782e+00
1.000000000000000000e+00,9.656221774352007070e-02
1.000000000000000000e+00,-4.532856887873117913e-01
1.000000000000000000e+00,-4.576147178261965598e-01
1.000000000000000000e+00,2.862357827904620233e-01
1.000000000000000000e+00,3.134404507323989564e-01
1.000000000000000000e+00,1.561733848846235118e-01
1.000000000000000000e+00,3.430116545489262370e-01
1.000000000000000000e+00,6.813668151255160010e-01
1.000000000000000000e+00,2.744214689952511055e-01
1.000000000000000000e+00,1.143889897704493119e+00
1.000000000000000000e+00,3.160527355281865791e-01
1.000000000000000000e+00,1.747479803910625407e-01
1.000000000000000000e+00,7.590912519512379442e-01
1.000000000000000000e+00,2.951562062645275430e-01
1.000000000000000000e+00,1.195476181924221670e+00
1.000000000000000000e+00,9.830258022734990053e-01
1.000000000000000000e+00,9.092521510403349660e-01
1.000000000000000000e+00,-2.426666731533961424e-02
1.000000000000000000e+00,-3.766260181948913321e-01
1.000000000000000000e+00,3.586958579395038149e-01
1.000000000000000000e+00,-8.729535702596323832e-01
1.000000000000000000e+00,8.449323995870384740e-01
1.000000000000000000e+00,-2.356715208618224977e-01
1.000000000000000000e+00,8.177399753635954394e-01
1.000000000000000000e+00,-4.102744338205197017e-02
1.000000000000000000e+00,1.646206225433746034e-02
1.000000000000000000e+00,1.234200439866196986e+00
1.000000000000000000e+00,1.288793868803138398e+00
1.000000000000000000e+00,-3.805571799333876820e-02
1.000000000000000000e+00,1.719755706034682863e+00
1.000000000000000000e+00,3.999672466038531882e-01
1.000000000000000000e+00,5.703276575537827853e-01
1.000000000000000000e+00,1.294128194585497660e+00
1.000000000000000000e+00,-3.539637698141599453e-01
1.000000000000000000e+00,-1.340106143806913952e-01
1.000000000000000000e+00,-5.840267385182360549e-01
1.000000000000000000e+00,8.037060503157199554e-01
1.000000000000000000e+00,-1.100855138924550225e-01
1.000000000000000000e+00,1.432360650931994828e+00
1.000000000000000000e+00,1.539035797412003914e+00
1.000000000000000000e+00,-3.842040589419026819e-02
1.000000000000000000e+00,1.531623046864659110e-01
1.000000000000000000e+00,1.245452363611352642e-01
1.000000000000000000e+00,1.604184623517595831e+00
1.000000000000000000e+00,6.932900105601897955e-01
1.000000000000000000e+00,9.348257807686315424e-01
1.000000000000000000e+00,1.340838417915064085e+00
1.000000000000000000e+00,-7.870529531340048068e-01
1.000000000000000000e+00,7.222022399563534645e-01
1.000000000000000000e+00,-2.501352878839629978e-01
1.000000000000000000e+00,1.275996122047477810e+00
1.000000000000000000e+00,1.464292268763865534e+00
1.000000000000000000e+00,2.733610755185545971e-01
1.000000000000000000e+00,-1.022377222585137524e+00
1.000000000000000000e+00,-8.065926160231526865e-01
1.000000000000000000e+00,9.640427913001591298e-01
1.000000000000000000e+00,1.242756175439410971e+00
1.000000000000000000e+00,-1.373518377025215176e-01
1.000000000000000000e+00,1.424185345183410112e+00
1.000000000000000000e+00,-8.661473746040525556e-01
1.000000000000000000e+00,5.113155580675552425e-01
1.000000000000000000e+00,1.812874432488075227e+00
1.000000000000000000e+00,4.026162625551222840e-01
1.000000000000000000e+00,-5.871038473411281933e-01
1.000000000000000000e+00,1.682256694493410087e+00
1.000000000000000000e+00,-7.876581426481276127e-01
1.000000000000000000e+00,-7.560282450219973915e-01
1.000000000000000000e+00,-4.390646633074057198e-02
1.000000000000000000e+00,1.365418120067058982e+00
1.000000000000000000e+00,-1.743422976506404376e-01
1.000000000000000000e+00,-4.532856887873117913e-01
1.000000000000000000e+00,8.307358079934594741e-01
1.000000000000000000e+00,-1.105157931423805390e-01
1.000000000000000000e+00,1.481587395687700814e+00
1.000000000000000000e+00,7.415271469455386733e-02
1.000000000000000000e+00,1.671324802981074997e+00
1.000000000000000000e+00,-4.766571982893634818e-01
1.000000000000000000e+00,5.440692541411535910e-01
1.000000000000000000e+00,6.725898180680923710e-01
1.000000000000000000e+00,2.641279999472362916e-01
1.000000000000000000e+00,4.463796852086235889e-01
1.000000000000000000e+00,1.050578769960483605e+00
1.000000000000000000e+00,1.407833859134919541e+00
1.000000000000000000e+00,1.151641046062399365e+00
1.000000000000000000e+00,1.339516533593392511e+00
1.000000000000000000e+00,6.290957572214549431e-01
1.000000000000000000e+00,-1.110999443421676336e+00
1.000000000000000000e+00,3.266920896236517047e-01
1.000000000000000000e+00,9.252538165604308196e-01
1.000000000000000000e+00,1.210987224153243780e+00
1.000000000000000000e+00,4.156838083933073191e-01
1.000000000000000000e+00,2.384608860377923190e+00
1.000000000000000000e+00,1.533341593761058830e+00
1.000000000000000000e+00,-4.423590445829024831e-01
1.000000000000000000e+00,1.292045887890227895e+00
1.000000000000000000e+00,1.672313045973790047e+00
1.000000000000000000e+00,4.103599772268000656e-01
1.000000000000000000e+00,9.659029619598981098e-01
1.000000000000000000e+00,3.859683036088172314e-01
1.000000000000000000e+00,-5.737149038924804767e-01
1.000000000000000000e+00,-6.124356636291719003e-01
1.000000000000000000e+00,1.947097945579169043e+00
1.000000000000000000e+00,-4.337429649685403676e-01
1.000000000000000000e+00,1.030242828093577145e+00
1.000000000000000000e+00,1.962305518499808832e+00
1.000000000000000000e+00,6.306638277399843062e-01
1.000000000000000000e+00,-6.264485994453435902e-01
1.000000000000000000e+00,5.069200095776149606e-02
1.000000000000000000e+00,-2.920096796841327724e-01
1.000000000000000000e+00,-2.490665861697170802e-01
1.000000000000000000e+00,4.282944011662767059e-01
1.000000000000000000e+00,4.171727320172873288e-01
1.000000000000000000e+00,4.572879638352921883e-01
1.000000000000000000e+00,6.865074277902765143e-01
1.000000000000000000e+00,6.973046383991797770e-01
1.000000000000000000e+00,3.924587862375208958e-01
1.000000000000000000e+00,1.242756175439410971e+00
1.000000000000000000e+00,2.097584561484673038e-01
1.000000000000000000e+00,7.116735166029931614e-01
1.000000000000000000e+00,8.694395139793915650e-01
1.000000000000000000e+00,2.380208939131377988e-01
1.000000000000000000e+00,1.040217085909431960e+00
1.000000000000000000e+00,5.966695806175662531e-01
1.000000000000000000e+00,1.312536625340949170e+00
1.000000000000000000e+00,-1.481626574075606446e-02
1.000000000000000000e+00,8.056877836090761136e-01
1.000000000000000000e+00,-1.388381376725386085e-01
1.000000000000000000e+00,9.251479422999307756e-02
1.000000000000000000e+00,-2.980349010100714624e-01
1.000000000000000000e+00,-2.105513459934576503e-01
1.000000000000000000e+00,4.428924118161886581e-01
1.000000000000000000e+00,1.080994790353084323e+00
1.000000000000000000e+00,4.720652575060064193e-01
1.000000000000000000e+00,-3.654921053274081677e-01
1.000000000000000000e+00,-1.505750920483422073e+00
1.000000000000000000e+00,1.026006501494717060e+00
1.000000000000000000e+00,4.998659321731958594e-01
1.000000000000000000e+00,3.522958913725222629e-01
1.000000000000000000e+00,9.072319374888554444e-01
1.000000000000000000e+00,8.028997139977700481e-01
1.000000000000000000e+00,-8.193108321592640353e-02
1.000000000000000000e+00,6.691930607373794970e-01
1.000000000000000000e+00,3.246211520955549212e-01
1.000000000000000000e+00,4.404200552317589223e-01
1.000000000000000000e+00,7.779723776956828374e-01
1.000000000000000000e+00,-2.867785509576501468e-01
1.000000000000000000e+00,-1.631703418006943407e-01
1.000000000000000000e+00,1.189126885783196724e-01
1.000000000000000000e+00,6.533606208978947061e-01
1.000000000000000000e+00,8.547168797662390016e-01
1.000000000000000000e+00,2.080564097226288212e+00
1.000000000000000000e+00,1.431235540657545435e+00
1.000000000000000000e+00,-4.480900329399897103e-02
1.000000000000000000e+00,8.171583987351391798e-01
1.000000000000000000e+00,-7.317144064715823681e-01
1.000000000000000000e+00,7.688285063591051571e-01
1.000000000000000000e+00,7.986240325894655712e-01
1.000000000000000000e+00,-3.986254102249753295e-02
1.000000000000000000e+00,-2.513701543491963508e-01
1.000000000000000000e+00,1.329932325666697945e+00
1.000000000000000000e+00,1.375209543106166721e-01
1.000000000000000000e+00,-5.631678685120400374e-02
1.000000000000000000e+00,2.387673234656000343e-01
1.000000000000000000e+00,1.609709164212269616e+00
1.000000000000000000e+00,1.142401848631834138e+00
1.000000000000000000e+00,1.632104674440099989e+00
1.000000000000000000e+00,4.656088823788212538e-01
1.000000000000000000e+00,1.027409281813580044e+00
1.000000000000000000e+00,-1.196618508572606793e-01
1.000000000000000000e+00,-9.013192050801793753e-01
1.000000000000000000e+00,5.211350202995952419e-01
1.000000000000000000e+00,4.750107463550900522e-01
1.000000000000000000e+00,3.614340781255135360e-01
1.000000000000000000e+00,-8.351445838257304244e-02
1.000000000000000000e+00,1.575461734482425991e+00
1.000000000000000000e+00,1.178955907470780717e+00
1.000000000000000000e+00,1.524094088092944110e+00
1.000000000000000000e+00,1.000837789028037550e+00
1.000000000000000000e+00,1.036487999076744160e+00
1.000000000000000000e+00,3.498453985711171832e-01
1.000000000000000000e+00,1.078782175510987651e+00
1.000000000000000000e+00,-2.566756199379628955e-01
1.000000000000000000e+00,9.955230870997400228e-02
1.000000000000000000e+00,6.357069279324547573e-01
1.000000000000000000e+00,9.716605705816148131e-01
1.000000000000000000e+00,3.160527355281865791e-01
1.000000000000000000e+00,3.534196898199903347e-01
1.000000000000000000e+00,2.750056692776702838e-01
1.000000000000000000e+00,7.688481837638273531e-01
1.000000000000000000e+00,2.130765038602912831e-01
1.000000000000000000e+00,-5.712101889091742990e-01
1.000000000000000000e+00,9.115137407564068983e-01
1.000000000000000000e+00,1.741677209446538477e+00
1.000000000000000000e+00,7.712820600901336698e-01
1.000000000000000000e+00,6.250964340305822375e-01
1.000000000000000000e+00,-1.305386456363737124e-01
1.000000000000000000e+00,9.505615826871472995e-01
1.000000000000000000e+00,6.355464477650536459e-01
1.000000000000000000e+00,-3.833758052902676017e-01
1.000000000000000000e+00,-1.006045030216369401e-01
1.000000000000000000e+00,-8.289623269870139977e-01
1.000000000000000000e+00,2.643986735810817112e-01
1.000000000000000000e+00,1.030213093348663733e+00
1.000000000000000000e+00,-1.082061031036543469e-01
1.000000000000000000e+00,-1.385554336029635847e+00
1.000000000000000000e+00,9.963753909127022190e-01
1.000000000000000000e+00,-4.949510628217657637e-01
1.000000000000000000e+00,1.316807933992648616e+00
1.000000000000000000e+00,1.301310010033441378e+00
1.000000000000000000e+00,-6.830609301067832595e-01
1.000000000000000000e+00,7.890363264574871138e-01
1.000000000000000000e+00,-2.292860379422978490e-02
1.000000000000000000e+00,4.872050526992697250e-01
1.000000000000000000e+00,-2.936039867422917671e-01
1.000000000000000000e+00,2.596013223098084799e-01
1.000000000000000000e+00,9.472740907208973549e-02
1.000000000000000000e+00,9.853782917762929361e-02
1.000000000000000000e+00,-5.987769210979997370e-01
1.000000000000000000e+00,1.352979813904323869e+00
1.000000000000000000e+00,-2.813043505145937373e-02
1.000000000000000000e+00,9.005809746927506687e-01
1.000000000000000000e+00,7.769727119851342623e-02
1.000000000000000000e+00,-1.474279807472711479e-01
1.000000000000000000e+00,1.298125768673728420e+00
1.000000000000000000e+00,-7.954919361058671035e-01
1.000000000000000000e+00,5.302784543605124634e-01
1.000000000000000000e+00,6.091865963991900390e-01
1.000000000000000000e+00,6.260942970878281555e-01
1.000000000000000000e+00,5.347797700096316165e-01
1.000000000000000000e+00,3.204727179044539742e-01
1.000000000000000000e+00,7.386385574829796852e-01
1.000000000000000000e+00,-5.540851622172708879e-01
1.000000000000000000e+00,-6.806174337159460741e-01
1.000000000000000000e+00,-1.297170430428066012e+00
1.000000000000000000e+00,6.408418560136288633e-01
1.000000000000000000e+00,1.770932700236189428e+00
1.000000000000000000e+00,9.652409266099110097e-01
1.000000000000000000e+00,7.670186224003229247e-01
1.000000000000000000e+00,4.807329356483067695e-01
1.000000000000000000e+00,1.553674911974002315e+00
1.000000000000000000e+00,1.054415426605652906e+00
1.000000000000000000e+00,3.681523813733342809e-01
1.000000000000000000e+00,1.571475529561368045e+00
1.000000000000000000e+00,9.255546622148502767e-01
1.000000000000000000e+00,3.117770005692214672e-02
1.000000000000000000e+00,-6.741527503512115826e-01
1.000000000000000000e+00,1.389365084338320067e+00
1.000000000000000000e+00,2.043470002946632391e+00
1.000000000000000000e+00,1.194235193599741285e+00
1.000000000000000000e+00,-3.234344950254915974e-01
1.000000000000000000e+00,-2.349076002829405263e-01
1.000000000000000000e+00,6.250964340305822375e-01
1.000000000000000000e+00,1.241381380762819564e+00
1.000000000000000000e+00,1.613918326169518636e-01
1.000000000000000000e+00,7.285353033472795614e-01
1.000000000000000000e+00,-5.626142239751947827e-01
1.000000000000000000e+00,2.273618624129504773e-01
1.000000000000000000e+00,3.872376613005690249e-02
1.000000000000000000e+00,1.406266663167711206e+00
1.000000000000000000e+00,-4.915048933414172261e-01
1.000000000000000000e+00,4.488371744205965630e-01
1.000000000000000000e+00,-4.208284656115280353e-01
1.000000000000000000e+00,2.933078420476219472e-01
1.000000000000000000e+00,9.096850539442234984e-01
1.000000000000000000e+00,1.110246729386790698e-01
1.000000000000000000e+00,7.262304233408187759e-01
1.000000000000000000e+00,1.868286004185800042e+00
1.000000000000000000e+00,1.472318900787882523e+00
1.000000000000000000e+00,-1.011072772210062087e+00
1.000000000000000000e+00,9.182023092593141200e-01
1.000000000000000000e+00,8.874049844907633267e-01
1.000000000000000000e+00,6.882775196639538962e-01
1.000000000000000000e+00,-2.174992189630374217e-01
1.000000000000000000e+00,1.085074572265487758e+00
1.000000000000000000e+00,-3.262439911441617491e-01
1.000000000000000000e+00,9.173985965953271871e-01
1.000000000000000000e+00,1.707023987903756757e+00
1.000000000000000000e+00,1.706100461708794702e+00
1.000000000000000000e+00,1.265300359391809071e+00
1.000000000000000000e+00,3.478877154390881965e-01
1.000000000000000000e+00,-7.283312046863449352e-01
1.000000000000000000e+00,-1.070085746247610547e+00
1.000000000000000000e+00,1.030192104116959939e+00
1.000000000000000000e+00,9.312803497133509412e-01
1.000000000000000000e+00,3.413180859158352343e-01
1.000000000000000000e+00,-5.981533660061361113e-01
1.000000000000000000e+00,3.275264115838731338e-01
1.000000000000000000e+00,2.063090561832971570e+00
1.000000000000000000e+00,1.051941320918581280e+00
1.000000000000000000e+00,1.208938150408171763e+00
1.000000000000000000e+00,4.355081377374364626e-01
1.000000000000000000e+00,1.303917922072624025e+00
1.000000000000000000e+00,7.765389880805854128e-01
1.000000000000000000e+00,1.162421202920543406e+00
1.000000000000000000e+00,-7.425199253180350123e-01
1.000000000000000000e+00,3.400176281015278579e-01
1.000000000000000000e+00,-3.877809738447387383e-02
1.000000000000000000e+00,1.452543109042068181e+00
1.000000000000000000e+00,8.603883450828385682e-01
1.000000000000000000e+00,8.500170409672558325e-01
1.000000000000000000e+00,9.075922526331020590e-01
1.000000000000000000e+00,2.941627159638865452e-01
1.000000000000000000e+00,1.729643329719099121e-01
1.000000000000000000e+00,-6.636931701028697672e-02
1.000000000000000000e+00,9.855156498843484769e-01
1.000000000000000000e+00,5.541642000393044443e-01
1.000000000000000000e+00,-7.230139326547450063e-01
1.000000000000000000e+00,1.356936721356128750e+00
1.000000000000000000e+00,4.180647743646939141e-01
1.000000000000000000e+00,-9.555789926881644858e-01
1.000000000000000000e+00,1.909563951985056907e+00
1.000000000000000000e+00,5.762396244836536230e-01
1.000000000000000000e+00,1.007382003012321225e-01
1.000000000000000000e+00,3.516998846472697560e-01
1.000000000000000000e+00,6.778773553547786657e-01
1.000000000000000000e+00,5.358576545127478052e-01
1.000000000000000000e+00,-9.706956658220822209e-02
1.000000000000000000e+00,1.161834378984161198e+00
1.000000000000000000e+00,1.487762602565188885e+00
1.000000000000000000e+00,-8.115386410189936450e-01
1.000000000000000000e+00,-3.604520660645611496e-01
1.000000000000000000e+00,-1.665820923314960122e+00
1.000000000000000000e+00,3.592975492483427291e-01
1.000000000000000000e+00,8.695964959415087847e-01
1.000000000000000000e+00,2.729338571982525274e-01
1.000000000000000000e+00,-1.646339034363658027e-01
1.000000000000000000e+00,1.193915107816260202e+00
1.000000000000000000e+00,3.510487811887950671e-01
1.000000000000000000e+00,9.855593774503977889e-01
1.000000000000000000e+00,1.444917896074384034e+00
1.000000000000000000e+00,9.921666126804531416e-01
1.000000000000000000e+00,4.457932985479019505e-01
