label,score
0.000000000000000000e+00,-1.318550982354488532e+00
0.000000000000000000e+00,-1.668513179252674838e+00
0.000000000000000000e+00,-1.040925421629708580e+00
0.000000000000000000e+00,-9.317491285904034859e-01
0.000000000000000000e+00,-1.846477067330087207e+00
0.000000000000000000e+00,-1.125363513994132925e+00
0.000000000000000000e+00,-7.671904356749271736e-01
0.000000000000000000e+00,-1.671913033992597608e+00
0.000000000000000000e+00,-1.105839330923708896e+00
0.000000000000000000e+00,-1.630350548691925638e+00
0.000000000000000000e+00,-1.276900298807493339e+00
0.000000000000000000e+00,-1.588548802191121156e+00
0.000000000000000000e+00,-8.348797748904650540e-01
0.000000000000000000e+00,-1.145673505908129330e+00
0.000000000000000000e+00,-1.398742422986364087e+00
0.000000000000000000e+00,-7.313003173758290121e-01
0.000000000000000000e+00,-1.203319504393397521e+00
0.000000000000000000e+00,-1.688557169008876979e+00
0.000000000000000000e+00,-1.193234879377614632e+00
0.000000000000000000e+00,-9.510054329446004928e-01
0.000000000000000000e+00,-5.034209132754703386e-01
0.000000000000000000e+00,-1.074620435702492660e+00
0.000000000000000000e+00,-1.486350960822348632e+00
0.000000000000000000e+00,-7.182784092737132253e-01
0.000000000000000000e+00,-1.753376312102040480e+00
0.000000000000000000e+00,-1.164543708364857544e+00
0.000000000000000000e+00,-2.054243518151852577e+00
0.000000000000000000e+00,-1.367872567633576564e+00
0.000000000000000000e+00,-1.650912937715081519e+00
0.000000000000000000e+00,-1.118048689224590442e+00
0.000000000000000000e+00,-1.461247300392755299e+00
0.000000000000000000e+00,-1.093138314313535586e+00
0.000000000000000000e+00,-6.671482908053880667e-01
0.000000000000000000e+00,-1.052165068360641165e+00
0.000000000000000000e+00,-2.607012159519885297e-01
0.000000000000000000e+00,-1.305501864155102609e+00
0.000000000000000000e+00,-1.018750130633894635e+00
0.000000000000000000e+00,-8.100768329496659259e-01
0.000000000000000000e+00,-5.985760308474002978e-01
0.000000000000000000e+00,-1.256350576553756149e+00
0.000000000000000000e+00,-5.929613680176232249e-01
0.000000000000000000e+00,-1.748176368685826487e+00
0.000000000000000000e+00,-3.623862877291044726e-01
0.000000000000000000e+00,-1.152422079170691394e+00
0.000000000000000000e+00,-1.690909904143513609e+00
0.000000000000000000e+00,-2.068674459221655770e-01
0.000000000000000000e+00,-7.579136690642978014e-01
0.000000000000000000e+00,-1.115410248068618992e+00
0.000000000000000000e+00,-1.206504493192809058e+00
0.000000000000000000e+00,-1.725796063681271253e+00
0.000000000000000000e+00,-1.691733244155734450e+00
0.000000000000000000e+00,-1.067471686354218630e+00
0.000000000000000000e+00,-1.714941111428983422e+00
0.000000000000000000e+00,-1.609705121958135532e+00
0.000000000000000000e+00,-2.868013289091925766e-01
0.000000000000000000e+00,-1.348488188166367285e+00
0.000000000000000000e+00,-1.012388128408409305e+00
0.000000000000000000e+00,-1.810472948106220059e+00
0.000000000000000000e+00,-2.225301408782933976e-01
0.000000000000000000e+00,-1.697210918219945519e+00
0.000000000000000000e+00,-1.039536768389723642e+00
0.000000000000000000e+00,-1.332827369768671888e+00
0.000000000000000000e+00,-2.059276917007190288e+00
0.000000000000000000e+00,-9.824786018334086268e-01
0.000000000000000000e+00,-1.332002153198018624e+00
0.000000000000000000e+00,-1.382369450663568200e+00
0.000000000000000000e+00,-1.457166254941867134e+00
0.000000000000000000e+00,-8.450333634286389950e-01
0.000000000000000000e+00,-1.475321019496238284e+00
0.000000000000000000e+00,-1.021723537470051513e+00
0.000000000000000000e+00,-3.449436770998337565e-01
0.000000000000000000e+00,-1.300480193789967931e+00
0.000000000000000000e+00,-1.354259543625250695e+00
0.000000000000000000e+00,-1.266022358714408158e+00
0.000000000000000000e+00,-1.677322213674025564e+00
0.000000000000000000e+00,-1.607741772698224381e+00
0.000000000000000000e+00,-1.401557729774590477e+00
0.000000000000000000e+00,-1.041252881076164538e+00
0.000000000000000000e+00,1.097281346289088605e-01
0.000000000000000000e+00,-1.222362819365515829e+00
0.000000000000000000e+00,-4.166835676917332032e-01
0.000000000000000000e+00,-1.094374966320495135e+00
0.000000000000000000e+00,-7.889120686697056462e-01
0.000000000000000000e+00,-7.968503799784171227e-01
0.000000000000000000e+00,-1.335093314075809445e+00
0.000000000000000000e+00,-1.213121707365102164e+00
0.000000000000000000e+00,-4.645775611433636265e-01
0.000000000000000000e+00,-1.638817111199361021e+00
0.000000000000000000e+00,-1.428347947095313986e+00
0.000000000000000000e+00,-1.267972102925684519e+00
0.000000000000000000e+00,-1.221325551691999856e+00
0.000000000000000000e+00,-7.850031974549912528e-01
0.000000000000000000e+00,-9.139086875734613313e-01
0.000000000000000000e+00,-1.088748575000515473e+00
0.000000000000000000e+00,-1.452887701715967372e+00
0.000000000000000000e+00,-2.045531126489771090e+00
0.000000000000000000e+00,-1.129067840339714301e+00
0.000000000000000000e+00,-1.978374467453984098e-01
0.000000000000000000e+00,-1.954675204286497658e+00
0.000000000000000000e+00,-5.727194013468016598e-01
0.000000000000000000e+00,-1.298770649058040405e+00
0.000000000000000000e+00,-1.101579543282133367e+00
0.000000000000000000e+00,-1.190153570431593977e+00
0.000000000000000000e+00,-1.547583531611564478e+00
0.000000000000000000e+00,-9.866121909204044194e-01
0.000000000000000000e+00,-1.379596366440071220e+00
0.000000000000000000e+00,-6.855906379395263484e-01
0.000000000000000000e+00,-1.581729857987343557e+00
0.000000000000000000e+00,-1.077373816062449308e+00
0.000000000000000000e+00,-9.429934667174169061e-01
0.000000000000000000e+00,-1.607051668334704697e+00
0.000000000000000000e+00,1.449243954476226171e-01
0.000000000000000000e+00,-1.536278205335497526e+00
0.000000000000000000e+00,-7.691021795779470205e-01
0.000000000000000000e+00,-9.219642837841984795e-01
0.000000000000000000e+00,-8.476220757861515631e-01
0.000000000000000000e+00,-1.619881435922052304e-01
0.000000000000000000e+00,-1.284773868850286327e+00
0.000000000000000000e+00,-3.261330553733345905e-01
0.000000000000000000e+00,-1.274484229825762593e+00
0.000000000000000000e+00,-1.001557102276134703e+00
0.000000000000000000e+00,-9.229119457925666348e-01
0.000000000000000000e+00,-1.403784266354647370e+00
0.000000000000000000e+00,-8.147926242903175131e-01
0.000000000000000000e+00,-1.753284829878460460e+00
0.000000000000000000e+00,-1.568607084869485524e+00
0.000000000000000000e+00,-8.306129501547679927e-01
0.000000000000000000e+00,-8.785017830707093633e-01
0.000000000000000000e+00,-8.899206411319371401e-01
0.000000000000000000e+00,-2.874848653181987235e-01
0.000000000000000000e+00,-1.371571733443468943e+00
0.000000000000000000e+00,-1.579905843191039105e+00
0.000000000000000000e+00,-1.467941453460777534e+00
0.000000000000000000e+00,-1.502448079055579866e+00
0.000000000000000000e+00,-1.112840770435038706e+00
0.000000000000000000e+00,-7.333612476742257247e-01
0.000000000000000000e+00,-1.518505320422122384e+00
0.000000000000000000e+00,-1.235843076864748369e+00
0.000000000000000000e+00,-9.040586323617301190e-01
0.000000000000000000e+00,-1.435723290874301838e+00
0.000000000000000000e+00,-4.904004125921788138e-01
0.000000000000000000e+00,-1.485134012678929416e+00
0.000000000000000000e+00,-1.454310133007735928e+00
0.000000000000000000e+00,-6.606380404637423043e-01
0.000000000000000000e+00,-1.485703079023558359e+00
0.000000000000000000e+00,-1.342948118534278645e+00
0.000000000000000000e+00,-1.148292243200560447e+00
0.000000000000000000e+00,-9.730352906619026410e-01
0.000000000000000000e+00,-1.493646081728350783e+00
0.000000000000000000e+00,-7.278127335291910693e-01
0.000000000000000000e+00,-8.519475429728614602e-01
0.000000000000000000e+00,-1.833968867098844102e+00
0.000000000000000000e+00,-1.164610326189208234e+00
0.000000000000000000e+00,-7.101843436151116240e-01
0.000000000000000000e+00,-1.579605800566407092e-01
0.000000000000000000e+00,-8.220154976966718152e-01
0.000000000000000000e+00,-9.507710698651028469e-02
0.000000000000000000e+00,-1.043871618368595655e+00
0.000000000000000000e+00,-1.048664348604976260e+00
0.000000000000000000e+00,-1.955072565534560880e+00
0.000000000000000000e+00,-1.076179855759827220e+00
0.000000000000000000e+00,-1.366120800336919849e+00
0.000000000000000000e+00,-5.962631725794522719e-01
0.000000000000000000e+00,-1.017613405363460899e+00
0.000000000000000000e+00,-9.245346996969949771e-01
0.000000000000000000e+00,-1.200856521450856640e+00
0.000000000000000000e+00,-8.622582932797498989e-01
0.000000000000000000e+00,-1.209635530937288594e+00
0.000000000000000000e+00,-1.200367677979213177e+00
0.000000000000000000e+00,-3.256503107165965583e-01
0.000000000000000000e+00,-8.176980058832996612e-01
0.000000000000000000e+00,-1.048713139124219040e+00
0.000000000000000000e+00,-1.425831482237449377e+00
0.000000000000000000e+00,-1.447789092455103566e+00
0.000000000000000000e+00,-1.418189667161058987e+00
0.000000000000000000e+00,-1.758324796688311320e+00
0.000000000000000000e+00,-1.160419032930415817e+00
0.000000000000000000e+00,-1.295763933309707960e+00
0.000000000000000000e+00,-9.135352524454113388e-01
0.000000000000000000e+00,-1.118244527165723201e-01
0.000000000000000000e+00,-1.002288021785559202e+00
0.000000000000000000e+00,-9.805476232064564979e-01
0.000000000000000000e+00,-6.836502765204122145e-01
0.000000000000000000e+00,-1.160321451891930256e+00
0.000000000000000000e+00,-1.379222931312021228e+00
0.000000000000000000e+00,-1.359826823354609582e+00
0.000000000000000000e+00,-2.043627095545035022e-01
0.000000000000000000e+00,-1.198085313785791861e+00
0.000000000000000000e+00,-6.045692893409164714e-01
0.000000000000000000e+00,-6.245020930099981493e-01
0.000000000000000000e+00,-7.783156123414824989e-01
0.000000000000000000e+00,-1.355834445289652690e+00
0.000000000000000000e+00,-1.804106254484653782e+00
0.000000000000000000e+00,-7.622349139945349128e-01
0.000000000000000000e+00,-1.384272750053642254e+00
0.000000000000000000e+00,-5.792676519967038251e-01
0.000000000000000000e+00,-1.657872154661681918e+00
0.000000000000000000e+00,-1.342583127919174446e+00
0.000000000000000000e+00,-9.925050535377866190e-01
0.000000000000000000e+00,-9.374662705793009032e-02
0.000000000000000000e+00,-4.433175615229585365e-01
0.000000000000000000e+00,-5.571092500267813552e-01
0.000000000000000000e+00,-1.245963825630354904e+00
0.000000000000000000e+00,-1.057299801371328840e+00
0.000000000000000000e+00,-1.465550248878276340e+00
0.000000000000000000e+00,-1.631412211625062891e+00
0.000000000000000000e+00,-8.944891226356443958e-01
0.000000000000000000e+00,-1.227422490038907021e+00
0.000000000000000000e+00,-1.426919886128248383e+00
0.000000000000000000e+00,-1.544709113232717090e+00
0.000000000000000000e+00,-1.751730101217206848e+00
0.000000000000000000e+00,-1.342058629837315165e+00
0.000000000000000000e+00,-5.955104102330008309e-02
0.000000000000000000e+00,-1.448679988570891419e+00
0.000000000000000000e+00,-8.205494364213499203e-01
0.000000000000000000e+00,-1.311854952728033874e+00
0.000000000000000000e+00,-1.280565686565602324e+00
0.000000000000000000e+00,-9.603572618925263482e-01
0.000000000000000000e+00,-1.529188098438236443e+00
0.000000000000000000e+00,-1.345219692516713472e+00
0.000000000000000000e+00,-6.597926508899406572e-01
0.000000000000000000e+00,-2.028169207873094404e+00
0.000000000000000000e+00,-1.915320020841950299e+00
0.000000000000000000e+00,-7.997543541525748978e-01
0.000000000000000000e+00,-1.393228156032721099e+00
0.000000000000000000e+00,-1.490678304567490953e+00
0.000000000000000000e+00,-2.282472900399856286e+00
0.000000000000000000e+00,-1.266125569428190989e+00
0.000000000000000000e+00,-9.124567004863824993e-01
0.000000000000000000e+00,-1.378870607466335940e+00
0.000000000000000000e+00,-4.577590860791941885e-01
0.000000000000000000e+00,-1.395096739091795435e+00
0.000000000000000000e+00,-9.010795958502758607e-01
0.000000000000000000e+00,-9.494830749163061245e-01
0.000000000000000000e+00,-1.685700577935137501e+00
0.000000000000000000e+00,-2.900205648999956143e-01
0.000000000000000000e+00,-1.318344560926923092e+00
0.000000000000000000e+00,-7.659026474506843707e-01
0.000000000000000000e+00,-2.024997561707263527e-01
0.000000000000000000e+00,-1.272682264591038948e+00
0.000000000000000000e+00,-9.511761997619500031e-01
0.000000000000000000e+00,-5.376188450081409442e-01
0.000000000000000000e+00,-1.114222855720510053e+00
0.000000000000000000e+00,-5.694082139928104969e-01
0.000000000000000000e+00,-1.092185022629870161e+00
0.000000000000000000e+00,-9.747035511083170789e-01
0.000000000000000000e+00,-3.082316262073390711e-01
0.000000000000000000e+00,-8.128278676115821000e-01
0.000000000000000000e+00,-2.078731667415614659e+00
0.000000000000000000e+00,-1.454970212436336841e+00
0.000000000000000000e+00,-1.626170514783727539e+00
0.000000000000000000e+00,-1.048306864223601753e+00
0.000000000000000000e+00,-1.045966795858383813e+00
0.000000000000000000e+00,-1.991754329077082553e-01
0.000000000000000000e+00,-1.880276230395870218e+00
0.000000000000000000e+00,-1.855543190256678354e+00
0.000000000000000000e+00,-1.456239704215863684e+00
0.000000000000000000e+00,-8.283866202992648531e-02
0.000000000000000000e+00,-1.002005599741481179e+00
0.000000000000000000e+00,-1.674918811461713730e+00
0.000000000000000000e+00,-9.427748476600409377e-01
0.000000000000000000e+00,-1.178467771933355612e+00
0.000000000000000000e+00,-1.056642067640768401e+00
0.000000000000000000e+00,-1.212098044740221425e+00
0.000000000000000000e+00,-1.361131031465135921e+00
0.000000000000000000e+00,-1.468664866736472341e+00
0.000000000000000000e+00,-1.548642586431606960e-01
0.000000000000000000e+00,-9.745857970666832459e-01
0.000000000000000000e+00,-4.218037573745697100e-01
0.000000000000000000e+00,-1.771358433280629585e+00
0.000000000000000000e+00,-1.161886501624562085e+00
0.000000000000000000e+00,-1.475640972708964549e+00
0.000000000000000000e+00,-1.394329226692938795e+00
0.000000000000000000e+00,-1.202687573341282734e+00
0.000000000000000000e+00,-7.756007014293903046e-01
0.000000000000000000e+00,-5.627867775640442716e-01
0.000000000000000000e+00,-8.228632329685140467e-01
0.000000000000000000e+00,-9.790975126778100890e-01
0.000000000000000000e+00,-1.492329206848405532e+00
0.000000000000000000e+00,-4.129074629861119172e-01
0.000000000000000000e+00,-1.075560591477131123e+00
0.000000000000000000e+00,-1.553388195982623232e+00
0.000000000000000000e+00,-4.518981249551630164e-01
0.000000000000000000e+00,-1.331376320960809156e+00
0.000000000000000000e+00,-1.022016280585507753e+00
0.000000000000000000e+00,-1.182952746586820592e+00
0.000000000000000000e+00,-9.537545910480842437e-01
0.000000000000000000e+00,-1.101591740911944228e+00
0.000000000000000000e+00,-4.385989553446582589e-01
0.000000000000000000e+00,-1.189998754360920064e+00
0.000000000000000000e+00,-1.141822338865211561e+00
0.000000000000000000e+00,-6.684196591433472223e-01
0.000000000000000000e+00,-7.849492464000593639e-01
0.000000000000000000e+00,-8.894294519622532036e-01
0.000000000000000000e+00,-1.506375246715010219e+00
0.000000000000000000e+00,-1.048488421251937641e+00
0.000000000000000000e+00,-1.140004892023420480e+00
0.000000000000000000e+00,-6.626239084248424227e-01
0.000000000000000000e+00,-9.337683054636788382e-01
0.000000000000000000e+00,-8.408786630592786082e-01
0.000000000000000000e+00,-1.109414174737454184e+00
0.000000000000000000e+00,-1.261686101316711994e+00
0.000000000000000000e+00,-1.186898679830575176e+00
0.000000000000000000e+00,-1.776777464893827707e+00
0.000000000000000000e+00,-1.059259397514375145e+00
0.000000000000000000e+00,5.214151014931588286e-03
0.000000000000000000e+00,-7.134199994921981425e-01
0.000000000000000000e+00,-2.790394140931279354e-01
0.000000000000000000e+00,-1.078060636448712195e+00
0.000000000000000000e+00,-5.865599580650573408e-01
0.000000000000000000e+00,-6.518107095976756193e-01
0.000000000000000000e+00,-6.754290740280146643e-01
0.000000000000000000e+00,-6.081375652001481669e-01
0.000000000000000000e+00,-1.261544890294672872e+00
0.000000000000000000e+00,-1.151194809955893961e+00
0.000000000000000000e+00,-1.036724276439145997e+00
0.000000000000000000e+00,-1.729525254426082403e+00
0.000000000000000000e+00,-1.127835879728835922e+00
0.000000000000000000e+00,-8.611464324085457145e-01
0.000000000000000000e+00,-1.506857522232140312e+00
0.000000000000000000e+00,-1.244822408963840221e+00
0.000000000000000000e+00,-1.562158291816501343e+00
0.000000000000000000e+00,-1.460459145851142226e+00
0.000000000000000000e+00,-1.415006085780471823e+00
0.000000000000000000e+00,-9.970805721356155171e-01
0.000000000000000000e+00,-1.371920304172289384e+00
0.000000000000000000e+00,-5.641252328659621673e-01
0.000000000000000000e+00,-1.615431909154249279e+00
0.000000000000000000e+00,-1.010362383580620360e+00
0.000000000000000000e+00,1.740410760849292193e-01
0.000000000000000000e+00,-1.387488702067188662e+00
0.000000000000000000e+00,-1.166141128730448395e+00
0.000000000000000000e+00,-9.634141755789257244e-01
0.000000000000000000e+00,-1.225174842176485424e+00
0.000000000000000000e+00,-1.392691929460659228e+00
0.000000000000000000e+00,-1.189323193325251715e+00
0.000000000000000000e+00,-7.686555586710329679e-01
0.000000000000000000e+00,-2.973208463416868730e-01
0.000000000000000000e+00,-1.503830164341051434e+00
0.000000000000000000e+00,-8.921021403096162095e-01
0.000000000000000000e+00,6.912691638524005866e-02
0.000000000000000000e+00,-1.561779227013154081e+00
0.000000000000000000e+00,-1.154186044097158748e+00
0.000000000000000000e+00,-1.033057481262212640e+00
0.000000000000000000e+00,-5.847265604765906621e-01
0.000000000000000000e+00,-1.130455086160875089e+00
0.000000000000000000e+00,-5.277382957218829107e-01
0.000000000000000000e+00,-1.330372831339076800e+00
0.000000000000000000e+00,-8.393492679368627085e-01
0.000000000000000000e+00,-7.707207112259025772e-01
0.000000000000000000e+00,-1.179068739771335528e+00
0.000000000000000000e+00,2.067959343830748087e-01
0.000000000000000000e+00,-1.681192615440875615e+00
0.000000000000000000e+00,-1.230158043093755760e+00
0.000000000000000000e+00,-1.365827118942247287e+00
0.000000000000000000e+00,-7.438230609349233413e-01
0.000000000000000000e+00,-1.522419352172525997e+00
0.000000000000000000e+00,-1.443741355916390745e+00
0.000000000000000000e+00,-1.193534659587192515e+00
0.000000000000000000e+00,-1.104827865928638797e+00
0.000000000000000000e+00,-1.626216490465321796e+00
0.000000000000000000e+00,-1.581991637888665148e+00
0.000000000000000000e+00,-9.926312520923663563e-01
0.000000000000000000e+00,-1.547061379227745670e+00
0.000000000000000000e+00,-1.997538613720439171e+00
0.000000000000000000e+00,-6.088595710570187114e-01
0.000000000000000000e+00,-1.324125768317576890e+00
0.000000000000000000e+00,-1.155121977615324314e+00
0.000000000000000000e+00,-1.090776665526344891e+00
0.000000000000000000e+00,-7.580661394369313522e-01
0.000000000000000000e+00,-1.147078579034397805e+00
0.000000000000000000e+00,-1.061770232696942484e+00
0.000000000000000000e+00,-9.552792947744190855e-01
0.000000000000000000e+00,-1.111302461660068852e+00
0.000000000000000000e+00,-1.501371872794591500e+00
0.000000000000000000e+00,-1.025423641559160215e+00
0.000000000000000000e+00,-7.291300775487444819e-01
0.000000000000000000e+00,-1.454251021417114931e+00
0.000000000000000000e+00,-9.823458353243154084e-01
0.000000000000000000e+00,-1.077617768658662989e+00
0.000000000000000000e+00,-1.485898710240137310e+00
0.000000000000000000e+00,-1.420435438465048383e+00
0.000000000000000000e+00,-8.431718174636861907e-01
0.000000000000000000e+00,-2.690378267879793839e-01
0.000000000000000000e+00,-1.683084186340747079e+00
0.000000000000000000e+00,-1.799725897963795784e+00
0.000000000000000000e+00,-1.373855035916106360e+00
0.000000000000000000e+00,-1.189399193941764299e+00
0.000000000000000000e+00,-1.523909339567861121e+00
0.000000000000000000e+00,-1.655798557593866516e+00
0.000000000000000000e+00,-3.680480712442457669e-02
0.000000000000000000e+00,-1.050539968758172238e+00
0.000000000000000000e+00,-1.123510412542125803e+00
0.000000000000000000e+00,-6.536882063093039097e-01
0.000000000000000000e+00,-8.822947768022223469e-01
0.000000000000000000e+00,-1.554091436255169656e+00
0.000000000000000000e+00,-1.365392226525535824e+00
0.000000000000000000e+00,-1.808545722596132777e+00
0.000000000000000000e+00,-1.213604452021840308e+00
0.000000000000000000e+00,-4.815167849731398220e-01
0.000000000000000000e+00,-1.584241631449127219e+00
0.000000000000000000e+00,-7.076523971501794685e-01
0.000000000000000000e+00,-6.917795276496215839e-01
0.000000000000000000e+00,-1.032707033974959776e+00
0.000000000000000000e+00,-1.621202326333916588e+00
0.000000000000000000e+00,-3.740378390359513916e-01
0.000000000000000000e+00,-1.138363841674276067e+00
0.000000000000000000e+00,-1.967400616156292248e+00
0.000000000000000000e+00,-1.377347311158825249e+00
0.000000000000000000e+00,-4.019666581855411147e-01
0.000000000000000000e+00,-7.235351185825076303e-01
0.000000000000000000e+00,-9.039619896024608803e-01
0.000000000000000000e+00,-1.565180958311509274e+00
0.000000000000000000e+00,-1.318031644808318470e+00
0.000000000000000000e+00,-1.102594292254460262e+00
0.000000000000000000e+00,-9.014244134622315663e-01
0.000000000000000000e+00,-1.286087459752975004e+00
0.000000000000000000e+00,-7.665209734541641451e-01
0.000000000000000000e+00,-7.478661060775552150e-01
0.000000000000000000e+00,-4.884093840953895871e-01
0.000000000000000000e+00,-6.470433129001326167e-01
0.000000000000000000e+00,-8.974944309651524676e-01
0.000000000000000000e+00,-1.326540429880483263e+00
0.000000000000000000e+00,-1.771541397727789846e+00
0.000000000000000000e+00,-1.099317821231468706e+00
0.000000000000000000e+00,-9.729414627402820370e-01
0.000000000000000000e+00,-6.571917409026174495e-01
0.000000000000000000e+00,-1.119524133292074453e+00
0.000000000000000000e+00,-7.915795964813795438e-01
0.000000000000000000e+00,-1.527058204617448789e+00
0.000000000000000000e+00,-1.960856587762863201e+00
0.000000000000000000e+00,-1.431245090899904149e-01
0.000000000000000000e+00,-1.452814985076711363e+00
0.000000000000000000e+00,-1.341429513622849123e+00
0.000000000000000000e+00,-1.123695722687326537e+00
0.000000000000000000e+00,-4.693421430032580499e-01
0.000000000000000000e+00,-1.245242758052700571e+00
0.000000000000000000e+00,-1.642968058451856672e+00
0.000000000000000000e+00,-9.645236907520893244e-01
0.000000000000000000e+00,-1.442633717301659457e+00
0.000000000000000000e+00,-1.020265451568067361e+00
0.000000000000000000e+00,-1.280726132311573506e+00
0.000000000000000000e+00,-1.117245522215517983e+00
0.000000000000000000e+00,-1.424446112974721013e+00
0.000000000000000000e+00,-1.072952175256078222e+00
0.000000000000000000e+00,-2.029041338404557582e+00
0.000000000000000000e+00,-9.253167554237027304e-01
0.000000000000000000e+00,-1.741624364919059476e+00
0.000000000000000000e+00,-1.543634314390553097e+00
0.000000000000000000e+00,-8.033531240863331924e-01
0.000000000000000000e+00,-6.361250268007507813e-01
0.000000000000000000e+00,-1.192307859512003132e+00
0.000000000000000000e+00,-1.336841797395209586e+00
0.000000000000000000e+00,-1.234159334811266495e+00
0.000000000000000000e+00,-6.095524902581869187e-01
0.000000000000000000e+00,-1.606454453613589628e+00
0.000000000000000000e+00,-1.618159693560314027e-01
0.000000000000000000e+00,-1.937903932436422227e+00
0.000000000000000000e+00,-1.000734700543129962e+00
0.000000000000000000e+00,-1.684372443704597933e+00
0.000000000000000000e+00,-8.347535763358853167e-01
0.000000000000000000e+00,-1.036805437591347800e+00
0.000000000000000000e+00,-1.209385479526169593e+00
0.000000000000000000e+00,-9.110788374573838277e-01
0.000000000000000000e+00,-1.130614593627630171e+00
0.000000000000000000e+00,-7.320626692389964330e-01
0.000000000000000000e+00,-8.793687530664837659e-01
0.000000000000000000e+00,-5.742985252676764407e-01
0.000000000000000000e+00,-1.064973048801461930e+00
0.000000000000000000e+00,-5.877956717928006780e-01
0.000000000000000000e+00,-1.737553171399941476e+00
0.000000000000000000e+00,-8.208323276050359940e-01
0.000000000000000000e+00,-4.049775961903463450e-01
0.000000000000000000e+00,-1.071689251431064971e+00
0.000000000000000000e+00,-4.440813208049502747e-01
0.000000000000000000e+00,-1.381826186997384909e+00
0.000000000000000000e+00,2.478737984685762952e-01
0.000000000000000000e+00,-6.287867450508031197e-01
0.000000000000000000e+00,-1.909705358012173226e+00
0.000000000000000000e+00,-1.325666422790587218e+00
0.000000000000000000e+00,-1.481386994629010356e+00
0.000000000000000000e+00,-1.484129115638372687e+00
0.000000000000000000e+00,-1.299837941666474705e+00
0.000000000000000000e+00,-9.885018852618434604e-01
0.000000000000000000e+00,-7.938094170386932324e-01
0.000000000000000000e+00,-1.518962731540022704e+00
0.000000000000000000e+00,-1.790538737018314119e+00
0.000000000000000000e+00,-1.517926871285331325e+00
0.000000000000000000e+00,-1.519726021682406447e+00
0.000000000000000000e+00,-1.110459417784307679e+00
0.000000000000000000e+00,-5.065402225297473970e-01
0.000000000000000000e+00,-1.464449178218058645e+00
0.000000000000000000e+00,-9.647296430400466027e-01
0.000000000000000000e+00,-1.190842267376289287e+00
0.000000000000000000e+00,-1.549603177624448103e+00
0.000000000000000000e+00,-1.207261684520287259e+00
0.000000000000000000e+00,-1.827647210879655759e+00
0.000000000000000000e+00,-1.362830724265293281e+00
0.000000000000000000e+00,-1.314213317537967773e+00
0.000000000000000000e+00,-1.403742512929526232e+00
0.000000000000000000e+00,-8.909668224580068463e-01
0.000000000000000000e+00,-1.425921087902596973e+00
0.000000000000000000e+00,-1.658847026767320099e+00
0.000000000000000000e+00,-9.955741648539966349e-01
0.000000000000000000e+00,-1.148119130685170353e+00
0.000000000000000000e+00,-1.432434153081891370e+00
0.000000000000000000e+00,-1.704821300942592766e+00
0.000000000000000000e+00,-1.939564217509498922e+00
0.000000000000000000e+00,-1.434395625783370321e+00
0.000000000000000000e+00,-1.000697638514089771e+00
0.000000000000000000e+00,-9.648248783804914686e-01
0.000000000000000000e+00,-1.284337569014750491e+00
0.000000000000000000e+00,-9.983997927136012418e-01
0.000000000000000000e+00,-8.814925480723661000e-01
0.000000000000000000e+00,-1.821400147858155849e+00
0.000000000000000000e+00,-7.247666100537781819e-01
0.000000000000000000e+00,-6.161725192681287711e-01
0.000000000000000000e+00,-1.207138300803356268e+00
0.000000000000000000e+00,-9.709105573768040953e-01
0.000000000000000000e+00,-1.589644243176041805e+00
0.000000000000000000e+00,-1.010526582443456389e+00
0.000000000000000000e+00,-1.132628140825608254e+00
0.000000000000000000e+00,-8.061914187153566003e-01
0.000000000000000000e+00,-7.647757741120209118e-01
0.000000000000000000e+00,-1.483004587997749590e+00
0.000000000000000000e+00,-4.185526198904157003e-01
0.000000000000000000e+00,-1.343892027425781954e+00
0.000000000000000000e+00,-4.681045527170822340e-01
0.000000000000000000e+00,-1.066653976017295058e+00
0.000000000000000000e+00,-4.716671989010166599e-01
0.000000000000000000e+00,-1.289203015890387105e+00
0.000000000000000000e+00,-2.029647466778226939e+00
0.000000000000000000e+00,-1.404884867875257015e+00
0.000000000000000000e+00,-8.323351616561142086e-01
0.000000000000000000e+00,-1.561830832370045385e+00
0.000000000000000000e+00,5.304286090556946665e-01
0.000000000000000000e+00,-3.957224100016897284e-01
0.000000000000000000e+00,-1.620842965394109658e+00
0.000000000000000000e+00,-1.289969120870419372e+00
0.000000000000000000e+00,-1.253987989487349353e+00
0.000000000000000000e+00,-1.036684399572457282e+00
0.000000000000000000e+00,-1.171437245766323576e+00
0.000000000000000000e+00,-9.992766146411458106e-01
0.000000000000000000e+00,-5.042611423135828774e-01
0.000000000000000000e+00,-1.059440485403102983e+00
0.000000000000000000e+00,-1.203887632458810364e+00
0.000000000000000000e+00,-1.029407105971563041e+00
0.000000000000000000e+00,-5.240076975582476093e-01
0.000000000000000000e+00,-9.751731598560281489e-01
0.000000000000000000e+00,-1.548852554251483049e+00
0.000000000000000000e+00,-8.606960583847668156e-01
0.000000000000000000e+00,-1.173814376160581485e+00
0.000000000000000000e+00,-1.621850677272314911e+00
0.000000000000000000e+00,-1.829696881827457933e+00
0.000000000000000000e+00,-1.793083087837610556e-01
0.000000000000000000e+00,-9.520525525498864106e-01
0.000000000000000000e+00,-1.287610756060485473e+00
0.000000000000000000e+00,-1.095402851201848993e+00
0.000000000000000000e+00,-6.443288711276484726e-01
0.000000000000000000e+00,-1.020064659815799191e+00
0.000000000000000000e+00,-1.222168126428152979e+00
0.000000000000000000e+00,-1.433050133387330671e+00
0.000000000000000000e+00,-6.761459193491961006e-01
0.000000000000000000e+00,-1.268435143718882108e+00
0.000000000000000000e+00,-1.807526282227724934e+00
0.000000000000000000e+00,-1.305234192163429729e-01
0.000000000000000000e+00,-6.480749508983512097e-01
0.000000000000000000e+00,-1.992827982915476692e+00
0.000000000000000000e+00,-1.229027885777835616e+00
0.000000000000000000e+00,-1.891835830339528846e+00
0.000000000000000000e+00,-9.741433984162420900e-01
0.000000000000000000e+00,-7.014119020831930396e-01
0.000000000000000000e+00,-7.515910745658932468e-01
0.000000000000000000e+00,-9.703968495059311916e-01
0.000000000000000000e+00,-2.479518779621805169e-01
0.000000000000000000e+00,-1.361187797357716445e+00
0.000000000000000000e+00,-7.994076599821867690e-01
0.000000000000000000e+00,-8.640175668101363060e-01
0.000000000000000000e+00,-1.189465342626506938e+00
0.000000000000000000e+00,-1.497827992194981084e+00
0.000000000000000000e+00,-5.459315297241185139e-01
0.000000000000000000e+00,-9.112416289013955950e-01
0.000000000000000000e+00,-6.506622558370394049e-01
0.000000000000000000e+00,-1.399413761765559538e+00
0.000000000000000000e+00,-1.530323416289845806e+00
0.000000000000000000e+00,-1.307242372101165007e+00
0.000000000000000000e+00,-1.270130145122958298e+00
0.000000000000000000e+00,-6.147134950869284076e-01
0.000000000000000000e+00,-1.483327825187732651e+00
0.000000000000000000e+00,1.436537984054917727e+00
0.000000000000000000e+00,-1.380092716145444154e+00
0.000000000000000000e+00,-1.024283163171861633e+00
0.000000000000000000e+00,-1.317185316955300500e+00
0.000000000000000000e+00,-1.053184246313994821e-01
0.000000000000000000e+00,-9.315464602797028926e-01
0.000000000000000000e+00,-1.390266946826374639e+00
0.000000000000000000e+00,-1.146325609963392500e+00
0.000000000000000000e+00,-1.600678406758625050e+00
0.000000000000000000e+00,-7.286459254731820767e-01
0.000000000000000000e+00,-8.891357705675807521e-01
0.000000000000000000e+00,-1.201802776040400422e+00
0.000000000000000000e+00,3.226567909736861861e-02
0.000000000000000000e+00,-8.147926242903175131e-01
0.000000000000000000e+00,-1.789865052541078194e+00
0.000000000000000000e+00,-1.517517781547065514e+00
0.000000000000000000e+00,-1.601986367986016235e+00
0.000000000000000000e+00,-8.811130141294107876e-01
0.000000000000000000e+00,-1.331093429777123083e+00
0.000000000000000000e+00,-1.206680420545847676e+00
0.000000000000000000e+00,-1.517342323333634946e+00
0.000000000000000000e+00,-1.365464474025183561e+00
0.000000000000000000e+00,-1.761663663279180447e+00
0.000000000000000000e+00,-8.593834057612945720e-01
0.000000000000000000e+00,-1.172538785566149544e+00
0.000000000000000000e+00,1.619658185564990305e+00
0.000000000000000000e+00,-1.046405441391960123e+00
0.000000000000000000e+00,-5.171183824132545848e-01
0.000000000000000000e+00,-7.341808345695817195e-01
0.000000000000000000e+00,-1.410260269504901576e+00
0.000000000000000000e+00,-1.856300850723764606e+00
0.000000000000000000e+00,-8.492072985219316639e-01
0.000000000000000000e+00,-1.446714293612939572e+00
0.000000000000000000e+00,-1.175522513473684638e+00
0.000000000000000000e+00,-1.098558284205950031e+00
0.000000000000000000e+00,-1.225502770762549432e+00
0.000000000000000000e+00,-1.608137726527463229e+00
0.000000000000000000e+00,-1.599869140934647271e+00
0.000000000000000000e+00,-6.025749768668705597e-01
0.000000000000000000e+00,-9.468333744097402471e-01
0.000000000000000000e+00,-1.605646126068828172e+00
0.000000000000000000e+00,-1.356821984164709560e+00
0.000000000000000000e+00,-8.210997371816547430e-01
0.000000000000000000e+00,-3.449971590151574841e-01
0.000000000000000000e+00,-6.617123701662982471e-01
0.000000000000000000e+00,-6.160073821260765303e-01
0.000000000000000000e+00,-1.266336682251837154e+00
0.000000000000000000e+00,-7.749908199388563235e-01
0.000000000000000000e+00,-1.489293404444370861e+00
0.000000000000000000e+00,-1.404550371334679637e+00
0.000000000000000000e+00,-1.463102278403194845e+00
0.000000000000000000e+00,2.156819077001543294e-01
0.000000000000000000e+00,-1.311759717387589008e+00
0.000000000000000000e+00,-7.460768076122502590e-01
0.000000000000000000e+00,-1.461554586836062875e+00
0.000000000000000000e+00,-1.209323083958292022e+00
0.000000000000000000e+00,-1.324204114632129947e+00
0.000000000000000000e+00,-9.355266407148490337e-01
0.000000000000000000e+00,-1.355229255195199878e+00
0.000000000000000000e+00,-1.267016465543978621e+00
0.000000000000000000e+00,-2.444994795861502868e-01
0.000000000000000000e+00,-7.851120378440711312e-01
0.000000000000000000e+00,-1.583527600965594528e+00
0.000000000000000000e+00,-7.451577631199763907e-01
0.000000000000000000e+00,-1.525811700678718852e+00
0.000000000000000000e+00,-8.738549552524488284e-01
0.000000000000000000e+00,-1.527483714241998136e+00
0.000000000000000000e+00,-1.038724687728097340e+00
0.000000000000000000e+00,-1.419031303617996009e+00
0.000000000000000000e+00,-5.663939920107484705e-01
0.000000000000000000e+00,-9.696978314898576645e-01
0.000000000000000000e+00,-1.319473310824019086e+00
0.000000000000000000e+00,-9.603216072823105298e-01
0.000000000000000000e+00,-1.297436885152203567e+00
0.000000000000000000e+00,-1.511738919854452190e+00
0.000000000000000000e+00,-1.390334033790333379e+00
0.000000000000000000e+00,-1.377609560199754890e+00
0.000000000000000000e+00,-9.950426296780159330e-01
0.000000000000000000e+00,-1.821276295001616585e+00
0.000000000000000000e+00,3.204107572546427973e-01
0.000000000000000000e+00,-1.182070764123586804e+00
0.000000000000000000e+00,-1.538509170896581457e-01
0.000000000000000000e+00,-1.321823700260615242e+00
0.000000000000000000e+00,-1.384056476694306870e+00
0.000000000000000000e+00,-1.646920559650124849e+00
0.000000000000000000e+00,-9.389668414610685687e-01
0.000000000000000000e+00,-1.134156597668807942e+00
0.000000000000000000e+00,-9.914213410430685602e-01
0.000000000000000000e+00,-8.535304200106010875e-01
0.000000000000000000e+00,-1.191502346804890200e+00
0.000000000000000000e+00,-1.095160775164067735e+00
0.000000000000000000e+00,-1.215484294431509182e+00
0.000000000000000000e+00,-3.371827005629853269e-01
0.000000000000000000e+00,-1.402517589412769272e+00
0.000000000000000000e+00,-1.208418582793869378e+00
0.000000000000000000e+00,-1.462406075224769841e+00
0.000000000000000000e+00,-1.286922528255398213e+00
0.000000000000000000e+00,-1.358679307873189357e+00
0.000000000000000000e+00,-1.205536189041684247e+00
0.000000000000000000e+00,-1.605015602435537536e+00
0.000000000000000000e+00,-4.412894709971291185e-01
0.000000000000000000e+00,-1.223728484764703639e+00
0.000000000000000000e+00,-9.240983998614592521e-01
0.000000000000000000e+00,-1.405516329787763752e+00
0.000000000000000000e+00,-1.424585447438327712e+00
0.000000000000000000e+00,-1.240549485413237951e+00
0.000000000000000000e+00,-1.560385882377087974e+00
0.000000000000000000e+00,-7.790671739936635420e-01
0.000000000000000000e+00,-1.220420112248361111e+00
0.000000000000000000e+00,-3.089616074375474142e-01
0.000000000000000000e+00,-9.122784274353032963e-01
0.000000000000000000e+00,-1.128580873426503484e+00
0.000000000000000000e+00,-1.221201698835460814e+00
0.000000000000000000e+00,-4.269961945570540651e-01
0.000000000000000000e+00,-1.327621327537552576e+00
0.000000000000000000e+00,-7.538021295388829257e-01
0.000000000000000000e+00,-1.883707986629143738e+00
0.000000000000000000e+00,-1.859030304963708025e+00
0.000000000000000000e+00,-2.923747074534566170e-01
0.000000000000000000e+00,-1.264797904337259249e+00
0.000000000000000000e+00,-1.293815127377648144e+00
0.000000000000000000e+00,-1.424220456823223513e+00
0.000000000000000000e+00,-1.228079754629859410e+00
0.000000000000000000e+00,-1.011832197972807323e+00
0.000000000000000000e+00,-1.735938392868850766e+00
0.000000000000000000e+00,-1.249492693762505935e+00
0.000000000000000000e+00,-1.678544791492742050e+00
0.000000000000000000e+00,-1.003704354262422216e+00
0.000000000000000000e+00,-8.219925098558747978e-01
0.000000000000000000e+00,-1.780726682114839088e+00
0.000000000000000000e+00,-1.441381114548024422e+00
0.000000000000000000e+00,-7.056726280039847810e-01
0.000000000000000000e+00,-1.238908904203701589e+00
0.000000000000000000e+00,-8.898488627718973420e-01
0.000000000000000000e+00,-1.249293778568670410e+00
0.000000000000000000e+00,-1.112353803521827667e+00
0.000000000000000000e+00,-8.327813134234202108e-01
0.000000000000000000e+00,2.559533207993267001e-01
0.000000000000000000e+00,-7.271728271037385394e-01
0.000000000000000000e+00,-5.053204595486795458e-01
0.000000000000000000e+00,-1.365861366133638732e+00
0.000000000000000000e+00,-1.522684885190712212e+00
0.000000000000000000e+00,-6.292727736847978370e-01
0.000000000000000000e+00,-8.451952165934345507e-01
0.000000000000000000e+00,-5.970827594748082667e-01
0.000000000000000000e+00,-1.127740644388390834e+00
0.000000000000000000e+00,-8.981315225529563628e-01
0.000000000000000000e+00,-1.154498491076155542e+00
0.000000000000000000e+00,-1.224426095361952793e+00
0.000000000000000000e+00,-5.691356438805026396e-01
0.000000000000000000e+00,-1.016991326243116278e+00
0.000000000000000000e+00,-8.075406642282608738e-01
0.000000000000000000e+00,-6.726301871260719212e-01
0.000000000000000000e+00,-5.391773267862591812e-01
0.000000000000000000e+00,-4.673511145064687677e-01
0.000000000000000000e+00,-1.995216579384883060e-01
0.000000000000000000e+00,-6.995756896570777261e-01
0.000000000000000000e+00,-8.645153239343336127e-01
0.000000000000000000e+00,-6.760291035867784792e-01
0.000000000000000000e+00,-1.613035074896450816e+00
0.000000000000000000e+00,-5.932498888766065681e-01
0.000000000000000000e+00,-9.350940939961780440e-01
0.000000000000000000e+00,-1.223706904342730883e+00
0.000000000000000000e+00,-1.435851365987313999e+00
0.000000000000000000e+00,-4.689255470312625462e-01
0.000000000000000000e+00,-1.546915476809625822e+00
0.000000000000000000e+00,-1.373401377915070665e+00
0.000000000000000000e+00,-3.572041716179983895e-01
0.000000000000000000e+00,-1.294737924986786748e+00
0.000000000000000000e+00,-1.132782487756674117e+00
0.000000000000000000e+00,-5.832084247047693015e-01
0.000000000000000000e+00,-9.324847394959090430e-01
0.000000000000000000e+00,-9.427837613125948923e-01
0.000000000000000000e+00,-1.412765475012171867e+00
0.000000000000000000e+00,-1.642111878667068758e+00
0.000000000000000000e+00,-1.240807512197694473e+00
0.000000000000000000e+00,-1.011218563365408496e+00
0.000000000000000000e+00,-1.360009787801769621e+00
0.000000000000000000e+00,-1.147707226109256018e+00
0.000000000000000000e+00,-1.077092332297587607e+00
0.000000000000000000e+00,-7.924991101132614624e-01
0.000000000000000000e+00,-9.216016388671348647e-01
0.000000000000000000e+00,-1.369778681861299141e+00
0.000000000000000000e+00,-9.987507091404622672e-01
0.000000000000000000e+00,-9.044958704764820556e-01
0.000000000000000000e+00,-3.704507975923956309e-01
0.000000000000000000e+00,-1.625802240191366765e+00
0.000000000000000000e+00,-1.445548012547195560e+00
0.000000000000000000e+00,-1.185132838345675399e+00
0.000000000000000000e+00,-1.226391790319904640e+00
0.000000000000000000e+00,-1.181095892017948845e+00
0.000000000000000000e+00,-1.744252954143260759e+00
0.000000000000000000e+00,-1.738689427530766940e+00
0.000000000000000000e+00,-1.509056848714927179e+00
0.000000000000000000e+00,-1.439473592901477472e+00
0.000000000000000000e+00,-3.763190025351022261e-02
0.000000000000000000e+00,-1.252421532335893151e+00
0.000000000000000000e+00,-1.724347829711057267e+00
0.000000000000000000e+00,-1.768722806962306882e+00
0.000000000000000000e+00,-7.556444407799034479e-01
0.000000000000000000e+00,-8.988164663807868271e-01
0.000000000000000000e+00,-8.024964751619371173e-01
0.000000000000000000e+00,-1.200156096015958740e+00
0.000000000000000000e+00,-8.767927074783899988e-01
0.000000000000000000e+00,-1.986617250368354348e-01
0.000000000000000000e+00,-1.039866104394612023e+00
0.000000000000000000e+00,-8.080135569532287398e-01
0.000000000000000000e+00,-1.852562277186791562e+00
0.000000000000000000e+00,-1.558213765991571131e+00
0.000000000000000000e+00,-8.863176489417058379e-01
0.000000000000000000e+00,-7.617535767566211424e-01
0.000000000000000000e+00,7.445458027523509381e-01
0.000000000000000000e+00,-1.198273907908249392e+00
0.000000000000000000e+00,-9.259477481966013057e-01
0.000000000000000000e+00,-3.780855755746643787e-01
0.000000000000000000e+00,-1.695089468912103658e+00
1.000000000000000000e+00,1.212167744223169752e+00
1.000000000000000000e+00,1.130806062684131252e-01
1.000000000000000000e+00,4.512448803020244759e-01
1.000000000000000000e+00,2.868098335185335218e-02
1.000000000000000000e+00,2.859684037861505712e-01
1.000000000000000000e+00,9.434839844288335220e-01
1.000000000000000000e+00,-1.323449269002692219e+00
1.000000000000000000e+00,1.777883962910683735e+00
1.000000000000000000e+00,1.311322746093785963e+00
1.000000000000000000e+00,5.559057046133379920e-01
1.000000000000000000e+00,-3.645006999428248573e-01
1.000000000000000000e+00,1.770515449501263716e-01
1.000000000000000000e+00,-5.168497721423654517e-02
1.000000000000000000e+00,9.204942670733525789e-01
1.000000000000000000e+00,1.523277206197087175e+00
1.000000000000000000e+00,6.861843663647256841e-01
1.000000000000000000e+00,-6.337546710855600229e-02
1.000000000000000000e+00,-6.440853876710429526e-01
1.000000000000000000e+00,6.022942290625658002e-01
1.000000000000000000e+00,4.369365913944900925e-01
1.000000000000000000e+00,-3.769371218140281088e-01
1.000000000000000000e+00,-3.111599956411182366e-01
1.000000000000000000e+00,-2.168352551755307056e-01
1.000000000000000000e+00,5.206437642494897711e-01
1.000000000000000000e+00,6.872066215707821613e-01
1.000000000000000000e+00,-6.100375806129654244e-01
1.000000000000000000e+00,1.447042019880344421e+00
1.000000000000000000e+00,4.006214326104505785e-01
1.000000000000000000e+00,-6.920947894662667910e-01
1.000000000000000000e+00,-1.011623168432147085e-01
1.000000000000000000e+00,5.795128096930824979e-01
1.000000000000000000e+00,6.971659863112014133e-01
1.000000000000000000e+00,-1.354484468222086069e-01
1.000000000000000000e+00,-3.276235119082779312e-01
1.000000000000000000e+00,7.252332016451815688e-01
1.000000000000000000e+00,9.992801654393514976e-01
1.000000000000000000e+00,1.395771628669196573e+00
1.000000000000000000e+00,-8.466898236569030470e-03
1.000000000000000000e+00,9.595806335224567052e-01
1.000000000000000000e+00,1.316706592236376316e+00
1.000000000000000000e+00,2.088592310519673312e+00
1.000000000000000000e+00,1.196759322934633607e+00
1.000000000000000000e+00,-8.893567353229973049e-01
1.000000000000000000e+00,1.208749593038531023e+00
1.000000000000000000e+00,2.950750810473371732e+00
1.000000000000000000e+00,-5.508903353817675708e-01
1.000000000000000000e+00,-1.622696273570670422e-01
1.000000000000000000e+00,-8.805547379957682219e-01
1.000000000000000000e+00,9.998548614592777106e-01
1.000000000000000000e+00,8.930472543012847320e-01
1.000000000000000000e+00,5.536702543807270338e-01
1.000000000000000000e+00,9.235422671071980005e-01
1.000000000000000000e+00,1.236816808372511067e+00
1.000000000000000000e+00,1.169953695734790404e-02
1.000000000000000000e+00,-3.916906242096522828e-01
1.000000000000000000e+00,-3.917300319367329475e-01
1.000000000000000000e+00,1.688375878801489982e+00
1.000000000000000000e+00,1.523208711814304284e+00
1.000000000000000000e+00,-5.327754476940852468e-01
1.000000000000000000e+00,9.531520134726207960e-01
1.000000000000000000e+00,1.180521931958579573e+00
1.000000000000000000e+00,1.533060436859914055e-01
1.000000000000000000e+00,1.808112504419194577e+00
1.000000000000000000e+00,4.215398985961566480e-01
1.000000000000000000e+00,9.803529903654888134e-02
1.000000000000000000e+00,2.104891158784388594e+00
1.000000000000000000e+00,-6.443759918130126385e-02
1.000000000000000000e+00,9.179210363229074465e-01
1.000000000000000000e+00,5.204490713121270318e-01
1.000000000000000000e+00,6.274462108717936415e-01
1.000000000000000000e+00,6.065690291716006044e-01
1.000000000000000000e+00,8.500759427574793303e-01
1.000000000000000000e+00,-1.174957669385528591e+00
1.000000000000000000e+00,1.619166320531144343e-01
1.000000000000000000e+00,-1.170881991194883398e-01
1.000000000000000000e+00,4.466552875159525149e-01
1.000000000000000000e+00,-7.365579649638397397e-01
1.000000000000000000e+00,1.027300935952129457e+00
1.000000000000000000e+00,-3.222072951327283885e-01
1.000000000000000000e+00,-2.176736076552108212e-01
1.000000000000000000e+00,7.788997512499658271e-02
1.000000000000000000e+00,4.029202166901554305e-01
1.000000000000000000e+00,-2.408674007402166195e-01
1.000000000000000000e+00,1.170446689734958801e+00
1.000000000000000000e+00,7.674764085172108841e-01
1.000000000000000000e+00,8.286991273746565634e-01
1.000000000000000000e+00,6.629706626916256895e-02
1.000000000000000000e+00,6.525418959280491205e-01
1.000000000000000000e+00,9.829433168663795906e-01
1.000000000000000000e+00,-4.874457713403459458e-01
1.000000000000000000e+00,4.731691816075034307e-01
1.000000000000000000e+00,-1.264792274661961979e+00
1.000000000000000000e+00,1.708715688925851184e-01
1.000000000000000000e+00,-3.655417207332054552e-01
1.000000000000000000e+00,1.679603906409179670e+00
1.000000000000000000e+00,-4.630617710695827394e-01
1.000000000000000000e+00,1.057058461294104745e+00
1.000000000000000000e+00,-6.901905517969765258e-01
1.000000000000000000e+00,1.191277426613949642e+00
1.000000000000000000e+00,-5.680941539505138804e-01
1.000000000000000000e+00,-1.104038979832363404e-01
1.000000000000000000e+00,1.912706241766549242e+00
1.000000000000000000e+00,1.483720292721055767e+00
1.000000000000000000e+00,6.325143260581307381e-01
1.000000000000000000e+00,6.163956274029267490e-01
1.000000000000000000e+00,1.074555492117915456e+00
1.000000000000000000e+00,1.739879901537473295e+00
1.000000000000000000e+00,8.991812546772318671e-01
1.000000000000000000e+00,1.568666463281055634e+00
1.000000000000000000e+00,4.854085648433034694e-01
1.000000000000000000e+00,-5.181913046969862657e-01
1.000000000000000000e+00,1.793384335562407950e+00
1.000000000000000000e+00,3.945470129647325463e-01
1.000000000000000000e+00,7.973746757416171338e-01
1.000000000000000000e+00,3.001542472559700636e-01
1.000000000000000000e+00,-1.203515342334530308e-01
1.000000000000000000e+00,-9.107909924625624820e-02
1.000000000000000000e+00,2.076830773819976217e-01
1.000000000000000000e+00,8.738172217651414275e-01
1.000000000000000000e+00,2.032018558453974610e-01
1.000000000000000000e+00,9.765526971248000843e-01
1.000000000000000000e+00,1.077650406112571124e+00
1.000000000000000000e+00,-3.509116020545124393e-01
1.000000000000000000e+00,5.807593136318123239e-01
1.000000000000000000e+00,3.495082031680171175e-01
1.000000000000000000e+00,1.002143324467604346e+00
1.000000000000000000e+00,1.016669294153298431e+00
1.000000000000000000e+00,8.933198244135925892e-01
1.000000000000000000e+00,-5.920582742720248426e-01
1.000000000000000000e+00,1.397793413655566697e-01
1.000000000000000000e+00,9.822208418699008847e-01
1.000000000000000000e+00,-4.132902809063239702e-01
1.000000000000000000e+00,2.482371749403022507e-02
1.000000000000000000e+00,2.930529955084914651e+00
1.000000000000000000e+00,1.009913683796614725e+00
1.000000000000000000e+00,2.196055846577741819e-02
1.000000000000000000e+00,4.089369321640768384e-01
1.000000000000000000e+00,7.978353708367743602e-01
1.000000000000000000e+00,3.830896854556402609e-01
1.000000000000000000e+00,1.790364746320102785e-01
1.000000000000000000e+00,1.027475996753899473e-02
1.000000000000000000e+00,-9.084277295319935774e-01
1.000000000000000000e+00,-6.805652144575267126e-01
1.000000000000000000e+00,8.745073261286610000e-01
1.000000000000000000e+00,5.660081569342286789e-01
1.000000000000000000e+00,1.173207576328645363e+00
1.000000000000000000e+00,1.749050642596671423e+00
1.000000000000000000e+00,-3.253894690944912904e-01
1.000000000000000000e+00,6.157121627218683016e-03
1.000000000000000000e+00,5.148372233199985937e-01
1.000000000000000000e+00,8.963387377917355625e-01
1.000000000000000000e+00,9.626769549359367462e-01
1.000000000000000000e+00,-2.605712642805439461e-01
1.000000000000000000e+00,6.096944372407829826e-01
1.000000000000000000e+00,1.209914466685450884e+00
1.000000000000000000e+00,5.577226823155210234e-01
1.000000000000000000e+00,9.595794885186866019e-02
1.000000000000000000e+00,1.915564240259112871e+00
1.000000000000000000e+00,-1.743659230123956183e-01
1.000000000000000000e+00,8.317888808336232342e-01
1.000000000000000000e+00,2.546154063649645576e-03
1.000000000000000000e+00,1.472900995078983755e+00
1.000000000000000000e+00,9.936645643303582132e-01
1.000000000000000000e+00,-6.022284894210362671e-02
1.000000000000000000e+00,-2.896724633107831681e-01
1.000000000000000000e+00,9.337000779018448382e-01
1.000000000000000000e+00,6.092252976326799629e-01
1.000000000000000000e+00,3.029043436386700261e-01
1.000000000000000000e+00,6.628507696765051360e-01
1.000000000000000000e+00,8.195405839452691854e-01
1.000000000000000000e+00,1.028698502844668239e+00
1.000000000000000000e+00,2.083268514246920056e+00
1.000000000000000000e+00,9.896998655022795077e-01
1.000000000000000000e+00,7.865654924463694186e-02
1.000000000000000000e+00,1.039336243458404585e+00
1.000000000000000000e+00,-8.856075782995917467e-02
1.000000000000000000e+00,1.244734549266413720e-02
1.000000000000000000e+00,-6.319745486878631802e-01
1.000000000000000000e+00,1.176089500941222221e+00
1.000000000000000000e+00,5.318069412243013883e-01
1.000000000000000000e+00,-2.688862946945621002e-01
1.000000000000000000e+00,1.561964128115141681e-01
1.000000000000000000e+00,1.364688314794722190e+00
1.000000000000000000e+00,7.691155823079229847e-01
1.000000000000000000e+00,-2.119726231375427816e-01
1.000000000000000000e+00,-2.119726231375427816e-01
1.000000000000000000e+00,2.585931693741224668e-01
1.000000000000000000e+00,-5.758602910230514738e-01
1.000000000000000000e+00,7.885679870183071039e-01
1.000000000000000000e+00,3.497573162999198515e-01
1.000000000000000000e+00,1.220537194831727845e+00
1.000000000000000000e+00,4.142879385341000087e-01
1.000000000000000000e+00,7.925209573561832199e-01
1.000000000000000000e+00,1.121573395196663603e-01
1.000000000000000000e+00,6.585825375219838129e-01
1.000000000000000000e+00,2.129064777786167928e-01
1.000000000000000000e+00,1.237371124664734950e-01
1.000000000000000000e+00,1.605205870797768331e+00
1.000000000000000000e+00,-2.120894388999604308e-01
1.000000000000000000e+00,-4.113860432370337605e-01
1.000000000000000000e+00,8.906377532740675784e-01
1.000000000000000000e+00,1.407557353903960973e+00
1.000000000000000000e+00,1.345186181285878968e+00
1.000000000000000000e+00,-1.005024513119624041e+00
1.000000000000000000e+00,4.339979008893327106e-01
1.000000000000000000e+00,1.577745984531727652e-01
1.000000000000000000e+00,-2.318055000700984525e-01
1.000000000000000000e+00,7.314192765176280586e-01
1.000000000000000000e+00,1.255744715001035905e+00
1.000000000000000000e+00,-6.550576248253566769e-01
1.000000000000000000e+00,-6.683694612052802908e-01
1.000000000000000000e+00,2.800835165421061701e-01
1.000000000000000000e+00,9.232650055988090854e-01
1.000000000000000000e+00,-7.163936130529091617e-02
1.000000000000000000e+00,3.079640143120612183e-01
1.000000000000000000e+00,-9.971509430768309423e-01
1.000000000000000000e+00,-2.890822856837895194e-01
1.000000000000000000e+00,8.935661227078466329e-01
1.000000000000000000e+00,8.290833527136930448e-01
1.000000000000000000e+00,6.079312038689779069e-02
1.000000000000000000e+00,1.724260367425290985e+00
1.000000000000000000e+00,1.484230319203011517e-02
1.000000000000000000e+00,7.310287456391324767e-02
1.000000000000000000e+00,1.001301218871059273e+00
1.000000000000000000e+00,8.745073261286610000e-01
1.000000000000000000e+00,1.257736681777041454e+00
1.000000000000000000e+00,6.805040239898141330e-01
1.000000000000000000e+00,-2.230510925678416689e-02
1.000000000000000000e+00,-2.680915721984355460e-01
1.000000000000000000e+00,1.604764879566151548e+00
1.000000000000000000e+00,8.475191318933178453e-01
1.000000000000000000e+00,3.151146402187676721e-01
1.000000000000000000e+00,-3.645006999428248573e-01
1.000000000000000000e+00,8.513154096020876249e-01
1.000000000000000000e+00,-5.403262496865035569e-01
1.000000000000000000e+00,-3.613424521010752399e-01
1.000000000000000000e+00,-8.212203060609372107e-01
1.000000000000000000e+00,2.400555868995392639e-01
1.000000000000000000e+00,1.517549949861365377e+00
1.000000000000000000e+00,1.910276830151237948e-01
1.000000000000000000e+00,1.269897718698288269e+00
1.000000000000000000e+00,2.343208243300878013e-01
1.000000000000000000e+00,4.048061579147296252e-01
1.000000000000000000e+00,-2.759229196764994563e-01
1.000000000000000000e+00,-2.344730278817722946e-01
1.000000000000000000e+00,7.924862410251836131e-01
1.000000000000000000e+00,1.588320391298370104e-01
1.000000000000000000e+00,9.694729112989172171e-01
1.000000000000000000e+00,1.176201156167950623e+00
1.000000000000000000e+00,-4.357026941287839988e-02
1.000000000000000000e+00,1.034479710235322036e+00
1.000000000000000000e+00,-3.623229538820105788e-01
1.000000000000000000e+00,1.940967943313338384e-01
1.000000000000000000e+00,-1.444420598340976150e-02
1.000000000000000000e+00,3.932160638965442323e-01
1.000000000000000000e+00,-7.865100738762181853e-01
1.000000000000000000e+00,2.286997080461742549e+00
1.000000000000000000e+00,1.773164418453167190e+00
1.000000000000000000e+00,8.348936467600490685e-01
1.000000000000000000e+00,-4.537409053357916999e-01
1.000000000000000000e+00,-3.368158333894487044e-01
1.000000000000000000e+00,8.740006553519097388e-01
1.000000000000000000e+00,9.708315396039836065e-01
1.000000000000000000e+00,-2.895392276620818994e-01
1.000000000000000000e+00,8.178282243756931358e-01
1.000000000000000000e+00,1.018158343269417454e+00
1.000000000000000000e+00,8.096924052919703962e-01
1.000000000000000000e+00,1.765833436212395358e-01
1.000000000000000000e+00,3.089379481384831316e-01
1.000000000000000000e+00,1.081605722148487825e+00
1.000000000000000000e+00,1.017935764370622720e-01
1.000000000000000000e+00,2.091833858487111286e-01
1.000000000000000000e+00,9.969053807431339509e-01
1.000000000000000000e+00,1.017579218268464397e-01
1.000000000000000000e+00,-4.479141914031520288e-01
1.000000000000000000e+00,-3.058493352773918872e-01
1.000000000000000000e+00,1.544048831485457018e+00
1.000000000000000000e+00,-8.056284511856329766e-01
1.000000000000000000e+00,1.844714776643393117e+00
1.000000000000000000e+00,1.637455465737986948e+00
1.000000000000000000e+00,3.865341084583327480e-01
1.000000000000000000e+00,-8.191992526292293242e-01
1.000000000000000000e+00,3.957892946469893647e-01
1.000000000000000000e+00,2.955313455577228132e-01
1.000000000000000000e+00,6.801015022060616921e-01
1.000000000000000000e+00,-5.554728910737180003e-01
1.000000000000000000e+00,5.177768521043721872e-01
1.000000000000000000e+00,6.187849554269954089e-01
1.000000000000000000e+00,1.076721978828135251e+00
1.000000000000000000e+00,2.212047336671202125e+00
1.000000000000000000e+00,1.693300906407355644e+00
1.000000000000000000e+00,7.372319162620246669e-01
1.000000000000000000e+00,-3.431618848682584377e-01
1.000000000000000000e+00,1.153028005225701369e+00
1.000000000000000000e+00,6.281194262094215164e-01
1.000000000000000000e+00,-3.687051291106442363e-01
1.000000000000000000e+00,8.468937687957165394e-01
1.000000000000000000e+00,6.934762032934710385e-01
1.000000000000000000e+00,1.884953819109606243e+00
1.000000000000000000e+00,1.490288247234498265e+00
1.000000000000000000e+00,-8.092061098370266770e-01
1.000000000000000000e+00,3.350230486282279041e-01
1.000000000000000000e+00,-1.429859045773013815e+00
1.000000000000000000e+00,7.275183806762514083e-01
1.000000000000000000e+00,7.282572755590136504e-01
1.000000000000000000e+00,2.208142950128015036e-01
1.000000000000000000e+00,5.951853565809804847e-01
1.000000000000000000e+00,4.050580858842809384e-01
1.000000000000000000e+00,-5.861182352787781130e-02
1.000000000000000000e+00,-1.992964709265988565e-01
1.000000000000000000e+00,7.240861553033696163e-01
1.000000000000000000e+00,3.527602789313873388e-01
1.000000000000000000e+00,3.227916407657656639e-01
1.000000000000000000e+00,9.144376747327424004e-01
1.000000000000000000e+00,5.621461996803245320e-01
1.000000000000000000e+00,9.221789474060505531e-01
1.000000000000000000e+00,2.013792484679171879e-01
1.000000000000000000e+00,8.600948882281277408e-01
1.000000000000000000e+00,-1.445370208635724518e+00
1.000000000000000000e+00,7.370789767497830658e-01
1.000000000000000000e+00,2.836302119793650545e-01
1.000000000000000000e+00,-3.596329073691477696e-01
1.000000000000000000e+00,2.165415797904977069e+00
1.000000000000000000e+00,-7.596222755170091157e-01
1.000000000000000000e+00,-3.721155116464990725e-02
1.000000000000000000e+00,2.436886040246891427e-01
1.000000000000000000e+00,2.526735657990784034e-01
1.000000000000000000e+00,7.354480407474631165e-02
1.000000000000000000e+00,-3.071896671377422616e-01
1.000000000000000000e+00,1.986915476530949076e-01
1.000000000000000000e+00,8.174707399943186292e-01
1.000000000000000000e+00,8.598176267197388256e-01
1.000000000000000000e+00,-6.773424320744127203e-02
1.000000000000000000e+00,-4.854690237563536598e-02
1.000000000000000000e+00,7.354480407474631165e-02
1.000000000000000000e+00,8.167492032770561350e-01
1.000000000000000000e+00,-2.713079933515899489e-01
1.000000000000000000e+00,1.621973858670586965e+00
1.000000000000000000e+00,-5.217806918385825554e-01
1.000000000000000000e+00,7.781732607215682274e-01
1.000000000000000000e+00,3.359871305228796512e-01
1.000000000000000000e+00,4.901098128561039435e-01
1.000000000000000000e+00,-6.824347357958172600e-01
1.000000000000000000e+00,2.196055846577741819e-02
1.000000000000000000e+00,5.388182326674012534e-01
1.000000000000000000e+00,5.074159038594167059e-01
1.000000000000000000e+00,-8.606026996027543730e-01
1.000000000000000000e+00,-9.019188866091721879e-01
1.000000000000000000e+00,-4.749291265961570474e-01
1.000000000000000000e+00,4.911569324613899168e-01
1.000000000000000000e+00,-1.384775667713528780e+00
1.000000000000000000e+00,7.305241581453675304e-01
1.000000000000000000e+00,6.879807019241521715e-01
1.000000000000000000e+00,-4.742498124436238527e-01
1.000000000000000000e+00,-3.804641133877467163e-01
1.000000000000000000e+00,8.817982247781901428e-01
1.000000000000000000e+00,-5.913193793892626005e-01
1.000000000000000000e+00,5.973279171711870505e-01
1.000000000000000000e+00,-5.882075763687151237e-01
1.000000000000000000e+00,7.978194200900988742e-01
1.000000000000000000e+00,5.163739179515901973e-02
1.000000000000000000e+00,1.230880315771575306e+00
1.000000000000000000e+00,4.259502800519333054e-01
1.000000000000000000e+00,1.840093751503578234e+00
1.000000000000000000e+00,3.318629242280459191e-01
1.000000000000000000e+00,-6.263702069294644348e-01
1.000000000000000000e+00,3.777067775922660631e-01
1.000000000000000000e+00,1.352331177517288152e+00
1.000000000000000000e+00,-8.466898236569030470e-03
1.000000000000000000e+00,3.702835815732518077e-01
1.000000000000000000e+00,-2.672963805627009415e-01
1.000000000000000000e+00,-6.025749768668705597e-01
1.000000000000000000e+00,-5.499853650777368763e-01
1.000000000000000000e+00,1.274972870978746897e+00
1.000000000000000000e+00,4.133360542692589568e-01
1.000000000000000000e+00,1.501553020779714254e-01
1.000000000000000000e+00,3.983008613842190654e-02
1.000000000000000000e+00,1.479618135987802896e+00
1.000000000000000000e+00,1.699660562934800279e+00
1.000000000000000000e+00,-5.397660969944284570e-01
1.000000000000000000e+00,1.239174704042836916e+00
1.000000000000000000e+00,3.345515633220843554e-01
1.000000000000000000e+00,1.293661516407139223e+00
1.000000000000000000e+00,6.480400322486924436e-01
1.000000000000000000e+00,1.077650406112571124e+00
1.000000000000000000e+00,-3.323383649697134179e-01
1.000000000000000000e+00,1.374872397407422620e+00
1.000000000000000000e+00,4.536499523482147994e-02
1.000000000000000000e+00,1.255412564158499000e+00
1.000000000000000000e+00,-2.382983922462444115e-01
1.000000000000000000e+00,7.924637223239946460e-01
1.000000000000000000e+00,-5.073919176430083389e-02
1.000000000000000000e+00,1.507770265590849590e+00
1.000000000000000000e+00,2.879181479974267654e-01
1.000000000000000000e+00,-6.579831794214872076e-01
1.000000000000000000e+00,1.560602891696980743e+00
1.000000000000000000e+00,3.476982625599556176e-01
1.000000000000000000e+00,6.121766549072561459e-01
1.000000000000000000e+00,9.843493282718643878e-01
1.000000000000000000e+00,-2.318055000700984525e-01
1.000000000000000000e+00,8.829096165097862769e-01
1.000000000000000000e+00,6.732980396093515285e-01
1.000000000000000000e+00,1.887963818835195484e+00
1.000000000000000000e+00,-1.159062750323389901e+00
1.000000000000000000e+00,4.641579480150604398e-01
1.000000000000000000e+00,-2.901251830326025960e-01
1.000000000000000000e+00,-8.226286631644624814e-01
1.000000000000000000e+00,1.940292382277669925e-01
1.000000000000000000e+00,7.367571469786243776e-01
1.000000000000000000e+00,8.468937687957165394e-01
1.000000000000000000e+00,1.034317857070526481e+00
1.000000000000000000e+00,-3.416367120023154902e-01
1.000000000000000000e+00,1.135959298864088751e+00
1.000000000000000000e+00,-1.457455920804620608e-01
1.000000000000000000e+00,2.052867329362627391e+00
1.000000000000000000e+00,8.582633671980934853e-01
1.000000000000000000e+00,2.950481317613766752e-01
1.000000000000000000e+00,4.134636602426629559e-01
1.000000000000000000e+00,8.943857096032026277e-01
1.000000000000000000e+00,2.001532196885561277e+00
1.000000000000000000e+00,7.203883969123014985e-01
1.000000000000000000e+00,2.236666638300679466e-01
1.000000000000000000e+00,6.183571001044054771e-01
1.000000000000000000e+00,-1.577496342163821952e+00
1.000000000000000000e+00,-6.450438398903974857e-01
1.000000000000000000e+00,4.951324215004550000e-01
1.000000000000000000e+00,1.001301218871059273e+00
1.000000000000000000e+00,5.104282492830463092e-01
1.000000000000000000e+00,1.013050351216391753e+00
1.000000000000000000e+00,1.682313656785582756e+00
1.000000000000000000e+00,9.842367347659196630e-01
1.000000000000000000e+00,2.521168115846371016e+00
1.000000000000000000e+00,-2.845790145856085251e-01
1.000000000000000000e+00,9.605831848649728499e-01
1.000000000000000000e+00,2.437786056739786655e+00
1.000000000000000000e+00,1.213410495045034621e+00
1.000000000000000000e+00,1.984701344305256798e+00
1.000000000000000000e+00,4.692847056524103722e-01
1.000000000000000000e+00,1.409268568469767002e-01
1.000000000000000000e+00,2.862238240612572593e+00
1.000000000000000000e+00,-1.087483043062407451e-01
1.000000000000000000e+00,1.861160934745052842e+00
1.000000000000000000e+00,5.322657597610261915e-01
1.000000000000000000e+00,-2.194863631009209282e-01
1.000000000000000000e+00,-3.774588050582387000e-01
1.000000000000000000e+00,7.258276015286481142e-01
1.000000000000000000e+00,3.057304406378826833e-01
1.000000000000000000e+00,-6.683694612052802908e-01
1.000000000000000000e+00,-9.091349296459587392e-02
1.000000000000000000e+00,-1.032086831413047578e+00
1.000000000000000000e+00,8.596956504216320960e-01
1.000000000000000000e+00,1.861160934745052842e+00
1.000000000000000000e+00,5.787893964173876915e-01
1.000000000000000000e+00,6.505100522853548561e-01
1.000000000000000000e+00,2.303725453882926599e-01
1.000000000000000000e+00,1.134394718271065194e+00
1.000000000000000000e+00,7.032967027098918633e-01
1.000000000000000000e+00,1.454072546047376457e+00
1.000000000000000000e+00,2.067982800811153099e-01
1.000000000000000000e+00,1.378197452225103092e-01
1.000000000000000000e+00,-7.327935887484210431e-01
1.000000000000000000e+00,9.962528075482626200e-01
1.000000000000000000e+00,4.804192651111277024e-01
1.000000000000000000e+00,4.665669799026694875e-01
1.000000000000000000e+00,1.201278544779490254e+00
1.000000000000000000e+00,6.629706626916256895e-02
1.000000000000000000e+00,-8.960459345798842123e-02
1.000000000000000000e+00,-2.424249442391187004e-01
1.000000000000000000e+00,4.917639991142752076e-01
1.000000000000000000e+00,-8.799134241514913191e-01
1.000000000000000000e+00,5.529280755207079956e-01
1.000000000000000000e+00,2.825643267897549604e-01
1.000000000000000000e+00,-1.905052638103561236e-01
1.000000000000000000e+00,4.053100138538323072e-01
1.000000000000000000e+00,6.979250541971121491e-01
1.000000000000000000e+00,5.142245269918159778e-01
1.000000000000000000e+00,1.869860452913161553e-01
1.000000000000000000e+00,8.150814119702498584e-01
1.000000000000000000e+00,9.614515622795716254e-01
1.000000000000000000e+00,5.083837388709332439e-01
1.000000000000000000e+00,1.369398476460076619e+00
1.000000000000000000e+00,3.785760932860809946e-01
1.000000000000000000e+00,4.897035379554867118e-01
1.000000000000000000e+00,-4.076948528004791239e-01
1.000000000000000000e+00,-3.849106185933472424e-01
1.000000000000000000e+00,7.588977216434389383e-01
1.000000000000000000e+00,1.548734597891190168e+00
1.000000000000000000e+00,3.445233881073685167e-02
1.000000000000000000e+00,-2.051283453949276359e-01
1.000000000000000000e+00,9.817521714014060263e-01
1.000000000000000000e+00,3.299202171108912562e-01
1.000000000000000000e+00,1.070047529623653348e+00
1.000000000000000000e+00,-7.919881453520896328e-03
1.000000000000000000e+00,5.530631877278416875e-01
1.000000000000000000e+00,1.153016276735498780e+00
1.000000000000000000e+00,1.232857270080121470e+00
1.000000000000000000e+00,1.080864084156024467e-02
1.000000000000000000e+00,-7.099615023012626480e-01
1.000000000000000000e+00,7.973746757416171338e-01
1.000000000000000000e+00,4.807040328532462548e-01
1.000000000000000000e+00,-1.084060932036350122e+00
1.000000000000000000e+00,1.456897704767373014e+00
1.000000000000000000e+00,1.396020272661491202e+00
1.000000000000000000e+00,1.094844444477494939e-02
1.000000000000000000e+00,2.114038236138627846e-01
1.000000000000000000e+00,-3.427614463674923118e-02
1.000000000000000000e+00,1.108490705670048149e+00
1.000000000000000000e+00,1.815574639025681281e+00
1.000000000000000000e+00,1.374295355689455933e+00
1.000000000000000000e+00,2.076014470901877129e-01
1.000000000000000000e+00,1.033108415160836735e+00
1.000000000000000000e+00,1.284945840767801162e+00
1.000000000000000000e+00,8.810996759017247770e-01
1.000000000000000000e+00,8.892157911219071842e-01
1.000000000000000000e+00,6.696981246718231029e-02
1.000000000000000000e+00,2.229263615284813593e-01
1.000000000000000000e+00,3.620176040935305789e-02
1.000000000000000000e+00,-8.649185215822480233e-02
1.000000000000000000e+00,1.670007186585823922e+00
1.000000000000000000e+00,-4.050517202484266166e-01
1.000000000000000000e+00,8.878993853815700943e-01
1.000000000000000000e+00,9.607497294258494636e-01
1.000000000000000000e+00,1.252418515179585468e+00
1.000000000000000000e+00,3.521433603467318818e-01
1.000000000000000000e+00,2.627394252305370603e-01
1.000000000000000000e+00,5.769925917183530428e-01
1.000000000000000000e+00,-4.037400059041705291e-01
1.000000000000000000e+00,3.846134509027589465e-01
1.000000000000000000e+00,5.051569966464005690e-01
1.000000000000000000e+00,4.076228721217802220e-01
1.000000000000000000e+00,1.034388490426796092e-01
1.000000000000000000e+00,4.158858280392989104e-01
1.000000000000000000e+00,6.510181304809304903e-01
1.000000000000000000e+00,1.141075528705506603e-01
1.000000000000000000e+00,2.341817522815354061e-02
1.000000000000000000e+00,-1.434946602407836946e-01
1.000000000000000000e+00,1.236198275644477401e-01
1.000000000000000000e+00,1.313545529556978231e+00
1.000000000000000000e+00,-3.576334343594126941e-01
1.000000000000000000e+00,6.878685775578154971e-01
1.000000000000000000e+00,7.055954867895967153e-01
1.000000000000000000e+00,1.418867371576108871e+00
1.000000000000000000e+00,1.004330922460188624e+00
1.000000000000000000e+00,1.431482535637999431e+00
1.000000000000000000e+00,-6.475246501380462760e-01
1.000000000000000000e+00,-1.343942901228011022e-01
1.000000000000000000e+00,1.114266752525012727e+00
1.000000000000000000e+00,2.830550468198307357e-01
1.000000000000000000e+00,1.649492649802694499e+00
1.000000000000000000e+00,3.800942290579024108e-01
1.000000000000000000e+00,7.104205876589363422e-01
1.000000000000000000e+00,-5.976677765661128072e-01
1.000000000000000000e+00,1.511885558233129423e+00
1.000000000000000000e+00,6.547121357551337617e-01
1.000000000000000000e+00,9.867860393963515664e-01
1.000000000000000000e+00,-3.049959703302524971e-01
1.000000000000000000e+00,6.067674752258281901e-01
1.000000000000000000e+00,-4.874457713403459458e-01
1.000000000000000000e+00,1.020585202462134466e+00
1.000000000000000000e+00,1.487940672635550632e+00
1.000000000000000000e+00,-9.937140263078680924e-01
1.000000000000000000e+00,-2.091620077453975046e-01
1.000000000000000000e+00,2.448727123955411755e-01
1.000000000000000000e+00,-5.494988673041339977e-01
1.000000000000000000e+00,1.796918626645302164e-01
1.000000000000000000e+00,4.475109981611324339e-01
1.000000000000000000e+00,1.385377371512065858e+00
1.000000000000000000e+00,6.287264928623068627e-01
1.000000000000000000e+00,5.256415084946113314e-01
1.000000000000000000e+00,-4.569547183758513459e-02
1.000000000000000000e+00,1.438223865081885988e-01
1.000000000000000000e+00,1.245438656090228635e+00
1.000000000000000000e+00,7.313442141803315755e-01
1.000000000000000000e+00,3.743031697354786136e-01
1.000000000000000000e+00,1.520534616048117016e+00
1.000000000000000000e+00,-3.181581511751911395e-01
1.000000000000000000e+00,-1.335094252355025768e+00
1.000000000000000000e+00,1.353544372543842744e+00
1.000000000000000000e+00,8.053955556213546751e-01
1.000000000000000000e+00,1.500530503158603590e+00
1.000000000000000000e+00,1.365964374528762404e+00
1.000000000000000000e+00,1.962801700674453309e-01
1.000000000000000000e+00,2.049218361490801943e+00
1.000000000000000000e+00,-9.205165189535925441e-01
1.000000000000000000e+00,1.500698455138304466e+00
1.000000000000000000e+00,1.092138375490008917e+00
1.000000000000000000e+00,7.109145916662689135e-01
1.000000000000000000e+00,1.764445927976180384e+00
1.000000000000000000e+00,-6.319130913992017096e-01
1.000000000000000000e+00,-3.511339742287532539e-01
1.000000000000000000e+00,2.159691356406904017e+00
1.000000000000000000e+00,-1.826696223478715833e-03
1.000000000000000000e+00,7.856142840456903365e-01
1.000000000000000000e+00,3.432420199229619495e+00
1.000000000000000000e+00,1.822172618474042327e+00
1.000000000000000000e+00,4.885503927987694395e-01
1.000000000000000000e+00,4.144877920071519117e-01
1.000000000000000000e+00,-4.382428783821080698e-01
1.000000000000000000e+00,3.703750637968318826e-01
1.000000000000000000e+00,7.025146469831841101e-01
1.000000000000000000e+00,-2.882838100707981743e-01
1.000000000000000000e+00,9.872727995850086313e-02
1.000000000000000000e+00,5.061210785410523716e-01
1.000000000000000000e+00,7.003917902565178766e-01
1.000000000000000000e+00,-2.492143326475857734e-01
1.000000000000000000e+00,1.365980325275437890e+00
1.000000000000000000e+00,9.003583259539623684e-01
1.000000000000000000e+00,4.045120073804490124e-01
1.000000000000000000e+00,-6.794233286514038683e-01
1.000000000000000000e+00,6.058723568535675508e-01
1.000000000000000000e+00,9.940987808829077066e-02
1.000000000000000000e+00,-1.449489930259031112e-01
1.000000000000000000e+00,-6.152900676652870438e-01
1.000000000000000000e+00,-4.066847952242332864e-01
1.000000000000000000e+00,3.987950721161054868e-01
1.000000000000000000e+00,-6.699300262663848704e-02
1.000000000000000000e+00,1.064379854018160598e+00
1.000000000000000000e+00,1.153016276735498780e+00
1.000000000000000000e+00,1.060324611245718085e+00
1.000000000000000000e+00,-1.235649322206601841e+00
1.000000000000000000e+00,7.081874831243659685e-01
1.000000000000000000e+00,1.167335355854019596e+00
1.000000000000000000e+00,1.128873414223300564e+00
1.000000000000000000e+00,-1.314387105917519949e-01
1.000000000000000000e+00,5.128264909596689236e-01
1.000000000000000000e+00,1.012697558231098194e+00
1.000000000000000000e+00,9.799075144623449196e-01
1.000000000000000000e+00,3.729187387519665164e-01
1.000000000000000000e+00,-9.856884550320496041e-01
1.000000000000000000e+00,-1.322620506039728083e-01
1.000000000000000000e+00,1.259486572515265745e+00
1.000000000000000000e+00,2.754061946493189250e-01
1.000000000000000000e+00,1.716803862494101329e+00
1.000000000000000000e+00,3.009302041677724970e-01
1.000000000000000000e+00,-6.985848668047641707e-01
1.000000000000000000e+00,7.068616945918667627e-01
1.000000000000000000e+00,1.337199548597532983e+00
1.000000000000000000e+00,4.142349257583843869e-01
1.000000000000000000e+00,8.393223246605416854e-01
1.000000000000000000e+00,-3.922493694829030098e-01
1.000000000000000000e+00,1.311927936188238997e+00
1.000000000000000000e+00,-6.376203814563290162e-02
1.000000000000000000e+00,5.405319996558015649e-01
1.000000000000000000e+00,4.636883392673492588e-01
1.000000000000000000e+00,-2.698527222872543763e-01
1.000000000000000000e+00,-1.136479777008134295e+00
1.000000000000000000e+00,3.534142595450829871e-01
1.000000000000000000e+00,-7.703599428672712746e-01
1.000000000000000000e+00,5.000321155674830598e-01
1.000000000000000000e+00,5.663271718677387323e-01
1.000000000000000000e+00,1.114175063576878788e-01
1.000000000000000000e+00,1.122069951626590401e+00
1.000000000000000000e+00,1.683133506095992882e-01
1.000000000000000000e+00,8.922182846137666212e-01
1.000000000000000000e+00,3.010643780956899218e-01
1.000000000000000000e+00,1.496096927137476051e-01
1.000000000000000000e+00,8.426297588976680020e-01
1.000000000000000000e+00,5.558207903442713427e-01
1.000000000000000000e+00,6.735872920229972471e-02
1.000000000000000000e+00,1.045304168413083268e+00
1.000000000000000000e+00,-1.488629571898905102e+00
1.000000000000000000e+00,-1.080228061438148313e+00
1.000000000000000000e+00,6.417817098765979944e-01
1.000000000000000000e+00,4.331694003414227612e-01
1.000000000000000000e+00,2.619569003642212013e-01
1.000000000000000000e+00,-1.380366900401130414e-01
1.000000000000000000e+00,5.315301488555206344e-01
1.000000000000000000e+00,-2.101758184385081607e-01
1.000000000000000000e+00,-1.015221469226297440e-01
1.000000000000000000e+00,1.043872823468760869e+00
1.000000000000000000e+00,-1.743659230123956183e-01
1.000000000000000000e+00,2.971221979688001835e-01
1.000000000000000000e+00,7.757304507821757289e-01
1.000000000000000000e+00,-1.000519365463010679e+00
1.000000000000000000e+00,-3.590582113492215566e-01
1.000000000000000000e+00,-4.545801960946880271e-01
1.000000000000000000e+00,-7.753098348723663769e-01
1.000000000000000000e+00,-4.793803231978386314e-01
1.000000000000000000e+00,2.486969317562432238e-02
1.000000000000000000e+00,1.350752785151075608e-01
1.000000000000000000e+00,-1.005915806647072162e-02
1.000000000000000000e+00,1.142467203507694151e+00
1.000000000000000000e+00,2.640258060359555459e-01
1.000000000000000000e+00,-1.176577346037254307e-01
1.000000000000000000e+00,2.913841514220920081e-01
1.000000000000000000e+00,1.377567135316366542e+00
1.000000000000000000e+00,2.271991180956959067e+00
1.000000000000000000e+00,6.732980396093515285e-01
1.000000000000000000e+00,1.048141055623282192e+00
1.000000000000000000e+00,4.367123426618168547e-01
1.000000000000000000e+00,1.450396368078281206e+00
1.000000000000000000e+00,-3.470168050280410532e-01
1.000000000000000000e+00,5.863148648709683997e-01
1.000000000000000000e+00,8.883089442594440666e-01
1.000000000000000000e+00,3.383135938394625786e-01
1.000000000000000000e+00,5.781344775244758871e-01
1.000000000000000000e+00,-7.667485061640941790e-01
1.000000000000000000e+00,6.585825375219838129e-01
1.000000000000000000e+00,-1.181381335624229340e-01
1.000000000000000000e+00,1.502432935997409166e-02
1.000000000000000000e+00,-1.201256697536568385e+00
1.000000000000000000e+00,1.306223198553706055e+00
1.000000000000000000e+00,4.899151199187412042e-01
1.000000000000000000e+00,8.602923960031391148e-01
1.000000000000000000e+00,3.938334516208077951e-01
1.000000000000000000e+00,4.393686111228962132e-01
1.000000000000000000e+00,1.334189548871943964e+00
1.000000000000000000e+00,3.970057736508005308e-01
1.000000000000000000e+00,1.627915774222266077e-01
1.000000000000000000e+00,4.007382483728682554e-01
1.000000000000000000e+00,-9.681618684129283947e-01
1.000000000000000000e+00,-1.397861116387292268e-01
1.000000000000000000e+00,5.136526458095383996e-01
1.000000000000000000e+00,-9.497631512623436745e-01
1.000000000000000000e+00,2.515905307722671402e+00
1.000000000000000000e+00,1.389811679087855634e+00
1.000000000000000000e+00,5.847427780442151501e-01
1.000000000000000000e+00,5.622625463031341031e-01
1.000000000000000000e+00,6.257718516104738837e-01
1.000000000000000000e+00,9.423040983144543858e-01
1.000000000000000000e+00,2.815575531907658635e-01
1.000000000000000000e+00,1.348215884875008319e+00
1.000000000000000000e+00,1.458858708329243692e+00
1.000000000000000000e+00,5.546136941326221814e-01
1.000000000000000000e+00,1.052294817713426589e+00
1.000000000000000000e+00,-1.116424265486283540e-01
1.000000000000000000e+00,1.175394236042013540e+00
1.000000000000000000e+00,1.613093045889196553e+00
1.000000000000000000e+00,2.336047503047347096e+00
1.000000000000000000e+00,-3.465400874582606847e-03
1.000000000000000000e+00,-7.019077826489579230e-01
1.000000000000000000e+00,3.854001980255477022e-01
1.000000000000000000e+00,5.898834031452542676e-02
1.000000000000000000e+00,8.074747823644673472e-01
1.000000000000000000e+00,1.048854147827598782e+00
1.000000000000000000e+00,8.314632979455996997e-01
1.000000000000000000e+00,4.231284053091935449e-01
1.000000000000000000e+00,3.400780279055380939e-01
1.000000000000000000e+00,-9.711770286742065217e-01
1.000000000000000000e+00,-2.043627095545035022e-01
1.000000000000000000e+00,9.390032320318415504e-01
1.000000000000000000e+00,1.213487227216209635e-01
1.000000000000000000e+00,2.328045857891541726e+00
1.000000000000000000e+00,5.850252000882931736e-01
1.000000000000000000e+00,6.781606716473395080e-01
1.000000000000000000e+00,-6.130700990397434103e-01
1.000000000000000000e+00,1.175678534644523987e+00
1.000000000000000000e+00,6.591886658956528366e-01
1.000000000000000000e+00,1.212208559369074568e+00
1.000000000000000000e+00,1.218741328411909297e+00
1.000000000000000000e+00,-4.139944594580866055e-01
1.000000000000000000e+00,7.473407298128749432e-02
1.000000000000000000e+00,1.293622108680058558e+00
1.000000000000000000e+00,5.559136799866757350e-01
1.000000000000000000e+00,4.264212962184687483e-01
1.000000000000000000e+00,-8.675081722189767475e-02
1.000000000000000000e+00,-5.144560151372699064e-01
1.000000000000000000e+00,2.130683309434123485e-01
1.000000000000000000e+00,-8.878705010445268053e-01
1.000000000000000000e+00,-8.893567353229973049e-01
1.000000000000000000e+00,2.159507246955973681e-01
1.000000000000000000e+00,3.337900765826669058e+00
1.000000000000000000e+00,3.291414453614401880e-01
1.000000000000000000e+00,-3.727359766234654703e-01
1.000000000000000000e+00,2.723047127001497758e-01
1.000000000000000000e+00,8.634867675947126564e-01
1.000000000000000000e+00,3.157503243877472499e-01
1.000000000000000000e+00,9.605020237127710470e-01
1.000000000000000000e+00,2.472981641694338706e-01
1.000000000000000000e+00,1.130722762558442840e+00
1.000000000000000000e+00,-6.009165683522262880e-01
1.000000000000000000e+00,3.582435826708956217e-01
1.000000000000000000e+00,-1.791103318691415758e-01
1.000000000000000000e+00,5.807593136318123239e-01
1.000000000000000000e+00,2.410940950084915269e+00
1.000000000000000000e+00,-7.572160584670486472e-01
1.000000000000000000e+00,-5.962322093653175115e-01
1.000000000000000000e+00,1.635948589316760016e+00
1.000000000000000000e+00,1.034471265722376021e+00
1.000000000000000000e+00,6.517330992436795034e-01
1.000000000000000000e+00,3.363746398391727621e-01
1.000000000000000000e+00,-8.962601246562333923e-01
1.000000000000000000e+00,-7.866165685672575902e-01
1.000000000000000000e+00,-4.067636106783946159e-01
1.000000000000000000e+00,-5.823932667904400950e-02
1.000000000000000000e+00,1.157269496422560939e+00
1.000000000000000000e+00,5.442173536925051097e-02
1.000000000000000000e+00,-9.673765287089639564e-01
1.000000000000000000e+00,-6.156740305892691861e-02
1.000000000000000000e+00,4.876937438743733089e-01
1.000000000000000000e+00,4.825698010746720112e-01
1.000000000000000000e+00,-9.614306533158660795e-01
1.000000000000000000e+00,-4.216198546481932929e-01
1.000000000000000000e+00,1.245183444143420637e+00
1.000000000000000000e+00,-5.543891785789999416e-01
1.000000000000000000e+00,-6.165300036495032776e-01
1.000000000000000000e+00,1.389292603956739924e-01
1.000000000000000000e+00,-4.974257782235217418e-01
1.000000000000000000e+00,-1.185500381383373936e-01
1.000000000000000000e+00,6.482999355915814998e-01
1.000000000000000000e+00,1.423503409183382917e+00
1.000000000000000000e+00,1.005847181673577673e+00
1.000000000000000000e+00,2.078730789232793585e-01
1.000000000000000000e+00,3.272597263933389455e-01
1.000000000000000000e+00,6.536711149647531638e-01
1.000000000000000000e+00,1.057998617068743208e+00
1.000000000000000000e+00,-3.529612730023145573e-01
1.000000000000000000e+00,1.617195934177111660e-01
1.000000000000000000e+00,8.342077646530023927e-01
1.000000000000000000e+00,-3.119537798580285237e-01
1.000000000000000000e+00,-3.727359766234654703e-01
1.000000000000000000e+00,-7.602551448483401142e-01
1.000000000000000000e+00,9.878317515828132223e-01
1.000000000000000000e+00,-1.745898695888486341e+00
1.000000000000000000e+00,-4.584135358324978871e-01
1.000000000000000000e+00,2.153922815785668909e+00
1.000000000000000000e+00,4.940890550120338731e-01
1.000000000000000000e+00,5.828697660041139150e-02
1.000000000000000000e+00,4.066937689731823374e-02
1.000000000000000000e+00,1.948875967272076792e+00
1.000000000000000000e+00,2.774394457108374512e-01
1.000000000000000000e+00,1.769979898793363926e+00
1.000000000000000000e+00,1.418867371576108871e+00
1.000000000000000000e+00,7.092927760410566718e-01
1.000000000000000000e+00,1.232352475861802521e+00
1.000000000000000000e+00,1.271311705477110809e+00
1.000000000000000000e+00,-4.110468553003752690e-01
1.000000000000000000e+00,1.083764702624977927e+00
1.000000000000000000e+00,8.903684671390164063e-01
1.000000000000000000e+00,-7.833780978525223260e-01
1.000000000000000000e+00,1.908353357758015567e-01
1.000000000000000000e+00,8.627009587511400568e-01
1.000000000000000000e+00,4.855045317384106690e-02
1.000000000000000000e+00,1.041449041528746677e-01
1.000000000000000000e+00,5.316563474101003717e-01
1.000000000000000000e+00,2.481876528663972126e-01
1.000000000000000000e+00,1.327192594032141348e-01
1.000000000000000000e+00,-1.126035321912936427e+00
1.000000000000000000e+00,6.249977712571038735e-01
1.000000000000000000e+00,6.645354500092031103e-01
1.000000000000000000e+00,5.019555879607054960e-01
1.000000000000000000e+00,3.479011932857103279e-02
1.000000000000000000e+00,-3.973245217633615822e-01
1.000000000000000000e+00,6.675956476728591715e-01
1.000000000000000000e+00,1.007952680234744047e+00
1.000000000000000000e+00,-1.055747418408115923e+00
1.000000000000000000e+00,9.170277945090792304e-01
1.000000000000000000e+00,7.400176672549404477e-01
1.000000000000000000e+00,-2.424249442391187004e-01
1.000000000000000000e+00,6.965190427916273519e-01
1.000000000000000000e+00,3.504516429199123206e-01
1.000000000000000000e+00,5.414871678978994129e-01
1.000000000000000000e+00,1.528635718800840149e+00
1.000000000000000000e+00,1.590276703464159891e-01
1.000000000000000000e+00,5.568819841378004343e-01
1.000000000000000000e+00,6.100988355829678467e-01
1.000000000000000000e+00,-2.643961595054080127e-01
1.000000000000000000e+00,1.514011698937052453e+00
1.000000000000000000e+00,1.402351780812449711e+00
1.000000000000000000e+00,-6.254281745963935490e-01
1.000000000000000000e+00,8.082713814190263246e-01
1.000000000000000000e+00,3.288822735732134517e-02
1.000000000000000000e+00,1.086770949233702099e+00
1.000000000000000000e+00,2.908662212947462633e-01
1.000000000000000000e+00,2.550525727517689023e-01
1.000000000000000000e+00,1.581858669060912881e+00
1.000000000000000000e+00,2.683334459175575892e-01
1.000000000000000000e+00,1.278638727876463932e+00
1.000000000000000000e+00,1.268989464417000779e+00
1.000000000000000000e+00,8.885041063364149672e-01
1.000000000000000000e+00,2.267646009906708837e+00
1.000000000000000000e+00,4.953407194864527519e-01
1.000000000000000000e+00,7.241335384037880241e-01
1.000000000000000000e+00,1.725217412225821256e+00
1.000000000000000000e+00,-3.223930744175372287e-01
1.000000000000000000e+00,1.137433804652356661e+00
1.000000000000000000e+00,1.276354017985002143e+00
1.000000000000000000e+00,6.505100522853548561e-01
1.000000000000000000e+00,-8.325687214530018768e-03
1.000000000000000000e+00,1.451831935279076502e+00
1.000000000000000000e+00,1.193717684130747858e-01
1.000000000000000000e+00,6.717489406233954075e-01
1.000000000000000000e+00,1.347989759583902769e+00
1.000000000000000000e+00,6.116394900559781744e-01
1.000000000000000000e+00,8.243385464452865699e-03
1.000000000000000000e+00,-2.175497547986716129e-01
1.000000000000000000e+00,-3.950510712224942766e-01
1.000000000000000000e+00,-2.299828926926181794e-01
1.000000000000000000e+00,-4.139944594580866055e-01
1.000000000000000000e+00,6.854895706051250537e-01
1.000000000000000000e+00,-1.511233394081471226e-01
1.000000000000000000e+00,3.988269736094564588e-01
1.000000000000000000e+00,8.444406377849457135e-01
1.000000000000000000e+00,9.382638680094711470e-01
1.000000000000000000e+00,2.654379369288010881e+00
1.000000000000000000e+00,-3.849106185933472424e-01
1.000000000000000000e+00,-8.616188559939055303e-01
1.000000000000000000e+00,-1.598990911588278552e+00
1.000000000000000000e+00,-7.169770160008354098e-01
1.000000000000000000e+00,1.185259096996650191e-01
1.000000000000000000e+00,5.752609974248447111e-01
1.000000000000000000e+00,-7.369825363091729864e-01
1.000000000000000000e+00,4.206053724968154550e-01
1.000000000000000000e+00,1.785692115823396819e-01
1.000000000000000000e+00,3.287649886711876968e-02
1.000000000000000000e+00,2.027786187634223136e+00
1.000000000000000000e+00,1.720825327214760669e+00
1.000000000000000000e+00,1.040723020139957100e+00
1.000000000000000000e+00,5.800335546580769330e-01
1.000000000000000000e+00,1.472335005987057410e-01
1.000000000000000000e+00,1.907659031138022876e-01
1.000000000000000000e+00,-6.254281745963935490e-01
1.000000000000000000e+00,1.745014165408552920e+00
1.000000000000000000e+00,1.625448306608197946e+00
1.000000000000000000e+00,4.414938135476029202e-01
1.000000000000000000e+00,5.697270266076613909e-01
1.000000000000000000e+00,-9.025470645444221285e-01
1.000000000000000000e+00,-8.828333490723245802e-01
1.000000000000000000e+00,2.299887891888643954e-01
1.000000000000000000e+00,1.446429323552161916e+00
1.000000000000000000e+00,1.773435581146650897e+00
1.000000000000000000e+00,2.990292504757389724e-01
1.000000000000000000e+00,8.347829298125367670e-01
1.000000000000000000e+00,1.204338742443146204e+00
1.000000000000000000e+00,1.662665151719011414e+00
1.000000000000000000e+00,2.188428033961646868e+00
1.000000000000000000e+00,4.641579480150604398e-01
1.000000000000000000e+00,2.558918635106652295e-01
1.000000000000000000e+00,2.502826236316314443e-02
1.000000000000000000e+00,-1.258127884113804384e-01
1.000000000000000000e+00,7.792926278265019935e-01
1.000000000000000000e+00,7.284768328956059413e-01
1.000000000000000000e+00,3.142500159210337429e-01
1.000000000000000000e+00,8.367988227085554342e-01
1.000000000000000000e+00,1.288150795845807162e-01
1.000000000000000000e+00,-3.128240338310596669e-01
1.000000000000000000e+00,2.340346491691449315e-01
1.000000000000000000e+00,-4.071201567805529109e-01
1.000000000000000000e+00,7.934747181794566950e-01
1.000000000000000000e+00,3.644920531112199047e-01
1.000000000000000000e+00,3.361616504570940078e-01
1.000000000000000000e+00,1.156735408823985761e-01
1.000000000000000000e+00,1.877228966322581849e+00
1.000000000000000000e+00,-3.794324753895281788e-01
1.000000000000000000e+00,3.862216614793361202e-01
1.000000000000000000e+00,3.558458101338810020e-01
1.000000000000000000e+00,1.119895020403424812e+00
1.000000000000000000e+00,8.481168157540410757e-01
1.000000000000000000e+00,-8.342267325559856728e-01
1.000000000000000000e+00,-1.530505649182343775e-01
1.000000000000000000e+00,8.935323446560632377e-01
1.000000000000000000e+00,-4.793507674025281329e-01
1.000000000000000000e+00,-8.481071661409300688e-01
1.000000000000000000e+00,1.742863629445008611e+00
1.000000000000000000e+00,7.379412553494764104e-01
1.000000000000000000e+00,-5.122402687681992806e-01
1.000000000000000000e+00,4.145971015358398959e-01
1.000000000000000000e+00,-1.009272778995550929e-01
1.000000000000000000e+00,1.454551068447641704e+00
1.000000000000000000e+00,6.901720530336014070e-01
1.000000000000000000e+00,6.355548198582464670e-01
1.000000000000000000e+00,9.115351079774089982e-01
1.000000000000000000e+00,9.180195556406091084e-01
1.000000000000000000e+00,2.918174694365913258e+00
1.000000000000000000e+00,1.635572339351061277e+00
1.000000000000000000e+00,1.234296590397781612e+00
1.000000000000000000e+00,1.169953695734790404e-02
1.000000000000000000e+00,-4.592441196633941652e-02
1.000000000000000000e+00,2.079800634263822445e+00
1.000000000000000000e+00,-1.051148180414827604e-01
1.000000000000000000e+00,-7.138595833049907746e-01
1.000000000000000000e+00,-3.555584298727729742e-01
1.000000000000000000e+00,-9.941719065653766840e-01
1.000000000000000000e+00,1.407061004198588039e+00
1.000000000000000000e+00,3.509845855147173954e-01
1.000000000000000000e+00,1.264495106971373684e+00
1.000000000000000000e+00,9.863187763466808589e-01
1.000000000000000000e+00,6.331279606655294545e-01
1.000000000000000000e+00,-6.290170925983816774e-01
1.000000000000000000e+00,-9.362791406462462884e-01
1.000000000000000000e+00,1.708473819612623901e+00
1.000000000000000000e+00,-1.649507602173758691e-01
1.000000000000000000e+00,1.198898130407975327e+00
1.000000000000000000e+00,7.868453063773527267e-01
1.000000000000000000e+00,-6.078335627340973879e-01
1.000000000000000000e+00,9.543825666646751360e-01
1.000000000000000000e+00,5.016811412899652156e-01
1.000000000000000000e+00,4.837745515882805880e-01
1.000000000000000000e+00,1.896249762593511079e+00
1.000000000000000000e+00,1.150002523893044915e+00
1.000000000000000000e+00,1.708473819612623901e+00
1.000000000000000000e+00,-5.756188908494323103e-02
1.000000000000000000e+00,5.633650243821761716e-01
1.000000000000000000e+00,1.318503396935410965e+00
1.000000000000000000e+00,6.726895655376419203e-01
1.000000000000000000e+00,9.889412667559768222e-01
1.000000000000000000e+00,3.474787052233634377e-01
1.000000000000000000e+00,9.611182664332645897e-02
1.000000000000000000e+00,7.154474185597603508e-01
1.000000000000000000e+00,1.631439012679119782e-01
1.000000000000000000e+00,1.605205870797768331e+00
1.000000000000000000e+00,1.625448306608197946e+00
1.000000000000000000e+00,1.660758568351680786e+00
1.000000000000000000e+00,3.953895877008855586e-01
1.000000000000000000e+00,-6.772626783410351514e-02
1.000000000000000000e+00,-5.217304939005155129e-01
1.000000000000000000e+00,5.297537795746886519e-02
1.000000000000000000e+00,2.131755969302800757e+00
1.000000000000000000e+00,2.184348189205029267e-01
1.000000000000000000e+00,6.131923421587992529e-01
1.000000000000000000e+00,5.530871138478549165e-01
1.000000000000000000e+00,-4.636791587938463577e-01
1.000000000000000000e+00,9.180195556406091084e-01
1.000000000000000000e+00,2.019952287733564611e-01
1.000000000000000000e+00,4.265338897244134730e-01
1.000000000000000000e+00,7.308389508224046871e-01
1.000000000000000000e+00,1.243521751651519569e+00
1.000000000000000000e+00,-4.456984450340814030e-01
1.000000000000000000e+00,4.673753074474309988e-01
1.000000000000000000e+00,4.533667987494744422e-01
1.000000000000000000e+00,1.140933116989197194e+00
1.000000000000000000e+00,6.665405526942355108e-01
1.000000000000000000e+00,7.409343660491738426e-01
1.000000000000000000e+00,1.177074224978630346e+00
1.000000000000000000e+00,-4.394818760871081476e-01
1.000000000000000000e+00,1.132706753961110424e+00
1.000000000000000000e+00,5.520010556550963843e-01
1.000000000000000000e+00,-7.498383689900203208e-01
1.000000000000000000e+00,-5.579886243769203308e-02
1.000000000000000000e+00,1.186393683293597068e+00
1.000000000000000000e+00,3.522892627648518959e-01
1.000000000000000000e+00,1.378264276774007646e+00
1.000000000000000000e+00,5.074159038594167059e-01
1.000000000000000000e+00,1.168987665553758548e+00
1.000000000000000000e+00,3.672501248672576102e-01
1.000000000000000000e+00,7.740331036800589537e-01
1.000000000000000000e+00,-3.717918053169079473e-02
1.000000000000000000e+00,3.830896854556402609e-01
1.000000000000000000e+00,-1.545396140343534008e-01
1.000000000000000000e+00,2.032361030367889898e-01
1.000000000000000000e+00,1.250009952431584415e+00
1.000000000000000000e+00,4.528333870150613172e-01
1.000000000000000000e+00,3.787454526846061875e-01
1.000000000000000000e+00,-5.509283356900239736e-01
1.000000000000000000e+00,-2.015370816948989230e-01
1.000000000000000000e+00,1.917398369402242009e-01
1.000000000000000000e+00,1.249937704931936677e+00
1.000000000000000000e+00,-2.598304928393492808e-01
1.000000000000000000e+00,-1.716589874736411392e-01
1.000000000000000000e+00,9.538618216996807009e-01
1.000000000000000000e+00,5.229383260727217264e-01
1.000000000000000000e+00,1.153016276735498780e+00
1.000000000000000000e+00,-4.439391715036950514e-01
1.000000000000000000e+00,5.578563871038303423e-01
1.000000000000000000e+00,-3.991668330043822155e-01
1.000000000000000000e+00,1.451831935279076502e+00
1.000000000000000000e+00,7.397708998210782427e-01
1.000000000000000000e+00,1.285878092897049622e-02
1.000000000000000000e+00,3.458582970169755688e-01
1.000000000000000000e+00,-9.917882082166051827e-01
1.000000000000000000e+00,-3.262817726291032394e-01
1.000000000000000000e+00,7.437628087464269733e-01
1.000000000000000000e+00,-4.816314617620708755e-02
1.000000000000000000e+00,1.023317471539726631e+00
1.000000000000000000e+00,5.546662377687298084e-01
1.000000000000000000e+00,-8.153710734271085725e-01
1.000000000000000000e+00,1.619761396278772914e+00
1.000000000000000000e+00,7.868453063773527267e-01
1.000000000000000000e+00,1.688756820163269667e+00
1.000000000000000000e+00,-3.848805936584286935e-01
1.000000000000000000e+00,2.147703694416101261e-01
1.000000000000000000e+00,-5.789873132356120750e-02
1.000000000000000000e+00,2.370423238691488521e+00
1.000000000000000000e+00,-8.691968680835937544e-01
1.000000000000000000e+00,4.038303475298753442e-01
1.000000000000000000e+00,-5.158155817215525074e-01
1.000000000000000000e+00,1.179196612565688529e+00
1.000000000000000000e+00,1.074524998043388635e+00
1.000000000000000000e+00,4.380681561292346093e-01
1.000000000000000000e+00,9.229211262660695914e-01
1.000000000000000000e+00,-7.479948570547292896e-02
1.000000000000000000e+00,1.672756344689307673e+00
1.000000000000000000e+00,6.294222269011235937e-01
1.000000000000000000e+00,-1.296742765256764796e-01
1.000000000000000000e+00,3.820337239257480619e-03
1.000000000000000000e+00,7.189012243546148984e-01
1.000000000000000000e+00,4.625717870000640719e-01
1.000000000000000000e+00,1.877228966322581849e+00
1.000000000000000000e+00,-3.128240338310596669e-01
1.000000000000000000e+00,3.778766061303993617e-01
1.000000000000000000e+00,-2.762048725809694294e-01
1.000000000000000000e+00,4.074727474471872557e-01
1.000000000000000000e+00,4.448364332553370604e-01
1.000000000000000000e+00,1.856727565448479389e+00
1.000000000000000000e+00,7.885679870183071039e-01
1.000000000000000000e+00,1.230527522786281747e+00
1.000000000000000000e+00,-6.465199598220434940e-02
1.000000000000000000e+00,9.564315617483153120e-02
1.000000000000000000e+00,3.942519241512357220e-01
1.000000000000000000e+00,6.013573572651840227e-01
1.000000000000000000e+00,1.061474003285570511e+00
1.000000000000000000e+00,-6.901905517969765258e-01
1.000000000000000000e+00,-3.761011150323885222e-01
1.000000000000000000e+00,6.798378457463077895e-01
1.000000000000000000e+00,-9.205165189535925441e-01
1.000000000000000000e+00,5.385400328797961267e-01
1.000000000000000000e+00,6.196411352117835447e-01
1.000000000000000000e+00,-1.398608718198054657e+00
1.000000000000000000e+00,6.036444128546862853e-01
1.000000000000000000e+00,-1.294534787536478104e+00
1.000000000000000000e+00,3.596951006183664035e-01
1.000000000000000000e+00,9.213117706857222589e-02
1.000000000000000000e+00,9.105450166797576794e-02
1.000000000000000000e+00,-1.586342645338766622e-01
1.000000000000000000e+00,6.150407522147252060e-01
1.000000000000000000e+00,-2.742795236293145700e-01
1.000000000000000000e+00,1.091716618982324194e+00
1.000000000000000000e+00,1.985038918098536997e-01
1.000000000000000000e+00,2.447163219226550446e+00
1.000000000000000000e+00,7.720420751832696160e-01
1.000000000000000000e+00,-1.043341697335993107e-01
1.000000000000000000e+00,-3.272824474131870165e-01
1.000000000000000000e+00,1.347989759583902769e+00
1.000000000000000000e+00,6.160109329242822174e-01
1.000000000000000000e+00,8.605311880636635768e-01
1.000000000000000000e+00,1.888694738344619983e+00
1.000000000000000000e+00,4.369365913944900925e-01
1.000000000000000000e+00,5.680911367942060863e-01
1.000000000000000000e+00,9.151050536705192251e-02
1.000000000000000000e+00,9.556680091908773544e-01
1.000000000000000000e+00,1.524315881289427299e+00
1.000000000000000000e+00,8.213129933846824438e-01
1.000000000000000000e+00,2.731242995955057706e-01
1.000000000000000000e+00,1.614358784551858550e+00
1.000000000000000000e+00,-1.093886591988459944e+00
1.000000000000000000e+00,-1.304882337457352603e-01
1.000000000000000000e+00,7.557526097107161167e-01
1.000000000000000000e+00,-4.943294568100417563e-01
1.000000000000000000e+00,9.645164513393087447e-01
1.000000000000000000e+00,-3.870677225114049769e-01
1.000000000000000000e+00,1.493692324230893931e+00
1.000000000000000000e+00,9.742159127368388294e-01
1.000000000000000000e+00,4.701962439109545477e-01
1.000000000000000000e+00,8.572153093135913560e-01
1.000000000000000000e+00,1.496003099215855447e-01
1.000000000000000000e+00,3.045580607572332399e-01
1.000000000000000000e+00,4.022906313360811725e-01
1.000000000000000000e+00,2.018012133039004397e+00
1.000000000000000000e+00,5.551977729447105103e-01
1.000000000000000000e+00,2.410647061965688620e-01
1.000000000000000000e+00,4.395523071247187108e-02
1.000000000000000000e+00,2.378559057775211372e+00
1.000000000000000000e+00,6.452988495185464357e-01
1.000000000000000000e+00,6.058723568535675508e-01
1.000000000000000000e+00,5.484613973119590868e-01
1.000000000000000000e+00,6.645354500092031103e-01
1.000000000000000000e+00,3.161772414311210255e-01
1.000000000000000000e+00,-3.292265619491659967e-01
1.000000000000000000e+00,1.085244838088542885e+00
1.000000000000000000e+00,-4.230802862482180293e-01
1.000000000000000000e+00,-4.505483385747028301e-03
1.000000000000000000e+00,2.149645932393647874e-01
1.000000000000000000e+00,1.797146437807733976e-02
1.000000000000000000e+00,-1.958548627615550042e-01
1.000000000000000000e+00,2.581606226554514771e-01
1.000000000000000000e+00,9.816142443566236997e-01
1.000000000000000000e+00,1.072238411593494423e+00
1.000000000000000000e+00,2.097246059730741852e+00
1.000000000000000000e+00,2.079697216825485973e-01
1.000000000000000000e+00,5.379156080614110325e-01
1.000000000000000000e+00,7.028735387833828785e-01
1.000000000000000000e+00,3.245129139878956681e-01
1.000000000000000000e+00,9.440009762769631108e-01
1.000000000000000000e+00,4.395523071247187108e-02
1.000000000000000000e+00,-3.881101507206099477e-01
1.000000000000000000e+00,1.141355811776098017e+00
1.000000000000000000e+00,6.664059096267099802e-01
1.000000000000000000e+00,8.621637938998620854e-01
1.000000000000000000e+00,1.164578222377198102e+00
1.000000000000000000e+00,8.284174368852409431e-02
1.000000000000000000e+00,-6.568896149949990937e-01
1.000000000000000000e+00,1.029711168534008792e-01
1.000000000000000000e+00,8.383502673925521398e-01
1.000000000000000000e+00,3.770284017189490799e-01
1.000000000000000000e+00,-5.119395502794051867e-01
1.000000000000000000e+00,3.192393156532095100e-01
1.000000000000000000e+00,-8.695937601920489257e-01
1.000000000000000000e+00,9.505661159527569737e-01
1.000000000000000000e+00,7.577502061620188245e-01
1.000000000000000000e+00,-1.751531392747925076e-01
1.000000000000000000e+00,5.384349456075810947e-01
1.000000000000000000e+00,3.114619192300774331e-01
1.000000000000000000e+00,8.707115175594993817e-01
1.000000000000000000e+00,1.911752011803667717e+00
1.000000000000000000e+00,6.806700994110825853e-01
1.000000000000000000e+00,1.477529526452528108e+00
1.000000000000000000e+00,5.551977729447105103e-01
1.000000000000000000e+00,1.534858386562718779e+00
1.000000000000000000e+00,-2.845790145856085251e-01
1.000000000000000000e+00,7.171236543795125318e-01
1.000000000000000000e+00,1.052294817713426589e+00
1.000000000000000000e+00,9.376915176875854074e-01
1.000000000000000000e+00,-3.297726404529979227e-01
1.000000000000000000e+00,1.963660226157281918e-01
1.000000000000000000e+00,6.413435334826297352e-01
1.000000000000000000e+00,-6.059771773048336918e-01
1.000000000000000000e+00,1.137122765092184240e+00
1.000000000000000000e+00,-8.570677326556980224e-01
1.000000000000000000e+00,7.622417487699972849e-01
1.000000000000000000e+00,-9.131319991069966613e-02
1.000000000000000000e+00,-1.205842537205775500e+00
1.000000000000000000e+00,1.497753196678633714e+00
1.000000000000000000e+00,8.028880044160440210e-01
1.000000000000000000e+00,5.446806012102567429e-01
1.000000000000000000e+00,-7.670168540199291396e-01
1.000000000000000000e+00,8.150814119702498584e-01
1.000000000000000000e+00,9.693340459749186788e-01
1.000000000000000000e+00,7.795210988156482390e-01
1.000000000000000000e+00,1.018491901530778732e+00
1.000000000000000000e+00,-1.068477990813599732e+00
1.000000000000000000e+00,-7.776705453803408608e-01
1.000000000000000000e+00,-2.680915721984355460e-01
1.000000000000000000e+00,3.558786499064481856e-01
1.000000000000000000e+00,-7.395468534070641642e-01
1.000000000000000000e+00,-9.903101560360264011e-02
1.000000000000000000e+00,3.945296547992326874e-01
1.000000000000000000e+00,1.272070773363021434e+00
1.000000000000000000e+00,7.666957602093275037e-01
1.000000000000000000e+00,5.787865815797390567e-01
1.000000000000000000e+00,2.800835165421061701e-01
1.000000000000000000e+00,-5.343733371992841485e-01
1.000000000000000000e+00,-5.145275310822554349e-02
1.000000000000000000e+00,1.006226246476924935e+00
1.000000000000000000e+00,1.227611820121921493e+00
1.000000000000000000e+00,8.885285015960362465e-01
1.000000000000000000e+00,8.208382241012822655e-01
1.000000000000000000e+00,1.614864310324839736e-01
1.000000000000000000e+00,5.427777709597908506e-01
1.000000000000000000e+00,2.591148732907884167e+00
1.000000000000000000e+00,-2.021507163022976949e-01
1.000000000000000000e+00,8.464931235703965218e-01
1.000000000000000000e+00,1.915564240259112871e+00
1.000000000000000000e+00,2.882362246517206628e-01
1.000000000000000000e+00,9.952389968551519361e-01
1.000000000000000000e+00,3.662349067553226645e-01
1.000000000000000000e+00,2.788177778794441730e-01
1.000000000000000000e+00,-7.163936130529091617e-02
1.000000000000000000e+00,7.304284536653145032e-01
1.000000000000000000e+00,1.140775016941266484e+00
1.000000000000000000e+00,1.799043829070008926e-01
1.000000000000000000e+00,1.353391433031601032e+00
1.000000000000000000e+00,1.078464363332629850e+00
1.000000000000000000e+00,5.697270266076613909e-01
1.000000000000000000e+00,8.711421877197379482e-01
1.000000000000000000e+00,2.307159555814241036e-01
1.000000000000000000e+00,6.485574932364300826e-01
1.000000000000000000e+00,-9.973800899301391021e-02
1.000000000000000000e+00,-7.638189360360446434e-02
1.000000000000000000e+00,-4.116182673430447969e-01
1.000000000000000000e+00,1.071886819302471372e-01
1.000000000000000000e+00,1.781475695750320609e+00
1.000000000000000000e+00,5.163739179515901973e-02
1.000000000000000000e+00,1.499773311831125389e+00
1.000000000000000000e+00,-4.398327925139692285e-01
1.000000000000000000e+00,-6.937951581305860926e-02
1.000000000000000000e+00,8.709573467141453751e-01
1.000000000000000000e+00,1.248640064775923708e+00
1.000000000000000000e+00,-7.145393665971320196e-01
1.000000000000000000e+00,-1.116424265486283540e-01
1.000000000000000000e+00,2.559969507828802615e-01
1.000000000000000000e+00,4.405114352082352136e-01
1.000000000000000000e+00,-7.115457867578265372e-01
1.000000000000000000e+00,8.008078393937151374e-01
1.000000000000000000e+00,5.216359945206276993e-01
1.000000000000000000e+00,2.712153705301345585e-01
1.000000000000000000e+00,8.985160147129417352e-01
1.000000000000000000e+00,-5.038590896694385979e-01
1.000000000000000000e+00,1.458324827455222517e+00
1.000000000000000000e+00,1.233101954230997332e-01
1.000000000000000000e+00,4.145971015358398959e-01
1.000000000000000000e+00,2.309406734537054473e-01
1.000000000000000000e+00,1.848223734187449951e-01
1.000000000000000000e+00,-1.194414033937331587e-01
1.000000000000000000e+00,1.228969041008163510e+00
1.000000000000000000e+00,7.796773223051465251e-01
1.000000000000000000e+00,7.576066494419393393e-01
1.000000000000000000e+00,9.922515158307518846e-01
1.000000000000000000e+00,-6.888363524729369802e-02
1.000000000000000000e+00,9.353064119199896442e-01
1.000000000000000000e+00,4.988278341934825888e-01
1.000000000000000000e+00,2.841237468470894645e-01
1.000000000000000000e+00,1.780164919685280678e+00
1.000000000000000000e+00,2.057070613526676695e-01
1.000000000000000000e+00,-2.577709699597769410e-01
1.000000000000000000e+00,9.556356385579183321e-01
1.000000000000000000e+00,3.504830021181890132e+00
1.000000000000000000e+00,2.304890065114792552e+00
1.000000000000000000e+00,-1.028800977597893906e+00
1.000000000000000000e+00,1.756080023759933328e-01
1.000000000000000000e+00,9.326979956989367437e-01
1.000000000000000000e+00,9.625756207805864495e-01
1.000000000000000000e+00,1.310913656355520152e+00
1.000000000000000000e+00,2.914095056333849243e+00
1.000000000000000000e+00,-2.023843478271329932e-01
1.000000000000000000e+00,7.147732649429163754e-01
1.000000000000000000e+00,8.577365234181937304e-01
1.000000000000000000e+00,6.399877200152119805e-01
1.000000000000000000e+00,1.620320610691631913e+00
1.000000000000000000e+00,2.304213359075353851e-01
1.000000000000000000e+00,8.081362692118926327e-01
1.000000000000000000e+00,1.655030373736742666e+00
1.000000000000000000e+00,1.279512265826751705e+00
1.000000000000000000e+00,5.029632998389108600e-01
1.000000000000000000e+00,1.343235498795386729e+00
1.000000000000000000e+00,-1.303381090711422663e-01
1.000000000000000000e+00,1.292624717873231521e+00
1.000000000000000000e+00,-8.359069282171564808e-02
1.000000000000000000e+00,1.619950928680446545e+00
1.000000000000000000e+00,5.955860735342482538e-03
1.000000000000000000e+00,1.072238411593494423e+00
1.000000000000000000e+00,-2.286585115789433187e-01
1.000000000000000000e+00,1.261562046141513571e+00
1.000000000000000000e+00,3.014321835484427003e-01
1.000000000000000000e+00,4.959140080875546475e-01
1.000000000000000000e+00,1.077147957592292649e+00
1.000000000000000000e+00,1.524659291482558743e+00
1.000000000000000000e+00,6.843251660978133533e-01
1.000000000000000000e+00,1.123204331198983663e+00
1.000000000000000000e+00,2.236666638300679466e-01
1.000000000000000000e+00,-9.024316562008287690e-01
1.000000000000000000e+00,1.406758671566415708e-01
1.000000000000000000e+00,1.654977830100635261e+00
1.000000000000000000e+00,2.299551256374579911e+00
1.000000000000000000e+00,9.873203894099809030e-01
1.000000000000000000e+00,4.072818076266893073e-01
1.000000000000000000e+00,1.740059112867768709e+00
1.000000000000000000e+00,6.586712049079151976e-01
1.000000000000000000e+00,8.174144432413462669e-01
1.000000000000000000e+00,1.044976971381681580e-01
1.000000000000000000e+00,1.028105041240418016e+00
1.000000000000000000e+00,-1.480570429295856860e-01
1.000000000000000000e+00,9.228465330683811585e-01
1.000000000000000000e+00,6.817083053638146595e-01
1.000000000000000000e+00,3.248567933206352176e-01
1.000000000000000000e+00,1.331278800018718955e-01
1.000000000000000000e+00,8.330686936845282942e-01
1.000000000000000000e+00,5.609620913094724992e-01
1.000000000000000000e+00,1.222400879770167148e-01
1.000000000000000000e+00,-4.122858530053754023e-01
1.000000000000000000e+00,-3.808347336781481296e-01
1.000000000000000000e+00,2.648209976716902059e-01
1.000000000000000000e+00,-1.431412367015443055e+00
1.000000000000000000e+00,1.073858819799882403e+00
1.000000000000000000e+00,9.292394985080012493e-01
1.000000000000000000e+00,2.739865781951991708e-01
1.000000000000000000e+00,3.739625743799958046e-01
1.000000000000000000e+00,1.597578599049229275e+00
1.000000000000000000e+00,9.815307375063813122e-01
1.000000000000000000e+00,-2.420735586726495137e-01
1.000000000000000000e+00,5.268781605015709912e-01
1.000000000000000000e+00,1.656295174120188562e+00
1.000000000000000000e+00,-1.263264962822532589e-01
1.000000000000000000e+00,1.358097841580090614e+00
1.000000000000000000e+00,3.815570063559676761e-01
1.000000000000000000e+00,1.556206115289838987e+00
1.000000000000000000e+00,7.783970403146333039e-01
1.000000000000000000e+00,-2.680915721984355460e-01
1.000000000000000000e+00,2.025895555013567773e+00
1.000000000000000000e+00,4.653852172298579282e-01
1.000000000000000000e+00,-3.065169209397224925e-01
1.000000000000000000e+00,5.034150812815140208e-01
1.000000000000000000e+00,7.305241581453675304e-01
1.000000000000000000e+00,9.999097507934257001e-01
1.000000000000000000e+00,2.654088296006433256e-01
1.000000000000000000e+00,1.272886138001904532e+00
1.000000000000000000e+00,9.929711759895818446e-01
1.000000000000000000e+00,1.253524746375492382e+00
1.000000000000000000e+00,5.472402269120668628e-01
1.000000000000000000e+00,4.818459186593690435e-01
1.000000000000000000e+00,3.283622044723810696e-01
1.000000000000000000e+00,7.810289135160913832e-01
1.000000000000000000e+00,8.612273912420884692e-01
1.000000000000000000e+00,-3.701167701914262476e-01
1.000000000000000000e+00,2.743867542809110271e-01
1.000000000000000000e+00,-4.113991791460606673e-01
1.000000000000000000e+00,5.660081569342286789e-01
1.000000000000000000e+00,-3.072267291667823974e-01
1.000000000000000000e+00,-2.122283042239589412e-01
1.000000000000000000e+00,1.066783725370080482e+00
1.000000000000000000e+00,-8.556096467537137595e-01
1.000000000000000000e+00,-7.011069613379260490e-01
1.000000000000000000e+00,8.247728979944423111e-01
1.000000000000000000e+00,1.176176554183775425e-01
1.000000000000000000e+00,3.314969953337255082e-01
1.000000000000000000e+00,1.042646961672787587e+00
1.000000000000000000e+00,9.393020739622031101e-01
1.000000000000000000e+00,3.791273323256020844e-01
1.000000000000000000e+00,1.757093365313435740e-01
1.000000000000000000e+00,4.113318898634428233e-01
1.000000000000000000e+00,-4.142630140384754439e-02
1.000000000000000000e+00,-6.870207821895782385e-02
1.000000000000000000e+00,6.751605238535206555e-01
1.000000000000000000e+00,2.593667805878843713e-01
1.000000000000000000e+00,8.771213720250110590e-01
1.000000000000000000e+00,1.712553250920134107e-01
1.000000000000000000e+00,8.348936467600490685e-01
1.000000000000000000e+00,3.761121720643239019e-01
1.000000000000000000e+00,5.258141518703932649e-01
1.000000000000000000e+00,-5.163892980469473844e-04
1.000000000000000000e+00,4.906244590061929478e-01
1.000000000000000000e+00,1.755545411331249861e+00
1.000000000000000000e+00,2.410647061965688620e-01
1.000000000000000000e+00,-2.043950801874626078e-01
1.000000000000000000e+00,1.289327604707483532e+00
1.000000000000000000e+00,2.266227331731805350e+00
1.000000000000000000e+00,2.351268061768088113e-01
1.000000000000000000e+00,2.391304435923600757e-01
1.000000000000000000e+00,1.570239750802079337e-01
1.000000000000000000e+00,6.403283153706947894e-01
1.000000000000000000e+00,1.854976736431038775e+00
1.000000000000000000e+00,1.890916583528595929e+00
1.000000000000000000e+00,1.226585811799000059e+00
1.000000000000000000e+00,2.729835577130748647e-01
1.000000000000000000e+00,-5.667380780680419256e-02
1.000000000000000000e+00,1.115485577226864367e+00
1.000000000000000000e+00,-5.353430487692331097e-01
1.000000000000000000e+00,-1.841864224288163876e-01
1.000000000000000000e+00,7.305781092002994193e-01
1.000000000000000000e+00,1.542505362174798167e+00
1.000000000000000000e+00,2.861180593211354317e-01
1.000000000000000000e+00,5.697270266076613909e-01
1.000000000000000000e+00,9.353064119199896442e-01
1.000000000000000000e+00,2.927990764801307044e-01
1.000000000000000000e+00,4.476827032576981558e-01
1.000000000000000000e+00,-6.646735793726445962e-01
1.000000000000000000e+00,1.310913656355520152e+00
1.000000000000000000e+00,1.272798878034797410e+00
1.000000000000000000e+00,1.605740689951005828e+00
1.000000000000000000e+00,6.286251587069565661e-01
1.000000000000000000e+00,1.219130245147026725e+00
1.000000000000000000e+00,-2.698527222872543763e-01
1.000000000000000000e+00,4.312496810650651158e-01
1.000000000000000000e+00,4.253272626523724731e-01
1.000000000000000000e+00,1.743805661778079497e+00
1.000000000000000000e+00,3.801967639075230776e-02
1.000000000000000000e+00,7.191977205869359846e-01
1.000000000000000000e+00,8.475191318933178453e-01
1.000000000000000000e+00,1.361575835910012744e-01
1.000000000000000000e+00,-1.007731917797986654e+00
1.000000000000000000e+00,1.208208675070388205e+00
1.000000000000000000e+00,7.014492309331821218e-01
1.000000000000000000e+00,-4.228855933108552900e-01
1.000000000000000000e+00,-6.777438088543950023e-01
1.000000000000000000e+00,-3.056504200835561957e-01
1.000000000000000000e+00,1.340204459515380656e-02
1.000000000000000000e+00,1.590308811682064727e+00
1.000000000000000000e+00,1.667984256595683723e+00
1.000000000000000000e+00,-9.481873113187255786e-01
1.000000000000000000e+00,1.291636709858566601e+00
1.000000000000000000e+00,8.221776176824163729e-01
1.000000000000000000e+00,-7.892207625318374831e-01
1.000000000000000000e+00,6.488760390303320857e-01
1.000000000000000000e+00,-6.935782089070885448e-01
1.000000000000000000e+00,1.034065929100975056e+00
1.000000000000000000e+00,-5.372937312597254600e-01
1.000000000000000000e+00,4.313411632886452463e-01
1.000000000000000000e+00,1.139229671072174988e+00
1.000000000000000000e+00,-5.261715761553727166e-02
1.000000000000000000e+00,1.509663713049153477e+00
1.000000000000000000e+00,5.045797482038799631e-02
1.000000000000000000e+00,8.053955556213546751e-01
1.000000000000000000e+00,1.452825572969038692e+00
1.000000000000000000e+00,9.109417181011063638e-03
1.000000000000000000e+00,1.572374336018947938e-01
1.000000000000000000e+00,-3.366394368968019801e-01
1.000000000000000000e+00,-8.186034453269385169e-01
1.000000000000000000e+00,3.868850248851938289e-01
1.000000000000000000e+00,-6.270115207737412266e-01
1.000000000000000000e+00,5.172054400617026593e-01
1.000000000000000000e+00,-1.048201983675940557e-01
1.000000000000000000e+00,-2.212446983520910959e-01
1.000000000000000000e+00,6.050039794389688863e-01
1.000000000000000000e+00,6.842167948483415252e-01
1.000000000000000000e+00,3.969030320766259723e-01
1.000000000000000000e+00,1.333743866244246012e+00
1.000000000000000000e+00,4.475020845085784793e-01
1.000000000000000000e+00,2.413757457567411724e-01
1.000000000000000000e+00,6.872066215707821613e-01
1.000000000000000000e+00,3.991244081209938122e-01
1.000000000000000000e+00,2.182420025415725828e-01
1.000000000000000000e+00,-9.279990332877817438e-02
1.000000000000000000e+00,9.195208023865387714e-01
1.000000000000000000e+00,1.136359005810192668e+00
1.000000000000000000e+00,3.161772414311210255e-01
1.000000000000000000e+00,3.944659235404783873e-03
1.000000000000000000e+00,-9.509754080096819440e-01
1.000000000000000000e+00,-1.323449269002692219e+00
1.000000000000000000e+00,-1.333420831372922111e+00
1.000000000000000000e+00,2.431476860565463249e-01
1.000000000000000000e+00,-7.178252204122856917e-01
1.000000000000000000e+00,5.697270266076613909e-01
1.000000000000000000e+00,-4.361249197760767166e-02
1.000000000000000000e+00,2.272949895591367953e-01
1.000000000000000000e+00,5.691734418700997722e-01
1.000000000000000000e+00,4.851866618086707050e-01
1.000000000000000000e+00,3.864055642057124818e-01
1.000000000000000000e+00,4.252944228798052340e-01
1.000000000000000000e+00,1.770515449501263716e-01
1.000000000000000000e+00,4.300149056165379347e-01
1.000000000000000000e+00,7.681378953646361696e-01
1.000000000000000000e+00,-7.304605574773246346e-01
1.000000000000000000e+00,-4.946500858869300188e-02
1.000000000000000000e+00,8.883216110288628675e-01
1.000000000000000000e+00,2.756565482166581038e+00
1.000000000000000000e+00,1.378239674789832336e-01
1.000000000000000000e+00,7.921531519034303859e-01
1.000000000000000000e+00,8.013248312418447261e-01
1.000000000000000000e+00,6.622296288353767268e-01
1.000000000000000000e+00,-7.572160584670486472e-01
1.000000000000000000e+00,7.711066108047122114e-01
1.000000000000000000e+00,1.253840946471353801e+00
1.000000000000000000e+00,1.473060502545738615e+00
1.000000000000000000e+00,1.350593277684320748e-01
1.000000000000000000e+00,-2.576968459016966695e-01
1.000000000000000000e+00,1.315154678412771450e+00
1.000000000000000000e+00,-3.498689114302532682e-02
1.000000000000000000e+00,-2.475423190843065724e-01
1.000000000000000000e+00,-1.504829638430864591e-01
1.000000000000000000e+00,3.245129139878956681e-01
1.000000000000000000e+00,1.107264637149521086e-01
1.000000000000000000e+00,-3.212418058192523795e-01
1.000000000000000000e+00,1.298115321121915411e-01
1.000000000000000000e+00,-2.546288795892567500e-02
1.000000000000000000e+00,3.283767478002322937e-01
1.000000000000000000e+00,1.213276321117117140e+00
1.000000000000000000e+00,1.021960982208146712e-01
1.000000000000000000e+00,-1.314093615209953846e-02
1.000000000000000000e+00,5.979012057722890017e-01
1.000000000000000000e+00,3.088600709635380137e-01
1.000000000000000000e+00,1.366327488585434180e+00
1.000000000000000000e+00,3.857478304751520426e-01
1.000000000000000000e+00,1.029738585355832736e+00
1.000000000000000000e+00,-1.272403802388379634e-01
1.000000000000000000e+00,2.067982800811153099e-01
1.000000000000000000e+00,1.563718710249447086e-01
1.000000000000000000e+00,-8.285637483465739805e-01
1.000000000000000000e+00,8.549770442433317630e-01
1.000000000000000000e+00,-1.011799827339848079e+00
1.000000000000000000e+00,1.307083600594967088e+00
1.000000000000000000e+00,-2.607589201237851539e-01
1.000000000000000000e+00,-2.224259918852945217e-01
1.000000000000000000e+00,6.079680034829638702e-01
1.000000000000000000e+00,1.655030373736742666e+00
1.000000000000000000e+00,-5.071327458547816303e-01
1.000000000000000000e+00,2.341064482016400827e+00
1.000000000000000000e+00,7.227265887190870153e-01
1.000000000000000000e+00,1.703949230507524337e-01
1.000000000000000000e+00,6.192090576327206053e-01
1.000000000000000000e+00,-4.798030179847394550e-01
1.000000000000000000e+00,-5.789873132356120750e-02
1.000000000000000000e+00,-5.980726440479057215e-01
1.000000000000000000e+00,1.042281501918075337e+00
1.000000000000000000e+00,-4.778312242118823994e-01
1.000000000000000000e+00,1.188059128902362982e+00
1.000000000000000000e+00,6.821990253938904347e-01
1.000000000000000000e+00,-1.238522539891178526e-01
1.000000000000000000e+00,-2.028356601301281315e-01
1.000000000000000000e+00,-1.846011418423794681e-01
1.000000000000000000e+00,1.292894004008282582e+00
1.000000000000000000e+00,1.076801263421904631e+00
1.000000000000000000e+00,1.084082779279271769e+00
1.000000000000000000e+00,1.482147736754694467e+00
1.000000000000000000e+00,-1.384545789305558161e+00
1.000000000000000000e+00,8.021064178289443181e-01
1.000000000000000000e+00,-1.308557767834338074e-02
1.000000000000000000e+00,1.003742621391627621e+00
1.000000000000000000e+00,2.557986192290297112e+00
1.000000000000000000e+00,1.519478845205331219e-01
1.000000000000000000e+00,-4.909774543101455557e-01
1.000000000000000000e+00,-7.457732742858076413e-01
1.000000000000000000e+00,6.070414527569603091e-01
1.000000000000000000e+00,2.107158041370742474e+00
1.000000000000000000e+00,2.482371749403022507e-02
1.000000000000000000e+00,1.249566146362319108e+00
1.000000000000000000e+00,8.315289774907340670e-01
1.000000000000000000e+00,5.992007224867343940e-01
1.000000000000000000e+00,1.384506648399426609e+00
1.000000000000000000e+00,7.117459070518274977e-01
1.000000000000000000e+00,-5.714264525868697486e-01
1.000000000000000000e+00,1.708100384484573908e+00
1.000000000000000000e+00,-7.657145224678351125e-01
1.000000000000000000e+00,-5.445700865814034897e-01
1.000000000000000000e+00,-1.185500381383373936e-01
1.000000000000000000e+00,1.595328605488767204e+00
1.000000000000000000e+00,-1.146047807587447821e-02
1.000000000000000000e+00,-2.475423190843065724e-01
1.000000000000000000e+00,8.987017939977505199e-01
1.000000000000000000e+00,-5.534942669312933189e-02
1.000000000000000000e+00,1.015074219485748053e+00
1.000000000000000000e+00,2.646826014872998289e-01
1.000000000000000000e+00,1.873034858226140686e+00
1.000000000000000000e+00,-1.927782452116153233e-01
1.000000000000000000e+00,7.305781092002994193e-01
1.000000000000000000e+00,4.712109928832813877e-01
1.000000000000000000e+00,4.926516112528061542e-01
1.000000000000000000e+00,6.833624916219859236e-01
1.000000000000000000e+00,1.053851422933112403e+00
1.000000000000000000e+00,1.681300315232080234e+00
1.000000000000000000e+00,1.415738210390061536e+00
1.000000000000000000e+00,1.436011609414626022e+00
1.000000000000000000e+00,4.133961041390961655e-01
1.000000000000000000e+00,-1.149650402366018787e+00
1.000000000000000000e+00,5.276700681600489107e-01
1.000000000000000000e+00,5.787865815797390567e-01
1.000000000000000000e+00,1.548558201398543499e+00
1.000000000000000000e+00,3.580179265193980109e-01
1.000000000000000000e+00,2.218702551151751745e+00
1.000000000000000000e+00,1.619950928680446545e+00
1.000000000000000000e+00,-9.644481592751847909e-01
1.000000000000000000e+00,1.587049229684964757e+00
1.000000000000000000e+00,1.448866972955865418e+00
1.000000000000000000e+00,7.298274858273344767e-01
1.000000000000000000e+00,1.807318720202284235e+00
1.000000000000000000e+00,3.312272400590662857e-01
1.000000000000000000e+00,-8.999034628527615709e-01
1.000000000000000000e+00,-1.012760156117634924e+00
1.000000000000000000e+00,2.711518696996527922e+00
1.000000000000000000e+00,-3.634943954834438662e-01
1.000000000000000000e+00,7.258918736549582196e-01
1.000000000000000000e+00,2.400189208546410047e+00
1.000000000000000000e+00,4.851866618086707050e-01
1.000000000000000000e+00,-2.134649562309185178e-01
1.000000000000000000e+00,-2.586306404463756259e-02
1.000000000000000000e+00,-1.183042089836914001e-01
1.000000000000000000e+00,-6.458819299550233595e-02
1.000000000000000000e+00,5.798144664610928034e-01
1.000000000000000000e+00,1.045584785626676484e-02
1.000000000000000000e+00,2.542489366030883935e-01
1.000000000000000000e+00,4.780787276063016566e-01
1.000000000000000000e+00,4.383196149591778168e-01
1.000000000000000000e+00,5.793936482326244031e-01
1.000000000000000000e+00,2.107158041370742474e+00
1.000000000000000000e+00,1.142938012949675647e-01
1.000000000000000000e+00,1.036114192629952857e+00
1.000000000000000000e+00,1.113180225192646144e+00
1.000000000000000000e+00,3.218012870530601588e-01
1.000000000000000000e+00,1.214750826905385050e+00
1.000000000000000000e+00,5.851856458342643563e-01
1.000000000000000000e+00,1.334189548871943964e+00
1.000000000000000000e+00,-1.412277776544298424e-01
1.000000000000000000e+00,6.806616548981367920e-01
1.000000000000000000e+00,7.563998156453444199e-02
1.000000000000000000e+00,3.450241667937683498e-01
1.000000000000000000e+00,-6.402046648328146849e-01
1.000000000000000000e+00,-6.688275481873426354e-02
1.000000000000000000e+00,4.246911093437847340e-01
1.000000000000000000e+00,1.066783725370080482e+00
1.000000000000000000e+00,1.239521867352833207e+00
1.000000000000000000e+00,-5.129331879693674878e-01
1.000000000000000000e+00,-7.703683873802171789e-01
1.000000000000000000e+00,6.889898212211817974e-01
1.000000000000000000e+00,3.825773850035917856e-01
1.000000000000000000e+00,3.042019837946830507e-01
1.000000000000000000e+00,1.004749394990616551e+00
1.000000000000000000e+00,3.623143070504056262e-01
1.000000000000000000e+00,1.857536155408295031e-01
1.000000000000000000e+00,6.762306312996035906e-01
1.000000000000000000e+00,5.122602394526886149e-01
1.000000000000000000e+00,6.230328078538144992e-02
1.000000000000000000e+00,4.099437057630659353e-01
1.000000000000000000e+00,-4.755420296488935272e-02
1.000000000000000000e+00,1.062379983596765075e-02
1.000000000000000000e+00,5.852794737558849603e-01
1.000000000000000000e+00,2.817217520536019482e-01
1.000000000000000000e+00,9.714700386106118746e-01
1.000000000000000000e+00,2.304956682939142798e+00
1.000000000000000000e+00,3.386039912568783450e-01
1.000000000000000000e+00,-4.789369862681812640e-01
1.000000000000000000e+00,1.061193457799924911e+00
1.000000000000000000e+00,-3.187337854743335641e-01
1.000000000000000000e+00,9.500646057116948207e-01
1.000000000000000000e+00,5.034150812815140208e-01
1.000000000000000000e+00,-1.290446911716022216e-01
1.000000000000000000e+00,-3.361379266557398271e-01
1.000000000000000000e+00,1.980109405821144364e+00
1.000000000000000000e+00,1.834754736038811673e-01
1.000000000000000000e+00,4.158858280392989104e-01
1.000000000000000000e+00,-2.116826948597350933e-01
1.000000000000000000e+00,8.670747473174846842e-01
1.000000000000000000e+00,1.335345508866309761e+00
1.000000000000000000e+00,1.108490705670048149e+00
1.000000000000000000e+00,5.858466635420815916e-01
1.000000000000000000e+00,9.297776016384954323e-01
1.000000000000000000e+00,2.582713396029637787e-01
1.000000000000000000e+00,-9.482881763344677140e-01
1.000000000000000000e+00,9.789467165449499131e-01
1.000000000000000000e+00,5.066629347884112899e-01
1.000000000000000000e+00,1.076521918630529429e-01
1.000000000000000000e+00,-8.611372563409375180e-02
1.000000000000000000e+00,1.386568047837431372e+00
1.000000000000000000e+00,9.365862247708947042e-01
1.000000000000000000e+00,1.620542982865872617e+00
1.000000000000000000e+00,8.362410157145209189e-01
1.000000000000000000e+00,7.226022667229397012e-01
1.000000000000000000e+00,-2.553112709944927450e-01
1.000000000000000000e+00,9.518229409628649051e-01
1.000000000000000000e+00,9.151050536705192251e-02
1.000000000000000000e+00,1.606621527410469485e-01
1.000000000000000000e+00,1.042646961672787587e+00
1.000000000000000000e+00,4.101163491388478688e-01
1.000000000000000000e+00,1.021960982208146712e-01
1.000000000000000000e+00,5.006025893309363761e-01
1.000000000000000000e+00,-3.278988968582344232e-01
1.000000000000000000e+00,4.450939909001855876e-01
1.000000000000000000e+00,3.767720447683709645e-02
1.000000000000000000e+00,-4.298448102574556895e-01
1.000000000000000000e+00,1.566354543292323820e+00
1.000000000000000000e+00,1.660587801534331165e+00
1.000000000000000000e+00,5.850768054451844780e-01
1.000000000000000000e+00,6.155652502965843764e-01
1.000000000000000000e+00,-5.226673656978972904e-01
1.000000000000000000e+00,1.816421905157915351e+00
1.000000000000000000e+00,7.060317866251325514e-01
1.000000000000000000e+00,-2.160714958935389673e-01
1.000000000000000000e+00,4.249040987258635438e-01
1.000000000000000000e+00,-8.481634628939024312e-01
1.000000000000000000e+00,2.366369665752924567e-01
1.000000000000000000e+00,1.236312014154192118e+00
1.000000000000000000e+00,3.944659235404783873e-03
1.000000000000000000e+00,-1.357194011873935180e+00
1.000000000000000000e+00,9.187636110590604588e-01
1.000000000000000000e+00,-2.102858038313581632e-02
1.000000000000000000e+00,1.195836994465103054e+00
1.000000000000000000e+00,1.081605722148487825e+00
1.000000000000000000e+00,-8.411258996327488635e-01
1.000000000000000000e+00,2.191178861899009400e-01
1.000000000000000000e+00,2.774394457108374512e-01
1.000000000000000000e+00,6.635127256635385828e-01
1.000000000000000000e+00,2.290345592259828145e-01
1.000000000000000000e+00,4.600318651617942289e-01
1.000000000000000000e+00,4.974582089528759715e-02
1.000000000000000000e+00,-3.087589391268468764e-01
1.000000000000000000e+00,-7.111277833670067716e-01
1.000000000000000000e+00,1.859841714167067117e+00
1.000000000000000000e+00,6.989114480683988884e-02
1.000000000000000000e+00,1.692084896543152528e+00
1.000000000000000000e+00,4.572559661006486142e-01
1.000000000000000000e+00,-2.122283042239589412e-01
1.000000000000000000e+00,1.249198340909566385e+00
1.000000000000000000e+00,-8.585558434926008342e-01
1.000000000000000000e+00,4.869008979366791778e-01
1.000000000000000000e+00,6.000808283915356478e-01
1.000000000000000000e+00,2.891988991275480370e-01
1.000000000000000000e+00,5.752609974248447111e-01
1.000000000000000000e+00,1.273527714261235566e-01
1.000000000000000000e+00,6.341534998488427277e-01
1.000000000000000000e+00,-6.810883051205615102e-01
1.000000000000000000e+00,-4.192976135880833177e-01
1.000000000000000000e+00,-8.699775163914772458e-01
1.000000000000000000e+00,9.789349880547473237e-01
1.000000000000000000e+00,1.612119112062774695e+00
1.000000000000000000e+00,1.036114192629952857e+00
1.000000000000000000e+00,7.177574619900597419e-01
1.000000000000000000e+00,6.698071717854569007e-01
1.000000000000000000e+00,9.063961527102483151e-01
1.000000000000000000e+00,9.645164513393087447e-01
1.000000000000000000e+00,3.182935302032737779e-01
1.000000000000000000e+00,1.620846985331923396e+00
1.000000000000000000e+00,1.002593698491383245e+00
1.000000000000000000e+00,-1.118978452199902857e-02
1.000000000000000000e+00,-8.000555417809770420e-01
1.000000000000000000e+00,1.173207576328645363e+00
1.000000000000000000e+00,2.461339679904207767e+00
1.000000000000000000e+00,1.438907139075837893e+00
1.000000000000000000e+00,-3.617651468879760635e-01
1.000000000000000000e+00,-2.952751352353034583e-02
1.000000000000000000e+00,6.155652502965843764e-01
1.000000000000000000e+00,9.641833622175555174e-01
1.000000000000000000e+00,-4.070727736801345031e-01
1.000000000000000000e+00,9.436298868469535917e-01
1.000000000000000000e+00,-2.526413974847784294e-01
1.000000000000000000e+00,9.330306156810818097e-01
1.000000000000000000e+00,2.028950385416980751e-01
1.000000000000000000e+00,1.564008845251808610e+00
1.000000000000000000e+00,-2.185238953496473902e-02
1.000000000000000000e+00,-4.458021248874721731e-01
1.000000000000000000e+00,-8.245662097459279805e-01
1.000000000000000000e+00,2.621900627494483937e-01
1.000000000000000000e+00,6.257718516104738837e-01
1.000000000000000000e+00,-1.969371678374486900e-01
1.000000000000000000e+00,4.160655085092023753e-01
1.000000000000000000e+00,1.766540167186752441e+00
1.000000000000000000e+00,1.190355098144419088e+00
1.000000000000000000e+00,-7.630986000130525193e-01
1.000000000000000000e+00,9.532266066703092289e-01
1.000000000000000000e+00,6.008868102382566301e-01
1.000000000000000000e+00,7.842584705782725818e-01
1.000000000000000000e+00,-3.644561316800550843e-01
1.000000000000000000e+00,1.223235685857536392e+00
1.000000000000000000e+00,-4.083047342910130495e-01
1.000000000000000000e+00,8.815186175717607542e-01
1.000000000000000000e+00,1.478635757648435023e+00
1.000000000000000000e+00,1.604764879566151548e+00
1.000000000000000000e+00,1.752207013879988562e+00
1.000000000000000000e+00,-5.278980099131918430e-02
1.000000000000000000e+00,-8.004219398149055031e-01
1.000000000000000000e+00,-8.681098716116190106e-01
1.000000000000000000e+00,9.756153561878102565e-01
1.000000000000000000e+00,6.058723568535675508e-01
1.000000000000000000e+00,3.785629573770541434e-01
1.000000000000000000e+00,-3.856040069341235554e-01
1.000000000000000000e+00,3.176404878687943967e-01
1.000000000000000000e+00,1.507213866015639336e+00
1.000000000000000000e+00,9.962518692690464084e-01
1.000000000000000000e+00,1.017170804394360584e+00
1.000000000000000000e+00,2.186252896013927416e-01
1.000000000000000000e+00,9.203718216356376880e-01
1.000000000000000000e+00,8.771213720250110590e-01
1.000000000000000000e+00,1.138047439259755489e+00
1.000000000000000000e+00,-6.080024529930144750e-01
1.000000000000000000e+00,-6.543405170891210265e-02
1.000000000000000000e+00,-1.240023786637108327e-01
1.000000000000000000e+00,1.415474553930307744e+00
1.000000000000000000e+00,8.914127719066536892e-01
1.000000000000000000e+00,6.786007245997401904e-01
1.000000000000000000e+00,7.029992681983545655e-01
1.000000000000000000e+00,2.316410988886032640e-01
1.000000000000000000e+00,2.742368920213722819e-02
1.000000000000000000e+00,-4.821756637074703367e-02
1.000000000000000000e+00,8.871267124470244569e-01
1.000000000000000000e+00,4.974274524632950056e-01
1.000000000000000000e+00,-6.882999191763213842e-01
1.000000000000000000e+00,1.709026466070969308e+00
1.000000000000000000e+00,1.020056275399248424e-01
1.000000000000000000e+00,-9.662144698996927294e-01
1.000000000000000000e+00,2.081537389093019996e+00
1.000000000000000000e+00,8.311738388074001449e-01
1.000000000000000000e+00,-8.832994114277248343e-02
1.000000000000000000e+00,3.014805049280773197e-01
1.000000000000000000e+00,1.346136451407341783e-01
1.000000000000000000e+00,1.027387257640020257e+00
1.000000000000000000e+00,-5.073543864743600834e-02
1.000000000000000000e+00,8.915192665976930941e-01
1.000000000000000000e+00,1.716538329475915114e+00
1.000000000000000000e+00,-5.439245504806538012e-01
1.000000000000000000e+00,-9.477310452045951961e-02
1.000000000000000000e+00,-1.515241516168549518e+00
1.000000000000000000e+00,6.355454370660843511e-01
1.000000000000000000e+00,1.181024849618466099e+00
1.000000000000000000e+00,7.796468282306198150e-01
1.000000000000000000e+00,-6.406134921560263651e-02
1.000000000000000000e+00,1.438371381643384295e+00
1.000000000000000000e+00,8.121896354259028339e-01
1.000000000000000000e+00,1.262353015520775390e+00
1.000000000000000000e+00,2.019388588649178917e+00
1.000000000000000000e+00,1.735348012923197958e+00
1.000000000000000000e+00,7.501346629036823588e-01
