label,score
0.000000000000000000e+00,-1.085258330304281760e+00
0.000000000000000000e+00,-1.464447782579175072e+00
0.000000000000000000e+00,-1.343421186236118059e+00
0.000000000000000000e+00,-1.157053806418254283e+00
0.000000000000000000e+00,-2.150688197306060978e+00
0.000000000000000000e+00,-4.744915813851708908e-01
0.000000000000000000e+00,-7.225308735970891183e-01
0.000000000000000000e+00,-1.776647944356403164e+00
0.000000000000000000e+00,-1.474700919394833498e+00
0.000000000000000000e+00,-1.995933546644447443e+00
0.000000000000000000e+00,-1.428011561810953678e+00
0.000000000000000000e+00,-1.415336916832781178e+00
0.000000000000000000e+00,-8.601756632123008783e-01
0.000000000000000000e+00,-1.487273947116415140e+00
0.000000000000000000e+00,-1.070337012094148887e+00
0.000000000000000000e+00,-6.405874278718772796e-01
0.000000000000000000e+00,-1.066961899196204655e+00
0.000000000000000000e+00,-1.491000061105901997e+00
0.000000000000000000e+00,-1.464651017092356566e+00
0.000000000000000000e+00,-1.266242657983707387e+00
0.000000000000000000e+00,-1.029324464831515185e+00
0.000000000000000000e+00,-9.658842346753904184e-01
0.000000000000000000e+00,-1.678252265420018929e+00
0.000000000000000000e+00,-1.247616969214537130e+00
0.000000000000000000e+00,-1.598911375196574447e+00
0.000000000000000000e+00,-1.013224120198842559e+00
0.000000000000000000e+00,-1.372716243203838005e+00
0.000000000000000000e+00,-7.331563111912612341e-01
0.000000000000000000e+00,-1.564101474277283410e+00
0.000000000000000000e+00,-1.527819232496122837e+00
0.000000000000000000e+00,-6.151311957371989880e-01
0.000000000000000000e+00,-4.720873792183208351e-01
0.000000000000000000e+00,-1.103743352390747612e+00
0.000000000000000000e+00,-7.034334855102072348e-01
0.000000000000000000e+00,-1.385654028064797982e+00
0.000000000000000000e+00,-1.261333080136894935e+00
0.000000000000000000e+00,-1.323521953683474361e+00
0.000000000000000000e+00,-7.398457441305864579e-01
0.000000000000000000e+00,-1.163185010061548397e+00
0.000000000000000000e+00,-1.682321393118434427e+00
0.000000000000000000e+00,-1.072298802012872310e+00
0.000000000000000000e+00,-1.725088945838781473e+00
0.000000000000000000e+00,-3.704071110536190647e-01
0.000000000000000000e+00,-9.619917168814426933e-01
0.000000000000000000e+00,-1.757464913778158833e+00
0.000000000000000000e+00,3.568822379011423740e-01
0.000000000000000000e+00,-7.023991194616787670e-01
0.000000000000000000e+00,-1.392187707043147871e+00
0.000000000000000000e+00,-1.079917433796306891e+00
0.000000000000000000e+00,-1.377202489772102023e+00
0.000000000000000000e+00,-1.570651128020861487e+00
0.000000000000000000e+00,-1.100431251066759319e+00
0.000000000000000000e+00,-1.701074880009430412e+00
0.000000000000000000e+00,-1.117985743078680372e+00
0.000000000000000000e+00,-7.981034942005833521e-01
0.000000000000000000e+00,-1.538463751059873097e+00
0.000000000000000000e+00,-8.778876841591114477e-01
0.000000000000000000e+00,-1.950139663400305867e+00
0.000000000000000000e+00,-6.071748751665785315e-01
0.000000000000000000e+00,-1.458557087901261928e+00
0.000000000000000000e+00,-1.342409894848474838e+00
0.000000000000000000e+00,-1.164524227879849105e+00
0.000000000000000000e+00,-2.081751316680986008e+00
0.000000000000000000e+00,-1.241837210406264269e+00
0.000000000000000000e+00,-1.110151895708143099e+00
0.000000000000000000e+00,-1.239375765330679835e+00
0.000000000000000000e+00,-1.215312443975208323e+00
0.000000000000000000e+00,-9.254942595131795402e-01
0.000000000000000000e+00,-1.347846196204340430e+00
0.000000000000000000e+00,-9.866274673242594329e-01
0.000000000000000000e+00,-2.115052338413632160e-01
0.000000000000000000e+00,-1.132524998153771056e+00
0.000000000000000000e+00,-1.518079063141682283e+00
0.000000000000000000e+00,-1.361565857074526820e+00
0.000000000000000000e+00,-8.213534337598502599e-01
0.000000000000000000e+00,-8.464338151681863875e-01
0.000000000000000000e+00,-1.244851559856137380e+00
0.000000000000000000e+00,-1.140578498546196640e+00
0.000000000000000000e+00,-2.688839280803282383e-01
0.000000000000000000e+00,-1.495050995321696607e+00
0.000000000000000000e+00,-1.015134879617531460e+00
0.000000000000000000e+00,-1.015893237222394330e+00
0.000000000000000000e+00,-6.925497892115120013e-01
0.000000000000000000e+00,-1.014367203399618722e+00
0.000000000000000000e+00,-1.718833494021489994e+00
0.000000000000000000e+00,-8.661333631554770651e-01
0.000000000000000000e+00,-6.282992834635325874e-01
0.000000000000000000e+00,-1.055163203844714070e+00
0.000000000000000000e+00,-1.294558816837719117e+00
0.000000000000000000e+00,-1.093764005301362197e+00
0.000000000000000000e+00,-9.039243327637490610e-01
0.000000000000000000e+00,-5.917703203082914643e-01
0.000000000000000000e+00,-1.056842329167593464e+00
0.000000000000000000e+00,-6.908586828147114112e-01
0.000000000000000000e+00,-1.566555375713732268e+00
0.000000000000000000e+00,-2.138061032880094636e+00
0.000000000000000000e+00,-9.521756673921680791e-01
0.000000000000000000e+00,-3.059538145359366745e-01
0.000000000000000000e+00,-1.985956862015933355e+00
0.000000000000000000e+00,-9.804345833374452646e-01
0.000000000000000000e+00,-1.410384739612027039e+00
0.000000000000000000e+00,-8.716162575765917797e-01
0.000000000000000000e+00,-1.003341509187783531e+00
0.000000000000000000e+00,-1.415014759067344974e+00
0.000000000000000000e+00,-1.280852024528410960e+00
0.000000000000000000e+00,-1.222116362732002637e+00
0.000000000000000000e+00,-3.649898906673315624e-01
0.000000000000000000e+00,-1.576661633437986598e+00
0.000000000000000000e+00,-9.961981266698891613e-01
0.000000000000000000e+00,-1.328222972095362442e+00
0.000000000000000000e+00,-1.311313239357792426e+00
0.000000000000000000e+00,1.081160938713392611e-01
0.000000000000000000e+00,-1.072367582252049534e+00
0.000000000000000000e+00,-1.373720878439302906e+00
0.000000000000000000e+00,-1.245991980596042437e+00
0.000000000000000000e+00,-1.063723903033136242e+00
0.000000000000000000e+00,-5.144631064470975845e-01
0.000000000000000000e+00,-1.097806508391063973e+00
0.000000000000000000e+00,-4.412862568843607391e-01
0.000000000000000000e+00,-1.584840269491366804e+00
0.000000000000000000e+00,-4.666186845885201828e-01
0.000000000000000000e+00,-4.431530856986719558e-01
0.000000000000000000e+00,-6.944836232910860385e-01
0.000000000000000000e+00,-1.040565374630453066e+00
0.000000000000000000e+00,-1.657667892936475207e+00
0.000000000000000000e+00,-1.811782221758523326e+00
0.000000000000000000e+00,-8.078414448376309842e-01
0.000000000000000000e+00,-1.177634185210491014e+00
0.000000000000000000e+00,-7.955892436510497712e-01
0.000000000000000000e+00,-7.862790617273360816e-01
0.000000000000000000e+00,-5.381323835936058231e-01
0.000000000000000000e+00,-1.680445245691073453e+00
0.000000000000000000e+00,-1.626897388902535768e+00
0.000000000000000000e+00,-1.348337863978587459e+00
0.000000000000000000e+00,-1.140136530041548690e+00
0.000000000000000000e+00,-1.183014574888057835e+00
0.000000000000000000e+00,-1.080131761896452547e+00
0.000000000000000000e+00,-7.684139492804215044e-01
0.000000000000000000e+00,-1.130740261882994036e+00
0.000000000000000000e+00,-1.428242308419805928e+00
0.000000000000000000e+00,-8.074185573025611795e-01
0.000000000000000000e+00,-1.356059444249048562e+00
0.000000000000000000e+00,-1.983531360162112289e+00
0.000000000000000000e+00,-9.633522343867143567e-01
0.000000000000000000e+00,-8.702717148365481936e-01
0.000000000000000000e+00,-9.602930668455065266e-01
0.000000000000000000e+00,-7.825187794899999272e-01
0.000000000000000000e+00,-6.214674088675887775e-01
0.000000000000000000e+00,-1.197597316824047686e+00
0.000000000000000000e+00,-2.116667564675598634e-01
0.000000000000000000e+00,-9.803760091982750557e-01
0.000000000000000000e+00,-1.362982730001575993e+00
0.000000000000000000e+00,-1.502362112874487510e+00
0.000000000000000000e+00,-9.702089586174577063e-01
0.000000000000000000e+00,-8.736241968170856964e-01
0.000000000000000000e+00,-1.060775227618090399e+00
0.000000000000000000e+00,-9.606027997935429052e-01
0.000000000000000000e+00,-7.114816609808900516e-01
0.000000000000000000e+00,-1.026826189047209903e+00
0.000000000000000000e+00,-1.844222088758813660e+00
0.000000000000000000e+00,-1.313477376302740307e+00
0.000000000000000000e+00,-1.139716304967350213e+00
0.000000000000000000e+00,-2.373124670675841874e-01
0.000000000000000000e+00,-1.157047150266075963e+00
0.000000000000000000e+00,-1.343964771997356866e+00
0.000000000000000000e+00,-1.055197372092563368e+00
0.000000000000000000e+00,-1.190796948015081957e+00
0.000000000000000000e+00,-1.467818458042333685e+00
0.000000000000000000e+00,-1.434013192358507549e+00
0.000000000000000000e+00,-1.231264134542562561e+00
0.000000000000000000e+00,-1.291535592518274767e+00
0.000000000000000000e+00,-6.561956609868243584e-01
0.000000000000000000e+00,-1.400085453474598118e+00
0.000000000000000000e+00,-1.661709508539219726e+00
0.000000000000000000e+00,-1.304516420496655060e+00
0.000000000000000000e+00,-1.902009026998055852e+00
0.000000000000000000e+00,-7.475313811792839713e-01
0.000000000000000000e+00,-1.559236714521805789e+00
0.000000000000000000e+00,-9.436549051168164892e-01
0.000000000000000000e+00,-9.974849827577195738e-01
0.000000000000000000e+00,-1.940808625533099852e+00
0.000000000000000000e+00,-1.060003113965392041e+00
0.000000000000000000e+00,-6.495701271084121098e-01
0.000000000000000000e+00,-6.876473112603567195e-01
0.000000000000000000e+00,-1.148541919012474155e+00
0.000000000000000000e+00,-1.502342588161430736e+00
0.000000000000000000e+00,-1.705734478918278785e-01
0.000000000000000000e+00,-1.562330937797820063e+00
0.000000000000000000e+00,-1.123178873008293888e+00
0.000000000000000000e+00,-8.197816943587828975e-01
0.000000000000000000e+00,-1.156346035569947750e+00
0.000000000000000000e+00,-7.404962720701586676e-01
0.000000000000000000e+00,-1.547832507122756995e+00
0.000000000000000000e+00,-7.778998536216459314e-01
0.000000000000000000e+00,-1.147564352129201604e+00
0.000000000000000000e+00,-3.902743940758062746e-01
0.000000000000000000e+00,-1.504439276097637279e+00
0.000000000000000000e+00,-1.499868718268446477e+00
0.000000000000000000e+00,-5.725611088648119296e-01
0.000000000000000000e+00,-3.449468852276337261e-01
0.000000000000000000e+00,-8.746594503525713105e-01
0.000000000000000000e+00,-9.991623331066846747e-01
0.000000000000000000e+00,-1.363101653253830703e+00
0.000000000000000000e+00,-6.048860463041546565e-01
0.000000000000000000e+00,-1.160722233755528077e+00
0.000000000000000000e+00,-1.908428663902415501e+00
0.000000000000000000e+00,-1.602605095912126298e+00
0.000000000000000000e+00,-1.490034919040029271e+00
0.000000000000000000e+00,-1.781696857655484134e+00
0.000000000000000000e+00,-1.802396159699975353e+00
0.000000000000000000e+00,-1.429921433742685322e+00
0.000000000000000000e+00,-8.112813442834452271e-01
0.000000000000000000e+00,-4.616798196721227932e-01
0.000000000000000000e+00,-1.624412869166065976e+00
0.000000000000000000e+00,-1.113509702610423258e+00
0.000000000000000000e+00,-1.400280256861686778e+00
0.000000000000000000e+00,-7.374646166246217049e-01
0.000000000000000000e+00,-6.264959099666557174e-01
0.000000000000000000e+00,-1.535861639301584258e+00
0.000000000000000000e+00,-8.907682261113366584e-01
0.000000000000000000e+00,-4.552317831851352969e-01
0.000000000000000000e+00,-2.138870420984992027e+00
0.000000000000000000e+00,-1.968869631886938310e+00
0.000000000000000000e+00,-1.168517031699952025e+00
0.000000000000000000e+00,-1.360399699212865521e+00
0.000000000000000000e+00,-1.246359843939770506e+00
0.000000000000000000e+00,-2.194060572387688257e+00
0.000000000000000000e+00,-9.666199613628465581e-01
0.000000000000000000e+00,2.091733461921397030e-01
0.000000000000000000e+00,-1.858079753850832905e+00
0.000000000000000000e+00,-6.544424305030250855e-01
0.000000000000000000e+00,-1.605474341244509606e+00
0.000000000000000000e+00,-1.003362808874754597e+00
0.000000000000000000e+00,-8.311548397143323497e-01
0.000000000000000000e+00,-1.752529598809590139e+00
0.000000000000000000e+00,-9.987851511499068469e-01
0.000000000000000000e+00,-8.679340741914824964e-01
0.000000000000000000e+00,-1.212436986234125103e+00
0.000000000000000000e+00,-1.003391208457382611e+00
0.000000000000000000e+00,-1.268430313333019033e+00
0.000000000000000000e+00,-5.536003937693273480e-01
0.000000000000000000e+00,5.086431026724299448e-02
0.000000000000000000e+00,-9.017690706883724205e-01
0.000000000000000000e+00,-4.698810866429095068e-01
0.000000000000000000e+00,-1.352952796155634463e+00
0.000000000000000000e+00,-1.223333994837177308e+00
0.000000000000000000e+00,-5.504089906715079472e-01
0.000000000000000000e+00,-8.537089894992138106e-01
0.000000000000000000e+00,-1.963608165461626198e+00
0.000000000000000000e+00,-1.751051933025977947e+00
0.000000000000000000e+00,-1.468658908190730639e+00
0.000000000000000000e+00,-1.535968137736439365e+00
0.000000000000000000e+00,-1.164274844044897117e+00
0.000000000000000000e+00,-1.336987793283923365e+00
0.000000000000000000e+00,-2.323225867871054895e+00
0.000000000000000000e+00,-1.878859373464943916e+00
0.000000000000000000e+00,-1.522147303353140746e+00
0.000000000000000000e+00,3.619415086597634751e-02
0.000000000000000000e+00,-1.461801740216508660e+00
0.000000000000000000e+00,-1.667467967660521522e+00
0.000000000000000000e+00,-1.123694059186904681e+00
0.000000000000000000e+00,-9.531230597188983245e-01
0.000000000000000000e+00,-1.103953243056107647e+00
0.000000000000000000e+00,-1.406576533079006097e+00
0.000000000000000000e+00,-1.138229320570688374e+00
0.000000000000000000e+00,-1.310914313970565015e+00
0.000000000000000000e+00,-4.542178293366206376e-01
0.000000000000000000e+00,-9.810886612248459482e-01
0.000000000000000000e+00,-7.255873786774256207e-01
0.000000000000000000e+00,-1.653317875616129751e+00
0.000000000000000000e+00,-1.173413297242407394e+00
0.000000000000000000e+00,-1.462700320760597084e+00
0.000000000000000000e+00,-8.667506103341571233e-01
0.000000000000000000e+00,-1.488052716921291818e+00
0.000000000000000000e+00,-1.282165948968433611e+00
0.000000000000000000e+00,-7.956127620554136470e-01
0.000000000000000000e+00,-1.042817372784156316e+00
0.000000000000000000e+00,-4.782776007442636756e-01
0.000000000000000000e+00,-1.731275173673417322e+00
0.000000000000000000e+00,-7.260275722081592775e-01
0.000000000000000000e+00,-1.031500582850384262e+00
0.000000000000000000e+00,-1.061342331783692972e+00
0.000000000000000000e+00,-8.786158672074320108e-01
0.000000000000000000e+00,-1.478506907210461740e+00
0.000000000000000000e+00,-5.920676284389281285e-01
0.000000000000000000e+00,-1.556906173772397040e+00
0.000000000000000000e+00,-9.900256548830888015e-01
0.000000000000000000e+00,-1.280596872028237687e+00
0.000000000000000000e+00,-4.045398594246241708e-01
0.000000000000000000e+00,-1.588999033372451741e+00
0.000000000000000000e+00,-1.284652687422296324e+00
0.000000000000000000e+00,-5.020409515082271401e-01
0.000000000000000000e+00,-7.102453916496157538e-01
0.000000000000000000e+00,-8.474850434689001899e-01
0.000000000000000000e+00,-1.668138907800107651e+00
0.000000000000000000e+00,1.590146920738132619e-03
0.000000000000000000e+00,-9.054925222169879495e-01
0.000000000000000000e+00,-7.692437495853329255e-01
0.000000000000000000e+00,-1.016098246709489894e+00
0.000000000000000000e+00,-1.413853926127426330e+00
0.000000000000000000e+00,-1.670973097397684404e+00
0.000000000000000000e+00,-9.481198519981094419e-01
0.000000000000000000e+00,-1.500166913886040287e+00
0.000000000000000000e+00,-1.516244183857827554e+00
0.000000000000000000e+00,-1.097928094104190011e+00
0.000000000000000000e+00,-2.916674932436263412e-01
0.000000000000000000e+00,-1.318261818488597914e+00
0.000000000000000000e+00,-3.309134977181038550e-01
0.000000000000000000e+00,-1.308325958260111666e+00
0.000000000000000000e+00,-8.705011302149648911e-01
0.000000000000000000e+00,-7.495575139023989975e-01
0.000000000000000000e+00,-1.244838247551780519e+00
0.000000000000000000e+00,2.401643907349244045e-01
0.000000000000000000e+00,-1.294108860950456963e+00
0.000000000000000000e+00,-1.215117196844641034e+00
0.000000000000000000e+00,-1.306357068445731073e+00
0.000000000000000000e+00,-1.644495367775355987e+00
0.000000000000000000e+00,-1.311884780958180396e+00
0.000000000000000000e+00,-6.546975830031983579e-01
0.000000000000000000e+00,-1.896737354472736836e+00
0.000000000000000000e+00,-9.754611064297199485e-01
0.000000000000000000e+00,-1.137208266826516656e+00
0.000000000000000000e+00,-1.255403779776346873e+00
0.000000000000000000e+00,-1.546301592121717361e+00
0.000000000000000000e+00,-1.285695484596917515e+00
0.000000000000000000e+00,-1.060831139296389170e+00
0.000000000000000000e+00,-5.251493368978327192e-01
0.000000000000000000e+00,-8.161634100345867004e-01
0.000000000000000000e+00,-8.216791414731149379e-01
0.000000000000000000e+00,-1.820930285953028527e-01
0.000000000000000000e+00,-9.575547258392991257e-01
0.000000000000000000e+00,-1.154731696794938367e+00
0.000000000000000000e+00,-5.635831394470079692e-02
0.000000000000000000e+00,-1.734996406484639930e+00
0.000000000000000000e+00,-1.348996379300773762e+00
0.000000000000000000e+00,-1.343441598436132089e+00
0.000000000000000000e+00,-9.745829380856453339e-01
0.000000000000000000e+00,-5.972975890772623808e-01
0.000000000000000000e+00,-1.622957390556382107e+00
0.000000000000000000e+00,-7.921879498878704462e-01
0.000000000000000000e+00,-5.872831862530704106e-01
0.000000000000000000e+00,-1.448096722881114795e+00
0.000000000000000000e+00,-9.244998303777216542e-01
0.000000000000000000e+00,-1.353669885616990864e+00
0.000000000000000000e+00,-6.686475467387585914e-01
0.000000000000000000e+00,-9.887756295039791254e-01
0.000000000000000000e+00,-9.251636706216506134e-01
0.000000000000000000e+00,-1.262991793259760520e+00
0.000000000000000000e+00,-1.050478603941532807e+00
0.000000000000000000e+00,-1.565219264099781515e+00
0.000000000000000000e+00,-1.068628155958205816e+00
0.000000000000000000e+00,7.395009397783646188e-01
0.000000000000000000e+00,-2.002961555857915688e+00
0.000000000000000000e+00,-1.377109303641603999e+00
0.000000000000000000e+00,-1.376599886128214489e+00
0.000000000000000000e+00,-1.022080352543987214e+00
0.000000000000000000e+00,-9.196661326657434854e-01
0.000000000000000000e+00,-9.270566803011970336e-01
0.000000000000000000e+00,-1.489670161900651157e+00
0.000000000000000000e+00,-6.035774467858747716e-01
0.000000000000000000e+00,-1.493300427298768662e+00
0.000000000000000000e+00,-1.903776457273169243e+00
0.000000000000000000e+00,-1.355807397953225024e+00
0.000000000000000000e+00,-9.814396623163886835e-01
0.000000000000000000e+00,-1.473919930872564121e+00
0.000000000000000000e+00,-1.320246683068206695e+00
0.000000000000000000e+00,-1.244671400003841244e+00
0.000000000000000000e+00,-1.375711955427611599e+00
0.000000000000000000e+00,-1.565769949756677271e+00
0.000000000000000000e+00,-9.032893358459265221e-01
0.000000000000000000e+00,-1.314825912734090885e+00
0.000000000000000000e+00,-9.283981168368906634e-01
0.000000000000000000e+00,-1.258738955761220302e+00
0.000000000000000000e+00,-7.633188866595702615e-01
0.000000000000000000e+00,-1.602353493359781389e+00
0.000000000000000000e+00,-7.984997571269393246e-01
0.000000000000000000e+00,-1.048855390296952406e+00
0.000000000000000000e+00,-1.585201920426394961e+00
0.000000000000000000e+00,-3.742339548127395221e-01
0.000000000000000000e+00,-1.528984502870827322e+00
0.000000000000000000e+00,-1.174924243786911626e+00
0.000000000000000000e+00,-1.834997993069940936e+00
0.000000000000000000e+00,-1.360373074604151800e+00
0.000000000000000000e+00,-5.303065236056827558e-01
0.000000000000000000e+00,-1.375864603184236978e+00
0.000000000000000000e+00,-2.122727033234899086e+00
0.000000000000000000e+00,-1.668289336839340109e+00
0.000000000000000000e+00,-1.321751860947489865e+00
0.000000000000000000e+00,-1.701603378492398067e+00
0.000000000000000000e+00,-1.082498245867624664e+00
0.000000000000000000e+00,-5.319749990850766164e-01
0.000000000000000000e+00,-5.136483934204573165e-01
0.000000000000000000e+00,-1.448267120376882877e+00
0.000000000000000000e+00,-1.306114784506436033e+00
0.000000000000000000e+00,-2.935063662187881173e-01
0.000000000000000000e+00,-1.311603003849293403e+00
0.000000000000000000e+00,-1.705991557751899812e+00
0.000000000000000000e+00,-1.844716418993932017e+00
0.000000000000000000e+00,-3.216312716335395505e-01
0.000000000000000000e+00,-7.050748926374088565e-01
0.000000000000000000e+00,-1.535969025223396400e+00
0.000000000000000000e+00,-7.882878884547872556e-01
0.000000000000000000e+00,-1.163420637848664896e+00
0.000000000000000000e+00,-4.834458810390777073e-01
0.000000000000000000e+00,-1.600339785454066188e+00
0.000000000000000000e+00,-3.866206102733250605e-01
0.000000000000000000e+00,-1.354871542956937347e+00
0.000000000000000000e+00,-1.862880614545397329e+00
0.000000000000000000e+00,-1.369427216540735071e+00
0.000000000000000000e+00,-6.389367021316257889e-01
0.000000000000000000e+00,-5.682829779879937648e-01
0.000000000000000000e+00,-1.376045206780011743e+00
0.000000000000000000e+00,-1.519424937112161533e+00
0.000000000000000000e+00,-1.406338242831018270e+00
0.000000000000000000e+00,-1.862203018253632880e+00
0.000000000000000000e+00,-8.401353202334743697e-01
0.000000000000000000e+00,-1.328846431682742413e+00
0.000000000000000000e+00,-1.474854898381894763e+00
0.000000000000000000e+00,-6.405155414283502102e-01
0.000000000000000000e+00,-1.289473516573396150e+00
0.000000000000000000e+00,-8.626490893618066202e-01
0.000000000000000000e+00,-1.092860543579009525e+00
0.000000000000000000e+00,-1.492719567085330601e+00
0.000000000000000000e+00,-1.931620916809469346e+00
0.000000000000000000e+00,-1.517747586763196432e+00
0.000000000000000000e+00,-1.219364265677959747e+00
0.000000000000000000e+00,-3.601925799205955570e-01
0.000000000000000000e+00,-1.508252363808922247e+00
0.000000000000000000e+00,-2.422832815144380647e-01
0.000000000000000000e+00,-8.925347688994927919e-01
0.000000000000000000e+00,-1.767885341885235384e+00
0.000000000000000000e+00,2.226720228100021182e-01
0.000000000000000000e+00,-9.521619113443325899e-01
0.000000000000000000e+00,-1.446535633323533077e+00
0.000000000000000000e+00,-1.262176192746163217e+00
0.000000000000000000e+00,-7.937698953889447129e-01
0.000000000000000000e+00,-1.563150975746203208e+00
0.000000000000000000e+00,-1.591228844352226890e+00
0.000000000000000000e+00,-1.094415420727891552e+00
0.000000000000000000e+00,-1.191776733615747208e+00
0.000000000000000000e+00,-1.060393164483048212e+00
0.000000000000000000e+00,-1.379391920095327961e+00
0.000000000000000000e+00,-1.486324336072292196e+00
0.000000000000000000e+00,-1.407776859188516916e+00
0.000000000000000000e+00,-8.426926139004283778e-01
0.000000000000000000e+00,-1.640216793155059083e+00
0.000000000000000000e+00,3.992490902603478831e-01
0.000000000000000000e+00,-1.282583511581760760e+00
0.000000000000000000e+00,-1.743414664016443627e+00
0.000000000000000000e+00,-9.378152409389378663e-01
0.000000000000000000e+00,-9.995075655330061259e-01
0.000000000000000000e+00,-1.244871972056151410e+00
0.000000000000000000e+00,-1.091382877795397333e+00
0.000000000000000000e+00,-1.606641386593128162e+00
0.000000000000000000e+00,-8.189731937408425422e-01
0.000000000000000000e+00,-1.280878205393646052e+00
0.000000000000000000e+00,9.678389090290777652e-01
0.000000000000000000e+00,-1.855565059557820806e+00
0.000000000000000000e+00,-1.403188107876705004e+00
0.000000000000000000e+00,-1.868496632010080649e+00
0.000000000000000000e+00,-7.263115680344390812e-01
0.000000000000000000e+00,-1.526062452064494979e+00
0.000000000000000000e+00,-1.219973525474025822e+00
0.000000000000000000e+00,-5.431560035144086251e-01
0.000000000000000000e+00,-1.699882097539055170e+00
0.000000000000000000e+00,-3.660131631288960352e-01
0.000000000000000000e+00,-6.916427775413308554e-01
0.000000000000000000e+00,-1.099845953418535860e+00
0.000000000000000000e+00,-6.920172970372373555e-01
0.000000000000000000e+00,-3.167052752780204483e-01
0.000000000000000000e+00,-1.405536842108734863e+00
0.000000000000000000e+00,-9.170600272161475441e-01
0.000000000000000000e+00,-1.164418616931951478e+00
0.000000000000000000e+00,-1.149549660452288791e+00
0.000000000000000000e+00,-6.577953562270412169e-01
0.000000000000000000e+00,-9.412467092586593864e-01
0.000000000000000000e+00,2.633952493246132232e-01
0.000000000000000000e+00,-5.832051836850836724e-01
0.000000000000000000e+00,-1.780865282376658421e+00
0.000000000000000000e+00,-1.519569153742694301e+00
0.000000000000000000e+00,-1.432711248992405872e+00
0.000000000000000000e+00,-1.165555487724027728e+00
0.000000000000000000e+00,-9.185816236041374205e-01
0.000000000000000000e+00,-6.077899036278657796e-01
0.000000000000000000e+00,-1.477202745126967365e+00
0.000000000000000000e+00,-9.777126608399446805e-01
0.000000000000000000e+00,-2.173447800321516521e+00
0.000000000000000000e+00,-1.035554623270528607e+00
0.000000000000000000e+00,-7.803382240363452294e-01
0.000000000000000000e+00,-1.406856091470500170e+00
0.000000000000000000e+00,-1.006179692476667498e+00
0.000000000000000000e+00,-1.396815951524551735e+00
0.000000000000000000e+00,-1.221664631870826412e+00
0.000000000000000000e+00,-8.864270836605625536e-01
0.000000000000000000e+00,-1.694319773035277921e+00
0.000000000000000000e+00,-1.321081364551382364e+00
0.000000000000000000e+00,-1.773873216384953766e+00
0.000000000000000000e+00,-9.896844161480744528e-01
0.000000000000000000e+00,-1.805446452371612054e+00
0.000000000000000000e+00,-1.239611836861274963e+00
0.000000000000000000e+00,-9.125369499391630113e-01
0.000000000000000000e+00,-1.315304711947459460e+00
0.000000000000000000e+00,-1.445030899187728535e+00
0.000000000000000000e+00,-4.035676174630943858e-01
0.000000000000000000e+00,-1.042888815484204867e+00
0.000000000000000000e+00,-1.100413057584138210e+00
0.000000000000000000e+00,-1.892070948052176682e+00
0.000000000000000000e+00,-2.024929520507616321e+00
0.000000000000000000e+00,-1.382188835240705682e+00
0.000000000000000000e+00,-1.076118102132857413e+00
0.000000000000000000e+00,-5.163183979309662330e-01
0.000000000000000000e+00,-9.692398228602777666e-01
0.000000000000000000e+00,-1.580488477197107278e+00
0.000000000000000000e+00,-1.545480666686377402e+00
0.000000000000000000e+00,-1.722676756289317490e+00
0.000000000000000000e+00,-8.513771175193693974e-01
0.000000000000000000e+00,-5.277079617952223911e-01
0.000000000000000000e+00,-7.823071138507258215e-01
0.000000000000000000e+00,-8.952007797186946059e-01
0.000000000000000000e+00,-1.412867928118061167e+00
0.000000000000000000e+00,-9.546721682025590683e-01
0.000000000000000000e+00,-1.162505195052391027e+00
0.000000000000000000e+00,-1.311011050048891624e+00
0.000000000000000000e+00,-6.853185454848622626e-01
0.000000000000000000e+00,-1.412390903878606663e+00
0.000000000000000000e+00,-8.277078403728610478e-01
0.000000000000000000e+00,-1.091105094377817331e+00
0.000000000000000000e+00,-3.844888666023121848e-01
0.000000000000000000e+00,-1.124592639730993104e+00
0.000000000000000000e+00,-1.105677922597745472e-01
0.000000000000000000e+00,-9.043379016857689967e-01
0.000000000000000000e+00,-1.772138623127254009e+00
0.000000000000000000e+00,-1.708672212105894150e+00
0.000000000000000000e+00,-1.040191298878025083e+00
0.000000000000000000e+00,-1.032441319024936188e+00
0.000000000000000000e+00,2.772169711948689330e-01
0.000000000000000000e+00,-1.917009623931318074e-01
0.000000000000000000e+00,-1.579505141648613442e+00
0.000000000000000000e+00,-1.726582142644143447e+00
0.000000000000000000e+00,9.444524478379470733e-02
0.000000000000000000e+00,-1.198285562959297668e+00
0.000000000000000000e+00,-1.128648011381573113e+00
0.000000000000000000e+00,-6.706000180444322556e-01
0.000000000000000000e+00,-8.363271137004534284e-01
0.000000000000000000e+00,-7.024253003269139706e-01
0.000000000000000000e+00,-1.022152682730992801e+00
0.000000000000000000e+00,-8.115160845836046910e-01
0.000000000000000000e+00,-1.180656965786456958e+00
0.000000000000000000e+00,-1.334572941273587610e+00
0.000000000000000000e+00,-1.514937359313461851e+00
0.000000000000000000e+00,-6.478310964159267327e-01
0.000000000000000000e+00,-1.274320564267453770e+00
0.000000000000000000e+00,-6.081657543542079436e-01
0.000000000000000000e+00,-1.319374283389353586e+00
0.000000000000000000e+00,-3.865469488558836986e-01
0.000000000000000000e+00,-1.532298379168729907e+00
0.000000000000000000e+00,-1.585633239087557378e+00
0.000000000000000000e+00,-1.328703990026123938e+00
0.000000000000000000e+00,-5.614324661659503279e-01
0.000000000000000000e+00,-1.043987524337124828e+00
0.000000000000000000e+00,-1.425659277631095234e+00
0.000000000000000000e+00,-1.436011369242473190e+00
0.000000000000000000e+00,-2.956523096811149998e-01
0.000000000000000000e+00,-7.569280930813173658e-01
0.000000000000000000e+00,-1.758935923409592705e+00
0.000000000000000000e+00,1.246053091507657792e-02
0.000000000000000000e+00,-3.296084481476523886e-01
0.000000000000000000e+00,-1.991399375780498859e+00
0.000000000000000000e+00,-1.355085427313604374e+00
0.000000000000000000e+00,-1.758624859231120441e+00
0.000000000000000000e+00,-1.598726777909492469e+00
0.000000000000000000e+00,-5.968857951291566266e-01
0.000000000000000000e+00,-1.292020604140343254e+00
0.000000000000000000e+00,-1.139491327023719247e+00
0.000000000000000000e+00,-2.514758714163327635e-01
0.000000000000000000e+00,-8.431203826137623203e-01
0.000000000000000000e+00,-4.759923218296682745e-01
0.000000000000000000e+00,-1.621023112733329441e+00
0.000000000000000000e+00,-1.528600664761870842e+00
0.000000000000000000e+00,-1.659073672276560218e+00
0.000000000000000000e+00,1.255716310875408803e-01
0.000000000000000000e+00,-6.865304089248156494e-01
0.000000000000000000e+00,-7.736350350491845163e-01
0.000000000000000000e+00,-9.294839571289322810e-01
0.000000000000000000e+00,-1.738203340604209002e+00
0.000000000000000000e+00,-1.583415409181703426e+00
0.000000000000000000e+00,-1.202366671731634362e+00
0.000000000000000000e+00,-3.072189271933175592e-01
0.000000000000000000e+00,-1.498458057750097216e+00
0.000000000000000000e+00,8.915656174729338357e-01
0.000000000000000000e+00,-9.019665365363326304e-01
0.000000000000000000e+00,-9.433518283209585409e-01
0.000000000000000000e+00,-9.898383951351356069e-01
0.000000000000000000e+00,-5.138392031162390960e-01
0.000000000000000000e+00,1.004881434748548796e-01
0.000000000000000000e+00,-1.082583444615508705e+00
0.000000000000000000e+00,-9.768770918698119754e-01
0.000000000000000000e+00,-1.960496636189947850e+00
0.000000000000000000e+00,-8.167136519480038270e-01
0.000000000000000000e+00,-1.153361416933138317e+00
0.000000000000000000e+00,-1.261967633311239068e+00
0.000000000000000000e+00,-2.406751551481286222e-01
0.000000000000000000e+00,-1.040565374630453066e+00
0.000000000000000000e+00,-7.553741034193924841e-01
0.000000000000000000e+00,-1.382639234871446243e+00
0.000000000000000000e+00,-1.253366553466267685e+00
0.000000000000000000e+00,-1.014439977330102938e+00
0.000000000000000000e+00,-1.199309279164340714e+00
0.000000000000000000e+00,-1.335472409304633290e+00
0.000000000000000000e+00,-1.779369866853903748e+00
0.000000000000000000e+00,-1.198342805868032324e+00
0.000000000000000000e+00,-1.213513507913117184e+00
0.000000000000000000e+00,-9.168683300334087294e-01
0.000000000000000000e+00,-7.973304930609279584e-01
0.000000000000000000e+00,1.326140024537612483e+00
0.000000000000000000e+00,-9.373905784299537691e-01
0.000000000000000000e+00,-5.628382455060354506e-01
0.000000000000000000e+00,-9.661176437451141075e-01
0.000000000000000000e+00,-1.638414307145139359e+00
0.000000000000000000e+00,-1.615052100485796283e+00
0.000000000000000000e+00,-1.301482102590246548e+00
0.000000000000000000e+00,-1.502927442066175789e+00
0.000000000000000000e+00,-1.571264825251713182e+00
0.000000000000000000e+00,-1.261948108598182294e+00
0.000000000000000000e+00,-1.221887391097064457e+00
0.000000000000000000e+00,-2.023371537154384558e+00
0.000000000000000000e+00,-1.572082644482703184e+00
0.000000000000000000e+00,-1.046705896886797049e+00
0.000000000000000000e+00,-7.334309884044911687e-01
0.000000000000000000e+00,-1.354013343069398134e+00
0.000000000000000000e+00,-1.733597283296733460e+00
0.000000000000000000e+00,-1.370907988528697219e+00
0.000000000000000000e+00,-9.701179912043523812e-01
0.000000000000000000e+00,-9.557340463467584035e-01
0.000000000000000000e+00,-9.693210279168547050e-01
0.000000000000000000e+00,-1.338905652598269214e+00
0.000000000000000000e+00,-1.281243406276502794e+00
0.000000000000000000e+00,-1.617690155465848489e+00
0.000000000000000000e+00,-8.496043623225133512e-01
0.000000000000000000e+00,-1.775199565642376243e+00
0.000000000000000000e+00,1.217887179327980518e-01
0.000000000000000000e+00,-1.614172157167807375e+00
0.000000000000000000e+00,-1.008599869408745686e+00
0.000000000000000000e+00,-1.693377261886811924e+00
0.000000000000000000e+00,-1.274227378136955746e+00
0.000000000000000000e+00,-1.025513595837622915e+00
0.000000000000000000e+00,-7.174988225501935935e-01
0.000000000000000000e+00,-7.237897738457700347e-01
0.000000000000000000e+00,-1.511282244280544917e+00
0.000000000000000000e+00,-1.875803604512031320e-01
0.000000000000000000e+00,-1.357987509663401315e+00
0.000000000000000000e+00,-7.638127731512099894e-01
0.000000000000000000e+00,-6.254828436050982043e-01
0.000000000000000000e+00,-8.869884191609438417e-01
0.000000000000000000e+00,-7.585406568824123452e-01
0.000000000000000000e+00,-1.315957014860945851e+00
0.000000000000000000e+00,-1.182281066917994616e+00
0.000000000000000000e+00,-1.767758431250366469e+00
0.000000000000000000e+00,-1.418463089639252050e+00
0.000000000000000000e+00,-1.331670415180312261e+00
0.000000000000000000e+00,-1.632287984680109494e+00
0.000000000000000000e+00,-9.276397592320277941e-01
0.000000000000000000e+00,-1.017138825166718386e+00
0.000000000000000000e+00,-1.269019604672549706e+00
0.000000000000000000e+00,-1.528211057987693300e+00
0.000000000000000000e+00,-1.415541038832919929e+00
0.000000000000000000e+00,-5.482790219744093640e-01
0.000000000000000000e+00,-1.844246494650134460e+00
0.000000000000000000e+00,-6.885494417522736166e-01
0.000000000000000000e+00,-1.316514356670020147e+00
0.000000000000000000e+00,6.493068615371984549e-03
0.000000000000000000e+00,-1.325334202049922583e+00
0.000000000000000000e+00,-1.400696044501099635e+00
0.000000000000000000e+00,-1.470223103952662314e+00
0.000000000000000000e+00,-1.225589986682187549e+00
0.000000000000000000e+00,-1.106609047775302335e+00
0.000000000000000000e+00,-5.370585243754852911e-01
0.000000000000000000e+00,-5.621570992664424171e-01
0.000000000000000000e+00,-1.421373603115141604e+00
0.000000000000000000e+00,-1.147030084981012665e+00
0.000000000000000000e+00,-8.711015151414596147e-01
0.000000000000000000e+00,-2.015106481141731853e-02
0.000000000000000000e+00,-1.845678898598933415e+00
0.000000000000000000e+00,-1.046876294382564909e+00
0.000000000000000000e+00,-7.751038259632254679e-01
0.000000000000000000e+00,-1.398366834982126550e+00
0.000000000000000000e+00,-1.478147918736304911e+00
0.000000000000000000e+00,-1.402273552567388393e+00
0.000000000000000000e+00,-1.637080414248581528e+00
0.000000000000000000e+00,-8.448625195105975427e-01
0.000000000000000000e+00,-1.696700900541242785e+00
0.000000000000000000e+00,-6.499504152695398940e-01
0.000000000000000000e+00,-1.607118854576061073e+00
0.000000000000000000e+00,-1.509288948574843525e+00
0.000000000000000000e+00,-9.750635122729282012e-01
0.000000000000000000e+00,-1.394897204723248629e+00
0.000000000000000000e+00,-1.603905708047792089e+00
0.000000000000000000e+00,-1.276121719046937830e+00
0.000000000000000000e+00,-1.121778418589951531e+00
0.000000000000000000e+00,-1.209374268745088798e+00
0.000000000000000000e+00,-9.950577059299843263e-01
0.000000000000000000e+00,-1.667000705777595515e+00
0.000000000000000000e+00,-1.033540915364813406e+00
0.000000000000000000e+00,-9.590053232707189679e-01
0.000000000000000000e+00,-5.873142482965697520e-01
0.000000000000000000e+00,-1.586877052057967363e+00
0.000000000000000000e+00,-1.051911451633810168e+00
0.000000000000000000e+00,-8.232114977236373865e-03
0.000000000000000000e+00,-9.192818508133085986e-01
0.000000000000000000e+00,-1.019033166076700470e+00
0.000000000000000000e+00,-1.092602284874486296e+00
0.000000000000000000e+00,-1.624272646226840422e+00
0.000000000000000000e+00,-9.422393634202030910e-01
0.000000000000000000e+00,-1.320446811377038232e+00
0.000000000000000000e+00,-1.310788734566131764e+00
0.000000000000000000e+00,-1.312934678028458757e+00
0.000000000000000000e+00,-9.728496760583813519e-01
0.000000000000000000e+00,-7.988441020663036296e-01
0.000000000000000000e+00,-1.696716431562992566e+00
0.000000000000000000e+00,-1.479441874719792160e+00
0.000000000000000000e+00,-1.298479290470816228e+00
0.000000000000000000e+00,-1.574494390288688761e+00
0.000000000000000000e+00,-1.428273814206783898e+00
0.000000000000000000e+00,-1.185858526842163085e+00
0.000000000000000000e+00,-1.462430524725631287e+00
0.000000000000000000e+00,-9.107136079857508504e-01
0.000000000000000000e+00,1.445604533817083405e-02
0.000000000000000000e+00,-9.292776164114009418e-01
0.000000000000000000e+00,-4.768345469519793545e-01
0.000000000000000000e+00,-1.549411790162960045e+00
0.000000000000000000e+00,-1.352794823477266206e+00
0.000000000000000000e+00,-4.423055356546181649e-01
0.000000000000000000e+00,-4.591673440965035602e-01
0.000000000000000000e+00,-1.045932895747141655e+00
0.000000000000000000e+00,-5.490036550749014532e-01
0.000000000000000000e+00,-1.130576076795925866e+00
0.000000000000000000e+00,-1.115968928968614993e+00
0.000000000000000000e+00,-1.072762070204491325e+00
0.000000000000000000e+00,-1.124968490457335379e+00
0.000000000000000000e+00,1.771035612529702763e-01
0.000000000000000000e+00,-9.292776164114009418e-01
0.000000000000000000e+00,-4.472590441058080790e-01
0.000000000000000000e+00,-1.339945343568540448e+00
0.000000000000000000e+00,-5.380187852630938794e-01
0.000000000000000000e+00,-1.023271360040448164e+00
0.000000000000000000e+00,-8.758544515403393627e-01
0.000000000000000000e+00,-4.699982349212499244e-01
0.000000000000000000e+00,6.171206334417476264e-02
0.000000000000000000e+00,-1.606062745097083022e+00
0.000000000000000000e+00,-4.872403315242631594e-01
0.000000000000000000e+00,-1.211027213202733099e+00
0.000000000000000000e+00,-1.508713857026626970e+00
0.000000000000000000e+00,-1.468047873420750271e+00
0.000000000000000000e+00,-6.369114568954679090e-01
0.000000000000000000e+00,-1.630497036000632560e+00
0.000000000000000000e+00,-1.148268129286201145e+00
0.000000000000000000e+00,3.390260003237990372e-01
0.000000000000000000e+00,-1.033951821825962014e+00
0.000000000000000000e+00,-1.771368284448470165e+00
0.000000000000000000e+00,-1.644293908236088786e+00
0.000000000000000000e+00,-8.534387497207693851e-01
0.000000000000000000e+00,-1.246279082626672086e+00
0.000000000000000000e+00,-1.179622155994449750e+00
0.000000000000000000e+00,-1.707993728327172445e+00
0.000000000000000000e+00,-9.715419640270585022e-01
0.000000000000000000e+00,-1.304146338435534069e+00
0.000000000000000000e+00,-1.323624458427022255e+00
0.000000000000000000e+00,-1.138872304871124896e+00
0.000000000000000000e+00,-1.109599435077333052e+00
0.000000000000000000e+00,-8.177928360878671254e-01
0.000000000000000000e+00,-1.027141690660467788e+00
0.000000000000000000e+00,-9.470708424147883386e-01
0.000000000000000000e+00,-7.299693455282274535e-01
0.000000000000000000e+00,-1.380904197870268080e+00
0.000000000000000000e+00,-1.399147823504396149e+00
0.000000000000000000e+00,-1.492273161145897031e+00
0.000000000000000000e+00,-7.286030593577343950e-01
0.000000000000000000e+00,-1.446979376802095318e+00
0.000000000000000000e+00,-1.893917213306940683e-01
0.000000000000000000e+00,-7.020987051266921464e-01
0.000000000000000000e+00,-1.896300267146353136e+00
0.000000000000000000e+00,-1.661609222513064754e+00
0.000000000000000000e+00,-1.635091112234187127e+00
0.000000000000000000e+00,-1.447748384250443499e+00
0.000000000000000000e+00,-6.136774921014291895e-01
0.000000000000000000e+00,-1.065013865325316500e+00
0.000000000000000000e+00,-1.612818739558192549e+00
0.000000000000000000e+00,-1.372828066560435767e+00
0.000000000000000000e+00,-1.445952554392702316e+00
0.000000000000000000e+00,-1.312458541275961510e+00
0.000000000000000000e+00,-8.502127346316221690e-01
0.000000000000000000e+00,-1.251318677312703187e+00
0.000000000000000000e+00,-1.432238218444258582e+00
0.000000000000000000e+00,-1.124837142387680844e+00
0.000000000000000000e+00,-1.481240367038404893e+00
0.000000000000000000e+00,-1.187373910821452938e+00
0.000000000000000000e+00,-1.734352534697246151e+00
0.000000000000000000e+00,-1.132067054883894919e+00
0.000000000000000000e+00,-9.630815508647914136e-01
0.000000000000000000e+00,-1.328004206560431388e+00
0.000000000000000000e+00,5.505301169717763399e-01
0.000000000000000000e+00,-1.416878037933827716e+00
0.000000000000000000e+00,-1.054104875648343320e+00
0.000000000000000000e+00,-5.156212769261449003e-01
0.000000000000000000e+00,-1.712491068482400403e+00
1.000000000000000000e+00,8.037998135655073373e-01
1.000000000000000000e+00,1.282008111980219855e-01
1.000000000000000000e+00,5.854868969824714720e-01
1.000000000000000000e+00,4.054255557384552899e-01
1.000000000000000000e+00,3.838618413977247235e-01
1.000000000000000000e+00,-1.060842081523819952e-01
1.000000000000000000e+00,-1.013442441990295206e+00
1.000000000000000000e+00,1.169965838488078447e+00
1.000000000000000000e+00,1.037125015771781289e+00
1.000000000000000000e+00,1.035832834762208110e+00
1.000000000000000000e+00,-1.904762303923001054e-01
1.000000000000000000e+00,5.536031919203530244e-02
1.000000000000000000e+00,-3.866090729428824369e-01
1.000000000000000000e+00,3.472929413294130185e-01
1.000000000000000000e+00,1.232683654261103934e+00
1.000000000000000000e+00,3.673599089169532483e-01
1.000000000000000000e+00,4.709673550090507366e-01
1.000000000000000000e+00,-1.013268050803220133e+00
1.000000000000000000e+00,3.706808851105128366e-01
1.000000000000000000e+00,3.636848254275010239e-01
1.000000000000000000e+00,-7.135506854618922645e-02
1.000000000000000000e+00,-1.497254917820181608e-01
1.000000000000000000e+00,-4.917971333056184724e-01
1.000000000000000000e+00,8.055796686580203314e-01
1.000000000000000000e+00,7.147600221311285473e-01
1.000000000000000000e+00,-8.322304739063671741e-01
1.000000000000000000e+00,1.007345390925471262e+00
1.000000000000000000e+00,6.397935551193503212e-01
1.000000000000000000e+00,-1.825119224390655825e-01
1.000000000000000000e+00,-1.696180681824834557e-01
1.000000000000000000e+00,8.251713869800204604e-01
1.000000000000000000e+00,5.907013265990560535e-01
1.000000000000000000e+00,-3.991701195905428823e-01
1.000000000000000000e+00,-2.803112101402622791e-01
1.000000000000000000e+00,4.676951905981329705e-01
1.000000000000000000e+00,1.044255085985318798e+00
1.000000000000000000e+00,1.563098598346353674e+00
1.000000000000000000e+00,3.109512379221252010e-01
1.000000000000000000e+00,8.171640359093653716e-01
1.000000000000000000e+00,9.187662052218401598e-01
1.000000000000000000e+00,2.062119202033057430e+00
1.000000000000000000e+00,1.160251406255394580e+00
1.000000000000000000e+00,-9.418648439242965908e-01
1.000000000000000000e+00,1.120998745628738691e+00
1.000000000000000000e+00,2.913913208715846359e+00
1.000000000000000000e+00,-6.325388086577159452e-01
1.000000000000000000e+00,-1.128906380105143374e-02
1.000000000000000000e+00,-2.418803624359035787e-01
1.000000000000000000e+00,8.067218643718394588e-01
1.000000000000000000e+00,1.462533457543278681e+00
1.000000000000000000e+00,9.036008280984981766e-01
1.000000000000000000e+00,6.702183829834896800e-01
1.000000000000000000e+00,7.476542824534666565e-01
1.000000000000000000e+00,-2.067429788294335713e-01
1.000000000000000000e+00,-2.350236382051603123e-01
1.000000000000000000e+00,-8.594002919957192954e-02
1.000000000000000000e+00,1.730676548051457875e+00
1.000000000000000000e+00,1.315544761499982451e+00
1.000000000000000000e+00,1.543297584462005601e-01
1.000000000000000000e+00,3.166329294216357337e-01
1.000000000000000000e+00,7.535365460052872999e-01
1.000000000000000000e+00,-3.197631115887926145e-01
1.000000000000000000e+00,1.488221323773766480e+00
1.000000000000000000e+00,6.477148199551643337e-01
1.000000000000000000e+00,7.444433546425904824e-01
1.000000000000000000e+00,1.674503948587224844e+00
1.000000000000000000e+00,-1.185232253434378435e-01
1.000000000000000000e+00,1.194990308218115693e+00
1.000000000000000000e+00,2.677891972493361972e-01
1.000000000000000000e+00,1.165019581292078832e-01
1.000000000000000000e+00,4.433208050641894160e-01
1.000000000000000000e+00,7.547160161713055704e-01
1.000000000000000000e+00,-6.587693731624851834e-01
1.000000000000000000e+00,1.503196486304338719e-01
1.000000000000000000e+00,1.051221566214800285e-01
1.000000000000000000e+00,4.108006204942792894e-01
1.000000000000000000e+00,-4.530064096401458240e-01
1.000000000000000000e+00,5.682887309838359213e-01
1.000000000000000000e+00,-5.752856938231839523e-01
1.000000000000000000e+00,2.263688497299038982e-01
1.000000000000000000e+00,5.319350465026269070e-01
1.000000000000000000e+00,7.574201889296636736e-01
1.000000000000000000e+00,2.427940145888840828e-01
1.000000000000000000e+00,1.953138466159050290e+00
1.000000000000000000e+00,5.563236318278845793e-01
1.000000000000000000e+00,6.101523782383518890e-01
1.000000000000000000e+00,-3.243296757266763142e-01
1.000000000000000000e+00,3.847635281461631029e-01
1.000000000000000000e+00,1.310056542157125081e+00
1.000000000000000000e+00,-3.443930933663880700e-01
1.000000000000000000e+00,3.915883028464499094e-01
1.000000000000000000e+00,-1.022856903631470971e+00
1.000000000000000000e+00,1.579480427703968126e-01
1.000000000000000000e+00,-1.524709326838825652e-01
1.000000000000000000e+00,1.874823954601520182e+00
1.000000000000000000e+00,2.708461460731512727e-01
1.000000000000000000e+00,8.127745254194279623e-01
1.000000000000000000e+00,-7.859582351923356525e-01
1.000000000000000000e+00,1.807179698729497019e+00
1.000000000000000000e+00,-6.854498935545165761e-01
1.000000000000000000e+00,3.702717536232784656e-01
1.000000000000000000e+00,1.992644948055443788e+00
1.000000000000000000e+00,9.935494061769721830e-01
1.000000000000000000e+00,8.949074496099859166e-01
1.000000000000000000e+00,-5.586975237480380774e-02
1.000000000000000000e+00,7.586005465826392014e-01
1.000000000000000000e+00,1.479012315363164909e+00
1.000000000000000000e+00,6.648251247450446266e-01
1.000000000000000000e+00,1.737110828490609826e+00
1.000000000000000000e+00,6.324043387143324368e-01
1.000000000000000000e+00,-2.254938032595583119e-01
1.000000000000000000e+00,1.301392006994719353e+00
1.000000000000000000e+00,2.371837657894220464e-01
1.000000000000000000e+00,1.188418467300609294e+00
1.000000000000000000e+00,-3.140916261892890415e-01
1.000000000000000000e+00,-5.152077080041249646e-01
1.000000000000000000e+00,-5.637073876210053902e-02
1.000000000000000000e+00,5.419327384341669079e-02
1.000000000000000000e+00,1.208775643123129351e+00
1.000000000000000000e+00,2.701135255900450338e-01
1.000000000000000000e+00,4.956479235432022512e-01
1.000000000000000000e+00,1.135917401378000235e+00
1.000000000000000000e+00,1.989632524939018432e-01
1.000000000000000000e+00,5.463855528820052987e-01
1.000000000000000000e+00,4.838696403917255306e-01
1.000000000000000000e+00,5.529201193473123332e-01
1.000000000000000000e+00,8.407210459557973303e-01
1.000000000000000000e+00,1.027955056787293042e+00
1.000000000000000000e+00,-3.681262695738092838e-01
1.000000000000000000e+00,9.691467724199340217e-02
1.000000000000000000e+00,7.700677655556438239e-01
1.000000000000000000e+00,-8.224224117997066541e-01
1.000000000000000000e+00,-1.350541111693629413e-03
1.000000000000000000e+00,2.753692525885303777e+00
1.000000000000000000e+00,1.735877816723218892e-01
1.000000000000000000e+00,-1.559427816601532679e-01
1.000000000000000000e+00,6.145658508761316918e-01
1.000000000000000000e+00,9.045224833034718470e-01
1.000000000000000000e+00,2.479458763749913253e-01
1.000000000000000000e+00,5.936282585836523129e-01
1.000000000000000000e+00,-3.450209903885536056e-01
1.000000000000000000e+00,-9.194846415830114639e-01
1.000000000000000000e+00,-7.571739269684407692e-01
1.000000000000000000e+00,8.852369479816796227e-01
1.000000000000000000e+00,1.263388040516737476e+00
1.000000000000000000e+00,1.203393922215126866e+00
1.000000000000000000e+00,1.615571264686334940e+00
1.000000000000000000e+00,-2.547511420316004305e-01
1.000000000000000000e+00,3.685424852873215307e-01
1.000000000000000000e+00,6.331156595104676654e-01
1.000000000000000000e+00,1.193328932634378781e+00
1.000000000000000000e+00,6.024765035461827622e-01
1.000000000000000000e+00,3.673568027126033475e-01
1.000000000000000000e+00,6.139521536452801076e-01
1.000000000000000000e+00,1.822680545922632067e+00
1.000000000000000000e+00,6.494503006998211259e-01
1.000000000000000000e+00,-2.833224533857854333e-01
1.000000000000000000e+00,1.552578327956600779e+00
1.000000000000000000e+00,-6.117914309580064353e-02
1.000000000000000000e+00,6.676415646034788987e-01
1.000000000000000000e+00,-9.885385191268934724e-02
1.000000000000000000e+00,1.261439119158892286e+00
1.000000000000000000e+00,1.190218290849657690e+00
1.000000000000000000e+00,4.906685679512086395e-03
1.000000000000000000e+00,1.442891747567734417e-01
1.000000000000000000e+00,7.246444081161017570e-01
1.000000000000000000e+00,3.760697059141723253e-01
1.000000000000000000e+00,2.614059473102188225e-01
1.000000000000000000e+00,9.101087699550914900e-01
1.000000000000000000e+00,1.101135012554379955e+00
1.000000000000000000e+00,1.544706318646907217e+00
1.000000000000000000e+00,2.538486701139160751e+00
1.000000000000000000e+00,1.068709345345403516e+00
1.000000000000000000e+00,6.232889601777075184e-01
1.000000000000000000e+00,7.947549902419738244e-01
1.000000000000000000e+00,-2.439464320720892143e-01
1.000000000000000000e+00,1.263854566272239743e-01
1.000000000000000000e+00,-5.253410340805715339e-01
1.000000000000000000e+00,6.908986040584028654e-01
1.000000000000000000e+00,6.495168622216055399e-01
1.000000000000000000e+00,-2.773514411382523304e-01
1.000000000000000000e+00,-1.882912375038597874e-01
1.000000000000000000e+00,1.293159677980433298e+00
1.000000000000000000e+00,6.927170648335508885e-01
1.000000000000000000e+00,-3.667302525902525479e-01
1.000000000000000000e+00,-3.667302525902525479e-01
1.000000000000000000e+00,1.666360963371663062e-01
1.000000000000000000e+00,-4.376661975862502496e-01
1.000000000000000000e+00,9.605819281806714516e-01
1.000000000000000000e+00,1.823242032782546596e-01
1.000000000000000000e+00,1.744443245730371794e+00
1.000000000000000000e+00,2.644886332557904729e-01
1.000000000000000000e+00,1.072590769552387302e+00
1.000000000000000000e+00,3.177343007354271331e-01
1.000000000000000000e+00,7.758248934465099556e-01
1.000000000000000000e+00,8.023137166558024225e-01
1.000000000000000000e+00,2.568686702419202272e-01
1.000000000000000000e+00,9.580614652224380690e-01
1.000000000000000000e+00,-6.354518332349434750e-02
1.000000000000000000e+00,-3.207566532372934098e-01
1.000000000000000000e+00,8.036183224827753158e-01
1.000000000000000000e+00,7.537096059619264876e-01
1.000000000000000000e+00,1.436334398825487302e+00
1.000000000000000000e+00,-9.971157881835558401e-01
1.000000000000000000e+00,3.458991430632491482e-01
1.000000000000000000e+00,-2.902312056225675799e-03
1.000000000000000000e+00,-5.565406380582805790e-01
1.000000000000000000e+00,1.001517264078035208e+00
1.000000000000000000e+00,1.131712488175144582e+00
1.000000000000000000e+00,-5.671017328480610908e-01
1.000000000000000000e+00,-4.650504951352812943e-01
1.000000000000000000e+00,-1.448934176844208881e-02
1.000000000000000000e+00,6.513814723185239464e-01
1.000000000000000000e+00,-1.655271970536184301e-01
1.000000000000000000e+00,-8.809662250538426165e-02
1.000000000000000000e+00,-6.094787913072735597e-01
1.000000000000000000e+00,6.221083101407869076e-02
1.000000000000000000e+00,4.182856854906666366e-01
1.000000000000000000e+00,1.298475724853608515e+00
1.000000000000000000e+00,5.814506063014696080e-01
1.000000000000000000e+00,1.955742352891253422e+00
1.000000000000000000e+00,1.433067266952367247e-01
1.000000000000000000e+00,5.612799540994792280e-02
1.000000000000000000e+00,8.204588312376898118e-01
1.000000000000000000e+00,8.852369479816796227e-01
1.000000000000000000e+00,1.147836351212181194e+00
1.000000000000000000e+00,3.758939834966616433e-01
1.000000000000000000e+00,9.668955103936545115e-01
1.000000000000000000e+00,-5.446563002154274358e-01
1.000000000000000000e+00,1.792411915762946562e+00
1.000000000000000000e+00,1.440449675845673294e+00
1.000000000000000000e+00,2.466599077741180313e-01
1.000000000000000000e+00,-1.904762303923001054e-01
1.000000000000000000e+00,1.164129280514549780e+00
1.000000000000000000e+00,1.745400551773163833e-01
1.000000000000000000e+00,-4.201924668874275626e-01
1.000000000000000000e+00,-2.463204596823970471e-01
1.000000000000000000e+00,6.763478116528695017e-01
1.000000000000000000e+00,1.861422901548941411e+00
1.000000000000000000e+00,-2.334554487519214516e-01
1.000000000000000000e+00,1.091232876830264154e+00
1.000000000000000000e+00,3.622209156917243211e-01
1.000000000000000000e+00,7.905341022738900936e-01
1.000000000000000000e+00,-2.054516853068175386e-01
1.000000000000000000e+00,1.015939522234318992e-01
1.000000000000000000e+00,1.209037451775480942e+00
1.000000000000000000e+00,1.250196142002094890e-01
1.000000000000000000e+00,9.166415614464843431e-01
1.000000000000000000e+00,7.856733362097195750e-01
1.000000000000000000e+00,1.603180766893975706e-01
1.000000000000000000e+00,1.198106274924579440e+00
1.000000000000000000e+00,-2.906424458081476314e-01
1.000000000000000000e+00,-3.806890911953839662e-01
1.000000000000000000e+00,6.728914936983484418e-01
1.000000000000000000e+00,-1.334551933970561932e-01
1.000000000000000000e+00,-1.262508112868127697e+00
1.000000000000000000e+00,1.605989955497219679e+00
1.000000000000000000e+00,1.487846804277859869e+00
1.000000000000000000e+00,1.188425123452787835e+00
1.000000000000000000e+00,-3.148104906245597912e-01
1.000000000000000000e+00,3.979604591986032336e-01
1.000000000000000000e+00,5.333221886166124026e-01
1.000000000000000000e+00,8.641569140325818799e-01
1.000000000000000000e+00,-6.789209443948975020e-02
1.000000000000000000e+00,6.628247291436861754e-01
1.000000000000000000e+00,9.629896802953500368e-01
1.000000000000000000e+00,8.747699268093542813e-01
1.000000000000000000e+00,7.551078416628760337e-01
1.000000000000000000e+00,5.114230042060887715e-01
1.000000000000000000e+00,1.143128232904635944e+00
1.000000000000000000e+00,1.829387879960633345e-01
1.000000000000000000e+00,5.055611528542820476e-01
1.000000000000000000e+00,1.024457470689265737e+00
1.000000000000000000e+00,3.908250640633229023e-01
1.000000000000000000e+00,-1.693348084836273845e-02
1.000000000000000000e+00,5.224967740731421145e-02
1.000000000000000000e+00,1.122884211669149535e+00
1.000000000000000000e+00,-1.218616557916582410e+00
1.000000000000000000e+00,1.870205472476644815e+00
1.000000000000000000e+00,1.558880372839141382e+00
1.000000000000000000e+00,4.260170281176560159e-01
1.000000000000000000e+00,-9.885302393603341287e-01
1.000000000000000000e+00,4.841168055092846534e-01
1.000000000000000000e+00,1.076073268372143454e+00
1.000000000000000000e+00,8.701887191366780572e-01
1.000000000000000000e+00,-5.794892757956037199e-01
1.000000000000000000e+00,5.870466553096176376e-01
1.000000000000000000e+00,1.799163916532749319e+00
1.000000000000000000e+00,6.392943437059679379e-01
1.000000000000000000e+00,2.136794129579420609e+00
1.000000000000000000e+00,2.060608699232031604e+00
1.000000000000000000e+00,4.739510861589030233e-01
1.000000000000000000e+00,-1.176463882297989205e-01
1.000000000000000000e+00,1.069056796489117778e+00
1.000000000000000000e+00,1.297259867722348137e+00
1.000000000000000000e+00,1.309907778072759606e-02
1.000000000000000000e+00,5.415256743047919263e-01
1.000000000000000000e+00,7.011233412914333885e-01
1.000000000000000000e+00,1.682725627758025366e+00
1.000000000000000000e+00,1.121189999067998988e+00
1.000000000000000000e+00,-5.819245400059531725e-01
1.000000000000000000e+00,-3.314899204967561297e-01
1.000000000000000000e+00,-1.284765842009329528e+00
1.000000000000000000e+00,4.834210157348991510e-01
1.000000000000000000e+00,-8.939412843670016540e-02
1.000000000000000000e+00,-6.500066193317838303e-02
1.000000000000000000e+00,4.310184608645307169e-01
1.000000000000000000e+00,2.562944661806607072e-01
1.000000000000000000e+00,5.635353508414775447e-01
1.000000000000000000e+00,-7.800355909839657986e-01
1.000000000000000000e+00,1.051865286642660768e+00
1.000000000000000000e+00,5.771458508159376111e-01
1.000000000000000000e+00,3.792793024946127800e-01
1.000000000000000000e+00,3.136252361239410535e-01
1.000000000000000000e+00,3.489432233261858807e-01
1.000000000000000000e+00,1.239562565665775384e+00
1.000000000000000000e+00,4.784419215214859300e-02
1.000000000000000000e+00,9.627402964603980484e-01
1.000000000000000000e+00,-1.302196085847253215e+00
1.000000000000000000e+00,-7.985985605631253093e-02
1.000000000000000000e+00,2.024027081962375130e-01
1.000000000000000000e+00,-6.936427293992106780e-01
1.000000000000000000e+00,1.482180643800099062e+00
1.000000000000000000e+00,-6.195890427228349928e-01
1.000000000000000000e+00,-1.929984683244476973e-01
1.000000000000000000e+00,2.852505031307591699e-01
1.000000000000000000e+00,5.214054574998242542e-01
1.000000000000000000e+00,2.831493777597670625e-01
1.000000000000000000e+00,-6.683154752572606494e-02
1.000000000000000000e+00,-3.584739614281240994e-01
1.000000000000000000e+00,6.710774703579861500e-01
1.000000000000000000e+00,1.318779651458701130e+00
1.000000000000000000e+00,-6.193572572674920645e-02
1.000000000000000000e+00,1.090523926111055114e-01
1.000000000000000000e+00,2.831493777597670625e-01
1.000000000000000000e+00,3.010349024066955037e-01
1.000000000000000000e+00,-2.409511635917943040e-01
1.000000000000000000e+00,1.669461247696844008e+00
1.000000000000000000e+00,-6.069561096316473670e-01
1.000000000000000000e+00,2.565092380242848247e-01
1.000000000000000000e+00,-6.796617036201512141e-01
1.000000000000000000e+00,6.296992784690171874e-01
1.000000000000000000e+00,-4.344539385449384117e-01
1.000000000000000000e+00,-1.559427816601532679e-01
1.000000000000000000e+00,4.718801353444531665e-01
1.000000000000000000e+00,8.325708094850452490e-01
1.000000000000000000e+00,-8.808106224524007155e-01
1.000000000000000000e+00,-6.023642521154856100e-01
1.000000000000000000e+00,-6.179076986825626783e-01
1.000000000000000000e+00,3.682691393045272044e-01
1.000000000000000000e+00,-6.838510858012569749e-01
1.000000000000000000e+00,3.243478535399182960e-01
1.000000000000000000e+00,5.795842212306370200e-01
1.000000000000000000e+00,-1.995512282723758413e-01
1.000000000000000000e+00,3.321723822974057549e-01
1.000000000000000000e+00,6.385262237445766820e-01
1.000000000000000000e+00,-4.956457204951885132e-01
1.000000000000000000e+00,8.290736671304964611e-01
1.000000000000000000e+00,-5.385157779590835636e-01
1.000000000000000000e+00,9.483470329897542017e-01
1.000000000000000000e+00,5.217746520739879879e-01
1.000000000000000000e+00,1.240198893814033587e+00
1.000000000000000000e+00,7.197849732823670132e-01
1.000000000000000000e+00,1.899765000557587680e+00
1.000000000000000000e+00,7.925620099709193012e-01
1.000000000000000000e+00,-6.198409376591249020e-02
1.000000000000000000e+00,1.583931174793947183e-01
1.000000000000000000e+00,2.051710754999902520e+00
1.000000000000000000e+00,3.109512379221252010e-01
1.000000000000000000e+00,3.427188335523937424e-01
1.000000000000000000e+00,-4.367996765916653742e-03
1.000000000000000000e+00,-1.046705896886797049e+00
1.000000000000000000e+00,-5.691518277190185104e-01
1.000000000000000000e+00,1.042907880784403885e+00
1.000000000000000000e+00,-4.310902116179034932e-02
1.000000000000000000e+00,3.159096275515793084e-01
1.000000000000000000e+00,-3.483853020834788705e-02
1.000000000000000000e+00,1.214961427214286571e+00
1.000000000000000000e+00,1.637453143101194719e+00
1.000000000000000000e+00,-6.851716663934581675e-01
1.000000000000000000e+00,1.543920892689851998e+00
1.000000000000000000e+00,1.681696737990772961e-01
1.000000000000000000e+00,6.579200324751380835e-01
1.000000000000000000e+00,4.763788067301168438e-01
1.000000000000000000e+00,1.135917401378000235e+00
1.000000000000000000e+00,-3.654993081807210165e-01
1.000000000000000000e+00,1.447287762850316906e+00
1.000000000000000000e+00,6.541554641625496602e-02
1.000000000000000000e+00,1.956976847248613316e+00
1.000000000000000000e+00,-6.311880535089725575e-01
1.000000000000000000e+00,8.195105514240023092e-01
1.000000000000000000e+00,-3.553460136477391007e-01
1.000000000000000000e+00,1.994113738969484739e+00
1.000000000000000000e+00,5.243155272322351790e-01
1.000000000000000000e+00,-1.026827076534167160e+00
1.000000000000000000e+00,9.328390859009620950e-01
1.000000000000000000e+00,1.385228462399477722e+00
1.000000000000000000e+00,7.229342207497230222e-01
1.000000000000000000e+00,6.282020879723483331e-01
1.000000000000000000e+00,-5.565406380582805790e-01
1.000000000000000000e+00,4.567103207863255077e-01
1.000000000000000000e+00,1.314182025277317978e+00
1.000000000000000000e+00,7.102573570541578230e-01
1.000000000000000000e+00,-1.395466083862765494e+00
1.000000000000000000e+00,8.647599614199479312e-01
1.000000000000000000e+00,-1.152022491498782691e-01
1.000000000000000000e+00,-1.019689018938015446e+00
1.000000000000000000e+00,1.476758249851602145e-01
1.000000000000000000e+00,6.260312948752220219e-01
1.000000000000000000e+00,5.415256743047919263e-01
1.000000000000000000e+00,6.438032211916384639e-01
1.000000000000000000e+00,-1.527837718362689001e-01
1.000000000000000000e+00,1.134485884916158538e+00
1.000000000000000000e+00,1.017040006061153273e-01
1.000000000000000000e+00,2.444679329771109355e+00
1.000000000000000000e+00,6.172238743127193006e-01
1.000000000000000000e+00,2.836002211339863077e-01
1.000000000000000000e+00,3.904035077586888169e-01
1.000000000000000000e+00,7.006267923389222219e-01
1.000000000000000000e+00,1.721381009662536599e+00
1.000000000000000000e+00,6.392881312972680252e-01
1.000000000000000000e+00,2.382239005031718815e-01
1.000000000000000000e+00,4.623565128075510788e-01
1.000000000000000000e+00,-1.339470981789957271e+00
1.000000000000000000e+00,-7.539736490010501280e-01
1.000000000000000000e+00,2.162621482621709945e-01
1.000000000000000000e+00,8.204588312376898118e-01
1.000000000000000000e+00,5.857140936434953593e-01
1.000000000000000000e+00,1.370777512276620813e+00
1.000000000000000000e+00,1.793213316485229969e+00
1.000000000000000000e+00,1.087063019362215055e+00
1.000000000000000000e+00,2.284180863522986993e+00
1.000000000000000000e+00,-2.654329350475499449e-01
1.000000000000000000e+00,6.291698924990924979e-01
1.000000000000000000e+00,2.554820898585035582e+00
1.000000000000000000e+00,1.260351947636414893e+00
1.000000000000000000e+00,1.519057945586011593e+00
1.000000000000000000e+00,1.247688991348218507e-01
1.000000000000000000e+00,5.419671990659613581e-01
1.000000000000000000e+00,2.654566445183206280e+00
1.000000000000000000e+00,2.666594263529168396e-01
1.000000000000000000e+00,1.469214015613032664e+00
1.000000000000000000e+00,7.565477892508104540e-01
1.000000000000000000e+00,-3.295267993475969326e-01
1.000000000000000000e+00,2.436575393981661175e-01
1.000000000000000000e+00,6.399524152846756131e-01
1.000000000000000000e+00,4.157110858280487209e-01
1.000000000000000000e+00,-4.650504951352812943e-01
1.000000000000000000e+00,-6.918451245675552030e-01
1.000000000000000000e+00,-1.122384128438189022e+00
1.000000000000000000e+00,1.121174468046249206e+00
1.000000000000000000e+00,1.469214015613032664e+00
1.000000000000000000e+00,4.004099232002666375e-01
1.000000000000000000e+00,7.039331249976892302e-01
1.000000000000000000e+00,-3.639888053796952461e-01
1.000000000000000000e+00,8.924118362865520737e-01
1.000000000000000000e+00,6.826125820832107394e-01
1.000000000000000000e+00,1.377067132341761591e+00
1.000000000000000000e+00,-1.777168304097223317e-01
1.000000000000000000e+00,5.381691986329474320e-01
1.000000000000000000e+00,-6.206668956322625164e-01
1.000000000000000000e+00,6.455196209667171114e-01
1.000000000000000000e+00,6.068589141404632237e-01
1.000000000000000000e+00,1.634074187871476791e-01
1.000000000000000000e+00,1.234635681823299080e+00
1.000000000000000000e+00,-3.243296757266763142e-01
1.000000000000000000e+00,-5.477237475231946234e-02
1.000000000000000000e+00,8.000183830007334684e-02
1.000000000000000000e+00,5.982680403954988568e-01
1.000000000000000000e+00,-9.769809278437955324e-01
1.000000000000000000e+00,4.543917611108379551e-01
1.000000000000000000e+00,1.106081572469446300e-01
1.000000000000000000e+00,-2.853500273583832805e-03
1.000000000000000000e+00,3.707438966844686656e-01
1.000000000000000000e+00,1.022546711270576836e+00
1.000000000000000000e+00,2.286687721792918238e-01
1.000000000000000000e+00,5.669066214076480537e-02
1.000000000000000000e+00,7.604811314447857962e-01
1.000000000000000000e+00,1.107789833502377475e+00
1.000000000000000000e+00,6.634477449875875177e-01
1.000000000000000000e+00,1.386289009313241394e+00
1.000000000000000000e+00,3.733069590166440133e-01
1.000000000000000000e+00,-2.029794390282141023e-02
1.000000000000000000e+00,-3.865407364471838414e-01
1.000000000000000000e+00,-7.289309857883918831e-01
1.000000000000000000e+00,1.437619923682881939e+00
1.000000000000000000e+00,1.134717519011967823e+00
1.000000000000000000e+00,4.355144697893230110e-01
1.000000000000000000e+00,-1.452454576224540828e-01
1.000000000000000000e+00,1.430658032247719591e+00
1.000000000000000000e+00,5.851394458387573216e-01
1.000000000000000000e+00,1.238874763274004032e+00
1.000000000000000000e+00,4.245726430949360308e-01
1.000000000000000000e+00,1.487561033477665884e+00
1.000000000000000000e+00,1.216791869063355680e+00
1.000000000000000000e+00,1.287300489089497901e+00
1.000000000000000000e+00,1.100676776900558484e-01
1.000000000000000000e+00,-6.542023652811229661e-01
1.000000000000000000e+00,1.188418467300609294e+00
1.000000000000000000e+00,-7.455756523097269162e-02
1.000000000000000000e+00,-7.645303063560451307e-01
1.000000000000000000e+00,1.699806201734842093e+00
1.000000000000000000e+00,2.097686129326775895e+00
1.000000000000000000e+00,5.810742504876683680e-04
1.000000000000000000e+00,3.217279920424870321e-01
1.000000000000000000e+00,2.492522571758784555e-01
1.000000000000000000e+00,1.064564337512154069e+00
1.000000000000000000e+00,1.758276504931070017e+00
1.000000000000000000e+00,1.808119547417091688e+00
1.000000000000000000e+00,6.771295776430490305e-03
1.000000000000000000e+00,1.096792095129691669e+00
1.000000000000000000e+00,1.517898000133049985e+00
1.000000000000000000e+00,3.101152252085139782e-01
1.000000000000000000e+00,6.999394336906293868e-01
1.000000000000000000e+00,-2.175144080280526637e-01
1.000000000000000000e+00,1.112745116927481570e+00
1.000000000000000000e+00,-3.118311969094931246e-01
1.000000000000000000e+00,-6.168412317440443576e-02
1.000000000000000000e+00,2.014054683409113089e+00
1.000000000000000000e+00,-5.089385001389981067e-01
1.000000000000000000e+00,1.549835993259086386e+00
1.000000000000000000e+00,1.398937917169657208e+00
1.000000000000000000e+00,1.555792805715305427e+00
1.000000000000000000e+00,3.554737961001859237e-01
1.000000000000000000e+00,3.424348377261139387e-01
1.000000000000000000e+00,5.745224393706778176e-01
1.000000000000000000e+00,-1.259537098919620290e-01
1.000000000000000000e+00,5.219907551480478247e-01
1.000000000000000000e+00,3.178132870746112060e-01
1.000000000000000000e+00,2.922234881528856798e-01
1.000000000000000000e+00,1.969783879142930627e-01
1.000000000000000000e+00,5.676136871338957612e-03
1.000000000000000000e+00,6.529674115109052046e-01
1.000000000000000000e+00,4.404520034752846813e-01
1.000000000000000000e+00,3.992783773299329875e-01
1.000000000000000000e+00,-3.924312797655638008e-02
1.000000000000000000e+00,3.330128324458025424e-01
1.000000000000000000e+00,1.044400633846287230e+00
1.000000000000000000e+00,-3.203279970370023211e-01
1.000000000000000000e+00,9.353125120504678369e-01
1.000000000000000000e+00,1.172477426576740589e+00
1.000000000000000000e+00,9.745314481727530564e-01
1.000000000000000000e+00,1.150135829918090380e+00
1.000000000000000000e+00,1.695509877375402708e+00
1.000000000000000000e+00,-4.907112930135767437e-01
1.000000000000000000e+00,2.296964820756418890e-01
1.000000000000000000e+00,1.318986879663189615e+00
1.000000000000000000e+00,5.087822867651651260e-01
1.000000000000000000e+00,1.801205136534135498e+00
1.000000000000000000e+00,2.632763260723585130e-01
1.000000000000000000e+00,9.662174703584115454e-01
1.000000000000000000e+00,-7.312007336812375025e-01
1.000000000000000000e+00,1.218261991207832295e+00
1.000000000000000000e+00,5.676040347964144139e-01
1.000000000000000000e+00,6.851326012979656044e-01
1.000000000000000000e+00,2.807487255407455362e-01
1.000000000000000000e+00,7.538493851576736349e-01
1.000000000000000000e+00,-3.443930933663880700e-01
1.000000000000000000e+00,1.118997462540423093e+00
1.000000000000000000e+00,2.911494806757682685e+00
1.000000000000000000e+00,-4.871555765198578025e-01
1.000000000000000000e+00,5.918716295115579451e-02
1.000000000000000000e+00,3.765476176405838094e-01
1.000000000000000000e+00,-7.133329587734515975e-01
1.000000000000000000e+00,1.297148639468762299e-01
1.000000000000000000e+00,8.281670992037939438e-01
1.000000000000000000e+00,1.243697367399018150e+00
1.000000000000000000e+00,6.817392949174003736e-01
1.000000000000000000e+00,7.816113084069611361e-01
1.000000000000000000e+00,-1.867789597289197800e-01
1.000000000000000000e+00,7.090947491403248870e-01
1.000000000000000000e+00,1.183877196541003762e+00
1.000000000000000000e+00,1.313948616207594178e+00
1.000000000000000000e+00,1.536962994945996641e+00
1.000000000000000000e+00,1.073579430022623793e+00
1.000000000000000000e+00,-5.948512312799488777e-01
1.000000000000000000e+00,-1.676788799427720855e+00
1.000000000000000000e+00,1.402982638976751684e+00
1.000000000000000000e+00,4.899502572784634746e-01
1.000000000000000000e+00,8.118781635927323492e-01
1.000000000000000000e+00,1.603178396817049656e+00
1.000000000000000000e+00,4.030856963759967271e-01
1.000000000000000000e+00,1.371779485051214165e+00
1.000000000000000000e+00,-6.685796539865385135e-01
1.000000000000000000e+00,1.291530251927152761e+00
1.000000000000000000e+00,1.266832821140815968e+00
1.000000000000000000e+00,5.335680225037359170e-01
1.000000000000000000e+00,1.443112580460525152e+00
1.000000000000000000e+00,-5.135223702725456585e-01
1.000000000000000000e+00,-9.696024713013102689e-03
1.000000000000000000e+00,2.274578254646900888e+00
1.000000000000000000e+00,-2.994831471315425597e-01
1.000000000000000000e+00,7.202273855304935912e-01
1.000000000000000000e+00,2.676391524432809810e+00
1.000000000000000000e+00,1.465009989897134490e+00
1.000000000000000000e+00,6.743500785123823782e-01
1.000000000000000000e+00,7.582458855242208903e-03
1.000000000000000000e+00,6.114933710305668901e-01
1.000000000000000000e+00,9.637641640249744457e-02
1.000000000000000000e+00,8.680942499178644356e-01
1.000000000000000000e+00,-2.111626638759131758e-01
1.000000000000000000e+00,8.713678969187511891e-02
1.000000000000000000e+00,4.403725733926220909e-01
1.000000000000000000e+00,1.184096405819413445e+00
1.000000000000000000e+00,1.680693877729222407e-01
1.000000000000000000e+00,1.037570090480779195e+00
1.000000000000000000e+00,6.951390167395433695e-01
1.000000000000000000e+00,8.210583286772272782e-01
1.000000000000000000e+00,-1.537395952890918960e-01
1.000000000000000000e+00,8.493389880529540470e-01
1.000000000000000000e+00,2.642170622469104391e-01
1.000000000000000000e+00,-6.979687845717136296e-01
1.000000000000000000e+00,-4.876408805258714702e-02
1.000000000000000000e+00,-1.403514107973914959e-01
1.000000000000000000e+00,1.111371287117852935e+00
1.000000000000000000e+00,-7.967580639735827308e-01
1.000000000000000000e+00,5.877983567623020766e-01
1.000000000000000000e+00,1.216791869063355680e+00
1.000000000000000000e+00,9.006170969486458899e-01
1.000000000000000000e+00,-1.078564903673649322e+00
1.000000000000000000e+00,9.203321759576862382e-01
1.000000000000000000e+00,8.543213398302504924e-01
1.000000000000000000e+00,6.925076179116694819e-01
1.000000000000000000e+00,-2.354727066054652651e-01
1.000000000000000000e+00,3.369652556093561402e-01
1.000000000000000000e+00,1.339481172220585270e+00
1.000000000000000000e+00,8.718749443552143985e-01
1.000000000000000000e+00,1.081986301583518217e-01
1.000000000000000000e+00,-6.851800975195507792e-01
1.000000000000000000e+00,3.842940475458442862e-01
1.000000000000000000e+00,1.083978114699250650e+00
1.000000000000000000e+00,1.214941902501229798e+00
1.000000000000000000e+00,1.528672091792540266e+00
1.000000000000000000e+00,2.411184392138331634e-01
1.000000000000000000e+00,-5.608112252959632782e-01
1.000000000000000000e+00,8.674179848565355400e-01
1.000000000000000000e+00,1.736315640177026332e+00
1.000000000000000000e+00,8.243380367272805653e-01
1.000000000000000000e+00,6.203735655235538271e-01
1.000000000000000000e+00,1.876701323240269684e-02
1.000000000000000000e+00,1.340423239625572860e+00
1.000000000000000000e+00,1.806012987105309886e-02
1.000000000000000000e+00,7.679519966498592476e-01
1.000000000000000000e+00,4.973323737878244111e-01
1.000000000000000000e+00,3.783955168448502326e-02
1.000000000000000000e+00,-5.808054189530192923e-01
1.000000000000000000e+00,5.250818722197121424e-01
1.000000000000000000e+00,-8.882264634661323210e-01
1.000000000000000000e+00,6.904078237711130939e-01
1.000000000000000000e+00,6.437446470524682551e-01
1.000000000000000000e+00,-4.801815526512407534e-02
1.000000000000000000e+00,1.457006632517786393e+00
1.000000000000000000e+00,1.508126476351164813e-01
1.000000000000000000e+00,2.640604207989779573e-01
1.000000000000000000e+00,1.937213107816464497e-01
1.000000000000000000e+00,2.042877304931697835e-01
1.000000000000000000e+00,1.044371790520180587e+00
1.000000000000000000e+00,6.017274645543697620e-01
1.000000000000000000e+00,-3.025906827119136944e-01
1.000000000000000000e+00,8.319974929107428752e-01
1.000000000000000000e+00,-1.247033446540227741e+00
1.000000000000000000e+00,-8.208462349638536715e-01
1.000000000000000000e+00,1.154141946042550160e+00
1.000000000000000000e+00,1.191564316179670319e-01
1.000000000000000000e+00,8.365784081994739885e-02
1.000000000000000000e+00,-2.176031567237650954e-01
1.000000000000000000e+00,3.896615686625327646e-01
1.000000000000000000e+00,-2.131834716772854910e-01
1.000000000000000000e+00,-9.975509491764919523e-02
1.000000000000000000e+00,1.232765303061159390e+00
1.000000000000000000e+00,-6.117914309580064353e-02
1.000000000000000000e+00,5.162349584876173569e-01
1.000000000000000000e+00,7.298051447717802676e-01
1.000000000000000000e+00,-1.102716973724833238e+00
1.000000000000000000e+00,-7.027322194545455869e-02
1.000000000000000000e+00,-2.962380510728170879e-01
1.000000000000000000e+00,-9.272448275361073744e-01
1.000000000000000000e+00,-1.308845874257453246e-01
1.000000000000000000e+00,3.862003695297475669e-01
1.000000000000000000e+00,7.343931599561683010e-02
1.000000000000000000e+00,8.146042311410733872e-02
1.000000000000000000e+00,6.805886680774885233e-01
1.000000000000000000e+00,4.875220929637710809e-01
1.000000000000000000e+00,-2.472026217177787089e-01
1.000000000000000000e+00,4.848584522214954839e-02
1.000000000000000000e+00,1.110467825395500263e+00
1.000000000000000000e+00,1.574965186450064225e+00
1.000000000000000000e+00,1.314182025277317978e+00
1.000000000000000000e+00,7.432665469374435396e-01
1.000000000000000000e+00,3.451323543322936116e-01
1.000000000000000000e+00,8.153282691385534964e-01
1.000000000000000000e+00,-5.249057217281020149e-01
1.000000000000000000e+00,4.906673467398200428e-01
1.000000000000000000e+00,9.800383047417100535e-01
1.000000000000000000e+00,-3.788018501810589411e-01
1.000000000000000000e+00,9.017193557493943246e-01
1.000000000000000000e+00,-7.062650126469127709e-01
1.000000000000000000e+00,7.758248934465099556e-01
1.000000000000000000e+00,-2.394450982255541538e-01
1.000000000000000000e+00,-4.743513584459452259e-01
1.000000000000000000e+00,-7.019034579961247466e-01
1.000000000000000000e+00,1.004168631362444497e+00
1.000000000000000000e+00,2.429697370063947093e-01
1.000000000000000000e+00,2.215786388788248407e-01
1.000000000000000000e+00,5.395061977338553305e-01
1.000000000000000000e+00,8.479429710693973110e-01
1.000000000000000000e+00,1.031909698668239450e+00
1.000000000000000000e+00,7.292717651105484755e-01
1.000000000000000000e+00,-1.709222302659777759e-01
1.000000000000000000e+00,6.745076074472720062e-01
1.000000000000000000e+00,-1.055853224953878344e+00
1.000000000000000000e+00,-2.280719528700047294e-01
1.000000000000000000e+00,4.991570469716721803e-01
1.000000000000000000e+00,-4.528679616748343961e-01
1.000000000000000000e+00,1.472718701606717140e+00
1.000000000000000000e+00,1.616701035582754242e+00
1.000000000000000000e+00,3.412234180296391250e-01
1.000000000000000000e+00,7.056131378075257699e-01
1.000000000000000000e+00,1.229932888437496930e+00
1.000000000000000000e+00,4.046072927639865480e-01
1.000000000000000000e+00,7.837705641736448792e-01
1.000000000000000000e+00,1.874603857836153242e+00
1.000000000000000000e+00,1.356960227841150557e+00
1.000000000000000000e+00,9.206538899796438136e-01
1.000000000000000000e+00,1.353586002430163582e+00
1.000000000000000000e+00,-3.386350779885648477e-01
1.000000000000000000e+00,1.026765380521267756e+00
1.000000000000000000e+00,1.224635035046942599e+00
1.000000000000000000e+00,2.278582595797446153e+00
1.000000000000000000e+00,1.138044415230282241e-01
1.000000000000000000e+00,-9.111724387425842453e-01
1.000000000000000000e+00,6.243548320132139562e-01
1.000000000000000000e+00,6.191053466618230416e-01
1.000000000000000000e+00,4.331706167355574011e-01
1.000000000000000000e+00,7.183610004596608922e-01
1.000000000000000000e+00,9.676507617941674244e-01
1.000000000000000000e+00,1.706621809181612381e-01
1.000000000000000000e+00,5.077745453253502683e-01
1.000000000000000000e+00,-8.347278622037153095e-01
1.000000000000000000e+00,-1.705734478918278785e-01
1.000000000000000000e+00,1.444331100052656858e+00
1.000000000000000000e+00,2.078252535042677263e-01
1.000000000000000000e+00,1.487316530820978144e+00
1.000000000000000000e+00,3.456280157978476320e-01
1.000000000000000000e+00,7.195657640039573311e-01
1.000000000000000000e+00,-3.370171892657270463e-01
1.000000000000000000e+00,1.671428806280788715e+00
1.000000000000000000e+00,8.459736375115382012e-01
1.000000000000000000e+00,1.089776954477101656e+00
1.000000000000000000e+00,9.220800815197427447e-01
1.000000000000000000e+00,-2.897926770467010305e-01
1.000000000000000000e+00,-1.433536278138100237e-02
1.000000000000000000e+00,9.526544509361575264e-01
1.000000000000000000e+00,7.180925356551307592e-01
1.000000000000000000e+00,1.829090571829996570e-01
1.000000000000000000e+00,2.727529118005330711e-01
1.000000000000000000e+00,-5.156567764044299729e-01
1.000000000000000000e+00,3.078663332591606849e-01
1.000000000000000000e+00,-1.068583337866870986e+00
1.000000000000000000e+00,-9.418648439242965908e-01
1.000000000000000000e+00,-4.438306819904364597e-01
1.000000000000000000e+00,3.101416128095351166e+00
1.000000000000000000e+00,2.485835357536852197e-01
1.000000000000000000e+00,4.286938401398766862e-02
1.000000000000000000e+00,2.289545429794858922e-01
1.000000000000000000e+00,6.545551256772008664e-01
1.000000000000000000e+00,3.009667172705303081e-02
1.000000000000000000e+00,1.175699447974580814e+00
1.000000000000000000e+00,2.964204139731270726e-01
1.000000000000000000e+00,1.290626790204800312e+00
1.000000000000000000e+00,-3.148823770680869161e-01
1.000000000000000000e+00,3.288349875951393497e-01
1.000000000000000000e+00,-2.030315083747392668e-01
1.000000000000000000e+00,5.463855528820052987e-01
1.000000000000000000e+00,2.792245846789745745e+00
1.000000000000000000e+00,-8.664475335382990639e-01
1.000000000000000000e+00,-4.512842411998458925e-01
1.000000000000000000e+00,1.428769460002958791e+00
1.000000000000000000e+00,1.156604722348570258e+00
1.000000000000000000e+00,9.811134951902663603e-01
1.000000000000000000e+00,7.826372433293969921e-01
1.000000000000000000e+00,-7.601461207878504878e-01
1.000000000000000000e+00,-9.860399509586430522e-01
1.000000000000000000e+00,5.072852476280295675e-02
1.000000000000000000e+00,-1.149229831423292589e-02
1.000000000000000000e+00,1.312917800106894184e+00
1.000000000000000000e+00,-2.950931928981265773e-01
1.000000000000000000e+00,-6.884562556217755924e-01
1.000000000000000000e+00,3.675924304997198466e-01
1.000000000000000000e+00,4.275341870708602166e-01
1.000000000000000000e+00,6.545400383989297133e-01
1.000000000000000000e+00,-9.069036264788157276e-01
1.000000000000000000e+00,-2.012361222604765465e-01
1.000000000000000000e+00,1.520572885821822817e+00
1.000000000000000000e+00,-7.778284109215973796e-01
1.000000000000000000e+00,-5.080736440992803526e-01
1.000000000000000000e+00,1.440442283566071013e-01
1.000000000000000000e+00,-2.162816886446068398e-01
1.000000000000000000e+00,5.532260099635750994e-02
1.000000000000000000e+00,2.766818165597229040e-01
1.000000000000000000e+00,1.373067228626001723e+00
1.000000000000000000e+00,1.076342176920152216e+00
1.000000000000000000e+00,2.582402813341559966e-01
1.000000000000000000e+00,6.032539421206237762e-01
1.000000000000000000e+00,7.333976919742200007e-01
1.000000000000000000e+00,1.532607208960430123e+00
1.000000000000000000e+00,-2.891749861245423991e-01
1.000000000000000000e+00,-2.912574742694348795e-01
1.000000000000000000e+00,1.100859004110714245e+00
1.000000000000000000e+00,-7.874783489903564027e-02
1.000000000000000000e+00,4.286938401398766862e-02
1.000000000000000000e+00,-6.788243596761043275e-01
1.000000000000000000e+00,1.012857572416171026e+00
1.000000000000000000e+00,-6.893708109310923149e-01
1.000000000000000000e+00,-3.070627294888636505e-01
1.000000000000000000e+00,1.037681470093898106e+00
1.000000000000000000e+00,-4.089252248637210985e-02
1.000000000000000000e+00,-2.679068049405342600e-01
1.000000000000000000e+00,6.831052887039482102e-02
1.000000000000000000e+00,2.006807464917235162e+00
1.000000000000000000e+00,1.886173732912239109e-01
1.000000000000000000e+00,1.904041800203970292e+00
1.000000000000000000e+00,9.745314481727530564e-01
1.000000000000000000e+00,1.017925566684830141e+00
1.000000000000000000e+00,1.400169749066145775e+00
1.000000000000000000e+00,1.356688213088792061e+00
1.000000000000000000e+00,-3.132192265104357110e-01
1.000000000000000000e+00,8.694454488100863410e-01
1.000000000000000000e+00,9.168368085770517428e-01
1.000000000000000000e+00,-4.769179707259490475e-01
1.000000000000000000e+00,-1.045532931513423608e-01
1.000000000000000000e+00,5.795953148176010705e-01
1.000000000000000000e+00,-9.587145199327273826e-02
1.000000000000000000e+00,2.446524122771026044e-01
1.000000000000000000e+00,4.530853803099508248e-01
1.000000000000000000e+00,1.070005227662338548e-01
1.000000000000000000e+00,2.080271567870135285e-01
1.000000000000000000e+00,-8.741713325261529777e-01
1.000000000000000000e+00,4.464181345445535909e-01
1.000000000000000000e+00,6.372273865828250727e-01
1.000000000000000000e+00,3.283766005817845834e-01
1.000000000000000000e+00,-2.314510594592559534e-01
1.000000000000000000e+00,-4.234690687331308934e-01
1.000000000000000000e+00,7.262170350041262656e-01
1.000000000000000000e+00,1.036359558271261472e+00
1.000000000000000000e+00,-5.247126933149275363e-01
1.000000000000000000e+00,8.303432172226630215e-01
1.000000000000000000e+00,1.146110189080574049e+00
1.000000000000000000e+00,8.000183830007334684e-02
1.000000000000000000e+00,7.687928905417346082e-01
1.000000000000000000e+00,6.398503542846063485e-01
1.000000000000000000e+00,8.463441633161377098e-01
1.000000000000000000e+00,1.296391905478280426e+00
1.000000000000000000e+00,-3.974120079284794160e-01
1.000000000000000000e+00,2.728523103397310079e-01
1.000000000000000000e+00,2.326305139558952351e-01
1.000000000000000000e+00,-5.519304356999643613e-02
1.000000000000000000e+00,1.227428843987970364e+00
1.000000000000000000e+00,1.343773059145238813e+00
1.000000000000000000e+00,-3.638423700317697240e-01
1.000000000000000000e+00,1.184840563632962196e+00
1.000000000000000000e+00,-8.913409475826271355e-02
1.000000000000000000e+00,7.364249099849713431e-01
1.000000000000000000e+00,1.732798236981997198e-01
1.000000000000000000e+00,1.176965155734973623e-01
1.000000000000000000e+00,8.966278430763715557e-01
1.000000000000000000e+00,4.140736723921541462e-01
1.000000000000000000e+00,1.215048400936084683e+00
1.000000000000000000e+00,1.388631087393092711e+00
1.000000000000000000e+00,6.844767484366506283e-01
1.000000000000000000e+00,2.541653254602180390e+00
1.000000000000000000e+00,1.151503154935074047e-01
1.000000000000000000e+00,7.504436539597086897e-01
1.000000000000000000e+00,1.818157912389126052e+00
1.000000000000000000e+00,1.270612779450742136e-01
1.000000000000000000e+00,1.021333072856709379e+00
1.000000000000000000e+00,1.044738766376951622e+00
1.000000000000000000e+00,7.039331249976892302e-01
1.000000000000000000e+00,-2.924791000659166529e-01
1.000000000000000000e+00,1.400682716527363647e+00
1.000000000000000000e+00,-2.581826103513220061e-01
1.000000000000000000e+00,-5.229983608977083198e-02
1.000000000000000000e+00,7.587030513261870945e-01
1.000000000000000000e+00,6.257064746489144902e-01
1.000000000000000000e+00,-1.961330722570111540e-01
1.000000000000000000e+00,-2.903690998253533051e-01
1.000000000000000000e+00,-3.089095898466395762e-01
1.000000000000000000e+00,-2.357410200504620260e-02
1.000000000000000000e+00,-2.897926770467010305e-01
1.000000000000000000e+00,2.362860727322907139e-01
1.000000000000000000e+00,6.570042972949190208e-02
1.000000000000000000e+00,2.313853697550496691e-01
1.000000000000000000e+00,9.597175158844322151e-01
1.000000000000000000e+00,1.489036924287363783e+00
1.000000000000000000e+00,2.629649361374980732e+00
1.000000000000000000e+00,-7.289309857883918831e-01
1.000000000000000000e+00,-4.537252740754166291e-01
1.000000000000000000e+00,-1.435885789838039939e+00
1.000000000000000000e+00,-2.449803543771391645e-01
1.000000000000000000e+00,5.785152431907806259e-01
1.000000000000000000e+00,4.609547271587730588e-01
1.000000000000000000e+00,-3.388050317408541900e-01
1.000000000000000000e+00,1.610298412290113446e-01
1.000000000000000000e+00,1.596355992193689011e-01
1.000000000000000000e+00,3.560619075688142149e-02
1.000000000000000000e+00,1.986311841129403843e+00
1.000000000000000000e+00,1.632780524271934652e+00
1.000000000000000000e+00,1.347278632625880324e+00
1.000000000000000000e+00,2.563734525198447800e-01
1.000000000000000000e+00,6.114185297422232435e-02
1.000000000000000000e+00,7.534619971008887918e-01
1.000000000000000000e+00,-3.638423700317697240e-01
1.000000000000000000e+00,1.388514826601709329e+00
1.000000000000000000e+00,1.356640732536585903e+00
1.000000000000000000e+00,1.239031556081469782e-01
1.000000000000000000e+00,2.330139083213729756e-01
1.000000000000000000e+00,-5.815331582578613379e-01
1.000000000000000000e+00,-1.119137257405549368e+00
1.000000000000000000e+00,4.395880349225240735e-01
1.000000000000000000e+00,1.341696339665567672e+00
1.000000000000000000e+00,1.721970301002067272e+00
1.000000000000000000e+00,1.212233887411097999e-01
1.000000000000000000e+00,1.614441493789915638e+00
1.000000000000000000e+00,1.372033306320951773e+00
1.000000000000000000e+00,1.633048545332986157e+00
1.000000000000000000e+00,2.183064149576058988e+00
1.000000000000000000e+00,8.647599614199479312e-01
1.000000000000000000e+00,7.110663014155768069e-01
1.000000000000000000e+00,1.935114201162865255e-01
1.000000000000000000e+00,6.411715299798194378e-02
1.000000000000000000e+00,1.544014078820350244e+00
1.000000000000000000e+00,4.459255792833495824e-01
1.000000000000000000e+00,6.647270574362823536e-01
1.000000000000000000e+00,6.972485732366281441e-01
1.000000000000000000e+00,9.816070892979608664e-02
1.000000000000000000e+00,-3.789780163420481407e-01
1.000000000000000000e+00,4.917616181579544388e-01
1.000000000000000000e+00,-4.432480468030842724e-01
1.000000000000000000e+00,6.787848508371331357e-01
1.000000000000000000e+00,6.325330243231155336e-01
1.000000000000000000e+00,7.538072295272102430e-01
1.000000000000000000e+00,2.953390111158709641e-01
1.000000000000000000e+00,1.290959597813721826e+00
1.000000000000000000e+00,5.118114311093641122e-02
1.000000000000000000e+00,2.993247150403167689e-01
1.000000000000000000e+00,4.452892511350913796e-01
1.000000000000000000e+00,8.429659442138436320e-01
1.000000000000000000e+00,1.107969549611194982e+00
1.000000000000000000e+00,-8.527229914898485363e-01
1.000000000000000000e+00,-2.872951373898195021e-02
1.000000000000000000e+00,9.084944311800822181e-01
1.000000000000000000e+00,3.970485663501578943e-01
1.000000000000000000e+00,-7.785481628438253310e-01
1.000000000000000000e+00,1.520586198126179678e+00
1.000000000000000000e+00,1.245047678804282798e+00
1.000000000000000000e+00,-2.832203923857161132e-01
1.000000000000000000e+00,5.251337902067039209e-01
1.000000000000000000e+00,-2.135921594210412888e-01
1.000000000000000000e+00,1.670117100558158763e+00
1.000000000000000000e+00,5.836378179073027361e-01
1.000000000000000000e+00,5.717237492513860264e-01
1.000000000000000000e+00,1.408183312545500776e+00
1.000000000000000000e+00,3.739490558301235001e-01
1.000000000000000000e+00,2.987663374852885578e+00
1.000000000000000000e+00,1.244569323334392852e+00
1.000000000000000000e+00,1.120306949545660125e+00
1.000000000000000000e+00,-2.067429788294335713e-01
1.000000000000000000e+00,4.899970017032458797e-02
1.000000000000000000e+00,2.121372268725469468e+00
1.000000000000000000e+00,-5.357544723110380276e-03
1.000000000000000000e+00,-3.280948391422766619e-01
1.000000000000000000e+00,9.595397261090621299e-02
1.000000000000000000e+00,-1.551046541137983237e+00
1.000000000000000000e+00,1.482919032948426530e+00
1.000000000000000000e+00,4.473042902712423552e-01
1.000000000000000000e+00,1.110835244995749704e+00
1.000000000000000000e+00,7.497638389505513201e-01
1.000000000000000000e+00,9.577646008352800333e-01
1.000000000000000000e+00,-3.453515792800824213e-01
1.000000000000000000e+00,-6.004898796620389279e-01
1.000000000000000000e+00,1.382475477858477797e+00
1.000000000000000000e+00,-1.825761138839237033e-02
1.000000000000000000e+00,9.000082808960584435e-01
1.000000000000000000e+00,5.845102175861560667e-01
1.000000000000000000e+00,-4.910977935834044406e-01
1.000000000000000000e+00,1.244847550495451260e+00
1.000000000000000000e+00,5.301693912014279197e-01
1.000000000000000000e+00,2.713005393951989919e-01
1.000000000000000000e+00,1.580131248027485613e+00
1.000000000000000000e+00,1.256567703251236345e+00
1.000000000000000000e+00,1.382475477858477797e+00
1.000000000000000000e+00,6.504362987091864001e-01
1.000000000000000000e+00,4.742115635808190621e-01
1.000000000000000000e+00,1.195438489131463555e+00
1.000000000000000000e+00,7.793167108793159770e-01
1.000000000000000000e+00,7.432337099200299058e-01
1.000000000000000000e+00,6.059496837528892677e-01
1.000000000000000000e+00,-1.273111211928838471e-01
1.000000000000000000e+00,7.271542212308497177e-01
1.000000000000000000e+00,-1.181624618953667633e-01
1.000000000000000000e+00,9.580614652224380690e-01
1.000000000000000000e+00,1.356640732536585903e+00
1.000000000000000000e+00,1.969095481648147405e+00
1.000000000000000000e+00,6.885929129437936558e-01
1.000000000000000000e+00,1.756498576172004777e-01
1.000000000000000000e+00,-5.026941419086706775e-01
1.000000000000000000e+00,2.345776603398261884e-01
1.000000000000000000e+00,2.161787537265958292e+00
1.000000000000000000e+00,3.299687521828658099e-01
1.000000000000000000e+00,6.218077444462668524e-01
1.000000000000000000e+00,6.783752756064201916e-01
1.000000000000000000e+00,-2.858260540918334258e-01
1.000000000000000000e+00,3.739490558301235001e-01
1.000000000000000000e+00,3.384837457929960602e-01
1.000000000000000000e+00,7.075367657870929028e-01
1.000000000000000000e+00,6.809893684386302271e-01
1.000000000000000000e+00,1.039385001308098522e+00
1.000000000000000000e+00,-6.499415403999686536e-01
1.000000000000000000e+00,7.907071622305292813e-01
1.000000000000000000e+00,9.601816715630083765e-01
1.000000000000000000e+00,8.855799616906082639e-01
1.000000000000000000e+00,1.138598943218951609e+00
1.000000000000000000e+00,2.744086700785820440e-02
1.000000000000000000e+00,1.176882024344949151e+00
1.000000000000000000e+00,-1.727943840020317312e-01
1.000000000000000000e+00,7.482701984017109398e-01
1.000000000000000000e+00,8.826454860668763169e-01
1.000000000000000000e+00,-5.485967423050598368e-01
1.000000000000000000e+00,1.668517556677475422e-01
1.000000000000000000e+00,1.648719790021889064e+00
1.000000000000000000e+00,9.048761468558859100e-01
1.000000000000000000e+00,9.576984830569742480e-01
1.000000000000000000e+00,8.325708094850452490e-01
1.000000000000000000e+00,1.211708787516425412e+00
1.000000000000000000e+00,4.748816162334479896e-01
1.000000000000000000e+00,6.770742197272758833e-01
1.000000000000000000e+00,2.847748101217404404e-01
1.000000000000000000e+00,2.479458763749913253e-01
1.000000000000000000e+00,4.095729336486310379e-02
1.000000000000000000e+00,5.312651452095313448e-02
1.000000000000000000e+00,7.947008535375892357e-01
1.000000000000000000e+00,6.028665540638389331e-01
1.000000000000000000e+00,7.874465351500541388e-01
1.000000000000000000e+00,-2.736248834052869006e-01
1.000000000000000000e+00,-6.861115150810528363e-01
1.000000000000000000e+00,-1.481027218809161661e-01
1.000000000000000000e+00,1.390818742742404357e+00
1.000000000000000000e+00,2.803160756491474004e-01
1.000000000000000000e+00,-4.472528316971082218e-01
1.000000000000000000e+00,1.035135713757386888e+00
1.000000000000000000e+00,5.415132494873922120e-01
1.000000000000000000e+00,1.216791869063355680e+00
1.000000000000000000e+00,-6.168866449383910711e-01
1.000000000000000000e+00,4.376666256603496952e-01
1.000000000000000000e+00,-3.257864855667960691e-01
1.000000000000000000e+00,1.400682716527363647e+00
1.000000000000000000e+00,1.359153651855683709e+00
1.000000000000000000e+00,1.396156684405562565e-01
1.000000000000000000e+00,6.029876960334864533e-01
1.000000000000000000e+00,-9.050869406775821080e-01
1.000000000000000000e+00,-1.836381433876564662e-01
1.000000000000000000e+00,6.220810904290612342e-01
1.000000000000000000e+00,2.380823463335105250e-01
1.000000000000000000e+00,3.188046100057191912e-01
1.000000000000000000e+00,7.836196913909336814e-01
1.000000000000000000e+00,-2.487135682622830246e-01
1.000000000000000000e+00,1.444619089570243764e+00
1.000000000000000000e+00,5.845102175861560667e-01
1.000000000000000000e+00,1.424802393304612558e+00
1.000000000000000000e+00,-2.510791647464981624e-01
1.000000000000000000e+00,2.214064664091426882e-01
1.000000000000000000e+00,3.631810665602858493e-03
1.000000000000000000e+00,1.684320441819977976e+00
1.000000000000000000e+00,-5.562357862885083382e-01
1.000000000000000000e+00,3.245639566139780774e-01
1.000000000000000000e+00,6.831141635735193951e-02
1.000000000000000000e+00,1.092187369052651569e+00
1.000000000000000000e+00,8.805190673176062077e-01
1.000000000000000000e+00,7.172365544849842456e-01
1.000000000000000000e+00,1.148176258716759657e+00
1.000000000000000000e+00,6.151711169808904422e-01
1.000000000000000000e+00,1.506609166038427317e+00
1.000000000000000000e+00,1.207754145635479004e+00
1.000000000000000000e+00,3.032780256908274574e-01
1.000000000000000000e+00,-1.260082903398251908e-01
1.000000000000000000e+00,6.372438050915318897e-01
1.000000000000000000e+00,7.716794418697817681e-01
1.000000000000000000e+00,1.290959597813721826e+00
1.000000000000000000e+00,-3.789780163420481407e-01
1.000000000000000000e+00,4.454312490482312814e-01
1.000000000000000000e+00,-1.654455482535630018e-01
1.000000000000000000e+00,2.501095695764606330e-01
1.000000000000000000e+00,4.004125856611379652e-01
1.000000000000000000e+00,1.200088920786795521e+00
1.000000000000000000e+00,9.605819281806714516e-01
1.000000000000000000e+00,1.164443894640850408e+00
1.000000000000000000e+00,3.389913883324712218e-01
1.000000000000000000e+00,6.022729766490561576e-02
1.000000000000000000e+00,2.952578060592940812e-01
1.000000000000000000e+00,4.102725657547902638e-01
1.000000000000000000e+00,5.225574155701717682e-01
1.000000000000000000e+00,-7.859582351923356525e-01
1.000000000000000000e+00,-3.901075465278668886e-01
1.000000000000000000e+00,7.246310958117448964e-01
1.000000000000000000e+00,-6.685796539865385135e-01
1.000000000000000000e+00,4.319574220651683505e-01
1.000000000000000000e+00,8.732372368344003544e-01
1.000000000000000000e+00,-1.298774823627538488e+00
1.000000000000000000e+00,3.613471847824353267e-01
1.000000000000000000e+00,-1.459341182627881262e+00
1.000000000000000000e+00,4.030643966890257723e-01
1.000000000000000000e+00,5.763156067675477834e-01
1.000000000000000000e+00,5.162311161558437445e-02
1.000000000000000000e+00,1.088358457935671569e-01
1.000000000000000000e+00,3.741629401867904714e-01
1.000000000000000000e+00,-2.414508187486553437e-01
1.000000000000000000e+00,7.594196970440650896e-01
1.000000000000000000e+00,3.587867849111313623e-01
1.000000000000000000e+00,2.094689085872566636e+00
1.000000000000000000e+00,8.836527837632125459e-01
1.000000000000000000e+00,5.275288251200375977e-02
1.000000000000000000e+00,-4.267288083266488896e-01
1.000000000000000000e+00,7.587030513261870945e-01
1.000000000000000000e+00,2.807828937885948339e-01
1.000000000000000000e+00,7.600489252966662335e-01
1.000000000000000000e+00,1.796517430426604278e+00
1.000000000000000000e+00,3.636848254275010239e-01
1.000000000000000000e+00,9.828955690001721646e-01
1.000000000000000000e+00,5.682203944881373259e-01
1.000000000000000000e+00,7.916869478311946429e-01
1.000000000000000000e+00,1.125603915449257197e+00
1.000000000000000000e+00,4.561955783511933427e-01
1.000000000000000000e+00,4.532508966274544915e-01
1.000000000000000000e+00,1.253119816422808119e+00
1.000000000000000000e+00,-9.622295633859520025e-01
1.000000000000000000e+00,4.668868413397260497e-02
1.000000000000000000e+00,1.184767345958999574e+00
1.000000000000000000e+00,-5.898347112548031346e-01
1.000000000000000000e+00,1.115018858511634292e+00
1.000000000000000000e+00,-2.641716647219427908e-02
1.000000000000000000e+00,1.169379653352897730e+00
1.000000000000000000e+00,1.214100121122397180e+00
1.000000000000000000e+00,7.985605343141233270e-01
1.000000000000000000e+00,3.190389065624000264e-01
1.000000000000000000e+00,1.619062345991717222e-01
1.000000000000000000e+00,4.852585574796252632e-01
1.000000000000000000e+00,4.109071189291342296e-01
1.000000000000000000e+00,1.576243167668323508e+00
1.000000000000000000e+00,8.514512070109101494e-01
1.000000000000000000e+00,2.735410002184595624e-01
1.000000000000000000e+00,-1.503121206606773952e-01
1.000000000000000000e+00,2.083926531543518923e+00
1.000000000000000000e+00,8.418734477696234730e-01
1.000000000000000000e+00,8.493389880529540470e-01
1.000000000000000000e+00,5.680207099227844170e-01
1.000000000000000000e+00,6.372273865828250727e-01
1.000000000000000000e+00,5.579122334811372763e-01
1.000000000000000000e+00,-1.964720922746326648e-01
1.000000000000000000e+00,1.147184492042173209e+00
1.000000000000000000e+00,-1.177129497515832512e-01
1.000000000000000000e+00,2.397854338042322841e-01
1.000000000000000000e+00,6.943642406259737943e-01
1.000000000000000000e+00,-2.185989170896587008e-01
1.000000000000000000e+00,2.547715385622352224e-01
1.000000000000000000e+00,4.649399873397402350e-01
1.000000000000000000e+00,2.153453147251602751e+00
1.000000000000000000e+00,1.432066474048675930e+00
1.000000000000000000e+00,1.952686735297873843e+00
1.000000000000000000e+00,2.481917102621147841e-01
1.000000000000000000e+00,7.771478441156372263e-02
1.000000000000000000e+00,8.483769521914311662e-01
1.000000000000000000e+00,5.801144946875188557e-01
1.000000000000000000e+00,1.007181205838403315e+00
1.000000000000000000e+00,-1.503121206606773952e-01
1.000000000000000000e+00,-7.804469411885930352e-01
1.000000000000000000e+00,6.744317273124378342e-01
1.000000000000000000e+00,8.557333315790355277e-01
1.000000000000000000e+00,1.034149715748021503e+00
1.000000000000000000e+00,1.056111024245543817e+00
1.000000000000000000e+00,3.071803058413035137e-01
1.000000000000000000e+00,-8.618596697134444096e-01
1.000000000000000000e+00,5.824392667717062100e-01
1.000000000000000000e+00,8.806978959394667905e-01
1.000000000000000000e+00,3.032164967068406991e-02
1.000000000000000000e+00,-4.818701479467032978e-01
1.000000000000000000e+00,4.745124216592842004e-01
1.000000000000000000e+00,-4.384817980998476084e-01
1.000000000000000000e+00,5.738408493876062666e-01
1.000000000000000000e+00,6.150313377851434060e-01
1.000000000000000000e+00,-7.407876601760407520e-02
1.000000000000000000e+00,6.677298695557127850e-01
1.000000000000000000e+00,7.001914799864527028e-01
1.000000000000000000e+00,1.108444798876735193e+00
1.000000000000000000e+00,1.320948669581913038e+00
1.000000000000000000e+00,3.383044734276569043e-01
1.000000000000000000e+00,1.813035337672603831e+00
1.000000000000000000e+00,8.514512070109101494e-01
1.000000000000000000e+00,7.931663885887210164e-01
1.000000000000000000e+00,-2.654329350475499449e-01
1.000000000000000000e+00,3.905792301761994434e-01
1.000000000000000000e+00,1.353586002430163582e+00
1.000000000000000000e+00,5.090685013088377397e-01
1.000000000000000000e+00,-1.345334900499623731e-01
1.000000000000000000e+00,4.718712604748819262e-01
1.000000000000000000e+00,6.437530781785609779e-01
1.000000000000000000e+00,-5.876230937576490954e-01
1.000000000000000000e+00,7.153808192576370795e-01
1.000000000000000000e+00,-6.054482692914929798e-01
1.000000000000000000e+00,5.447685516461245880e-01
1.000000000000000000e+00,-1.294055904116974687e-01
1.000000000000000000e+00,-1.201924703226986413e+00
1.000000000000000000e+00,2.296238261322479435e+00
1.000000000000000000e+00,7.727701633400876347e-01
1.000000000000000000e+00,8.446109012888737277e-01
1.000000000000000000e+00,-6.973275752451912890e-01
1.000000000000000000e+00,7.604811314447857962e-01
1.000000000000000000e+00,1.484150421101436690e+00
1.000000000000000000e+00,5.250534726370842398e-01
1.000000000000000000e+00,1.355359645113976663e+00
1.000000000000000000e+00,-1.198649876355197375e+00
1.000000000000000000e+00,-6.893450738093357399e-01
1.000000000000000000e+00,-5.446563002154274358e-01
1.000000000000000000e+00,8.682815096658176302e-01
1.000000000000000000e+00,-3.601127060944543379e-01
1.000000000000000000e+00,1.227689472769419726e-01
1.000000000000000000e+00,5.936353584793093718e-01
1.000000000000000000e+00,1.387651301792427239e+00
1.000000000000000000e+00,6.720936429238936194e-01
1.000000000000000000e+00,4.753005100772106917e-01
1.000000000000000000e+00,-1.448934176844208881e-02
1.000000000000000000e+00,-5.387230061635721601e-01
1.000000000000000000e+00,-3.347341290685244553e-01
1.000000000000000000e+00,6.838364265970853229e-01
1.000000000000000000e+00,9.751371580209904355e-01
1.000000000000000000e+00,1.260317779388565596e+00
1.000000000000000000e+00,1.005417769254597138e+00
1.000000000000000000e+00,-1.366581338253182176e-01
1.000000000000000000e+00,5.383040966504303304e-01
1.000000000000000000e+00,2.313934751247540333e+00
1.000000000000000000e+00,5.613956197878505749e-01
1.000000000000000000e+00,6.710907826623430106e-01
1.000000000000000000e+00,1.552578327956600779e+00
1.000000000000000000e+00,8.454482452329206144e-01
1.000000000000000000e+00,1.460578323776733578e+00
1.000000000000000000e+00,6.562386884348658800e-01
1.000000000000000000e+00,1.101839384814391476e-01
1.000000000000000000e+00,-1.655271970536184301e-01
1.000000000000000000e+00,3.156256317252995047e-01
1.000000000000000000e+00,1.414693473119486899e+00
1.000000000000000000e+00,2.862715568749307771e-01
1.000000000000000000e+00,1.081966181767449520e+00
1.000000000000000000e+00,7.537726175358823166e-01
1.000000000000000000e+00,2.330139083213729756e-01
1.000000000000000000e+00,7.006361109519719799e-01
1.000000000000000000e+00,1.041969514686778286e-01
1.000000000000000000e+00,3.456839274761464575e-01
1.000000000000000000e+00,6.621404766997431857e-01
1.000000000000000000e+00,5.913746368155682609e-02
1.000000000000000000e+00,-5.304680462318793754e-01
1.000000000000000000e+00,7.308705728638081878e-01
1.000000000000000000e+00,1.999484810034001692e+00
1.000000000000000000e+00,5.217746520739879879e-01
1.000000000000000000e+00,1.728848324919781465e+00
1.000000000000000000e+00,9.542236792358868569e-02
1.000000000000000000e+00,-5.715267428162834618e-01
1.000000000000000000e+00,8.767516851846131054e-01
1.000000000000000000e+00,1.346879263495174284e+00
1.000000000000000000e+00,-2.153440586744048701e-01
1.000000000000000000e+00,-3.386350779885648477e-01
1.000000000000000000e+00,-1.835813442224004943e-01
1.000000000000000000e+00,9.514621122092609129e-01
1.000000000000000000e+00,-5.304813585362362360e-01
1.000000000000000000e+00,8.488335642308716400e-01
1.000000000000000000e+00,9.301495566773965162e-01
1.000000000000000000e+00,4.625914044672438385e-02
1.000000000000000000e+00,8.896961261977512914e-01
1.000000000000000000e+00,-2.571420318940936256e-01
1.000000000000000000e+00,1.298724221201603468e+00
1.000000000000000000e+00,-3.682247806260500744e-01
1.000000000000000000e+00,5.251337902067039209e-01
1.000000000000000000e+00,5.478827433786741530e-01
1.000000000000000000e+00,8.315463571525784359e-02
1.000000000000000000e+00,-6.234825580227868619e-03
1.000000000000000000e+00,6.665042500679240201e-01
1.000000000000000000e+00,5.763621998327967955e-01
1.000000000000000000e+00,5.727891773434138356e-01
1.000000000000000000e+00,8.191914998629160616e-01
1.000000000000000000e+00,-1.544975091504761644e-01
1.000000000000000000e+00,7.281189195532439262e-01
1.000000000000000000e+00,7.250251400207081698e-01
1.000000000000000000e+00,1.824262642783239796e-01
1.000000000000000000e+00,1.824062363114874907e+00
1.000000000000000000e+00,-1.130536432266800451e-01
1.000000000000000000e+00,-1.729066511021079833e-01
1.000000000000000000e+00,1.146112851541445377e+00
1.000000000000000000e+00,3.369052907294490584e+00
1.000000000000000000e+00,2.151196267919635474e+00
1.000000000000000000e+00,-1.291874168792417565e+00
1.000000000000000000e+00,8.923590308126031490e-01
1.000000000000000000e+00,1.427228782645390659e+00
1.000000000000000000e+00,1.003152902540015656e+00
1.000000000000000000e+00,8.286396860084626059e-01
1.000000000000000000e+00,2.496528092780232466e+00
1.000000000000000000e+00,-6.266716323841663439e-01
1.000000000000000000e+00,4.067940606263411030e-01
1.000000000000000000e+00,9.516440470354714520e-01
1.000000000000000000e+00,-1.151751807976859748e-01
1.000000000000000000e+00,1.498082191354375814e+00
1.000000000000000000e+00,-5.345268164707545067e-02
1.000000000000000000e+00,1.111265676169955086e+00
1.000000000000000000e+00,1.033590155221554729e+00
1.000000000000000000e+00,6.977366910630465879e-01
1.000000000000000000e+00,5.448590753157512845e-01
1.000000000000000000e+00,9.409742350934431343e-01
1.000000000000000000e+00,8.007683094795035872e-02
1.000000000000000000e+00,1.867173817031107630e+00
1.000000000000000000e+00,7.403260102645450869e-02
1.000000000000000000e+00,1.807709528442900337e+00
1.000000000000000000e+00,-5.576140535329224823e-01
1.000000000000000000e+00,1.432066474048675930e+00
1.000000000000000000e+00,8.580172792631951539e-01
1.000000000000000000e+00,8.105460456700885885e-01
1.000000000000000000e+00,4.861456006932711182e-01
1.000000000000000000e+00,7.317074730643764457e-01
1.000000000000000000e+00,1.128689707599178860e+00
1.000000000000000000e+00,1.538643895242790327e+00
1.000000000000000000e+00,4.195330484089050405e-01
1.000000000000000000e+00,8.504310407536956884e-01
1.000000000000000000e+00,2.382239005031718815e-01
1.000000000000000000e+00,-1.039333098990485871e+00
1.000000000000000000e+00,-1.688916601080771018e-01
1.000000000000000000e+00,1.295698334421287790e+00
1.000000000000000000e+00,1.245851741987437533e+00
1.000000000000000000e+00,1.101426108276316818e+00
1.000000000000000000e+00,9.233613203018851967e-02
1.000000000000000000e+00,1.739740452344569421e+00
1.000000000000000000e+00,6.147264860153711652e-01
1.000000000000000000e+00,3.760253315663160678e-01
1.000000000000000000e+00,1.900577646226368489e-01
1.000000000000000000e+00,2.811281262149162297e-01
1.000000000000000000e+00,2.225661194781591162e-02
1.000000000000000000e+00,9.077800041795970332e-01
1.000000000000000000e+00,7.030598378318788644e-01
1.000000000000000000e+00,2.475163326877430903e-01
1.000000000000000000e+00,8.841565839709140950e-02
1.000000000000000000e+00,5.169467230272312142e-01
1.000000000000000000e+00,4.639229272868756748e-01
1.000000000000000000e+00,2.970318924865857912e-01
1.000000000000000000e+00,-1.611603174810877503e-01
1.000000000000000000e+00,2.710524867906826674e-01
1.000000000000000000e+00,1.764632394134049986e-01
1.000000000000000000e+00,-1.576969147668630278e+00
1.000000000000000000e+00,1.357980837841843647e+00
1.000000000000000000e+00,8.976830650683924606e-01
1.000000000000000000e+00,2.251907107943212083e-01
1.000000000000000000e+00,3.710855791629615874e-01
1.000000000000000000e+00,1.712640150621818291e+00
1.000000000000000000e+00,9.322360385135960437e-01
1.000000000000000000e+00,1.532332683106733262e-01
1.000000000000000000e+00,3.820052186834204111e-01
1.000000000000000000e+00,1.390575571316152281e+00
1.000000000000000000e+00,-1.810209443510965577e-01
1.000000000000000000e+00,1.134076753428924000e+00
1.000000000000000000e+00,6.609534628945893386e-01
1.000000000000000000e+00,8.376436849319683908e-01
1.000000000000000000e+00,3.486907332868839915e-01
1.000000000000000000e+00,-5.446563002154274358e-01
1.000000000000000000e+00,1.298018225327211006e+00
1.000000000000000000e+00,4.225855597979344958e-01
1.000000000000000000e+00,-4.322969014956475342e-01
1.000000000000000000e+00,8.822150548926710467e-01
1.000000000000000000e+00,3.243478535399182960e-01
1.000000000000000000e+00,5.325194566638933313e-01
1.000000000000000000e+00,4.043264031420567006e-01
1.000000000000000000e+00,9.448308096656272692e-01
1.000000000000000000e+00,1.234314855288298762e+00
1.000000000000000000e+00,1.474297984646919968e+00
1.000000000000000000e+00,9.487748017030881442e-01
1.000000000000000000e+00,6.232354185763348819e-02
1.000000000000000000e+00,3.108261022611706337e-01
1.000000000000000000e+00,4.787310909099751211e-01
1.000000000000000000e+00,1.143761898592022819e+00
1.000000000000000000e+00,-3.974696945806924786e-01
1.000000000000000000e+00,3.885783908313624191e-01
1.000000000000000000e+00,-1.324541081094198491e-01
1.000000000000000000e+00,1.263388040516737476e+00
1.000000000000000000e+00,-1.277712831801528504e-01
1.000000000000000000e+00,-1.111739458514905271e-01
1.000000000000000000e+00,1.381657658627487573e+00
1.000000000000000000e+00,-6.974411735757032327e-01
1.000000000000000000e+00,-4.188616801952195212e-01
1.000000000000000000e+00,5.836688799508020775e-01
1.000000000000000000e+00,2.273495228175263783e-01
1.000000000000000000e+00,2.231219786972641894e-01
1.000000000000000000e+00,8.956440637843992025e-01
1.000000000000000000e+00,9.606635769807269076e-01
1.000000000000000000e+00,8.609455424782271882e-01
1.000000000000000000e+00,3.534379010205425109e-01
1.000000000000000000e+00,8.489152130309270960e-01
1.000000000000000000e+00,-4.804284253848546959e-01
1.000000000000000000e+00,-6.138770253072488303e-02
1.000000000000000000e+00,8.273745733510817768e-01
1.000000000000000000e+00,1.173042463384483675e-01
1.000000000000000000e+00,2.109492075933456778e-01
1.000000000000000000e+00,1.626903293257911387e-01
1.000000000000000000e+00,1.188425123452787835e+00
1.000000000000000000e+00,1.218322047936971492e-01
1.000000000000000000e+00,5.081907767082416427e-01
1.000000000000000000e+00,-2.672797954053258707e-01
1.000000000000000000e+00,3.104560202000497537e-01
1.000000000000000000e+00,1.724115356977437008e+00
1.000000000000000000e+00,2.735410002184595624e-01
1.000000000000000000e+00,-1.957656526567616295e-01
1.000000000000000000e+00,1.486858587551102007e+00
1.000000000000000000e+00,2.504339752976841638e+00
1.000000000000000000e+00,-1.011048112199020542e-02
1.000000000000000000e+00,6.852444246545632556e-01
1.000000000000000000e+00,-1.178428152312686016e-02
1.000000000000000000e+00,5.358439828052814491e-01
1.000000000000000000e+00,1.409233653359257543e+00
1.000000000000000000e+00,1.209872577002135019e+00
1.000000000000000000e+00,6.863852891379467192e-01
1.000000000000000000e+00,2.140403246650100233e-01
1.000000000000000000e+00,1.290235116072763200e-01
1.000000000000000000e+00,1.011127860336735518e+00
1.000000000000000000e+00,-5.313626330846608070e-01
1.000000000000000000e+00,-8.210729878813989302e-01
1.000000000000000000e+00,7.392830617303904894e-01
1.000000000000000000e+00,1.198109824872408025e+00
1.000000000000000000e+00,1.624507078473675648e-01
1.000000000000000000e+00,2.330139083213729756e-01
1.000000000000000000e+00,7.281189195532439262e-01
1.000000000000000000e+00,6.951070672090868818e-01
1.000000000000000000e+00,1.110400710111190264e-02
1.000000000000000000e+00,-6.218685529722089989e-01
1.000000000000000000e+00,8.286396860084626059e-01
1.000000000000000000e+00,1.398953448191406768e+00
1.000000000000000000e+00,1.142858880613148775e+00
1.000000000000000000e+00,6.446702959487490281e-01
1.000000000000000000e+00,1.175753140935486885e+00
1.000000000000000000e+00,3.783955168448502326e-02
1.000000000000000000e+00,4.688617922032730645e-01
1.000000000000000000e+00,-6.724600393470317461e-02
1.000000000000000000e+00,2.383860736086330423e+00
1.000000000000000000e+00,8.704715350920555483e-02
1.000000000000000000e+00,2.753958479588495822e-01
1.000000000000000000e+00,1.440449675845673294e+00
1.000000000000000000e+00,1.029957378722099193e-01
1.000000000000000000e+00,-1.020856064286634002e+00
1.000000000000000000e+00,1.490266981209938280e+00
1.000000000000000000e+00,1.279182645892680936e+00
1.000000000000000000e+00,-5.282448914042826571e-01
1.000000000000000000e+00,-7.157407108881301827e-01
1.000000000000000000e+00,-3.459630577935411955e-01
1.000000000000000000e+00,-1.331627664446836945e-01
1.000000000000000000e+00,1.145370024958332289e+00
1.000000000000000000e+00,1.769173957277600850e+00
1.000000000000000000e+00,-8.272166163420927587e-01
1.000000000000000000e+00,1.417028451303681269e+00
1.000000000000000000e+00,1.044067826237365493e+00
1.000000000000000000e+00,-4.989276472626346104e-01
1.000000000000000000e+00,2.998825005928694165e-01
1.000000000000000000e+00,-6.935672930078551346e-01
1.000000000000000000e+00,1.275169429872564208e+00
1.000000000000000000e+00,-6.715281780420510882e-02
1.000000000000000000e+00,6.365033485853449635e-02
1.000000000000000000e+00,1.259281194622644318e+00
1.000000000000000000e+00,-1.584991878401501575e-01
1.000000000000000000e+00,1.948980589764922389e+00
1.000000000000000000e+00,1.863427442201140427e-01
1.000000000000000000e+00,4.899502572784634746e-01
1.000000000000000000e+00,1.566968041479416041e+00
1.000000000000000000e+00,8.355953650349252637e-01
1.000000000000000000e+00,4.279970115190006030e-01
1.000000000000000000e+00,-3.470901662290891698e-01
1.000000000000000000e+00,-7.592799335176970699e-01
1.000000000000000000e+00,6.201432626581800944e-01
1.000000000000000000e+00,-3.540809009903582161e-01
1.000000000000000000e+00,7.069390433214696179e-01
1.000000000000000000e+00,-2.287520602631072306e-02
1.000000000000000000e+00,2.188762410943809744e-01
1.000000000000000000e+00,5.434009342451958657e-01
1.000000000000000000e+00,2.221528429400843330e-01
1.000000000000000000e+00,6.877768686867177239e-01
1.000000000000000000e+00,1.535574077858096853e+00
1.000000000000000000e+00,6.880027341173059474e-01
1.000000000000000000e+00,2.131111258209007486e-01
1.000000000000000000e+00,7.147600221311285473e-01
1.000000000000000000e+00,4.772378941046133138e-01
1.000000000000000000e+00,2.329553341822027668e-01
1.000000000000000000e+00,3.085390483726609956e-01
1.000000000000000000e+00,1.042350538975329810e+00
1.000000000000000000e+00,2.131739003871639504e+00
1.000000000000000000e+00,5.579122334811372763e-01
1.000000000000000000e+00,-1.257123134396241904e-01
1.000000000000000000e+00,-8.921305185905226143e-01
1.000000000000000000e+00,-1.013442441990295206e+00
1.000000000000000000e+00,-1.264559538969520780e+00
1.000000000000000000e+00,4.151896872407381256e-01
1.000000000000000000e+00,-7.264943903476067666e-01
1.000000000000000000e+00,2.330139083213729756e-01
1.000000000000000000e+00,-4.748876929519935813e-02
1.000000000000000000e+00,5.820027745483344339e-02
1.000000000000000000e+00,4.265961133571797292e-01
1.000000000000000000e+00,2.091946458791106855e-01
1.000000000000000000e+00,-3.777981024325511861e-01
1.000000000000000000e+00,8.457983588375062034e-01
1.000000000000000000e+00,5.536031919203530244e-02
1.000000000000000000e+00,7.634583578019930872e-02
1.000000000000000000e+00,5.138844492816734277e-01
1.000000000000000000e+00,-8.851868206379812642e-01
1.000000000000000000e+00,-3.239817808394835352e-01
1.000000000000000000e+00,5.910904896297550781e-01
1.000000000000000000e+00,2.528512235228039362e+00
1.000000000000000000e+00,6.222940872987711147e-01
1.000000000000000000e+00,7.034157201016857375e-01
1.000000000000000000e+00,4.590754735270620723e-01
1.000000000000000000e+00,9.857359710064488301e-01
1.000000000000000000e+00,-8.664475335382990639e-01
1.000000000000000000e+00,5.213122713693262300e-01
1.000000000000000000e+00,1.048033117961797434e+00
1.000000000000000000e+00,1.719866956913682410e+00
1.000000000000000000e+00,-1.585275874227781434e-01
1.000000000000000000e+00,-5.743884445095311930e-01
1.000000000000000000e+00,8.812556814920194936e-01
1.000000000000000000e+00,-1.528046277797613373e-01
1.000000000000000000e+00,-3.826357938358364019e-01
1.000000000000000000e+00,-2.754948184239480735e-01
1.000000000000000000e+00,5.801144946875188557e-01
1.000000000000000000e+00,1.561673001909266723e-01
1.000000000000000000e+00,4.172579755943165991e-01
1.000000000000000000e+00,2.836761012688204242e-01
1.000000000000000000e+00,7.212657452703291616e-01
1.000000000000000000e+00,6.334218425106755701e-01
1.000000000000000000e+00,9.047332614557889174e-01
1.000000000000000000e+00,3.362650284001850176e-01
1.000000000000000000e+00,-9.451137823147956474e-02
1.000000000000000000e+00,7.377432718597797257e-01
1.000000000000000000e+00,-8.239185634498849553e-02
1.000000000000000000e+00,1.140827866711769500e+00
1.000000000000000000e+00,6.110416401693905541e-01
1.000000000000000000e+00,1.075587813006596338e+00
1.000000000000000000e+00,-1.340702218583434135e-01
1.000000000000000000e+00,-1.777168304097223317e-01
1.000000000000000000e+00,2.973780123998643332e-01
1.000000000000000000e+00,-5.788893346125876249e-01
1.000000000000000000e+00,7.321134983472609159e-01
1.000000000000000000e+00,-8.585977114025336032e-01
1.000000000000000000e+00,7.177681591723018562e-01
1.000000000000000000e+00,-9.458947708370651908e-02
1.000000000000000000e+00,2.974232742346776814e-01
1.000000000000000000e+00,1.170160198131688700e+00
1.000000000000000000e+00,1.033590155221554729e+00
1.000000000000000000e+00,-9.436283418520832744e-04
1.000000000000000000e+00,1.553316717104928246e+00
1.000000000000000000e+00,9.301464504730466709e-01
1.000000000000000000e+00,3.591471046157239111e-01
1.000000000000000000e+00,1.329267084831040391e+00
1.000000000000000000e+00,-5.073902791422945091e-01
1.000000000000000000e+00,3.631810665602858493e-03
1.000000000000000000e+00,-6.774509736099542101e-01
1.000000000000000000e+00,8.818019297141296287e-01
1.000000000000000000e+00,-1.909022241317198387e-01
1.000000000000000000e+00,1.469072905186850075e+00
1.000000000000000000e+00,1.576014196033385328e+00
1.000000000000000000e+00,-1.294379836856325017e-01
1.000000000000000000e+00,3.864317112416118527e-02
1.000000000000000000e+00,6.297451354068425711e-02
1.000000000000000000e+00,1.368965707653651220e+00
1.000000000000000000e+00,9.024391076716222759e-01
1.000000000000000000e+00,1.017791999897782906e+00
1.000000000000000000e+00,1.369266565732116359e+00
1.000000000000000000e+00,-6.853052331805052910e-01
1.000000000000000000e+00,6.962128759576639014e-01
1.000000000000000000e+00,-2.271081420345676116e-01
1.000000000000000000e+00,1.084006514281878664e+00
1.000000000000000000e+00,2.786315658942240425e+00
1.000000000000000000e+00,3.651758035154700766e-01
1.000000000000000000e+00,-6.509736877311043113e-01
1.000000000000000000e+00,-8.156628673907685423e-01
1.000000000000000000e+00,6.762639441354212355e-01
1.000000000000000000e+00,1.649725312744311001e+00
1.000000000000000000e+00,-1.350541111693629413e-03
1.000000000000000000e+00,1.512464804981534128e+00
1.000000000000000000e+00,-7.139200313955894606e-01
1.000000000000000000e+00,4.987745400931515860e-01
1.000000000000000000e+00,1.432492911531574320e+00
1.000000000000000000e+00,3.283224638773999948e-01
1.000000000000000000e+00,-8.847013652724341481e-01
1.000000000000000000e+00,1.253515635605685574e+00
1.000000000000000000e+00,-7.504978063334722949e-01
1.000000000000000000e+00,-8.490825199917241273e-01
1.000000000000000000e+00,5.532260099635750994e-02
1.000000000000000000e+00,1.322827035726666933e+00
1.000000000000000000e+00,-2.437800282676284014e-01
1.000000000000000000e+00,-3.826357938358364019e-01
1.000000000000000000e+00,5.933105382530018401e-01
1.000000000000000000e+00,-3.092184353077188641e-01
1.000000000000000000e+00,1.022185060335548679e+00
1.000000000000000000e+00,6.135973102219637043e-02
1.000000000000000000e+00,1.713400726944073860e+00
1.000000000000000000e+00,-3.022112820377430009e-01
1.000000000000000000e+00,7.392830617303904894e-01
1.000000000000000000e+00,6.440832233266112761e-01
1.000000000000000000e+00,3.778819542806203802e-01
1.000000000000000000e+00,5.060386208372149586e-01
1.000000000000000000e+00,7.805747236410398582e-01
1.000000000000000000e+00,1.004748604088925301e+00
1.000000000000000000e+00,9.334150649361359076e-01
1.000000000000000000e+00,1.416530127377255921e+00
1.000000000000000000e+00,6.609556816119821487e-01
1.000000000000000000e+00,-1.079005984691340236e+00
1.000000000000000000e+00,3.837060874367493879e-01
1.000000000000000000e+00,4.753005100772106917e-01
1.000000000000000000e+00,9.218599847543759163e-01
1.000000000000000000e+00,2.555214650410053689e-01
1.000000000000000000e+00,1.919065179414172428e+00
1.000000000000000000e+00,1.807709528442900337e+00
1.000000000000000000e+00,-3.816600019264780874e-01
1.000000000000000000e+00,1.173904505603796666e+00
1.000000000000000000e+00,1.262095859507164297e+00
1.000000000000000000e+00,2.062029273466442769e-01
1.000000000000000000e+00,1.170444193957968615e+00
1.000000000000000000e+00,1.155896215372839847e-01
1.000000000000000000e+00,-5.815114148274117545e-01
1.000000000000000000e+00,-8.328370712415616994e-01
1.000000000000000000e+00,2.775360519943496307e+00
1.000000000000000000e+00,-3.289020085297813534e-01
1.000000000000000000e+00,1.032343236046794788e+00
1.000000000000000000e+00,2.488991553540331747e+00
1.000000000000000000e+00,2.091946458791106855e-01
1.000000000000000000e+00,-4.710947250567771860e-01
1.000000000000000000e+00,4.557651471769880169e-01
1.000000000000000000e+00,-2.577637165075593040e-01
1.000000000000000000e+00,-5.392482470826564372e-02
1.000000000000000000e+00,4.079855118662806812e-01
1.000000000000000000e+00,3.784845579245078584e-01
1.000000000000000000e+00,1.466374652453246441e-01
1.000000000000000000e+00,9.295558279030803339e-01
1.000000000000000000e+00,3.777248690892093252e-01
1.000000000000000000e+00,5.773584039421689740e-01
1.000000000000000000e+00,1.649725312744311001e+00
1.000000000000000000e+00,2.465068162740140789e-01
1.000000000000000000e+00,9.277493482018536186e-01
1.000000000000000000e+00,8.232468715134960702e-01
1.000000000000000000e+00,-5.887966438989127027e-02
1.000000000000000000e+00,7.970735499174613770e-01
1.000000000000000000e+00,3.841147751805051858e-01
1.000000000000000000e+00,1.031909698668239450e+00
1.000000000000000000e+00,1.078939297481129600e-02
1.000000000000000000e+00,8.302455936573792661e-01
1.000000000000000000e+00,-6.854262237906194599e-02
1.000000000000000000e+00,1.901340885009495385e-01
1.000000000000000000e+00,-6.652191846233869166e-01
1.000000000000000000e+00,-2.312234190547535484e-01
1.000000000000000000e+00,1.245298727594102046e-02
1.000000000000000000e+00,1.381657658627487573e+00
1.000000000000000000e+00,4.816194172119365735e-01
1.000000000000000000e+00,-2.123749710593451356e-01
1.000000000000000000e+00,-1.420785199262567966e+00
1.000000000000000000e+00,8.959169660237149557e-01
1.000000000000000000e+00,4.162648776892943769e-01
1.000000000000000000e+00,2.223134780793238618e-01
1.000000000000000000e+00,9.677332980811800267e-01
1.000000000000000000e+00,5.466389304082642786e-01
1.000000000000000000e+00,-1.139855045316606891e-01
1.000000000000000000e+00,5.506925270849301057e-01
1.000000000000000000e+00,5.977293358125242984e-01
1.000000000000000000e+00,6.132290031347571030e-02
1.000000000000000000e+00,8.634349433929612294e-01
1.000000000000000000e+00,8.423026990729264030e-02
1.000000000000000000e+00,-1.214297451280203222e-01
1.000000000000000000e+00,1.047566633546781478e-02
1.000000000000000000e+00,5.534774611563865188e-01
1.000000000000000000e+00,1.131554515496776547e+00
1.000000000000000000e+00,2.204779180442979492e+00
1.000000000000000000e+00,1.199938048004084434e+00
1.000000000000000000e+00,2.669611719183391241e-01
1.000000000000000000e+00,1.352718040186095871e+00
1.000000000000000000e+00,-3.014431620763518005e-01
1.000000000000000000e+00,1.003854904723100905e+00
1.000000000000000000e+00,8.822150548926710467e-01
1.000000000000000000e+00,4.172144887334174879e-01
1.000000000000000000e+00,-3.397311243806134806e-01
1.000000000000000000e+00,1.459568807363004650e+00
1.000000000000000000e+00,2.176728087805202827e-01
1.000000000000000000e+00,5.676136871338957612e-03
1.000000000000000000e+00,-1.715035342228942716e-01
1.000000000000000000e+00,1.552505554026116563e+00
1.000000000000000000e+00,1.077276700686004229e+00
1.000000000000000000e+00,1.064564337512154069e+00
1.000000000000000000e+00,4.849705679620383569e-01
1.000000000000000000e+00,1.069171282306586868e+00
1.000000000000000000e+00,-2.477821507007809676e-01
1.000000000000000000e+00,-6.154631158591634676e-01
1.000000000000000000e+00,5.599889529608084171e-01
1.000000000000000000e+00,4.936839149070859079e-01
1.000000000000000000e+00,4.051375662208683837e-01
1.000000000000000000e+00,1.416009767636435823e-01
1.000000000000000000e+00,9.940508363077474874e-01
1.000000000000000000e+00,1.274329867211124512e+00
1.000000000000000000e+00,1.068774575636752155e+00
1.000000000000000000e+00,6.292222542295629051e-01
1.000000000000000000e+00,7.591561134177990944e-01
1.000000000000000000e+00,1.695630283217626488e-01
1.000000000000000000e+00,9.274387277668599827e-01
1.000000000000000000e+00,5.682203944881373259e-01
1.000000000000000000e+00,3.105293892335458938e-02
1.000000000000000000e+00,8.956440637843992025e-01
1.000000000000000000e+00,7.818677921375700723e-01
1.000000000000000000e+00,3.362650284001850176e-01
1.000000000000000000e+00,5.820270290801219382e-01
1.000000000000000000e+00,-1.451016847353999439e-01
1.000000000000000000e+00,4.945359023859253744e-01
1.000000000000000000e+00,3.764652327131046139e-02
1.000000000000000000e+00,-6.183233349624421560e-02
1.000000000000000000e+00,1.010909538545283093e+00
1.000000000000000000e+00,1.970113429187968945e+00
1.000000000000000000e+00,6.018614750848956252e-01
1.000000000000000000e+00,2.648391906038546351e-01
1.000000000000000000e+00,-4.384782481520190789e-01
1.000000000000000000e+00,1.411049007930055499e+00
1.000000000000000000e+00,4.602243253930596301e-01
1.000000000000000000e+00,-3.250161468880120585e-01
1.000000000000000000e+00,2.429195939933171677e-01
1.000000000000000000e+00,-1.088019745971374297e+00
1.000000000000000000e+00,9.635955415031208227e-02
1.000000000000000000e+00,1.251422053873828988e+00
1.000000000000000000e+00,-1.257123134396241904e-01
1.000000000000000000e+00,-1.589733872572950846e+00
1.000000000000000000e+00,9.996712912072164281e-01
1.000000000000000000e+00,-2.978074203969582542e-02
1.000000000000000000e+00,1.137304543491985509e+00
1.000000000000000000e+00,1.143128232904635944e+00
1.000000000000000000e+00,-5.820239385451511094e-01
1.000000000000000000e+00,8.672231814694467689e-01
1.000000000000000000e+00,1.886173732912239109e-01
1.000000000000000000e+00,5.531304537561508861e-01
1.000000000000000000e+00,-2.166002964622144866e-01
1.000000000000000000e+00,3.673798773734885392e-01
1.000000000000000000e+00,-7.202689617273241862e-02
1.000000000000000000e+00,1.124146369481713731e-01
1.000000000000000000e+00,-4.643285244956605884e-01
1.000000000000000000e+00,1.362132501827271858e+00
1.000000000000000000e+00,7.122326106367715681e-02
1.000000000000000000e+00,1.055745823362687297e+00
1.000000000000000000e+00,4.746810441811378789e-01
1.000000000000000000e+00,-1.111739458514905271e-01
1.000000000000000000e+00,1.063786011450755797e+00
1.000000000000000000e+00,-9.371678192037155020e-01
1.000000000000000000e+00,7.229253458801517818e-01
1.000000000000000000e+00,6.731657271680998589e-01
1.000000000000000000e+00,5.077523581514221673e-01
1.000000000000000000e+00,4.609547271587730588e-01
1.000000000000000000e+00,2.096184209011376087e-01
1.000000000000000000e+00,8.116474169838799879e-01
1.000000000000000000e+00,-4.526026030746542195e-01
1.000000000000000000e+00,-7.709929863778250958e-01
1.000000000000000000e+00,-1.405808413117614952e+00
1.000000000000000000e+00,4.072014171396612370e-01
1.000000000000000000e+00,1.455458411521082907e+00
1.000000000000000000e+00,1.262686038333652228e+00
1.000000000000000000e+00,6.955286235137210227e-01
1.000000000000000000e+00,5.008574719815226395e-01
1.000000000000000000e+00,1.463686746844061970e+00
1.000000000000000000e+00,1.115018858511634292e+00
1.000000000000000000e+00,-3.760748951457607708e-02
1.000000000000000000e+00,1.060070103561275845e+00
1.000000000000000000e+00,8.380980782540161655e-01
1.000000000000000000e+00,-2.573581349681534625e-01
1.000000000000000000e+00,-4.411877458321199486e-01
1.000000000000000000e+00,1.203393922215126866e+00
1.000000000000000000e+00,2.890307830630251207e+00
1.000000000000000000e+00,1.401262689253844451e+00
1.000000000000000000e+00,-5.699909466369796895e-01
1.000000000000000000e+00,-2.095758371965747158e-01
1.000000000000000000e+00,2.648391906038546351e-01
1.000000000000000000e+00,8.131934192631906644e-01
1.000000000000000000e+00,2.052324603590287289e-01
1.000000000000000000e+00,2.319222993641099351e-01
1.000000000000000000e+00,-1.668952581980257255e-01
1.000000000000000000e+00,3.800225728212044407e-01
1.000000000000000000e+00,-1.168893618553717845e-01
1.000000000000000000e+00,1.421229370815229709e+00
1.000000000000000000e+00,-7.456756459519368052e-01
1.000000000000000000e+00,-2.375245764503369217e-01
1.000000000000000000e+00,-4.065562297912108658e-01
1.000000000000000000e+00,1.703928286266739867e-01
1.000000000000000000e+00,1.229932888437496930e+00
1.000000000000000000e+00,-1.263552977400608512e-01
1.000000000000000000e+00,6.595845142632249525e-01
1.000000000000000000e+00,1.199666476995204345e+00
1.000000000000000000e+00,1.612794317997492621e+00
1.000000000000000000e+00,-1.037755147180718707e+00
1.000000000000000000e+00,1.056517493271906805e+00
1.000000000000000000e+00,8.771377420109621736e-01
1.000000000000000000e+00,5.410579686783874021e-01
1.000000000000000000e+00,2.289382758303124682e-02
1.000000000000000000e+00,1.007644917773500737e+00
1.000000000000000000e+00,-4.317941401344365104e-01
1.000000000000000000e+00,1.325737549202556487e+00
1.000000000000000000e+00,1.563246808668193433e+00
1.000000000000000000e+00,1.792411915762946562e+00
1.000000000000000000e+00,1.676924125519303033e+00
1.000000000000000000e+00,2.700886759552455496e-01
1.000000000000000000e+00,-9.105716100726110040e-01
1.000000000000000000e+00,-1.105026214787270922e+00
1.000000000000000000e+00,1.044878101829220141e+00
1.000000000000000000e+00,8.493389880529540470e-01
1.000000000000000000e+00,1.574239817222148341e-01
1.000000000000000000e+00,-8.380217700450824925e-01
1.000000000000000000e+00,1.874720713730548549e-01
1.000000000000000000e+00,2.033563421700622431e+00
1.000000000000000000e+00,1.112415859266388418e+00
1.000000000000000000e+00,1.098798703139749922e+00
1.000000000000000000e+00,3.571626837795937037e-01
1.000000000000000000e+00,1.197489471489378010e+00
1.000000000000000000e+00,2.109492075933456778e-01
1.000000000000000000e+00,1.362006034935881571e+00
1.000000000000000000e+00,-6.288095884638791322e-01
1.000000000000000000e+00,2.048308725109299344e-01
1.000000000000000000e+00,-1.288664420852443926e-01
1.000000000000000000e+00,1.621069246385720808e+00
1.000000000000000000e+00,1.048310457635898807e+00
1.000000000000000000e+00,9.052098419517646821e-01
1.000000000000000000e+00,8.493247882616400402e-01
1.000000000000000000e+00,2.712326466429789695e-01
1.000000000000000000e+00,1.590516328015810221e-01
1.000000000000000000e+00,-2.028596282890023084e-02
1.000000000000000000e+00,9.862879878937802491e-01
1.000000000000000000e+00,3.239467094352980747e-01
1.000000000000000000e+00,-8.420811353869696037e-01
1.000000000000000000e+00,1.389627735245943407e+00
1.000000000000000000e+00,1.970511618447772784e-01
1.000000000000000000e+00,-8.636945489972991385e-01
1.000000000000000000e+00,1.683937934941457382e+00
1.000000000000000000e+00,9.672052433416910011e-01
1.000000000000000000e+00,-4.553925283434219137e-03
1.000000000000000000e+00,7.744532823542741307e-01
1.000000000000000000e+00,8.078090358943168514e-01
1.000000000000000000e+00,5.681902199315951307e-01
1.000000000000000000e+00,-2.715459452082229497e-01
1.000000000000000000e+00,1.171511840767389234e+00
1.000000000000000000e+00,1.528348159053189992e+00
1.000000000000000000e+00,-6.003097198097425702e-01
1.000000000000000000e+00,-3.526919839024585390e-01
1.000000000000000000e+00,-1.395130170049493801e+00
1.000000000000000000e+00,5.716509753209018108e-01
1.000000000000000000e+00,1.450738312139616681e+00
1.000000000000000000e+00,3.485562790128796107e-01
1.000000000000000000e+00,3.996821838954245920e-01
1.000000000000000000e+00,1.401568428510573838e+00
1.000000000000000000e+00,2.386246008643135574e-01
1.000000000000000000e+00,1.292573936588731209e+00
1.000000000000000000e+00,1.377809515181396049e+00
1.000000000000000000e+00,9.589906640665473159e-01
1.000000000000000000e+00,6.089587082810196117e-01
