label,score
0.000000000000000000e+00,3.527279198169708252e-01
0.000000000000000000e+00,3.652530312538146973e-01
0.000000000000000000e+00,2.072435021400451660e-01
0.000000000000000000e+00,2.663866281509399414e-01
0.000000000000000000e+00,2.474329769611358643e-01
0.000000000000000000e+00,1.741645634174346924e-01
0.000000000000000000e+00,2.303841263055801392e-01
0.000000000000000000e+00,1.614365875720977783e-01
0.000000000000000000e+00,2.126476764678955078e-01
0.000000000000000000e+00,1.883379966020584106e-01
0.000000000000000000e+00,2.030585557222366333e-01
0.000000000000000000e+00,1.845428645610809326e-01
0.000000000000000000e+00,2.773577868938446045e-01
0.000000000000000000e+00,2.528091371059417725e-01
0.000000000000000000e+00,2.351668626070022583e-01
0.000000000000000000e+00,1.421546339988708496e-01
0.000000000000000000e+00,1.735480427742004395e-01
0.000000000000000000e+00,2.072024941444396973e-01
0.000000000000000000e+00,1.787098497152328491e-01
0.000000000000000000e+00,1.610870659351348877e-01
0.000000000000000000e+00,1.974423825740814209e-01
0.000000000000000000e+00,2.216207087039947510e-01
0.000000000000000000e+00,1.969501376152038574e-01
0.000000000000000000e+00,2.347069382667541504e-01
0.000000000000000000e+00,2.122012227773666382e-01
0.000000000000000000e+00,1.914052218198776245e-01
0.000000000000000000e+00,2.051107287406921387e-01
0.000000000000000000e+00,2.051788419485092163e-01
0.000000000000000000e+00,1.697228997945785522e-01
0.000000000000000000e+00,1.849801987409591675e-01
0.000000000000000000e+00,2.122129350900650024e-01
0.000000000000000000e+00,2.745958566665649414e-01
0.000000000000000000e+00,2.000497579574584961e-01
0.000000000000000000e+00,2.020189166069030762e-01
0.000000000000000000e+00,2.125260084867477417e-01
0.000000000000000000e+00,1.728265583515167236e-01
0.000000000000000000e+00,1.855798214673995972e-01
0.000000000000000000e+00,1.841794401407241821e-01
0.000000000000000000e+00,2.172250300645828247e-01
0.000000000000000000e+00,2.003008276224136353e-01
0.000000000000000000e+00,1.687512099742889404e-01
0.000000000000000000e+00,1.435456871986389160e-01
0.000000000000000000e+00,2.033162415027618408e-01
0.000000000000000000e+00,2.598749101161956787e-01
0.000000000000000000e+00,1.575567424297332764e-01
0.000000000000000000e+00,1.930650621652603149e-01
0.000000000000000000e+00,1.932619810104370117e-01
0.000000000000000000e+00,1.726585775613784790e-01
0.000000000000000000e+00,1.753205209970474243e-01
0.000000000000000000e+00,1.924969255924224854e-01
0.000000000000000000e+00,1.719331145286560059e-01
0.000000000000000000e+00,1.685508638620376587e-01
0.000000000000000000e+00,2.322067618370056152e-01
0.000000000000000000e+00,2.236179113388061523e-01
0.000000000000000000e+00,2.136577367782592773e-01
0.000000000000000000e+00,2.222141921520233154e-01
0.000000000000000000e+00,2.410333901643753052e-01
0.000000000000000000e+00,2.653450369834899902e-01
0.000000000000000000e+00,1.828385889530181885e-01
0.000000000000000000e+00,1.582733392715454102e-01
0.000000000000000000e+00,1.814558804035186768e-01
0.000000000000000000e+00,2.055619657039642334e-01
0.000000000000000000e+00,2.262409925460815430e-01
0.000000000000000000e+00,1.916883140802383423e-01
0.000000000000000000e+00,1.506900936365127563e-01
0.000000000000000000e+00,1.853539347648620605e-01
0.000000000000000000e+00,1.678776741027832031e-01
0.000000000000000000e+00,2.010294497013092041e-01
0.000000000000000000e+00,2.093478143215179443e-01
0.000000000000000000e+00,1.776985228061676025e-01
0.000000000000000000e+00,1.653672456741333008e-01
0.000000000000000000e+00,1.851582080125808716e-01
0.000000000000000000e+00,2.020070254802703857e-01
0.000000000000000000e+00,1.814130246639251709e-01
0.000000000000000000e+00,2.728403806686401367e-01
0.000000000000000000e+00,2.279280126094818115e-01
0.000000000000000000e+00,1.961820423603057861e-01
0.000000000000000000e+00,1.747833043336868286e-01
0.000000000000000000e+00,1.742021441459655762e-01
0.000000000000000000e+00,3.297726809978485107e-01
0.000000000000000000e+00,1.767262518405914307e-01
0.000000000000000000e+00,1.836225986480712891e-01
0.000000000000000000e+00,2.472873628139495850e-01
0.000000000000000000e+00,1.952588111162185669e-01
0.000000000000000000e+00,2.649475336074829102e-01
0.000000000000000000e+00,1.877151131629943848e-01
0.000000000000000000e+00,2.185205519199371338e-01
0.000000000000000000e+00,2.118888050317764282e-01
0.000000000000000000e+00,1.907644569873809814e-01
0.000000000000000000e+00,1.971596032381057739e-01
0.000000000000000000e+00,1.889748722314834595e-01
0.000000000000000000e+00,1.626246273517608643e-01
0.000000000000000000e+00,1.706148386001586914e-01
0.000000000000000000e+00,2.014460861682891846e-01
0.000000000000000000e+00,1.819447427988052368e-01
0.000000000000000000e+00,2.072708457708358765e-01
0.000000000000000000e+00,1.766752153635025024e-01
0.000000000000000000e+00,1.700992435216903687e-01
0.000000000000000000e+00,1.909071952104568481e-01
0.000000000000000000e+00,1.906213462352752686e-01
0.000000000000000000e+00,2.078771442174911499e-01
0.000000000000000000e+00,1.911338567733764648e-01
0.000000000000000000e+00,2.215585857629776001e-01
0.000000000000000000e+00,2.514326274394989014e-01
0.000000000000000000e+00,2.057839035987854004e-01
0.000000000000000000e+00,1.982271075248718262e-01
0.000000000000000000e+00,1.933779865503311157e-01
0.000000000000000000e+00,1.727696210145950317e-01
0.000000000000000000e+00,1.932766288518905640e-01
0.000000000000000000e+00,1.673006564378738403e-01
0.000000000000000000e+00,2.022692114114761353e-01
0.000000000000000000e+00,1.793953180313110352e-01
0.000000000000000000e+00,2.641593217849731445e-01
0.000000000000000000e+00,1.988560706377029419e-01
0.000000000000000000e+00,2.084060013294219971e-01
0.000000000000000000e+00,2.571313977241516113e-01
0.000000000000000000e+00,1.936171352863311768e-01
0.000000000000000000e+00,1.902483105659484863e-01
0.000000000000000000e+00,1.796064078807830811e-01
0.000000000000000000e+00,1.969294399023056030e-01
0.000000000000000000e+00,1.931827664375305176e-01
0.000000000000000000e+00,2.182465940713882446e-01
0.000000000000000000e+00,2.169744372367858887e-01
0.000000000000000000e+00,2.733619511127471924e-01
0.000000000000000000e+00,2.623239159584045410e-01
0.000000000000000000e+00,1.900765001773834229e-01
0.000000000000000000e+00,2.067869454622268677e-01
0.000000000000000000e+00,2.012907862663269043e-01
0.000000000000000000e+00,2.286400496959686279e-01
0.000000000000000000e+00,1.619204133749008179e-01
0.000000000000000000e+00,1.689861565828323364e-01
0.000000000000000000e+00,1.935188174247741699e-01
0.000000000000000000e+00,1.811528503894805908e-01
0.000000000000000000e+00,1.674950271844863892e-01
0.000000000000000000e+00,2.067454904317855835e-01
0.000000000000000000e+00,2.140782326459884644e-01
0.000000000000000000e+00,1.776642203330993652e-01
0.000000000000000000e+00,1.848884373903274536e-01
0.000000000000000000e+00,1.711243391036987305e-01
0.000000000000000000e+00,1.896486282348632812e-01
0.000000000000000000e+00,2.137574553489685059e-01
0.000000000000000000e+00,1.940475553274154663e-01
0.000000000000000000e+00,2.033630311489105225e-01
0.000000000000000000e+00,1.929795444011688232e-01
0.000000000000000000e+00,1.730830669403076172e-01
0.000000000000000000e+00,2.358871400356292725e-01
0.000000000000000000e+00,1.839193105697631836e-01
0.000000000000000000e+00,2.036311477422714233e-01
0.000000000000000000e+00,2.117245048284530640e-01
0.000000000000000000e+00,1.913851797580718994e-01
0.000000000000000000e+00,2.001416385173797607e-01
0.000000000000000000e+00,1.833967119455337524e-01
0.000000000000000000e+00,2.123491168022155762e-01
0.000000000000000000e+00,2.076673507690429688e-01
0.000000000000000000e+00,2.006381303071975708e-01
0.000000000000000000e+00,1.911312341690063477e-01
0.000000000000000000e+00,1.792378276586532593e-01
0.000000000000000000e+00,1.898940503597259521e-01
0.000000000000000000e+00,2.113418281078338623e-01
0.000000000000000000e+00,2.078842222690582275e-01
0.000000000000000000e+00,2.342134863138198853e-01
0.000000000000000000e+00,1.693135499954223633e-01
0.000000000000000000e+00,1.958835721015930176e-01
0.000000000000000000e+00,1.679685264825820923e-01
0.000000000000000000e+00,2.471811175346374512e-01
0.000000000000000000e+00,2.126461863517761230e-01
0.000000000000000000e+00,2.346136868000030518e-01
0.000000000000000000e+00,2.430166304111480713e-01
0.000000000000000000e+00,2.140781134366989136e-01
0.000000000000000000e+00,2.696258425712585449e-01
0.000000000000000000e+00,2.103661000728607178e-01
0.000000000000000000e+00,2.055106610059738159e-01
0.000000000000000000e+00,2.262256145477294922e-01
0.000000000000000000e+00,1.989625692367553711e-01
0.000000000000000000e+00,2.002401351928710938e-01
0.000000000000000000e+00,1.898809373378753662e-01
0.000000000000000000e+00,2.523266673088073730e-01
0.000000000000000000e+00,2.217829823493957520e-01
0.000000000000000000e+00,2.108518779277801514e-01
0.000000000000000000e+00,1.945633441209793091e-01
0.000000000000000000e+00,1.802836805582046509e-01
0.000000000000000000e+00,1.842494755983352661e-01
0.000000000000000000e+00,2.289079427719116211e-01
0.000000000000000000e+00,2.712383568286895752e-01
0.000000000000000000e+00,2.254582643508911133e-01
0.000000000000000000e+00,1.934934258460998535e-01
0.000000000000000000e+00,2.076259553432464600e-01
0.000000000000000000e+00,2.202324122190475464e-01
0.000000000000000000e+00,2.111433148384094238e-01
0.000000000000000000e+00,2.318864762783050537e-01
0.000000000000000000e+00,2.219650745391845703e-01
0.000000000000000000e+00,2.069256007671356201e-01
0.000000000000000000e+00,2.154640853404998779e-01
0.000000000000000000e+00,2.056297510862350464e-01
0.000000000000000000e+00,1.745101511478424072e-01
0.000000000000000000e+00,2.321441471576690674e-01
0.000000000000000000e+00,2.093818187713623047e-01
0.000000000000000000e+00,2.261261343955993652e-01
0.000000000000000000e+00,3.606806695461273193e-01
0.000000000000000000e+00,3.081119656562805176e-01
0.000000000000000000e+00,2.349869310855865479e-01
0.000000000000000000e+00,1.981782317161560059e-01
0.000000000000000000e+00,2.388391494750976562e-01
0.000000000000000000e+00,1.887152940034866333e-01
0.000000000000000000e+00,2.630390524864196777e-01
0.000000000000000000e+00,2.093222439289093018e-01
0.000000000000000000e+00,3.243465721607208252e-01
0.000000000000000000e+00,2.011526972055435181e-01
0.000000000000000000e+00,1.948298960924148560e-01
0.000000000000000000e+00,1.744291484355926514e-01
0.000000000000000000e+00,2.603783607482910156e-01
0.000000000000000000e+00,3.429887294769287109e-01
0.000000000000000000e+00,2.937576174736022949e-01
0.000000000000000000e+00,2.756341695785522461e-01
0.000000000000000000e+00,2.017156630754470825e-01
0.000000000000000000e+00,2.364096194505691528e-01
0.000000000000000000e+00,1.787933856248855591e-01
0.000000000000000000e+00,1.962163895368576050e-01
0.000000000000000000e+00,2.254022508859634399e-01
0.000000000000000000e+00,1.994173526763916016e-01
0.000000000000000000e+00,1.640433371067047119e-01
0.000000000000000000e+00,1.538824737071990967e-01
0.000000000000000000e+00,1.820583045482635498e-01
0.000000000000000000e+00,2.782565653324127197e-01
0.000000000000000000e+00,1.472133696079254150e-01
0.000000000000000000e+00,2.019675970077514648e-01
0.000000000000000000e+00,1.857331395149230957e-01
0.000000000000000000e+00,2.066895663738250732e-01
0.000000000000000000e+00,2.071832716464996338e-01
0.000000000000000000e+00,1.931895017623901367e-01
0.000000000000000000e+00,1.995090842247009277e-01
0.000000000000000000e+00,1.923414468765258789e-01
0.000000000000000000e+00,2.049744129180908203e-01
0.000000000000000000e+00,2.119486331939697266e-01
0.000000000000000000e+00,2.433998584747314453e-01
0.000000000000000000e+00,2.199187278747558594e-01
0.000000000000000000e+00,2.457643449306488037e-01
0.000000000000000000e+00,2.093449532985687256e-01
0.000000000000000000e+00,1.742442846298217773e-01
0.000000000000000000e+00,1.740631908178329468e-01
0.000000000000000000e+00,1.908223032951354980e-01
0.000000000000000000e+00,1.883434355258941650e-01
0.000000000000000000e+00,2.005109488964080811e-01
0.000000000000000000e+00,1.937186866998672485e-01
0.000000000000000000e+00,1.697657406330108643e-01
0.000000000000000000e+00,2.361154109239578247e-01
0.000000000000000000e+00,1.615666747093200684e-01
0.000000000000000000e+00,1.930007636547088623e-01
0.000000000000000000e+00,1.476794332265853882e-01
0.000000000000000000e+00,1.876141875982284546e-01
0.000000000000000000e+00,1.518225371837615967e-01
0.000000000000000000e+00,1.608130931854248047e-01
0.000000000000000000e+00,1.713854074478149414e-01
0.000000000000000000e+00,1.748133003711700439e-01
0.000000000000000000e+00,1.954818218946456909e-01
0.000000000000000000e+00,1.727763414382934570e-01
0.000000000000000000e+00,1.892839223146438599e-01
0.000000000000000000e+00,2.095007896423339844e-01
0.000000000000000000e+00,1.857976019382476807e-01
0.000000000000000000e+00,1.640739738941192627e-01
0.000000000000000000e+00,1.695838272571563721e-01
0.000000000000000000e+00,1.862708330154418945e-01
0.000000000000000000e+00,2.150792479515075684e-01
0.000000000000000000e+00,1.982255876064300537e-01
0.000000000000000000e+00,1.582620292901992798e-01
0.000000000000000000e+00,1.875123977661132812e-01
0.000000000000000000e+00,1.547175198793411255e-01
0.000000000000000000e+00,2.025524973869323730e-01
0.000000000000000000e+00,1.763599961996078491e-01
0.000000000000000000e+00,1.715914905071258545e-01
0.000000000000000000e+00,1.810358464717864990e-01
0.000000000000000000e+00,1.713216751813888550e-01
0.000000000000000000e+00,1.752653419971466064e-01
0.000000000000000000e+00,2.122231125831604004e-01
0.000000000000000000e+00,1.912476569414138794e-01
0.000000000000000000e+00,1.672877818346023560e-01
0.000000000000000000e+00,1.544670462608337402e-01
0.000000000000000000e+00,1.743984371423721313e-01
0.000000000000000000e+00,2.792054414749145508e-01
0.000000000000000000e+00,1.776850670576095581e-01
0.000000000000000000e+00,1.583379954099655151e-01
0.000000000000000000e+00,2.350623011589050293e-01
0.000000000000000000e+00,2.533417940139770508e-01
0.000000000000000000e+00,2.076572477817535400e-01
0.000000000000000000e+00,3.371420204639434814e-01
0.000000000000000000e+00,2.159152328968048096e-01
0.000000000000000000e+00,1.787473112344741821e-01
0.000000000000000000e+00,2.233554273843765259e-01
0.000000000000000000e+00,2.094936370849609375e-01
0.000000000000000000e+00,1.816299408674240112e-01
0.000000000000000000e+00,2.303015589714050293e-01
0.000000000000000000e+00,2.231861501932144165e-01
0.000000000000000000e+00,2.289492040872573853e-01
0.000000000000000000e+00,2.229005694389343262e-01
0.000000000000000000e+00,2.232641875743865967e-01
0.000000000000000000e+00,1.993538737297058105e-01
0.000000000000000000e+00,1.835838109254837036e-01
0.000000000000000000e+00,1.856074035167694092e-01
0.000000000000000000e+00,1.693280786275863647e-01
0.000000000000000000e+00,2.372112274169921875e-01
0.000000000000000000e+00,1.904985904693603516e-01
0.000000000000000000e+00,2.195242643356323242e-01
0.000000000000000000e+00,1.765380203723907471e-01
0.000000000000000000e+00,1.892113983631134033e-01
0.000000000000000000e+00,2.147669941186904907e-01
0.000000000000000000e+00,2.420482933521270752e-01
0.000000000000000000e+00,2.450095117092132568e-01
0.000000000000000000e+00,1.843322664499282837e-01
0.000000000000000000e+00,1.685370355844497681e-01
0.000000000000000000e+00,2.108863294124603271e-01
0.000000000000000000e+00,2.255983948707580566e-01
0.000000000000000000e+00,2.273723930120468140e-01
0.000000000000000000e+00,2.401460409164428711e-01
0.000000000000000000e+00,1.892026662826538086e-01
0.000000000000000000e+00,1.591017991304397583e-01
0.000000000000000000e+00,2.026270925998687744e-01
0.000000000000000000e+00,1.805693954229354858e-01
0.000000000000000000e+00,2.098152339458465576e-01
0.000000000000000000e+00,2.025851011276245117e-01
0.000000000000000000e+00,1.988789886236190796e-01
0.000000000000000000e+00,2.057343125343322754e-01
0.000000000000000000e+00,2.430375516414642334e-01
0.000000000000000000e+00,4.068220257759094238e-01
0.000000000000000000e+00,3.255317807197570801e-01
0.000000000000000000e+00,3.152520060539245605e-01
0.000000000000000000e+00,3.256107866764068604e-01
0.000000000000000000e+00,2.037247121334075928e-01
0.000000000000000000e+00,1.980733573436737061e-01
0.000000000000000000e+00,2.039318978786468506e-01
0.000000000000000000e+00,1.789477467536926270e-01
0.000000000000000000e+00,2.043789774179458618e-01
0.000000000000000000e+00,1.703209578990936279e-01
0.000000000000000000e+00,2.318081408739089966e-01
0.000000000000000000e+00,1.835708320140838623e-01
0.000000000000000000e+00,1.903953254222869873e-01
0.000000000000000000e+00,2.513007521629333496e-01
0.000000000000000000e+00,2.014863193035125732e-01
0.000000000000000000e+00,2.091621160507202148e-01
0.000000000000000000e+00,1.807292997837066650e-01
0.000000000000000000e+00,2.142596542835235596e-01
0.000000000000000000e+00,1.836769282817840576e-01
0.000000000000000000e+00,1.683067232370376587e-01
0.000000000000000000e+00,1.886672079563140869e-01
0.000000000000000000e+00,1.854489743709564209e-01
0.000000000000000000e+00,1.866574138402938843e-01
0.000000000000000000e+00,2.349637299776077271e-01
0.000000000000000000e+00,1.842429935932159424e-01
0.000000000000000000e+00,2.225910872220993042e-01
0.000000000000000000e+00,1.993981897830963135e-01
0.000000000000000000e+00,2.131751477718353271e-01
0.000000000000000000e+00,1.842229664325714111e-01
0.000000000000000000e+00,2.397444844245910645e-01
0.000000000000000000e+00,1.790567636489868164e-01
0.000000000000000000e+00,2.016655057668685913e-01
0.000000000000000000e+00,2.049053311347961426e-01
0.000000000000000000e+00,1.954126209020614624e-01
0.000000000000000000e+00,2.808474600315093994e-01
0.000000000000000000e+00,1.974769383668899536e-01
0.000000000000000000e+00,2.276411056518554688e-01
0.000000000000000000e+00,2.139679044485092163e-01
0.000000000000000000e+00,2.256250083446502686e-01
0.000000000000000000e+00,2.472696304321289062e-01
0.000000000000000000e+00,1.990007907152175903e-01
0.000000000000000000e+00,1.654323935508728027e-01
0.000000000000000000e+00,2.566252946853637695e-01
0.000000000000000000e+00,2.333139330148696899e-01
0.000000000000000000e+00,1.901397854089736938e-01
0.000000000000000000e+00,2.348606586456298828e-01
0.000000000000000000e+00,2.193558216094970703e-01
0.000000000000000000e+00,2.218984961509704590e-01
0.000000000000000000e+00,2.031942903995513916e-01
0.000000000000000000e+00,2.278406322002410889e-01
0.000000000000000000e+00,2.486481666564941406e-01
0.000000000000000000e+00,3.210692703723907471e-01
0.000000000000000000e+00,2.274703085422515869e-01
0.000000000000000000e+00,1.917492449283599854e-01
0.000000000000000000e+00,1.750744283199310303e-01
0.000000000000000000e+00,2.239968627691268921e-01
0.000000000000000000e+00,2.147449553012847900e-01
0.000000000000000000e+00,2.207472324371337891e-01
0.000000000000000000e+00,2.511137127876281738e-01
0.000000000000000000e+00,1.840431988239288330e-01
0.000000000000000000e+00,1.976309269666671753e-01
0.000000000000000000e+00,2.028492987155914307e-01
0.000000000000000000e+00,1.804627776145935059e-01
0.000000000000000000e+00,1.684964895248413086e-01
0.000000000000000000e+00,2.101902663707733154e-01
0.000000000000000000e+00,2.291183471679687500e-01
0.000000000000000000e+00,1.811051964759826660e-01
0.000000000000000000e+00,2.389613538980484009e-01
0.000000000000000000e+00,2.346358299255371094e-01
0.000000000000000000e+00,1.845452189445495605e-01
0.000000000000000000e+00,1.801747083663940430e-01
0.000000000000000000e+00,1.734917461872100830e-01
0.000000000000000000e+00,2.050963342189788818e-01
0.000000000000000000e+00,1.875042915344238281e-01
0.000000000000000000e+00,2.447657287120819092e-01
0.000000000000000000e+00,2.500994205474853516e-01
0.000000000000000000e+00,1.784240305423736572e-01
0.000000000000000000e+00,2.349245697259902954e-01
0.000000000000000000e+00,3.154298961162567139e-01
0.000000000000000000e+00,2.240899503231048584e-01
0.000000000000000000e+00,2.041589766740798950e-01
0.000000000000000000e+00,2.248292714357376099e-01
0.000000000000000000e+00,1.935916393995285034e-01
0.000000000000000000e+00,2.228302657604217529e-01
0.000000000000000000e+00,2.238957732915878296e-01
0.000000000000000000e+00,1.921869218349456787e-01
0.000000000000000000e+00,1.918067932128906250e-01
0.000000000000000000e+00,2.478337138891220093e-01
0.000000000000000000e+00,2.005038708448410034e-01
0.000000000000000000e+00,2.055005580186843872e-01
0.000000000000000000e+00,2.239912152290344238e-01
0.000000000000000000e+00,2.163713276386260986e-01
0.000000000000000000e+00,2.285437732934951782e-01
0.000000000000000000e+00,2.508975863456726074e-01
0.000000000000000000e+00,2.266886085271835327e-01
0.000000000000000000e+00,2.245757281780242920e-01
0.000000000000000000e+00,2.015605270862579346e-01
0.000000000000000000e+00,1.926188617944717407e-01
0.000000000000000000e+00,2.193684428930282593e-01
0.000000000000000000e+00,2.273303866386413574e-01
0.000000000000000000e+00,2.042856216430664062e-01
0.000000000000000000e+00,1.943520307540893555e-01
0.000000000000000000e+00,1.979983150959014893e-01
0.000000000000000000e+00,1.943760067224502563e-01
0.000000000000000000e+00,2.124824523925781250e-01
0.000000000000000000e+00,2.402865886688232422e-01
0.000000000000000000e+00,2.655074596405029297e-01
0.000000000000000000e+00,2.130930870771408081e-01
0.000000000000000000e+00,2.036058902740478516e-01
0.000000000000000000e+00,2.080132961273193359e-01
0.000000000000000000e+00,2.039173543453216553e-01
0.000000000000000000e+00,2.033855915069580078e-01
0.000000000000000000e+00,2.124364674091339111e-01
0.000000000000000000e+00,2.467755675315856934e-01
0.000000000000000000e+00,2.018790245056152344e-01
0.000000000000000000e+00,1.899994015693664551e-01
0.000000000000000000e+00,2.114918529987335205e-01
0.000000000000000000e+00,1.756603568792343140e-01
0.000000000000000000e+00,1.961546838283538818e-01
0.000000000000000000e+00,2.059941589832305908e-01
0.000000000000000000e+00,1.846903115510940552e-01
0.000000000000000000e+00,1.469137519598007202e-01
0.000000000000000000e+00,2.264619320631027222e-01
0.000000000000000000e+00,2.074097096920013428e-01
0.000000000000000000e+00,1.795607805252075195e-01
0.000000000000000000e+00,1.977793872356414795e-01
0.000000000000000000e+00,1.846821308135986328e-01
0.000000000000000000e+00,2.115514576435089111e-01
0.000000000000000000e+00,2.274909466505050659e-01
0.000000000000000000e+00,2.124102711677551270e-01
0.000000000000000000e+00,1.922104805707931519e-01
0.000000000000000000e+00,1.867834627628326416e-01
0.000000000000000000e+00,1.744216233491897583e-01
0.000000000000000000e+00,1.956459879875183105e-01
0.000000000000000000e+00,2.200016826391220093e-01
0.000000000000000000e+00,2.107718288898468018e-01
0.000000000000000000e+00,2.185271382331848145e-01
0.000000000000000000e+00,1.924597024917602539e-01
0.000000000000000000e+00,1.615640819072723389e-01
0.000000000000000000e+00,2.047824263572692871e-01
0.000000000000000000e+00,1.982870548963546753e-01
0.000000000000000000e+00,1.798738539218902588e-01
0.000000000000000000e+00,1.573931425809860229e-01
0.000000000000000000e+00,2.474163472652435303e-01
0.000000000000000000e+00,1.710224151611328125e-01
0.000000000000000000e+00,2.598755657672882080e-01
0.000000000000000000e+00,1.945996284484863281e-01
0.000000000000000000e+00,1.527677923440933228e-01
0.000000000000000000e+00,1.597478538751602173e-01
0.000000000000000000e+00,1.630426645278930664e-01
0.000000000000000000e+00,1.752225756645202637e-01
0.000000000000000000e+00,1.774879544973373413e-01
0.000000000000000000e+00,1.728381812572479248e-01
0.000000000000000000e+00,2.176883220672607422e-01
0.000000000000000000e+00,1.937752664089202881e-01
0.000000000000000000e+00,2.074971199035644531e-01
0.000000000000000000e+00,2.120266109704971313e-01
0.000000000000000000e+00,2.178121209144592285e-01
0.000000000000000000e+00,2.189234495162963867e-01
0.000000000000000000e+00,2.083636224269866943e-01
0.000000000000000000e+00,2.150674462318420410e-01
0.000000000000000000e+00,2.067604660987854004e-01
0.000000000000000000e+00,1.749152541160583496e-01
0.000000000000000000e+00,2.061274200677871704e-01
0.000000000000000000e+00,2.814317941665649414e-01
0.000000000000000000e+00,1.838815808296203613e-01
0.000000000000000000e+00,2.660564184188842773e-01
0.000000000000000000e+00,2.369446456432342529e-01
0.000000000000000000e+00,2.089598476886749268e-01
0.000000000000000000e+00,2.007439732551574707e-01
0.000000000000000000e+00,1.906168460845947266e-01
0.000000000000000000e+00,1.662327349185943604e-01
0.000000000000000000e+00,2.671379148960113525e-01
0.000000000000000000e+00,3.410635888576507568e-01
0.000000000000000000e+00,2.734540104866027832e-01
0.000000000000000000e+00,2.315620481967926025e-01
0.000000000000000000e+00,1.780752241611480713e-01
0.000000000000000000e+00,2.209102213382720947e-01
1.000000000000000000e+00,3.882210850715637207e-01
1.000000000000000000e+00,5.514610409736633301e-01
1.000000000000000000e+00,5.095957517623901367e-01
1.000000000000000000e+00,3.896659612655639648e-01
1.000000000000000000e+00,4.432579278945922852e-01
1.000000000000000000e+00,5.349820256233215332e-01
1.000000000000000000e+00,4.403056502342224121e-01
1.000000000000000000e+00,4.281585514545440674e-01
1.000000000000000000e+00,4.287592470645904541e-01
1.000000000000000000e+00,4.242859184741973877e-01
1.000000000000000000e+00,4.498182535171508789e-01
1.000000000000000000e+00,4.350186586380004883e-01
1.000000000000000000e+00,4.587474465370178223e-01
1.000000000000000000e+00,3.979574739933013916e-01
1.000000000000000000e+00,3.542246222496032715e-01
1.000000000000000000e+00,4.206811487674713135e-01
1.000000000000000000e+00,3.735916614532470703e-01
1.000000000000000000e+00,3.627541065216064453e-01
1.000000000000000000e+00,4.531992077827453613e-01
1.000000000000000000e+00,3.859421610832214355e-01
1.000000000000000000e+00,4.557179510593414307e-01
1.000000000000000000e+00,5.110374093055725098e-01
1.000000000000000000e+00,4.075776934623718262e-01
1.000000000000000000e+00,4.043278098106384277e-01
1.000000000000000000e+00,5.340036153793334961e-01
1.000000000000000000e+00,4.033550322055816650e-01
1.000000000000000000e+00,4.132328629493713379e-01
1.000000000000000000e+00,4.841040372848510742e-01
1.000000000000000000e+00,4.392422735691070557e-01
1.000000000000000000e+00,4.480049312114715576e-01
1.000000000000000000e+00,4.968520998954772949e-01
1.000000000000000000e+00,4.056125879287719727e-01
1.000000000000000000e+00,4.215448498725891113e-01
1.000000000000000000e+00,3.974623978137969971e-01
1.000000000000000000e+00,4.274351000785827637e-01
1.000000000000000000e+00,3.710292577743530273e-01
1.000000000000000000e+00,4.050182700157165527e-01
1.000000000000000000e+00,4.258660674095153809e-01
1.000000000000000000e+00,3.807697296142578125e-01
1.000000000000000000e+00,3.699152767658233643e-01
1.000000000000000000e+00,4.651842117309570312e-01
1.000000000000000000e+00,5.101125240325927734e-01
1.000000000000000000e+00,3.955674469470977783e-01
1.000000000000000000e+00,4.494769275188446045e-01
1.000000000000000000e+00,3.552463948726654053e-01
1.000000000000000000e+00,3.818954825401306152e-01
1.000000000000000000e+00,4.428487122058868408e-01
1.000000000000000000e+00,4.054062068462371826e-01
1.000000000000000000e+00,4.399233460426330566e-01
1.000000000000000000e+00,4.105769991874694824e-01
1.000000000000000000e+00,3.581735491752624512e-01
1.000000000000000000e+00,4.403092265129089355e-01
1.000000000000000000e+00,4.204205870628356934e-01
1.000000000000000000e+00,4.382135272026062012e-01
1.000000000000000000e+00,3.848192095756530762e-01
1.000000000000000000e+00,3.893462121486663818e-01
1.000000000000000000e+00,3.983814120292663574e-01
1.000000000000000000e+00,3.900501728057861328e-01
1.000000000000000000e+00,3.283947110176086426e-01
1.000000000000000000e+00,4.426954388618469238e-01
1.000000000000000000e+00,4.954335093498229980e-01
1.000000000000000000e+00,4.506011009216308594e-01
1.000000000000000000e+00,3.950819373130798340e-01
1.000000000000000000e+00,4.832921028137207031e-01
1.000000000000000000e+00,3.952389061450958252e-01
1.000000000000000000e+00,3.826372623443603516e-01
1.000000000000000000e+00,3.645287156105041504e-01
1.000000000000000000e+00,3.721685111522674561e-01
1.000000000000000000e+00,4.229847192764282227e-01
1.000000000000000000e+00,3.344227671623229980e-01
1.000000000000000000e+00,4.723094701766967773e-01
1.000000000000000000e+00,4.500320553779602051e-01
1.000000000000000000e+00,3.480798900127410889e-01
1.000000000000000000e+00,4.049175977706909180e-01
1.000000000000000000e+00,4.502864480018615723e-01
1.000000000000000000e+00,4.382143318653106689e-01
1.000000000000000000e+00,4.159821867942810059e-01
1.000000000000000000e+00,4.308247268199920654e-01
1.000000000000000000e+00,4.197731614112854004e-01
1.000000000000000000e+00,4.029953479766845703e-01
1.000000000000000000e+00,3.637863099575042725e-01
1.000000000000000000e+00,3.926919996738433838e-01
1.000000000000000000e+00,5.225491523742675781e-01
1.000000000000000000e+00,4.590477049350738525e-01
1.000000000000000000e+00,3.945761322975158691e-01
1.000000000000000000e+00,4.359529614448547363e-01
1.000000000000000000e+00,3.997671604156494141e-01
1.000000000000000000e+00,4.192909896373748779e-01
1.000000000000000000e+00,4.338662326335906982e-01
1.000000000000000000e+00,4.361553192138671875e-01
1.000000000000000000e+00,4.039684236049652100e-01
1.000000000000000000e+00,5.085691213607788086e-01
1.000000000000000000e+00,3.720556497573852539e-01
1.000000000000000000e+00,4.307889342308044434e-01
1.000000000000000000e+00,3.969910144805908203e-01
1.000000000000000000e+00,4.909557104110717773e-01
1.000000000000000000e+00,3.874930143356323242e-01
1.000000000000000000e+00,4.654614627361297607e-01
1.000000000000000000e+00,4.261466264724731445e-01
1.000000000000000000e+00,4.628111124038696289e-01
1.000000000000000000e+00,4.485706388950347900e-01
1.000000000000000000e+00,4.208896458148956299e-01
1.000000000000000000e+00,3.871555924415588379e-01
1.000000000000000000e+00,4.991489648818969727e-01
1.000000000000000000e+00,4.090266227722167969e-01
1.000000000000000000e+00,4.836238622665405273e-01
1.000000000000000000e+00,4.531559348106384277e-01
1.000000000000000000e+00,4.107235670089721680e-01
1.000000000000000000e+00,5.022391080856323242e-01
1.000000000000000000e+00,4.435027837753295898e-01
1.000000000000000000e+00,4.743686914443969727e-01
1.000000000000000000e+00,4.464191198348999023e-01
1.000000000000000000e+00,4.540548026561737061e-01
1.000000000000000000e+00,4.615844190120697021e-01
1.000000000000000000e+00,4.403892159461975098e-01
1.000000000000000000e+00,4.170964658260345459e-01
1.000000000000000000e+00,4.009960591793060303e-01
1.000000000000000000e+00,3.517094850540161133e-01
1.000000000000000000e+00,4.416384100914001465e-01
1.000000000000000000e+00,3.789598941802978516e-01
1.000000000000000000e+00,4.009650349617004395e-01
1.000000000000000000e+00,3.722809851169586182e-01
1.000000000000000000e+00,3.323854207992553711e-01
1.000000000000000000e+00,4.386752843856811523e-01
1.000000000000000000e+00,5.017748475074768066e-01
1.000000000000000000e+00,3.428218364715576172e-01
1.000000000000000000e+00,4.411271512508392334e-01
1.000000000000000000e+00,4.018709063529968262e-01
1.000000000000000000e+00,4.773622751235961914e-01
1.000000000000000000e+00,4.632607698440551758e-01
1.000000000000000000e+00,4.955587685108184814e-01
1.000000000000000000e+00,5.131778717041015625e-01
1.000000000000000000e+00,4.744805693626403809e-01
1.000000000000000000e+00,4.319415092468261719e-01
1.000000000000000000e+00,4.192123413085937500e-01
1.000000000000000000e+00,4.505383074283599854e-01
1.000000000000000000e+00,3.864042758941650391e-01
1.000000000000000000e+00,4.539751410484313965e-01
1.000000000000000000e+00,4.100327491760253906e-01
1.000000000000000000e+00,4.066347181797027588e-01
1.000000000000000000e+00,3.980979025363922119e-01
1.000000000000000000e+00,4.530952572822570801e-01
1.000000000000000000e+00,3.791067898273468018e-01
1.000000000000000000e+00,4.566921293735504150e-01
1.000000000000000000e+00,3.780884444713592529e-01
1.000000000000000000e+00,4.359869360923767090e-01
1.000000000000000000e+00,4.095686972141265869e-01
1.000000000000000000e+00,3.917731642723083496e-01
1.000000000000000000e+00,4.004659950733184814e-01
1.000000000000000000e+00,5.136628150939941406e-01
1.000000000000000000e+00,5.163909196853637695e-01
1.000000000000000000e+00,4.439889788627624512e-01
1.000000000000000000e+00,4.182420969009399414e-01
1.000000000000000000e+00,3.669668734073638916e-01
1.000000000000000000e+00,4.014596045017242432e-01
1.000000000000000000e+00,4.150337576866149902e-01
1.000000000000000000e+00,4.147240221500396729e-01
1.000000000000000000e+00,4.337324500083923340e-01
1.000000000000000000e+00,4.068443477153778076e-01
1.000000000000000000e+00,3.940333127975463867e-01
1.000000000000000000e+00,4.139255881309509277e-01
1.000000000000000000e+00,4.550222158432006836e-01
1.000000000000000000e+00,4.231452643871307373e-01
1.000000000000000000e+00,3.772250413894653320e-01
1.000000000000000000e+00,3.688776493072509766e-01
1.000000000000000000e+00,4.420521557331085205e-01
1.000000000000000000e+00,4.016615152359008789e-01
1.000000000000000000e+00,3.971713185310363770e-01
1.000000000000000000e+00,4.491400718688964844e-01
1.000000000000000000e+00,4.379734396934509277e-01
1.000000000000000000e+00,5.465562939643859863e-01
1.000000000000000000e+00,4.478625059127807617e-01
1.000000000000000000e+00,4.389368295669555664e-01
1.000000000000000000e+00,4.359686374664306641e-01
1.000000000000000000e+00,3.738087415695190430e-01
1.000000000000000000e+00,3.892749845981597900e-01
1.000000000000000000e+00,4.295565783977508545e-01
1.000000000000000000e+00,4.963455498218536377e-01
1.000000000000000000e+00,4.945546984672546387e-01
1.000000000000000000e+00,4.734010696411132812e-01
1.000000000000000000e+00,3.812680840492248535e-01
1.000000000000000000e+00,4.070228338241577148e-01
1.000000000000000000e+00,3.519949913024902344e-01
1.000000000000000000e+00,4.792387187480926514e-01
1.000000000000000000e+00,4.604563117027282715e-01
1.000000000000000000e+00,4.313865900039672852e-01
1.000000000000000000e+00,4.022971391677856445e-01
1.000000000000000000e+00,4.339595139026641846e-01
1.000000000000000000e+00,4.839913845062255859e-01
1.000000000000000000e+00,3.926371335983276367e-01
1.000000000000000000e+00,3.979864716529846191e-01
1.000000000000000000e+00,3.756915628910064697e-01
1.000000000000000000e+00,3.718300461769104004e-01
1.000000000000000000e+00,5.073119401931762695e-01
1.000000000000000000e+00,4.136951565742492676e-01
1.000000000000000000e+00,3.783903419971466064e-01
1.000000000000000000e+00,4.457086026668548584e-01
1.000000000000000000e+00,4.487030208110809326e-01
1.000000000000000000e+00,4.344684183597564697e-01
1.000000000000000000e+00,4.533204436302185059e-01
1.000000000000000000e+00,3.999397456645965576e-01
1.000000000000000000e+00,4.544337391853332520e-01
1.000000000000000000e+00,4.228267669677734375e-01
1.000000000000000000e+00,3.924376964569091797e-01
1.000000000000000000e+00,4.396030008792877197e-01
1.000000000000000000e+00,4.741164445877075195e-01
1.000000000000000000e+00,4.036177396774291992e-01
1.000000000000000000e+00,4.740362167358398438e-01
1.000000000000000000e+00,4.062831997871398926e-01
1.000000000000000000e+00,3.729282915592193604e-01
1.000000000000000000e+00,4.248430728912353516e-01
1.000000000000000000e+00,4.967112243175506592e-01
1.000000000000000000e+00,4.296423196792602539e-01
1.000000000000000000e+00,4.135915040969848633e-01
1.000000000000000000e+00,5.299109220504760742e-01
1.000000000000000000e+00,3.955218791961669922e-01
1.000000000000000000e+00,4.970151782035827637e-01
1.000000000000000000e+00,4.573493003845214844e-01
1.000000000000000000e+00,4.489087462425231934e-01
1.000000000000000000e+00,4.509627223014831543e-01
1.000000000000000000e+00,4.539035856723785400e-01
1.000000000000000000e+00,4.550691843032836914e-01
1.000000000000000000e+00,4.796486198902130127e-01
1.000000000000000000e+00,4.951297342777252197e-01
1.000000000000000000e+00,4.365478456020355225e-01
1.000000000000000000e+00,3.532873392105102539e-01
1.000000000000000000e+00,4.026342034339904785e-01
1.000000000000000000e+00,3.672971129417419434e-01
1.000000000000000000e+00,3.771281540393829346e-01
1.000000000000000000e+00,4.255509376525878906e-01
1.000000000000000000e+00,4.575370252132415771e-01
1.000000000000000000e+00,3.761222362518310547e-01
1.000000000000000000e+00,3.500319719314575195e-01
1.000000000000000000e+00,4.373341500759124756e-01
1.000000000000000000e+00,4.833193421363830566e-01
1.000000000000000000e+00,4.218807816505432129e-01
1.000000000000000000e+00,3.868914246559143066e-01
1.000000000000000000e+00,4.375303685665130615e-01
1.000000000000000000e+00,4.692893326282501221e-01
1.000000000000000000e+00,4.156441688537597656e-01
1.000000000000000000e+00,4.338324666023254395e-01
1.000000000000000000e+00,4.378131628036499023e-01
1.000000000000000000e+00,4.252793192863464355e-01
1.000000000000000000e+00,3.595046401023864746e-01
1.000000000000000000e+00,4.373158216476440430e-01
1.000000000000000000e+00,4.953492879867553711e-01
1.000000000000000000e+00,4.116418957710266113e-01
1.000000000000000000e+00,3.274794518947601318e-01
1.000000000000000000e+00,4.372140169143676758e-01
1.000000000000000000e+00,4.128360748291015625e-01
1.000000000000000000e+00,4.503962993621826172e-01
1.000000000000000000e+00,3.351391255855560303e-01
1.000000000000000000e+00,4.508148729801177979e-01
1.000000000000000000e+00,4.589895308017730713e-01
1.000000000000000000e+00,3.832456767559051514e-01
1.000000000000000000e+00,5.128436088562011719e-01
1.000000000000000000e+00,4.700294137001037598e-01
1.000000000000000000e+00,4.421991109848022461e-01
1.000000000000000000e+00,4.032522141933441162e-01
1.000000000000000000e+00,4.636969566345214844e-01
1.000000000000000000e+00,3.378011882305145264e-01
1.000000000000000000e+00,3.974910080432891846e-01
1.000000000000000000e+00,4.207209050655364990e-01
1.000000000000000000e+00,5.435942411422729492e-01
1.000000000000000000e+00,3.891038000583648682e-01
1.000000000000000000e+00,4.251810312271118164e-01
1.000000000000000000e+00,4.211229085922241211e-01
1.000000000000000000e+00,3.646234273910522461e-01
1.000000000000000000e+00,3.899958729743957520e-01
1.000000000000000000e+00,3.330867588520050049e-01
1.000000000000000000e+00,4.221034944057464600e-01
1.000000000000000000e+00,4.547998011112213135e-01
1.000000000000000000e+00,4.310029149055480957e-01
1.000000000000000000e+00,4.205638170242309570e-01
1.000000000000000000e+00,3.516441583633422852e-01
1.000000000000000000e+00,3.706406950950622559e-01
1.000000000000000000e+00,4.436143040657043457e-01
1.000000000000000000e+00,3.798230290412902832e-01
1.000000000000000000e+00,4.524232149124145508e-01
1.000000000000000000e+00,4.512929618358612061e-01
1.000000000000000000e+00,3.605529665946960449e-01
1.000000000000000000e+00,5.221736431121826172e-01
1.000000000000000000e+00,4.500693678855895996e-01
1.000000000000000000e+00,4.830785393714904785e-01
1.000000000000000000e+00,4.809730947017669678e-01
1.000000000000000000e+00,4.500238299369812012e-01
1.000000000000000000e+00,3.338294625282287598e-01
1.000000000000000000e+00,4.294506013393402100e-01
1.000000000000000000e+00,4.117315709590911865e-01
1.000000000000000000e+00,4.594122767448425293e-01
1.000000000000000000e+00,4.633674621582031250e-01
1.000000000000000000e+00,5.301946401596069336e-01
1.000000000000000000e+00,4.761995673179626465e-01
1.000000000000000000e+00,3.927029371261596680e-01
1.000000000000000000e+00,3.746057152748107910e-01
1.000000000000000000e+00,4.454545080661773682e-01
1.000000000000000000e+00,4.124901890754699707e-01
1.000000000000000000e+00,4.443839788436889648e-01
1.000000000000000000e+00,3.645524978637695312e-01
1.000000000000000000e+00,4.350492358207702637e-01
1.000000000000000000e+00,5.080245733261108398e-01
1.000000000000000000e+00,4.345934987068176270e-01
1.000000000000000000e+00,4.379950463771820068e-01
1.000000000000000000e+00,4.715813398361206055e-01
1.000000000000000000e+00,4.959342479705810547e-01
1.000000000000000000e+00,4.894758760929107666e-01
1.000000000000000000e+00,4.591391980648040771e-01
1.000000000000000000e+00,4.474357664585113525e-01
1.000000000000000000e+00,4.684750735759735107e-01
1.000000000000000000e+00,4.687162041664123535e-01
1.000000000000000000e+00,4.567694365978240967e-01
1.000000000000000000e+00,4.486496746540069580e-01
1.000000000000000000e+00,4.721260666847229004e-01
1.000000000000000000e+00,4.089204370975494385e-01
1.000000000000000000e+00,5.788589119911193848e-01
1.000000000000000000e+00,4.416342377662658691e-01
1.000000000000000000e+00,4.466114938259124756e-01
1.000000000000000000e+00,4.333628416061401367e-01
1.000000000000000000e+00,5.155280232429504395e-01
1.000000000000000000e+00,5.380791425704956055e-01
1.000000000000000000e+00,4.968088865280151367e-01
1.000000000000000000e+00,4.334251284599304199e-01
1.000000000000000000e+00,4.881427884101867676e-01
1.000000000000000000e+00,4.356345832347869873e-01
1.000000000000000000e+00,4.381719231605529785e-01
1.000000000000000000e+00,3.624343574047088623e-01
1.000000000000000000e+00,4.441913366317749023e-01
1.000000000000000000e+00,4.091605246067047119e-01
1.000000000000000000e+00,4.627462327480316162e-01
1.000000000000000000e+00,4.991324245929718018e-01
1.000000000000000000e+00,3.889823257923126221e-01
1.000000000000000000e+00,4.256070256233215332e-01
1.000000000000000000e+00,4.098814725875854492e-01
1.000000000000000000e+00,4.348689913749694824e-01
1.000000000000000000e+00,3.107470571994781494e-01
1.000000000000000000e+00,5.691952705383300781e-01
1.000000000000000000e+00,4.378099441528320312e-01
1.000000000000000000e+00,4.397153258323669434e-01
1.000000000000000000e+00,4.711468219757080078e-01
1.000000000000000000e+00,3.541372716426849365e-01
1.000000000000000000e+00,5.241587162017822266e-01
1.000000000000000000e+00,4.672389626502990723e-01
1.000000000000000000e+00,4.365839660167694092e-01
1.000000000000000000e+00,4.488114714622497559e-01
1.000000000000000000e+00,3.162379860877990723e-01
1.000000000000000000e+00,4.345581829547882080e-01
1.000000000000000000e+00,4.544155597686767578e-01
1.000000000000000000e+00,4.486973881721496582e-01
1.000000000000000000e+00,3.758828938007354736e-01
1.000000000000000000e+00,3.943414688110351562e-01
1.000000000000000000e+00,5.423458814620971680e-01
1.000000000000000000e+00,3.951363265514373779e-01
1.000000000000000000e+00,3.967742919921875000e-01
1.000000000000000000e+00,3.760314583778381348e-01
1.000000000000000000e+00,3.411012291908264160e-01
1.000000000000000000e+00,3.622251152992248535e-01
1.000000000000000000e+00,3.958157896995544434e-01
1.000000000000000000e+00,4.172353744506835938e-01
1.000000000000000000e+00,3.261617422103881836e-01
1.000000000000000000e+00,4.193419218063354492e-01
1.000000000000000000e+00,3.551178574562072754e-01
1.000000000000000000e+00,4.184525012969970703e-01
1.000000000000000000e+00,3.813017606735229492e-01
1.000000000000000000e+00,3.402037620544433594e-01
1.000000000000000000e+00,3.820542693138122559e-01
1.000000000000000000e+00,4.006777107715606689e-01
1.000000000000000000e+00,4.363614320755004883e-01
1.000000000000000000e+00,3.518773317337036133e-01
1.000000000000000000e+00,4.503228366374969482e-01
1.000000000000000000e+00,3.556952476501464844e-01
1.000000000000000000e+00,4.018543958663940430e-01
1.000000000000000000e+00,5.173386335372924805e-01
1.000000000000000000e+00,4.225353896617889404e-01
1.000000000000000000e+00,3.949686288833618164e-01
1.000000000000000000e+00,4.252671599388122559e-01
1.000000000000000000e+00,4.003537297248840332e-01
1.000000000000000000e+00,4.629862606525421143e-01
1.000000000000000000e+00,4.738328158855438232e-01
1.000000000000000000e+00,4.345580339431762695e-01
1.000000000000000000e+00,3.845213055610656738e-01
1.000000000000000000e+00,3.673874735832214355e-01
1.000000000000000000e+00,3.438155651092529297e-01
1.000000000000000000e+00,4.446420073509216309e-01
1.000000000000000000e+00,4.582321643829345703e-01
1.000000000000000000e+00,4.261986613273620605e-01
1.000000000000000000e+00,4.484674334526062012e-01
1.000000000000000000e+00,3.839936256408691406e-01
1.000000000000000000e+00,4.018917381763458252e-01
1.000000000000000000e+00,3.568132221698760986e-01
1.000000000000000000e+00,3.810467422008514404e-01
1.000000000000000000e+00,3.859227597713470459e-01
1.000000000000000000e+00,3.864277005195617676e-01
1.000000000000000000e+00,4.246479272842407227e-01
1.000000000000000000e+00,3.466869592666625977e-01
1.000000000000000000e+00,5.598686337471008301e-01
1.000000000000000000e+00,3.927640318870544434e-01
1.000000000000000000e+00,4.911923110485076904e-01
1.000000000000000000e+00,3.943877518177032471e-01
1.000000000000000000e+00,3.590018749237060547e-01
1.000000000000000000e+00,3.569511175155639648e-01
1.000000000000000000e+00,4.019584059715270996e-01
1.000000000000000000e+00,4.053100943565368652e-01
1.000000000000000000e+00,4.316922128200531006e-01
1.000000000000000000e+00,3.637163341045379639e-01
1.000000000000000000e+00,3.871913552284240723e-01
1.000000000000000000e+00,3.818244636058807373e-01
1.000000000000000000e+00,4.701817333698272705e-01
1.000000000000000000e+00,5.246276259422302246e-01
1.000000000000000000e+00,3.888094425201416016e-01
1.000000000000000000e+00,4.197413623332977295e-01
1.000000000000000000e+00,3.736537694931030273e-01
1.000000000000000000e+00,4.168348014354705811e-01
1.000000000000000000e+00,3.813230693340301514e-01
1.000000000000000000e+00,4.701929688453674316e-01
1.000000000000000000e+00,4.131199121475219727e-01
1.000000000000000000e+00,3.573799729347229004e-01
1.000000000000000000e+00,4.059281349182128906e-01
1.000000000000000000e+00,3.869905769824981689e-01
1.000000000000000000e+00,3.674042224884033203e-01
1.000000000000000000e+00,4.054700136184692383e-01
1.000000000000000000e+00,4.594280719757080078e-01
1.000000000000000000e+00,3.861086368560791016e-01
1.000000000000000000e+00,3.535612821578979492e-01
1.000000000000000000e+00,4.469393491744995117e-01
1.000000000000000000e+00,3.308379650115966797e-01
1.000000000000000000e+00,4.013785123825073242e-01
1.000000000000000000e+00,4.416615962982177734e-01
1.000000000000000000e+00,3.767865896224975586e-01
1.000000000000000000e+00,4.543582201004028320e-01
1.000000000000000000e+00,4.093549251556396484e-01
1.000000000000000000e+00,3.768258690834045410e-01
1.000000000000000000e+00,4.218159914016723633e-01
1.000000000000000000e+00,3.543892800807952881e-01
1.000000000000000000e+00,3.962944746017456055e-01
1.000000000000000000e+00,3.643268942832946777e-01
1.000000000000000000e+00,3.483432531356811523e-01
1.000000000000000000e+00,4.161316752433776855e-01
1.000000000000000000e+00,3.633390069007873535e-01
1.000000000000000000e+00,4.212539792060852051e-01
1.000000000000000000e+00,4.132873117923736572e-01
1.000000000000000000e+00,3.117493987083435059e-01
1.000000000000000000e+00,3.645588755607604980e-01
1.000000000000000000e+00,4.242894053459167480e-01
1.000000000000000000e+00,3.921809792518615723e-01
1.000000000000000000e+00,4.891959428787231445e-01
1.000000000000000000e+00,4.123297929763793945e-01
1.000000000000000000e+00,4.971871376037597656e-01
1.000000000000000000e+00,4.943598806858062744e-01
1.000000000000000000e+00,4.694617390632629395e-01
1.000000000000000000e+00,4.278459548950195312e-01
1.000000000000000000e+00,3.977273404598236084e-01
1.000000000000000000e+00,4.742580056190490723e-01
1.000000000000000000e+00,4.330509901046752930e-01
1.000000000000000000e+00,4.104895591735839844e-01
1.000000000000000000e+00,3.743479251861572266e-01
1.000000000000000000e+00,3.629325628280639648e-01
1.000000000000000000e+00,3.417065739631652832e-01
1.000000000000000000e+00,4.474340081214904785e-01
1.000000000000000000e+00,4.007822871208190918e-01
1.000000000000000000e+00,4.880042672157287598e-01
1.000000000000000000e+00,4.504842162132263184e-01
1.000000000000000000e+00,4.438043832778930664e-01
1.000000000000000000e+00,4.271500110626220703e-01
1.000000000000000000e+00,3.833060860633850098e-01
1.000000000000000000e+00,3.494910597801208496e-01
1.000000000000000000e+00,4.092466831207275391e-01
1.000000000000000000e+00,4.049621820449829102e-01
1.000000000000000000e+00,3.665514588356018066e-01
1.000000000000000000e+00,4.421641230583190918e-01
1.000000000000000000e+00,4.533115625381469727e-01
1.000000000000000000e+00,4.242466092109680176e-01
1.000000000000000000e+00,4.493429064750671387e-01
1.000000000000000000e+00,4.204128682613372803e-01
1.000000000000000000e+00,4.438931345939636230e-01
1.000000000000000000e+00,3.962078690528869629e-01
1.000000000000000000e+00,4.116033613681793213e-01
1.000000000000000000e+00,4.159220159053802490e-01
1.000000000000000000e+00,4.170883595943450928e-01
1.000000000000000000e+00,3.822056353092193604e-01
1.000000000000000000e+00,5.676773786544799805e-01
1.000000000000000000e+00,4.189180731773376465e-01
1.000000000000000000e+00,5.416917800903320312e-01
1.000000000000000000e+00,4.243387281894683838e-01
1.000000000000000000e+00,4.468152523040771484e-01
1.000000000000000000e+00,4.048280417919158936e-01
1.000000000000000000e+00,4.487971663475036621e-01
1.000000000000000000e+00,4.188336730003356934e-01
1.000000000000000000e+00,4.188174605369567871e-01
1.000000000000000000e+00,3.759009242057800293e-01
1.000000000000000000e+00,3.889053463935852051e-01
1.000000000000000000e+00,4.655496776103973389e-01
1.000000000000000000e+00,4.192664623260498047e-01
1.000000000000000000e+00,3.509398400783538818e-01
1.000000000000000000e+00,4.541428983211517334e-01
1.000000000000000000e+00,3.849318325519561768e-01
1.000000000000000000e+00,4.238147437572479248e-01
1.000000000000000000e+00,4.008187949657440186e-01
1.000000000000000000e+00,3.671230673789978027e-01
1.000000000000000000e+00,3.841228187084197998e-01
1.000000000000000000e+00,4.295987188816070557e-01
1.000000000000000000e+00,3.717537224292755127e-01
1.000000000000000000e+00,5.738365650177001953e-01
1.000000000000000000e+00,3.579007089138031006e-01
1.000000000000000000e+00,4.572491645812988281e-01
1.000000000000000000e+00,5.137761235237121582e-01
1.000000000000000000e+00,3.876747488975524902e-01
1.000000000000000000e+00,4.487497806549072266e-01
1.000000000000000000e+00,4.781172573566436768e-01
1.000000000000000000e+00,4.336889982223510742e-01
1.000000000000000000e+00,5.778896212577819824e-01
1.000000000000000000e+00,3.816131353378295898e-01
1.000000000000000000e+00,4.561088085174560547e-01
1.000000000000000000e+00,3.837753236293792725e-01
1.000000000000000000e+00,4.997288584709167480e-01
1.000000000000000000e+00,4.266631901264190674e-01
1.000000000000000000e+00,2.974066734313964844e-01
1.000000000000000000e+00,4.280568361282348633e-01
1.000000000000000000e+00,3.783258795738220215e-01
1.000000000000000000e+00,4.156147837638854980e-01
1.000000000000000000e+00,4.620776176452636719e-01
1.000000000000000000e+00,4.856548011302947998e-01
1.000000000000000000e+00,4.209079146385192871e-01
1.000000000000000000e+00,3.948698341846466064e-01
1.000000000000000000e+00,4.484654068946838379e-01
1.000000000000000000e+00,4.022152721881866455e-01
1.000000000000000000e+00,3.298327624797821045e-01
1.000000000000000000e+00,3.544808924198150635e-01
1.000000000000000000e+00,3.816940486431121826e-01
1.000000000000000000e+00,3.401795625686645508e-01
1.000000000000000000e+00,5.758764743804931641e-01
1.000000000000000000e+00,3.654489517211914062e-01
1.000000000000000000e+00,3.727475404739379883e-01
1.000000000000000000e+00,4.049990475177764893e-01
1.000000000000000000e+00,3.129964470863342285e-01
1.000000000000000000e+00,4.091405570507049561e-01
1.000000000000000000e+00,4.271444082260131836e-01
1.000000000000000000e+00,5.005022287368774414e-01
1.000000000000000000e+00,4.415853321552276611e-01
1.000000000000000000e+00,4.503422379493713379e-01
1.000000000000000000e+00,4.315866827964782715e-01
1.000000000000000000e+00,3.936051130294799805e-01
1.000000000000000000e+00,4.334158599376678467e-01
1.000000000000000000e+00,4.349352419376373291e-01
1.000000000000000000e+00,4.614830315113067627e-01
1.000000000000000000e+00,4.235555529594421387e-01
1.000000000000000000e+00,4.107756018638610840e-01
1.000000000000000000e+00,3.635801076889038086e-01
1.000000000000000000e+00,4.090839922428131104e-01
1.000000000000000000e+00,4.200949966907501221e-01
1.000000000000000000e+00,4.787250459194183350e-01
1.000000000000000000e+00,3.847867846488952637e-01
1.000000000000000000e+00,4.720058441162109375e-01
1.000000000000000000e+00,3.622141182422637939e-01
1.000000000000000000e+00,4.272150099277496338e-01
1.000000000000000000e+00,4.387764930725097656e-01
1.000000000000000000e+00,4.184990227222442627e-01
1.000000000000000000e+00,3.408454060554504395e-01
1.000000000000000000e+00,5.109984874725341797e-01
1.000000000000000000e+00,3.344154059886932373e-01
1.000000000000000000e+00,4.150676131248474121e-01
1.000000000000000000e+00,3.975152075290679932e-01
1.000000000000000000e+00,3.711021542549133301e-01
1.000000000000000000e+00,4.015789330005645752e-01
1.000000000000000000e+00,5.162078738212585449e-01
1.000000000000000000e+00,4.680753648281097412e-01
1.000000000000000000e+00,4.365329444408416748e-01
1.000000000000000000e+00,4.297119975090026855e-01
1.000000000000000000e+00,4.986078739166259766e-01
1.000000000000000000e+00,3.868188858032226562e-01
1.000000000000000000e+00,4.755564332008361816e-01
1.000000000000000000e+00,4.290294051170349121e-01
1.000000000000000000e+00,3.683995306491851807e-01
1.000000000000000000e+00,4.671007990837097168e-01
1.000000000000000000e+00,3.497614860534667969e-01
1.000000000000000000e+00,3.922194838523864746e-01
1.000000000000000000e+00,4.077670276165008545e-01
1.000000000000000000e+00,4.603417813777923584e-01
1.000000000000000000e+00,4.539613127708435059e-01
1.000000000000000000e+00,4.650723040103912354e-01
1.000000000000000000e+00,5.143867731094360352e-01
1.000000000000000000e+00,4.680716991424560547e-01
1.000000000000000000e+00,3.406557440757751465e-01
1.000000000000000000e+00,3.942516446113586426e-01
1.000000000000000000e+00,4.772437214851379395e-01
1.000000000000000000e+00,4.714382886886596680e-01
1.000000000000000000e+00,5.203044414520263672e-01
1.000000000000000000e+00,5.037553906440734863e-01
1.000000000000000000e+00,4.353828132152557373e-01
1.000000000000000000e+00,4.728461503982543945e-01
1.000000000000000000e+00,4.106610119342803955e-01
1.000000000000000000e+00,4.377219676971435547e-01
1.000000000000000000e+00,4.790968596935272217e-01
1.000000000000000000e+00,3.622941970825195312e-01
1.000000000000000000e+00,3.752934932708740234e-01
1.000000000000000000e+00,4.136171340942382812e-01
1.000000000000000000e+00,3.825790286064147949e-01
1.000000000000000000e+00,4.182706475257873535e-01
1.000000000000000000e+00,3.492295145988464355e-01
1.000000000000000000e+00,4.006261527538299561e-01
1.000000000000000000e+00,5.231810212135314941e-01
1.000000000000000000e+00,3.992187380790710449e-01
1.000000000000000000e+00,4.896254539489746094e-01
1.000000000000000000e+00,4.189949333667755127e-01
1.000000000000000000e+00,3.455291986465454102e-01
1.000000000000000000e+00,4.448583722114562988e-01
1.000000000000000000e+00,3.913179039955139160e-01
1.000000000000000000e+00,4.464802443981170654e-01
1.000000000000000000e+00,4.078738093376159668e-01
1.000000000000000000e+00,3.271884918212890625e-01
1.000000000000000000e+00,3.811224699020385742e-01
1.000000000000000000e+00,3.630102276802062988e-01
1.000000000000000000e+00,3.735893964767456055e-01
1.000000000000000000e+00,3.965035676956176758e-01
1.000000000000000000e+00,3.804249465465545654e-01
1.000000000000000000e+00,5.096518993377685547e-01
1.000000000000000000e+00,3.559541106224060059e-01
1.000000000000000000e+00,4.038217961788177490e-01
1.000000000000000000e+00,4.964267313480377197e-01
1.000000000000000000e+00,3.204523026943206787e-01
1.000000000000000000e+00,3.914507031440734863e-01
1.000000000000000000e+00,4.724615514278411865e-01
1.000000000000000000e+00,4.600682258605957031e-01
1.000000000000000000e+00,4.255421161651611328e-01
1.000000000000000000e+00,3.946749866008758545e-01
1.000000000000000000e+00,3.923017680644989014e-01
1.000000000000000000e+00,3.340873718261718750e-01
1.000000000000000000e+00,4.858250617980957031e-01
1.000000000000000000e+00,4.444056153297424316e-01
1.000000000000000000e+00,3.522798717021942139e-01
1.000000000000000000e+00,3.819665908813476562e-01
1.000000000000000000e+00,3.705176413059234619e-01
1.000000000000000000e+00,4.831441044807434082e-01
1.000000000000000000e+00,4.707973599433898926e-01
1.000000000000000000e+00,3.703744113445281982e-01
1.000000000000000000e+00,3.964591622352600098e-01
1.000000000000000000e+00,5.004906058311462402e-01
1.000000000000000000e+00,3.843089342117309570e-01
1.000000000000000000e+00,5.818219184875488281e-01
1.000000000000000000e+00,4.805369675159454346e-01
1.000000000000000000e+00,4.658439755439758301e-01
1.000000000000000000e+00,4.362166225910186768e-01
1.000000000000000000e+00,4.692917466163635254e-01
1.000000000000000000e+00,4.242664575576782227e-01
1.000000000000000000e+00,3.816769421100616455e-01
1.000000000000000000e+00,4.392173290252685547e-01
1.000000000000000000e+00,3.580228090286254883e-01
1.000000000000000000e+00,4.881221652030944824e-01
1.000000000000000000e+00,4.803537130355834961e-01
1.000000000000000000e+00,5.190120935440063477e-01
1.000000000000000000e+00,4.469095766544342041e-01
1.000000000000000000e+00,4.265046417713165283e-01
1.000000000000000000e+00,5.624467134475708008e-01
1.000000000000000000e+00,4.916025996208190918e-01
1.000000000000000000e+00,4.814276695251464844e-01
1.000000000000000000e+00,4.051989614963531494e-01
1.000000000000000000e+00,4.629406630992889404e-01
1.000000000000000000e+00,4.871628284454345703e-01
1.000000000000000000e+00,5.187578797340393066e-01
1.000000000000000000e+00,4.589619636535644531e-01
1.000000000000000000e+00,4.724788665771484375e-01
1.000000000000000000e+00,5.769666433334350586e-01
1.000000000000000000e+00,3.722487688064575195e-01
1.000000000000000000e+00,4.085152149200439453e-01
1.000000000000000000e+00,3.784191608428955078e-01
1.000000000000000000e+00,4.116823077201843262e-01
1.000000000000000000e+00,3.443796038627624512e-01
1.000000000000000000e+00,4.833274483680725098e-01
1.000000000000000000e+00,3.902185559272766113e-01
1.000000000000000000e+00,4.735565483570098877e-01
1.000000000000000000e+00,3.595489859580993652e-01
1.000000000000000000e+00,3.883289694786071777e-01
1.000000000000000000e+00,4.858289659023284912e-01
1.000000000000000000e+00,4.129747152328491211e-01
1.000000000000000000e+00,4.434435367584228516e-01
1.000000000000000000e+00,3.212307095527648926e-01
1.000000000000000000e+00,3.682984411716461182e-01
1.000000000000000000e+00,3.904094696044921875e-01
1.000000000000000000e+00,3.906379938125610352e-01
1.000000000000000000e+00,3.887249827384948730e-01
1.000000000000000000e+00,5.097904801368713379e-01
1.000000000000000000e+00,3.644253015518188477e-01
1.000000000000000000e+00,3.794969320297241211e-01
1.000000000000000000e+00,3.830453157424926758e-01
1.000000000000000000e+00,3.430204987525939941e-01
1.000000000000000000e+00,3.744010329246520996e-01
1.000000000000000000e+00,3.741656839847564697e-01
1.000000000000000000e+00,3.837098181247711182e-01
1.000000000000000000e+00,4.564362764358520508e-01
1.000000000000000000e+00,3.722353577613830566e-01
1.000000000000000000e+00,4.905070364475250244e-01
1.000000000000000000e+00,4.808561801910400391e-01
1.000000000000000000e+00,3.902633488178253174e-01
1.000000000000000000e+00,3.558490872383117676e-01
1.000000000000000000e+00,4.832268357276916504e-01
1.000000000000000000e+00,4.578779339790344238e-01
1.000000000000000000e+00,3.394150137901306152e-01
1.000000000000000000e+00,4.111790060997009277e-01
1.000000000000000000e+00,4.673295617103576660e-01
1.000000000000000000e+00,4.518365859985351562e-01
1.000000000000000000e+00,4.147727489471435547e-01
1.000000000000000000e+00,4.541672468185424805e-01
1.000000000000000000e+00,4.290341734886169434e-01
1.000000000000000000e+00,3.909775316715240479e-01
1.000000000000000000e+00,3.938769400119781494e-01
1.000000000000000000e+00,4.539354443550109863e-01
1.000000000000000000e+00,4.501545727252960205e-01
1.000000000000000000e+00,4.760587811470031738e-01
1.000000000000000000e+00,4.650292396545410156e-01
1.000000000000000000e+00,3.819579482078552246e-01
1.000000000000000000e+00,4.394887089729309082e-01
1.000000000000000000e+00,4.739455580711364746e-01
1.000000000000000000e+00,4.259762167930603027e-01
1.000000000000000000e+00,5.612892508506774902e-01
1.000000000000000000e+00,3.720754981040954590e-01
1.000000000000000000e+00,3.313662111759185791e-01
1.000000000000000000e+00,3.880676031112670898e-01
1.000000000000000000e+00,3.950652182102203369e-01
1.000000000000000000e+00,3.768576383590698242e-01
1.000000000000000000e+00,3.699606060981750488e-01
1.000000000000000000e+00,3.959064185619354248e-01
1.000000000000000000e+00,4.043140113353729248e-01
1.000000000000000000e+00,3.856739401817321777e-01
1.000000000000000000e+00,4.720074534416198730e-01
1.000000000000000000e+00,3.851266503334045410e-01
1.000000000000000000e+00,4.174173474311828613e-01
1.000000000000000000e+00,3.641219735145568848e-01
1.000000000000000000e+00,4.075594544410705566e-01
1.000000000000000000e+00,3.970667123794555664e-01
1.000000000000000000e+00,4.844784140586853027e-01
1.000000000000000000e+00,4.534502029418945312e-01
1.000000000000000000e+00,4.591108262538909912e-01
1.000000000000000000e+00,3.958781063556671143e-01
1.000000000000000000e+00,3.836583495140075684e-01
1.000000000000000000e+00,3.630293011665344238e-01
1.000000000000000000e+00,3.645205497741699219e-01
1.000000000000000000e+00,4.588962197303771973e-01
1.000000000000000000e+00,3.205513656139373779e-01
1.000000000000000000e+00,4.601858854293823242e-01
1.000000000000000000e+00,4.856108129024505615e-01
1.000000000000000000e+00,4.644873738288879395e-01
1.000000000000000000e+00,4.098680019378662109e-01
1.000000000000000000e+00,5.587191581726074219e-01
1.000000000000000000e+00,4.786893129348754883e-01
1.000000000000000000e+00,4.490828514099121094e-01
1.000000000000000000e+00,3.659146726131439209e-01
1.000000000000000000e+00,4.091782569885253906e-01
1.000000000000000000e+00,5.197689533233642578e-01
1.000000000000000000e+00,4.955139756202697754e-01
1.000000000000000000e+00,4.924457371234893799e-01
1.000000000000000000e+00,4.078603982925415039e-01
1.000000000000000000e+00,4.126783013343811035e-01
1.000000000000000000e+00,4.083953499794006348e-01
1.000000000000000000e+00,3.540927171707153320e-01
1.000000000000000000e+00,4.429586529731750488e-01
1.000000000000000000e+00,3.727473020553588867e-01
1.000000000000000000e+00,3.840176165103912354e-01
1.000000000000000000e+00,3.905130326747894287e-01
1.000000000000000000e+00,5.421860218048095703e-01
1.000000000000000000e+00,5.088790655136108398e-01
1.000000000000000000e+00,4.193273484706878662e-01
1.000000000000000000e+00,4.111295938491821289e-01
1.000000000000000000e+00,4.087698459625244141e-01
1.000000000000000000e+00,3.502508103847503662e-01
1.000000000000000000e+00,3.559555709362030029e-01
1.000000000000000000e+00,3.905461430549621582e-01
1.000000000000000000e+00,4.250339269638061523e-01
1.000000000000000000e+00,4.047162830829620361e-01
1.000000000000000000e+00,3.951690495014190674e-01
1.000000000000000000e+00,4.503376781940460205e-01
1.000000000000000000e+00,3.675593733787536621e-01
1.000000000000000000e+00,3.099460601806640625e-01
1.000000000000000000e+00,4.110509455204010010e-01
1.000000000000000000e+00,4.094831943511962891e-01
1.000000000000000000e+00,4.410337507724761963e-01
1.000000000000000000e+00,3.875302374362945557e-01
1.000000000000000000e+00,4.318147301673889160e-01
1.000000000000000000e+00,4.129663109779357910e-01
1.000000000000000000e+00,4.515101313591003418e-01
1.000000000000000000e+00,3.829638659954071045e-01
1.000000000000000000e+00,4.041888415813446045e-01
1.000000000000000000e+00,4.103190600872039795e-01
1.000000000000000000e+00,4.743785262107849121e-01
1.000000000000000000e+00,4.769855141639709473e-01
1.000000000000000000e+00,3.354364335536956787e-01
1.000000000000000000e+00,4.499619603157043457e-01
1.000000000000000000e+00,3.882147967815399170e-01
1.000000000000000000e+00,4.265098571777343750e-01
1.000000000000000000e+00,4.197074472904205322e-01
1.000000000000000000e+00,3.960023224353790283e-01
1.000000000000000000e+00,4.886025786399841309e-01
1.000000000000000000e+00,5.337560176849365234e-01
1.000000000000000000e+00,3.884458243846893311e-01
1.000000000000000000e+00,3.701225817203521729e-01
1.000000000000000000e+00,4.406273365020751953e-01
1.000000000000000000e+00,4.196442365646362305e-01
1.000000000000000000e+00,3.635004460811614990e-01
1.000000000000000000e+00,4.274143576622009277e-01
1.000000000000000000e+00,3.956682682037353516e-01
1.000000000000000000e+00,3.780400156974792480e-01
1.000000000000000000e+00,3.716249763965606689e-01
1.000000000000000000e+00,5.252615213394165039e-01
1.000000000000000000e+00,3.972743749618530273e-01
1.000000000000000000e+00,3.701491355895996094e-01
1.000000000000000000e+00,4.060589671134948730e-01
1.000000000000000000e+00,4.285705089569091797e-01
1.000000000000000000e+00,4.563068151473999023e-01
1.000000000000000000e+00,4.466083943843841553e-01
1.000000000000000000e+00,3.861069083213806152e-01
1.000000000000000000e+00,4.992263913154602051e-01
1.000000000000000000e+00,4.059837460517883301e-01
1.000000000000000000e+00,4.372499883174896240e-01
1.000000000000000000e+00,4.830470085144042969e-01
1.000000000000000000e+00,4.477064609527587891e-01
1.000000000000000000e+00,4.545046687126159668e-01
1.000000000000000000e+00,4.402236640453338623e-01
1.000000000000000000e+00,4.672359824180603027e-01
1.000000000000000000e+00,4.539123773574829102e-01
1.000000000000000000e+00,4.551027417182922363e-01
1.000000000000000000e+00,5.132519006729125977e-01
1.000000000000000000e+00,4.561113417148590088e-01
1.000000000000000000e+00,4.842352867126464844e-01
1.000000000000000000e+00,4.001311659812927246e-01
1.000000000000000000e+00,4.843210279941558838e-01
1.000000000000000000e+00,4.070683121681213379e-01
1.000000000000000000e+00,4.308727383613586426e-01
1.000000000000000000e+00,3.984014689922332764e-01
1.000000000000000000e+00,3.794488608837127686e-01
1.000000000000000000e+00,4.460402131080627441e-01
1.000000000000000000e+00,3.925202488899230957e-01
1.000000000000000000e+00,4.575908780097961426e-01
1.000000000000000000e+00,4.033926129341125488e-01
1.000000000000000000e+00,4.687420725822448730e-01
1.000000000000000000e+00,3.522418141365051270e-01
1.000000000000000000e+00,3.869284093379974365e-01
1.000000000000000000e+00,4.484623968601226807e-01
1.000000000000000000e+00,4.569754600524902344e-01
1.000000000000000000e+00,5.244640707969665527e-01
1.000000000000000000e+00,3.983414471149444580e-01
1.000000000000000000e+00,4.229734241962432861e-01
1.000000000000000000e+00,3.735549747943878174e-01
1.000000000000000000e+00,3.836831450462341309e-01
1.000000000000000000e+00,4.031894505023956299e-01
1.000000000000000000e+00,4.771137237548828125e-01
1.000000000000000000e+00,4.061055779457092285e-01
1.000000000000000000e+00,4.133076667785644531e-01
1.000000000000000000e+00,3.675380051136016846e-01
1.000000000000000000e+00,4.523295164108276367e-01
1.000000000000000000e+00,3.935565948486328125e-01
1.000000000000000000e+00,4.009374976158142090e-01
1.000000000000000000e+00,4.644227623939514160e-01
1.000000000000000000e+00,4.622501730918884277e-01
1.000000000000000000e+00,4.905643761157989502e-01
1.000000000000000000e+00,4.136985540390014648e-01
1.000000000000000000e+00,4.323905110359191895e-01
1.000000000000000000e+00,4.554841816425323486e-01
1.000000000000000000e+00,3.926753997802734375e-01
1.000000000000000000e+00,3.856576085090637207e-01
1.000000000000000000e+00,4.405334591865539551e-01
1.000000000000000000e+00,3.390159606933593750e-01
1.000000000000000000e+00,3.842982053756713867e-01
1.000000000000000000e+00,3.680366873741149902e-01
1.000000000000000000e+00,3.853690624237060547e-01
1.000000000000000000e+00,3.860536813735961914e-01
1.000000000000000000e+00,4.956830143928527832e-01
1.000000000000000000e+00,3.589779734611511230e-01
1.000000000000000000e+00,4.016408622264862061e-01
1.000000000000000000e+00,3.910533785820007324e-01
1.000000000000000000e+00,4.868668913841247559e-01
1.000000000000000000e+00,4.540877342224121094e-01
1.000000000000000000e+00,4.638190865516662598e-01
1.000000000000000000e+00,4.392866492271423340e-01
1.000000000000000000e+00,4.103829264640808105e-01
1.000000000000000000e+00,4.304562211036682129e-01
1.000000000000000000e+00,3.960961103439331055e-01
1.000000000000000000e+00,4.546084403991699219e-01
1.000000000000000000e+00,3.920598626136779785e-01
1.000000000000000000e+00,4.450349211692810059e-01
1.000000000000000000e+00,5.203255414962768555e-01
1.000000000000000000e+00,4.143337309360504150e-01
1.000000000000000000e+00,4.354797601699829102e-01
1.000000000000000000e+00,4.316126108169555664e-01
1.000000000000000000e+00,3.846341967582702637e-01
1.000000000000000000e+00,5.398648381233215332e-01
1.000000000000000000e+00,4.108626246452331543e-01
1.000000000000000000e+00,4.749144911766052246e-01
1.000000000000000000e+00,4.500392377376556396e-01
1.000000000000000000e+00,3.860821723937988281e-01
1.000000000000000000e+00,4.050392210483551025e-01
1.000000000000000000e+00,4.220612347126007080e-01
1.000000000000000000e+00,4.416322112083435059e-01
1.000000000000000000e+00,5.063933730125427246e-01
1.000000000000000000e+00,3.640271127223968506e-01
1.000000000000000000e+00,3.630090951919555664e-01
1.000000000000000000e+00,4.728319644927978516e-01
1.000000000000000000e+00,4.358219802379608154e-01
1.000000000000000000e+00,3.313779234886169434e-01
1.000000000000000000e+00,3.587686419486999512e-01
1.000000000000000000e+00,4.614803194999694824e-01
1.000000000000000000e+00,4.176239073276519775e-01
1.000000000000000000e+00,4.167859554290771484e-01
1.000000000000000000e+00,3.294582664966583252e-01
1.000000000000000000e+00,4.678076505661010742e-01
1.000000000000000000e+00,3.957608044147491455e-01
1.000000000000000000e+00,3.824006021022796631e-01
1.000000000000000000e+00,4.618480801582336426e-01
1.000000000000000000e+00,4.134809970855712891e-01
1.000000000000000000e+00,3.621608912944793701e-01
1.000000000000000000e+00,4.931629896163940430e-01
1.000000000000000000e+00,4.536253809928894043e-01
1.000000000000000000e+00,4.596899151802062988e-01
1.000000000000000000e+00,4.162646532058715820e-01
1.000000000000000000e+00,4.432496130466461182e-01
1.000000000000000000e+00,4.725526571273803711e-01
1.000000000000000000e+00,4.032848477363586426e-01
1.000000000000000000e+00,4.178748428821563721e-01
1.000000000000000000e+00,3.989661335945129395e-01
1.000000000000000000e+00,3.875025212764739990e-01
1.000000000000000000e+00,4.853183329105377197e-01
1.000000000000000000e+00,3.864865601062774658e-01
1.000000000000000000e+00,4.112576544284820557e-01
1.000000000000000000e+00,4.270164966583251953e-01
1.000000000000000000e+00,3.466452360153198242e-01
1.000000000000000000e+00,4.070394039154052734e-01
1.000000000000000000e+00,4.374163746833801270e-01
1.000000000000000000e+00,4.274595975875854492e-01
1.000000000000000000e+00,5.105811357498168945e-01
1.000000000000000000e+00,4.071303009986877441e-01
1.000000000000000000e+00,4.248834848403930664e-01
1.000000000000000000e+00,4.688934683799743652e-01
1.000000000000000000e+00,4.145152568817138672e-01
1.000000000000000000e+00,4.593173861503601074e-01
1.000000000000000000e+00,3.904855251312255859e-01
1.000000000000000000e+00,3.577131628990173340e-01
1.000000000000000000e+00,4.471627473831176758e-01
1.000000000000000000e+00,4.385474920272827148e-01
1.000000000000000000e+00,3.990418910980224609e-01
1.000000000000000000e+00,4.984827637672424316e-01
1.000000000000000000e+00,4.591627120971679688e-01
1.000000000000000000e+00,4.222972095012664795e-01
1.000000000000000000e+00,4.170364737510681152e-01
1.000000000000000000e+00,3.661291599273681641e-01
1.000000000000000000e+00,3.827614188194274902e-01
1.000000000000000000e+00,3.693341016769409180e-01
1.000000000000000000e+00,3.670180439949035645e-01
1.000000000000000000e+00,5.126824378967285156e-01
1.000000000000000000e+00,4.868373870849609375e-01
1.000000000000000000e+00,5.662690401077270508e-01
1.000000000000000000e+00,4.848129749298095703e-01
1.000000000000000000e+00,4.215127527713775635e-01
1.000000000000000000e+00,4.379470050334930420e-01
1.000000000000000000e+00,4.317491054534912109e-01
1.000000000000000000e+00,4.887490868568420410e-01
1.000000000000000000e+00,3.995452821254730225e-01
1.000000000000000000e+00,4.225135743618011475e-01
1.000000000000000000e+00,4.910981357097625732e-01
1.000000000000000000e+00,4.533509314060211182e-01
1.000000000000000000e+00,5.004070997238159180e-01
1.000000000000000000e+00,4.648300111293792725e-01
1.000000000000000000e+00,4.171926975250244141e-01
1.000000000000000000e+00,4.049509167671203613e-01
1.000000000000000000e+00,3.755937218666076660e-01
1.000000000000000000e+00,3.511405587196350098e-01
1.000000000000000000e+00,4.882034957408905029e-01
1.000000000000000000e+00,3.909454047679901123e-01
1.000000000000000000e+00,4.956281483173370361e-01
1.000000000000000000e+00,3.922616541385650635e-01
1.000000000000000000e+00,3.879666328430175781e-01
1.000000000000000000e+00,4.190741181373596191e-01
1.000000000000000000e+00,4.507126808166503906e-01
1.000000000000000000e+00,4.937064051628112793e-01
1.000000000000000000e+00,4.143050611019134521e-01
1.000000000000000000e+00,3.923060297966003418e-01
1.000000000000000000e+00,4.047949910163879395e-01
1.000000000000000000e+00,3.508414030075073242e-01
1.000000000000000000e+00,3.960768580436706543e-01
1.000000000000000000e+00,4.243386089801788330e-01
1.000000000000000000e+00,4.060083031654357910e-01
1.000000000000000000e+00,4.258562922477722168e-01
1.000000000000000000e+00,4.033228158950805664e-01
1.000000000000000000e+00,3.759523332118988037e-01
1.000000000000000000e+00,4.157070815563201904e-01
1.000000000000000000e+00,4.030614793300628662e-01
1.000000000000000000e+00,3.949063420295715332e-01
1.000000000000000000e+00,3.403536677360534668e-01
1.000000000000000000e+00,4.106220901012420654e-01
1.000000000000000000e+00,4.266995191574096680e-01
1.000000000000000000e+00,3.655820488929748535e-01
1.000000000000000000e+00,4.234443902969360352e-01
1.000000000000000000e+00,4.621111452579498291e-01
1.000000000000000000e+00,4.271259009838104248e-01
1.000000000000000000e+00,4.102721214294433594e-01
1.000000000000000000e+00,4.089084267616271973e-01
1.000000000000000000e+00,4.442568421363830566e-01
1.000000000000000000e+00,3.920450508594512939e-01
1.000000000000000000e+00,3.891205191612243652e-01
1.000000000000000000e+00,4.070250988006591797e-01
1.000000000000000000e+00,4.560030102729797363e-01
1.000000000000000000e+00,4.786728024482727051e-01
1.000000000000000000e+00,3.487016558647155762e-01
1.000000000000000000e+00,4.890522360801696777e-01
1.000000000000000000e+00,3.721579313278198242e-01
1.000000000000000000e+00,4.888156354427337646e-01
1.000000000000000000e+00,4.085055291652679443e-01
1.000000000000000000e+00,4.425681233406066895e-01
1.000000000000000000e+00,4.467802941799163818e-01
1.000000000000000000e+00,4.716603457927703857e-01
1.000000000000000000e+00,4.132569730281829834e-01
1.000000000000000000e+00,3.656507432460784912e-01
1.000000000000000000e+00,4.452012777328491211e-01
1.000000000000000000e+00,4.130252003669738770e-01
1.000000000000000000e+00,4.153925180435180664e-01
1.000000000000000000e+00,3.894285559654235840e-01
1.000000000000000000e+00,4.635423123836517334e-01
1.000000000000000000e+00,4.563989043235778809e-01
1.000000000000000000e+00,4.394627511501312256e-01
1.000000000000000000e+00,3.906095027923583984e-01
1.000000000000000000e+00,3.821309804916381836e-01
1.000000000000000000e+00,3.987726569175720215e-01
1.000000000000000000e+00,5.586665272712707520e-01
1.000000000000000000e+00,3.886181116104125977e-01
1.000000000000000000e+00,4.590744376182556152e-01
1.000000000000000000e+00,4.955953657627105713e-01
1.000000000000000000e+00,4.930504858493804932e-01
1.000000000000000000e+00,4.512468576431274414e-01
1.000000000000000000e+00,4.423116147518157959e-01
1.000000000000000000e+00,3.928874731063842773e-01
1.000000000000000000e+00,4.082893729209899902e-01
1.000000000000000000e+00,3.812837600708007812e-01
1.000000000000000000e+00,4.162157773971557617e-01
1.000000000000000000e+00,3.785541951656341553e-01
1.000000000000000000e+00,3.629838526248931885e-01
1.000000000000000000e+00,4.975948333740234375e-01
1.000000000000000000e+00,5.001580715179443359e-01
1.000000000000000000e+00,3.973624110221862793e-01
1.000000000000000000e+00,4.364649653434753418e-01
1.000000000000000000e+00,4.674754738807678223e-01
1.000000000000000000e+00,4.275595247745513916e-01
1.000000000000000000e+00,4.762555360794067383e-01
1.000000000000000000e+00,4.147212505340576172e-01
1.000000000000000000e+00,4.681446850299835205e-01
1.000000000000000000e+00,4.938310384750366211e-01
1.000000000000000000e+00,4.049580097198486328e-01
1.000000000000000000e+00,4.178837835788726807e-01
1.000000000000000000e+00,4.734526276588439941e-01
1.000000000000000000e+00,3.898215591907501221e-01
1.000000000000000000e+00,4.211596250534057617e-01
1.000000000000000000e+00,4.787646532058715820e-01
1.000000000000000000e+00,3.643328547477722168e-01
1.000000000000000000e+00,3.592377603054046631e-01
1.000000000000000000e+00,3.829794526100158691e-01
1.000000000000000000e+00,3.730487823486328125e-01
1.000000000000000000e+00,4.564113020896911621e-01
1.000000000000000000e+00,4.447706043720245361e-01
1.000000000000000000e+00,4.088848233222961426e-01
1.000000000000000000e+00,4.398754835128784180e-01
1.000000000000000000e+00,3.473365604877471924e-01
1.000000000000000000e+00,4.932127594947814941e-01
1.000000000000000000e+00,4.214527010917663574e-01
1.000000000000000000e+00,4.414307475090026855e-01
1.000000000000000000e+00,4.302649497985839844e-01
1.000000000000000000e+00,4.007510542869567871e-01
1.000000000000000000e+00,4.141787886619567871e-01
1.000000000000000000e+00,4.017445445060729980e-01
1.000000000000000000e+00,4.248691797256469727e-01
1.000000000000000000e+00,4.094172120094299316e-01
1.000000000000000000e+00,3.440431952476501465e-01
1.000000000000000000e+00,3.926751613616943359e-01
1.000000000000000000e+00,4.096875190734863281e-01
1.000000000000000000e+00,5.074756145477294922e-01
1.000000000000000000e+00,4.024050235748291016e-01
1.000000000000000000e+00,4.516707658767700195e-01
1.000000000000000000e+00,5.099227428436279297e-01
1.000000000000000000e+00,3.924351334571838379e-01
1.000000000000000000e+00,4.237058758735656738e-01
1.000000000000000000e+00,4.375264048576354980e-01
1.000000000000000000e+00,3.597148656845092773e-01
1.000000000000000000e+00,3.721984922885894775e-01
1.000000000000000000e+00,3.785486221313476562e-01
1.000000000000000000e+00,4.416683912277221680e-01
1.000000000000000000e+00,3.678540587425231934e-01
1.000000000000000000e+00,4.824119210243225098e-01
1.000000000000000000e+00,3.430076539516448975e-01
1.000000000000000000e+00,4.399387538433074951e-01
1.000000000000000000e+00,3.847810626029968262e-01
1.000000000000000000e+00,4.324268698692321777e-01
1.000000000000000000e+00,3.913795053958892822e-01
1.000000000000000000e+00,5.085960626602172852e-01
1.000000000000000000e+00,4.239584207534790039e-01
1.000000000000000000e+00,3.503884375095367432e-01
1.000000000000000000e+00,4.249906539916992188e-01
1.000000000000000000e+00,3.860617280006408691e-01
1.000000000000000000e+00,4.269108772277832031e-01
1.000000000000000000e+00,4.001322984695434570e-01
1.000000000000000000e+00,3.709923028945922852e-01
1.000000000000000000e+00,5.088084936141967773e-01
1.000000000000000000e+00,3.772773742675781250e-01
1.000000000000000000e+00,4.481525421142578125e-01
1.000000000000000000e+00,4.988421797752380371e-01
1.000000000000000000e+00,3.777576684951782227e-01
1.000000000000000000e+00,3.795444369316101074e-01
1.000000000000000000e+00,3.722749948501586914e-01
1.000000000000000000e+00,4.586455523967742920e-01
1.000000000000000000e+00,3.761116266250610352e-01
1.000000000000000000e+00,3.642677962779998779e-01
1.000000000000000000e+00,3.809291720390319824e-01
1.000000000000000000e+00,4.344838559627532959e-01
1.000000000000000000e+00,5.102803707122802734e-01
1.000000000000000000e+00,4.518744945526123047e-01
1.000000000000000000e+00,4.585026502609252930e-01
1.000000000000000000e+00,4.359995722770690918e-01
1.000000000000000000e+00,3.972728252410888672e-01
1.000000000000000000e+00,4.345799088478088379e-01
1.000000000000000000e+00,3.862901329994201660e-01
1.000000000000000000e+00,4.096537232398986816e-01
1.000000000000000000e+00,4.655049741268157959e-01
1.000000000000000000e+00,4.683285057544708252e-01
1.000000000000000000e+00,3.949712216854095459e-01
1.000000000000000000e+00,4.199100136756896973e-01
1.000000000000000000e+00,4.751762151718139648e-01
1.000000000000000000e+00,4.518683552742004395e-01
1.000000000000000000e+00,3.491958379745483398e-01
1.000000000000000000e+00,3.893450796604156494e-01
1.000000000000000000e+00,3.355810046195983887e-01
1.000000000000000000e+00,3.542070388793945312e-01
1.000000000000000000e+00,4.739963412284851074e-01
1.000000000000000000e+00,4.514011442661285400e-01
1.000000000000000000e+00,4.299491047859191895e-01
1.000000000000000000e+00,4.462178945541381836e-01
1.000000000000000000e+00,3.206686377525329590e-01
1.000000000000000000e+00,3.771996200084686279e-01
1.000000000000000000e+00,4.057019650936126709e-01
1.000000000000000000e+00,3.812683224678039551e-01
1.000000000000000000e+00,3.976791501045227051e-01
1.000000000000000000e+00,3.760351538658142090e-01
1.000000000000000000e+00,3.597962856292724609e-01
1.000000000000000000e+00,4.070942699909210205e-01
1.000000000000000000e+00,4.075487852096557617e-01
1.000000000000000000e+00,3.719996809959411621e-01
1.000000000000000000e+00,4.513384103775024414e-01
1.000000000000000000e+00,4.086157083511352539e-01
1.000000000000000000e+00,4.856876730918884277e-01
1.000000000000000000e+00,3.892509043216705322e-01
1.000000000000000000e+00,3.725540637969970703e-01
1.000000000000000000e+00,4.328784942626953125e-01
1.000000000000000000e+00,4.731101989746093750e-01
1.000000000000000000e+00,4.971200823783874512e-01
1.000000000000000000e+00,3.224852681159973145e-01
1.000000000000000000e+00,4.137544631958007812e-01
1.000000000000000000e+00,3.810309767723083496e-01
1.000000000000000000e+00,4.488048851490020752e-01
1.000000000000000000e+00,3.890776932239532471e-01
1.000000000000000000e+00,5.202677249908447266e-01
1.000000000000000000e+00,4.282532930374145508e-01
1.000000000000000000e+00,3.700808584690093994e-01
1.000000000000000000e+00,3.339565098285675049e-01
1.000000000000000000e+00,4.675111770629882812e-01
1.000000000000000000e+00,4.228481054306030273e-01
1.000000000000000000e+00,4.006261527538299561e-01
1.000000000000000000e+00,4.567608833312988281e-01
1.000000000000000000e+00,4.303866028785705566e-01
1.000000000000000000e+00,3.880717754364013672e-01
1.000000000000000000e+00,4.166265726089477539e-01
1.000000000000000000e+00,5.667285919189453125e-01
1.000000000000000000e+00,3.911493122577667236e-01
1.000000000000000000e+00,3.877950906753540039e-01
1.000000000000000000e+00,4.488568305969238281e-01
1.000000000000000000e+00,4.542321562767028809e-01
1.000000000000000000e+00,4.838822484016418457e-01
1.000000000000000000e+00,6.427431106567382812e-01
1.000000000000000000e+00,4.287230372428894043e-01
1.000000000000000000e+00,3.494559526443481445e-01
1.000000000000000000e+00,3.790805041790008545e-01
1.000000000000000000e+00,3.767975568771362305e-01
1.000000000000000000e+00,4.658035933971405029e-01
1.000000000000000000e+00,3.863776326179504395e-01
1.000000000000000000e+00,3.917067050933837891e-01
1.000000000000000000e+00,4.166039824485778809e-01
1.000000000000000000e+00,3.409772515296936035e-01
1.000000000000000000e+00,3.875784575939178467e-01
1.000000000000000000e+00,3.926405310630798340e-01
1.000000000000000000e+00,4.724890887737274170e-01
1.000000000000000000e+00,4.260820150375366211e-01
1.000000000000000000e+00,6.134712696075439453e-01
1.000000000000000000e+00,4.077672958374023438e-01
1.000000000000000000e+00,4.671424031257629395e-01
1.000000000000000000e+00,4.343138337135314941e-01
1.000000000000000000e+00,3.974041044712066650e-01
1.000000000000000000e+00,4.425041675567626953e-01
1.000000000000000000e+00,5.642738342285156250e-01
1.000000000000000000e+00,4.333229064941406250e-01
1.000000000000000000e+00,4.181830585002899170e-01
1.000000000000000000e+00,4.669513106346130371e-01
1.000000000000000000e+00,4.551948606967926025e-01
1.000000000000000000e+00,4.366699457168579102e-01
1.000000000000000000e+00,3.839478492736816406e-01
1.000000000000000000e+00,3.938020467758178711e-01
1.000000000000000000e+00,3.844714164733886719e-01
1.000000000000000000e+00,3.540630936622619629e-01
1.000000000000000000e+00,4.226644635200500488e-01
1.000000000000000000e+00,3.444838225841522217e-01
1.000000000000000000e+00,4.488621354103088379e-01
1.000000000000000000e+00,4.356068968772888184e-01
1.000000000000000000e+00,4.819168448448181152e-01
1.000000000000000000e+00,4.185526967048645020e-01
1.000000000000000000e+00,4.105047881603240967e-01
1.000000000000000000e+00,4.377874135971069336e-01
1.000000000000000000e+00,3.954354226589202881e-01
1.000000000000000000e+00,5.095551609992980957e-01
1.000000000000000000e+00,3.834549784660339355e-01
1.000000000000000000e+00,5.006772875785827637e-01
1.000000000000000000e+00,4.182592034339904785e-01
1.000000000000000000e+00,4.429897367954254150e-01
1.000000000000000000e+00,4.890569150447845459e-01
1.000000000000000000e+00,4.477331042289733887e-01
1.000000000000000000e+00,5.531579256057739258e-01
1.000000000000000000e+00,3.314490914344787598e-01
1.000000000000000000e+00,3.887500166893005371e-01
1.000000000000000000e+00,4.055858552455902100e-01
1.000000000000000000e+00,4.774937033653259277e-01
1.000000000000000000e+00,3.958861529827117920e-01
1.000000000000000000e+00,3.906320929527282715e-01
1.000000000000000000e+00,3.635253310203552246e-01
1.000000000000000000e+00,4.146143198013305664e-01
1.000000000000000000e+00,4.537697732448577881e-01
1.000000000000000000e+00,3.661623299121856689e-01
1.000000000000000000e+00,3.776181042194366455e-01
1.000000000000000000e+00,3.792442679405212402e-01
1.000000000000000000e+00,4.997896552085876465e-01
1.000000000000000000e+00,3.462980985641479492e-01
1.000000000000000000e+00,4.507683217525482178e-01
1.000000000000000000e+00,3.131151199340820312e-01
1.000000000000000000e+00,3.423179388046264648e-01
1.000000000000000000e+00,4.262216985225677490e-01
1.000000000000000000e+00,5.576622486114501953e-01
1.000000000000000000e+00,4.697524309158325195e-01
1.000000000000000000e+00,3.486379086971282959e-01
1.000000000000000000e+00,4.149989187717437744e-01
1.000000000000000000e+00,3.534186780452728271e-01
1.000000000000000000e+00,3.741700649261474609e-01
1.000000000000000000e+00,4.303836226463317871e-01
1.000000000000000000e+00,4.193267226219177246e-01
1.000000000000000000e+00,3.980146646499633789e-01
1.000000000000000000e+00,3.767356276512145996e-01
1.000000000000000000e+00,3.531053066253662109e-01
1.000000000000000000e+00,4.031376540660858154e-01
1.000000000000000000e+00,4.292179048061370850e-01
1.000000000000000000e+00,4.223126471042633057e-01
1.000000000000000000e+00,3.684265911579132080e-01
1.000000000000000000e+00,3.887329697608947754e-01
1.000000000000000000e+00,4.545543491840362549e-01
1.000000000000000000e+00,4.264124333858489990e-01
1.000000000000000000e+00,4.198291897773742676e-01
1.000000000000000000e+00,4.612195491790771484e-01
1.000000000000000000e+00,4.382794499397277832e-01
1.000000000000000000e+00,4.585590362548828125e-01
1.000000000000000000e+00,3.666947484016418457e-01
1.000000000000000000e+00,3.533770740032196045e-01
1.000000000000000000e+00,3.711560964584350586e-01
1.000000000000000000e+00,3.661374151706695557e-01
1.000000000000000000e+00,3.869990706443786621e-01
1.000000000000000000e+00,4.537891149520874023e-01
1.000000000000000000e+00,4.102108478546142578e-01
1.000000000000000000e+00,3.172759711742401123e-01
1.000000000000000000e+00,3.640893697738647461e-01
1.000000000000000000e+00,4.035702943801879883e-01
1.000000000000000000e+00,4.398250877857208252e-01
1.000000000000000000e+00,4.452193677425384521e-01
1.000000000000000000e+00,4.065965414047241211e-01
1.000000000000000000e+00,4.059205651283264160e-01
1.000000000000000000e+00,4.454214870929718018e-01
1.000000000000000000e+00,3.626994192600250244e-01
1.000000000000000000e+00,3.863512873649597168e-01
1.000000000000000000e+00,3.633334338665008545e-01
1.000000000000000000e+00,4.673160910606384277e-01
1.000000000000000000e+00,4.246981441974639893e-01
1.000000000000000000e+00,4.513224959373474121e-01
1.000000000000000000e+00,3.969442546367645264e-01
1.000000000000000000e+00,4.126094579696655273e-01
1.000000000000000000e+00,5.095458030700683594e-01
1.000000000000000000e+00,3.722539842128753662e-01
1.000000000000000000e+00,3.562825024127960205e-01
1.000000000000000000e+00,5.067759752273559570e-01
1.000000000000000000e+00,4.042755961418151855e-01
1.000000000000000000e+00,4.332118928432464600e-01
1.000000000000000000e+00,4.435795843601226807e-01
1.000000000000000000e+00,3.982362747192382812e-01
1.000000000000000000e+00,4.255116283893585205e-01
1.000000000000000000e+00,3.445445895195007324e-01
1.000000000000000000e+00,4.360523521900177002e-01
1.000000000000000000e+00,3.693333268165588379e-01
1.000000000000000000e+00,4.165269136428833008e-01
1.000000000000000000e+00,4.911293983459472656e-01
1.000000000000000000e+00,4.609674513339996338e-01
1.000000000000000000e+00,3.845262825489044189e-01
1.000000000000000000e+00,4.204496443271636963e-01
1.000000000000000000e+00,3.703371882438659668e-01
1.000000000000000000e+00,3.972655236721038818e-01
1.000000000000000000e+00,3.870290815830230713e-01
1.000000000000000000e+00,4.541239142417907715e-01
1.000000000000000000e+00,4.108471870422363281e-01
1.000000000000000000e+00,4.573902189731597900e-01
1.000000000000000000e+00,3.505354523658752441e-01
1.000000000000000000e+00,4.379624128341674805e-01
1.000000000000000000e+00,4.381242990493774414e-01
1.000000000000000000e+00,4.266989827156066895e-01
1.000000000000000000e+00,4.261717498302459717e-01
1.000000000000000000e+00,3.740106821060180664e-01
1.000000000000000000e+00,3.339132964611053467e-01
1.000000000000000000e+00,4.339190125465393066e-01
1.000000000000000000e+00,3.542077839374542236e-01
1.000000000000000000e+00,4.004835784435272217e-01
1.000000000000000000e+00,3.663527667522430420e-01
1.000000000000000000e+00,5.887979269027709961e-01
1.000000000000000000e+00,3.335731029510498047e-01
1.000000000000000000e+00,3.982660770416259766e-01
1.000000000000000000e+00,4.659740328788757324e-01
1.000000000000000000e+00,4.262390136718750000e-01
1.000000000000000000e+00,3.922041058540344238e-01
1.000000000000000000e+00,4.654785692691802979e-01
1.000000000000000000e+00,4.733978807926177979e-01
1.000000000000000000e+00,4.847368597984313965e-01
1.000000000000000000e+00,3.945167362689971924e-01
1.000000000000000000e+00,4.274500012397766113e-01
1.000000000000000000e+00,4.018871188163757324e-01
1.000000000000000000e+00,3.951436877250671387e-01
1.000000000000000000e+00,4.498916566371917725e-01
1.000000000000000000e+00,4.683738946914672852e-01
1.000000000000000000e+00,4.763268828392028809e-01
1.000000000000000000e+00,3.796885311603546143e-01
1.000000000000000000e+00,4.047390520572662354e-01
1.000000000000000000e+00,3.921279907226562500e-01
1.000000000000000000e+00,4.618420004844665527e-01
1.000000000000000000e+00,3.570663928985595703e-01
1.000000000000000000e+00,4.252547323703765869e-01
1.000000000000000000e+00,3.872807025909423828e-01
1.000000000000000000e+00,3.476611971855163574e-01
1.000000000000000000e+00,4.606617391109466553e-01
1.000000000000000000e+00,3.578063547611236572e-01
1.000000000000000000e+00,3.691304922103881836e-01
1.000000000000000000e+00,3.987280726432800293e-01
1.000000000000000000e+00,4.116405844688415527e-01
1.000000000000000000e+00,5.377229452133178711e-01
1.000000000000000000e+00,5.054474472999572754e-01
1.000000000000000000e+00,3.433416485786437988e-01
1.000000000000000000e+00,4.145518839359283447e-01
1.000000000000000000e+00,4.356497824192047119e-01
1.000000000000000000e+00,3.302297890186309814e-01
1.000000000000000000e+00,3.736856579780578613e-01
1.000000000000000000e+00,3.875288963317871094e-01
1.000000000000000000e+00,3.970983922481536865e-01
1.000000000000000000e+00,3.871270716190338135e-01
1.000000000000000000e+00,4.060097932815551758e-01
1.000000000000000000e+00,3.986029922962188721e-01
1.000000000000000000e+00,4.451555013656616211e-01
1.000000000000000000e+00,3.981931805610656738e-01
1.000000000000000000e+00,4.189222455024719238e-01
1.000000000000000000e+00,4.278993010520935059e-01
1.000000000000000000e+00,3.957431316375732422e-01
1.000000000000000000e+00,4.202870726585388184e-01
1.000000000000000000e+00,4.472256302833557129e-01
1.000000000000000000e+00,4.962210655212402344e-01
1.000000000000000000e+00,4.315062463283538818e-01
1.000000000000000000e+00,4.186834692955017090e-01
1.000000000000000000e+00,4.103596806526184082e-01
1.000000000000000000e+00,3.556321561336517334e-01
1.000000000000000000e+00,3.591099381446838379e-01
1.000000000000000000e+00,3.591594099998474121e-01
1.000000000000000000e+00,4.379262328147888184e-01
1.000000000000000000e+00,4.248663783073425293e-01
1.000000000000000000e+00,4.396663308143615723e-01
1.000000000000000000e+00,4.061157405376434326e-01
1.000000000000000000e+00,3.566275537014007568e-01
1.000000000000000000e+00,4.023817777633666992e-01
1.000000000000000000e+00,4.499266743659973145e-01
1.000000000000000000e+00,4.238984584808349609e-01
1.000000000000000000e+00,4.038200378417968750e-01
1.000000000000000000e+00,4.024518728256225586e-01
1.000000000000000000e+00,4.745752811431884766e-01
1.000000000000000000e+00,4.026167988777160645e-01
1.000000000000000000e+00,3.885858356952667236e-01
1.000000000000000000e+00,4.068041145801544189e-01
1.000000000000000000e+00,4.655809998512268066e-01
1.000000000000000000e+00,4.270136356353759766e-01
1.000000000000000000e+00,4.676769077777862549e-01
1.000000000000000000e+00,4.659740924835205078e-01
1.000000000000000000e+00,4.346073865890502930e-01
1.000000000000000000e+00,4.575770497322082520e-01
1.000000000000000000e+00,4.760028719902038574e-01
1.000000000000000000e+00,3.871876895427703857e-01
1.000000000000000000e+00,5.793939828872680664e-01
1.000000000000000000e+00,4.327534437179565430e-01
1.000000000000000000e+00,4.180257320404052734e-01
1.000000000000000000e+00,4.808822870254516602e-01
1.000000000000000000e+00,4.436482787132263184e-01
1.000000000000000000e+00,4.175236225128173828e-01
1.000000000000000000e+00,4.280377328395843506e-01
1.000000000000000000e+00,4.001008272171020508e-01
1.000000000000000000e+00,4.166939854621887207e-01
1.000000000000000000e+00,5.141480565071105957e-01
1.000000000000000000e+00,5.128564834594726562e-01
1.000000000000000000e+00,6.478005647659301758e-01
1.000000000000000000e+00,4.538582563400268555e-01
1.000000000000000000e+00,4.094062447547912598e-01
1.000000000000000000e+00,4.272906780242919922e-01
1.000000000000000000e+00,4.143479168415069580e-01
1.000000000000000000e+00,4.670151472091674805e-01
1.000000000000000000e+00,5.003883838653564453e-01
1.000000000000000000e+00,4.542917311191558838e-01
1.000000000000000000e+00,5.011090040206909180e-01
1.000000000000000000e+00,4.611116647720336914e-01
1.000000000000000000e+00,3.994810283184051514e-01
1.000000000000000000e+00,3.942327797412872314e-01
1.000000000000000000e+00,4.916650056838989258e-01
1.000000000000000000e+00,4.703081250190734863e-01
1.000000000000000000e+00,4.088698625564575195e-01
1.000000000000000000e+00,4.571275115013122559e-01
1.000000000000000000e+00,3.511967062950134277e-01
1.000000000000000000e+00,6.105530858039855957e-01
1.000000000000000000e+00,3.936601281166076660e-01
1.000000000000000000e+00,4.165958762168884277e-01
1.000000000000000000e+00,4.368705749511718750e-01
1.000000000000000000e+00,4.743294119834899902e-01
1.000000000000000000e+00,4.250511527061462402e-01
1.000000000000000000e+00,4.472602903842926025e-01
1.000000000000000000e+00,4.137079715728759766e-01
1.000000000000000000e+00,4.234521687030792236e-01
1.000000000000000000e+00,4.662268459796905518e-01
1.000000000000000000e+00,4.418671727180480957e-01
1.000000000000000000e+00,5.135322809219360352e-01
1.000000000000000000e+00,4.675309360027313232e-01
1.000000000000000000e+00,4.945901930332183838e-01
1.000000000000000000e+00,3.962348103523254395e-01
1.000000000000000000e+00,4.502720236778259277e-01
1.000000000000000000e+00,4.334846138954162598e-01
1.000000000000000000e+00,5.061180591583251953e-01
1.000000000000000000e+00,3.297019004821777344e-01
1.000000000000000000e+00,4.447205066680908203e-01
1.000000000000000000e+00,4.175335168838500977e-01
1.000000000000000000e+00,5.462071895599365234e-01
1.000000000000000000e+00,3.643172681331634521e-01
1.000000000000000000e+00,4.083788394927978516e-01
1.000000000000000000e+00,4.169617295265197754e-01
1.000000000000000000e+00,3.987334072589874268e-01
1.000000000000000000e+00,3.312241137027740479e-01
1.000000000000000000e+00,4.131307601928710938e-01
1.000000000000000000e+00,3.622037768363952637e-01
1.000000000000000000e+00,5.155239701271057129e-01
1.000000000000000000e+00,3.660201430320739746e-01
1.000000000000000000e+00,4.412133693695068359e-01
1.000000000000000000e+00,3.708999752998352051e-01
1.000000000000000000e+00,4.033765494823455811e-01
1.000000000000000000e+00,4.125704467296600342e-01
1.000000000000000000e+00,4.323333501815795898e-01
1.000000000000000000e+00,3.829314708709716797e-01
1.000000000000000000e+00,3.552829027175903320e-01
1.000000000000000000e+00,4.341128766536712646e-01
1.000000000000000000e+00,4.398984909057617188e-01
1.000000000000000000e+00,4.287469387054443359e-01
1.000000000000000000e+00,3.704527616500854492e-01
1.000000000000000000e+00,4.196956157684326172e-01
1.000000000000000000e+00,3.834194839000701904e-01
1.000000000000000000e+00,4.212943911552429199e-01
1.000000000000000000e+00,3.556283116340637207e-01
1.000000000000000000e+00,3.998099267482757568e-01
1.000000000000000000e+00,5.567567944526672363e-01
1.000000000000000000e+00,4.580614566802978516e-01
1.000000000000000000e+00,4.165211915969848633e-01
1.000000000000000000e+00,4.060690701007843018e-01
1.000000000000000000e+00,4.549251794815063477e-01
1.000000000000000000e+00,3.299089968204498291e-01
1.000000000000000000e+00,3.784495294094085693e-01
1.000000000000000000e+00,4.151345789432525635e-01
1.000000000000000000e+00,4.165292978286743164e-01
1.000000000000000000e+00,4.480746090412139893e-01
1.000000000000000000e+00,5.028508901596069336e-01
1.000000000000000000e+00,3.323934078216552734e-01
1.000000000000000000e+00,3.831816911697387695e-01
1.000000000000000000e+00,4.653681516647338867e-01
1.000000000000000000e+00,3.261825442314147949e-01
1.000000000000000000e+00,4.135087132453918457e-01
1.000000000000000000e+00,4.439057409763336182e-01
1.000000000000000000e+00,4.052395522594451904e-01
1.000000000000000000e+00,4.511213898658752441e-01
1.000000000000000000e+00,4.033020138740539551e-01
1.000000000000000000e+00,3.775987029075622559e-01
1.000000000000000000e+00,4.201074540615081787e-01
1.000000000000000000e+00,4.333144426345825195e-01
1.000000000000000000e+00,4.441260695457458496e-01
1.000000000000000000e+00,4.251653552055358887e-01
1.000000000000000000e+00,4.008464217185974121e-01
1.000000000000000000e+00,4.246639013290405273e-01
1.000000000000000000e+00,4.686802625656127930e-01
1.000000000000000000e+00,4.269619584083557129e-01
1.000000000000000000e+00,4.607276320457458496e-01
1.000000000000000000e+00,3.819180428981781006e-01
1.000000000000000000e+00,3.865164518356323242e-01
1.000000000000000000e+00,4.293194711208343506e-01
1.000000000000000000e+00,4.114116430282592773e-01
1.000000000000000000e+00,4.306594431400299072e-01
1.000000000000000000e+00,3.789948821067810059e-01
