label,score
0.000000000000000000e+00,3.366116881370544434e-01
0.000000000000000000e+00,3.203276395797729492e-01
0.000000000000000000e+00,1.702865511178970337e-01
0.000000000000000000e+00,2.240021824836730957e-01
0.000000000000000000e+00,2.016778886318206787e-01
0.000000000000000000e+00,1.408861875534057617e-01
0.000000000000000000e+00,1.756052374839782715e-01
0.000000000000000000e+00,1.361099779605865479e-01
0.000000000000000000e+00,1.607801914215087891e-01
0.000000000000000000e+00,1.678790599107742310e-01
0.000000000000000000e+00,1.878565549850463867e-01
0.000000000000000000e+00,1.502759456634521484e-01
0.000000000000000000e+00,2.399663478136062622e-01
0.000000000000000000e+00,1.998930424451828003e-01
0.000000000000000000e+00,1.716587543487548828e-01
0.000000000000000000e+00,1.140763983130455017e-01
0.000000000000000000e+00,1.514692604541778564e-01
0.000000000000000000e+00,1.798532009124755859e-01
0.000000000000000000e+00,1.464116871356964111e-01
0.000000000000000000e+00,1.317294538021087646e-01
0.000000000000000000e+00,1.657410562038421631e-01
0.000000000000000000e+00,1.573430299758911133e-01
0.000000000000000000e+00,1.580942422151565552e-01
0.000000000000000000e+00,1.802230477333068848e-01
0.000000000000000000e+00,1.857812702655792236e-01
0.000000000000000000e+00,1.697830557823181152e-01
0.000000000000000000e+00,2.028843760490417480e-01
0.000000000000000000e+00,1.667455136775970459e-01
0.000000000000000000e+00,1.471089571714401245e-01
0.000000000000000000e+00,1.568911075592041016e-01
0.000000000000000000e+00,1.642830371856689453e-01
0.000000000000000000e+00,2.451732456684112549e-01
0.000000000000000000e+00,1.521111428737640381e-01
0.000000000000000000e+00,1.516918390989303589e-01
0.000000000000000000e+00,1.835546195507049561e-01
0.000000000000000000e+00,1.397677063941955566e-01
0.000000000000000000e+00,1.487040817737579346e-01
0.000000000000000000e+00,1.555301845073699951e-01
0.000000000000000000e+00,1.927997469902038574e-01
0.000000000000000000e+00,1.805767118930816650e-01
0.000000000000000000e+00,1.599321812391281128e-01
0.000000000000000000e+00,1.247484833002090454e-01
0.000000000000000000e+00,1.559238135814666748e-01
0.000000000000000000e+00,2.055905312299728394e-01
0.000000000000000000e+00,1.381888389587402344e-01
0.000000000000000000e+00,1.861675828695297241e-01
0.000000000000000000e+00,1.663309931755065918e-01
0.000000000000000000e+00,1.604533046483993530e-01
0.000000000000000000e+00,1.576676070690155029e-01
0.000000000000000000e+00,1.628892123699188232e-01
0.000000000000000000e+00,1.375792473554611206e-01
0.000000000000000000e+00,1.584853082895278931e-01
0.000000000000000000e+00,1.897715926170349121e-01
0.000000000000000000e+00,1.919139027595520020e-01
0.000000000000000000e+00,1.798675358295440674e-01
0.000000000000000000e+00,1.859612762928009033e-01
0.000000000000000000e+00,1.980090737342834473e-01
0.000000000000000000e+00,2.739320397377014160e-01
0.000000000000000000e+00,1.459923088550567627e-01
0.000000000000000000e+00,1.424740254878997803e-01
0.000000000000000000e+00,1.790253371000289917e-01
0.000000000000000000e+00,1.704591214656829834e-01
0.000000000000000000e+00,1.698202043771743774e-01
0.000000000000000000e+00,1.545690894126892090e-01
0.000000000000000000e+00,1.375786215066909790e-01
0.000000000000000000e+00,1.518225669860839844e-01
0.000000000000000000e+00,1.439073234796524048e-01
0.000000000000000000e+00,1.754894107580184937e-01
0.000000000000000000e+00,1.918212175369262695e-01
0.000000000000000000e+00,1.499225497245788574e-01
0.000000000000000000e+00,1.466936916112899780e-01
0.000000000000000000e+00,1.674916148185729980e-01
0.000000000000000000e+00,1.779103726148605347e-01
0.000000000000000000e+00,1.547785997390747070e-01
0.000000000000000000e+00,1.971464157104492188e-01
0.000000000000000000e+00,1.851102113723754883e-01
0.000000000000000000e+00,1.499734967947006226e-01
0.000000000000000000e+00,1.613185256719589233e-01
0.000000000000000000e+00,1.572107672691345215e-01
0.000000000000000000e+00,3.249108791351318359e-01
0.000000000000000000e+00,1.446678787469863892e-01
0.000000000000000000e+00,1.453207433223724365e-01
0.000000000000000000e+00,2.201157957315444946e-01
0.000000000000000000e+00,1.692701429128646851e-01
0.000000000000000000e+00,1.932721436023712158e-01
0.000000000000000000e+00,1.641952246427536011e-01
0.000000000000000000e+00,1.976071745157241821e-01
0.000000000000000000e+00,1.695898771286010742e-01
0.000000000000000000e+00,1.667803674936294556e-01
0.000000000000000000e+00,1.613381654024124146e-01
0.000000000000000000e+00,1.691818535327911377e-01
0.000000000000000000e+00,1.429648548364639282e-01
0.000000000000000000e+00,1.449190825223922729e-01
0.000000000000000000e+00,1.630927622318267822e-01
0.000000000000000000e+00,1.606666594743728638e-01
0.000000000000000000e+00,1.795050352811813354e-01
0.000000000000000000e+00,1.504390239715576172e-01
0.000000000000000000e+00,1.504917442798614502e-01
0.000000000000000000e+00,1.734169274568557739e-01
0.000000000000000000e+00,1.578076481819152832e-01
0.000000000000000000e+00,1.653793156147003174e-01
0.000000000000000000e+00,1.592171490192413330e-01
0.000000000000000000e+00,2.052487134933471680e-01
0.000000000000000000e+00,2.093749344348907471e-01
0.000000000000000000e+00,1.753948628902435303e-01
0.000000000000000000e+00,1.909177899360656738e-01
0.000000000000000000e+00,1.579650342464447021e-01
0.000000000000000000e+00,1.547803282737731934e-01
0.000000000000000000e+00,1.510238796472549438e-01
0.000000000000000000e+00,1.442941427230834961e-01
0.000000000000000000e+00,1.642874181270599365e-01
0.000000000000000000e+00,1.520751863718032837e-01
0.000000000000000000e+00,1.962541639804840088e-01
0.000000000000000000e+00,1.786802411079406738e-01
0.000000000000000000e+00,1.706353127956390381e-01
0.000000000000000000e+00,1.983852386474609375e-01
0.000000000000000000e+00,1.743213534355163574e-01
0.000000000000000000e+00,1.674117445945739746e-01
0.000000000000000000e+00,1.483443379402160645e-01
0.000000000000000000e+00,1.541757285594940186e-01
0.000000000000000000e+00,1.850988119840621948e-01
0.000000000000000000e+00,2.061716467142105103e-01
0.000000000000000000e+00,1.783383786678314209e-01
0.000000000000000000e+00,2.368567883968353271e-01
0.000000000000000000e+00,2.157296240329742432e-01
0.000000000000000000e+00,1.673371344804763794e-01
0.000000000000000000e+00,1.685778051614761353e-01
0.000000000000000000e+00,1.773775666952133179e-01
0.000000000000000000e+00,1.816925853490829468e-01
0.000000000000000000e+00,1.640951335430145264e-01
0.000000000000000000e+00,1.349597573280334473e-01
0.000000000000000000e+00,1.546017080545425415e-01
0.000000000000000000e+00,1.614219099283218384e-01
0.000000000000000000e+00,1.364655196666717529e-01
0.000000000000000000e+00,1.987444460391998291e-01
0.000000000000000000e+00,1.784844398498535156e-01
0.000000000000000000e+00,1.520130634307861328e-01
0.000000000000000000e+00,1.571674942970275879e-01
0.000000000000000000e+00,1.463221907615661621e-01
0.000000000000000000e+00,1.472045928239822388e-01
0.000000000000000000e+00,1.951825618743896484e-01
0.000000000000000000e+00,1.809899359941482544e-01
0.000000000000000000e+00,1.643933206796646118e-01
0.000000000000000000e+00,1.381814330816268921e-01
0.000000000000000000e+00,1.554203629493713379e-01
0.000000000000000000e+00,1.966875642538070679e-01
0.000000000000000000e+00,1.590700447559356689e-01
0.000000000000000000e+00,1.861150860786437988e-01
0.000000000000000000e+00,1.785869598388671875e-01
0.000000000000000000e+00,1.531057506799697876e-01
0.000000000000000000e+00,1.621802896261215210e-01
0.000000000000000000e+00,1.461267173290252686e-01
0.000000000000000000e+00,1.939470767974853516e-01
0.000000000000000000e+00,1.686879247426986694e-01
0.000000000000000000e+00,1.489730924367904663e-01
0.000000000000000000e+00,1.739814877510070801e-01
0.000000000000000000e+00,1.608054041862487793e-01
0.000000000000000000e+00,1.584910154342651367e-01
0.000000000000000000e+00,1.567115485668182373e-01
0.000000000000000000e+00,1.595733463764190674e-01
0.000000000000000000e+00,1.899616718292236328e-01
0.000000000000000000e+00,1.572588235139846802e-01
0.000000000000000000e+00,1.564251929521560669e-01
0.000000000000000000e+00,1.455235481262207031e-01
0.000000000000000000e+00,2.204963862895965576e-01
0.000000000000000000e+00,2.510941028594970703e-01
0.000000000000000000e+00,1.883139759302139282e-01
0.000000000000000000e+00,2.272260785102844238e-01
0.000000000000000000e+00,1.568602919578552246e-01
0.000000000000000000e+00,2.572395205497741699e-01
0.000000000000000000e+00,1.554032564163208008e-01
0.000000000000000000e+00,1.739608049392700195e-01
0.000000000000000000e+00,2.235579937696456909e-01
0.000000000000000000e+00,1.690281480550765991e-01
0.000000000000000000e+00,1.725119054317474365e-01
0.000000000000000000e+00,1.851165592670440674e-01
0.000000000000000000e+00,2.219969928264617920e-01
0.000000000000000000e+00,1.845113784074783325e-01
0.000000000000000000e+00,1.905491203069686890e-01
0.000000000000000000e+00,1.675742864608764648e-01
0.000000000000000000e+00,1.492678076028823853e-01
0.000000000000000000e+00,1.770146787166595459e-01
0.000000000000000000e+00,1.905268430709838867e-01
0.000000000000000000e+00,2.720556259155273438e-01
0.000000000000000000e+00,1.806249022483825684e-01
0.000000000000000000e+00,1.821303963661193848e-01
0.000000000000000000e+00,1.708216965198516846e-01
0.000000000000000000e+00,1.989277899265289307e-01
0.000000000000000000e+00,1.874265372753143311e-01
0.000000000000000000e+00,1.938881129026412964e-01
0.000000000000000000e+00,1.697302460670471191e-01
0.000000000000000000e+00,1.718824952840805054e-01
0.000000000000000000e+00,1.976473331451416016e-01
0.000000000000000000e+00,1.833953261375427246e-01
0.000000000000000000e+00,1.549249589443206787e-01
0.000000000000000000e+00,1.841808855533599854e-01
0.000000000000000000e+00,1.902906298637390137e-01
0.000000000000000000e+00,2.069457620382308960e-01
0.000000000000000000e+00,3.269136548042297363e-01
0.000000000000000000e+00,2.911480069160461426e-01
0.000000000000000000e+00,1.938440352678298950e-01
0.000000000000000000e+00,1.666851788759231567e-01
0.000000000000000000e+00,2.244153916835784912e-01
0.000000000000000000e+00,1.846088469028472900e-01
0.000000000000000000e+00,2.518490850925445557e-01
0.000000000000000000e+00,1.773285567760467529e-01
0.000000000000000000e+00,3.233346939086914062e-01
0.000000000000000000e+00,1.710729897022247314e-01
0.000000000000000000e+00,1.638667136430740356e-01
0.000000000000000000e+00,1.497398018836975098e-01
0.000000000000000000e+00,1.963086277246475220e-01
0.000000000000000000e+00,3.214851617813110352e-01
0.000000000000000000e+00,2.847462296485900879e-01
0.000000000000000000e+00,2.438640147447586060e-01
0.000000000000000000e+00,1.788828223943710327e-01
0.000000000000000000e+00,1.993546783924102783e-01
0.000000000000000000e+00,1.686126589775085449e-01
0.000000000000000000e+00,1.674391180276870728e-01
0.000000000000000000e+00,1.799101531505584717e-01
0.000000000000000000e+00,1.626848876476287842e-01
0.000000000000000000e+00,1.358265727758407593e-01
0.000000000000000000e+00,1.444950997829437256e-01
0.000000000000000000e+00,1.517547219991683960e-01
0.000000000000000000e+00,2.394335567951202393e-01
0.000000000000000000e+00,1.167435944080352783e-01
0.000000000000000000e+00,1.693261265754699707e-01
0.000000000000000000e+00,1.563356667757034302e-01
0.000000000000000000e+00,1.705244779586791992e-01
0.000000000000000000e+00,1.642247140407562256e-01
0.000000000000000000e+00,1.684284806251525879e-01
0.000000000000000000e+00,1.661670804023742676e-01
0.000000000000000000e+00,1.416691243648529053e-01
0.000000000000000000e+00,1.730212420225143433e-01
0.000000000000000000e+00,1.536934375762939453e-01
0.000000000000000000e+00,2.074654996395111084e-01
0.000000000000000000e+00,1.787430942058563232e-01
0.000000000000000000e+00,2.211209237575531006e-01
0.000000000000000000e+00,1.779128164052963257e-01
0.000000000000000000e+00,1.440063863992691040e-01
0.000000000000000000e+00,1.677711158990859985e-01
0.000000000000000000e+00,1.700734198093414307e-01
0.000000000000000000e+00,1.548700183629989624e-01
0.000000000000000000e+00,1.612516939640045166e-01
0.000000000000000000e+00,1.445649862289428711e-01
0.000000000000000000e+00,1.426081806421279907e-01
0.000000000000000000e+00,2.129830718040466309e-01
0.000000000000000000e+00,1.281896084547042847e-01
0.000000000000000000e+00,1.460240334272384644e-01
0.000000000000000000e+00,1.168713867664337158e-01
0.000000000000000000e+00,1.593445986509323120e-01
0.000000000000000000e+00,1.346923410892486572e-01
0.000000000000000000e+00,1.440098881721496582e-01
0.000000000000000000e+00,1.386125236749649048e-01
0.000000000000000000e+00,1.320788860321044922e-01
0.000000000000000000e+00,1.562375575304031372e-01
0.000000000000000000e+00,1.456625759601593018e-01
0.000000000000000000e+00,1.509598940610885620e-01
0.000000000000000000e+00,1.693997234106063843e-01
0.000000000000000000e+00,1.451264619827270508e-01
0.000000000000000000e+00,1.429148614406585693e-01
0.000000000000000000e+00,1.535242646932601929e-01
0.000000000000000000e+00,1.702965945005416870e-01
0.000000000000000000e+00,1.694671809673309326e-01
0.000000000000000000e+00,1.479550898075103760e-01
0.000000000000000000e+00,1.399690657854080200e-01
0.000000000000000000e+00,1.541784852743148804e-01
0.000000000000000000e+00,1.404985934495925903e-01
0.000000000000000000e+00,1.950412392616271973e-01
0.000000000000000000e+00,1.506683528423309326e-01
0.000000000000000000e+00,1.452254951000213623e-01
0.000000000000000000e+00,1.494483947753906250e-01
0.000000000000000000e+00,1.591558605432510376e-01
0.000000000000000000e+00,1.575151234865188599e-01
0.000000000000000000e+00,1.708297878503799438e-01
0.000000000000000000e+00,1.444123089313507080e-01
0.000000000000000000e+00,1.399421840906143188e-01
0.000000000000000000e+00,1.476962417364120483e-01
0.000000000000000000e+00,1.413882523775100708e-01
0.000000000000000000e+00,3.135240077972412109e-01
0.000000000000000000e+00,1.577488631010055542e-01
0.000000000000000000e+00,1.336025893688201904e-01
0.000000000000000000e+00,2.032456994056701660e-01
0.000000000000000000e+00,2.312735617160797119e-01
0.000000000000000000e+00,1.728467494249343872e-01
0.000000000000000000e+00,3.365449309349060059e-01
0.000000000000000000e+00,2.021332085132598877e-01
0.000000000000000000e+00,1.655014902353286743e-01
0.000000000000000000e+00,1.730272620916366577e-01
0.000000000000000000e+00,1.917606890201568604e-01
0.000000000000000000e+00,1.371831297874450684e-01
0.000000000000000000e+00,1.966255903244018555e-01
0.000000000000000000e+00,1.798508167266845703e-01
0.000000000000000000e+00,1.979694068431854248e-01
0.000000000000000000e+00,2.091423422098159790e-01
0.000000000000000000e+00,1.947801709175109863e-01
0.000000000000000000e+00,1.826745867729187012e-01
0.000000000000000000e+00,1.581828147172927856e-01
0.000000000000000000e+00,1.568273603916168213e-01
0.000000000000000000e+00,1.481764316558837891e-01
0.000000000000000000e+00,2.080902755260467529e-01
0.000000000000000000e+00,1.567178666591644287e-01
0.000000000000000000e+00,1.734411716461181641e-01
0.000000000000000000e+00,1.449197083711624146e-01
0.000000000000000000e+00,1.784740686416625977e-01
0.000000000000000000e+00,2.094545960426330566e-01
0.000000000000000000e+00,1.968911290168762207e-01
0.000000000000000000e+00,1.899742633104324341e-01
0.000000000000000000e+00,1.454595923423767090e-01
0.000000000000000000e+00,1.639498174190521240e-01
0.000000000000000000e+00,1.893657445907592773e-01
0.000000000000000000e+00,1.951115131378173828e-01
0.000000000000000000e+00,2.032992541790008545e-01
0.000000000000000000e+00,2.006371617317199707e-01
0.000000000000000000e+00,1.781515628099441528e-01
0.000000000000000000e+00,1.380149424076080322e-01
0.000000000000000000e+00,1.603957563638687134e-01
0.000000000000000000e+00,1.600864529609680176e-01
0.000000000000000000e+00,1.863996684551239014e-01
0.000000000000000000e+00,1.633932441473007202e-01
0.000000000000000000e+00,1.605291366577148438e-01
0.000000000000000000e+00,2.058373242616653442e-01
0.000000000000000000e+00,1.944340914487838745e-01
0.000000000000000000e+00,3.257186114788055420e-01
0.000000000000000000e+00,3.128670454025268555e-01
0.000000000000000000e+00,3.123949766159057617e-01
0.000000000000000000e+00,2.956316769123077393e-01
0.000000000000000000e+00,1.928922533988952637e-01
0.000000000000000000e+00,1.661364287137985229e-01
0.000000000000000000e+00,1.756001561880111694e-01
0.000000000000000000e+00,1.491547375917434692e-01
0.000000000000000000e+00,1.676953732967376709e-01
0.000000000000000000e+00,1.466531455516815186e-01
0.000000000000000000e+00,1.957615166902542114e-01
0.000000000000000000e+00,1.704175025224685669e-01
0.000000000000000000e+00,1.513459086418151855e-01
0.000000000000000000e+00,1.779746264219284058e-01
0.000000000000000000e+00,1.778625398874282837e-01
0.000000000000000000e+00,1.587783694267272949e-01
0.000000000000000000e+00,1.432192623615264893e-01
0.000000000000000000e+00,1.712414473295211792e-01
0.000000000000000000e+00,1.600462496280670166e-01
0.000000000000000000e+00,1.470796167850494385e-01
0.000000000000000000e+00,1.653938293457031250e-01
0.000000000000000000e+00,1.613335609436035156e-01
0.000000000000000000e+00,1.545215398073196411e-01
0.000000000000000000e+00,2.152912020683288574e-01
0.000000000000000000e+00,1.413398087024688721e-01
0.000000000000000000e+00,2.182741016149520874e-01
0.000000000000000000e+00,1.822067648172378540e-01
0.000000000000000000e+00,2.001453638076782227e-01
0.000000000000000000e+00,1.635965108871459961e-01
0.000000000000000000e+00,2.055405229330062866e-01
0.000000000000000000e+00,1.584638357162475586e-01
0.000000000000000000e+00,1.661453545093536377e-01
0.000000000000000000e+00,1.760636568069458008e-01
0.000000000000000000e+00,1.654854714870452881e-01
0.000000000000000000e+00,2.386799007654190063e-01
0.000000000000000000e+00,1.573867350816726685e-01
0.000000000000000000e+00,2.033592164516448975e-01
0.000000000000000000e+00,2.166343033313751221e-01
0.000000000000000000e+00,2.350260913372039795e-01
0.000000000000000000e+00,2.311603873968124390e-01
0.000000000000000000e+00,1.744957119226455688e-01
0.000000000000000000e+00,1.575296074151992798e-01
0.000000000000000000e+00,2.010166943073272705e-01
0.000000000000000000e+00,1.774962246417999268e-01
0.000000000000000000e+00,1.602008491754531860e-01
0.000000000000000000e+00,2.172101140022277832e-01
0.000000000000000000e+00,1.992897391319274902e-01
0.000000000000000000e+00,1.686742901802062988e-01
0.000000000000000000e+00,1.731803119182586670e-01
0.000000000000000000e+00,1.975191831588745117e-01
0.000000000000000000e+00,2.175853252410888672e-01
0.000000000000000000e+00,3.187071084976196289e-01
0.000000000000000000e+00,1.624678969383239746e-01
0.000000000000000000e+00,1.693740636110305786e-01
0.000000000000000000e+00,1.414462625980377197e-01
0.000000000000000000e+00,1.911942362785339355e-01
0.000000000000000000e+00,1.881099641323089600e-01
0.000000000000000000e+00,1.835293769836425781e-01
0.000000000000000000e+00,2.417660802602767944e-01
0.000000000000000000e+00,1.455853581428527832e-01
0.000000000000000000e+00,2.044713348150253296e-01
0.000000000000000000e+00,1.725305318832397461e-01
0.000000000000000000e+00,1.634204238653182983e-01
0.000000000000000000e+00,1.361971199512481689e-01
0.000000000000000000e+00,1.920593529939651489e-01
0.000000000000000000e+00,1.882711797952651978e-01
0.000000000000000000e+00,1.633557081222534180e-01
0.000000000000000000e+00,2.119668573141098022e-01
0.000000000000000000e+00,1.711083352565765381e-01
0.000000000000000000e+00,1.582085341215133667e-01
0.000000000000000000e+00,1.606006622314453125e-01
0.000000000000000000e+00,1.426982432603836060e-01
0.000000000000000000e+00,1.574328243732452393e-01
0.000000000000000000e+00,1.599365174770355225e-01
0.000000000000000000e+00,2.397824376821517944e-01
0.000000000000000000e+00,2.153150737285614014e-01
0.000000000000000000e+00,1.597828716039657593e-01
0.000000000000000000e+00,2.096765935420989990e-01
0.000000000000000000e+00,2.596088051795959473e-01
0.000000000000000000e+00,1.897470355033874512e-01
0.000000000000000000e+00,1.780834347009658813e-01
0.000000000000000000e+00,2.072287946939468384e-01
0.000000000000000000e+00,1.853629201650619507e-01
0.000000000000000000e+00,1.996044218540191650e-01
0.000000000000000000e+00,1.898702234029769897e-01
0.000000000000000000e+00,1.719752997159957886e-01
0.000000000000000000e+00,1.826073974370956421e-01
0.000000000000000000e+00,2.121294885873794556e-01
0.000000000000000000e+00,1.656295955181121826e-01
0.000000000000000000e+00,1.728350222110748291e-01
0.000000000000000000e+00,1.842999756336212158e-01
0.000000000000000000e+00,1.714554131031036377e-01
0.000000000000000000e+00,1.814181804656982422e-01
0.000000000000000000e+00,2.097001820802688599e-01
0.000000000000000000e+00,2.366614043712615967e-01
0.000000000000000000e+00,1.801574826240539551e-01
0.000000000000000000e+00,1.533802747726440430e-01
0.000000000000000000e+00,1.717858463525772095e-01
0.000000000000000000e+00,2.288321256637573242e-01
0.000000000000000000e+00,2.159841060638427734e-01
0.000000000000000000e+00,1.908498406410217285e-01
0.000000000000000000e+00,1.662874221801757812e-01
0.000000000000000000e+00,1.669523119926452637e-01
0.000000000000000000e+00,1.726651191711425781e-01
0.000000000000000000e+00,1.967649310827255249e-01
0.000000000000000000e+00,2.012204676866531372e-01
0.000000000000000000e+00,2.149327695369720459e-01
0.000000000000000000e+00,2.071926444768905640e-01
0.000000000000000000e+00,1.559176146984100342e-01
0.000000000000000000e+00,1.687227487564086914e-01
0.000000000000000000e+00,1.791274249553680420e-01
0.000000000000000000e+00,1.722264289855957031e-01
0.000000000000000000e+00,1.875956952571868896e-01
0.000000000000000000e+00,2.431914806365966797e-01
0.000000000000000000e+00,1.472589820623397827e-01
0.000000000000000000e+00,1.636938899755477905e-01
0.000000000000000000e+00,1.833942830562591553e-01
0.000000000000000000e+00,1.521735638380050659e-01
0.000000000000000000e+00,1.595090031623840332e-01
0.000000000000000000e+00,1.971489787101745605e-01
0.000000000000000000e+00,1.667211800813674927e-01
0.000000000000000000e+00,1.233404502272605896e-01
0.000000000000000000e+00,1.762160360813140869e-01
0.000000000000000000e+00,1.887454390525817871e-01
0.000000000000000000e+00,1.431583762168884277e-01
0.000000000000000000e+00,1.797678917646408081e-01
0.000000000000000000e+00,1.527304202318191528e-01
0.000000000000000000e+00,1.724164336919784546e-01
0.000000000000000000e+00,1.793181300163269043e-01
0.000000000000000000e+00,1.753782480955123901e-01
0.000000000000000000e+00,1.676167845726013184e-01
0.000000000000000000e+00,1.625455021858215332e-01
0.000000000000000000e+00,1.439340412616729736e-01
0.000000000000000000e+00,1.692776083946228027e-01
0.000000000000000000e+00,1.892279684543609619e-01
0.000000000000000000e+00,1.644164472818374634e-01
0.000000000000000000e+00,2.100428044795989990e-01
0.000000000000000000e+00,1.601876169443130493e-01
0.000000000000000000e+00,1.549688875675201416e-01
0.000000000000000000e+00,1.694532036781311035e-01
0.000000000000000000e+00,1.456740796566009521e-01
0.000000000000000000e+00,1.450641006231307983e-01
0.000000000000000000e+00,1.286294013261795044e-01
0.000000000000000000e+00,2.033357173204421997e-01
0.000000000000000000e+00,1.447332203388214111e-01
0.000000000000000000e+00,2.080800533294677734e-01
0.000000000000000000e+00,1.758448779582977295e-01
0.000000000000000000e+00,1.265357285737991333e-01
0.000000000000000000e+00,1.476221382617950439e-01
0.000000000000000000e+00,1.375728845596313477e-01
0.000000000000000000e+00,1.402428746223449707e-01
0.000000000000000000e+00,1.593904197216033936e-01
0.000000000000000000e+00,1.584810614585876465e-01
0.000000000000000000e+00,1.815318763256072998e-01
0.000000000000000000e+00,1.830021739006042480e-01
0.000000000000000000e+00,1.763136535882949829e-01
0.000000000000000000e+00,1.750076860189437866e-01
0.000000000000000000e+00,1.946302354335784912e-01
0.000000000000000000e+00,1.762551218271255493e-01
0.000000000000000000e+00,1.731443554162979126e-01
0.000000000000000000e+00,1.960161328315734863e-01
0.000000000000000000e+00,1.725999712944030762e-01
0.000000000000000000e+00,1.461309343576431274e-01
0.000000000000000000e+00,1.789626181125640869e-01
0.000000000000000000e+00,2.427729964256286621e-01
0.000000000000000000e+00,1.940339356660842896e-01
0.000000000000000000e+00,2.816773653030395508e-01
0.000000000000000000e+00,1.978566497564315796e-01
0.000000000000000000e+00,1.863546073436737061e-01
0.000000000000000000e+00,1.622931808233261108e-01
0.000000000000000000e+00,1.570600122213363647e-01
0.000000000000000000e+00,1.416267156600952148e-01
0.000000000000000000e+00,2.015090733766555786e-01
0.000000000000000000e+00,3.180908262729644775e-01
0.000000000000000000e+00,2.363957166671752930e-01
0.000000000000000000e+00,1.934911310672760010e-01
0.000000000000000000e+00,1.574193239212036133e-01
0.000000000000000000e+00,1.699870526790618896e-01
1.000000000000000000e+00,4.118397831916809082e-01
1.000000000000000000e+00,5.329419970512390137e-01
1.000000000000000000e+00,5.316712260246276855e-01
1.000000000000000000e+00,3.866150677204132080e-01
1.000000000000000000e+00,4.111161530017852783e-01
1.000000000000000000e+00,4.217010438442230225e-01
1.000000000000000000e+00,4.468563795089721680e-01
1.000000000000000000e+00,3.825002312660217285e-01
1.000000000000000000e+00,4.404155611991882324e-01
1.000000000000000000e+00,4.152610599994659424e-01
1.000000000000000000e+00,4.461696147918701172e-01
1.000000000000000000e+00,4.680671691894531250e-01
1.000000000000000000e+00,4.474684894084930420e-01
1.000000000000000000e+00,3.953149616718292236e-01
1.000000000000000000e+00,3.700681924819946289e-01
1.000000000000000000e+00,3.681125640869140625e-01
1.000000000000000000e+00,3.642006814479827881e-01
1.000000000000000000e+00,3.612836599349975586e-01
1.000000000000000000e+00,4.554251730442047119e-01
1.000000000000000000e+00,3.259961605072021484e-01
1.000000000000000000e+00,4.328161776065826416e-01
1.000000000000000000e+00,4.186049699783325195e-01
1.000000000000000000e+00,3.875573575496673584e-01
1.000000000000000000e+00,4.342956542968750000e-01
1.000000000000000000e+00,4.823047518730163574e-01
1.000000000000000000e+00,3.790258169174194336e-01
1.000000000000000000e+00,4.085072576999664307e-01
1.000000000000000000e+00,4.452618360519409180e-01
1.000000000000000000e+00,4.350000917911529541e-01
1.000000000000000000e+00,4.274979829788208008e-01
1.000000000000000000e+00,4.455339014530181885e-01
1.000000000000000000e+00,3.914558291435241699e-01
1.000000000000000000e+00,4.811055064201354980e-01
1.000000000000000000e+00,3.614898622035980225e-01
1.000000000000000000e+00,3.933870792388916016e-01
1.000000000000000000e+00,3.985589742660522461e-01
1.000000000000000000e+00,3.841538429260253906e-01
1.000000000000000000e+00,4.075205624103546143e-01
1.000000000000000000e+00,3.304366469383239746e-01
1.000000000000000000e+00,3.915200233459472656e-01
1.000000000000000000e+00,4.057039320468902588e-01
1.000000000000000000e+00,5.255771279335021973e-01
1.000000000000000000e+00,3.833431601524353027e-01
1.000000000000000000e+00,4.435401558876037598e-01
1.000000000000000000e+00,3.238453865051269531e-01
1.000000000000000000e+00,4.050698280334472656e-01
1.000000000000000000e+00,4.004811346530914307e-01
1.000000000000000000e+00,3.739127218723297119e-01
1.000000000000000000e+00,4.113120138645172119e-01
1.000000000000000000e+00,3.897228837013244629e-01
1.000000000000000000e+00,3.672517538070678711e-01
1.000000000000000000e+00,3.990784883499145508e-01
1.000000000000000000e+00,4.029079079627990723e-01
1.000000000000000000e+00,3.929524123668670654e-01
1.000000000000000000e+00,3.935804963111877441e-01
1.000000000000000000e+00,3.974246084690093994e-01
1.000000000000000000e+00,4.276188313961029053e-01
1.000000000000000000e+00,3.822551369667053223e-01
1.000000000000000000e+00,3.151160478591918945e-01
1.000000000000000000e+00,4.192155599594116211e-01
1.000000000000000000e+00,5.133286714553833008e-01
1.000000000000000000e+00,4.577528238296508789e-01
1.000000000000000000e+00,4.548218846321105957e-01
1.000000000000000000e+00,4.206540286540985107e-01
1.000000000000000000e+00,3.985165953636169434e-01
1.000000000000000000e+00,3.328828215599060059e-01
1.000000000000000000e+00,3.816837966442108154e-01
1.000000000000000000e+00,3.811010122299194336e-01
1.000000000000000000e+00,4.095723032951354980e-01
1.000000000000000000e+00,3.753976225852966309e-01
1.000000000000000000e+00,4.352661669254302979e-01
1.000000000000000000e+00,4.069013595581054688e-01
1.000000000000000000e+00,2.929759025573730469e-01
1.000000000000000000e+00,4.338804483413696289e-01
1.000000000000000000e+00,4.313818812370300293e-01
1.000000000000000000e+00,4.294831156730651855e-01
1.000000000000000000e+00,4.033274352550506592e-01
1.000000000000000000e+00,4.791190624237060547e-01
1.000000000000000000e+00,3.800131678581237793e-01
1.000000000000000000e+00,4.231355488300323486e-01
1.000000000000000000e+00,3.676260411739349365e-01
1.000000000000000000e+00,3.783826231956481934e-01
1.000000000000000000e+00,4.703438580036163330e-01
1.000000000000000000e+00,4.331274330615997314e-01
1.000000000000000000e+00,3.782428205013275146e-01
1.000000000000000000e+00,4.543030560016632080e-01
1.000000000000000000e+00,3.735352754592895508e-01
1.000000000000000000e+00,4.421780407428741455e-01
1.000000000000000000e+00,4.547474086284637451e-01
1.000000000000000000e+00,4.124267697334289551e-01
1.000000000000000000e+00,3.877229690551757812e-01
1.000000000000000000e+00,4.625677168369293213e-01
1.000000000000000000e+00,3.569490611553192139e-01
1.000000000000000000e+00,4.604302942752838135e-01
1.000000000000000000e+00,4.097012877464294434e-01
1.000000000000000000e+00,4.487898051738739014e-01
1.000000000000000000e+00,3.894381523132324219e-01
1.000000000000000000e+00,4.049634039402008057e-01
1.000000000000000000e+00,3.927608728408813477e-01
1.000000000000000000e+00,4.577220082283020020e-01
1.000000000000000000e+00,3.825974464416503906e-01
1.000000000000000000e+00,3.688820600509643555e-01
1.000000000000000000e+00,3.694198131561279297e-01
1.000000000000000000e+00,4.606318473815917969e-01
1.000000000000000000e+00,4.147979319095611572e-01
1.000000000000000000e+00,4.688101410865783691e-01
1.000000000000000000e+00,4.142212569713592529e-01
1.000000000000000000e+00,4.207515120506286621e-01
1.000000000000000000e+00,5.955147743225097656e-01
1.000000000000000000e+00,4.238141775131225586e-01
1.000000000000000000e+00,4.409776329994201660e-01
1.000000000000000000e+00,4.263288080692291260e-01
1.000000000000000000e+00,4.478306472301483154e-01
1.000000000000000000e+00,5.104346275329589844e-01
1.000000000000000000e+00,4.587754011154174805e-01
1.000000000000000000e+00,3.809941112995147705e-01
1.000000000000000000e+00,4.121733307838439941e-01
1.000000000000000000e+00,3.623984456062316895e-01
1.000000000000000000e+00,3.975628912448883057e-01
1.000000000000000000e+00,3.733256161212921143e-01
1.000000000000000000e+00,4.247037172317504883e-01
1.000000000000000000e+00,3.696299195289611816e-01
1.000000000000000000e+00,3.268308639526367188e-01
1.000000000000000000e+00,4.369741082191467285e-01
1.000000000000000000e+00,4.288884401321411133e-01
1.000000000000000000e+00,2.937957942485809326e-01
1.000000000000000000e+00,3.945293426513671875e-01
1.000000000000000000e+00,4.455217123031616211e-01
1.000000000000000000e+00,4.351048171520233154e-01
1.000000000000000000e+00,4.292550384998321533e-01
1.000000000000000000e+00,4.576876163482666016e-01
1.000000000000000000e+00,4.295485317707061768e-01
1.000000000000000000e+00,4.233134984970092773e-01
1.000000000000000000e+00,4.121325016021728516e-01
1.000000000000000000e+00,4.530292153358459473e-01
1.000000000000000000e+00,4.445842802524566650e-01
1.000000000000000000e+00,3.626028299331665039e-01
1.000000000000000000e+00,4.062152504920959473e-01
1.000000000000000000e+00,4.210048317909240723e-01
1.000000000000000000e+00,3.860653638839721680e-01
1.000000000000000000e+00,3.401412963867187500e-01
1.000000000000000000e+00,4.010933339595794678e-01
1.000000000000000000e+00,3.774406611919403076e-01
1.000000000000000000e+00,4.310541749000549316e-01
1.000000000000000000e+00,3.503572642803192139e-01
1.000000000000000000e+00,3.990161716938018799e-01
1.000000000000000000e+00,4.416535496711730957e-01
1.000000000000000000e+00,3.954672217369079590e-01
1.000000000000000000e+00,4.237043857574462891e-01
1.000000000000000000e+00,5.204581618309020996e-01
1.000000000000000000e+00,3.897208571434020996e-01
1.000000000000000000e+00,3.955933749675750732e-01
1.000000000000000000e+00,4.436646103858947754e-01
1.000000000000000000e+00,3.525429964065551758e-01
1.000000000000000000e+00,4.418278038501739502e-01
1.000000000000000000e+00,4.424600601196289062e-01
1.000000000000000000e+00,3.628402650356292725e-01
1.000000000000000000e+00,4.027561247348785400e-01
1.000000000000000000e+00,3.844478726387023926e-01
1.000000000000000000e+00,3.586220443248748779e-01
1.000000000000000000e+00,3.613185286521911621e-01
1.000000000000000000e+00,4.105064272880554199e-01
1.000000000000000000e+00,3.968982100486755371e-01
1.000000000000000000e+00,3.906639814376831055e-01
1.000000000000000000e+00,3.872213363647460938e-01
1.000000000000000000e+00,4.196577072143554688e-01
1.000000000000000000e+00,3.483892083168029785e-01
1.000000000000000000e+00,3.991255760192871094e-01
1.000000000000000000e+00,4.114840030670166016e-01
1.000000000000000000e+00,3.956793248653411865e-01
1.000000000000000000e+00,5.484127998352050781e-01
1.000000000000000000e+00,4.550322890281677246e-01
1.000000000000000000e+00,4.175567328929901123e-01
1.000000000000000000e+00,4.357759952545166016e-01
1.000000000000000000e+00,3.484121859073638916e-01
1.000000000000000000e+00,4.103794693946838379e-01
1.000000000000000000e+00,3.561536371707916260e-01
1.000000000000000000e+00,4.310302734375000000e-01
1.000000000000000000e+00,4.958220124244689941e-01
1.000000000000000000e+00,4.666875898838043213e-01
1.000000000000000000e+00,3.800931572914123535e-01
1.000000000000000000e+00,3.765949606895446777e-01
1.000000000000000000e+00,3.616073131561279297e-01
1.000000000000000000e+00,4.716553986072540283e-01
1.000000000000000000e+00,4.191727340221405029e-01
1.000000000000000000e+00,4.241223335266113281e-01
1.000000000000000000e+00,3.984484076499938965e-01
1.000000000000000000e+00,4.177028536796569824e-01
1.000000000000000000e+00,4.852460026741027832e-01
1.000000000000000000e+00,4.060352444648742676e-01
1.000000000000000000e+00,3.897754549980163574e-01
1.000000000000000000e+00,3.560539186000823975e-01
1.000000000000000000e+00,3.711198866367340088e-01
1.000000000000000000e+00,4.478133022785186768e-01
1.000000000000000000e+00,3.888090252876281738e-01
1.000000000000000000e+00,4.065335392951965332e-01
1.000000000000000000e+00,4.928903579711914062e-01
1.000000000000000000e+00,4.056019186973571777e-01
1.000000000000000000e+00,4.367019534111022949e-01
1.000000000000000000e+00,4.578545391559600830e-01
1.000000000000000000e+00,4.393399357795715332e-01
1.000000000000000000e+00,3.845953643321990967e-01
1.000000000000000000e+00,4.267331063747406006e-01
1.000000000000000000e+00,3.644437789916992188e-01
1.000000000000000000e+00,3.836962580680847168e-01
1.000000000000000000e+00,4.577461779117584229e-01
1.000000000000000000e+00,4.065318703651428223e-01
1.000000000000000000e+00,3.647589683532714844e-01
1.000000000000000000e+00,3.834942579269409180e-01
1.000000000000000000e+00,4.209908246994018555e-01
1.000000000000000000e+00,4.542071819305419922e-01
1.000000000000000000e+00,4.164195060729980469e-01
1.000000000000000000e+00,3.838355839252471924e-01
1.000000000000000000e+00,3.598201274871826172e-01
1.000000000000000000e+00,4.867081344127655029e-01
1.000000000000000000e+00,3.992204070091247559e-01
1.000000000000000000e+00,5.139339566230773926e-01
1.000000000000000000e+00,4.053398966789245605e-01
1.000000000000000000e+00,3.991723954677581787e-01
1.000000000000000000e+00,3.913398385047912598e-01
1.000000000000000000e+00,4.356082081794738770e-01
1.000000000000000000e+00,4.465734660625457764e-01
1.000000000000000000e+00,4.538600444793701172e-01
1.000000000000000000e+00,4.992829263210296631e-01
1.000000000000000000e+00,4.675242304801940918e-01
1.000000000000000000e+00,3.911943435668945312e-01
1.000000000000000000e+00,3.494124412536621094e-01
1.000000000000000000e+00,3.428253531455993652e-01
1.000000000000000000e+00,3.593079149723052979e-01
1.000000000000000000e+00,3.729597926139831543e-01
1.000000000000000000e+00,4.488316178321838379e-01
1.000000000000000000e+00,3.865655660629272461e-01
1.000000000000000000e+00,3.796474337577819824e-01
1.000000000000000000e+00,4.408064186573028564e-01
1.000000000000000000e+00,4.660635292530059814e-01
1.000000000000000000e+00,4.481047391891479492e-01
1.000000000000000000e+00,4.238244295120239258e-01
1.000000000000000000e+00,4.079388380050659180e-01
1.000000000000000000e+00,4.325372576713562012e-01
1.000000000000000000e+00,3.992447257041931152e-01
1.000000000000000000e+00,3.950609564781188965e-01
1.000000000000000000e+00,3.623256087303161621e-01
1.000000000000000000e+00,4.254183173179626465e-01
1.000000000000000000e+00,3.260037004947662354e-01
1.000000000000000000e+00,4.264895617961883545e-01
1.000000000000000000e+00,4.593698978424072266e-01
1.000000000000000000e+00,4.160366654396057129e-01
1.000000000000000000e+00,3.935688734054565430e-01
1.000000000000000000e+00,4.125237166881561279e-01
1.000000000000000000e+00,4.427278935909271240e-01
1.000000000000000000e+00,4.624560475349426270e-01
1.000000000000000000e+00,3.310520648956298828e-01
1.000000000000000000e+00,3.802158236503601074e-01
1.000000000000000000e+00,4.496666789054870605e-01
1.000000000000000000e+00,4.139292538166046143e-01
1.000000000000000000e+00,4.842123389244079590e-01
1.000000000000000000e+00,4.071014523506164551e-01
1.000000000000000000e+00,4.124941825866699219e-01
1.000000000000000000e+00,3.842036724090576172e-01
1.000000000000000000e+00,4.498826563358306885e-01
1.000000000000000000e+00,3.294589519500732422e-01
1.000000000000000000e+00,3.889050483703613281e-01
1.000000000000000000e+00,4.381064474582672119e-01
1.000000000000000000e+00,5.183985829353332520e-01
1.000000000000000000e+00,3.896761536598205566e-01
1.000000000000000000e+00,4.502489864826202393e-01
1.000000000000000000e+00,4.016878008842468262e-01
1.000000000000000000e+00,3.541515767574310303e-01
1.000000000000000000e+00,3.876276910305023193e-01
1.000000000000000000e+00,3.425129354000091553e-01
1.000000000000000000e+00,4.234623312950134277e-01
1.000000000000000000e+00,3.479831218719482422e-01
1.000000000000000000e+00,4.014197885990142822e-01
1.000000000000000000e+00,3.975451588630676270e-01
1.000000000000000000e+00,3.727775812149047852e-01
1.000000000000000000e+00,3.911619782447814941e-01
1.000000000000000000e+00,4.253261387348175049e-01
1.000000000000000000e+00,3.554221987724304199e-01
1.000000000000000000e+00,4.128482341766357422e-01
1.000000000000000000e+00,3.588487207889556885e-01
1.000000000000000000e+00,3.928915262222290039e-01
1.000000000000000000e+00,4.619322419166564941e-01
1.000000000000000000e+00,4.466361403465270996e-01
1.000000000000000000e+00,4.047590494155883789e-01
1.000000000000000000e+00,4.281905889511108398e-01
1.000000000000000000e+00,4.473676085472106934e-01
1.000000000000000000e+00,3.343250751495361328e-01
1.000000000000000000e+00,3.910309970378875732e-01
1.000000000000000000e+00,3.871573209762573242e-01
1.000000000000000000e+00,4.176208376884460449e-01
1.000000000000000000e+00,4.145824611186981201e-01
1.000000000000000000e+00,4.423738121986389160e-01
1.000000000000000000e+00,4.771304726600646973e-01
1.000000000000000000e+00,3.417916595935821533e-01
1.000000000000000000e+00,3.929013907909393311e-01
1.000000000000000000e+00,4.110435247421264648e-01
1.000000000000000000e+00,3.829198479652404785e-01
1.000000000000000000e+00,3.965216875076293945e-01
1.000000000000000000e+00,3.759840428829193115e-01
1.000000000000000000e+00,4.367891252040863037e-01
1.000000000000000000e+00,4.625295996665954590e-01
1.000000000000000000e+00,4.057105481624603271e-01
1.000000000000000000e+00,4.077419638633728027e-01
1.000000000000000000e+00,4.279013276100158691e-01
1.000000000000000000e+00,4.893221855163574219e-01
1.000000000000000000e+00,4.426877498626708984e-01
1.000000000000000000e+00,4.717138409614562988e-01
1.000000000000000000e+00,4.351383149623870850e-01
1.000000000000000000e+00,4.570950865745544434e-01
1.000000000000000000e+00,4.713591933250427246e-01
1.000000000000000000e+00,4.197264015674591064e-01
1.000000000000000000e+00,4.613192379474639893e-01
1.000000000000000000e+00,4.402429461479187012e-01
1.000000000000000000e+00,3.623661994934082031e-01
1.000000000000000000e+00,5.331021547317504883e-01
1.000000000000000000e+00,4.033129811286926270e-01
1.000000000000000000e+00,4.611099660396575928e-01
1.000000000000000000e+00,4.372482299804687500e-01
1.000000000000000000e+00,4.964329600334167480e-01
1.000000000000000000e+00,5.163375735282897949e-01
1.000000000000000000e+00,4.874058961868286133e-01
1.000000000000000000e+00,4.159798026084899902e-01
1.000000000000000000e+00,4.464960098266601562e-01
1.000000000000000000e+00,4.569991230964660645e-01
1.000000000000000000e+00,3.949400186538696289e-01
1.000000000000000000e+00,3.564520478248596191e-01
1.000000000000000000e+00,4.728625416755676270e-01
1.000000000000000000e+00,4.141829609870910645e-01
1.000000000000000000e+00,4.413655996322631836e-01
1.000000000000000000e+00,4.571888446807861328e-01
1.000000000000000000e+00,3.559539318084716797e-01
1.000000000000000000e+00,4.025465846061706543e-01
1.000000000000000000e+00,4.008685648441314697e-01
1.000000000000000000e+00,4.405187964439392090e-01
1.000000000000000000e+00,3.064790666103363037e-01
1.000000000000000000e+00,5.154010057449340820e-01
1.000000000000000000e+00,4.313057363033294678e-01
1.000000000000000000e+00,3.723484873771667480e-01
1.000000000000000000e+00,4.823855161666870117e-01
1.000000000000000000e+00,3.651134967803955078e-01
1.000000000000000000e+00,4.869623780250549316e-01
1.000000000000000000e+00,4.035750627517700195e-01
1.000000000000000000e+00,3.988681137561798096e-01
1.000000000000000000e+00,4.533297717571258545e-01
1.000000000000000000e+00,2.925746142864227295e-01
1.000000000000000000e+00,4.153055548667907715e-01
1.000000000000000000e+00,4.234136343002319336e-01
1.000000000000000000e+00,4.167208671569824219e-01
1.000000000000000000e+00,3.464038074016571045e-01
1.000000000000000000e+00,4.076631069183349609e-01
1.000000000000000000e+00,5.134956240653991699e-01
1.000000000000000000e+00,3.738748431205749512e-01
1.000000000000000000e+00,3.953960239887237549e-01
1.000000000000000000e+00,3.637979626655578613e-01
1.000000000000000000e+00,3.488729000091552734e-01
1.000000000000000000e+00,3.749125599861145020e-01
1.000000000000000000e+00,3.769025802612304688e-01
1.000000000000000000e+00,4.120626449584960938e-01
1.000000000000000000e+00,3.135813176631927490e-01
1.000000000000000000e+00,3.534322082996368408e-01
1.000000000000000000e+00,3.723243772983551025e-01
1.000000000000000000e+00,4.838357567787170410e-01
1.000000000000000000e+00,3.609686791896820068e-01
1.000000000000000000e+00,4.020223319530487061e-01
1.000000000000000000e+00,3.967616558074951172e-01
1.000000000000000000e+00,4.079973101615905762e-01
1.000000000000000000e+00,3.831939995288848877e-01
1.000000000000000000e+00,3.275369107723236084e-01
1.000000000000000000e+00,4.031943678855895996e-01
1.000000000000000000e+00,3.624317049980163574e-01
1.000000000000000000e+00,3.454458713531494141e-01
1.000000000000000000e+00,5.370953083038330078e-01
1.000000000000000000e+00,4.242547750473022461e-01
1.000000000000000000e+00,3.477790355682373047e-01
1.000000000000000000e+00,4.546243548393249512e-01
1.000000000000000000e+00,4.021311104297637939e-01
1.000000000000000000e+00,3.916370272636413574e-01
1.000000000000000000e+00,4.405379891395568848e-01
1.000000000000000000e+00,4.108829498291015625e-01
1.000000000000000000e+00,3.420024216175079346e-01
1.000000000000000000e+00,3.373550772666931152e-01
1.000000000000000000e+00,3.495960533618927002e-01
1.000000000000000000e+00,3.891722559928894043e-01
1.000000000000000000e+00,4.828628897666931152e-01
1.000000000000000000e+00,4.447914361953735352e-01
1.000000000000000000e+00,4.887090325355529785e-01
1.000000000000000000e+00,3.571424186229705811e-01
1.000000000000000000e+00,3.997854292392730713e-01
1.000000000000000000e+00,3.194044232368469238e-01
1.000000000000000000e+00,3.607852160930633545e-01
1.000000000000000000e+00,3.559379577636718750e-01
1.000000000000000000e+00,3.967353701591491699e-01
1.000000000000000000e+00,3.913203477859497070e-01
1.000000000000000000e+00,3.659663796424865723e-01
1.000000000000000000e+00,5.626706480979919434e-01
1.000000000000000000e+00,4.153931140899658203e-01
1.000000000000000000e+00,4.684489667415618896e-01
1.000000000000000000e+00,3.952773511409759521e-01
1.000000000000000000e+00,3.463755548000335693e-01
1.000000000000000000e+00,3.351954817771911621e-01
1.000000000000000000e+00,3.960304260253906250e-01
1.000000000000000000e+00,4.108639955520629883e-01
1.000000000000000000e+00,4.522903561592102051e-01
1.000000000000000000e+00,4.065133333206176758e-01
1.000000000000000000e+00,3.937911689281463623e-01
1.000000000000000000e+00,3.953729867935180664e-01
1.000000000000000000e+00,4.247387647628784180e-01
1.000000000000000000e+00,5.157809853553771973e-01
1.000000000000000000e+00,3.840887248516082764e-01
1.000000000000000000e+00,3.606038689613342285e-01
1.000000000000000000e+00,3.933273851871490479e-01
1.000000000000000000e+00,3.489901721477508545e-01
1.000000000000000000e+00,3.648612201213836670e-01
1.000000000000000000e+00,4.404180347919464111e-01
1.000000000000000000e+00,4.255895018577575684e-01
1.000000000000000000e+00,3.326098918914794922e-01
1.000000000000000000e+00,4.237765073776245117e-01
1.000000000000000000e+00,4.370470643043518066e-01
1.000000000000000000e+00,3.858727216720581055e-01
1.000000000000000000e+00,3.785927295684814453e-01
1.000000000000000000e+00,4.492577910423278809e-01
1.000000000000000000e+00,3.740989565849304199e-01
1.000000000000000000e+00,3.761835694313049316e-01
1.000000000000000000e+00,4.199115037918090820e-01
1.000000000000000000e+00,3.454221487045288086e-01
1.000000000000000000e+00,4.058308601379394531e-01
1.000000000000000000e+00,4.645202755928039551e-01
1.000000000000000000e+00,3.770756125450134277e-01
1.000000000000000000e+00,4.860727787017822266e-01
1.000000000000000000e+00,4.010770320892333984e-01
1.000000000000000000e+00,3.637591600418090820e-01
1.000000000000000000e+00,3.682407438755035400e-01
1.000000000000000000e+00,4.082008004188537598e-01
1.000000000000000000e+00,3.928732275962829590e-01
1.000000000000000000e+00,3.712957203388214111e-01
1.000000000000000000e+00,3.758780360221862793e-01
1.000000000000000000e+00,3.959975838661193848e-01
1.000000000000000000e+00,3.432708978652954102e-01
1.000000000000000000e+00,4.341113269329071045e-01
1.000000000000000000e+00,4.121075272560119629e-01
1.000000000000000000e+00,3.401373624801635742e-01
1.000000000000000000e+00,3.513943254947662354e-01
1.000000000000000000e+00,4.339010417461395264e-01
1.000000000000000000e+00,4.016592502593994141e-01
1.000000000000000000e+00,4.608958065509796143e-01
1.000000000000000000e+00,3.901938199996948242e-01
1.000000000000000000e+00,4.971455633640289307e-01
1.000000000000000000e+00,4.338933825492858887e-01
1.000000000000000000e+00,4.570837616920471191e-01
1.000000000000000000e+00,4.244830608367919922e-01
1.000000000000000000e+00,3.555199503898620605e-01
1.000000000000000000e+00,5.122531652450561523e-01
1.000000000000000000e+00,4.326868057250976562e-01
1.000000000000000000e+00,4.009034037590026855e-01
1.000000000000000000e+00,4.029259383678436279e-01
1.000000000000000000e+00,3.215108811855316162e-01
1.000000000000000000e+00,3.163747489452362061e-01
1.000000000000000000e+00,4.768874645233154297e-01
1.000000000000000000e+00,3.875425755977630615e-01
1.000000000000000000e+00,4.554144740104675293e-01
1.000000000000000000e+00,4.681243300437927246e-01
1.000000000000000000e+00,4.100371301174163818e-01
1.000000000000000000e+00,4.340282082557678223e-01
1.000000000000000000e+00,3.624967038631439209e-01
1.000000000000000000e+00,3.866615295410156250e-01
1.000000000000000000e+00,3.947251141071319580e-01
1.000000000000000000e+00,4.503282308578491211e-01
1.000000000000000000e+00,3.385406732559204102e-01
1.000000000000000000e+00,4.147677719593048096e-01
1.000000000000000000e+00,4.422147274017333984e-01
1.000000000000000000e+00,3.942006528377532959e-01
1.000000000000000000e+00,4.201174378395080566e-01
1.000000000000000000e+00,4.186476469039916992e-01
1.000000000000000000e+00,4.116989672183990479e-01
1.000000000000000000e+00,3.555282056331634521e-01
1.000000000000000000e+00,3.569798469543457031e-01
1.000000000000000000e+00,3.827477693557739258e-01
1.000000000000000000e+00,3.780139684677124023e-01
1.000000000000000000e+00,3.861890435218811035e-01
1.000000000000000000e+00,5.726275444030761719e-01
1.000000000000000000e+00,4.086031019687652588e-01
1.000000000000000000e+00,5.176434516906738281e-01
1.000000000000000000e+00,4.228059649467468262e-01
1.000000000000000000e+00,4.342474341392517090e-01
1.000000000000000000e+00,4.126759767532348633e-01
1.000000000000000000e+00,5.231097340583801270e-01
1.000000000000000000e+00,4.081663489341735840e-01
1.000000000000000000e+00,4.135586023330688477e-01
1.000000000000000000e+00,3.518384099006652832e-01
1.000000000000000000e+00,3.649495542049407959e-01
1.000000000000000000e+00,4.263223707675933838e-01
1.000000000000000000e+00,3.842037916183471680e-01
1.000000000000000000e+00,3.425467014312744141e-01
1.000000000000000000e+00,4.687916636466979980e-01
1.000000000000000000e+00,4.130126833915710449e-01
1.000000000000000000e+00,3.954849839210510254e-01
1.000000000000000000e+00,3.921960294246673584e-01
1.000000000000000000e+00,3.620150983333587646e-01
1.000000000000000000e+00,4.033359289169311523e-01
1.000000000000000000e+00,3.657273054122924805e-01
1.000000000000000000e+00,3.908164501190185547e-01
1.000000000000000000e+00,5.930162668228149414e-01
1.000000000000000000e+00,3.459599912166595459e-01
1.000000000000000000e+00,4.172174930572509766e-01
1.000000000000000000e+00,4.535183906555175781e-01
1.000000000000000000e+00,4.053824841976165771e-01
1.000000000000000000e+00,4.770276546478271484e-01
1.000000000000000000e+00,3.796437382698059082e-01
1.000000000000000000e+00,4.091817438602447510e-01
1.000000000000000000e+00,5.797071456909179688e-01
1.000000000000000000e+00,3.792908191680908203e-01
1.000000000000000000e+00,4.290169775485992432e-01
1.000000000000000000e+00,3.934571146965026855e-01
1.000000000000000000e+00,4.496122598648071289e-01
1.000000000000000000e+00,4.556204378604888916e-01
1.000000000000000000e+00,2.949131727218627930e-01
1.000000000000000000e+00,4.264643788337707520e-01
1.000000000000000000e+00,3.625035881996154785e-01
1.000000000000000000e+00,4.284680485725402832e-01
1.000000000000000000e+00,4.532338380813598633e-01
1.000000000000000000e+00,4.661026000976562500e-01
1.000000000000000000e+00,4.055088460445404053e-01
1.000000000000000000e+00,3.358863890171051025e-01
1.000000000000000000e+00,4.110821485519409180e-01
1.000000000000000000e+00,4.034826159477233887e-01
1.000000000000000000e+00,3.473139107227325439e-01
1.000000000000000000e+00,3.601910769939422607e-01
1.000000000000000000e+00,3.580988645553588867e-01
1.000000000000000000e+00,3.196682631969451904e-01
1.000000000000000000e+00,6.036179661750793457e-01
1.000000000000000000e+00,3.990432620048522949e-01
1.000000000000000000e+00,3.704410791397094727e-01
1.000000000000000000e+00,4.236650466918945312e-01
1.000000000000000000e+00,3.286858797073364258e-01
1.000000000000000000e+00,4.067754447460174561e-01
1.000000000000000000e+00,4.512473344802856445e-01
1.000000000000000000e+00,5.482529401779174805e-01
1.000000000000000000e+00,4.524352550506591797e-01
1.000000000000000000e+00,4.462960958480834961e-01
1.000000000000000000e+00,4.050185680389404297e-01
1.000000000000000000e+00,3.998111784458160400e-01
1.000000000000000000e+00,4.708126187324523926e-01
1.000000000000000000e+00,3.754422068595886230e-01
1.000000000000000000e+00,4.158009290695190430e-01
1.000000000000000000e+00,4.132006168365478516e-01
1.000000000000000000e+00,4.109438955783843994e-01
1.000000000000000000e+00,3.782068192958831787e-01
1.000000000000000000e+00,3.862091898918151855e-01
1.000000000000000000e+00,4.337656795978546143e-01
1.000000000000000000e+00,4.308450818061828613e-01
1.000000000000000000e+00,3.723639249801635742e-01
1.000000000000000000e+00,4.205333292484283447e-01
1.000000000000000000e+00,4.051210284233093262e-01
1.000000000000000000e+00,3.621934056282043457e-01
1.000000000000000000e+00,4.170701503753662109e-01
1.000000000000000000e+00,4.669824242591857910e-01
1.000000000000000000e+00,3.263215422630310059e-01
1.000000000000000000e+00,5.092441439628601074e-01
1.000000000000000000e+00,3.729023337364196777e-01
1.000000000000000000e+00,4.421238303184509277e-01
1.000000000000000000e+00,3.939136266708374023e-01
1.000000000000000000e+00,3.755035102367401123e-01
1.000000000000000000e+00,3.708325922489166260e-01
1.000000000000000000e+00,4.309073388576507568e-01
1.000000000000000000e+00,4.002478122711181641e-01
1.000000000000000000e+00,3.862676322460174561e-01
1.000000000000000000e+00,4.080118834972381592e-01
1.000000000000000000e+00,4.325575530529022217e-01
1.000000000000000000e+00,4.183610975742340088e-01
1.000000000000000000e+00,5.088171362876892090e-01
1.000000000000000000e+00,4.362998008728027344e-01
1.000000000000000000e+00,4.071071147918701172e-01
1.000000000000000000e+00,3.771331608295440674e-01
1.000000000000000000e+00,3.676809072494506836e-01
1.000000000000000000e+00,3.801409304141998291e-01
1.000000000000000000e+00,4.102744162082672119e-01
1.000000000000000000e+00,4.564051032066345215e-01
1.000000000000000000e+00,5.085030198097229004e-01
1.000000000000000000e+00,4.229311943054199219e-01
1.000000000000000000e+00,5.057888031005859375e-01
1.000000000000000000e+00,4.583787918090820312e-01
1.000000000000000000e+00,3.554174602031707764e-01
1.000000000000000000e+00,4.395548105239868164e-01
1.000000000000000000e+00,4.559007883071899414e-01
1.000000000000000000e+00,4.807878732681274414e-01
1.000000000000000000e+00,4.021544456481933594e-01
1.000000000000000000e+00,4.512039422988891602e-01
1.000000000000000000e+00,4.544990360736846924e-01
1.000000000000000000e+00,4.271283149719238281e-01
1.000000000000000000e+00,4.133254289627075195e-01
1.000000000000000000e+00,5.178270339965820312e-01
1.000000000000000000e+00,4.429773092269897461e-01
1.000000000000000000e+00,3.868463039398193359e-01
1.000000000000000000e+00,3.608140349388122559e-01
1.000000000000000000e+00,3.827242255210876465e-01
1.000000000000000000e+00,3.594202399253845215e-01
1.000000000000000000e+00,3.957166373729705811e-01
1.000000000000000000e+00,3.544787168502807617e-01
1.000000000000000000e+00,3.886683583259582520e-01
1.000000000000000000e+00,4.837276339530944824e-01
1.000000000000000000e+00,4.127897024154663086e-01
1.000000000000000000e+00,4.440877139568328857e-01
1.000000000000000000e+00,4.533770680427551270e-01
1.000000000000000000e+00,2.901750206947326660e-01
1.000000000000000000e+00,4.221059083938598633e-01
1.000000000000000000e+00,4.051836729049682617e-01
1.000000000000000000e+00,4.517330527305603027e-01
1.000000000000000000e+00,3.877080976963043213e-01
1.000000000000000000e+00,3.108558058738708496e-01
1.000000000000000000e+00,3.704938590526580811e-01
1.000000000000000000e+00,3.469968736171722412e-01
1.000000000000000000e+00,3.771423101425170898e-01
1.000000000000000000e+00,3.914760649204254150e-01
1.000000000000000000e+00,3.820792138576507568e-01
1.000000000000000000e+00,4.487819671630859375e-01
1.000000000000000000e+00,3.638168275356292725e-01
1.000000000000000000e+00,4.453409314155578613e-01
1.000000000000000000e+00,5.139003396034240723e-01
1.000000000000000000e+00,2.819427251815795898e-01
1.000000000000000000e+00,3.988219499588012695e-01
1.000000000000000000e+00,3.746284842491149902e-01
1.000000000000000000e+00,4.397506713867187500e-01
1.000000000000000000e+00,4.248324334621429443e-01
1.000000000000000000e+00,4.319957792758941650e-01
1.000000000000000000e+00,3.866457045078277588e-01
1.000000000000000000e+00,3.388520777225494385e-01
1.000000000000000000e+00,4.388441443443298340e-01
1.000000000000000000e+00,4.476216733455657959e-01
1.000000000000000000e+00,3.306904137134552002e-01
1.000000000000000000e+00,4.207917153835296631e-01
1.000000000000000000e+00,3.411830067634582520e-01
1.000000000000000000e+00,3.637862205505371094e-01
1.000000000000000000e+00,4.348789453506469727e-01
1.000000000000000000e+00,3.721350133419036865e-01
1.000000000000000000e+00,3.908130526542663574e-01
1.000000000000000000e+00,4.521657228469848633e-01
1.000000000000000000e+00,4.187576770782470703e-01
1.000000000000000000e+00,5.543767809867858887e-01
1.000000000000000000e+00,4.444964826107025146e-01
1.000000000000000000e+00,4.683175384998321533e-01
1.000000000000000000e+00,4.210271835327148438e-01
1.000000000000000000e+00,3.849051892757415771e-01
1.000000000000000000e+00,3.983111977577209473e-01
1.000000000000000000e+00,4.117325246334075928e-01
1.000000000000000000e+00,4.181147813796997070e-01
1.000000000000000000e+00,3.507391214370727539e-01
1.000000000000000000e+00,5.193119645118713379e-01
1.000000000000000000e+00,4.276997148990631104e-01
1.000000000000000000e+00,4.271468520164489746e-01
1.000000000000000000e+00,4.468895196914672852e-01
1.000000000000000000e+00,4.660156369209289551e-01
1.000000000000000000e+00,5.091818571090698242e-01
1.000000000000000000e+00,4.576339721679687500e-01
1.000000000000000000e+00,4.951014220714569092e-01
1.000000000000000000e+00,3.955422043800354004e-01
1.000000000000000000e+00,4.214840531349182129e-01
1.000000000000000000e+00,4.565467536449432373e-01
1.000000000000000000e+00,5.015451908111572266e-01
1.000000000000000000e+00,4.479696452617645264e-01
1.000000000000000000e+00,4.530656337738037109e-01
1.000000000000000000e+00,5.884433984756469727e-01
1.000000000000000000e+00,3.888812065124511719e-01
1.000000000000000000e+00,4.592674374580383301e-01
1.000000000000000000e+00,3.683517575263977051e-01
1.000000000000000000e+00,3.926912546157836914e-01
1.000000000000000000e+00,3.657715320587158203e-01
1.000000000000000000e+00,4.944767951965332031e-01
1.000000000000000000e+00,3.628679811954498291e-01
1.000000000000000000e+00,4.191963076591491699e-01
1.000000000000000000e+00,3.961148858070373535e-01
1.000000000000000000e+00,3.850440979003906250e-01
1.000000000000000000e+00,5.300943851470947266e-01
1.000000000000000000e+00,3.860655426979064941e-01
1.000000000000000000e+00,4.285461604595184326e-01
1.000000000000000000e+00,3.153586685657501221e-01
1.000000000000000000e+00,3.683929443359375000e-01
1.000000000000000000e+00,3.766672015190124512e-01
1.000000000000000000e+00,3.230343461036682129e-01
1.000000000000000000e+00,3.930878043174743652e-01
1.000000000000000000e+00,4.486785531044006348e-01
1.000000000000000000e+00,4.003445506095886230e-01
1.000000000000000000e+00,3.727470040321350098e-01
1.000000000000000000e+00,3.411917984485626221e-01
1.000000000000000000e+00,3.310874104499816895e-01
1.000000000000000000e+00,3.515565395355224609e-01
1.000000000000000000e+00,3.630350530147552490e-01
1.000000000000000000e+00,3.519730567932128906e-01
1.000000000000000000e+00,4.792133569717407227e-01
1.000000000000000000e+00,3.637977540493011475e-01
1.000000000000000000e+00,4.270992279052734375e-01
1.000000000000000000e+00,4.275655448436737061e-01
1.000000000000000000e+00,3.596069812774658203e-01
1.000000000000000000e+00,3.107399344444274902e-01
1.000000000000000000e+00,5.053730010986328125e-01
1.000000000000000000e+00,4.146220684051513672e-01
1.000000000000000000e+00,3.371729552745819092e-01
1.000000000000000000e+00,3.976295590400695801e-01
1.000000000000000000e+00,4.175308346748352051e-01
1.000000000000000000e+00,4.199876487255096436e-01
1.000000000000000000e+00,4.521324038505554199e-01
1.000000000000000000e+00,4.971718788146972656e-01
1.000000000000000000e+00,4.645762443542480469e-01
1.000000000000000000e+00,4.277326464653015137e-01
1.000000000000000000e+00,3.262451291084289551e-01
1.000000000000000000e+00,4.006926417350769043e-01
1.000000000000000000e+00,4.000265002250671387e-01
1.000000000000000000e+00,4.576984047889709473e-01
1.000000000000000000e+00,4.243743121623992920e-01
1.000000000000000000e+00,3.607011139392852783e-01
1.000000000000000000e+00,4.407553076744079590e-01
1.000000000000000000e+00,4.787748157978057861e-01
1.000000000000000000e+00,4.580279290676116943e-01
1.000000000000000000e+00,5.583548545837402344e-01
1.000000000000000000e+00,3.862899839878082275e-01
1.000000000000000000e+00,3.562734127044677734e-01
1.000000000000000000e+00,3.800622820854187012e-01
1.000000000000000000e+00,4.090977311134338379e-01
1.000000000000000000e+00,4.019478261470794678e-01
1.000000000000000000e+00,4.030254185199737549e-01
1.000000000000000000e+00,3.905637264251708984e-01
1.000000000000000000e+00,4.034131765365600586e-01
1.000000000000000000e+00,3.863326311111450195e-01
1.000000000000000000e+00,4.401320219039916992e-01
1.000000000000000000e+00,4.600519537925720215e-01
1.000000000000000000e+00,3.975609540939331055e-01
1.000000000000000000e+00,3.657779991626739502e-01
1.000000000000000000e+00,3.942181468009948730e-01
1.000000000000000000e+00,4.314890503883361816e-01
1.000000000000000000e+00,4.469782710075378418e-01
1.000000000000000000e+00,4.624784588813781738e-01
1.000000000000000000e+00,4.143459200859069824e-01
1.000000000000000000e+00,4.104936420917510986e-01
1.000000000000000000e+00,4.264355897903442383e-01
1.000000000000000000e+00,4.280029535293579102e-01
1.000000000000000000e+00,3.518911600112915039e-01
1.000000000000000000e+00,4.465843439102172852e-01
1.000000000000000000e+00,3.392097353935241699e-01
1.000000000000000000e+00,4.488639533519744873e-01
1.000000000000000000e+00,4.836438894271850586e-01
1.000000000000000000e+00,4.433507323265075684e-01
1.000000000000000000e+00,4.601669311523437500e-01
1.000000000000000000e+00,4.731518626213073730e-01
1.000000000000000000e+00,4.343083500862121582e-01
1.000000000000000000e+00,4.244094491004943848e-01
1.000000000000000000e+00,4.300186932086944580e-01
1.000000000000000000e+00,4.612036943435668945e-01
1.000000000000000000e+00,5.046068429946899414e-01
1.000000000000000000e+00,4.702940285205841064e-01
1.000000000000000000e+00,4.256182610988616943e-01
1.000000000000000000e+00,4.004201292991638184e-01
1.000000000000000000e+00,3.954492211341857910e-01
1.000000000000000000e+00,3.932028114795684814e-01
1.000000000000000000e+00,3.299476206302642822e-01
1.000000000000000000e+00,3.895341455936431885e-01
1.000000000000000000e+00,3.506570458412170410e-01
1.000000000000000000e+00,3.399384319782257080e-01
1.000000000000000000e+00,3.672612011432647705e-01
1.000000000000000000e+00,5.203325152397155762e-01
1.000000000000000000e+00,4.892462193965911865e-01
1.000000000000000000e+00,3.943877816200256348e-01
1.000000000000000000e+00,3.730578422546386719e-01
1.000000000000000000e+00,4.171836674213409424e-01
1.000000000000000000e+00,3.148347437381744385e-01
1.000000000000000000e+00,3.693659603595733643e-01
1.000000000000000000e+00,3.664037883281707764e-01
1.000000000000000000e+00,3.910355269908905029e-01
1.000000000000000000e+00,3.768149018287658691e-01
1.000000000000000000e+00,3.520178198814392090e-01
1.000000000000000000e+00,4.394462108612060547e-01
1.000000000000000000e+00,3.803091645240783691e-01
1.000000000000000000e+00,3.398942053318023682e-01
1.000000000000000000e+00,4.009902179241180420e-01
1.000000000000000000e+00,3.681866824626922607e-01
1.000000000000000000e+00,4.101148247718811035e-01
1.000000000000000000e+00,3.956834077835083008e-01
1.000000000000000000e+00,4.385972619056701660e-01
1.000000000000000000e+00,4.044237136840820312e-01
1.000000000000000000e+00,4.523644149303436279e-01
1.000000000000000000e+00,3.447760641574859619e-01
1.000000000000000000e+00,4.252783060073852539e-01
1.000000000000000000e+00,3.992314934730529785e-01
1.000000000000000000e+00,4.413630366325378418e-01
1.000000000000000000e+00,4.730774164199829102e-01
1.000000000000000000e+00,3.090822696685791016e-01
1.000000000000000000e+00,4.188828468322753906e-01
1.000000000000000000e+00,4.107494950294494629e-01
1.000000000000000000e+00,4.199371635913848877e-01
1.000000000000000000e+00,4.045112133026123047e-01
1.000000000000000000e+00,4.302150011062622070e-01
1.000000000000000000e+00,4.587684869766235352e-01
1.000000000000000000e+00,5.249938368797302246e-01
1.000000000000000000e+00,3.854860961437225342e-01
1.000000000000000000e+00,3.342970907688140869e-01
1.000000000000000000e+00,4.279941022396087646e-01
1.000000000000000000e+00,4.123679399490356445e-01
1.000000000000000000e+00,3.660315871238708496e-01
1.000000000000000000e+00,4.334723651409149170e-01
1.000000000000000000e+00,3.614433705806732178e-01
1.000000000000000000e+00,4.496873617172241211e-01
1.000000000000000000e+00,3.825960159301757812e-01
1.000000000000000000e+00,4.083930253982543945e-01
1.000000000000000000e+00,4.036601781845092773e-01
1.000000000000000000e+00,3.763937354087829590e-01
1.000000000000000000e+00,4.013640880584716797e-01
1.000000000000000000e+00,4.238336682319641113e-01
1.000000000000000000e+00,4.480472803115844727e-01
1.000000000000000000e+00,4.757266044616699219e-01
1.000000000000000000e+00,4.049495458602905273e-01
1.000000000000000000e+00,4.012815952301025391e-01
1.000000000000000000e+00,3.896807432174682617e-01
1.000000000000000000e+00,3.937120437622070312e-01
1.000000000000000000e+00,4.497862160205841064e-01
1.000000000000000000e+00,4.164298772811889648e-01
1.000000000000000000e+00,5.037781000137329102e-01
1.000000000000000000e+00,4.397432208061218262e-01
1.000000000000000000e+00,4.349232017993927002e-01
1.000000000000000000e+00,4.487090706825256348e-01
1.000000000000000000e+00,4.278154373168945312e-01
1.000000000000000000e+00,5.253514051437377930e-01
1.000000000000000000e+00,4.203625321388244629e-01
1.000000000000000000e+00,4.435389637947082520e-01
1.000000000000000000e+00,4.072523117065429688e-01
1.000000000000000000e+00,4.474148750305175781e-01
1.000000000000000000e+00,4.379056692123413086e-01
1.000000000000000000e+00,4.285639524459838867e-01
1.000000000000000000e+00,3.751888871192932129e-01
1.000000000000000000e+00,3.354088962078094482e-01
1.000000000000000000e+00,3.936864137649536133e-01
1.000000000000000000e+00,3.788633048534393311e-01
1.000000000000000000e+00,4.083344936370849609e-01
1.000000000000000000e+00,4.138047993183135986e-01
1.000000000000000000e+00,4.257289767265319824e-01
1.000000000000000000e+00,3.742558360099792480e-01
1.000000000000000000e+00,3.744240701198577881e-01
1.000000000000000000e+00,4.130717515945434570e-01
1.000000000000000000e+00,4.142883419990539551e-01
1.000000000000000000e+00,4.938393235206604004e-01
1.000000000000000000e+00,4.116705656051635742e-01
1.000000000000000000e+00,4.499542713165283203e-01
1.000000000000000000e+00,3.431356251239776611e-01
1.000000000000000000e+00,4.072681963443756104e-01
1.000000000000000000e+00,4.298470020294189453e-01
1.000000000000000000e+00,4.555426836013793945e-01
1.000000000000000000e+00,3.824258148670196533e-01
1.000000000000000000e+00,3.716331720352172852e-01
1.000000000000000000e+00,3.924201130867004395e-01
1.000000000000000000e+00,4.922318458557128906e-01
1.000000000000000000e+00,3.734263181686401367e-01
1.000000000000000000e+00,3.675090670585632324e-01
1.000000000000000000e+00,4.219398498535156250e-01
1.000000000000000000e+00,4.661931395530700684e-01
1.000000000000000000e+00,4.893870055675506592e-01
1.000000000000000000e+00,4.116536974906921387e-01
1.000000000000000000e+00,3.889200091361999512e-01
1.000000000000000000e+00,4.546189606189727783e-01
1.000000000000000000e+00,3.721109330654144287e-01
1.000000000000000000e+00,3.918613791465759277e-01
1.000000000000000000e+00,4.265888333320617676e-01
1.000000000000000000e+00,4.069009423255920410e-01
1.000000000000000000e+00,3.477002978324890137e-01
1.000000000000000000e+00,3.554053604602813721e-01
1.000000000000000000e+00,3.852044641971588135e-01
1.000000000000000000e+00,3.808860480785369873e-01
1.000000000000000000e+00,3.604664802551269531e-01
1.000000000000000000e+00,3.443124294281005859e-01
1.000000000000000000e+00,4.023433625698089600e-01
1.000000000000000000e+00,4.086413681507110596e-01
1.000000000000000000e+00,5.064407587051391602e-01
1.000000000000000000e+00,4.653130173683166504e-01
1.000000000000000000e+00,4.619444012641906738e-01
1.000000000000000000e+00,4.462952613830566406e-01
1.000000000000000000e+00,4.266134500503540039e-01
1.000000000000000000e+00,3.928442597389221191e-01
1.000000000000000000e+00,3.689394593238830566e-01
1.000000000000000000e+00,4.805354773998260498e-01
1.000000000000000000e+00,3.837779164314270020e-01
1.000000000000000000e+00,4.621326327323913574e-01
1.000000000000000000e+00,4.740337133407592773e-01
1.000000000000000000e+00,4.556810259819030762e-01
1.000000000000000000e+00,4.521714448928833008e-01
1.000000000000000000e+00,4.452070891857147217e-01
1.000000000000000000e+00,3.767043650150299072e-01
1.000000000000000000e+00,4.301300048828125000e-01
1.000000000000000000e+00,4.079954922199249268e-01
1.000000000000000000e+00,4.057446122169494629e-01
1.000000000000000000e+00,4.864035844802856445e-01
1.000000000000000000e+00,3.898071944713592529e-01
1.000000000000000000e+00,4.124686419963836670e-01
1.000000000000000000e+00,4.075736999511718750e-01
1.000000000000000000e+00,4.239836931228637695e-01
1.000000000000000000e+00,4.921557903289794922e-01
1.000000000000000000e+00,3.749931454658508301e-01
1.000000000000000000e+00,3.538393676280975342e-01
1.000000000000000000e+00,5.157884359359741211e-01
1.000000000000000000e+00,4.481222927570343018e-01
1.000000000000000000e+00,3.366231322288513184e-01
1.000000000000000000e+00,3.861573934555053711e-01
1.000000000000000000e+00,4.140926897525787354e-01
1.000000000000000000e+00,3.722725808620452881e-01
1.000000000000000000e+00,3.929476737976074219e-01
1.000000000000000000e+00,3.635810315608978271e-01
1.000000000000000000e+00,3.995406329631805420e-01
1.000000000000000000e+00,3.933675289154052734e-01
1.000000000000000000e+00,3.789168596267700195e-01
1.000000000000000000e+00,4.741621017456054688e-01
1.000000000000000000e+00,4.041240215301513672e-01
1.000000000000000000e+00,3.842555582523345947e-01
1.000000000000000000e+00,4.187112152576446533e-01
1.000000000000000000e+00,4.456929862499237061e-01
1.000000000000000000e+00,4.223995804786682129e-01
1.000000000000000000e+00,4.610421061515808105e-01
1.000000000000000000e+00,4.431920051574707031e-01
1.000000000000000000e+00,4.656104743480682373e-01
1.000000000000000000e+00,4.244335293769836426e-01
1.000000000000000000e+00,4.746274948120117188e-01
1.000000000000000000e+00,3.719947636127471924e-01
1.000000000000000000e+00,3.633128702640533447e-01
1.000000000000000000e+00,4.147442877292633057e-01
1.000000000000000000e+00,3.910603523254394531e-01
1.000000000000000000e+00,3.474683761596679688e-01
1.000000000000000000e+00,4.901293218135833740e-01
1.000000000000000000e+00,3.460175693035125732e-01
1.000000000000000000e+00,4.240448474884033203e-01
1.000000000000000000e+00,4.705351591110229492e-01
1.000000000000000000e+00,4.273917973041534424e-01
1.000000000000000000e+00,4.771287441253662109e-01
1.000000000000000000e+00,4.200429320335388184e-01
1.000000000000000000e+00,3.704668283462524414e-01
1.000000000000000000e+00,4.347061812877655029e-01
1.000000000000000000e+00,4.010223150253295898e-01
1.000000000000000000e+00,4.377824962139129639e-01
1.000000000000000000e+00,3.895370066165924072e-01
1.000000000000000000e+00,3.714358806610107422e-01
1.000000000000000000e+00,4.350871741771697998e-01
1.000000000000000000e+00,4.082440733909606934e-01
1.000000000000000000e+00,3.867464661598205566e-01
1.000000000000000000e+00,4.646522104740142822e-01
1.000000000000000000e+00,4.517180919647216797e-01
1.000000000000000000e+00,4.165079891681671143e-01
1.000000000000000000e+00,4.577594995498657227e-01
1.000000000000000000e+00,3.974379897117614746e-01
1.000000000000000000e+00,4.169024825096130371e-01
1.000000000000000000e+00,3.561740219593048096e-01
1.000000000000000000e+00,3.382961750030517578e-01
1.000000000000000000e+00,4.810473918914794922e-01
1.000000000000000000e+00,4.633895158767700195e-01
1.000000000000000000e+00,5.275970101356506348e-01
1.000000000000000000e+00,4.658665060997009277e-01
1.000000000000000000e+00,3.891820013523101807e-01
1.000000000000000000e+00,4.267038702964782715e-01
1.000000000000000000e+00,4.250685572624206543e-01
1.000000000000000000e+00,4.438914358615875244e-01
1.000000000000000000e+00,3.936576843261718750e-01
1.000000000000000000e+00,4.469928145408630371e-01
1.000000000000000000e+00,4.647625088691711426e-01
1.000000000000000000e+00,4.632891118526458740e-01
1.000000000000000000e+00,4.718096554279327393e-01
1.000000000000000000e+00,4.475576281547546387e-01
1.000000000000000000e+00,3.995963335037231445e-01
1.000000000000000000e+00,3.954729139804840088e-01
1.000000000000000000e+00,3.851213455200195312e-01
1.000000000000000000e+00,3.460752964019775391e-01
1.000000000000000000e+00,4.064868688583374023e-01
1.000000000000000000e+00,3.519546985626220703e-01
1.000000000000000000e+00,4.798437952995300293e-01
1.000000000000000000e+00,3.566305637359619141e-01
1.000000000000000000e+00,4.049994349479675293e-01
1.000000000000000000e+00,4.345982670783996582e-01
1.000000000000000000e+00,4.186486601829528809e-01
1.000000000000000000e+00,5.004293918609619141e-01
1.000000000000000000e+00,3.813225328922271729e-01
1.000000000000000000e+00,4.387813210487365723e-01
1.000000000000000000e+00,3.987162113189697266e-01
1.000000000000000000e+00,3.401671051979064941e-01
1.000000000000000000e+00,3.971497118473052979e-01
1.000000000000000000e+00,4.568109810352325439e-01
1.000000000000000000e+00,3.722420632839202881e-01
1.000000000000000000e+00,4.034262001514434814e-01
1.000000000000000000e+00,3.706450462341308594e-01
1.000000000000000000e+00,3.834113478660583496e-01
1.000000000000000000e+00,3.650716841220855713e-01
1.000000000000000000e+00,3.516312837600708008e-01
1.000000000000000000e+00,3.879607319831848145e-01
1.000000000000000000e+00,3.448673188686370850e-01
1.000000000000000000e+00,3.883135318756103516e-01
1.000000000000000000e+00,3.830823898315429688e-01
1.000000000000000000e+00,3.654234409332275391e-01
1.000000000000000000e+00,3.559283614158630371e-01
1.000000000000000000e+00,5.016132593154907227e-01
1.000000000000000000e+00,4.279026985168457031e-01
1.000000000000000000e+00,4.408253729343414307e-01
1.000000000000000000e+00,3.929898142814636230e-01
1.000000000000000000e+00,4.477871060371398926e-01
1.000000000000000000e+00,3.603381812572479248e-01
1.000000000000000000e+00,3.773650527000427246e-01
1.000000000000000000e+00,4.157754778861999512e-01
1.000000000000000000e+00,4.568315148353576660e-01
1.000000000000000000e+00,4.741918146610260010e-01
1.000000000000000000e+00,3.385463356971740723e-01
1.000000000000000000e+00,4.277423322200775146e-01
1.000000000000000000e+00,4.082874655723571777e-01
1.000000000000000000e+00,4.028538763523101807e-01
1.000000000000000000e+00,3.993271887302398682e-01
1.000000000000000000e+00,4.338138401508331299e-01
1.000000000000000000e+00,4.351438283920288086e-01
1.000000000000000000e+00,4.596594572067260742e-01
1.000000000000000000e+00,3.647585511207580566e-01
1.000000000000000000e+00,3.687452077865600586e-01
1.000000000000000000e+00,4.002279341220855713e-01
1.000000000000000000e+00,4.102328121662139893e-01
1.000000000000000000e+00,4.395854473114013672e-01
1.000000000000000000e+00,3.989256024360656738e-01
1.000000000000000000e+00,4.224029779434204102e-01
1.000000000000000000e+00,5.200893282890319824e-01
1.000000000000000000e+00,3.508800566196441650e-01
1.000000000000000000e+00,3.875030875205993652e-01
1.000000000000000000e+00,3.789332807064056396e-01
1.000000000000000000e+00,4.327282309532165527e-01
1.000000000000000000e+00,4.135805964469909668e-01
1.000000000000000000e+00,3.723115324974060059e-01
1.000000000000000000e+00,4.095692634582519531e-01
1.000000000000000000e+00,4.829367995262145996e-01
1.000000000000000000e+00,5.000072121620178223e-01
1.000000000000000000e+00,4.152115583419799805e-01
1.000000000000000000e+00,4.212340116500854492e-01
1.000000000000000000e+00,3.845840692520141602e-01
1.000000000000000000e+00,3.897589147090911865e-01
1.000000000000000000e+00,3.420119881629943848e-01
1.000000000000000000e+00,4.257715046405792236e-01
1.000000000000000000e+00,3.812854886054992676e-01
1.000000000000000000e+00,4.033592939376831055e-01
1.000000000000000000e+00,4.533767104148864746e-01
1.000000000000000000e+00,4.933075904846191406e-01
1.000000000000000000e+00,4.020964503288269043e-01
1.000000000000000000e+00,3.999119997024536133e-01
1.000000000000000000e+00,4.481533765792846680e-01
1.000000000000000000e+00,3.870886266231536865e-01
1.000000000000000000e+00,4.471766352653503418e-01
1.000000000000000000e+00,4.182737469673156738e-01
1.000000000000000000e+00,4.586193561553955078e-01
1.000000000000000000e+00,4.548851847648620605e-01
1.000000000000000000e+00,3.357836902141571045e-01
1.000000000000000000e+00,3.932774662971496582e-01
1.000000000000000000e+00,4.773156344890594482e-01
1.000000000000000000e+00,4.116847515106201172e-01
1.000000000000000000e+00,4.209769368171691895e-01
1.000000000000000000e+00,4.404001235961914062e-01
1.000000000000000000e+00,4.145884513854980469e-01
1.000000000000000000e+00,3.429448902606964111e-01
1.000000000000000000e+00,4.368797540664672852e-01
1.000000000000000000e+00,3.884237408638000488e-01
1.000000000000000000e+00,4.623484611511230469e-01
1.000000000000000000e+00,4.406127333641052246e-01
1.000000000000000000e+00,4.370319247245788574e-01
1.000000000000000000e+00,4.203685522079467773e-01
1.000000000000000000e+00,3.334594666957855225e-01
1.000000000000000000e+00,4.859646260738372803e-01
1.000000000000000000e+00,4.142587780952453613e-01
1.000000000000000000e+00,3.726345896720886230e-01
1.000000000000000000e+00,4.750757813453674316e-01
1.000000000000000000e+00,3.912528157234191895e-01
1.000000000000000000e+00,3.978720307350158691e-01
1.000000000000000000e+00,3.884552419185638428e-01
1.000000000000000000e+00,3.260038793087005615e-01
1.000000000000000000e+00,4.344555735588073730e-01
1.000000000000000000e+00,3.606034517288208008e-01
1.000000000000000000e+00,3.847204446792602539e-01
1.000000000000000000e+00,4.249134659767150879e-01
1.000000000000000000e+00,4.214704036712646484e-01
1.000000000000000000e+00,3.726031482219696045e-01
1.000000000000000000e+00,3.361094892024993896e-01
1.000000000000000000e+00,4.501133561134338379e-01
1.000000000000000000e+00,3.737201094627380371e-01
1.000000000000000000e+00,4.309869408607482910e-01
1.000000000000000000e+00,4.444054663181304932e-01
1.000000000000000000e+00,3.447985947132110596e-01
1.000000000000000000e+00,3.570000529289245605e-01
1.000000000000000000e+00,3.851655125617980957e-01
1.000000000000000000e+00,4.387181997299194336e-01
1.000000000000000000e+00,3.436079919338226318e-01
1.000000000000000000e+00,5.258545279502868652e-01
1.000000000000000000e+00,3.021610081195831299e-01
1.000000000000000000e+00,4.009307026863098145e-01
1.000000000000000000e+00,3.490898013114929199e-01
1.000000000000000000e+00,3.802526891231536865e-01
1.000000000000000000e+00,4.211612343788146973e-01
1.000000000000000000e+00,4.717966020107269287e-01
1.000000000000000000e+00,4.009113907814025879e-01
1.000000000000000000e+00,3.487830162048339844e-01
1.000000000000000000e+00,4.011089801788330078e-01
1.000000000000000000e+00,3.879270851612091064e-01
1.000000000000000000e+00,4.607566595077514648e-01
1.000000000000000000e+00,3.574110269546508789e-01
1.000000000000000000e+00,3.889195919036865234e-01
1.000000000000000000e+00,4.342431426048278809e-01
1.000000000000000000e+00,3.952634036540985107e-01
1.000000000000000000e+00,4.637122750282287598e-01
1.000000000000000000e+00,5.071080923080444336e-01
1.000000000000000000e+00,4.045620560646057129e-01
1.000000000000000000e+00,3.879810571670532227e-01
1.000000000000000000e+00,3.585919141769409180e-01
1.000000000000000000e+00,4.230498671531677246e-01
1.000000000000000000e+00,4.251031875610351562e-01
1.000000000000000000e+00,3.701912760734558105e-01
1.000000000000000000e+00,3.789519071578979492e-01
1.000000000000000000e+00,4.392521381378173828e-01
1.000000000000000000e+00,5.107273459434509277e-01
1.000000000000000000e+00,4.299483895301818848e-01
1.000000000000000000e+00,4.607321918010711670e-01
1.000000000000000000e+00,4.731552898883819580e-01
1.000000000000000000e+00,3.853460550308227539e-01
1.000000000000000000e+00,4.186224341392517090e-01
1.000000000000000000e+00,3.552198112010955811e-01
1.000000000000000000e+00,4.260793626308441162e-01
1.000000000000000000e+00,4.836015701293945312e-01
1.000000000000000000e+00,4.266514778137207031e-01
1.000000000000000000e+00,3.387726843357086182e-01
1.000000000000000000e+00,3.914950191974639893e-01
1.000000000000000000e+00,4.607905745506286621e-01
1.000000000000000000e+00,3.996036648750305176e-01
1.000000000000000000e+00,4.042685031890869141e-01
1.000000000000000000e+00,3.401258587837219238e-01
1.000000000000000000e+00,4.010233283042907715e-01
1.000000000000000000e+00,3.649826645851135254e-01
1.000000000000000000e+00,4.435929358005523682e-01
1.000000000000000000e+00,4.522066414356231689e-01
1.000000000000000000e+00,4.424569606781005859e-01
1.000000000000000000e+00,4.219436049461364746e-01
1.000000000000000000e+00,2.995965778827667236e-01
1.000000000000000000e+00,3.607874512672424316e-01
1.000000000000000000e+00,4.186563491821289062e-01
1.000000000000000000e+00,3.695252537727355957e-01
1.000000000000000000e+00,3.912698328495025635e-01
1.000000000000000000e+00,3.639595508575439453e-01
1.000000000000000000e+00,3.627897500991821289e-01
1.000000000000000000e+00,3.937231600284576416e-01
1.000000000000000000e+00,3.931992650032043457e-01
1.000000000000000000e+00,3.936644792556762695e-01
1.000000000000000000e+00,4.395127296447753906e-01
1.000000000000000000e+00,4.038545489311218262e-01
1.000000000000000000e+00,4.356330037117004395e-01
1.000000000000000000e+00,3.397888839244842529e-01
1.000000000000000000e+00,3.909750580787658691e-01
1.000000000000000000e+00,4.228315949440002441e-01
1.000000000000000000e+00,4.817157983779907227e-01
1.000000000000000000e+00,3.822941184043884277e-01
1.000000000000000000e+00,2.888143062591552734e-01
1.000000000000000000e+00,4.152452945709228516e-01
1.000000000000000000e+00,3.521331548690795898e-01
1.000000000000000000e+00,3.687839210033416748e-01
1.000000000000000000e+00,4.053240716457366943e-01
1.000000000000000000e+00,4.922481775283813477e-01
1.000000000000000000e+00,4.024522900581359863e-01
1.000000000000000000e+00,3.954219520092010498e-01
1.000000000000000000e+00,3.830554187297821045e-01
1.000000000000000000e+00,4.467749595642089844e-01
1.000000000000000000e+00,3.867995142936706543e-01
1.000000000000000000e+00,4.443693161010742188e-01
1.000000000000000000e+00,3.896783292293548584e-01
1.000000000000000000e+00,4.702098369598388672e-01
1.000000000000000000e+00,3.657993674278259277e-01
1.000000000000000000e+00,4.567756354808807373e-01
1.000000000000000000e+00,5.623903274536132812e-01
1.000000000000000000e+00,3.728437125682830811e-01
1.000000000000000000e+00,3.631406128406524658e-01
1.000000000000000000e+00,4.461117982864379883e-01
1.000000000000000000e+00,4.233825504779815674e-01
1.000000000000000000e+00,4.104282855987548828e-01
1.000000000000000000e+00,5.555304288864135742e-01
1.000000000000000000e+00,4.117316007614135742e-01
1.000000000000000000e+00,3.383411765098571777e-01
1.000000000000000000e+00,3.596031069755554199e-01
1.000000000000000000e+00,3.903619050979614258e-01
1.000000000000000000e+00,4.622914195060729980e-01
1.000000000000000000e+00,3.829634487628936768e-01
1.000000000000000000e+00,4.073258638381958008e-01
1.000000000000000000e+00,4.225496649742126465e-01
1.000000000000000000e+00,3.576908707618713379e-01
1.000000000000000000e+00,3.668988049030303955e-01
1.000000000000000000e+00,3.656805753707885742e-01
1.000000000000000000e+00,3.563440442085266113e-01
1.000000000000000000e+00,4.199944138526916504e-01
1.000000000000000000e+00,5.841053724288940430e-01
1.000000000000000000e+00,3.537172377109527588e-01
1.000000000000000000e+00,4.203226566314697266e-01
1.000000000000000000e+00,4.499324560165405273e-01
1.000000000000000000e+00,3.556135892868041992e-01
1.000000000000000000e+00,4.455314874649047852e-01
1.000000000000000000e+00,5.336953997611999512e-01
1.000000000000000000e+00,4.254022836685180664e-01
1.000000000000000000e+00,3.836867213249206543e-01
1.000000000000000000e+00,4.393629729747772217e-01
1.000000000000000000e+00,4.390311241149902344e-01
1.000000000000000000e+00,3.521009087562561035e-01
1.000000000000000000e+00,3.644399344921112061e-01
1.000000000000000000e+00,3.716160655021667480e-01
1.000000000000000000e+00,3.596141040325164795e-01
1.000000000000000000e+00,3.443662524223327637e-01
1.000000000000000000e+00,4.217937290668487549e-01
1.000000000000000000e+00,3.040643632411956787e-01
1.000000000000000000e+00,4.317668676376342773e-01
1.000000000000000000e+00,3.855665624141693115e-01
1.000000000000000000e+00,4.397185444831848145e-01
1.000000000000000000e+00,4.424848854541778564e-01
1.000000000000000000e+00,4.004704356193542480e-01
1.000000000000000000e+00,3.726185858249664307e-01
1.000000000000000000e+00,3.902217447757720947e-01
1.000000000000000000e+00,4.572893977165222168e-01
1.000000000000000000e+00,3.797120749950408936e-01
1.000000000000000000e+00,4.288254976272583008e-01
1.000000000000000000e+00,4.046232402324676514e-01
1.000000000000000000e+00,4.338378906250000000e-01
1.000000000000000000e+00,4.854860305786132812e-01
1.000000000000000000e+00,4.341006875038146973e-01
1.000000000000000000e+00,5.674262046813964844e-01
1.000000000000000000e+00,3.600466847419738770e-01
1.000000000000000000e+00,3.787475228309631348e-01
1.000000000000000000e+00,4.657465815544128418e-01
1.000000000000000000e+00,4.656938314437866211e-01
1.000000000000000000e+00,3.702984452247619629e-01
1.000000000000000000e+00,3.715322017669677734e-01
1.000000000000000000e+00,3.782108426094055176e-01
1.000000000000000000e+00,4.002006649971008301e-01
1.000000000000000000e+00,4.464677274227142334e-01
1.000000000000000000e+00,3.550347685813903809e-01
1.000000000000000000e+00,3.764720559120178223e-01
1.000000000000000000e+00,3.656339347362518311e-01
1.000000000000000000e+00,5.072098374366760254e-01
1.000000000000000000e+00,3.483495712280273438e-01
1.000000000000000000e+00,4.481411278247833252e-01
1.000000000000000000e+00,3.342028856277465820e-01
1.000000000000000000e+00,3.589843511581420898e-01
1.000000000000000000e+00,3.802532553672790527e-01
1.000000000000000000e+00,5.108975768089294434e-01
1.000000000000000000e+00,4.839830398559570312e-01
1.000000000000000000e+00,3.619500994682312012e-01
1.000000000000000000e+00,3.924437463283538818e-01
1.000000000000000000e+00,3.457124233245849609e-01
1.000000000000000000e+00,3.871422111988067627e-01
1.000000000000000000e+00,3.944307863712310791e-01
1.000000000000000000e+00,4.048086404800415039e-01
1.000000000000000000e+00,3.587293624877929688e-01
1.000000000000000000e+00,3.804449439048767090e-01
1.000000000000000000e+00,3.642276823520660400e-01
1.000000000000000000e+00,3.615250885486602783e-01
1.000000000000000000e+00,4.292705059051513672e-01
1.000000000000000000e+00,4.012498855590820312e-01
1.000000000000000000e+00,3.619953095912933350e-01
1.000000000000000000e+00,3.829594552516937256e-01
1.000000000000000000e+00,4.961010217666625977e-01
1.000000000000000000e+00,4.282162487506866455e-01
1.000000000000000000e+00,3.936367332935333252e-01
1.000000000000000000e+00,3.910986781120300293e-01
1.000000000000000000e+00,4.026021957397460938e-01
1.000000000000000000e+00,4.550264477729797363e-01
1.000000000000000000e+00,3.497582376003265381e-01
1.000000000000000000e+00,3.393656313419342041e-01
1.000000000000000000e+00,3.515037894248962402e-01
1.000000000000000000e+00,3.418440222740173340e-01
1.000000000000000000e+00,4.301280379295349121e-01
1.000000000000000000e+00,4.462193846702575684e-01
1.000000000000000000e+00,3.874818682670593262e-01
1.000000000000000000e+00,3.179210424423217773e-01
1.000000000000000000e+00,3.519397974014282227e-01
1.000000000000000000e+00,3.946384191513061523e-01
1.000000000000000000e+00,4.043122529983520508e-01
1.000000000000000000e+00,4.146090447902679443e-01
1.000000000000000000e+00,3.331148624420166016e-01
1.000000000000000000e+00,4.120982289314270020e-01
1.000000000000000000e+00,4.697322249412536621e-01
1.000000000000000000e+00,3.959302008152008057e-01
1.000000000000000000e+00,3.607635200023651123e-01
1.000000000000000000e+00,3.274162411689758301e-01
1.000000000000000000e+00,4.063180983066558838e-01
1.000000000000000000e+00,3.739013373851776123e-01
1.000000000000000000e+00,4.244700968265533447e-01
1.000000000000000000e+00,4.043821096420288086e-01
1.000000000000000000e+00,4.188202321529388428e-01
1.000000000000000000e+00,4.813830852508544922e-01
1.000000000000000000e+00,3.417460024356842041e-01
1.000000000000000000e+00,3.384448587894439697e-01
1.000000000000000000e+00,5.146237611770629883e-01
1.000000000000000000e+00,3.718516230583190918e-01
1.000000000000000000e+00,4.203608632087707520e-01
1.000000000000000000e+00,4.413633644580841064e-01
1.000000000000000000e+00,4.068646132946014404e-01
1.000000000000000000e+00,3.849930167198181152e-01
1.000000000000000000e+00,3.322686851024627686e-01
1.000000000000000000e+00,4.273882508277893066e-01
1.000000000000000000e+00,3.590363264083862305e-01
1.000000000000000000e+00,3.641180396080017090e-01
1.000000000000000000e+00,4.517910778522491455e-01
1.000000000000000000e+00,4.278544783592224121e-01
1.000000000000000000e+00,3.701143562793731689e-01
1.000000000000000000e+00,4.143183231353759766e-01
1.000000000000000000e+00,3.456955552101135254e-01
1.000000000000000000e+00,3.795641064643859863e-01
1.000000000000000000e+00,4.132143259048461914e-01
1.000000000000000000e+00,4.455291032791137695e-01
1.000000000000000000e+00,3.679818809032440186e-01
1.000000000000000000e+00,4.360702037811279297e-01
1.000000000000000000e+00,3.236161470413208008e-01
1.000000000000000000e+00,4.619723260402679443e-01
1.000000000000000000e+00,4.308767914772033691e-01
1.000000000000000000e+00,4.316295385360717773e-01
1.000000000000000000e+00,3.843593597412109375e-01
1.000000000000000000e+00,3.632522821426391602e-01
1.000000000000000000e+00,3.635454177856445312e-01
1.000000000000000000e+00,3.759715557098388672e-01
1.000000000000000000e+00,3.568391799926757812e-01
1.000000000000000000e+00,4.097854495048522949e-01
1.000000000000000000e+00,3.559421598911285400e-01
1.000000000000000000e+00,5.782231688499450684e-01
1.000000000000000000e+00,3.049261271953582764e-01
1.000000000000000000e+00,3.895571827888488770e-01
1.000000000000000000e+00,4.182128012180328369e-01
1.000000000000000000e+00,3.994360566139221191e-01
1.000000000000000000e+00,4.194622039794921875e-01
1.000000000000000000e+00,4.104519486427307129e-01
1.000000000000000000e+00,4.340496659278869629e-01
1.000000000000000000e+00,4.227876961231231689e-01
1.000000000000000000e+00,3.584964871406555176e-01
1.000000000000000000e+00,4.332457780838012695e-01
1.000000000000000000e+00,3.888776600360870361e-01
1.000000000000000000e+00,3.987308144569396973e-01
1.000000000000000000e+00,4.356933832168579102e-01
1.000000000000000000e+00,3.891888558864593506e-01
1.000000000000000000e+00,4.516015648841857910e-01
1.000000000000000000e+00,3.523225188255310059e-01
1.000000000000000000e+00,3.878230750560760498e-01
1.000000000000000000e+00,3.954847455024719238e-01
1.000000000000000000e+00,4.179548025131225586e-01
1.000000000000000000e+00,3.366673290729522705e-01
1.000000000000000000e+00,3.823799192905426025e-01
1.000000000000000000e+00,3.366906642913818359e-01
1.000000000000000000e+00,3.777841329574584961e-01
1.000000000000000000e+00,4.282850623130798340e-01
1.000000000000000000e+00,3.042896986007690430e-01
1.000000000000000000e+00,3.657560646533966064e-01
1.000000000000000000e+00,4.092123806476593018e-01
1.000000000000000000e+00,3.919249176979064941e-01
1.000000000000000000e+00,4.874618053436279297e-01
1.000000000000000000e+00,3.967985510826110840e-01
1.000000000000000000e+00,3.556850850582122803e-01
1.000000000000000000e+00,4.120468497276306152e-01
1.000000000000000000e+00,4.418901205062866211e-01
1.000000000000000000e+00,2.994560301303863525e-01
1.000000000000000000e+00,3.831251263618469238e-01
1.000000000000000000e+00,4.130018949508666992e-01
1.000000000000000000e+00,3.638666570186614990e-01
1.000000000000000000e+00,3.813382089138031006e-01
1.000000000000000000e+00,3.804037868976593018e-01
1.000000000000000000e+00,3.690437972545623779e-01
1.000000000000000000e+00,4.102033972740173340e-01
1.000000000000000000e+00,3.692562878131866455e-01
1.000000000000000000e+00,4.077275097370147705e-01
1.000000000000000000e+00,4.059129655361175537e-01
1.000000000000000000e+00,3.257924318313598633e-01
1.000000000000000000e+00,4.227358102798461914e-01
1.000000000000000000e+00,4.035140573978424072e-01
1.000000000000000000e+00,4.854645133018493652e-01
1.000000000000000000e+00,4.268824458122253418e-01
1.000000000000000000e+00,4.009839594364166260e-01
1.000000000000000000e+00,4.167728424072265625e-01
1.000000000000000000e+00,3.050259351730346680e-01
1.000000000000000000e+00,3.760381340980529785e-01
1.000000000000000000e+00,3.581668734550476074e-01
1.000000000000000000e+00,4.352176189422607422e-01
1.000000000000000000e+00,3.806734681129455566e-01
1.000000000000000000e+00,4.575802683830261230e-01
1.000000000000000000e+00,3.916572928428649902e-01
1.000000000000000000e+00,3.569362461566925049e-01
1.000000000000000000e+00,4.388148188591003418e-01
1.000000000000000000e+00,3.775597214698791504e-01
1.000000000000000000e+00,4.200583100318908691e-01
1.000000000000000000e+00,3.828233480453491211e-01
1.000000000000000000e+00,4.535273611545562744e-01
1.000000000000000000e+00,4.679697155952453613e-01
1.000000000000000000e+00,3.854775726795196533e-01
1.000000000000000000e+00,3.518978059291839600e-01
1.000000000000000000e+00,4.465079307556152344e-01
1.000000000000000000e+00,4.224029481410980225e-01
1.000000000000000000e+00,4.600064456462860107e-01
1.000000000000000000e+00,4.061177968978881836e-01
1.000000000000000000e+00,4.489650726318359375e-01
1.000000000000000000e+00,4.293918609619140625e-01
1.000000000000000000e+00,4.533078074455261230e-01
1.000000000000000000e+00,4.498497247695922852e-01
1.000000000000000000e+00,3.671381473541259766e-01
1.000000000000000000e+00,5.487095713615417480e-01
1.000000000000000000e+00,4.002220630645751953e-01
1.000000000000000000e+00,4.294657111167907715e-01
1.000000000000000000e+00,4.682772159576416016e-01
1.000000000000000000e+00,4.196677207946777344e-01
1.000000000000000000e+00,3.932329416275024414e-01
1.000000000000000000e+00,4.349409937858581543e-01
1.000000000000000000e+00,3.733461499214172363e-01
1.000000000000000000e+00,4.095515012741088867e-01
1.000000000000000000e+00,4.297867417335510254e-01
1.000000000000000000e+00,5.457318425178527832e-01
1.000000000000000000e+00,5.493582487106323242e-01
1.000000000000000000e+00,4.429569244384765625e-01
1.000000000000000000e+00,3.681772947311401367e-01
1.000000000000000000e+00,4.302731156349182129e-01
1.000000000000000000e+00,4.077646136283874512e-01
1.000000000000000000e+00,4.172290563583374023e-01
1.000000000000000000e+00,4.802949428558349609e-01
1.000000000000000000e+00,4.025139212608337402e-01
1.000000000000000000e+00,4.560307860374450684e-01
1.000000000000000000e+00,4.947215914726257324e-01
1.000000000000000000e+00,4.335430860519409180e-01
1.000000000000000000e+00,3.677209019660949707e-01
1.000000000000000000e+00,4.570291638374328613e-01
1.000000000000000000e+00,3.724473416805267334e-01
1.000000000000000000e+00,3.437230885028839111e-01
1.000000000000000000e+00,3.741729259490966797e-01
1.000000000000000000e+00,3.473560810089111328e-01
1.000000000000000000e+00,5.970170497894287109e-01
1.000000000000000000e+00,4.249299764633178711e-01
1.000000000000000000e+00,3.960489332675933838e-01
1.000000000000000000e+00,4.192282259464263916e-01
1.000000000000000000e+00,4.664129316806793213e-01
1.000000000000000000e+00,4.221942722797393799e-01
1.000000000000000000e+00,3.627267479896545410e-01
1.000000000000000000e+00,4.101338386535644531e-01
1.000000000000000000e+00,3.940527737140655518e-01
1.000000000000000000e+00,4.421788752079010010e-01
1.000000000000000000e+00,4.383679628372192383e-01
1.000000000000000000e+00,4.815258681774139404e-01
1.000000000000000000e+00,4.190800786018371582e-01
1.000000000000000000e+00,4.448464512825012207e-01
1.000000000000000000e+00,3.703573346138000488e-01
1.000000000000000000e+00,4.095866680145263672e-01
1.000000000000000000e+00,3.936017155647277832e-01
1.000000000000000000e+00,4.535290002822875977e-01
1.000000000000000000e+00,3.846724033355712891e-01
1.000000000000000000e+00,3.787266910076141357e-01
1.000000000000000000e+00,3.998222053050994873e-01
1.000000000000000000e+00,5.288840532302856445e-01
1.000000000000000000e+00,3.866681456565856934e-01
1.000000000000000000e+00,3.926947116851806641e-01
1.000000000000000000e+00,4.151452183723449707e-01
1.000000000000000000e+00,4.133124053478240967e-01
1.000000000000000000e+00,3.445164561271667480e-01
1.000000000000000000e+00,4.112846851348876953e-01
1.000000000000000000e+00,3.637586534023284912e-01
1.000000000000000000e+00,4.941862821578979492e-01
1.000000000000000000e+00,3.897665143013000488e-01
1.000000000000000000e+00,4.521816372871398926e-01
1.000000000000000000e+00,3.172301948070526123e-01
1.000000000000000000e+00,3.816035389900207520e-01
1.000000000000000000e+00,3.854526579380035400e-01
1.000000000000000000e+00,4.270654320716857910e-01
1.000000000000000000e+00,3.683038949966430664e-01
1.000000000000000000e+00,3.633782267570495605e-01
1.000000000000000000e+00,4.279572367668151855e-01
1.000000000000000000e+00,4.150466918945312500e-01
1.000000000000000000e+00,3.839048743247985840e-01
1.000000000000000000e+00,3.958562016487121582e-01
1.000000000000000000e+00,4.218652546405792236e-01
1.000000000000000000e+00,4.071262478828430176e-01
1.000000000000000000e+00,4.095700383186340332e-01
1.000000000000000000e+00,3.986974060535430908e-01
1.000000000000000000e+00,4.352265000343322754e-01
1.000000000000000000e+00,4.803923964500427246e-01
1.000000000000000000e+00,4.555566906929016113e-01
1.000000000000000000e+00,4.023645520210266113e-01
1.000000000000000000e+00,3.819960355758666992e-01
1.000000000000000000e+00,4.305408000946044922e-01
1.000000000000000000e+00,3.440910279750823975e-01
1.000000000000000000e+00,3.414857685565948486e-01
1.000000000000000000e+00,3.812518715858459473e-01
1.000000000000000000e+00,4.132130742073059082e-01
1.000000000000000000e+00,4.479585886001586914e-01
1.000000000000000000e+00,4.711537361145019531e-01
1.000000000000000000e+00,3.155648112297058105e-01
1.000000000000000000e+00,3.998910486698150635e-01
1.000000000000000000e+00,4.487251043319702148e-01
1.000000000000000000e+00,3.688975572586059570e-01
1.000000000000000000e+00,4.039673507213592529e-01
1.000000000000000000e+00,4.497641623020172119e-01
1.000000000000000000e+00,3.964379727840423584e-01
1.000000000000000000e+00,4.188388884067535400e-01
1.000000000000000000e+00,4.134703874588012695e-01
1.000000000000000000e+00,3.743160367012023926e-01
1.000000000000000000e+00,4.419972002506256104e-01
1.000000000000000000e+00,4.012775421142578125e-01
1.000000000000000000e+00,4.732601344585418701e-01
1.000000000000000000e+00,3.706380724906921387e-01
1.000000000000000000e+00,3.585134148597717285e-01
1.000000000000000000e+00,4.262110590934753418e-01
1.000000000000000000e+00,4.629233479499816895e-01
1.000000000000000000e+00,4.116666018962860107e-01
1.000000000000000000e+00,3.849194049835205078e-01
1.000000000000000000e+00,3.626376092433929443e-01
1.000000000000000000e+00,3.742963969707489014e-01
1.000000000000000000e+00,4.247543811798095703e-01
1.000000000000000000e+00,3.932243883609771729e-01
1.000000000000000000e+00,4.227335751056671143e-01
1.000000000000000000e+00,3.785986006259918213e-01
