label,score
0.000000000000000000e+00,-1.173335659116795604e+00
0.000000000000000000e+00,-1.290422944196122135e+00
0.000000000000000000e+00,-1.404513790014737751e+00
0.000000000000000000e+00,-1.224753051806330095e+00
0.000000000000000000e+00,-1.805336774641217001e+00
0.000000000000000000e+00,-1.184410396154645495e+00
0.000000000000000000e+00,-5.537988263012844081e-01
0.000000000000000000e+00,-1.743499290440267524e+00
0.000000000000000000e+00,-9.859933611919677876e-01
0.000000000000000000e+00,-1.637103681702491098e+00
0.000000000000000000e+00,-1.494319308178285288e+00
0.000000000000000000e+00,-1.507876134430090165e+00
0.000000000000000000e+00,-7.130920351005038960e-01
0.000000000000000000e+00,-1.390814867057408977e+00
0.000000000000000000e+00,-9.488096553994239679e-01
0.000000000000000000e+00,-7.925164883126044613e-01
0.000000000000000000e+00,-1.505942018145324690e+00
0.000000000000000000e+00,-1.463940233354494191e+00
0.000000000000000000e+00,-1.460593956007507632e+00
0.000000000000000000e+00,-1.081356261494936577e+00
0.000000000000000000e+00,-1.050443623548713123e+00
0.000000000000000000e+00,-1.519166618296890592e+00
0.000000000000000000e+00,-1.412360730338939385e+00
0.000000000000000000e+00,-1.103839162488105208e+00
0.000000000000000000e+00,-1.366476303171820561e+00
0.000000000000000000e+00,-9.167378285540531691e-01
0.000000000000000000e+00,-1.737227822321537163e+00
0.000000000000000000e+00,-1.224160648639638804e+00
0.000000000000000000e+00,-1.766728299205539310e+00
0.000000000000000000e+00,-1.257446901976726927e+00
0.000000000000000000e+00,-1.057707366971651686e+00
0.000000000000000000e+00,-1.006807126235742311e+00
0.000000000000000000e+00,-8.863899749782362392e-01
0.000000000000000000e+00,-1.415081381909210512e+00
0.000000000000000000e+00,-1.053426053275076546e+00
0.000000000000000000e+00,-1.199100393598952596e+00
0.000000000000000000e+00,-1.302449929297187392e+00
0.000000000000000000e+00,-6.535779321029736577e-01
0.000000000000000000e+00,-1.087201039224685140e+00
0.000000000000000000e+00,-1.454529428724709250e+00
0.000000000000000000e+00,-9.754265698423147946e-01
0.000000000000000000e+00,-1.991410209026577505e+00
0.000000000000000000e+00,-5.433277000576038906e-01
0.000000000000000000e+00,-5.463889834487226649e-01
0.000000000000000000e+00,-1.522701423948952471e+00
0.000000000000000000e+00,-6.945399993849074582e-02
0.000000000000000000e+00,-7.181322652863000311e-01
0.000000000000000000e+00,-1.278295090447755245e+00
0.000000000000000000e+00,-1.575676676857921565e+00
0.000000000000000000e+00,-1.125536729012997839e+00
0.000000000000000000e+00,-1.251318331108340454e+00
0.000000000000000000e+00,-1.209826893640166379e+00
0.000000000000000000e+00,-1.615825600663201689e+00
0.000000000000000000e+00,-1.139310502910982903e+00
0.000000000000000000e+00,-8.694156228904779127e-01
0.000000000000000000e+00,-1.395354356458386791e+00
0.000000000000000000e+00,-9.150114536500396634e-01
0.000000000000000000e+00,-1.832667574927211884e+00
0.000000000000000000e+00,-5.917446507623284058e-01
0.000000000000000000e+00,-1.639991246867701813e+00
0.000000000000000000e+00,-1.233081920112083285e+00
0.000000000000000000e+00,-1.306237306839913126e+00
0.000000000000000000e+00,-1.941780232783570259e+00
0.000000000000000000e+00,-9.257951926458728442e-01
0.000000000000000000e+00,-1.602429283647777369e+00
0.000000000000000000e+00,-1.493223762592316151e+00
0.000000000000000000e+00,-6.414640878889542597e-01
0.000000000000000000e+00,-8.442404896681428017e-01
0.000000000000000000e+00,-1.181771800428409236e+00
0.000000000000000000e+00,-5.794242659847869126e-01
0.000000000000000000e+00,-5.618779246232433744e-01
0.000000000000000000e+00,-1.466660484652355434e+00
0.000000000000000000e+00,-1.507279328266889484e+00
0.000000000000000000e+00,-1.274207108325174698e+00
0.000000000000000000e+00,-1.395269098435072408e+00
0.000000000000000000e+00,-1.416212952012073201e+00
0.000000000000000000e+00,-1.282409490549391018e+00
0.000000000000000000e+00,-1.247514942669217586e+00
0.000000000000000000e+00,3.357629750679579916e-01
0.000000000000000000e+00,-1.186172395303142446e+00
0.000000000000000000e+00,-1.274985638162482005e+00
0.000000000000000000e+00,-1.281036956455752662e+00
0.000000000000000000e+00,-7.748388576006050021e-01
0.000000000000000000e+00,-1.071321031905666077e+00
0.000000000000000000e+00,-1.546836249177888423e+00
0.000000000000000000e+00,-9.978490297015845112e-01
0.000000000000000000e+00,-8.995449277304747859e-01
0.000000000000000000e+00,-1.050757036845685777e+00
0.000000000000000000e+00,-1.422838260941178712e+00
0.000000000000000000e+00,-1.012638294703553488e+00
0.000000000000000000e+00,-1.048491495005501095e+00
0.000000000000000000e+00,-7.401764677181890129e-01
0.000000000000000000e+00,-9.943058183289139595e-01
0.000000000000000000e+00,-9.274699324090057706e-01
0.000000000000000000e+00,-1.801500363728275156e+00
0.000000000000000000e+00,-2.202934764460917183e+00
0.000000000000000000e+00,-1.128943847766293196e+00
0.000000000000000000e+00,-6.821373685512382989e-01
0.000000000000000000e+00,-1.859792234922094556e+00
0.000000000000000000e+00,-1.160638217729103250e+00
0.000000000000000000e+00,-1.318234271510233979e+00
0.000000000000000000e+00,-5.843564226199027267e-01
0.000000000000000000e+00,-4.731411337941999196e-01
0.000000000000000000e+00,-1.302566008296066169e+00
0.000000000000000000e+00,-1.550004805574867417e+00
0.000000000000000000e+00,-1.420023145082164762e+00
0.000000000000000000e+00,-6.060247692588707213e-01
0.000000000000000000e+00,-1.710666545743626310e+00
0.000000000000000000e+00,-9.082480507395094271e-01
0.000000000000000000e+00,-1.252175714610403334e+00
0.000000000000000000e+00,-1.275510795564305688e+00
0.000000000000000000e+00,2.710625424550083817e-01
0.000000000000000000e+00,-1.264211905976896810e+00
0.000000000000000000e+00,-1.651732037195669633e+00
0.000000000000000000e+00,-1.209121613653875604e+00
0.000000000000000000e+00,-9.953089009881901372e-01
0.000000000000000000e+00,-1.045950565747286953e+00
0.000000000000000000e+00,-1.372022877956173836e+00
0.000000000000000000e+00,-4.258253324891834724e-01
0.000000000000000000e+00,-1.347250418778224823e+00
0.000000000000000000e+00,-9.051987755206883923e-01
0.000000000000000000e+00,-9.159997262301484700e-01
0.000000000000000000e+00,-1.522266728111772327e+00
0.000000000000000000e+00,-8.224056297066454357e-01
0.000000000000000000e+00,-1.740287104350606295e+00
0.000000000000000000e+00,-1.223749969147054140e+00
0.000000000000000000e+00,-8.454705267838473759e-01
0.000000000000000000e+00,-1.048907378039414917e+00
0.000000000000000000e+00,-9.793800604351600159e-01
0.000000000000000000e+00,-5.015452645474131055e-01
0.000000000000000000e+00,-9.872586222797458122e-01
0.000000000000000000e+00,-1.361392443293342414e+00
0.000000000000000000e+00,-1.474826442087268541e+00
0.000000000000000000e+00,-1.300093525619949286e+00
0.000000000000000000e+00,-1.184741821710064702e+00
0.000000000000000000e+00,-1.232126870141998509e+00
0.000000000000000000e+00,-7.923831976000988986e-01
0.000000000000000000e+00,-5.671427076310082693e-01
0.000000000000000000e+00,-6.107567896890232495e-01
0.000000000000000000e+00,-1.246166024647764825e+00
0.000000000000000000e+00,-8.163310956135989560e-01
0.000000000000000000e+00,-1.332508786193037142e+00
0.000000000000000000e+00,-1.820359798730583067e+00
0.000000000000000000e+00,-8.023111541835089566e-01
0.000000000000000000e+00,-1.083685046375889582e+00
0.000000000000000000e+00,-1.270932079467155029e+00
0.000000000000000000e+00,-6.478936636096056523e-01
0.000000000000000000e+00,-9.178413795882208737e-01
0.000000000000000000e+00,-1.293274885116849182e+00
0.000000000000000000e+00,-5.491356527256391340e-01
0.000000000000000000e+00,-6.688651359828913234e-01
0.000000000000000000e+00,-1.622089063333733483e+00
0.000000000000000000e+00,-1.327707918908377360e+00
0.000000000000000000e+00,-1.201718175159872670e+00
0.000000000000000000e+00,-8.303862610157624058e-01
0.000000000000000000e+00,-1.403214505772115928e+00
0.000000000000000000e+00,-8.617760236746183633e-01
0.000000000000000000e+00,-1.057247053700236084e+00
0.000000000000000000e+00,-9.669259846727030761e-01
0.000000000000000000e+00,-1.742512618949798364e+00
0.000000000000000000e+00,-1.522142643664694983e+00
0.000000000000000000e+00,-1.212161282334858425e+00
0.000000000000000000e+00,-3.653994089418403091e-01
0.000000000000000000e+00,-1.344163517952870812e+00
0.000000000000000000e+00,-1.022928497817947147e+00
0.000000000000000000e+00,-1.103243156869724517e+00
0.000000000000000000e+00,-8.115482405873857275e-01
0.000000000000000000e+00,-1.355516844588029457e+00
0.000000000000000000e+00,-1.394366083878278095e+00
0.000000000000000000e+00,-1.273061928960374622e+00
0.000000000000000000e+00,-9.410019417713952894e-01
0.000000000000000000e+00,-9.599148131404282580e-01
0.000000000000000000e+00,-1.181877872617039804e+00
0.000000000000000000e+00,-1.762017493213112962e+00
0.000000000000000000e+00,-1.638189220478212249e+00
0.000000000000000000e+00,-1.535600602631247869e+00
0.000000000000000000e+00,-1.108119275367450474e+00
0.000000000000000000e+00,-1.757270662703793063e+00
0.000000000000000000e+00,-1.361809527144486109e+00
0.000000000000000000e+00,-8.786743240044906367e-01
0.000000000000000000e+00,-1.546837049722708191e+00
0.000000000000000000e+00,-1.262491935431442114e+00
0.000000000000000000e+00,-7.783088191222589103e-01
0.000000000000000000e+00,-7.398006119252679147e-01
0.000000000000000000e+00,-1.069880851774750230e+00
0.000000000000000000e+00,-1.665084724518411941e+00
0.000000000000000000e+00,-1.541604478719830196e-01
0.000000000000000000e+00,-1.652199955642873919e+00
0.000000000000000000e+00,-8.917472209126942051e-01
0.000000000000000000e+00,-7.317831555544376254e-01
0.000000000000000000e+00,-1.034213778143418416e+00
0.000000000000000000e+00,-1.006534140452172377e+00
0.000000000000000000e+00,-1.307896836251468908e+00
0.000000000000000000e+00,-7.223759533763420837e-01
0.000000000000000000e+00,-1.161298266933072254e+00
0.000000000000000000e+00,-8.862270641073961563e-01
0.000000000000000000e+00,-1.399226191479607140e+00
0.000000000000000000e+00,-1.325845451384988660e+00
0.000000000000000000e+00,-5.916345758495985541e-01
0.000000000000000000e+00,-6.028810297513069738e-01
0.000000000000000000e+00,-1.073511722805194468e+00
0.000000000000000000e+00,-1.043439656919817216e+00
0.000000000000000000e+00,-1.716332001433727550e+00
0.000000000000000000e+00,-1.090851523603215911e+00
0.000000000000000000e+00,-1.275858232016122029e+00
0.000000000000000000e+00,-1.765018735742742706e+00
0.000000000000000000e+00,-1.560922235555616266e+00
0.000000000000000000e+00,-1.056855587283327846e+00
0.000000000000000000e+00,-1.250106306251082655e+00
0.000000000000000000e+00,-1.380539073749772694e+00
0.000000000000000000e+00,-1.741876185818015177e+00
0.000000000000000000e+00,-9.135296451884912239e-01
0.000000000000000000e+00,1.188541553114900451e-01
0.000000000000000000e+00,-1.391101862375326403e+00
0.000000000000000000e+00,-1.094377122989849571e+00
0.000000000000000000e+00,-1.338869915331591054e+00
0.000000000000000000e+00,-1.142112810052879235e+00
0.000000000000000000e+00,-7.214721382747277811e-01
0.000000000000000000e+00,-1.860891583095958035e+00
0.000000000000000000e+00,-1.093571774901077376e+00
0.000000000000000000e+00,-6.379272808748425172e-01
0.000000000000000000e+00,-1.856055491839224691e+00
0.000000000000000000e+00,-1.691788498074256797e+00
0.000000000000000000e+00,-1.152737240629561510e+00
0.000000000000000000e+00,-1.302417106959573356e+00
0.000000000000000000e+00,-1.372303068643122348e+00
0.000000000000000000e+00,-2.158800328269997681e+00
0.000000000000000000e+00,-8.027514538344282524e-01
0.000000000000000000e+00,-7.119396508323251327e-01
0.000000000000000000e+00,-1.493419896073180153e+00
0.000000000000000000e+00,-5.882947028611708040e-01
0.000000000000000000e+00,-1.517826506268456166e+00
0.000000000000000000e+00,-1.063913990959973965e+00
0.000000000000000000e+00,-6.847991800772503801e-01
0.000000000000000000e+00,-1.852343765781975016e+00
0.000000000000000000e+00,-1.113459309588281654e+00
0.000000000000000000e+00,-1.322573624706248507e+00
0.000000000000000000e+00,-9.885054708366672882e-01
0.000000000000000000e+00,-8.102613647894716387e-01
0.000000000000000000e+00,-1.465407231736875371e+00
0.000000000000000000e+00,-7.989084384267227668e-01
0.000000000000000000e+00,-1.326945399967466965e+00
0.000000000000000000e+00,-1.202280958168229663e+00
0.000000000000000000e+00,-9.275155634637374247e-01
0.000000000000000000e+00,-1.511594665118308534e+00
0.000000000000000000e+00,-7.239154010649199167e-01
0.000000000000000000e+00,-4.972251244270750048e-01
0.000000000000000000e+00,-1.127007329847068196e+00
0.000000000000000000e+00,-2.042058278144232908e+00
0.000000000000000000e+00,-1.592887990212356497e+00
0.000000000000000000e+00,-1.658484632751131782e+00
0.000000000000000000e+00,-1.669752701362976266e+00
0.000000000000000000e+00,-1.397900489257930090e+00
0.000000000000000000e+00,-1.335301887069505256e+00
0.000000000000000000e+00,-2.015773990073991051e+00
0.000000000000000000e+00,-1.590491159021715895e+00
0.000000000000000000e+00,-1.624131253169179168e+00
0.000000000000000000e+00,1.454202351583201436e-01
0.000000000000000000e+00,-1.511580655583961041e+00
0.000000000000000000e+00,-1.669584987223216910e+00
0.000000000000000000e+00,-1.382102137510536011e+00
0.000000000000000000e+00,-1.138850589911977185e+00
0.000000000000000000e+00,-1.232165296293351364e+00
0.000000000000000000e+00,-1.171771394538802413e+00
0.000000000000000000e+00,-1.205445912113519480e+00
0.000000000000000000e+00,-1.357667508246565236e+00
0.000000000000000000e+00,-1.214572523332256404e+00
0.000000000000000000e+00,-7.205867357039700272e-01
0.000000000000000000e+00,-8.441676400895361532e-01
0.000000000000000000e+00,-1.597989862349281198e+00
0.000000000000000000e+00,-1.036494130062770358e+00
0.000000000000000000e+00,-1.021743291212154459e+00
0.000000000000000000e+00,-1.010496036765626160e+00
0.000000000000000000e+00,-9.689809832252663790e-01
0.000000000000000000e+00,-1.224948384742374330e+00
0.000000000000000000e+00,-7.433033957845358586e-01
0.000000000000000000e+00,-1.168373482050935275e+00
0.000000000000000000e+00,-6.359919637728473907e-01
0.000000000000000000e+00,-1.452802253275875977e+00
0.000000000000000000e+00,-8.219445158904099547e-01
0.000000000000000000e+00,-1.200257981408460406e+00
0.000000000000000000e+00,-1.174726205468880735e+00
0.000000000000000000e+00,-9.352047964584279116e-01
0.000000000000000000e+00,-1.634912190258142939e+00
0.000000000000000000e+00,-4.243915567168263236e-01
0.000000000000000000e+00,-1.385640545614287511e+00
0.000000000000000000e+00,-1.423369822701561205e+00
0.000000000000000000e+00,-1.378637779802621255e+00
0.000000000000000000e+00,-7.861313428294549599e-01
0.000000000000000000e+00,-1.605619454754892539e+00
0.000000000000000000e+00,-1.736339617843910110e+00
0.000000000000000000e+00,-3.674768227493594996e-01
0.000000000000000000e+00,-6.304650023365805378e-01
0.000000000000000000e+00,-1.055810876293419298e+00
0.000000000000000000e+00,-1.831920266337878855e+00
0.000000000000000000e+00,-1.049533003816130128e+00
0.000000000000000000e+00,-1.752054712930039226e+00
0.000000000000000000e+00,-8.662390610453002404e-01
0.000000000000000000e+00,-8.524180550029437642e-01
0.000000000000000000e+00,-1.126710727991312444e+00
0.000000000000000000e+00,-1.691305369275475368e+00
0.000000000000000000e+00,-1.090131433537757877e+00
0.000000000000000000e+00,-1.481526201684620458e+00
0.000000000000000000e+00,-1.535425283315700051e+00
0.000000000000000000e+00,-1.047187007221550115e+00
0.000000000000000000e+00,-4.408371489510716223e-01
0.000000000000000000e+00,-1.525307197337574916e+00
0.000000000000000000e+00,-2.152035914754330537e-01
0.000000000000000000e+00,-1.091684890760683091e+00
0.000000000000000000e+00,-1.349676469854790062e+00
0.000000000000000000e+00,-1.246180834726932085e+00
0.000000000000000000e+00,-1.461070680447730252e+00
0.000000000000000000e+00,-1.824340898195601079e-01
0.000000000000000000e+00,-1.180531756502456453e+00
0.000000000000000000e+00,-1.046473321514651111e+00
0.000000000000000000e+00,-1.375255477938741144e+00
0.000000000000000000e+00,-1.006659025444069488e+00
0.000000000000000000e+00,-1.376688853438688520e+00
0.000000000000000000e+00,-1.064194181646922477e+00
0.000000000000000000e+00,-1.714848591882539575e+00
0.000000000000000000e+00,-9.504551752766323691e-01
0.000000000000000000e+00,-1.276259304970868369e+00
0.000000000000000000e+00,-1.023498485729682494e+00
0.000000000000000000e+00,-1.543082094245186608e+00
0.000000000000000000e+00,-1.101316645760747504e+00
0.000000000000000000e+00,-9.079574529699027119e-01
0.000000000000000000e+00,-5.024078515908049214e-01
0.000000000000000000e+00,-1.500559955321451255e+00
0.000000000000000000e+00,-1.108446297926360513e+00
0.000000000000000000e+00,6.020938295504761895e-01
0.000000000000000000e+00,-1.656948387241833354e+00
0.000000000000000000e+00,-8.973922627098894766e-01
0.000000000000000000e+00,-1.044325059490574859e+00
0.000000000000000000e+00,-1.600116909935631382e+00
0.000000000000000000e+00,-9.662995583511678754e-01
0.000000000000000000e+00,-1.175569579436596124e+00
0.000000000000000000e+00,-9.097226542976790675e-01
0.000000000000000000e+00,-6.433757889187637913e-01
0.000000000000000000e+00,-1.420301334407063631e+00
0.000000000000000000e+00,-1.026682252478239077e+00
0.000000000000000000e+00,-5.699586240348420985e-01
0.000000000000000000e+00,-1.421878007429764779e+00
0.000000000000000000e+00,-1.495417255398713952e+00
0.000000000000000000e+00,-1.464876470521312646e+00
0.000000000000000000e+00,-7.997826333700024382e-01
0.000000000000000000e+00,-1.339748112998970120e+00
0.000000000000000000e+00,-1.214838704484857645e+00
0.000000000000000000e+00,-1.454458980780562127e+00
0.000000000000000000e+00,-1.017319080265235431e+00
0.000000000000000000e+00,-1.672559411501381765e+00
0.000000000000000000e+00,-1.517544714491867897e+00
0.000000000000000000e+00,5.865708652211117924e-01
0.000000000000000000e+00,-1.794323879690700840e+00
0.000000000000000000e+00,-1.386229746601699508e+00
0.000000000000000000e+00,-1.194866712319158752e+00
0.000000000000000000e+00,-1.166814421014271019e+00
0.000000000000000000e+00,-1.025370960063319403e+00
0.000000000000000000e+00,-1.346532730347226536e+00
0.000000000000000000e+00,-1.780569719140802087e+00
0.000000000000000000e+00,-1.176088332479860998e+00
0.000000000000000000e+00,-1.499928325458587119e+00
0.000000000000000000e+00,-1.652236780704587016e+00
0.000000000000000000e+00,-1.147779066287800465e+00
0.000000000000000000e+00,-1.485988838782892341e+00
0.000000000000000000e+00,-1.585476145997745112e+00
0.000000000000000000e+00,-1.169085166395784858e+00
0.000000000000000000e+00,-1.335769405244299435e+00
0.000000000000000000e+00,-1.239531109180821211e+00
0.000000000000000000e+00,-1.172277338864949670e+00
0.000000000000000000e+00,-7.930132263733233877e-01
0.000000000000000000e+00,-9.625522080494347543e-01
0.000000000000000000e+00,-1.009928450488350116e+00
0.000000000000000000e+00,-1.122235282175922944e+00
0.000000000000000000e+00,-8.550014131366101555e-01
0.000000000000000000e+00,-1.474750390329382599e+00
0.000000000000000000e+00,-7.017387084653451401e-01
0.000000000000000000e+00,-9.681175956370545732e-01
0.000000000000000000e+00,-1.312302634667531276e+00
0.000000000000000000e+00,-5.309288618877167076e-01
0.000000000000000000e+00,-1.426744119117242748e+00
0.000000000000000000e+00,-1.299641618069142135e+00
0.000000000000000000e+00,-1.656524899032131071e+00
0.000000000000000000e+00,-1.253487007025322786e+00
0.000000000000000000e+00,-8.896213741435738953e-01
0.000000000000000000e+00,-1.386151693481763703e+00
0.000000000000000000e+00,-1.970891644885123695e+00
0.000000000000000000e+00,-1.491896459280999565e+00
0.000000000000000000e+00,-1.434610272517120810e+00
0.000000000000000000e+00,-1.230488955440578680e+00
0.000000000000000000e+00,-9.518697379733130903e-01
0.000000000000000000e+00,-5.154211079099294546e-01
0.000000000000000000e+00,-1.191548854313276840e+00
0.000000000000000000e+00,-1.283416575932766479e+00
0.000000000000000000e+00,-1.283411372391437322e+00
0.000000000000000000e+00,-5.667624488415780037e-01
0.000000000000000000e+00,-1.740865097710540432e+00
0.000000000000000000e+00,-1.437719588597430764e+00
0.000000000000000000e+00,-1.776630638354714131e+00
0.000000000000000000e+00,-9.617040308128003145e-01
0.000000000000000000e+00,-1.289640411634715544e+00
0.000000000000000000e+00,-1.823859580546776549e+00
0.000000000000000000e+00,-6.390268291849110494e-01
0.000000000000000000e+00,-1.049910860971100979e+00
0.000000000000000000e+00,-1.372552038082096804e+00
0.000000000000000000e+00,-1.903030661323393380e+00
0.000000000000000000e+00,-4.129597766893218780e-01
0.000000000000000000e+00,-1.227504524352165838e+00
0.000000000000000000e+00,-2.025960322498009170e+00
0.000000000000000000e+00,-1.497619954470540193e+00
0.000000000000000000e+00,-3.370973476531584079e-01
0.000000000000000000e+00,-8.535716400883522903e-01
0.000000000000000000e+00,-1.097373962522970370e+00
0.000000000000000000e+00,-1.629225920402725292e+00
0.000000000000000000e+00,-1.271387189197241474e+00
0.000000000000000000e+00,-1.623249453050110924e+00
0.000000000000000000e+00,-9.179994871901419051e-01
0.000000000000000000e+00,-1.474248048454924742e+00
0.000000000000000000e+00,-1.365374753499702498e+00
0.000000000000000000e+00,-8.822551609836942754e-01
0.000000000000000000e+00,-1.418259945116437937e+00
0.000000000000000000e+00,-1.469787812991112164e+00
0.000000000000000000e+00,-1.186719167415102305e+00
0.000000000000000000e+00,-1.605253605772219760e+00
0.000000000000000000e+00,-1.647886620153504511e+00
0.000000000000000000e+00,-1.472179040368013947e+00
0.000000000000000000e+00,-1.361620998839410568e+00
0.000000000000000000e+00,-3.359873922604318941e-01
0.000000000000000000e+00,-1.581944142252552643e+00
0.000000000000000000e+00,-6.408900972531194062e-01
0.000000000000000000e+00,-9.464660604393035914e-01
0.000000000000000000e+00,-1.463826956262485046e+00
0.000000000000000000e+00,1.093977196269735191e-01
0.000000000000000000e+00,-1.576038923388905166e+00
0.000000000000000000e+00,-1.268020497957348613e+00
0.000000000000000000e+00,-1.457470230120440302e+00
0.000000000000000000e+00,-4.750948634270517612e-01
0.000000000000000000e+00,-1.355449198550751966e+00
0.000000000000000000e+00,-1.396343429583315476e+00
0.000000000000000000e+00,-9.453533031397075570e-01
0.000000000000000000e+00,-1.273819244359955638e+00
0.000000000000000000e+00,-1.537862942292153257e+00
0.000000000000000000e+00,-1.280443352471831497e+00
0.000000000000000000e+00,-1.531609886704279555e+00
0.000000000000000000e+00,-1.517482271995919341e+00
0.000000000000000000e+00,-1.022352906092472535e+00
0.000000000000000000e+00,-1.587608797397834115e+00
0.000000000000000000e+00,-4.272082736654799762e-01
0.000000000000000000e+00,-1.549590923903003459e+00
0.000000000000000000e+00,-1.749848811678933691e+00
0.000000000000000000e+00,-1.022162376425347574e+00
0.000000000000000000e+00,-1.250842807485347485e+00
0.000000000000000000e+00,-1.140554149288624863e+00
0.000000000000000000e+00,-1.281703810290690360e+00
0.000000000000000000e+00,-1.297396490121863755e+00
0.000000000000000000e+00,-9.149846353985745528e-01
0.000000000000000000e+00,-1.612078650633878674e+00
0.000000000000000000e+00,7.101225497207532822e-01
0.000000000000000000e+00,-1.660837834249090372e+00
0.000000000000000000e+00,-1.245125316381955560e+00
0.000000000000000000e+00,-1.841317261569521246e+00
0.000000000000000000e+00,-1.126520998869007251e+00
0.000000000000000000e+00,-1.466853816226350027e+00
0.000000000000000000e+00,-1.083435676664505465e+00
0.000000000000000000e+00,-9.581914303553769330e-02
0.000000000000000000e+00,-1.732293664324371596e+00
0.000000000000000000e+00,-7.363606708343585217e-01
0.000000000000000000e+00,-8.386374764739898957e-01
0.000000000000000000e+00,-7.330252008424399390e-01
0.000000000000000000e+00,-8.942669357331823887e-01
0.000000000000000000e+00,-1.001613191444534534e+00
0.000000000000000000e+00,-1.387066716210856088e+00
0.000000000000000000e+00,-8.262538486556799677e-01
0.000000000000000000e+00,-7.122650723015955254e-01
0.000000000000000000e+00,-1.037479200463599760e+00
0.000000000000000000e+00,-1.185840969747723239e+00
0.000000000000000000e+00,-1.018213689101421293e+00
0.000000000000000000e+00,5.951799242138136048e-01
0.000000000000000000e+00,-7.768494259156664139e-01
0.000000000000000000e+00,-1.906181605734335927e+00
0.000000000000000000e+00,-1.364099485601676154e+00
0.000000000000000000e+00,-9.896482485670077267e-01
0.000000000000000000e+00,-1.457465827123931135e+00
0.000000000000000000e+00,-1.324271580269157145e+00
0.000000000000000000e+00,-1.099108743147592326e+00
0.000000000000000000e+00,-1.252668049674612982e+00
0.000000000000000000e+00,-1.505379235136967919e+00
0.000000000000000000e+00,-1.789131746125337541e+00
0.000000000000000000e+00,-1.189184845460250273e+00
0.000000000000000000e+00,-1.125318980821997661e+00
0.000000000000000000e+00,-1.064564833898514529e+00
0.000000000000000000e+00,-8.756682782059417303e-01
0.000000000000000000e+00,-1.321174272361145041e+00
0.000000000000000000e+00,-1.212121655366275697e+00
0.000000000000000000e+00,-7.849817604681457173e-01
0.000000000000000000e+00,-1.595665080192427476e+00
0.000000000000000000e+00,-1.247171508941500528e+00
0.000000000000000000e+00,-1.732045895702627014e+00
0.000000000000000000e+00,-1.405034944692462151e+00
0.000000000000000000e+00,-1.413957817254546612e+00
0.000000000000000000e+00,-1.659391249759615494e+00
0.000000000000000000e+00,-9.471048952055465264e-01
0.000000000000000000e+00,-1.632028627817031508e+00
0.000000000000000000e+00,-1.652860004846842923e+00
0.000000000000000000e+00,-4.416685147464892158e-01
0.000000000000000000e+00,-1.135480296220394925e+00
0.000000000000000000e+00,-1.368996418264718518e+00
0.000000000000000000e+00,-1.959220902228893113e+00
0.000000000000000000e+00,-1.957330815909219535e+00
0.000000000000000000e+00,-1.318564095976013428e+00
0.000000000000000000e+00,-1.168253800600367098e+00
0.000000000000000000e+00,-1.268993960458290271e+00
0.000000000000000000e+00,-1.236807655703680453e+00
0.000000000000000000e+00,-1.060632557743395488e+00
0.000000000000000000e+00,-1.149462612043951726e+00
0.000000000000000000e+00,-1.888450738791816130e+00
0.000000000000000000e+00,-9.965329340177456752e-01
0.000000000000000000e+00,-3.684226664540161122e-01
0.000000000000000000e+00,-1.305285459049107644e+00
0.000000000000000000e+00,-1.452176627499160544e+00
0.000000000000000000e+00,-1.524598715172004626e+00
0.000000000000000000e+00,-1.501684720793345251e+00
0.000000000000000000e+00,-1.158890228114953569e+00
0.000000000000000000e+00,-7.192574310306037999e-01
0.000000000000000000e+00,-1.072815649084332135e+00
0.000000000000000000e+00,-1.322842607765719158e+00
0.000000000000000000e+00,-8.523668201344731798e-01
0.000000000000000000e+00,-7.842676744888366080e-01
0.000000000000000000e+00,-1.095361793118269089e+00
0.000000000000000000e+00,-1.149312109617819377e+00
0.000000000000000000e+00,1.723869876874868090e-01
0.000000000000000000e+00,-9.512781353514414562e-01
0.000000000000000000e+00,-1.737626093369414093e+00
0.000000000000000000e+00,-1.400250488576609387e+00
0.000000000000000000e+00,-1.306268127815477520e+00
0.000000000000000000e+00,-1.297960473947450399e+00
0.000000000000000000e+00,1.395122143878031740e-01
0.000000000000000000e+00,-1.468330611358662219e-01
0.000000000000000000e+00,-1.788627202752625101e+00
0.000000000000000000e+00,-1.459217419189769993e+00
0.000000000000000000e+00,-1.660436361021933926e+00
0.000000000000000000e+00,-1.220100285313343136e+00
0.000000000000000000e+00,-1.256599525284912255e+00
0.000000000000000000e+00,-1.055914146575180457e+00
0.000000000000000000e+00,-8.201176726115048110e-01
0.000000000000000000e+00,-8.177652716583659886e-01
0.000000000000000000e+00,-1.314114267594859164e+00
0.000000000000000000e+00,-1.033707833817271160e+00
0.000000000000000000e+00,-1.106391699646207316e+00
0.000000000000000000e+00,-1.093916809718433969e+00
0.000000000000000000e+00,-1.600804978208295148e+00
0.000000000000000000e+00,-7.658919686939250626e-01
0.000000000000000000e+00,-1.062605900724333807e+00
0.000000000000000000e+00,-1.353930164755080323e+00
0.000000000000000000e+00,-1.765443024497264979e+00
0.000000000000000000e+00,-1.270315850167960670e-01
0.000000000000000000e+00,-1.439138954563030648e+00
0.000000000000000000e+00,-1.460200488228549753e+00
0.000000000000000000e+00,-1.358205074093096654e+00
0.000000000000000000e+00,-1.105010759831960288e+00
0.000000000000000000e+00,-1.193567428076536929e+00
0.000000000000000000e+00,-1.666784281170960336e+00
0.000000000000000000e+00,-9.216715862788087410e-01
0.000000000000000000e+00,-5.996033891985105141e-02
0.000000000000000000e+00,-1.034815387575538148e+00
0.000000000000000000e+00,-1.568411732617753351e+00
0.000000000000000000e+00,7.634322401523281620e-02
0.000000000000000000e+00,-7.609381973486731843e-01
0.000000000000000000e+00,-1.818482320991822165e+00
0.000000000000000000e+00,-1.271155031199484142e+00
0.000000000000000000e+00,-1.752159984573850027e+00
0.000000000000000000e+00,-1.383061590477130176e+00
0.000000000000000000e+00,-7.614457427644600873e-01
0.000000000000000000e+00,-1.297274006764426169e+00
0.000000000000000000e+00,-1.044540406047115289e+00
0.000000000000000000e+00,-1.352595846752477626e-01
0.000000000000000000e+00,-8.378609479987322306e-01
0.000000000000000000e+00,-8.889028851677556187e-01
0.000000000000000000e+00,-1.324185521701022994e+00
0.000000000000000000e+00,-1.766426493808454623e+00
0.000000000000000000e+00,-1.745955762219987273e+00
0.000000000000000000e+00,-1.943958305178073720e-01
0.000000000000000000e+00,-1.274527726525525928e+00
0.000000000000000000e+00,-5.848051279914304734e-01
0.000000000000000000e+00,-1.043798701271521301e+00
0.000000000000000000e+00,-1.179649956383388210e+00
0.000000000000000000e+00,-1.605124317783813481e+00
0.000000000000000000e+00,-9.922372105144131593e-01
0.000000000000000000e+00,-3.034112221785534858e-01
0.000000000000000000e+00,-1.003009341610358485e+00
0.000000000000000000e+00,1.032394275397386929e+00
0.000000000000000000e+00,-1.181112551769260000e+00
0.000000000000000000e+00,-1.074418740086088286e+00
0.000000000000000000e+00,-8.843033549052887743e-01
0.000000000000000000e+00,-2.546816587216762517e-01
0.000000000000000000e+00,-6.968109548267384934e-01
0.000000000000000000e+00,-9.881840520914961790e-01
0.000000000000000000e+00,-9.393348071840508240e-01
0.000000000000000000e+00,-1.773822727399078980e+00
0.000000000000000000e+00,-9.195177204409935579e-01
0.000000000000000000e+00,-1.093277974952191256e+00
0.000000000000000000e+00,-1.502802281361860226e+00
0.000000000000000000e+00,-5.954968043329805782e-01
0.000000000000000000e+00,-8.224056297066454357e-01
0.000000000000000000e+00,-1.725512649427804801e+00
0.000000000000000000e+00,-1.521542235049805125e+00
0.000000000000000000e+00,-1.458271975757523320e+00
0.000000000000000000e+00,-9.361738559628602907e-01
0.000000000000000000e+00,-9.063611665991153643e-01
0.000000000000000000e+00,-1.003026153051575386e+00
0.000000000000000000e+00,-1.485988438510482457e+00
0.000000000000000000e+00,-1.002400927547270060e+00
0.000000000000000000e+00,-1.186422165286936670e+00
0.000000000000000000e+00,-8.338390108237895282e-01
0.000000000000000000e+00,-1.107213859176196635e+00
0.000000000000000000e+00,1.792613251040169331e+00
0.000000000000000000e+00,-8.598367038485238423e-01
0.000000000000000000e+00,-9.486915750384956603e-01
0.000000000000000000e+00,-1.094123750554366170e+00
0.000000000000000000e+00,-1.281267913636280342e+00
0.000000000000000000e+00,-1.503309026232827472e+00
0.000000000000000000e+00,-1.328356760484868282e+00
0.000000000000000000e+00,-1.409074493853441856e+00
0.000000000000000000e+00,-1.505201514186960576e+00
0.000000000000000000e+00,-1.398566942820457903e+00
0.000000000000000000e+00,-8.519237185766843634e-01
0.000000000000000000e+00,-1.577095242278701459e+00
0.000000000000000000e+00,-1.571934129825107496e+00
0.000000000000000000e+00,-8.565420616424177513e-01
0.000000000000000000e+00,-8.383620890559604355e-01
0.000000000000000000e+00,-1.403344194032932091e+00
0.000000000000000000e+00,-1.708612347735882775e+00
0.000000000000000000e+00,-1.218851035121962134e+00
0.000000000000000000e+00,-9.947865454932358631e-01
0.000000000000000000e+00,-1.237824347624894017e+00
0.000000000000000000e+00,-6.172868337845661690e-01
0.000000000000000000e+00,-1.217093438969974351e+00
0.000000000000000000e+00,-1.129014695982850203e+00
0.000000000000000000e+00,-1.616342352344416922e+00
0.000000000000000000e+00,-1.611437814505586097e+00
0.000000000000000000e+00,-1.289084833529737351e+00
0.000000000000000000e+00,-2.781496301156742845e-01
0.000000000000000000e+00,-1.705445792700953200e+00
0.000000000000000000e+00,-1.153951667121278835e+00
0.000000000000000000e+00,-1.675265252992485632e+00
0.000000000000000000e+00,-1.064950296229274063e+00
0.000000000000000000e+00,-1.341073815220647170e+00
0.000000000000000000e+00,-9.262807230791137991e-01
0.000000000000000000e+00,-7.982804110155478083e-01
0.000000000000000000e+00,-1.226462214996716815e+00
0.000000000000000000e+00,-4.166314755055788299e-01
0.000000000000000000e+00,-1.309626013062351824e+00
0.000000000000000000e+00,-1.355705372893104999e+00
0.000000000000000000e+00,-5.374500999902412923e-01
0.000000000000000000e+00,-1.162213289662164417e+00
0.000000000000000000e+00,-9.003867006085505276e-01
0.000000000000000000e+00,-1.484326907736877033e+00
0.000000000000000000e+00,-1.031335419243635920e+00
0.000000000000000000e+00,-1.395797458016175607e+00
0.000000000000000000e+00,-1.070895942606324036e+00
0.000000000000000000e+00,-1.462519266299254772e+00
0.000000000000000000e+00,-1.396754509348310247e+00
0.000000000000000000e+00,-8.880807256377662995e-01
0.000000000000000000e+00,-1.206842462551753314e+00
0.000000000000000000e+00,-1.317527390434303447e+00
0.000000000000000000e+00,-1.417091549951862151e+00
0.000000000000000000e+00,-1.345209029487599128e+00
0.000000000000000000e+00,-1.693393590438062590e+00
0.000000000000000000e+00,-1.607708876734709635e+00
0.000000000000000000e+00,-8.349957980884774589e-01
0.000000000000000000e+00,-1.154385162141229548e+00
0.000000000000000000e+00,-9.888122697147637419e-02
0.000000000000000000e+00,-1.591277694307221546e+00
0.000000000000000000e+00,-1.466708117069136730e+00
0.000000000000000000e+00,-1.451792365985631106e+00
0.000000000000000000e+00,-1.218951503496853661e+00
0.000000000000000000e+00,-9.498635726547608460e-01
0.000000000000000000e+00,-1.172857733859343110e+00
0.000000000000000000e+00,-9.109943197440160123e-01
0.000000000000000000e+00,-1.363962592437481414e+00
0.000000000000000000e+00,-9.850267033219949342e-01
0.000000000000000000e+00,-8.352699846892772673e-01
0.000000000000000000e+00,3.929150705745113048e-01
0.000000000000000000e+00,-1.642805962454305879e+00
0.000000000000000000e+00,-1.127905541134943457e+00
0.000000000000000000e+00,-1.096103898166273183e+00
0.000000000000000000e+00,-1.234446849029933180e+00
0.000000000000000000e+00,-1.530495128042633768e+00
0.000000000000000000e+00,-1.331928791471053586e+00
0.000000000000000000e+00,-1.541641113569450550e+00
0.000000000000000000e+00,-1.014998090772163547e-01
0.000000000000000000e+00,-1.357109528507127516e+00
0.000000000000000000e+00,-9.799716630570316500e-01
0.000000000000000000e+00,-1.451133117326481869e+00
0.000000000000000000e+00,-1.441969681046031626e+00
0.000000000000000000e+00,-8.641356295311357627e-01
0.000000000000000000e+00,-1.560533571045577439e+00
0.000000000000000000e+00,-1.244640186221124489e+00
0.000000000000000000e+00,-1.170119070030625208e+00
0.000000000000000000e+00,-8.603402465402115729e-01
0.000000000000000000e+00,-9.327955568230795746e-01
0.000000000000000000e+00,-9.517460537986457414e-01
0.000000000000000000e+00,-1.388581347010018341e+00
0.000000000000000000e+00,-9.150258634567969285e-01
0.000000000000000000e+00,-1.111491970693492259e+00
0.000000000000000000e+00,-2.257515700218194754e-01
0.000000000000000000e+00,-1.372536827730519660e+00
0.000000000000000000e+00,-1.193251212872694866e+00
0.000000000000000000e+00,-5.204109037720747732e-01
0.000000000000000000e+00,-9.198295326483264533e-01
0.000000000000000000e+00,-1.241973571426193468e+00
0.000000000000000000e+00,-1.338831489180238199e+00
0.000000000000000000e+00,-1.187491292893850803e+00
0.000000000000000000e+00,-1.286176854471620334e+00
0.000000000000000000e+00,-1.552465680351096333e+00
0.000000000000000000e+00,-1.212706853629588410e+00
0.000000000000000000e+00,-1.203023063216233535e+00
0.000000000000000000e+00,-8.638110086066852489e-01
0.000000000000000000e+00,-1.257330422705438266e+00
0.000000000000000000e+00,-1.570940653703669643e+00
0.000000000000000000e+00,-1.280616670425329673e+00
0.000000000000000000e+00,-1.304265965221024448e+00
0.000000000000000000e+00,-1.264977627097086499e+00
0.000000000000000000e+00,-1.089893271453851620e+00
0.000000000000000000e+00,-1.180907612295377662e+00
0.000000000000000000e+00,-1.126199580123836252e+00
0.000000000000000000e+00,-2.588889220224149801e-01
0.000000000000000000e+00,8.663422767444635408e-02
0.000000000000000000e+00,-9.665965604793333998e-01
0.000000000000000000e+00,-1.068938210249372966e+00
0.000000000000000000e+00,-1.583552436795637730e+00
0.000000000000000000e+00,-1.476372294134405294e+00
0.000000000000000000e+00,-7.432053290441038573e-01
0.000000000000000000e+00,-7.337993276832380785e-01
0.000000000000000000e+00,-1.189337349248432263e+00
0.000000000000000000e+00,-3.422964859856953423e-01
0.000000000000000000e+00,-1.001091236221990144e+00
0.000000000000000000e+00,-1.156585059306186158e+00
0.000000000000000000e+00,-1.248283465696276684e+00
0.000000000000000000e+00,-1.270732343534601627e+00
0.000000000000000000e+00,-4.801771222158901509e-01
0.000000000000000000e+00,-9.292019111267583176e-01
0.000000000000000000e+00,-5.050272342413647531e-01
0.000000000000000000e+00,-1.018431837564831355e+00
0.000000000000000000e+00,-7.340442943981131396e-01
0.000000000000000000e+00,-3.020410897193746558e-01
0.000000000000000000e+00,-8.182339906503901528e-01
0.000000000000000000e+00,-4.692857099417866440e-01
0.000000000000000000e+00,-4.577566637186700760e-01
0.000000000000000000e+00,-1.671690820371841024e+00
0.000000000000000000e+00,-6.066279797806301000e-01
0.000000000000000000e+00,-9.555866675718917014e-01
0.000000000000000000e+00,-1.355493228515843862e+00
0.000000000000000000e+00,-1.586483231381120573e+00
0.000000000000000000e+00,-6.809585663040044201e-01
0.000000000000000000e+00,-1.614442659486905240e+00
0.000000000000000000e+00,-9.954754143107196196e-01
0.000000000000000000e+00,-9.954061671838022596e-01
0.000000000000000000e+00,-1.059474169389067910e+00
0.000000000000000000e+00,-1.257809949052530518e+00
0.000000000000000000e+00,-1.119370532538078056e+00
0.000000000000000000e+00,-1.250567420067318025e+00
0.000000000000000000e+00,-1.036050227960161774e+00
0.000000000000000000e+00,-1.100331975632327985e+00
0.000000000000000000e+00,-1.673338341611098956e+00
0.000000000000000000e+00,-1.245015641741635815e+00
0.000000000000000000e+00,-8.806204484615539618e-01
0.000000000000000000e+00,-1.186922505799344885e+00
0.000000000000000000e+00,-1.341004167821319815e+00
0.000000000000000000e+00,-1.448276373136835549e+00
0.000000000000000000e+00,-1.146497794303625417e+00
0.000000000000000000e+00,-1.212548746027667379e+00
0.000000000000000000e+00,-1.273505030518163217e+00
0.000000000000000000e+00,-9.809951596092140180e-01
0.000000000000000000e+00,-1.260206780243171121e+00
0.000000000000000000e+00,-8.534851812478081445e-01
0.000000000000000000e+00,-1.319166906225363034e+00
0.000000000000000000e+00,-1.234443646850653664e+00
0.000000000000000000e+00,-1.541477802426200583e+00
0.000000000000000000e+00,-9.340267947560139117e-01
0.000000000000000000e+00,-1.053320381358855862e+00
0.000000000000000000e+00,-1.941381161190873339e+00
0.000000000000000000e+00,-1.500417458343517474e+00
0.000000000000000000e+00,-1.807323326611682823e+00
0.000000000000000000e+00,-1.404240003686348048e+00
0.000000000000000000e+00,-7.370307268485757346e-01
0.000000000000000000e+00,-1.163251196021104272e+00
0.000000000000000000e+00,-1.783771898420215107e+00
0.000000000000000000e+00,-1.338494459811079951e+00
0.000000000000000000e+00,-1.171034893304537361e+00
0.000000000000000000e+00,-1.296912560778262336e+00
0.000000000000000000e+00,-1.010631328840181364e+00
0.000000000000000000e+00,-1.418383229018695291e+00
0.000000000000000000e+00,-1.192724054108821541e+00
0.000000000000000000e+00,-9.817400665640874102e-01
0.000000000000000000e+00,-1.270717533455434367e+00
0.000000000000000000e+00,-8.256462351374113107e-01
0.000000000000000000e+00,-1.869343134895353753e+00
0.000000000000000000e+00,-1.214682598244986256e+00
0.000000000000000000e+00,-1.126580239185676513e+00
0.000000000000000000e+00,-1.301726236780039958e+00
0.000000000000000000e+00,8.221271757388314283e-01
0.000000000000000000e+00,-1.286980201198343110e+00
0.000000000000000000e+00,-9.528640146395708221e-01
0.000000000000000000e+00,-6.121589439409962363e-01
0.000000000000000000e+00,-1.657477547367756321e+00
1.000000000000000000e+00,1.208982454484716085e+00
1.000000000000000000e+00,4.269102063495795463e-01
1.000000000000000000e+00,4.954972840629167097e-01
1.000000000000000000e+00,6.808970599823706005e-01
1.000000000000000000e+00,5.608697740521331188e-01
1.000000000000000000e+00,1.049278966465321705e+00
1.000000000000000000e+00,-1.179487045512547905e+00
1.000000000000000000e+00,1.390485978765944264e+00
1.000000000000000000e+00,1.456104636287265608e+00
1.000000000000000000e+00,5.985910456912083566e-01
1.000000000000000000e+00,-4.372310948100426864e-01
1.000000000000000000e+00,-2.241457680841637927e-03
1.000000000000000000e+00,-4.688866383490898349e-01
1.000000000000000000e+00,-2.669788276994419784e-01
1.000000000000000000e+00,1.164313654626544459e+00
1.000000000000000000e+00,4.864775455776301216e-01
1.000000000000000000e+00,3.813201894640740747e-02
1.000000000000000000e+00,-1.107040140950288354e+00
1.000000000000000000e+00,4.069746389731839775e-01
1.000000000000000000e+00,-1.258409648093570393e-02
1.000000000000000000e+00,-1.046491523985190464e-01
1.000000000000000000e+00,1.160258304629485093e-01
1.000000000000000000e+00,-1.860069213505651520e-01
1.000000000000000000e+00,4.324291623376478877e-01
1.000000000000000000e+00,4.960852842330988888e-01
1.000000000000000000e+00,-7.793026955161067582e-01
1.000000000000000000e+00,1.047178336858026748e+00
1.000000000000000000e+00,2.426944362186885806e-01
1.000000000000000000e+00,-5.911394388785193854e-01
1.000000000000000000e+00,-3.974204011911504630e-01
1.000000000000000000e+00,8.730122061231635477e-01
1.000000000000000000e+00,3.956889583753028239e-01
1.000000000000000000e+00,-4.619226989611863732e-01
1.000000000000000000e+00,-8.228193013181922533e-02
1.000000000000000000e+00,6.667126065918007605e-01
1.000000000000000000e+00,5.315534224766971239e-01
1.000000000000000000e+00,1.449621824336093878e+00
1.000000000000000000e+00,2.280596763669513194e-01
1.000000000000000000e+00,1.223791332834771373e+00
1.000000000000000000e+00,1.489583820925938440e+00
1.000000000000000000e+00,2.326724746673960009e+00
1.000000000000000000e+00,7.859385471573652193e-01
1.000000000000000000e+00,-8.709514681273663461e-01
1.000000000000000000e+00,1.071837118671556510e+00
1.000000000000000000e+00,2.358926662052557077e+00
1.000000000000000000e+00,-2.845836088328348445e-01
1.000000000000000000e+00,-1.193287427601680967e-01
1.000000000000000000e+00,-1.845607371335002689e-01
1.000000000000000000e+00,9.128857425104142109e-01
1.000000000000000000e+00,1.351756420926263802e+00
1.000000000000000000e+00,6.588724708985680412e-01
1.000000000000000000e+00,8.759109789158521231e-01
1.000000000000000000e+00,1.241834812529443832e+00
1.000000000000000000e+00,2.009408203220125477e-01
1.000000000000000000e+00,-3.232655342557339551e-01
1.000000000000000000e+00,-2.262995429510090140e-01
1.000000000000000000e+00,1.162514430143924304e+00
1.000000000000000000e+00,1.596607857347299486e+00
1.000000000000000000e+00,5.267231450940199067e-02
1.000000000000000000e+00,5.746659632050741262e-01
1.000000000000000000e+00,1.657528727653629352e-01
1.000000000000000000e+00,-2.620002394647746313e-01
1.000000000000000000e+00,1.062011631825087621e+00
1.000000000000000000e+00,4.634646839137186447e-01
1.000000000000000000e+00,3.601239542085022949e-01
1.000000000000000000e+00,1.392699885465248366e+00
1.000000000000000000e+00,-1.940311823523642176e-01
1.000000000000000000e+00,9.236306550824845418e-01
1.000000000000000000e+00,6.777677302815642291e-01
1.000000000000000000e+00,9.717309903109572211e-01
1.000000000000000000e+00,8.430702287710122311e-01
1.000000000000000000e+00,1.044637807872222490e+00
1.000000000000000000e+00,-8.096713632572397623e-01
1.000000000000000000e+00,2.631599642658269955e-01
1.000000000000000000e+00,-2.934590391902305861e-02
1.000000000000000000e+00,4.085677231646919760e-01
1.000000000000000000e+00,3.066154474785411262e-03
1.000000000000000000e+00,7.083005097107671899e-01
1.000000000000000000e+00,-6.345757999865269117e-01
1.000000000000000000e+00,4.054796215221080358e-01
1.000000000000000000e+00,5.913317052647790728e-01
1.000000000000000000e+00,7.445880055774852790e-01
1.000000000000000000e+00,2.516997648972177926e-01
1.000000000000000000e+00,2.108657938835574619e+00
1.000000000000000000e+00,7.914835208520787369e-01
1.000000000000000000e+00,6.128179279572303351e-01
1.000000000000000000e+00,-4.263689024218638157e-01
1.000000000000000000e+00,6.829600639831324704e-01
1.000000000000000000e+00,1.062024840814615123e+00
1.000000000000000000e+00,-3.629057118279974126e-01
1.000000000000000000e+00,3.923258695870993074e-01
1.000000000000000000e+00,-7.504582651119742209e-01
1.000000000000000000e+00,7.002226122060379865e-01
1.000000000000000000e+00,1.559710156115760582e-01
1.000000000000000000e+00,1.530441226896788631e+00
1.000000000000000000e+00,-7.960250661977040509e-02
1.000000000000000000e+00,8.631414884943729993e-01
1.000000000000000000e+00,-7.368686165225554197e-01
1.000000000000000000e+00,1.270684446474905416e+00
1.000000000000000000e+00,-5.977007042220365829e-01
1.000000000000000000e+00,1.969609117501120998e-01
1.000000000000000000e+00,1.548650819641580689e+00
1.000000000000000000e+00,8.999673507524423854e-01
1.000000000000000000e+00,7.788941530150665926e-01
1.000000000000000000e+00,1.790383143232375518e-01
1.000000000000000000e+00,1.017206339075130916e+00
1.000000000000000000e+00,1.752629239467778932e+00
1.000000000000000000e+00,6.584017505444943463e-01
1.000000000000000000e+00,1.449052236696768192e+00
1.000000000000000000e+00,9.427912950732622033e-01
1.000000000000000000e+00,-3.960162455771278345e-01
1.000000000000000000e+00,1.687794715597503936e+00
1.000000000000000000e+00,4.634822958997554254e-01
1.000000000000000000e+00,1.109200146503747320e+00
1.000000000000000000e+00,-1.452687965578729479e-01
1.000000000000000000e+00,-3.631166553880287307e-01
1.000000000000000000e+00,1.896158220569886142e-03
1.000000000000000000e+00,4.021743820212512338e-02
1.000000000000000000e+00,9.844200259780411244e-01
1.000000000000000000e+00,8.716418834518920022e-02
1.000000000000000000e+00,5.860689236190638196e-01
1.000000000000000000e+00,1.293608047391403115e+00
1.000000000000000000e+00,3.346374090512442834e-01
1.000000000000000000e+00,6.934908308158920232e-01
1.000000000000000000e+00,3.897877422357545751e-01
1.000000000000000000e+00,8.688461708806471950e-01
1.000000000000000000e+00,1.342895990860128119e+00
1.000000000000000000e+00,1.137675926018337336e+00
1.000000000000000000e+00,-2.942629962496804974e-01
1.000000000000000000e+00,5.245850800922845503e-01
1.000000000000000000e+00,7.491607175884870129e-01
1.000000000000000000e+00,-4.229273602413147204e-01
1.000000000000000000e+00,-1.683979274327558270e-02
1.000000000000000000e+00,2.429453059591988762e+00
1.000000000000000000e+00,5.064035064161874766e-01
1.000000000000000000e+00,-3.097007025557305671e-01
1.000000000000000000e+00,7.381252072468099668e-01
1.000000000000000000e+00,9.073451718122098608e-01
1.000000000000000000e+00,2.795014856734914233e-01
1.000000000000000000e+00,9.506122176908184951e-01
1.000000000000000000e+00,-3.802010823885169644e-01
1.000000000000000000e+00,-5.855308218706274381e-01
1.000000000000000000e+00,-8.507761375774247625e-01
1.000000000000000000e+00,6.751575538964327272e-01
1.000000000000000000e+00,5.261485441254579731e-01
1.000000000000000000e+00,1.237199257750083659e+00
1.000000000000000000e+00,1.793463429638853412e+00
1.000000000000000000e+00,-5.822690020021353829e-01
1.000000000000000000e+00,6.029243948010739595e-01
1.000000000000000000e+00,5.853676463568723287e-01
1.000000000000000000e+00,7.172910283101291418e-01
1.000000000000000000e+00,8.641033430954266903e-01
1.000000000000000000e+00,-5.678818007118254657e-02
1.000000000000000000e+00,3.294306655429187769e-01
1.000000000000000000e+00,1.533443670243648249e+00
1.000000000000000000e+00,7.855783019884312601e-01
1.000000000000000000e+00,-2.120526470644906458e-01
1.000000000000000000e+00,1.771999221928948209e+00
1.000000000000000000e+00,1.468287937688519396e-01
1.000000000000000000e+00,4.293038353609407998e-01
1.000000000000000000e+00,-7.267004964931893518e-01
1.000000000000000000e+00,1.538678833093078735e+00
1.000000000000000000e+00,1.078737414746281598e+00
1.000000000000000000e+00,4.280525838075101563e-01
1.000000000000000000e+00,4.004017657297788690e-01
1.000000000000000000e+00,6.427603055817915356e-01
1.000000000000000000e+00,7.542129559465808875e-01
1.000000000000000000e+00,2.145364729975803020e-01
1.000000000000000000e+00,7.489781933695605076e-01
1.000000000000000000e+00,5.421714486948207012e-01
1.000000000000000000e+00,1.207002707145218956e+00
1.000000000000000000e+00,2.350738689635098133e+00
1.000000000000000000e+00,1.074033413384823943e+00
1.000000000000000000e+00,7.743806813207338990e-01
1.000000000000000000e+00,8.527412104672494886e-01
1.000000000000000000e+00,4.615145567325561471e-01
1.000000000000000000e+00,-1.471408706190997784e-01
1.000000000000000000e+00,-4.043174950865961459e-01
1.000000000000000000e+00,7.561602812208739754e-01
1.000000000000000000e+00,5.508125294803167815e-01
1.000000000000000000e+00,-3.236574009450521316e-01
1.000000000000000000e+00,-1.043865736976071767e-01
1.000000000000000000e+00,1.065659314296748983e+00
1.000000000000000000e+00,8.035249157599014813e-01
1.000000000000000000e+00,-4.658501718473864184e-01
1.000000000000000000e+00,-4.658501718473864184e-01
1.000000000000000000e+00,4.423377156332888166e-02
1.000000000000000000e+00,-5.529518498818796202e-01
1.000000000000000000e+00,1.156892203874094749e+00
1.000000000000000000e+00,7.580003334893066214e-01
1.000000000000000000e+00,1.190731233409291656e+00
1.000000000000000000e+00,3.821949748918563872e-01
1.000000000000000000e+00,1.389881567426954900e+00
1.000000000000000000e+00,3.918471437848270456e-01
1.000000000000000000e+00,1.042192143447570718e+00
1.000000000000000000e+00,9.652701933423315506e-01
1.000000000000000000e+00,4.561551192239558794e-02
1.000000000000000000e+00,1.062888628675236813e+00
1.000000000000000000e+00,-8.745024748879180743e-02
1.000000000000000000e+00,-1.056290192580194159e-01
1.000000000000000000e+00,5.515742478764070755e-01
1.000000000000000000e+00,6.633415123553987325e-01
1.000000000000000000e+00,1.219116551359238354e+00
1.000000000000000000e+00,-9.608778685587117119e-01
1.000000000000000000e+00,3.290408002156502421e-01
1.000000000000000000e+00,6.385213297896986419e-03
1.000000000000000000e+00,-3.156227328605950011e-01
1.000000000000000000e+00,4.503817801952669231e-01
1.000000000000000000e+00,1.333949502225858064e+00
1.000000000000000000e+00,-3.075512397144246068e-01
1.000000000000000000e+00,1.764369439311244125e-01
1.000000000000000000e+00,3.556036778832009082e-01
1.000000000000000000e+00,3.608932777803812719e-01
1.000000000000000000e+00,4.980257139054532732e-03
1.000000000000000000e+00,5.986280808132388165e-02
1.000000000000000000e+00,-4.310140637390623142e-01
1.000000000000000000e+00,-2.043546080767817963e-01
1.000000000000000000e+00,1.098292323060837017e+00
1.000000000000000000e+00,9.461523824994160226e-01
1.000000000000000000e+00,5.277596405754125808e-01
1.000000000000000000e+00,1.640309599063088486e+00
1.000000000000000000e+00,-1.092178616854215384e-01
1.000000000000000000e+00,2.162356293777188132e-01
1.000000000000000000e+00,9.010993211277148474e-01
1.000000000000000000e+00,6.751575538964327272e-01
1.000000000000000000e+00,1.645956642222333288e+00
1.000000000000000000e+00,4.520565199583999050e-01
1.000000000000000000e+00,8.712037753751150637e-01
1.000000000000000000e+00,-3.811269124726772706e-01
1.000000000000000000e+00,1.606994926384895495e+00
1.000000000000000000e+00,1.108595735164758178e+00
1.000000000000000000e+00,-1.889008908743346482e-01
1.000000000000000000e+00,-4.372310948100426864e-01
1.000000000000000000e+00,1.095298685706995734e+00
1.000000000000000000e+00,1.320715505596771200e-01
1.000000000000000000e+00,-3.909079690816442687e-01
1.000000000000000000e+00,-9.172709914040754198e-01
1.000000000000000000e+00,3.228698004718114634e-01
1.000000000000000000e+00,1.639730004613514591e+00
1.000000000000000000e+00,5.492486651747333637e-01
1.000000000000000000e+00,8.457700661759673944e-01
1.000000000000000000e+00,4.187094252150028728e-01
1.000000000000000000e+00,7.742698058631842795e-01
1.000000000000000000e+00,-1.725129378671187708e-01
1.000000000000000000e+00,1.621992543100343465e-01
1.000000000000000000e+00,1.080360519368533945e+00
1.000000000000000000e+00,5.153439909643086070e-01
1.000000000000000000e+00,8.470661482393098130e-01
1.000000000000000000e+00,9.831007281149229948e-01
1.000000000000000000e+00,3.079548499331255518e-01
1.000000000000000000e+00,9.794506440088021071e-01
1.000000000000000000e+00,-6.291595039474925932e-02
1.000000000000000000e+00,-2.151063252798208758e-01
1.000000000000000000e+00,2.015832575399447713e-01
1.000000000000000000e+00,3.173348335873460990e-01
1.000000000000000000e+00,-1.036704673350391737e+00
1.000000000000000000e+00,2.296629865261216707e+00
1.000000000000000000e+00,1.417410702692068591e+00
1.000000000000000000e+00,6.559596885715319736e-01
1.000000000000000000e+00,-1.271756830843696617e-01
1.000000000000000000e+00,5.834377428565234308e-02
1.000000000000000000e+00,5.338233673133910839e-01
1.000000000000000000e+00,1.012301000691480102e+00
1.000000000000000000e+00,-1.272865585419193368e-01
1.000000000000000000e+00,1.075868262111927542e+00
1.000000000000000000e+00,9.997160358509771250e-01
1.000000000000000000e+00,1.248963263877826968e+00
1.000000000000000000e+00,2.553806699789030188e-01
1.000000000000000000e+00,4.902032811692271785e-01
1.000000000000000000e+00,1.223344628825293379e+00
1.000000000000000000e+00,-4.992230742371114860e-02
1.000000000000000000e+00,5.354064446946508182e-01
1.000000000000000000e+00,9.131331108597489088e-01
1.000000000000000000e+00,2.956600825898193508e-01
1.000000000000000000e+00,-7.920522632880594438e-03
1.000000000000000000e+00,-1.778461674569811191e-01
1.000000000000000000e+00,1.173158874341102997e+00
1.000000000000000000e+00,-8.496970031602625317e-01
1.000000000000000000e+00,1.457381905547341372e+00
1.000000000000000000e+00,1.532898899493738254e+00
1.000000000000000000e+00,-1.051302798352508477e-01
1.000000000000000000e+00,-1.179099982092148835e+00
1.000000000000000000e+00,6.877597304505626008e-01
1.000000000000000000e+00,8.065970065060882321e-01
1.000000000000000000e+00,7.054962012068213273e-01
1.000000000000000000e+00,-5.936871727677023314e-01
1.000000000000000000e+00,4.199502696857754236e-01
1.000000000000000000e+00,9.274728699453702596e-01
1.000000000000000000e+00,6.101485112554296819e-01
1.000000000000000000e+00,2.002205491415588678e+00
1.000000000000000000e+00,1.787816386479608610e+00
1.000000000000000000e+00,4.318387605330060719e-01
1.000000000000000000e+00,1.618057865310764676e-01
1.000000000000000000e+00,1.063061146083915220e+00
1.000000000000000000e+00,8.669444766610858721e-01
1.000000000000000000e+00,3.975097975680590423e-01
1.000000000000000000e+00,7.484898610294500321e-01
1.000000000000000000e+00,6.976880873063826538e-01
1.000000000000000000e+00,1.770839232484980652e+00
1.000000000000000000e+00,1.178416852717899088e+00
1.000000000000000000e+00,-1.020895113975519797e+00
1.000000000000000000e+00,1.434661052530583625e-01
1.000000000000000000e+00,-1.224945182563095036e+00
1.000000000000000000e+00,2.983511140017560126e-01
1.000000000000000000e+00,-7.285791651250676793e-02
1.000000000000000000e+00,4.205434733972866490e-01
1.000000000000000000e+00,2.430995118975343428e-01
1.000000000000000000e+00,2.733633082672666248e-01
1.000000000000000000e+00,2.962502941823684163e-02
1.000000000000000000e+00,-1.858324025798371582e-01
1.000000000000000000e+00,1.206843798998478157e+00
1.000000000000000000e+00,4.962313836627221253e-01
1.000000000000000000e+00,9.978477743017569179e-02
1.000000000000000000e+00,6.635740706255661703e-01
1.000000000000000000e+00,5.044457740592362960e-01
1.000000000000000000e+00,8.339416161902256652e-01
1.000000000000000000e+00,1.980916813081548267e-01
1.000000000000000000e+00,1.005415914968332380e+00
1.000000000000000000e+00,-1.189871312643274504e+00
1.000000000000000000e+00,4.795043999242983856e-01
1.000000000000000000e+00,4.769114352527937251e-01
1.000000000000000000e+00,-1.942885575119470409e-01
1.000000000000000000e+00,1.360493967362552015e+00
1.000000000000000000e+00,-8.379418030255374461e-01
1.000000000000000000e+00,1.147389546650344067e-01
1.000000000000000000e+00,5.342640672367202637e-01
1.000000000000000000e+00,5.192922780158247820e-01
1.000000000000000000e+00,-9.823518730185480663e-02
1.000000000000000000e+00,-1.850438659322816981e-01
1.000000000000000000e+00,-8.260204898406927621e-01
1.000000000000000000e+00,7.891911607604289447e-01
1.000000000000000000e+00,1.656370129238984301e+00
1.000000000000000000e+00,-1.870746380799321457e-02
1.000000000000000000e+00,-3.416708602089800206e-01
1.000000000000000000e+00,-9.823518730185480663e-02
1.000000000000000000e+00,5.038049379309438303e-01
1.000000000000000000e+00,-1.699151699266949755e-01
1.000000000000000000e+00,1.336778227346809400e+00
1.000000000000000000e+00,-6.326456864258607204e-01
1.000000000000000000e+00,7.311748771208440578e-01
1.000000000000000000e+00,1.053105970976630168e+00
1.000000000000000000e+00,7.495137578540423950e-01
1.000000000000000000e+00,-2.427655490781605863e-01
1.000000000000000000e+00,-3.097007025557305671e-01
1.000000000000000000e+00,2.046613523722805306e-01
1.000000000000000000e+00,9.701727298191128446e-01
1.000000000000000000e+00,-9.691518995443050288e-01
1.000000000000000000e+00,-7.752051068556878866e-01
1.000000000000000000e+00,-5.840253973368934037e-01
1.000000000000000000e+00,3.053274618343671531e-01
1.000000000000000000e+00,-9.261350239219005021e-01
1.000000000000000000e+00,7.156234934503747924e-01
1.000000000000000000e+00,7.833760031890150133e-01
1.000000000000000000e+00,-9.005041706367516996e-02
1.000000000000000000e+00,-1.403566535432534124e-01
1.000000000000000000e+00,6.053712600429554946e-01
1.000000000000000000e+00,-4.521760657794730576e-01
1.000000000000000000e+00,9.533076520992643799e-01
1.000000000000000000e+00,-1.888088282200515444e-01
1.000000000000000000e+00,9.074704570765169676e-01
1.000000000000000000e+00,1.425542847032455207e-01
1.000000000000000000e+00,1.349164256799578965e+00
1.000000000000000000e+00,2.434233322771649777e-01
1.000000000000000000e+00,1.969509639883141983e+00
1.000000000000000000e+00,7.732991452691121426e-01
1.000000000000000000e+00,1.838023565461842368e-01
1.000000000000000000e+00,9.566579321703502226e-01
1.000000000000000000e+00,1.606931683344126949e+00
1.000000000000000000e+00,2.280596763669513194e-01
1.000000000000000000e+00,4.537300589043031240e-01
1.000000000000000000e+00,1.017899519918153903e-02
1.000000000000000000e+00,-8.565420616424177513e-01
1.000000000000000000e+00,-9.522287823250171757e-01
1.000000000000000000e+00,7.118321131835498861e-01
1.000000000000000000e+00,-1.934079582101084493e-01
1.000000000000000000e+00,6.154685318557644447e-01
1.000000000000000000e+00,4.077027344868405234e-01
1.000000000000000000e+00,1.086904973270834462e+00
1.000000000000000000e+00,1.749178891294211446e+00
1.000000000000000000e+00,-7.386574339225174812e-01
1.000000000000000000e+00,1.525647564515507426e+00
1.000000000000000000e+00,2.774432849416487157e-01
1.000000000000000000e+00,5.202793497787038257e-01
1.000000000000000000e+00,4.838533596581511831e-01
1.000000000000000000e+00,1.293608047391403115e+00
1.000000000000000000e+00,-2.886263601730937323e-01
1.000000000000000000e+00,1.818595733713326501e+00
1.000000000000000000e+00,2.887705938701622399e-01
1.000000000000000000e+00,1.826176893157336778e+00
1.000000000000000000e+00,-2.831506336052975192e-01
1.000000000000000000e+00,5.500516116290462554e-01
1.000000000000000000e+00,-2.479130522698169969e-01
1.000000000000000000e+00,1.832065700852177237e+00
1.000000000000000000e+00,7.466710231987434554e-01
1.000000000000000000e+00,-9.686207380563324199e-01
1.000000000000000000e+00,2.002468070116500520e+00
1.000000000000000000e+00,7.546660643146179126e-01
1.000000000000000000e+00,8.326523387578520508e-01
1.000000000000000000e+00,9.488061885772295367e-01
1.000000000000000000e+00,-3.156227328605950011e-01
1.000000000000000000e+00,7.508914954890097970e-01
1.000000000000000000e+00,7.964605079971064372e-01
1.000000000000000000e+00,1.278376081104055428e+00
1.000000000000000000e+00,-1.386573580601826450e+00
1.000000000000000000e+00,7.319189835308976821e-01
1.000000000000000000e+00,-3.352212708678323216e-01
1.000000000000000000e+00,-7.604782843496674660e-01
1.000000000000000000e+00,5.208977706520404594e-01
1.000000000000000000e+00,1.095777011236858112e+00
1.000000000000000000e+00,7.484898610294500321e-01
1.000000000000000000e+00,7.975128241628035575e-01
1.000000000000000000e+00,1.888734077075446549e-01
1.000000000000000000e+00,1.606612265961005592e+00
1.000000000000000000e+00,5.633720869469016623e-02
1.000000000000000000e+00,1.991980132431602879e+00
1.000000000000000000e+00,1.242520879440057957e+00
1.000000000000000000e+00,5.586386556392021197e-01
1.000000000000000000e+00,4.883904474246694716e-01
1.000000000000000000e+00,8.766374733398689667e-01
1.000000000000000000e+00,1.786881350130020030e+00
1.000000000000000000e+00,1.287382610599814292e+00
1.000000000000000000e+00,2.649551860243479218e-01
1.000000000000000000e+00,7.220106402955740466e-01
1.000000000000000000e+00,-1.520279775868896399e+00
1.000000000000000000e+00,-6.312443327187076125e-01
1.000000000000000000e+00,5.957170897879351390e-01
1.000000000000000000e+00,9.010993211277148474e-01
1.000000000000000000e+00,1.037890415858089277e+00
1.000000000000000000e+00,8.453798005762889201e-01
1.000000000000000000e+00,1.444838168765060882e+00
1.000000000000000000e+00,1.311261661758807096e+00
1.000000000000000000e+00,2.247273875482804328e+00
1.000000000000000000e+00,-5.808284215988095411e-01
1.000000000000000000e+00,5.055645354449812556e-01
1.000000000000000000e+00,2.024108397686773309e+00
1.000000000000000000e+00,1.319107801538188740e+00
1.000000000000000000e+00,1.519155946571317362e+00
1.000000000000000000e+00,2.019495067950276279e-01
1.000000000000000000e+00,8.771376236401845494e-02
1.000000000000000000e+00,2.214806179224016347e+00
1.000000000000000000e+00,7.091775065609164930e-01
1.000000000000000000e+00,1.318088307710105545e+00
1.000000000000000000e+00,9.596607757896198354e-01
1.000000000000000000e+00,1.988149735528922379e-01
1.000000000000000000e+00,3.465126909089474294e-01
1.000000000000000000e+00,8.578522888696025195e-01
1.000000000000000000e+00,3.128069520862560848e-01
1.000000000000000000e+00,1.764369439311244125e-01
1.000000000000000000e+00,-3.056499457672731124e-01
1.000000000000000000e+00,-1.011495116700803054e+00
1.000000000000000000e+00,1.153331780787797411e+00
1.000000000000000000e+00,1.318088307710105545e+00
1.000000000000000000e+00,4.924420047579467496e-01
1.000000000000000000e+00,5.622042822668285034e-01
1.000000000000000000e+00,-3.575268511834034380e-01
1.000000000000000000e+00,1.596424532583553102e+00
1.000000000000000000e+00,8.328344627043686721e-01
1.000000000000000000e+00,1.577629341303038446e+00
1.000000000000000000e+00,-2.014650415495214952e-01
1.000000000000000000e+00,9.781103417682750212e-02
1.000000000000000000e+00,-6.499470610725291975e-01
1.000000000000000000e+00,7.005044039826263669e-01
1.000000000000000000e+00,3.920304685485734297e-01
1.000000000000000000e+00,9.830657142031666573e-02
1.000000000000000000e+00,9.893017482895062331e-01
1.000000000000000000e+00,-4.263689024218638157e-01
1.000000000000000000e+00,-4.913136914169613512e-02
1.000000000000000000e+00,1.235277359697933147e-01
1.000000000000000000e+00,1.039712856140485364e+00
1.000000000000000000e+00,-8.553660613020533932e-01
1.000000000000000000e+00,6.983237198933460732e-01
1.000000000000000000e+00,2.346409553309648788e-01
1.000000000000000000e+00,-1.727242816995600283e-01
1.000000000000000000e+00,3.059106587356302809e-01
1.000000000000000000e+00,8.712101797336738729e-01
1.000000000000000000e+00,2.875353532131286749e-01
1.000000000000000000e+00,-4.386618586152130767e-02
1.000000000000000000e+00,6.166281210273218960e-01
1.000000000000000000e+00,8.289606263210987924e-01
1.000000000000000000e+00,8.684098739538271827e-01
1.000000000000000000e+00,1.398205632463789039e+00
1.000000000000000000e+00,4.894519698557948661e-01
1.000000000000000000e+00,1.405917490773752609e-01
1.000000000000000000e+00,-3.027583778779631696e-01
1.000000000000000000e+00,-5.764250248172066993e-01
1.000000000000000000e+00,1.367868185970630313e+00
1.000000000000000000e+00,1.119705696174681631e+00
1.000000000000000000e+00,2.850204416615597092e-01
1.000000000000000000e+00,-2.883285575001083290e-01
1.000000000000000000e+00,1.382123887850167154e+00
1.000000000000000000e+00,5.880288673983818243e-02
1.000000000000000000e+00,1.166149303898467826e+00
1.000000000000000000e+00,3.830739731040552765e-01
1.000000000000000000e+00,1.059762901426119841e+00
1.000000000000000000e+00,1.524535207488321387e+00
1.000000000000000000e+00,1.187138788530200273e+00
1.000000000000000000e+00,-3.180677869525194712e-02
1.000000000000000000e+00,-5.034365516843163357e-01
1.000000000000000000e+00,1.109200146503747320e+00
1.000000000000000000e+00,-1.537857928962916843e-01
1.000000000000000000e+00,-7.922539096116926194e-01
1.000000000000000000e+00,1.622689607578118309e+00
1.000000000000000000e+00,1.017644237091590798e+00
1.000000000000000000e+00,-1.594616556690512388e-01
1.000000000000000000e+00,5.737801603619064883e-01
1.000000000000000000e+00,2.347322174404281592e-01
1.000000000000000000e+00,1.221250803848967115e+00
1.000000000000000000e+00,1.848865934441617398e+00
1.000000000000000000e+00,1.837355701021767374e+00
1.000000000000000000e+00,2.098949141320711476e-01
1.000000000000000000e+00,1.029777294381286623e+00
1.000000000000000000e+00,1.476829540856036349e+00
1.000000000000000000e+00,6.383513049864497635e-01
1.000000000000000000e+00,4.153159157236449572e-01
1.000000000000000000e+00,5.206790317041278676e-02
1.000000000000000000e+00,8.059061363265549449e-01
1.000000000000000000e+00,1.480094071660427966e-02
1.000000000000000000e+00,3.751319780066084131e-02
1.000000000000000000e+00,1.628145320525418382e+00
1.000000000000000000e+00,-4.164837749863158911e-01
1.000000000000000000e+00,1.256988325424446051e+00
1.000000000000000000e+00,9.760847533137291254e-01
1.000000000000000000e+00,1.667750674398018162e+00
1.000000000000000000e+00,2.567071727453998919e-01
1.000000000000000000e+00,4.388073129777359666e-02
1.000000000000000000e+00,6.936461365109435340e-01
1.000000000000000000e+00,-3.356695759669501289e-01
1.000000000000000000e+00,4.270238837139987420e-01
1.000000000000000000e+00,2.405017439571105198e-01
1.000000000000000000e+00,5.005959540205620062e-01
1.000000000000000000e+00,3.704389742123114226e-01
1.000000000000000000e+00,1.683752673831094906e-02
1.000000000000000000e+00,5.528835389292771074e-01
1.000000000000000000e+00,4.760712634643577412e-01
1.000000000000000000e+00,3.574609418652604509e-01
1.000000000000000000e+00,-1.938442551369284894e-01
1.000000000000000000e+00,-1.776548372450361957e-01
1.000000000000000000e+00,1.203786918603868550e+00
1.000000000000000000e+00,-7.813430742015954611e-02
1.000000000000000000e+00,1.091831125819801240e+00
1.000000000000000000e+00,7.051827879098487850e-01
1.000000000000000000e+00,8.318217735072542807e-01
1.000000000000000000e+00,9.374768782866663708e-01
1.000000000000000000e+00,1.583766317892033593e+00
1.000000000000000000e+00,-6.793182499681250652e-01
1.000000000000000000e+00,3.824615563168675680e-01
1.000000000000000000e+00,1.119178937683218189e+00
1.000000000000000000e+00,1.923321616017206193e-01
1.000000000000000000e+00,1.313381504441778480e+00
1.000000000000000000e+00,3.340646192326393038e-01
1.000000000000000000e+00,7.911613015620878597e-01
1.000000000000000000e+00,-1.095080801886500588e+00
1.000000000000000000e+00,1.248744715142007244e+00
1.000000000000000000e+00,6.725753965799960987e-01
1.000000000000000000e+00,6.522179420835378938e-01
1.000000000000000000e+00,5.901817226310598352e-01
1.000000000000000000e+00,7.546660643146179126e-01
1.000000000000000000e+00,-3.629057118279974126e-01
1.000000000000000000e+00,1.415080716993885712e+00
1.000000000000000000e+00,1.655339828055833129e+00
1.000000000000000000e+00,-3.204099908833173971e-01
1.000000000000000000e+00,-5.186244880065722374e-01
1.000000000000000000e+00,7.146324189633964652e-01
1.000000000000000000e+00,-5.144264309712618388e-01
1.000000000000000000e+00,1.642118239871454277e-01
1.000000000000000000e+00,6.591834825610809467e-01
1.000000000000000000e+00,1.349514094885854831e+00
1.000000000000000000e+00,5.174125987788092962e-01
1.000000000000000000e+00,8.333235955892989155e-01
1.000000000000000000e+00,1.438835893766118312e-01
1.000000000000000000e+00,4.499510870821858965e-01
1.000000000000000000e+00,8.769596926298599548e-01
1.000000000000000000e+00,1.045471175029689670e+00
1.000000000000000000e+00,1.747571397295946127e+00
1.000000000000000000e+00,1.108983198857567132e+00
1.000000000000000000e+00,-3.310712465217130474e-01
1.000000000000000000e+00,-1.196215230068201407e+00
1.000000000000000000e+00,1.809192534259330021e+00
1.000000000000000000e+00,2.680384843980126996e-01
1.000000000000000000e+00,1.020741544999602901e+00
1.000000000000000000e+00,1.593119083022379145e+00
1.000000000000000000e+00,5.284745270995415689e-01
1.000000000000000000e+00,2.173664579842117917e+00
1.000000000000000000e+00,-2.955170497099806060e-01
1.000000000000000000e+00,1.563107858543310469e+00
1.000000000000000000e+00,9.396631661896855947e-01
1.000000000000000000e+00,1.125109773981100902e+00
1.000000000000000000e+00,1.291821231353490695e+00
1.000000000000000000e+00,-2.035396534501711929e-01
1.000000000000000000e+00,8.605524355759976846e-03
1.000000000000000000e+00,1.901577007560034893e+00
1.000000000000000000e+00,7.928162377650417592e-02
1.000000000000000000e+00,9.775493500616505571e-01
1.000000000000000000e+00,3.248512880038804784e+00
1.000000000000000000e+00,1.405413337749337854e+00
1.000000000000000000e+00,1.452715438821446797e-02
1.000000000000000000e+00,3.039585301924181415e-01
1.000000000000000000e+00,-6.267096465866488497e-01
1.000000000000000000e+00,3.116517659112078564e-01
1.000000000000000000e+00,9.217001412494084667e-01
1.000000000000000000e+00,6.257715436872758330e-01
1.000000000000000000e+00,1.082581440759124158e-01
1.000000000000000000e+00,8.054021933624573304e-01
1.000000000000000000e+00,4.492702237129007070e-01
1.000000000000000000e+00,4.112019158944190678e-01
1.000000000000000000e+00,1.088406795352879097e+00
1.000000000000000000e+00,9.082153640313903598e-01
1.000000000000000000e+00,2.108663752709630523e-01
1.000000000000000000e+00,-4.766383138397288222e-01
1.000000000000000000e+00,9.208363533887867769e-01
1.000000000000000000e+00,5.882007744743330546e-01
1.000000000000000000e+00,-2.189777600286312020e-01
1.000000000000000000e+00,-7.330936474245374201e-01
1.000000000000000000e+00,-2.272846133518384437e-01
1.000000000000000000e+00,7.803499437699696895e-01
1.000000000000000000e+00,1.273113208487370099e-02
1.000000000000000000e+00,1.475077948790197491e+00
1.000000000000000000e+00,1.524535207488321387e+00
1.000000000000000000e+00,9.358593774781528429e-01
1.000000000000000000e+00,-1.286364181959466002e+00
1.000000000000000000e+00,1.072103299824157752e+00
1.000000000000000000e+00,8.310024158841344821e-01
1.000000000000000000e+00,8.620007121260820915e-01
1.000000000000000000e+00,-2.945383836677100131e-01
1.000000000000000000e+00,5.145074216275619117e-01
1.000000000000000000e+00,1.298777165293195646e+00
1.000000000000000000e+00,6.412704916720446402e-01
1.000000000000000000e+00,3.450416898024670775e-01
1.000000000000000000e+00,-6.390968768566481772e-01
1.000000000000000000e+00,4.062421404630182642e-01
1.000000000000000000e+00,1.152975938615372842e+00
1.000000000000000000e+00,1.297114433702360348e+00
1.000000000000000000e+00,1.468965789090617813e+00
1.000000000000000000e+00,7.107764046264807012e-02
1.000000000000000000e+00,-9.228647983327999960e-01
1.000000000000000000e+00,7.138622948466977203e-01
1.000000000000000000e+00,1.523899975173767851e+00
1.000000000000000000e+00,5.942464889538647821e-01
1.000000000000000000e+00,3.519315787945340723e-01
1.000000000000000000e+00,1.805529451223998882e-01
1.000000000000000000e+00,1.195125423925466279e+00
1.000000000000000000e+00,-8.722369330477335037e-02
1.000000000000000000e+00,4.645806433925940837e-01
1.000000000000000000e+00,7.173214490132835408e-01
1.000000000000000000e+00,-3.340752909582123675e-01
1.000000000000000000e+00,-6.546098343757644766e-01
1.000000000000000000e+00,7.034472067404069495e-01
1.000000000000000000e+00,-6.504554070331359794e-01
1.000000000000000000e+00,9.305433596019173637e-01
1.000000000000000000e+00,8.120435131879598645e-01
1.000000000000000000e+00,5.184014816916453217e-02
1.000000000000000000e+00,1.206113702122771913e+00
1.000000000000000000e+00,1.580580359569334903e-01
1.000000000000000000e+00,4.657338282055927259e-01
1.000000000000000000e+00,5.681079000408362223e-01
1.000000000000000000e+00,5.179385567254529699e-01
1.000000000000000000e+00,7.526647022649847196e-01
1.000000000000000000e+00,9.462544519639473073e-01
1.000000000000000000e+00,-2.725518204628504249e-01
1.000000000000000000e+00,8.731074709567261394e-01
1.000000000000000000e+00,-1.382299471808629887e+00
1.000000000000000000e+00,-1.032343705444241255e+00
1.000000000000000000e+00,7.781548498739320197e-01
1.000000000000000000e+00,2.708592040707656357e-01
1.000000000000000000e+00,4.363786502063938810e-01
1.000000000000000000e+00,-5.280481013534747969e-01
1.000000000000000000e+00,8.983622583886365920e-01
1.000000000000000000e+00,-3.608331012893973844e-01
1.000000000000000000e+00,4.667517209440361081e-01
1.000000000000000000e+00,6.417452147502176185e-01
1.000000000000000000e+00,1.468287937688519396e-01
1.000000000000000000e+00,1.929261658580517236e-01
1.000000000000000000e+00,3.698137487080060404e-01
1.000000000000000000e+00,-8.959456782204145986e-01
1.000000000000000000e+00,-2.708794823341769686e-01
1.000000000000000000e+00,2.550782740973157534e-02
1.000000000000000000e+00,-8.589641099948838177e-01
1.000000000000000000e+00,-4.163100567604077207e-01
1.000000000000000000e+00,2.156956618967277861e-01
1.000000000000000000e+00,1.938960259073039261e-01
1.000000000000000000e+00,1.078414604971787982e-01
1.000000000000000000e+00,5.736172494910662945e-01
1.000000000000000000e+00,4.740831104042521615e-01
1.000000000000000000e+00,-5.723168190138124695e-02
1.000000000000000000e+00,-1.645218994753436248e-01
1.000000000000000000e+00,1.905000137209727384e+00
1.000000000000000000e+00,1.647220702492881550e+00
1.000000000000000000e+00,7.964605079971064372e-01
1.000000000000000000e+00,1.124470138670038200e+00
1.000000000000000000e+00,5.591129784449651030e-01
1.000000000000000000e+00,1.210084804701653916e+00
1.000000000000000000e+00,-4.540037096031980246e-01
1.000000000000000000e+00,1.081440454330516054e+00
1.000000000000000000e+00,9.301927209708216182e-01
1.000000000000000000e+00,-4.130662491503623857e-01
1.000000000000000000e+00,1.189247023313283691e+00
1.000000000000000000e+00,-6.273769006939965420e-01
1.000000000000000000e+00,1.042192143447570718e+00
1.000000000000000000e+00,2.507879443474049230e-01
1.000000000000000000e+00,-5.964614608409037899e-01
1.000000000000000000e+00,-8.184717524618865259e-01
1.000000000000000000e+00,1.648705713133709283e+00
1.000000000000000000e+00,1.917621736899851048e-01
1.000000000000000000e+00,9.496699764378512265e-01
1.000000000000000000e+00,9.862268556364498506e-01
1.000000000000000000e+00,5.867942172258507894e-01
1.000000000000000000e+00,1.199220210679015519e+00
1.000000000000000000e+00,5.603526220985078909e-01
1.000000000000000000e+00,-2.931366296881469657e-01
1.000000000000000000e+00,9.420892172662508335e-01
1.000000000000000000e+00,-8.436656984874881804e-01
1.000000000000000000e+00,1.153391730678316601e-02
1.000000000000000000e+00,9.199633592627368683e-01
1.000000000000000000e+00,-8.650554555291471992e-01
1.000000000000000000e+00,1.383209826898297967e+00
1.000000000000000000e+00,1.678382710150489121e+00
1.000000000000000000e+00,7.315111059451824271e-01
1.000000000000000000e+00,6.371312746809933980e-01
1.000000000000000000e+00,8.742562527732155031e-01
1.000000000000000000e+00,6.015180476129090847e-02
1.000000000000000000e+00,2.065066081820422506e-01
1.000000000000000000e+00,1.458253698856161629e+00
1.000000000000000000e+00,1.677781500990779495e+00
1.000000000000000000e+00,5.792266670437781206e-01
1.000000000000000000e+00,1.267776867689198284e+00
1.000000000000000000e+00,1.658181171681809563e-01
1.000000000000000000e+00,1.158245925164466783e+00
1.000000000000000000e+00,1.062626850519144739e+00
1.000000000000000000e+00,2.160219429592682427e+00
1.000000000000000000e+00,2.929206182162815142e-01
1.000000000000000000e+00,-7.589280293060216565e-01
1.000000000000000000e+00,3.609937461552728544e-01
1.000000000000000000e+00,6.451967637410149781e-01
1.000000000000000000e+00,7.045143329852713299e-01
1.000000000000000000e+00,6.106076237096155213e-01
1.000000000000000000e+00,6.002337636615472372e-01
1.000000000000000000e+00,4.624439892684057973e-01
1.000000000000000000e+00,5.811359664391280155e-01
1.000000000000000000e+00,-8.653100287818604741e-01
1.000000000000000000e+00,-1.541604478719830196e-01
1.000000000000000000e+00,1.205020558171262302e+00
1.000000000000000000e+00,1.486388256065401536e-01
1.000000000000000000e+00,1.713395338391590972e+00
1.000000000000000000e+00,3.261632418606877359e-01
1.000000000000000000e+00,1.722813157712661802e-01
1.000000000000000000e+00,-1.690001471976027014e-01
1.000000000000000000e+00,1.569720759027708246e+00
1.000000000000000000e+00,7.276821000718243226e-01
1.000000000000000000e+00,9.733757096433456324e-01
1.000000000000000000e+00,9.545601044699247861e-01
1.000000000000000000e+00,-2.129624662522538736e-01
1.000000000000000000e+00,4.280599987712060961e-02
1.000000000000000000e+00,1.062268206439850537e+00
1.000000000000000000e+00,5.708089382630211484e-01
1.000000000000000000e+00,7.943394644969051788e-01
1.000000000000000000e+00,5.132901932289750668e-01
1.000000000000000000e+00,-6.069093712848084854e-01
1.000000000000000000e+00,4.428182327372934268e-01
1.000000000000000000e+00,-7.436276164365763774e-01
1.000000000000000000e+00,-8.709514681273663461e-01
1.000000000000000000e+00,-1.326117826835831459e-01
1.000000000000000000e+00,2.718377690525225265e+00
1.000000000000000000e+00,3.598049370977907668e-01
1.000000000000000000e+00,-2.825455126924583844e-03
1.000000000000000000e+00,1.230157875574971610e-01
1.000000000000000000e+00,5.600644259633607014e-01
1.000000000000000000e+00,2.115092127613052153e-01
1.000000000000000000e+00,1.390211792165144455e+00
1.000000000000000000e+00,1.226591448402525319e-01
1.000000000000000000e+00,5.938386113681495271e-01
1.000000000000000000e+00,-2.910003758363685633e-01
1.000000000000000000e+00,3.987294276011054683e-01
1.000000000000000000e+00,2.322157047992194634e-01
1.000000000000000000e+00,6.934908308158920232e-01
1.000000000000000000e+00,1.832921483264600360e+00
1.000000000000000000e+00,-6.273656930665186815e-01
1.000000000000000000e+00,-5.330795255462524862e-01
1.000000000000000000e+00,9.601511094917799527e-01
1.000000000000000000e+00,9.518314474514549817e-01
1.000000000000000000e+00,1.147149173144070833e+00
1.000000000000000000e+00,9.190135128339809167e-01
1.000000000000000000e+00,-6.777784020071373483e-01
1.000000000000000000e+00,-1.153576611873177615e+00
1.000000000000000000e+00,8.256486814303959712e-03
1.000000000000000000e+00,-2.430997765404493416e-01
1.000000000000000000e+00,1.175038553578118483e+00
1.000000000000000000e+00,-3.661811409584270205e-01
1.000000000000000000e+00,-6.692662089376377743e-01
1.000000000000000000e+00,7.352108238301342524e-01
1.000000000000000000e+00,7.222151794970465000e-01
1.000000000000000000e+00,8.905389341366206635e-01
1.000000000000000000e+00,-9.248845729132897375e-01
1.000000000000000000e+00,-7.997516023341208480e-02
1.000000000000000000e+00,1.185253505479445968e+00
1.000000000000000000e+00,-3.719566715612582786e-01
1.000000000000000000e+00,-7.585982048402420963e-01
1.000000000000000000e+00,3.635610933925422228e-01
1.000000000000000000e+00,-3.946020831528571082e-01
1.000000000000000000e+00,2.048670923909828023e-01
1.000000000000000000e+00,3.542327448792022548e-01
1.000000000000000000e+00,1.454555181788439455e+00
1.000000000000000000e+00,1.450353122029029773e+00
1.000000000000000000e+00,6.297006176631155805e-01
1.000000000000000000e+00,2.826576336257628497e-01
1.000000000000000000e+00,8.495026063985331444e-01
1.000000000000000000e+00,1.529580240943036573e+00
1.000000000000000000e+00,-7.062593850630564107e-01
1.000000000000000000e+00,-5.423324127862089866e-02
1.000000000000000000e+00,1.095390348088868926e+00
1.000000000000000000e+00,-9.998117555395473477e-02
1.000000000000000000e+00,-2.825455126924583844e-03
1.000000000000000000e+00,-4.440801560162971340e-01
1.000000000000000000e+00,7.572534251723835874e-01
1.000000000000000000e+00,-1.052163193821757936e+00
1.000000000000000000e+00,-6.955484956458298784e-01
1.000000000000000000e+00,1.762679279136216470e+00
1.000000000000000000e+00,1.124052254274074736e+00
1.000000000000000000e+00,2.958642215188819202e-01
1.000000000000000000e+00,3.822037808848747775e-01
1.000000000000000000e+00,1.957347762979931405e+00
1.000000000000000000e+00,-7.201334172756158891e-02
1.000000000000000000e+00,1.822320668760103679e+00
1.000000000000000000e+00,8.318217735072542807e-01
1.000000000000000000e+00,1.196559599970233201e+00
1.000000000000000000e+00,1.169638078223388389e+00
1.000000000000000000e+00,1.108030150249531776e+00
1.000000000000000000e+00,-4.045952841390851873e-01
1.000000000000000000e+00,1.101647006128432027e+00
1.000000000000000000e+00,8.338775726046374626e-01
1.000000000000000000e+00,-6.215497349502847602e-01
1.000000000000000000e+00,2.723109921015695045e-01
1.000000000000000000e+00,5.864435785947551549e-01
1.000000000000000000e+00,-1.559836886991987914e-01
1.000000000000000000e+00,1.533892585675493414e-01
1.000000000000000000e+00,5.666949384337952589e-01
1.000000000000000000e+00,1.968004025137315427e-01
1.000000000000000000e+00,2.469549357499475906e-01
1.000000000000000000e+00,-8.001568880732838895e-01
1.000000000000000000e+00,5.992659049743446209e-01
1.000000000000000000e+00,1.000764749564984957e+00
1.000000000000000000e+00,4.318791880464086796e-01
1.000000000000000000e+00,-2.319433839309744394e-01
1.000000000000000000e+00,-3.625814911759568382e-01
1.000000000000000000e+00,9.475561378410287672e-01
1.000000000000000000e+00,1.094904817655627971e+00
1.000000000000000000e+00,-1.064212594177779136e+00
1.000000000000000000e+00,8.564185130972453708e-01
1.000000000000000000e+00,8.181852930458739515e-01
1.000000000000000000e+00,1.235277359697933147e-01
1.000000000000000000e+00,4.183643903976461131e-01
1.000000000000000000e+00,5.493947646043566557e-01
1.000000000000000000e+00,5.457558881257136285e-01
1.000000000000000000e+00,1.402077067212599504e+00
1.000000000000000000e+00,-3.784050600851762147e-01
1.000000000000000000e+00,2.958886381358874496e-01
1.000000000000000000e+00,4.379277044328099278e-01
1.000000000000000000e+00,-3.192287870016239371e-01
1.000000000000000000e+00,1.493189875066967209e+00
1.000000000000000000e+00,1.277730041434433694e+00
1.000000000000000000e+00,-6.140046000231679235e-01
1.000000000000000000e+00,1.295832361173365310e+00
1.000000000000000000e+00,-1.973534433547551870e-01
1.000000000000000000e+00,4.847071407085246642e-01
1.000000000000000000e+00,4.120937228237355754e-01
1.000000000000000000e+00,1.207158222900587691e-01
1.000000000000000000e+00,1.285958041092885473e+00
1.000000000000000000e+00,4.367368940132781985e-01
1.000000000000000000e+00,1.043894101734578861e+00
1.000000000000000000e+00,1.175352367147500798e+00
1.000000000000000000e+00,5.746947828185887674e-01
1.000000000000000000e+00,2.261435513346008452e+00
1.000000000000000000e+00,-1.367724043244531763e-02
1.000000000000000000e+00,9.693557738304525717e-01
1.000000000000000000e+00,1.519096706254648321e+00
1.000000000000000000e+00,2.160346926279356483e-01
1.000000000000000000e+00,1.062321042397960991e+00
1.000000000000000000e+00,8.347033345863160703e-01
1.000000000000000000e+00,5.622042822668285034e-01
1.000000000000000000e+00,-2.160889940461907521e-01
1.000000000000000000e+00,1.458307335359091628e+00
1.000000000000000000e+00,-4.312049936785973259e-01
1.000000000000000000e+00,2.799926199204713639e-01
1.000000000000000000e+00,1.262963191687420661e+00
1.000000000000000000e+00,6.659901148918832003e-01
1.000000000000000000e+00,-4.430947763140276850e-03
1.000000000000000000e+00,1.672046607961668041e-01
1.000000000000000000e+00,-8.917564271781225349e-01
1.000000000000000000e+00,-2.859925677157765245e-01
1.000000000000000000e+00,-2.129624662522538736e-01
1.000000000000000000e+00,1.314581430155768553e-02
1.000000000000000000e+00,-4.399685578215308257e-01
1.000000000000000000e+00,2.924258815176121740e-01
1.000000000000000000e+00,5.826425917900919238e-01
1.000000000000000000e+00,1.272135433960889239e+00
1.000000000000000000e+00,2.090949086875600660e+00
1.000000000000000000e+00,-5.764250248172066993e-01
1.000000000000000000e+00,-8.081343172031215660e-01
1.000000000000000000e+00,-1.568289249260315765e+00
1.000000000000000000e+00,-1.231673551713644288e-01
1.000000000000000000e+00,7.543114229594228837e-01
1.000000000000000000e+00,4.993362967465229674e-01
1.000000000000000000e+00,-3.624405952876627035e-01
1.000000000000000000e+00,-2.055672234185422498e-02
1.000000000000000000e+00,4.047663360876188055e-01
1.000000000000000000e+00,4.783167916840461165e-01
1.000000000000000000e+00,1.280377443153688510e+00
1.000000000000000000e+00,2.134967844340051268e+00
1.000000000000000000e+00,1.207974168284110972e+00
1.000000000000000000e+00,3.286497340711519444e-01
1.000000000000000000e+00,7.780581940110470329e-02
1.000000000000000000e+00,8.317080961428351404e-01
1.000000000000000000e+00,-6.140046000231679235e-01
1.000000000000000000e+00,1.101332792286639606e+00
1.000000000000000000e+00,1.308022657417680756e+00
1.000000000000000000e+00,-5.608212054610370867e-01
1.000000000000000000e+00,1.819703097259500746e-01
1.000000000000000000e+00,-3.181532550361511058e-01
1.000000000000000000e+00,-1.162376200533004500e+00
1.000000000000000000e+00,5.984865745922174352e-01
1.000000000000000000e+00,1.228341629590817163e+00
1.000000000000000000e+00,1.631380322142445216e+00
1.000000000000000000e+00,4.217346840892283177e-01
1.000000000000000000e+00,1.404312588622039559e+00
1.000000000000000000e+00,1.696056338138389297e+00
1.000000000000000000e+00,1.478112413929851154e+00
1.000000000000000000e+00,2.283276777666064739e+00
1.000000000000000000e+00,7.319189835308976821e-01
1.000000000000000000e+00,6.276960534342029829e-01
1.000000000000000000e+00,-1.478697666775761754e-01
1.000000000000000000e+00,-1.991042348757742497e-01
1.000000000000000000e+00,1.203397453549009954e+00
1.000000000000000000e+00,-2.627421344524613622e-02
1.000000000000000000e+00,3.175285654337505759e-01
1.000000000000000000e+00,1.277411024323722222e+00
1.000000000000000000e+00,3.189443289476610599e-01
1.000000000000000000e+00,-8.611053573276740425e-02
1.000000000000000000e+00,4.577487938999664774e-01
1.000000000000000000e+00,-2.827527628298304729e-01
1.000000000000000000e+00,7.023708742301142394e-01
1.000000000000000000e+00,6.213265185750406205e-01
1.000000000000000000e+00,6.628687906392753959e-01
1.000000000000000000e+00,4.848866728084890582e-02
1.000000000000000000e+00,2.043792994262144891e+00
1.000000000000000000e+00,-1.379001817635337190e-01
1.000000000000000000e+00,8.184437780517167527e-03
1.000000000000000000e+00,2.430594846565416745e-01
1.000000000000000000e+00,1.104195940834844736e+00
1.000000000000000000e+00,1.018074930204671658e+00
1.000000000000000000e+00,-7.317103059758309769e-01
1.000000000000000000e+00,6.057431131117773093e-01
1.000000000000000000e+00,9.578279284245657665e-01
1.000000000000000000e+00,2.096113310537504187e-02
1.000000000000000000e+00,-5.180749139877429688e-01
1.000000000000000000e+00,1.539699127465981698e+00
1.000000000000000000e+00,9.613827476971241737e-01
1.000000000000000000e+00,-7.356559813325704023e-02
1.000000000000000000e+00,5.058487288560291617e-01
1.000000000000000000e+00,3.484936390656742655e-01
1.000000000000000000e+00,1.652567541344681423e+00
1.000000000000000000e+00,8.746333093833663641e-01
1.000000000000000000e+00,5.082795832015135629e-01
1.000000000000000000e+00,1.292058993164987069e+00
1.000000000000000000e+00,6.468971209383832521e-01
1.000000000000000000e+00,2.835684725157601616e+00
1.000000000000000000e+00,1.162487611892459194e+00
1.000000000000000000e+00,1.021696194697278015e+00
1.000000000000000000e+00,2.009408203220125477e-01
1.000000000000000000e+00,-1.753525613141081662e-03
1.000000000000000000e+00,1.828130222517778680e+00
1.000000000000000000e+00,2.154266788372571073e-01
1.000000000000000000e+00,-5.291916796286351143e-01
1.000000000000000000e+00,-3.370777343050719854e-01
1.000000000000000000e+00,-1.250194766453676332e+00
1.000000000000000000e+00,1.578859778691152904e+00
1.000000000000000000e+00,3.065767120257481548e-01
1.000000000000000000e+00,9.369028876508316284e-01
1.000000000000000000e+00,7.404459866795646272e-01
1.000000000000000000e+00,1.017833966213895991e+00
1.000000000000000000e+00,7.181534251414282977e-02
1.000000000000000000e+00,-6.774637878929350432e-01
1.000000000000000000e+00,1.102738548990301881e+00
1.000000000000000000e+00,3.761084326265121680e-01
1.000000000000000000e+00,6.817132154262109944e-01
1.000000000000000000e+00,7.274387344465890193e-01
1.000000000000000000e+00,-2.009943211954477726e-01
1.000000000000000000e+00,9.073167524711051035e-01
1.000000000000000000e+00,2.874965267893658249e-01
1.000000000000000000e+00,5.280866631343226203e-01
1.000000000000000000e+00,1.544684920604027623e+00
1.000000000000000000e+00,1.320253381175398699e+00
1.000000000000000000e+00,1.102738548990301881e+00
1.000000000000000000e+00,1.950604183477804843e-01
1.000000000000000000e+00,7.804696252205377549e-01
1.000000000000000000e+00,1.332449681505863071e+00
1.000000000000000000e+00,9.954735485781648352e-01
1.000000000000000000e+00,7.146828532870472817e-01
1.000000000000000000e+00,6.343970138487846633e-01
1.000000000000000000e+00,-1.658636125934176697e-01
1.000000000000000000e+00,4.994059441458502113e-01
1.000000000000000000e+00,6.838138450335059515e-01
1.000000000000000000e+00,1.062888628675236813e+00
1.000000000000000000e+00,1.308022657417680756e+00
1.000000000000000000e+00,1.744808717122632524e+00
1.000000000000000000e+00,8.425294607452014084e-01
1.000000000000000000e+00,5.269947200000428822e-01
1.000000000000000000e+00,-7.165804091530144637e-01
1.000000000000000000e+00,-9.364486330481626430e-02
1.000000000000000000e+00,1.730768762072046218e+00
1.000000000000000000e+00,1.892660749416826549e-01
1.000000000000000000e+00,1.239815438221363975e+00
1.000000000000000000e+00,7.444635208579981622e-01
1.000000000000000000e+00,-2.956055099125743935e-01
1.000000000000000000e+00,6.468971209383832521e-01
1.000000000000000000e+00,3.444160640257517558e-01
1.000000000000000000e+00,7.463532069052617457e-01
1.000000000000000000e+00,6.760109346743963243e-01
1.000000000000000000e+00,9.544504298296049294e-01
1.000000000000000000e+00,-6.536699947572567337e-01
1.000000000000000000e+00,7.883329767135462962e-01
1.000000000000000000e+00,1.149939071841259430e+00
1.000000000000000000e+00,9.015704417541984261e-01
1.000000000000000000e+00,1.103292926278050201e+00
1.000000000000000000e+00,-5.164187769675593342e-02
1.000000000000000000e+00,1.315654251185341739e+00
1.000000000000000000e+00,2.392564964898288016e-01
1.000000000000000000e+00,8.266794738569268608e-01
1.000000000000000000e+00,1.067141523030707306e+00
1.000000000000000000e+00,2.696952119026990169e-01
1.000000000000000000e+00,-2.442161362917346923e-01
1.000000000000000000e+00,1.662800105232045578e+00
1.000000000000000000e+00,6.026005744214433246e-01
1.000000000000000000e+00,1.074061832725928589e+00
1.000000000000000000e+00,9.701727298191128446e-01
1.000000000000000000e+00,9.407511065998661604e-01
1.000000000000000000e+00,4.844653761729290076e-01
1.000000000000000000e+00,1.005748541340981239e+00
1.000000000000000000e+00,5.624576547023120154e-01
1.000000000000000000e+00,2.795014856734914233e-01
1.000000000000000000e+00,4.400991822566618361e-01
1.000000000000000000e+00,-4.267057217307047845e-02
1.000000000000000000e+00,8.158925326818142754e-01
1.000000000000000000e+00,4.448408092246526335e-01
1.000000000000000000e+00,9.784623714286931895e-01
1.000000000000000000e+00,-4.879954331386696792e-02
1.000000000000000000e+00,4.157618191883031833e-01
1.000000000000000000e+00,-8.652882040114072415e-02
1.000000000000000000e+00,1.020820798936768359e+00
1.000000000000000000e+00,3.514844745126460279e-01
1.000000000000000000e+00,-2.971665723112882351e-01
1.000000000000000000e+00,1.003095535807987604e+00
1.000000000000000000e+00,4.950261634364330754e-01
1.000000000000000000e+00,1.524535207488321387e+00
1.000000000000000000e+00,-3.452809170741082401e-01
1.000000000000000000e+00,7.971829996970239973e-01
1.000000000000000000e+00,1.769753103224757096e-01
1.000000000000000000e+00,1.458307335359091628e+00
1.000000000000000000e+00,1.105112564653576657e+00
1.000000000000000000e+00,7.127079092164693153e-01
1.000000000000000000e+00,6.716983997298469067e-01
1.000000000000000000e+00,-5.795503517939137872e-01
1.000000000000000000e+00,-5.212014417816798195e-01
1.000000000000000000e+00,9.454947349299066550e-01
1.000000000000000000e+00,8.015181599568466098e-02
1.000000000000000000e+00,4.074169399861529151e-01
1.000000000000000000e+00,3.501427613945719552e-01
1.000000000000000000e+00,9.829456324801887079e-02
1.000000000000000000e+00,1.496914009568924619e+00
1.000000000000000000e+00,7.274387344465890193e-01
1.000000000000000000e+00,1.521563585117026163e+00
1.000000000000000000e+00,-9.932793098095449302e-02
1.000000000000000000e+00,-6.846172463428264188e-02
1.000000000000000000e+00,2.578719654582863341e-01
1.000000000000000000e+00,1.918964040502427748e+00
1.000000000000000000e+00,-8.588598291079856117e-02
1.000000000000000000e+00,1.447389715166250423e-01
1.000000000000000000e+00,2.224858830587230496e-01
1.000000000000000000e+00,8.594906038434322326e-01
1.000000000000000000e+00,1.048909114758549421e+00
1.000000000000000000e+00,9.507751285616586889e-01
1.000000000000000000e+00,1.265465694794281948e+00
1.000000000000000000e+00,3.216389628112870658e-01
1.000000000000000000e+00,1.505626338843387479e+00
1.000000000000000000e+00,9.066230803847022957e-01
1.000000000000000000e+00,5.949845912777694812e-01
1.000000000000000000e+00,-2.737656366218406065e-02
1.000000000000000000e+00,8.655215082437967000e-01
1.000000000000000000e+00,5.953884661393854527e-01
1.000000000000000000e+00,2.043792994262144891e+00
1.000000000000000000e+00,-8.611053573276740425e-02
1.000000000000000000e+00,6.705888446095302768e-01
1.000000000000000000e+00,-1.844208320021186245e-02
1.000000000000000000e+00,3.065082654436507292e-01
1.000000000000000000e+00,4.613300311515800001e-01
1.000000000000000000e+00,2.013557216961107343e+00
1.000000000000000000e+00,1.156892203874094749e+00
1.000000000000000000e+00,1.174554223962107180e+00
1.000000000000000000e+00,3.356561023345075445e-01
1.000000000000000000e+00,1.070881478216968996e-01
1.000000000000000000e+00,2.574909061240361896e-01
1.000000000000000000e+00,1.103627764073066148e-01
1.000000000000000000e+00,3.818747569639150963e-01
1.000000000000000000e+00,-7.368686165225554197e-01
1.000000000000000000e+00,-3.545424200949905402e-01
1.000000000000000000e+00,6.453912961322392228e-01
1.000000000000000000e+00,-2.955170497099806060e-01
1.000000000000000000e+00,5.960845398602477863e-01
1.000000000000000000e+00,1.218462506241418275e+00
1.000000000000000000e+00,-1.128024021768281759e+00
1.000000000000000000e+00,3.713143699728209679e-01
1.000000000000000000e+00,-1.219825298167723560e+00
1.000000000000000000e+00,1.505100991229471052e-01
1.000000000000000000e+00,2.096455444206868635e-01
1.000000000000000000e+00,-8.156143979395130694e-02
1.000000000000000000e+00,3.244516770358414903e-01
1.000000000000000000e+00,6.407261211945444179e-01
1.000000000000000000e+00,-2.220390434197500318e-01
1.000000000000000000e+00,1.049189705717908039e+00
1.000000000000000000e+00,2.288550176454755281e-01
1.000000000000000000e+00,2.083603287608627230e+00
1.000000000000000000e+00,8.618866344892529563e-01
1.000000000000000000e+00,3.491316732870973216e-01
1.000000000000000000e+00,-2.783825886582515508e-01
1.000000000000000000e+00,1.262963191687420661e+00
1.000000000000000000e+00,2.611421910473868957e-01
1.000000000000000000e+00,-7.297079333210607088e-02
1.000000000000000000e+00,1.537299494368471464e+00
1.000000000000000000e+00,-1.258409648093570393e-02
1.000000000000000000e+00,1.153764074990518251e+00
1.000000000000000000e+00,3.788344977984296758e-02
1.000000000000000000e+00,9.393085248344905658e-01
1.000000000000000000e+00,1.206015635382339912e+00
1.000000000000000000e+00,5.144241649662971705e-01
1.000000000000000000e+00,5.704250770219014832e-01
1.000000000000000000e+00,1.318583444681184824e+00
1.000000000000000000e+00,-1.148891823587396388e+00
1.000000000000000000e+00,2.189806975649956078e-01
1.000000000000000000e+00,6.478405630085802835e-01
1.000000000000000000e+00,-4.301298619855343786e-01
1.000000000000000000e+00,1.040936488897630907e+00
1.000000000000000000e+00,-2.641649126576578466e-01
1.000000000000000000e+00,1.480661748908673969e+00
1.000000000000000000e+00,1.022196935482096114e+00
1.000000000000000000e+00,7.837438535337375445e-01
1.000000000000000000e+00,5.154680754113858399e-01
1.000000000000000000e+00,3.007595530922845262e-01
1.000000000000000000e+00,4.894423633179566524e-01
1.000000000000000000e+00,4.097777466599001328e-01
1.000000000000000000e+00,1.802210982885389834e+00
1.000000000000000000e+00,7.749090409018370984e-01
1.000000000000000000e+00,3.337836280008708023e-01
1.000000000000000000e+00,-6.120918883882212058e-02
1.000000000000000000e+00,1.793861300414320459e+00
1.000000000000000000e+00,1.185376389109293438e+00
1.000000000000000000e+00,9.208363533887867769e-01
1.000000000000000000e+00,1.717989875173046022e-01
1.000000000000000000e+00,1.000764749564984957e+00
1.000000000000000000e+00,6.526290218485325534e-01
1.000000000000000000e+00,-1.616387373066421329e-01
1.000000000000000000e+00,1.851902400943320925e+00
1.000000000000000000e+00,-5.603686875775027582e-02
1.000000000000000000e+00,-6.180159200551352955e-02
1.000000000000000000e+00,5.327838598648115820e-01
1.000000000000000000e+00,-4.865864742557279160e-02
1.000000000000000000e+00,-1.835720642809814951e-01
1.000000000000000000e+00,1.304503062117196022e+00
1.000000000000000000e+00,1.542605505434458735e+00
1.000000000000000000e+00,1.135304712261932192e+00
1.000000000000000000e+00,1.607331955754053743e+00
1.000000000000000000e+00,-7.793636278933854800e-03
1.000000000000000000e+00,5.505435464208460195e-01
1.000000000000000000e+00,6.628787974495236046e-01
1.000000000000000000e+00,1.084955056149989050e-01
1.000000000000000000e+00,1.446173077252166150e+00
1.000000000000000000e+00,-6.120918883882212058e-02
1.000000000000000000e+00,-8.976336269730751383e-01
1.000000000000000000e+00,7.883145641826896366e-01
1.000000000000000000e+00,8.375668834069310842e-01
1.000000000000000000e+00,1.145351149478680552e+00
1.000000000000000000e+00,1.350509572369342326e+00
1.000000000000000000e+00,-4.529842157751149401e-01
1.000000000000000000e+00,-8.141816327722929403e-01
1.000000000000000000e+00,-9.655964699390194583e-02
1.000000000000000000e+00,1.048399567980712987e+00
1.000000000000000000e+00,2.136951003919145275e-01
1.000000000000000000e+00,-3.023108733236651857e-01
1.000000000000000000e+00,6.957491677526980167e-01
1.000000000000000000e+00,-4.844448266505277934e-01
1.000000000000000000e+00,3.802184297316387185e-01
1.000000000000000000e+00,7.190498252793467993e-01
1.000000000000000000e+00,9.860957763463111536e-02
1.000000000000000000e+00,6.092943299326463169e-01
1.000000000000000000e+00,9.440341409060843958e-01
1.000000000000000000e+00,1.178140664755049638e+00
1.000000000000000000e+00,1.927156015643985976e+00
1.000000000000000000e+00,3.609901437035835103e-01
1.000000000000000000e+00,1.835849075670803687e+00
1.000000000000000000e+00,7.749090409018370984e-01
1.000000000000000000e+00,7.799696849805394239e-01
1.000000000000000000e+00,-5.808284215988095411e-01
1.000000000000000000e+00,9.111873866750955786e-01
1.000000000000000000e+00,1.267776867689198284e+00
1.000000000000000000e+00,2.478515459481832328e-01
1.000000000000000000e+00,-1.842773442672722140e-01
1.000000000000000000e+00,3.293017778269223816e-01
1.000000000000000000e+00,6.143617786423173355e-01
1.000000000000000000e+00,-6.966352352387806812e-01
1.000000000000000000e+00,9.212446312469119158e-01
1.000000000000000000e+00,-6.614468874097211293e-01
1.000000000000000000e+00,5.982856378424342703e-01
1.000000000000000000e+00,-5.380100810917286536e-01
1.000000000000000000e+00,-7.994684195282101280e-01
1.000000000000000000e+00,1.877080336072525446e+00
1.000000000000000000e+00,9.758870187432253651e-01
1.000000000000000000e+00,7.775416325419244323e-01
1.000000000000000000e+00,-8.102821789547878240e-01
1.000000000000000000e+00,6.166281210273218960e-01
1.000000000000000000e+00,9.037359154919014648e-01
1.000000000000000000e+00,3.660623956821736913e-01
1.000000000000000000e+00,1.729621581345196502e+00
1.000000000000000000e+00,-1.227620603351044393e+00
1.000000000000000000e+00,-7.101976653043244880e-01
1.000000000000000000e+00,-3.811269124726772706e-01
1.000000000000000000e+00,4.617106902134202051e-01
1.000000000000000000e+00,-1.023090207871557356e+00
1.000000000000000000e+00,2.236838983816334392e-01
1.000000000000000000e+00,5.656206072855521905e-01
1.000000000000000000e+00,1.270412661508565133e+00
1.000000000000000000e+00,5.494866370465470440e-02
1.000000000000000000e+00,2.882610470923256396e-01
1.000000000000000000e+00,3.556036778832009082e-01
1.000000000000000000e+00,-3.504048041935790003e-01
1.000000000000000000e+00,-1.521382716570336968e-01
1.000000000000000000e+00,6.519089317830745189e-01
1.000000000000000000e+00,1.108323950198417895e+00
1.000000000000000000e+00,1.247991802738935174e+00
1.000000000000000000e+00,9.281085025323336790e-01
1.000000000000000000e+00,-2.680775754646905762e-01
1.000000000000000000e+00,1.045873048529256000e+00
1.000000000000000000e+00,2.086032941136881647e+00
1.000000000000000000e+00,1.880112209365626952e-01
1.000000000000000000e+00,7.378402132909422928e-01
1.000000000000000000e+00,1.771999221928948209e+00
1.000000000000000000e+00,8.136097791280026970e-01
1.000000000000000000e+00,1.588294999937943430e+00
1.000000000000000000e+00,6.391354386374960006e-01
1.000000000000000000e+00,2.255259520121157824e-01
1.000000000000000000e+00,4.980257139054532732e-03
1.000000000000000000e+00,1.054054026103653646e-01
1.000000000000000000e+00,9.920448151147334137e-01
1.000000000000000000e+00,6.383701177897163070e-01
1.000000000000000000e+00,1.175107400432625848e+00
1.000000000000000000e+00,7.611488762657895313e-01
1.000000000000000000e+00,1.819703097259500746e-01
1.000000000000000000e+00,7.622560297516465244e-01
1.000000000000000000e+00,1.683470382540973864e-01
1.000000000000000000e+00,8.735581776903034168e-01
1.000000000000000000e+00,5.246931536429647602e-01
1.000000000000000000e+00,1.479631657785840104e-01
1.000000000000000000e+00,1.403691976174560596e-01
1.000000000000000000e+00,3.881025953899634451e-01
1.000000000000000000e+00,1.506126279083385811e+00
1.000000000000000000e+00,1.425542847032455207e-01
1.000000000000000000e+00,1.546202353310059507e+00
1.000000000000000000e+00,6.746436041220870150e-01
1.000000000000000000e+00,-1.331173267373204627e-01
1.000000000000000000e+00,5.904851291177842798e-01
1.000000000000000000e+00,1.459983275939454428e+00
1.000000000000000000e+00,-6.370242663180480935e-01
1.000000000000000000e+00,1.658181171681809563e-01
1.000000000000000000e+00,-1.596113575503637916e-01
1.000000000000000000e+00,8.451680564714377786e-01
1.000000000000000000e+00,-8.100672326706571669e-01
1.000000000000000000e+00,5.464803811876808304e-01
1.000000000000000000e+00,7.487240203892571166e-01
1.000000000000000000e+00,2.579191976026576905e-01
1.000000000000000000e+00,8.598456454710371455e-01
1.000000000000000000e+00,-1.721747076807307597e-01
1.000000000000000000e+00,1.062580418919593317e+00
1.000000000000000000e+00,4.599937316351521838e-02
1.000000000000000000e+00,5.058487288560291617e-01
1.000000000000000000e+00,3.030747287113001454e-01
1.000000000000000000e+00,7.799835043027941728e-02
1.000000000000000000e+00,1.526355456196575033e-01
1.000000000000000000e+00,6.799668269017011824e-01
1.000000000000000000e+00,6.483937394790988407e-01
1.000000000000000000e+00,8.095201959157823923e-01
1.000000000000000000e+00,8.624914461006520927e-01
1.000000000000000000e+00,-1.981808064260735247e-01
1.000000000000000000e+00,6.748849683852726766e-01
1.000000000000000000e+00,3.614440526164403034e-01
1.000000000000000000e+00,2.958474100776649629e-01
1.000000000000000000e+00,1.722038820811546467e+00
1.000000000000000000e+00,-1.980807383235918817e-01
1.000000000000000000e+00,3.633639691547656259e-02
1.000000000000000000e+00,1.336008103230110766e+00
1.000000000000000000e+00,3.005976619236784941e+00
1.000000000000000000e+00,2.354689378321073612e+00
1.000000000000000000e+00,-8.988576600026307872e-01
1.000000000000000000e+00,5.070571512615976717e-01
1.000000000000000000e+00,7.377033201267473306e-01
1.000000000000000000e+00,1.044982442417169199e+00
1.000000000000000000e+00,9.995263067286719316e-01
1.000000000000000000e+00,2.453432579125872870e+00
1.000000000000000000e+00,-6.875278370957201846e-01
1.000000000000000000e+00,5.268614292875372085e-01
1.000000000000000000e+00,6.706709004535652552e-01
1.000000000000000000e+00,8.410592601835409354e-01
1.000000000000000000e+00,1.457923073845562190e+00
1.000000000000000000e+00,2.962342832859713587e-02
1.000000000000000000e+00,1.152775802410409334e+00
1.000000000000000000e+00,1.260237336575820377e+00
1.000000000000000000e+00,1.343096927609911173e+00
1.000000000000000000e+00,6.460833671290023839e-01
1.000000000000000000e+00,1.201686689268983477e+00
1.000000000000000000e+00,-4.862142209144961619e-02
1.000000000000000000e+00,1.722216541761553810e+00
1.000000000000000000e+00,1.622108622099222297e-01
1.000000000000000000e+00,1.438952162977089833e+00
1.000000000000000000e+00,-5.120758213198554204e-02
1.000000000000000000e+00,1.135304712261932192e+00
1.000000000000000000e+00,3.183323124328832354e-01
1.000000000000000000e+00,8.277041712263391027e-01
1.000000000000000000e+00,3.782282753094835526e-01
1.000000000000000000e+00,6.348000881655807559e-01
1.000000000000000000e+00,1.156877794067337373e+00
1.000000000000000000e+00,1.323008055900513735e+00
1.000000000000000000e+00,6.004058807978156498e-01
1.000000000000000000e+00,1.409171095133729068e+00
1.000000000000000000e+00,2.649551860243479218e-01
1.000000000000000000e+00,-1.043564942184124211e+00
1.000000000000000000e+00,-3.930468147799748985e-02
1.000000000000000000e+00,1.371589518565718091e+00
1.000000000000000000e+00,2.107293009917724724e+00
1.000000000000000000e+00,1.160181242266461910e+00
1.000000000000000000e+00,1.259065549019872388e-01
1.000000000000000000e+00,1.442253209541754622e+00
1.000000000000000000e+00,6.295777340332681105e-01
1.000000000000000000e+00,6.131189328094951430e-01
1.000000000000000000e+00,1.058605123404519344e-01
1.000000000000000000e+00,3.992313692031534411e-01
1.000000000000000000e+00,3.563509864725339371e-01
1.000000000000000000e+00,9.605205609261421307e-01
1.000000000000000000e+00,4.165363463015112067e-01
1.000000000000000000e+00,1.183618202472802861e-01
1.000000000000000000e+00,-7.017729218322815710e-02
1.000000000000000000e+00,6.412580832273369058e-01
1.000000000000000000e+00,7.732242943284558523e-01
1.000000000000000000e+00,2.573584159563505058e-01
1.000000000000000000e+00,-3.697203496069982331e-01
1.000000000000000000e+00,-6.235238784760428477e-01
1.000000000000000000e+00,-4.371088016646978297e-02
1.000000000000000000e+00,-1.307553402523751851e+00
1.000000000000000000e+00,1.148885554858332547e+00
1.000000000000000000e+00,6.839983706144820985e-01
1.000000000000000000e+00,2.348739138735421728e-01
1.000000000000000000e+00,6.987480086478683461e-01
1.000000000000000000e+00,1.287086809288878531e+00
1.000000000000000000e+00,7.063956133119264624e-01
1.000000000000000000e+00,1.489018045798619350e-01
1.000000000000000000e+00,1.205385016124612824e-01
1.000000000000000000e+00,1.466461684894116990e+00
1.000000000000000000e+00,-2.878470297909666020e-01
1.000000000000000000e+00,1.040329275651772356e+00
1.000000000000000000e+00,5.640463358973107910e-01
1.000000000000000000e+00,1.535711213445882573e+00
1.000000000000000000e+00,4.865660057802239091e-01
1.000000000000000000e+00,-3.811269124726772706e-01
1.000000000000000000e+00,1.356490842990875967e+00
1.000000000000000000e+00,7.002050002200012058e-01
1.000000000000000000e+00,-3.708759360544564010e-01
1.000000000000000000e+00,9.215364298337485049e-01
1.000000000000000000e+00,7.156234934503747924e-01
1.000000000000000000e+00,6.081019184234748298e-01
1.000000000000000000e+00,3.712163032323889111e-01
1.000000000000000000e+00,1.642139644521273034e+00
1.000000000000000000e+00,1.250231326872474513e+00
1.000000000000000000e+00,1.181071059068122597e+00
1.000000000000000000e+00,9.485115880835235380e-01
1.000000000000000000e+00,3.572796184635637085e-01
1.000000000000000000e+00,4.597301423291032529e-01
1.000000000000000000e+00,5.712348281071830680e-01
1.000000000000000000e+00,1.544106126699273718e+00
1.000000000000000000e+00,-4.802703856874030452e-01
1.000000000000000000e+00,2.851497296499659884e-01
1.000000000000000000e+00,2.074744668692448391e-01
1.000000000000000000e+00,5.261485441254579731e-01
1.000000000000000000e+00,5.589090495762197991e-02
1.000000000000000000e+00,2.555051546983902466e-01
1.000000000000000000e+00,1.115223846000733099e+00
1.000000000000000000e+00,-8.950999026182396845e-01
1.000000000000000000e+00,-1.124038200081202421e-02
1.000000000000000000e+00,5.576884089380362841e-01
1.000000000000000000e+00,2.822229377885825397e-01
1.000000000000000000e+00,2.331503408763981322e-01
1.000000000000000000e+00,7.860057929222329376e-01
1.000000000000000000e+00,4.377860079996959142e-01
1.000000000000000000e+00,4.897797929595247846e-01
1.000000000000000000e+00,6.820382366230713922e-01
1.000000000000000000e+00,5.838722286333865030e-01
1.000000000000000000e+00,-2.848714046955720947e-01
1.000000000000000000e+00,1.390551032956669486e-01
1.000000000000000000e+00,9.200193974001265040e-01
1.000000000000000000e+00,5.164481523312033917e-02
1.000000000000000000e+00,1.387713101570289820e-01
1.000000000000000000e+00,1.708671533469954262e-01
1.000000000000000000e+00,6.559596885715319736e-01
1.000000000000000000e+00,4.228302296751974554e-01
1.000000000000000000e+00,7.162623282166177274e-01
1.000000000000000000e+00,-2.076904783411102906e-01
1.000000000000000000e+00,-1.417840249570517519e-01
1.000000000000000000e+00,1.372186324728918771e+00
1.000000000000000000e+00,3.337836280008708023e-01
1.000000000000000000e+00,-1.035696177089469316e-01
1.000000000000000000e+00,1.955520119156206382e+00
1.000000000000000000e+00,2.179859996202962336e+00
1.000000000000000000e+00,9.468570720012041420e-02
1.000000000000000000e+00,6.705600249960155246e-01
1.000000000000000000e+00,-4.710398938541777991e-02
1.000000000000000000e+00,6.155890138511523890e-01
1.000000000000000000e+00,1.758914316848446679e+00
1.000000000000000000e+00,1.244820444435086548e+00
1.000000000000000000e+00,4.225392316331808007e-01
1.000000000000000000e+00,-1.556534639610093196e-01
1.000000000000000000e+00,2.860207224139663662e-01
1.000000000000000000e+00,1.127189989695489558e+00
1.000000000000000000e+00,-1.866721740958632025e-01
1.000000000000000000e+00,-5.354791586437626094e-01
1.000000000000000000e+00,4.853431735678980785e-01
1.000000000000000000e+00,1.100082341278028730e+00
1.000000000000000000e+00,-1.304761193163073672e-02
1.000000000000000000e+00,1.819703097259500746e-01
1.000000000000000000e+00,6.748849683852726766e-01
1.000000000000000000e+00,5.590953664589284333e-01
1.000000000000000000e+00,3.003937041096115812e-01
1.000000000000000000e+00,-8.558676026316913710e-01
1.000000000000000000e+00,9.995263067286719316e-01
1.000000000000000000e+00,8.952841635563008049e-01
1.000000000000000000e+00,1.566376883315181212e+00
1.000000000000000000e+00,8.712522083367161274e-01
1.000000000000000000e+00,1.565724839559410775e+00
1.000000000000000000e+00,-3.340752909582123675e-01
1.000000000000000000e+00,4.579825529873636225e-01
1.000000000000000000e+00,5.485485887297717467e-01
1.000000000000000000e+00,1.801339990121389567e+00
1.000000000000000000e+00,-4.111151113640627852e-02
1.000000000000000000e+00,2.056480238627496626e-01
1.000000000000000000e+00,1.108595735164758178e+00
1.000000000000000000e+00,7.697195091071383777e-01
1.000000000000000000e+00,-8.148216683557656381e-01
1.000000000000000000e+00,9.133620666782269470e-01
1.000000000000000000e+00,1.253427101793328724e+00
1.000000000000000000e+00,-4.881665595180255668e-01
1.000000000000000000e+00,1.413648851612608198e-02
1.000000000000000000e+00,-5.726784750602934571e-01
1.000000000000000000e+00,-2.113711733624782860e-02
1.000000000000000000e+00,1.224783207866569468e+00
1.000000000000000000e+00,1.650952842443037305e+00
1.000000000000000000e+00,-9.199552181850433330e-01
1.000000000000000000e+00,1.296176195173492252e+00
1.000000000000000000e+00,1.327137266081316769e+00
1.000000000000000000e+00,-7.850930361981052208e-01
1.000000000000000000e+00,3.396119945618124025e-01
1.000000000000000000e+00,-5.969593997188524792e-01
1.000000000000000000e+00,1.163314574691367564e+00
1.000000000000000000e+00,-1.625605646667031556e-01
1.000000000000000000e+00,-9.250627851066769991e-03
1.000000000000000000e+00,1.054960032779410195e+00
1.000000000000000000e+00,1.983714717226935376e-01
1.000000000000000000e+00,1.827361699490719582e+00
1.000000000000000000e+00,4.891317519278535753e-01
1.000000000000000000e+00,2.680384843980126996e-01
1.000000000000000000e+00,1.588796140995171413e+00
1.000000000000000000e+00,1.268055667346824344e-01
1.000000000000000000e+00,5.939999211493499631e-01
1.000000000000000000e+00,-5.955348302119236603e-01
1.000000000000000000e+00,-4.500818405307369652e-01
1.000000000000000000e+00,4.518824014600818506e-01
1.000000000000000000e+00,-3.658793355613423337e-01
1.000000000000000000e+00,7.715863796270361341e-01
1.000000000000000000e+00,-1.890385845833494061e-01
1.000000000000000000e+00,1.621155973763596936e-01
1.000000000000000000e+00,9.380600751879294430e-01
1.000000000000000000e+00,2.300758484957517169e-01
1.000000000000000000e+00,4.941919957341459613e-01
1.000000000000000000e+00,1.268227974695185667e+00
1.000000000000000000e+00,9.292624878901522001e-01
1.000000000000000000e+00,5.269150657904674295e-01
1.000000000000000000e+00,4.960852842330988888e-01
1.000000000000000000e+00,3.319119542120539390e-01
1.000000000000000000e+00,2.828077357794853142e-01
1.000000000000000000e+00,2.245048570943929678e-01
1.000000000000000000e+00,1.379645801360311452e+00
1.000000000000000000e+00,1.571522785417198032e+00
1.000000000000000000e+00,6.526290218485325534e-01
1.000000000000000000e+00,-2.478165866190246702e-01
1.000000000000000000e+00,-8.586194754499369974e-01
1.000000000000000000e+00,-1.179487045512547905e+00
1.000000000000000000e+00,-1.092814859773906022e+00
1.000000000000000000e+00,3.567360485308833651e-01
1.000000000000000000e+00,-5.757561696202192492e-01
1.000000000000000000e+00,1.819703097259500746e-01
1.000000000000000000e+00,1.114835391551011606e-01
1.000000000000000000e+00,4.716536669363147888e-02
1.000000000000000000e+00,5.414985907737340787e-01
1.000000000000000000e+00,6.487840050787773150e-01
1.000000000000000000e+00,-3.764805503382490093e-01
1.000000000000000000e+00,6.459376679717890868e-01
1.000000000000000000e+00,-2.241457680841637927e-03
1.000000000000000000e+00,2.990121738108621197e-02
1.000000000000000000e+00,2.322833508364970656e-01
1.000000000000000000e+00,-1.465273941024369808e+00
1.000000000000000000e+00,-2.584774419850104366e-01
1.000000000000000000e+00,3.662173011048153182e-01
1.000000000000000000e+00,2.327690203726703100e+00
1.000000000000000000e+00,4.901720599212529006e-01
1.000000000000000000e+00,9.645364940149360189e-01
1.000000000000000000e+00,4.311811129634966488e-01
1.000000000000000000e+00,1.014020570964524914e+00
1.000000000000000000e+00,-6.273656930665186815e-01
1.000000000000000000e+00,6.173706263477357625e-01
1.000000000000000000e+00,6.919249651482590746e-01
1.000000000000000000e+00,1.703173181586884688e+00
1.000000000000000000e+00,-2.269776044134247106e-01
1.000000000000000000e+00,-2.699116236469744079e-01
1.000000000000000000e+00,9.028537151004232264e-01
1.000000000000000000e+00,4.241091000249130327e-01
1.000000000000000000e+00,-4.818450573480543841e-01
1.000000000000000000e+00,-2.109482954855030901e-01
1.000000000000000000e+00,1.084955056149989050e-01
1.000000000000000000e+00,1.745504600631402059e-01
1.000000000000000000e+00,5.805319553725487580e-01
1.000000000000000000e+00,3.086737391813537679e-01
1.000000000000000000e+00,4.779673538701801339e-01
1.000000000000000000e+00,1.225006369659215888e-01
1.000000000000000000e+00,1.165619343227725091e+00
1.000000000000000000e+00,1.706097781874126029e-01
1.000000000000000000e+00,-1.667728214484537341e-02
1.000000000000000000e+00,5.920365849786598522e-01
1.000000000000000000e+00,3.433873639322403415e-01
1.000000000000000000e+00,1.130255275810707616e+00
1.000000000000000000e+00,5.161389319704228207e-01
1.000000000000000000e+00,1.065235826087046478e+00
1.000000000000000000e+00,-3.072622430344575384e-01
1.000000000000000000e+00,-2.014650415495214952e-01
1.000000000000000000e+00,3.398373479286010967e-01
1.000000000000000000e+00,-7.845338556414377384e-01
1.000000000000000000e+00,8.168860088032521283e-01
1.000000000000000000e+00,-6.403881556510714335e-01
1.000000000000000000e+00,9.311269567755904308e-01
1.000000000000000000e+00,1.698332497121549378e-01
1.000000000000000000e+00,3.329706747363098129e-01
1.000000000000000000e+00,1.262857920043610083e+00
1.000000000000000000e+00,1.260237336575820377e+00
1.000000000000000000e+00,-5.632452551755526837e-01
1.000000000000000000e+00,1.956715332572247279e+00
1.000000000000000000e+00,1.282372000572352899e+00
1.000000000000000000e+00,8.567083103220322071e-01
1.000000000000000000e+00,1.098512873158706382e+00
1.000000000000000000e+00,-1.573874440408114528e-01
1.000000000000000000e+00,2.578719654582863341e-01
1.000000000000000000e+00,-2.036581340835094678e-01
1.000000000000000000e+00,6.727631243402516503e-01
1.000000000000000000e+00,2.812266597602751661e-01
1.000000000000000000e+00,8.942130345873371411e-01
1.000000000000000000e+00,1.388053523330820216e+00
1.000000000000000000e+00,-1.169887502517370365e-01
1.000000000000000000e+00,3.290315939502219122e-01
1.000000000000000000e+00,3.106831066791854168e-01
1.000000000000000000e+00,7.774911982182737269e-01
1.000000000000000000e+00,9.201038548786211191e-01
1.000000000000000000e+00,1.060196396446070333e+00
1.000000000000000000e+00,1.185294733537668233e+00
1.000000000000000000e+00,-8.798319118139984463e-01
1.000000000000000000e+00,5.631765439505402870e-01
1.000000000000000000e+00,-2.433739631412490667e-01
1.000000000000000000e+00,1.456533328038296826e+00
1.000000000000000000e+00,2.302758035857193519e+00
1.000000000000000000e+00,3.629642872293416533e-01
1.000000000000000000e+00,-7.156105491037623167e-01
1.000000000000000000e+00,-1.010825060686585841e+00
1.000000000000000000e+00,8.907690907723284646e-01
1.000000000000000000e+00,1.699425030740331799e+00
1.000000000000000000e+00,-1.683979274327558270e-02
1.000000000000000000e+00,1.250629197647941782e+00
1.000000000000000000e+00,-5.231175458079986296e-01
1.000000000000000000e+00,6.352011611203272068e-01
1.000000000000000000e+00,1.045410333623380872e+00
1.000000000000000000e+00,4.259199324074210979e-01
1.000000000000000000e+00,-6.117566701690199116e-01
1.000000000000000000e+00,1.642069196577125911e+00
1.000000000000000000e+00,-6.144617111153041211e-01
1.000000000000000000e+00,-8.394148054940674397e-01
1.000000000000000000e+00,2.048670923909828023e-01
1.000000000000000000e+00,7.183365398448574579e-01
1.000000000000000000e+00,1.728232846143068213e-01
1.000000000000000000e+00,-4.818450573480543841e-01
1.000000000000000000e+00,9.582630245341560160e-01
1.000000000000000000e+00,6.184201406065634732e-01
1.000000000000000000e+00,1.114014623050344932e+00
1.000000000000000000e+00,2.386500837887899629e-01
1.000000000000000000e+00,1.754059012516036686e+00
1.000000000000000000e+00,-3.150219239732950927e-01
1.000000000000000000e+00,4.853431735678980785e-01
1.000000000000000000e+00,7.323460741922893646e-01
1.000000000000000000e+00,4.389211805542477807e-01
1.000000000000000000e+00,6.377861203436333559e-01
1.000000000000000000e+00,5.469050702146129872e-01
1.000000000000000000e+00,1.211368878592698595e+00
1.000000000000000000e+00,1.070932903297532324e+00
1.000000000000000000e+00,1.302320376665865975e+00
1.000000000000000000e+00,6.224472813228352219e-01
1.000000000000000000e+00,-9.091046336967524288e-01
1.000000000000000000e+00,2.970530305763640078e-01
1.000000000000000000e+00,2.882610470923256396e-01
1.000000000000000000e+00,1.144076682125473976e+00
1.000000000000000000e+00,3.552806580483901522e-01
1.000000000000000000e+00,1.971829618771076653e+00
1.000000000000000000e+00,1.438952162977089833e+00
1.000000000000000000e+00,-3.885071351669043827e-01
1.000000000000000000e+00,1.374324980215156700e+00
1.000000000000000000e+00,1.630776711348275843e+00
1.000000000000000000e+00,-7.795018211159329691e-02
1.000000000000000000e+00,1.424308997404744037e+00
1.000000000000000000e+00,-1.387537527535899658e-02
1.000000000000000000e+00,-7.465059753363587625e-01
1.000000000000000000e+00,-7.357042240820788059e-01
1.000000000000000000e+00,2.205015516077210691e+00
1.000000000000000000e+00,4.075220214178709027e-02
1.000000000000000000e+00,1.400092116331773218e+00
1.000000000000000000e+00,2.023126929737633084e+00
1.000000000000000000e+00,6.487840050787773150e-01
1.000000000000000000e+00,-5.221324754071692276e-01
1.000000000000000000e+00,6.156116391664255560e-02
1.000000000000000000e+00,-3.036273692799138502e-01
1.000000000000000000e+00,1.644307729953752850e-01
1.000000000000000000e+00,3.298473491216523668e-01
1.000000000000000000e+00,1.715131930166169938e-01
1.000000000000000000e+00,5.044109503595727295e-01
1.000000000000000000e+00,6.976316488965830231e-01
1.000000000000000000e+00,6.260865580738880221e-01
1.000000000000000000e+00,7.930169644545076446e-01
1.000000000000000000e+00,1.699425030740331799e+00
1.000000000000000000e+00,2.555736012804876722e-01
1.000000000000000000e+00,1.011847492051033415e+00
1.000000000000000000e+00,1.096156869753878382e+00
1.000000000000000000e+00,2.221172321691806395e-01
1.000000000000000000e+00,8.757780884757565554e-01
1.000000000000000000e+00,3.797365017500871076e-01
1.000000000000000000e+00,1.199220210679015519e+00
1.000000000000000000e+00,1.560866943380448679e-01
1.000000000000000000e+00,8.784334956432097163e-01
1.000000000000000000e+00,-8.602127498535376560e-02
1.000000000000000000e+00,2.259202203358935124e-01
1.000000000000000000e+00,-3.887705144126361034e-01
1.000000000000000000e+00,-1.580358853448926015e-01
1.000000000000000000e+00,3.378055651758135602e-01
1.000000000000000000e+00,1.115223846000733099e+00
1.000000000000000000e+00,4.378344409612970334e-01
1.000000000000000000e+00,-1.177780874441123476e-01
1.000000000000000000e+00,-1.191348317835903670e+00
1.000000000000000000e+00,1.050189986470314585e+00
1.000000000000000000e+00,6.083164644351956030e-01
1.000000000000000000e+00,4.141271066661628697e-01
1.000000000000000000e+00,8.139520120384899915e-01
1.000000000000000000e+00,7.470516822605837159e-01
1.000000000000000000e+00,-1.758790187742844541e-02
1.000000000000000000e+00,5.507436826258093054e-01
1.000000000000000000e+00,5.527102209757788209e-01
1.000000000000000000e+00,1.947185857097031569e-01
1.000000000000000000e+00,8.326703510162987154e-01
1.000000000000000000e+00,2.558609968708149829e-01
1.000000000000000000e+00,2.072074851718237742e-01
1.000000000000000000e+00,3.751898074457305499e-01
1.000000000000000000e+00,6.363767611882817921e-01
1.000000000000000000e+00,1.113615551457648012e+00
1.000000000000000000e+00,2.037439070026969556e+00
1.000000000000000000e+00,1.140694380261594088e+00
1.000000000000000000e+00,1.674872531175749801e-01
1.000000000000000000e+00,5.392250434853508301e-01
1.000000000000000000e+00,-6.458702865774265112e-01
1.000000000000000000e+00,1.054578973445160051e+00
1.000000000000000000e+00,9.215364298337485049e-01
1.000000000000000000e+00,1.103259513455933649e-01
1.000000000000000000e+00,-4.009343926778962675e-01
1.000000000000000000e+00,1.331016706278325579e+00
1.000000000000000000e+00,4.035278932513058359e-01
1.000000000000000000e+00,1.683752673831094906e-02
1.000000000000000000e+00,-5.526632534743225467e-01
1.000000000000000000e+00,1.448813674340452051e+00
1.000000000000000000e+00,1.201206762649481341e+00
1.000000000000000000e+00,1.221250803848967115e+00
1.000000000000000000e+00,6.273426128962378279e-01
1.000000000000000000e+00,1.277189673681032867e+00
1.000000000000000000e+00,-2.566317859028387494e-01
1.000000000000000000e+00,-8.036524670291731454e-01
1.000000000000000000e+00,1.396899943862608406e+00
1.000000000000000000e+00,5.220881807991623047e-01
1.000000000000000000e+00,2.149171320594205070e-01
1.000000000000000000e+00,-5.736056961737762139e-02
1.000000000000000000e+00,1.226560017094233901e+00
1.000000000000000000e+00,1.423911927174096759e+00
1.000000000000000000e+00,9.714960304063302576e-01
1.000000000000000000e+00,8.600449811311805526e-01
1.000000000000000000e+00,8.826555690231158158e-01
1.000000000000000000e+00,2.734441632940717848e-01
1.000000000000000000e+00,1.095678544224016004e+00
1.000000000000000000e+00,3.788344977984296758e-02
1.000000000000000000e+00,1.330818381223319302e-01
1.000000000000000000e+00,7.860057929222329376e-01
1.000000000000000000e+00,4.859299729208504948e-01
1.000000000000000000e+00,1.706097781874126029e-01
1.000000000000000000e+00,5.459700338650244067e-01
1.000000000000000000e+00,4.704462352876588871e-01
1.000000000000000000e+00,7.292395600188488203e-01
1.000000000000000000e+00,3.097680839500931427e-01
1.000000000000000000e+00,-5.642559430106174334e-01
1.000000000000000000e+00,1.680240774677368654e+00
1.000000000000000000e+00,1.985970442468964592e+00
1.000000000000000000e+00,6.012152316106872396e-01
1.000000000000000000e+00,3.192313242655784311e-01
1.000000000000000000e+00,-3.822312640516647986e-01
1.000000000000000000e+00,1.369551331454371690e+00
1.000000000000000000e+00,5.752291464858408920e-01
1.000000000000000000e+00,-5.192673254969144558e-01
1.000000000000000000e+00,-6.194528980067718488e-02
1.000000000000000000e+00,-9.011404135564423656e-01
1.000000000000000000e+00,1.823527799377472336e-02
1.000000000000000000e+00,1.310348240119354468e+00
1.000000000000000000e+00,-2.478165866190246702e-01
1.000000000000000000e+00,-1.355157800236325372e+00
1.000000000000000000e+00,8.021671917454302747e-01
1.000000000000000000e+00,-1.211860067422276255e-01
1.000000000000000000e+00,1.259917118647879031e+00
1.000000000000000000e+00,1.223344628825293379e+00
1.000000000000000000e+00,-6.085380797207999848e-01
1.000000000000000000e+00,8.000013177353173521e-01
1.000000000000000000e+00,-7.201334172756158891e-02
1.000000000000000000e+00,4.784564867551104883e-01
1.000000000000000000e+00,-2.419369851896124857e-01
1.000000000000000000e+00,2.918498895197277898e-01
1.000000000000000000e+00,-2.119181555347553203e-01
1.000000000000000000e+00,-1.183120508389544634e-01
1.000000000000000000e+00,-9.484546137718190550e-01
1.000000000000000000e+00,1.299537682872056177e+00
1.000000000000000000e+00,1.394553757055935761e-01
1.000000000000000000e+00,7.636878041619540314e-01
1.000000000000000000e+00,2.517894259170413429e-01
1.000000000000000000e+00,2.555051546983902466e-01
1.000000000000000000e+00,1.021607734494684117e+00
1.000000000000000000e+00,-3.128964774765847223e-01
1.000000000000000000e+00,9.294530175572772723e-01
1.000000000000000000e+00,8.821640345037259356e-01
1.000000000000000000e+00,4.870247179619998090e-01
1.000000000000000000e+00,4.993362967465229674e-01
1.000000000000000000e+00,3.730751683040882116e-01
1.000000000000000000e+00,9.616453263980360155e-01
1.000000000000000000e+00,-3.043054307423295746e-01
1.000000000000000000e+00,-7.938622041547778174e-01
1.000000000000000000e+00,-1.154498839505648577e+00
1.000000000000000000e+00,5.934607542131787872e-01
1.000000000000000000e+00,1.731200255729947068e+00
1.000000000000000000e+00,1.055128947736399203e+00
1.000000000000000000e+00,6.965401060347130580e-01
1.000000000000000000e+00,2.490351514643362463e-01
1.000000000000000000e+00,1.116149275812483577e+00
1.000000000000000000e+00,1.040936488897630907e+00
1.000000000000000000e+00,-9.985388892759806956e-02
1.000000000000000000e+00,1.327292571776368391e+00
1.000000000000000000e+00,7.644903503438569281e-01
1.000000000000000000e+00,-1.246001203385845024e-02
1.000000000000000000e+00,-7.635763928024995595e-01
1.000000000000000000e+00,1.237199257750083659e+00
1.000000000000000000e+00,2.679497630259412233e+00
1.000000000000000000e+00,1.021512469661121525e+00
1.000000000000000000e+00,2.324982971206276672e-01
1.000000000000000000e+00,-3.295366021020543768e-01
1.000000000000000000e+00,3.192313242655784311e-01
1.000000000000000000e+00,1.024948007755521751e+00
1.000000000000000000e+00,1.358633310989120491e-01
1.000000000000000000e+00,8.756916296352124096e-01
1.000000000000000000e+00,-1.526602268795780315e-01
1.000000000000000000e+00,9.283122411889863645e-01
1.000000000000000000e+00,1.717177322180895027e-01
1.000000000000000000e+00,1.544719344031281416e+00
1.000000000000000000e+00,-6.908721130806571020e-01
1.000000000000000000e+00,4.918434072930137624e-02
1.000000000000000000e+00,-1.567109836680354584e-01
1.000000000000000000e+00,5.037208807248592102e-01
1.000000000000000000e+00,8.742562527732155031e-01
1.000000000000000000e+00,-3.361190818832977545e-01
1.000000000000000000e+00,6.498030986344505155e-01
1.000000000000000000e+00,1.605886972354218623e+00
1.000000000000000000e+00,1.263148517813216687e+00
1.000000000000000000e+00,-7.630504348558559968e-01
1.000000000000000000e+00,3.779288715468584470e-01
1.000000000000000000e+00,8.068663898379688781e-01
1.000000000000000000e+00,6.709314777924274553e-01
1.000000000000000000e+00,-8.332824221136743426e-02
1.000000000000000000e+00,1.367964251349012672e+00
1.000000000000000000e+00,1.368163797069473497e-01
1.000000000000000000e+00,7.058944722546982575e-01
1.000000000000000000e+00,1.183266953508979924e+00
1.000000000000000000e+00,1.606994926384895495e+00
1.000000000000000000e+00,1.574359916258757819e+00
1.000000000000000000e+00,5.270319453341659743e-01
1.000000000000000000e+00,-4.435670067867711897e-01
1.000000000000000000e+00,-9.169984058929153692e-01
1.000000000000000000e+00,1.034118248666940909e+00
1.000000000000000000e+00,9.208363533887867769e-01
1.000000000000000000e+00,7.982301123213920713e-01
1.000000000000000000e+00,-8.186826960219178995e-01
1.000000000000000000e+00,-2.302800420074120613e-02
1.000000000000000000e+00,1.785769393375243874e+00
1.000000000000000000e+00,2.954367305850802983e-01
1.000000000000000000e+00,1.310710086377928185e+00
1.000000000000000000e+00,5.537229101728932124e-01
1.000000000000000000e+00,1.192811449123680312e+00
1.000000000000000000e+00,1.387713101570289820e-01
1.000000000000000000e+00,1.148869543961935413e+00
1.000000000000000000e+00,-7.471568182748994369e-01
1.000000000000000000e+00,1.311273079446602097e-01
1.000000000000000000e+00,-1.169535262796635028e-01
1.000000000000000000e+00,1.731955970039888548e+00
1.000000000000000000e+00,9.827661003802242723e-01
1.000000000000000000e+00,7.947537464411792429e-01
1.000000000000000000e+00,7.148773856782716374e-01
1.000000000000000000e+00,3.161067978336911666e-01
1.000000000000000000e+00,4.572998983163460013e-02
1.000000000000000000e+00,1.911433525442385317e-01
1.000000000000000000e+00,1.131805130581943653e+00
1.000000000000000000e+00,6.707789740042453541e-01
1.000000000000000000e+00,-4.176741851334376809e-01
1.000000000000000000e+00,1.763531058824540532e+00
1.000000000000000000e+00,7.247619226293169903e-02
1.000000000000000000e+00,-7.168209728713803575e-01
1.000000000000000000e+00,1.786646790497802950e+00
1.000000000000000000e+00,6.002177527651501032e-01
1.000000000000000000e+00,-1.101801165588851411e-01
1.000000000000000000e+00,7.770324860364977715e-01
1.000000000000000000e+00,3.994819397317674881e-01
1.000000000000000000e+00,7.078626116943075308e-01
1.000000000000000000e+00,-3.201750309786904891e-01
1.000000000000000000e+00,7.087340047307177926e-01
1.000000000000000000e+00,1.468521486715599345e+00
1.000000000000000000e+00,-7.124956292097133215e-01
1.000000000000000000e+00,-2.598972082230201486e-01
1.000000000000000000e+00,-1.589529304420662204e+00
1.000000000000000000e+00,5.081154715134436062e-01
1.000000000000000000e+00,9.579728270369591847e-01
1.000000000000000000e+00,4.874866323230551690e-01
1.000000000000000000e+00,-5.970616593954764656e-02
1.000000000000000000e+00,1.021379579221026068e+00
1.000000000000000000e+00,2.245833104867385743e-01
1.000000000000000000e+00,1.442843211073986387e+00
1.000000000000000000e+00,1.583228351773092069e+00
1.000000000000000000e+00,1.435800017748917634e+00
1.000000000000000000e+00,7.896518743042545418e-01
