label,score
0.000000000000000000e+00,3.804733157157897949e-01
0.000000000000000000e+00,3.192985355854034424e-01
0.000000000000000000e+00,1.782027631998062134e-01
0.000000000000000000e+00,1.961302161216735840e-01
0.000000000000000000e+00,1.986890882253646851e-01
0.000000000000000000e+00,1.429602503776550293e-01
0.000000000000000000e+00,1.705195158720016479e-01
0.000000000000000000e+00,1.315447241067886353e-01
0.000000000000000000e+00,1.885210573673248291e-01
0.000000000000000000e+00,1.695559322834014893e-01
0.000000000000000000e+00,1.665536910295486450e-01
0.000000000000000000e+00,1.454922556877136230e-01
0.000000000000000000e+00,2.736076116561889648e-01
0.000000000000000000e+00,1.900886297225952148e-01
0.000000000000000000e+00,1.869974732398986816e-01
0.000000000000000000e+00,1.233435869216918945e-01
0.000000000000000000e+00,1.562751382589340210e-01
0.000000000000000000e+00,1.714940220117568970e-01
0.000000000000000000e+00,1.394038945436477661e-01
0.000000000000000000e+00,1.504038274288177490e-01
0.000000000000000000e+00,1.797925531864166260e-01
0.000000000000000000e+00,1.594508588314056396e-01
0.000000000000000000e+00,1.769758909940719604e-01
0.000000000000000000e+00,2.168762832880020142e-01
0.000000000000000000e+00,1.650248467922210693e-01
0.000000000000000000e+00,1.494828909635543823e-01
0.000000000000000000e+00,1.762505173683166504e-01
0.000000000000000000e+00,1.637513339519500732e-01
0.000000000000000000e+00,1.482155174016952515e-01
0.000000000000000000e+00,1.653050631284713745e-01
0.000000000000000000e+00,1.696194559335708618e-01
0.000000000000000000e+00,2.289041578769683838e-01
0.000000000000000000e+00,1.682296395301818848e-01
0.000000000000000000e+00,1.582645922899246216e-01
0.000000000000000000e+00,2.030285596847534180e-01
0.000000000000000000e+00,1.378843188285827637e-01
0.000000000000000000e+00,1.595300287008285522e-01
0.000000000000000000e+00,1.556815505027770996e-01
0.000000000000000000e+00,1.672392487525939941e-01
0.000000000000000000e+00,1.634994745254516602e-01
0.000000000000000000e+00,1.591725796461105347e-01
0.000000000000000000e+00,1.250671595335006714e-01
0.000000000000000000e+00,1.534193307161331177e-01
0.000000000000000000e+00,2.077855616807937622e-01
0.000000000000000000e+00,1.497776657342910767e-01
0.000000000000000000e+00,1.906621009111404419e-01
0.000000000000000000e+00,1.605235040187835693e-01
0.000000000000000000e+00,1.581362783908843994e-01
0.000000000000000000e+00,1.463087648153305054e-01
0.000000000000000000e+00,1.520405709743499756e-01
0.000000000000000000e+00,1.572163850069046021e-01
0.000000000000000000e+00,1.457630693912506104e-01
0.000000000000000000e+00,1.765809804201126099e-01
0.000000000000000000e+00,2.048313617706298828e-01
0.000000000000000000e+00,1.671838909387588501e-01
0.000000000000000000e+00,2.039590626955032349e-01
0.000000000000000000e+00,1.937901824712753296e-01
0.000000000000000000e+00,2.291022539138793945e-01
0.000000000000000000e+00,1.374588906764984131e-01
0.000000000000000000e+00,1.398043930530548096e-01
0.000000000000000000e+00,1.576538980007171631e-01
0.000000000000000000e+00,1.784594357013702393e-01
0.000000000000000000e+00,1.777756065130233765e-01
0.000000000000000000e+00,1.657359302043914795e-01
0.000000000000000000e+00,1.359937191009521484e-01
0.000000000000000000e+00,1.611250340938568115e-01
0.000000000000000000e+00,1.460144966840744019e-01
0.000000000000000000e+00,1.680714935064315796e-01
0.000000000000000000e+00,2.065225839614868164e-01
0.000000000000000000e+00,1.469253301620483398e-01
0.000000000000000000e+00,1.331501901149749756e-01
0.000000000000000000e+00,1.589798927307128906e-01
0.000000000000000000e+00,1.470314264297485352e-01
0.000000000000000000e+00,1.362298429012298584e-01
0.000000000000000000e+00,1.873031556606292725e-01
0.000000000000000000e+00,1.717613935470581055e-01
0.000000000000000000e+00,1.743278354406356812e-01
0.000000000000000000e+00,1.486177444458007812e-01
0.000000000000000000e+00,1.355856060981750488e-01
0.000000000000000000e+00,3.122450709342956543e-01
0.000000000000000000e+00,1.523036658763885498e-01
0.000000000000000000e+00,1.681786924600601196e-01
0.000000000000000000e+00,2.169834971427917480e-01
0.000000000000000000e+00,1.544220447540283203e-01
0.000000000000000000e+00,1.824781447649002075e-01
0.000000000000000000e+00,1.615208536386489868e-01
0.000000000000000000e+00,1.665032505989074707e-01
0.000000000000000000e+00,1.731181889772415161e-01
0.000000000000000000e+00,1.835626810789108276e-01
0.000000000000000000e+00,1.585505306720733643e-01
0.000000000000000000e+00,1.778914332389831543e-01
0.000000000000000000e+00,1.339560151100158691e-01
0.000000000000000000e+00,1.619296222925186157e-01
0.000000000000000000e+00,1.523769199848175049e-01
0.000000000000000000e+00,1.545266956090927124e-01
0.000000000000000000e+00,1.769305616617202759e-01
0.000000000000000000e+00,1.505999863147735596e-01
0.000000000000000000e+00,1.466581970453262329e-01
0.000000000000000000e+00,1.627190113067626953e-01
0.000000000000000000e+00,1.754265725612640381e-01
0.000000000000000000e+00,1.693059951066970825e-01
0.000000000000000000e+00,1.764835417270660400e-01
0.000000000000000000e+00,1.754017472267150879e-01
0.000000000000000000e+00,2.305256724357604980e-01
0.000000000000000000e+00,1.719336658716201782e-01
0.000000000000000000e+00,1.749419867992401123e-01
0.000000000000000000e+00,1.420998424291610718e-01
0.000000000000000000e+00,1.366382688283920288e-01
0.000000000000000000e+00,1.612135618925094604e-01
0.000000000000000000e+00,1.384886801242828369e-01
0.000000000000000000e+00,1.707515716552734375e-01
0.000000000000000000e+00,1.292205154895782471e-01
0.000000000000000000e+00,1.988790929317474365e-01
0.000000000000000000e+00,1.946186721324920654e-01
0.000000000000000000e+00,1.478168964385986328e-01
0.000000000000000000e+00,2.309562116861343384e-01
0.000000000000000000e+00,1.685039848089218140e-01
0.000000000000000000e+00,1.532225906848907471e-01
0.000000000000000000e+00,1.531752496957778931e-01
0.000000000000000000e+00,1.612355411052703857e-01
0.000000000000000000e+00,1.728389412164688110e-01
0.000000000000000000e+00,1.884594708681106567e-01
0.000000000000000000e+00,2.029024362564086914e-01
0.000000000000000000e+00,2.425915598869323730e-01
0.000000000000000000e+00,2.102648019790649414e-01
0.000000000000000000e+00,1.844209730625152588e-01
0.000000000000000000e+00,1.638106703758239746e-01
0.000000000000000000e+00,1.787343323230743408e-01
0.000000000000000000e+00,1.807270050048828125e-01
0.000000000000000000e+00,1.518110185861587524e-01
0.000000000000000000e+00,1.489498615264892578e-01
0.000000000000000000e+00,1.457020342350006104e-01
0.000000000000000000e+00,1.497480422258377075e-01
0.000000000000000000e+00,1.613149493932723999e-01
0.000000000000000000e+00,2.010941654443740845e-01
0.000000000000000000e+00,1.915494203567504883e-01
0.000000000000000000e+00,1.567273885011672974e-01
0.000000000000000000e+00,1.694669425487518311e-01
0.000000000000000000e+00,1.586964130401611328e-01
0.000000000000000000e+00,1.591231822967529297e-01
0.000000000000000000e+00,1.730710119009017944e-01
0.000000000000000000e+00,1.752692461013793945e-01
0.000000000000000000e+00,1.599713265895843506e-01
0.000000000000000000e+00,1.382946968078613281e-01
0.000000000000000000e+00,1.644024252891540527e-01
0.000000000000000000e+00,2.081800848245620728e-01
0.000000000000000000e+00,1.625661402940750122e-01
0.000000000000000000e+00,1.868016123771667480e-01
0.000000000000000000e+00,1.678530126810073853e-01
0.000000000000000000e+00,1.803574860095977783e-01
0.000000000000000000e+00,1.618040949106216431e-01
0.000000000000000000e+00,1.479999274015426636e-01
0.000000000000000000e+00,1.831643730401992798e-01
0.000000000000000000e+00,1.813925802707672119e-01
0.000000000000000000e+00,1.514740735292434692e-01
0.000000000000000000e+00,1.548781841993331909e-01
0.000000000000000000e+00,1.566916704177856445e-01
0.000000000000000000e+00,1.533927768468856812e-01
0.000000000000000000e+00,1.720961034297943115e-01
0.000000000000000000e+00,1.822539269924163818e-01
0.000000000000000000e+00,1.985810995101928711e-01
0.000000000000000000e+00,1.459824740886688232e-01
0.000000000000000000e+00,1.605999320745468140e-01
0.000000000000000000e+00,1.485830694437026978e-01
0.000000000000000000e+00,2.149502784013748169e-01
0.000000000000000000e+00,2.011255621910095215e-01
0.000000000000000000e+00,1.707247346639633179e-01
0.000000000000000000e+00,2.263170033693313599e-01
0.000000000000000000e+00,1.853212863206863403e-01
0.000000000000000000e+00,2.673316001892089844e-01
0.000000000000000000e+00,1.460101008415222168e-01
0.000000000000000000e+00,1.701698303222656250e-01
0.000000000000000000e+00,1.976726800203323364e-01
0.000000000000000000e+00,1.791703104972839355e-01
0.000000000000000000e+00,1.833909153938293457e-01
0.000000000000000000e+00,1.852004528045654297e-01
0.000000000000000000e+00,2.343471944332122803e-01
0.000000000000000000e+00,1.881200671195983887e-01
0.000000000000000000e+00,2.205061018466949463e-01
0.000000000000000000e+00,1.702658087015151978e-01
0.000000000000000000e+00,1.465301066637039185e-01
0.000000000000000000e+00,1.724827587604522705e-01
0.000000000000000000e+00,2.062653601169586182e-01
0.000000000000000000e+00,2.044701278209686279e-01
0.000000000000000000e+00,1.991055160760879517e-01
0.000000000000000000e+00,1.895837187767028809e-01
0.000000000000000000e+00,2.070630490779876709e-01
0.000000000000000000e+00,1.817405372858047485e-01
0.000000000000000000e+00,1.894262433052062988e-01
0.000000000000000000e+00,1.788174510002136230e-01
0.000000000000000000e+00,1.829034686088562012e-01
0.000000000000000000e+00,1.685155332088470459e-01
0.000000000000000000e+00,1.912812888622283936e-01
0.000000000000000000e+00,2.001014053821563721e-01
0.000000000000000000e+00,1.585846394300460815e-01
0.000000000000000000e+00,1.945049762725830078e-01
0.000000000000000000e+00,1.956621855497360229e-01
0.000000000000000000e+00,1.915964186191558838e-01
0.000000000000000000e+00,3.186281919479370117e-01
0.000000000000000000e+00,3.144383430480957031e-01
0.000000000000000000e+00,2.139209508895874023e-01
0.000000000000000000e+00,1.657488048076629639e-01
0.000000000000000000e+00,2.294595688581466675e-01
0.000000000000000000e+00,1.654555052518844604e-01
0.000000000000000000e+00,2.370874136686325073e-01
0.000000000000000000e+00,2.422700375318527222e-01
0.000000000000000000e+00,2.900705337524414062e-01
0.000000000000000000e+00,1.820279061794281006e-01
0.000000000000000000e+00,1.842264682054519653e-01
0.000000000000000000e+00,1.582213938236236572e-01
0.000000000000000000e+00,2.012519836425781250e-01
0.000000000000000000e+00,3.163084089756011963e-01
0.000000000000000000e+00,3.001253008842468262e-01
0.000000000000000000e+00,2.403949201107025146e-01
0.000000000000000000e+00,2.028133422136306763e-01
0.000000000000000000e+00,2.113833129405975342e-01
0.000000000000000000e+00,1.618967354297637939e-01
0.000000000000000000e+00,1.725962460041046143e-01
0.000000000000000000e+00,2.005183100700378418e-01
0.000000000000000000e+00,1.681299209594726562e-01
0.000000000000000000e+00,1.230032220482826233e-01
0.000000000000000000e+00,1.302141547203063965e-01
0.000000000000000000e+00,1.404295414686203003e-01
0.000000000000000000e+00,2.615872919559478760e-01
0.000000000000000000e+00,1.285884976387023926e-01
0.000000000000000000e+00,1.784824281930923462e-01
0.000000000000000000e+00,1.605228334665298462e-01
0.000000000000000000e+00,1.686934232711791992e-01
0.000000000000000000e+00,1.724081188440322876e-01
0.000000000000000000e+00,1.601985096931457520e-01
0.000000000000000000e+00,1.610260605812072754e-01
0.000000000000000000e+00,1.259250342845916748e-01
0.000000000000000000e+00,1.577504575252532959e-01
0.000000000000000000e+00,1.739308983087539673e-01
0.000000000000000000e+00,2.136094421148300171e-01
0.000000000000000000e+00,1.998262703418731689e-01
0.000000000000000000e+00,2.333797663450241089e-01
0.000000000000000000e+00,1.938289999961853027e-01
0.000000000000000000e+00,1.374972611665725708e-01
0.000000000000000000e+00,1.382597237825393677e-01
0.000000000000000000e+00,1.696206331253051758e-01
0.000000000000000000e+00,1.486859619617462158e-01
0.000000000000000000e+00,1.568303555250167847e-01
0.000000000000000000e+00,1.550166755914688110e-01
0.000000000000000000e+00,1.402962058782577515e-01
0.000000000000000000e+00,2.025076746940612793e-01
0.000000000000000000e+00,1.341848075389862061e-01
0.000000000000000000e+00,1.535260677337646484e-01
0.000000000000000000e+00,1.285837888717651367e-01
0.000000000000000000e+00,1.783207952976226807e-01
0.000000000000000000e+00,1.384743154048919678e-01
0.000000000000000000e+00,1.423721760511398315e-01
0.000000000000000000e+00,1.622745692729949951e-01
0.000000000000000000e+00,1.564238965511322021e-01
0.000000000000000000e+00,1.540913283824920654e-01
0.000000000000000000e+00,1.477075219154357910e-01
0.000000000000000000e+00,1.537763327360153198e-01
0.000000000000000000e+00,1.488125771284103394e-01
0.000000000000000000e+00,1.298203915357589722e-01
0.000000000000000000e+00,1.468622237443923950e-01
0.000000000000000000e+00,1.538924276828765869e-01
0.000000000000000000e+00,1.733695417642593384e-01
0.000000000000000000e+00,1.602356731891632080e-01
0.000000000000000000e+00,1.441768854856491089e-01
0.000000000000000000e+00,1.368744969367980957e-01
0.000000000000000000e+00,1.517763137817382812e-01
0.000000000000000000e+00,1.380656957626342773e-01
0.000000000000000000e+00,1.771556735038757324e-01
0.000000000000000000e+00,1.548158377408981323e-01
0.000000000000000000e+00,1.326774954795837402e-01
0.000000000000000000e+00,1.420656293630599976e-01
0.000000000000000000e+00,1.498646438121795654e-01
0.000000000000000000e+00,1.459819674491882324e-01
0.000000000000000000e+00,1.605893671512603760e-01
0.000000000000000000e+00,1.580686122179031372e-01
0.000000000000000000e+00,1.471036970615386963e-01
0.000000000000000000e+00,1.405710130929946899e-01
0.000000000000000000e+00,1.342497766017913818e-01
0.000000000000000000e+00,2.410100251436233521e-01
0.000000000000000000e+00,1.556852608919143677e-01
0.000000000000000000e+00,1.311573982238769531e-01
0.000000000000000000e+00,2.064592540264129639e-01
0.000000000000000000e+00,2.287893146276473999e-01
0.000000000000000000e+00,1.815891265869140625e-01
0.000000000000000000e+00,3.747150897979736328e-01
0.000000000000000000e+00,1.681808233261108398e-01
0.000000000000000000e+00,1.534259617328643799e-01
0.000000000000000000e+00,1.709526479244232178e-01
0.000000000000000000e+00,2.009017467498779297e-01
0.000000000000000000e+00,1.374567300081253052e-01
0.000000000000000000e+00,1.893441677093505859e-01
0.000000000000000000e+00,2.018195688724517822e-01
0.000000000000000000e+00,1.799194812774658203e-01
0.000000000000000000e+00,2.052160054445266724e-01
0.000000000000000000e+00,2.008600383996963501e-01
0.000000000000000000e+00,1.743828356266021729e-01
0.000000000000000000e+00,1.639887690544128418e-01
0.000000000000000000e+00,1.657549738883972168e-01
0.000000000000000000e+00,1.546276658773422241e-01
0.000000000000000000e+00,1.818818449974060059e-01
0.000000000000000000e+00,1.560759842395782471e-01
0.000000000000000000e+00,1.806353628635406494e-01
0.000000000000000000e+00,1.465333998203277588e-01
0.000000000000000000e+00,1.734599620103836060e-01
0.000000000000000000e+00,1.716977953910827637e-01
0.000000000000000000e+00,2.024628669023513794e-01
0.000000000000000000e+00,1.880457401275634766e-01
0.000000000000000000e+00,1.473595052957534790e-01
0.000000000000000000e+00,1.407325565814971924e-01
0.000000000000000000e+00,1.828880906105041504e-01
0.000000000000000000e+00,1.974126249551773071e-01
0.000000000000000000e+00,1.887799501419067383e-01
0.000000000000000000e+00,1.893005073070526123e-01
0.000000000000000000e+00,1.756383925676345825e-01
0.000000000000000000e+00,1.303024590015411377e-01
0.000000000000000000e+00,1.458927243947982788e-01
0.000000000000000000e+00,1.646430790424346924e-01
0.000000000000000000e+00,1.627553403377532959e-01
0.000000000000000000e+00,1.539566814899444580e-01
0.000000000000000000e+00,1.543371081352233887e-01
0.000000000000000000e+00,1.981560885906219482e-01
0.000000000000000000e+00,1.848944872617721558e-01
0.000000000000000000e+00,4.245410561561584473e-01
0.000000000000000000e+00,3.254478871822357178e-01
0.000000000000000000e+00,3.435758054256439209e-01
0.000000000000000000e+00,3.783535957336425781e-01
0.000000000000000000e+00,1.825583279132843018e-01
0.000000000000000000e+00,1.817016750574111938e-01
0.000000000000000000e+00,1.694692522287368774e-01
0.000000000000000000e+00,1.488931924104690552e-01
0.000000000000000000e+00,1.597308516502380371e-01
0.000000000000000000e+00,1.601337045431137085e-01
0.000000000000000000e+00,1.862099170684814453e-01
0.000000000000000000e+00,1.582821607589721680e-01
0.000000000000000000e+00,1.493531614542007446e-01
0.000000000000000000e+00,1.755815744400024414e-01
0.000000000000000000e+00,1.577535271644592285e-01
0.000000000000000000e+00,1.776892989873886108e-01
0.000000000000000000e+00,1.486338824033737183e-01
0.000000000000000000e+00,1.726078987121582031e-01
0.000000000000000000e+00,1.528486013412475586e-01
0.000000000000000000e+00,1.540725231170654297e-01
0.000000000000000000e+00,1.610810905694961548e-01
0.000000000000000000e+00,1.677029728889465332e-01
0.000000000000000000e+00,1.540599316358566284e-01
0.000000000000000000e+00,2.004479467868804932e-01
0.000000000000000000e+00,1.682753264904022217e-01
0.000000000000000000e+00,2.483524531126022339e-01
0.000000000000000000e+00,1.705473661422729492e-01
0.000000000000000000e+00,1.935878247022628784e-01
0.000000000000000000e+00,1.507413536310195923e-01
0.000000000000000000e+00,1.842938065528869629e-01
0.000000000000000000e+00,1.561873853206634521e-01
0.000000000000000000e+00,1.667051613330841064e-01
0.000000000000000000e+00,1.719295531511306763e-01
0.000000000000000000e+00,1.643879711627960205e-01
0.000000000000000000e+00,2.619680464267730713e-01
0.000000000000000000e+00,1.556012928485870361e-01
0.000000000000000000e+00,2.275448441505432129e-01
0.000000000000000000e+00,1.724736094474792480e-01
0.000000000000000000e+00,2.563444375991821289e-01
0.000000000000000000e+00,2.114066779613494873e-01
0.000000000000000000e+00,1.649874299764633179e-01
0.000000000000000000e+00,1.389138847589492798e-01
0.000000000000000000e+00,2.300012409687042236e-01
0.000000000000000000e+00,1.803753077983856201e-01
0.000000000000000000e+00,1.770788580179214478e-01
0.000000000000000000e+00,1.928160339593887329e-01
0.000000000000000000e+00,1.968848556280136108e-01
0.000000000000000000e+00,1.749150902032852173e-01
0.000000000000000000e+00,1.593564450740814209e-01
0.000000000000000000e+00,1.957370787858963013e-01
0.000000000000000000e+00,2.159081697463989258e-01
0.000000000000000000e+00,3.947606086730957031e-01
0.000000000000000000e+00,1.804594993591308594e-01
0.000000000000000000e+00,1.758135557174682617e-01
0.000000000000000000e+00,1.567838490009307861e-01
0.000000000000000000e+00,1.910758167505264282e-01
0.000000000000000000e+00,1.762231588363647461e-01
0.000000000000000000e+00,1.942587792873382568e-01
0.000000000000000000e+00,2.377374768257141113e-01
0.000000000000000000e+00,1.497276872396469116e-01
0.000000000000000000e+00,1.844711452722549438e-01
0.000000000000000000e+00,1.608125269412994385e-01
0.000000000000000000e+00,1.752665042877197266e-01
0.000000000000000000e+00,1.721987426280975342e-01
0.000000000000000000e+00,1.766047924757003784e-01
0.000000000000000000e+00,1.924640387296676636e-01
0.000000000000000000e+00,1.582482755184173584e-01
0.000000000000000000e+00,2.125222533941268921e-01
0.000000000000000000e+00,1.851242780685424805e-01
0.000000000000000000e+00,1.689458787441253662e-01
0.000000000000000000e+00,1.505315154790878296e-01
0.000000000000000000e+00,1.583502888679504395e-01
0.000000000000000000e+00,1.612540781497955322e-01
0.000000000000000000e+00,1.630354821681976318e-01
0.000000000000000000e+00,2.302020937204360962e-01
0.000000000000000000e+00,2.199950218200683594e-01
0.000000000000000000e+00,1.535653322935104370e-01
0.000000000000000000e+00,2.344658076763153076e-01
0.000000000000000000e+00,2.929798662662506104e-01
0.000000000000000000e+00,1.990942507982254028e-01
0.000000000000000000e+00,1.868128478527069092e-01
0.000000000000000000e+00,2.040309011936187744e-01
0.000000000000000000e+00,1.708787530660629272e-01
0.000000000000000000e+00,1.855615526437759399e-01
0.000000000000000000e+00,1.923252642154693604e-01
0.000000000000000000e+00,1.887989789247512817e-01
0.000000000000000000e+00,1.623089015483856201e-01
0.000000000000000000e+00,2.097072452306747437e-01
0.000000000000000000e+00,1.690338253974914551e-01
0.000000000000000000e+00,1.746443212032318115e-01
0.000000000000000000e+00,1.945973485708236694e-01
0.000000000000000000e+00,1.810866445302963257e-01
0.000000000000000000e+00,1.794911921024322510e-01
0.000000000000000000e+00,2.021853774785995483e-01
0.000000000000000000e+00,2.029620707035064697e-01
0.000000000000000000e+00,1.737073659896850586e-01
0.000000000000000000e+00,1.463674306869506836e-01
0.000000000000000000e+00,1.643437147140502930e-01
0.000000000000000000e+00,1.883861422538757324e-01
0.000000000000000000e+00,2.123107314109802246e-01
0.000000000000000000e+00,1.687214374542236328e-01
0.000000000000000000e+00,1.657438576221466064e-01
0.000000000000000000e+00,1.700211465358734131e-01
0.000000000000000000e+00,1.795522719621658325e-01
0.000000000000000000e+00,2.095080316066741943e-01
0.000000000000000000e+00,2.016896158456802368e-01
0.000000000000000000e+00,2.460139691829681396e-01
0.000000000000000000e+00,1.900212913751602173e-01
0.000000000000000000e+00,1.643891185522079468e-01
0.000000000000000000e+00,1.737855225801467896e-01
0.000000000000000000e+00,1.667539030313491821e-01
0.000000000000000000e+00,1.544738411903381348e-01
0.000000000000000000e+00,1.934724152088165283e-01
0.000000000000000000e+00,2.576466798782348633e-01
0.000000000000000000e+00,1.476470232009887695e-01
0.000000000000000000e+00,1.672633141279220581e-01
0.000000000000000000e+00,1.720922738313674927e-01
0.000000000000000000e+00,1.493289768695831299e-01
0.000000000000000000e+00,1.605273336172103882e-01
0.000000000000000000e+00,1.820423752069473267e-01
0.000000000000000000e+00,1.621743887662887573e-01
0.000000000000000000e+00,1.280524283647537231e-01
0.000000000000000000e+00,1.684609651565551758e-01
0.000000000000000000e+00,1.823392510414123535e-01
0.000000000000000000e+00,1.370355933904647827e-01
0.000000000000000000e+00,1.809730082750320435e-01
0.000000000000000000e+00,1.576466262340545654e-01
0.000000000000000000e+00,1.663535386323928833e-01
0.000000000000000000e+00,1.773141324520111084e-01
0.000000000000000000e+00,1.723218709230422974e-01
0.000000000000000000e+00,1.621973961591720581e-01
0.000000000000000000e+00,1.694808155298233032e-01
0.000000000000000000e+00,1.281062662601470947e-01
0.000000000000000000e+00,1.594388484954833984e-01
0.000000000000000000e+00,1.784417629241943359e-01
0.000000000000000000e+00,1.732256114482879639e-01
0.000000000000000000e+00,2.125005424022674561e-01
0.000000000000000000e+00,1.452771127223968506e-01
0.000000000000000000e+00,1.357668191194534302e-01
0.000000000000000000e+00,1.668573766946792603e-01
0.000000000000000000e+00,1.491621285676956177e-01
0.000000000000000000e+00,1.357757300138473511e-01
0.000000000000000000e+00,1.309899389743804932e-01
0.000000000000000000e+00,2.044833302497863770e-01
0.000000000000000000e+00,1.476487815380096436e-01
0.000000000000000000e+00,2.037441134452819824e-01
0.000000000000000000e+00,1.751860082149505615e-01
0.000000000000000000e+00,1.422379910945892334e-01
0.000000000000000000e+00,1.558484882116317749e-01
0.000000000000000000e+00,1.365114003419876099e-01
0.000000000000000000e+00,1.476606428623199463e-01
0.000000000000000000e+00,1.580684185028076172e-01
0.000000000000000000e+00,1.537197381258010864e-01
0.000000000000000000e+00,1.980386227369308472e-01
0.000000000000000000e+00,1.914917528629302979e-01
0.000000000000000000e+00,1.893582344055175781e-01
0.000000000000000000e+00,1.826879829168319702e-01
0.000000000000000000e+00,1.754289120435714722e-01
0.000000000000000000e+00,1.758525818586349487e-01
0.000000000000000000e+00,1.718977391719818115e-01
0.000000000000000000e+00,1.852998733520507812e-01
0.000000000000000000e+00,1.732300072908401489e-01
0.000000000000000000e+00,1.505004912614822388e-01
0.000000000000000000e+00,1.889913678169250488e-01
0.000000000000000000e+00,2.882118225097656250e-01
0.000000000000000000e+00,1.764999777078628540e-01
0.000000000000000000e+00,2.349353283643722534e-01
0.000000000000000000e+00,2.050822973251342773e-01
0.000000000000000000e+00,2.169943004846572876e-01
0.000000000000000000e+00,1.792381554841995239e-01
0.000000000000000000e+00,1.784240454435348511e-01
0.000000000000000000e+00,1.469817161560058594e-01
0.000000000000000000e+00,2.007352113723754883e-01
0.000000000000000000e+00,3.175282478332519531e-01
0.000000000000000000e+00,2.464627623558044434e-01
0.000000000000000000e+00,2.156176865100860596e-01
0.000000000000000000e+00,1.568576842546463013e-01
0.000000000000000000e+00,1.895879209041595459e-01
1.000000000000000000e+00,4.378623664379119873e-01
1.000000000000000000e+00,5.354063510894775391e-01
1.000000000000000000e+00,5.318283438682556152e-01
1.000000000000000000e+00,4.198690652847290039e-01
1.000000000000000000e+00,4.713840484619140625e-01
1.000000000000000000e+00,4.634886085987091064e-01
1.000000000000000000e+00,4.651042819023132324e-01
1.000000000000000000e+00,4.237858653068542480e-01
1.000000000000000000e+00,4.525380134582519531e-01
1.000000000000000000e+00,4.513302445411682129e-01
1.000000000000000000e+00,4.861082434654235840e-01
1.000000000000000000e+00,4.279213547706604004e-01
1.000000000000000000e+00,5.065989494323730469e-01
1.000000000000000000e+00,4.496104121208190918e-01
1.000000000000000000e+00,3.353037834167480469e-01
1.000000000000000000e+00,4.192432761192321777e-01
1.000000000000000000e+00,4.116104841232299805e-01
1.000000000000000000e+00,3.883623480796813965e-01
1.000000000000000000e+00,4.401121735572814941e-01
1.000000000000000000e+00,3.649828433990478516e-01
1.000000000000000000e+00,4.569076895713806152e-01
1.000000000000000000e+00,4.371406137943267822e-01
1.000000000000000000e+00,4.499198496341705322e-01
1.000000000000000000e+00,4.198089241981506348e-01
1.000000000000000000e+00,5.311952233314514160e-01
1.000000000000000000e+00,4.155329167842864990e-01
1.000000000000000000e+00,4.229242503643035889e-01
1.000000000000000000e+00,4.594948589801788330e-01
1.000000000000000000e+00,4.080373346805572510e-01
1.000000000000000000e+00,4.292367696762084961e-01
1.000000000000000000e+00,4.636820852756500244e-01
1.000000000000000000e+00,4.008559286594390869e-01
1.000000000000000000e+00,4.462853074073791504e-01
1.000000000000000000e+00,3.896446824073791504e-01
1.000000000000000000e+00,4.493084847927093506e-01
1.000000000000000000e+00,3.998832702636718750e-01
1.000000000000000000e+00,4.008918106555938721e-01
1.000000000000000000e+00,4.215544164180755615e-01
1.000000000000000000e+00,3.646719455718994141e-01
1.000000000000000000e+00,4.006639420986175537e-01
1.000000000000000000e+00,4.953120350837707520e-01
1.000000000000000000e+00,5.200283527374267578e-01
1.000000000000000000e+00,3.826812207698822021e-01
1.000000000000000000e+00,4.840009510517120361e-01
1.000000000000000000e+00,3.599075078964233398e-01
1.000000000000000000e+00,4.273535311222076416e-01
1.000000000000000000e+00,4.421941041946411133e-01
1.000000000000000000e+00,4.202558994293212891e-01
1.000000000000000000e+00,4.195173978805541992e-01
1.000000000000000000e+00,4.386103153228759766e-01
1.000000000000000000e+00,4.293388128280639648e-01
1.000000000000000000e+00,4.142213463783264160e-01
1.000000000000000000e+00,4.073443412780761719e-01
1.000000000000000000e+00,4.471378624439239502e-01
1.000000000000000000e+00,4.187473356723785400e-01
1.000000000000000000e+00,4.211043119430541992e-01
1.000000000000000000e+00,4.112939238548278809e-01
1.000000000000000000e+00,4.046153724193572998e-01
1.000000000000000000e+00,3.313563168048858643e-01
1.000000000000000000e+00,4.425945281982421875e-01
1.000000000000000000e+00,5.462616682052612305e-01
1.000000000000000000e+00,4.468661844730377197e-01
1.000000000000000000e+00,4.146810770034790039e-01
1.000000000000000000e+00,4.281679987907409668e-01
1.000000000000000000e+00,5.093234777450561523e-01
1.000000000000000000e+00,3.634344339370727539e-01
1.000000000000000000e+00,3.834916949272155762e-01
1.000000000000000000e+00,3.735255002975463867e-01
1.000000000000000000e+00,4.557154476642608643e-01
1.000000000000000000e+00,3.813452124595642090e-01
1.000000000000000000e+00,4.648609161376953125e-01
1.000000000000000000e+00,5.311958193778991699e-01
1.000000000000000000e+00,3.118932247161865234e-01
1.000000000000000000e+00,4.904845356941223145e-01
1.000000000000000000e+00,4.783591032028198242e-01
1.000000000000000000e+00,4.316079914569854736e-01
1.000000000000000000e+00,4.623074829578399658e-01
1.000000000000000000e+00,4.277181327342987061e-01
1.000000000000000000e+00,4.266917705535888672e-01
1.000000000000000000e+00,4.113529324531555176e-01
1.000000000000000000e+00,3.776683807373046875e-01
1.000000000000000000e+00,3.860765695571899414e-01
1.000000000000000000e+00,5.113545060157775879e-01
1.000000000000000000e+00,4.344192445278167725e-01
1.000000000000000000e+00,4.077868759632110596e-01
1.000000000000000000e+00,4.463261961936950684e-01
1.000000000000000000e+00,4.566945433616638184e-01
1.000000000000000000e+00,4.394723176956176758e-01
1.000000000000000000e+00,4.867225289344787598e-01
1.000000000000000000e+00,4.063868522644042969e-01
1.000000000000000000e+00,4.085251092910766602e-01
1.000000000000000000e+00,4.873059988021850586e-01
1.000000000000000000e+00,4.063730835914611816e-01
1.000000000000000000e+00,4.696718156337738037e-01
1.000000000000000000e+00,4.302149415016174316e-01
1.000000000000000000e+00,5.654805898666381836e-01
1.000000000000000000e+00,4.423034191131591797e-01
1.000000000000000000e+00,4.141767621040344238e-01
1.000000000000000000e+00,4.258888661861419678e-01
1.000000000000000000e+00,4.633005857467651367e-01
1.000000000000000000e+00,3.959663212299346924e-01
1.000000000000000000e+00,4.257290959358215332e-01
1.000000000000000000e+00,3.769972324371337891e-01
1.000000000000000000e+00,5.196121931076049805e-01
1.000000000000000000e+00,3.992681503295898438e-01
1.000000000000000000e+00,4.794633090496063232e-01
1.000000000000000000e+00,4.616078138351440430e-01
1.000000000000000000e+00,4.356335699558258057e-01
1.000000000000000000e+00,5.048362016677856445e-01
1.000000000000000000e+00,4.527212381362915039e-01
1.000000000000000000e+00,4.789477586746215820e-01
1.000000000000000000e+00,4.670505523681640625e-01
1.000000000000000000e+00,4.814920425415039062e-01
1.000000000000000000e+00,5.158053040504455566e-01
1.000000000000000000e+00,4.457213282585144043e-01
1.000000000000000000e+00,4.333106279373168945e-01
1.000000000000000000e+00,3.907806277275085449e-01
1.000000000000000000e+00,3.827124238014221191e-01
1.000000000000000000e+00,4.208450317382812500e-01
1.000000000000000000e+00,4.036292433738708496e-01
1.000000000000000000e+00,4.644165635108947754e-01
1.000000000000000000e+00,3.917811512947082520e-01
1.000000000000000000e+00,3.461641967296600342e-01
1.000000000000000000e+00,4.561306536197662354e-01
1.000000000000000000e+00,4.918305873870849609e-01
1.000000000000000000e+00,3.929730653762817383e-01
1.000000000000000000e+00,4.163241088390350342e-01
1.000000000000000000e+00,4.188036322593688965e-01
1.000000000000000000e+00,3.954841494560241699e-01
1.000000000000000000e+00,4.249415695667266846e-01
1.000000000000000000e+00,4.815632104873657227e-01
1.000000000000000000e+00,4.687219560146331787e-01
1.000000000000000000e+00,4.281471967697143555e-01
1.000000000000000000e+00,4.540147781372070312e-01
1.000000000000000000e+00,4.387828111648559570e-01
1.000000000000000000e+00,4.571230411529541016e-01
1.000000000000000000e+00,3.636569082736968994e-01
1.000000000000000000e+00,4.245499074459075928e-01
1.000000000000000000e+00,4.237684011459350586e-01
1.000000000000000000e+00,4.128474891185760498e-01
1.000000000000000000e+00,4.069349467754364014e-01
1.000000000000000000e+00,4.338723421096801758e-01
1.000000000000000000e+00,4.344910085201263428e-01
1.000000000000000000e+00,4.527297019958496094e-01
1.000000000000000000e+00,3.574777245521545410e-01
1.000000000000000000e+00,4.387351572513580322e-01
1.000000000000000000e+00,4.375141561031341553e-01
1.000000000000000000e+00,4.048038125038146973e-01
1.000000000000000000e+00,4.026444554328918457e-01
1.000000000000000000e+00,5.229340195655822754e-01
1.000000000000000000e+00,5.326182246208190918e-01
1.000000000000000000e+00,4.671797156333923340e-01
1.000000000000000000e+00,4.771263897418975830e-01
1.000000000000000000e+00,4.007045626640319824e-01
1.000000000000000000e+00,4.275454282760620117e-01
1.000000000000000000e+00,4.204829931259155273e-01
1.000000000000000000e+00,4.111142754554748535e-01
1.000000000000000000e+00,4.149955809116363525e-01
1.000000000000000000e+00,3.879992365837097168e-01
1.000000000000000000e+00,3.843864202499389648e-01
1.000000000000000000e+00,4.101290404796600342e-01
1.000000000000000000e+00,4.319043159484863281e-01
1.000000000000000000e+00,4.423739910125732422e-01
1.000000000000000000e+00,3.845738768577575684e-01
1.000000000000000000e+00,4.469529390335083008e-01
1.000000000000000000e+00,4.405922293663024902e-01
1.000000000000000000e+00,4.150268435478210449e-01
1.000000000000000000e+00,4.376938939094543457e-01
1.000000000000000000e+00,4.326776266098022461e-01
1.000000000000000000e+00,4.288674592971801758e-01
1.000000000000000000e+00,5.668038129806518555e-01
1.000000000000000000e+00,4.681690335273742676e-01
1.000000000000000000e+00,4.445464611053466797e-01
1.000000000000000000e+00,4.575343132019042969e-01
1.000000000000000000e+00,3.592714071273803711e-01
1.000000000000000000e+00,3.939410150051116943e-01
1.000000000000000000e+00,3.905424773693084717e-01
1.000000000000000000e+00,4.804564714431762695e-01
1.000000000000000000e+00,4.712776839733123779e-01
1.000000000000000000e+00,4.769644439220428467e-01
1.000000000000000000e+00,4.369318187236785889e-01
1.000000000000000000e+00,3.336793780326843262e-01
1.000000000000000000e+00,3.460248410701751709e-01
1.000000000000000000e+00,4.463475644588470459e-01
1.000000000000000000e+00,4.208647906780242920e-01
1.000000000000000000e+00,4.879029989242553711e-01
1.000000000000000000e+00,4.311817586421966553e-01
1.000000000000000000e+00,4.796961843967437744e-01
1.000000000000000000e+00,4.021285176277160645e-01
1.000000000000000000e+00,4.034218788146972656e-01
1.000000000000000000e+00,4.154573976993560791e-01
1.000000000000000000e+00,3.765292763710021973e-01
1.000000000000000000e+00,4.015071690082550049e-01
1.000000000000000000e+00,4.570870697498321533e-01
1.000000000000000000e+00,4.747032523155212402e-01
1.000000000000000000e+00,4.246227443218231201e-01
1.000000000000000000e+00,5.032979846000671387e-01
1.000000000000000000e+00,4.432120919227600098e-01
1.000000000000000000e+00,5.028756856918334961e-01
1.000000000000000000e+00,5.007282495498657227e-01
1.000000000000000000e+00,4.058102965354919434e-01
1.000000000000000000e+00,4.636089205741882324e-01
1.000000000000000000e+00,4.487707912921905518e-01
1.000000000000000000e+00,3.876057267189025879e-01
1.000000000000000000e+00,4.345251619815826416e-01
1.000000000000000000e+00,4.529598653316497803e-01
1.000000000000000000e+00,4.441763758659362793e-01
1.000000000000000000e+00,4.189649224281311035e-01
1.000000000000000000e+00,3.891907632350921631e-01
1.000000000000000000e+00,4.218748509883880615e-01
1.000000000000000000e+00,4.557540118694305420e-01
1.000000000000000000e+00,4.720738232135772705e-01
1.000000000000000000e+00,4.600216746330261230e-01
1.000000000000000000e+00,3.666047155857086182e-01
1.000000000000000000e+00,5.420756340026855469e-01
1.000000000000000000e+00,4.556249082088470459e-01
1.000000000000000000e+00,5.326526761054992676e-01
1.000000000000000000e+00,4.574807584285736084e-01
1.000000000000000000e+00,4.186123609542846680e-01
1.000000000000000000e+00,4.491140544414520264e-01
1.000000000000000000e+00,4.918552637100219727e-01
1.000000000000000000e+00,4.478070437908172607e-01
1.000000000000000000e+00,4.901360869407653809e-01
1.000000000000000000e+00,4.472028017044067383e-01
1.000000000000000000e+00,4.724852740764617920e-01
1.000000000000000000e+00,3.952130675315856934e-01
1.000000000000000000e+00,4.222204685211181641e-01
1.000000000000000000e+00,3.872183561325073242e-01
1.000000000000000000e+00,3.693237304687500000e-01
1.000000000000000000e+00,3.982441425323486328e-01
1.000000000000000000e+00,4.258434176445007324e-01
1.000000000000000000e+00,4.119330048561096191e-01
1.000000000000000000e+00,3.657374083995819092e-01
1.000000000000000000e+00,4.317860007286071777e-01
1.000000000000000000e+00,4.622951447963714600e-01
1.000000000000000000e+00,4.331911802291870117e-01
1.000000000000000000e+00,3.656601309776306152e-01
1.000000000000000000e+00,4.504515826702117920e-01
1.000000000000000000e+00,4.760722517967224121e-01
1.000000000000000000e+00,4.386904537677764893e-01
1.000000000000000000e+00,4.567015767097473145e-01
1.000000000000000000e+00,4.399002194404602051e-01
1.000000000000000000e+00,4.297758936882019043e-01
1.000000000000000000e+00,3.732033371925354004e-01
1.000000000000000000e+00,4.536074399948120117e-01
1.000000000000000000e+00,4.835237264633178711e-01
1.000000000000000000e+00,4.040241837501525879e-01
1.000000000000000000e+00,4.088744819164276123e-01
1.000000000000000000e+00,4.179108142852783203e-01
1.000000000000000000e+00,3.948767483234405518e-01
1.000000000000000000e+00,4.607373476028442383e-01
1.000000000000000000e+00,3.258408904075622559e-01
1.000000000000000000e+00,4.648643732070922852e-01
1.000000000000000000e+00,4.880477786064147949e-01
1.000000000000000000e+00,4.170954823493957520e-01
1.000000000000000000e+00,5.612599253654479980e-01
1.000000000000000000e+00,4.698557555675506592e-01
1.000000000000000000e+00,4.779395759105682373e-01
1.000000000000000000e+00,4.261781573295593262e-01
1.000000000000000000e+00,4.478890001773834229e-01
1.000000000000000000e+00,3.639134168624877930e-01
1.000000000000000000e+00,4.151718020439147949e-01
1.000000000000000000e+00,4.397505223751068115e-01
1.000000000000000000e+00,4.972084164619445801e-01
1.000000000000000000e+00,4.549553394317626953e-01
1.000000000000000000e+00,4.384205341339111328e-01
1.000000000000000000e+00,4.465835094451904297e-01
1.000000000000000000e+00,3.703626394271850586e-01
1.000000000000000000e+00,4.528360366821289062e-01
1.000000000000000000e+00,4.131493568420410156e-01
1.000000000000000000e+00,4.753578305244445801e-01
1.000000000000000000e+00,3.948822319507598877e-01
1.000000000000000000e+00,4.023922085762023926e-01
1.000000000000000000e+00,4.684910774230957031e-01
1.000000000000000000e+00,4.082536399364471436e-01
1.000000000000000000e+00,3.910883665084838867e-01
1.000000000000000000e+00,4.220734238624572754e-01
1.000000000000000000e+00,3.780559301376342773e-01
1.000000000000000000e+00,4.465594291687011719e-01
1.000000000000000000e+00,3.818129897117614746e-01
1.000000000000000000e+00,3.643384277820587158e-01
1.000000000000000000e+00,4.887031912803649902e-01
1.000000000000000000e+00,4.313446283340454102e-01
1.000000000000000000e+00,4.289289712905883789e-01
1.000000000000000000e+00,4.555076956748962402e-01
1.000000000000000000e+00,4.481026530265808105e-01
1.000000000000000000e+00,3.259410858154296875e-01
1.000000000000000000e+00,4.056091308593750000e-01
1.000000000000000000e+00,4.053523540496826172e-01
1.000000000000000000e+00,4.690155684947967529e-01
1.000000000000000000e+00,4.565898180007934570e-01
1.000000000000000000e+00,5.195932984352111816e-01
1.000000000000000000e+00,4.945932030677795410e-01
1.000000000000000000e+00,3.586651980876922607e-01
1.000000000000000000e+00,4.112792313098907471e-01
1.000000000000000000e+00,5.297734141349792480e-01
1.000000000000000000e+00,3.928438127040863037e-01
1.000000000000000000e+00,4.329832196235656738e-01
1.000000000000000000e+00,4.372598528861999512e-01
1.000000000000000000e+00,4.470437169075012207e-01
1.000000000000000000e+00,3.883970677852630615e-01
1.000000000000000000e+00,4.074974656105041504e-01
1.000000000000000000e+00,4.550374746322631836e-01
1.000000000000000000e+00,4.479408562183380127e-01
1.000000000000000000e+00,5.439807176589965820e-01
1.000000000000000000e+00,4.697984158992767334e-01
1.000000000000000000e+00,5.001007318496704102e-01
1.000000000000000000e+00,4.427144825458526611e-01
1.000000000000000000e+00,4.442209601402282715e-01
1.000000000000000000e+00,4.854944944381713867e-01
1.000000000000000000e+00,4.606413841247558594e-01
1.000000000000000000e+00,4.567699432373046875e-01
1.000000000000000000e+00,4.882244467735290527e-01
1.000000000000000000e+00,3.931648135185241699e-01
1.000000000000000000e+00,5.584952831268310547e-01
1.000000000000000000e+00,4.526861310005187988e-01
1.000000000000000000e+00,4.588449001312255859e-01
1.000000000000000000e+00,4.622759819030761719e-01
1.000000000000000000e+00,4.705606997013092041e-01
1.000000000000000000e+00,4.955319464206695557e-01
1.000000000000000000e+00,4.995021820068359375e-01
1.000000000000000000e+00,4.367015361785888672e-01
1.000000000000000000e+00,4.987917840480804443e-01
1.000000000000000000e+00,4.548471570014953613e-01
1.000000000000000000e+00,4.186568856239318848e-01
1.000000000000000000e+00,3.783233165740966797e-01
1.000000000000000000e+00,4.838719964027404785e-01
1.000000000000000000e+00,4.346104264259338379e-01
1.000000000000000000e+00,4.469244480133056641e-01
1.000000000000000000e+00,5.129645466804504395e-01
1.000000000000000000e+00,3.657233715057373047e-01
1.000000000000000000e+00,3.991760611534118652e-01
1.000000000000000000e+00,4.174416959285736084e-01
1.000000000000000000e+00,4.515853822231292725e-01
1.000000000000000000e+00,3.318593502044677734e-01
1.000000000000000000e+00,5.334035158157348633e-01
1.000000000000000000e+00,4.458912312984466553e-01
1.000000000000000000e+00,4.269465804100036621e-01
1.000000000000000000e+00,5.320566296577453613e-01
1.000000000000000000e+00,3.707860410213470459e-01
1.000000000000000000e+00,5.445437431335449219e-01
1.000000000000000000e+00,4.762242436408996582e-01
1.000000000000000000e+00,4.176280498504638672e-01
1.000000000000000000e+00,4.485636055469512939e-01
1.000000000000000000e+00,3.453800678253173828e-01
1.000000000000000000e+00,4.575254619121551514e-01
1.000000000000000000e+00,4.438411891460418701e-01
1.000000000000000000e+00,4.753375053405761719e-01
1.000000000000000000e+00,4.156958758831024170e-01
1.000000000000000000e+00,4.212875068187713623e-01
1.000000000000000000e+00,5.008882284164428711e-01
1.000000000000000000e+00,4.521677792072296143e-01
1.000000000000000000e+00,4.072278738021850586e-01
1.000000000000000000e+00,4.229845404624938965e-01
1.000000000000000000e+00,3.809363842010498047e-01
1.000000000000000000e+00,3.827562928199768066e-01
1.000000000000000000e+00,4.520474374294281006e-01
1.000000000000000000e+00,4.197787642478942871e-01
1.000000000000000000e+00,3.306891322135925293e-01
1.000000000000000000e+00,3.946383595466613770e-01
1.000000000000000000e+00,4.087525308132171631e-01
1.000000000000000000e+00,4.837701022624969482e-01
1.000000000000000000e+00,4.662083387374877930e-01
1.000000000000000000e+00,3.934174776077270508e-01
1.000000000000000000e+00,4.071108400821685791e-01
1.000000000000000000e+00,4.289820194244384766e-01
1.000000000000000000e+00,4.496156573295593262e-01
1.000000000000000000e+00,3.509554266929626465e-01
1.000000000000000000e+00,4.595182538032531738e-01
1.000000000000000000e+00,3.926598727703094482e-01
1.000000000000000000e+00,3.962643146514892578e-01
1.000000000000000000e+00,5.250279903411865234e-01
1.000000000000000000e+00,4.357764422893524170e-01
1.000000000000000000e+00,4.345772266387939453e-01
1.000000000000000000e+00,4.429961442947387695e-01
1.000000000000000000e+00,4.320199489593505859e-01
1.000000000000000000e+00,3.960540592670440674e-01
1.000000000000000000e+00,4.471638202667236328e-01
1.000000000000000000e+00,4.652101397514343262e-01
1.000000000000000000e+00,3.721215128898620605e-01
1.000000000000000000e+00,4.365327060222625732e-01
1.000000000000000000e+00,3.833217620849609375e-01
1.000000000000000000e+00,4.255379438400268555e-01
1.000000000000000000e+00,4.610818028450012207e-01
1.000000000000000000e+00,4.708685278892517090e-01
1.000000000000000000e+00,4.584217667579650879e-01
1.000000000000000000e+00,3.643605113029479980e-01
1.000000000000000000e+00,4.236765503883361816e-01
1.000000000000000000e+00,3.559766709804534912e-01
1.000000000000000000e+00,4.484265446662902832e-01
1.000000000000000000e+00,3.894864618778228760e-01
1.000000000000000000e+00,4.390918016433715820e-01
1.000000000000000000e+00,4.201677441596984863e-01
1.000000000000000000e+00,4.267157912254333496e-01
1.000000000000000000e+00,5.626492500305175781e-01
1.000000000000000000e+00,4.027716517448425293e-01
1.000000000000000000e+00,3.919926285743713379e-01
1.000000000000000000e+00,4.028921425342559814e-01
1.000000000000000000e+00,3.990490436553955078e-01
1.000000000000000000e+00,4.296484589576721191e-01
1.000000000000000000e+00,4.340393245220184326e-01
1.000000000000000000e+00,4.457489252090454102e-01
1.000000000000000000e+00,4.513736069202423096e-01
1.000000000000000000e+00,3.770943284034729004e-01
1.000000000000000000e+00,4.292486906051635742e-01
1.000000000000000000e+00,4.105949103832244873e-01
1.000000000000000000e+00,4.720261693000793457e-01
1.000000000000000000e+00,5.184556841850280762e-01
1.000000000000000000e+00,4.000413119792938232e-01
1.000000000000000000e+00,4.138875603675842285e-01
1.000000000000000000e+00,3.987551629543304443e-01
1.000000000000000000e+00,3.774008154869079590e-01
1.000000000000000000e+00,4.172141551971435547e-01
1.000000000000000000e+00,4.507704675197601318e-01
1.000000000000000000e+00,4.391353130340576172e-01
1.000000000000000000e+00,4.143567681312561035e-01
1.000000000000000000e+00,3.917819857597351074e-01
1.000000000000000000e+00,4.062561392784118652e-01
1.000000000000000000e+00,3.723773360252380371e-01
1.000000000000000000e+00,3.838840425014495850e-01
1.000000000000000000e+00,4.863654971122741699e-01
1.000000000000000000e+00,3.933318257331848145e-01
1.000000000000000000e+00,3.889003396034240723e-01
1.000000000000000000e+00,4.531027674674987793e-01
1.000000000000000000e+00,3.481567502021789551e-01
1.000000000000000000e+00,4.374014139175415039e-01
1.000000000000000000e+00,4.653146862983703613e-01
1.000000000000000000e+00,4.109394550323486328e-01
1.000000000000000000e+00,4.686696529388427734e-01
1.000000000000000000e+00,3.808781802654266357e-01
1.000000000000000000e+00,4.209684431552886963e-01
1.000000000000000000e+00,4.325537681579589844e-01
1.000000000000000000e+00,4.005093872547149658e-01
1.000000000000000000e+00,4.178195595741271973e-01
1.000000000000000000e+00,4.261612594127655029e-01
1.000000000000000000e+00,3.914891481399536133e-01
1.000000000000000000e+00,4.113582372665405273e-01
1.000000000000000000e+00,4.062739312648773193e-01
1.000000000000000000e+00,4.473411440849304199e-01
1.000000000000000000e+00,4.580743312835693359e-01
1.000000000000000000e+00,3.444564044475555420e-01
1.000000000000000000e+00,4.199679493904113770e-01
1.000000000000000000e+00,4.201625585556030273e-01
1.000000000000000000e+00,4.107584357261657715e-01
1.000000000000000000e+00,4.296578764915466309e-01
1.000000000000000000e+00,4.660176038742065430e-01
1.000000000000000000e+00,5.227342247962951660e-01
1.000000000000000000e+00,4.374403357505798340e-01
1.000000000000000000e+00,5.226101279258728027e-01
1.000000000000000000e+00,4.492389261722564697e-01
1.000000000000000000e+00,3.582946360111236572e-01
1.000000000000000000e+00,5.094046592712402344e-01
1.000000000000000000e+00,4.468415081501007080e-01
1.000000000000000000e+00,4.355539679527282715e-01
1.000000000000000000e+00,4.203669428825378418e-01
1.000000000000000000e+00,3.575641810894012451e-01
1.000000000000000000e+00,3.544726967811584473e-01
1.000000000000000000e+00,4.338648617267608643e-01
1.000000000000000000e+00,4.195159077644348145e-01
1.000000000000000000e+00,4.787006378173828125e-01
1.000000000000000000e+00,4.639163017272949219e-01
1.000000000000000000e+00,4.962685108184814453e-01
1.000000000000000000e+00,5.270386338233947754e-01
1.000000000000000000e+00,3.748923838138580322e-01
1.000000000000000000e+00,3.500252068042755127e-01
1.000000000000000000e+00,4.161072373390197754e-01
1.000000000000000000e+00,4.285810589790344238e-01
1.000000000000000000e+00,4.366934895515441895e-01
1.000000000000000000e+00,4.444955587387084961e-01
1.000000000000000000e+00,4.247821271419525146e-01
1.000000000000000000e+00,3.772575259208679199e-01
1.000000000000000000e+00,4.856550395488739014e-01
1.000000000000000000e+00,4.307801425457000732e-01
1.000000000000000000e+00,4.201501011848449707e-01
1.000000000000000000e+00,4.278563857078552246e-01
1.000000000000000000e+00,3.685476183891296387e-01
1.000000000000000000e+00,4.053279757499694824e-01
1.000000000000000000e+00,3.811249732971191406e-01
1.000000000000000000e+00,4.347602725028991699e-01
1.000000000000000000e+00,5.516553521156311035e-01
1.000000000000000000e+00,4.204131960868835449e-01
1.000000000000000000e+00,5.274868011474609375e-01
1.000000000000000000e+00,4.483034908771514893e-01
1.000000000000000000e+00,4.744686782360076904e-01
1.000000000000000000e+00,4.321188628673553467e-01
1.000000000000000000e+00,4.690869748592376709e-01
1.000000000000000000e+00,4.363220930099487305e-01
1.000000000000000000e+00,4.230086803436279297e-01
1.000000000000000000e+00,3.451386690139770508e-01
1.000000000000000000e+00,4.881863594055175781e-01
1.000000000000000000e+00,3.837650716304779053e-01
1.000000000000000000e+00,3.927010893821716309e-01
1.000000000000000000e+00,3.748397827148437500e-01
1.000000000000000000e+00,4.547541737556457520e-01
1.000000000000000000e+00,4.198251962661743164e-01
1.000000000000000000e+00,3.768977224826812744e-01
1.000000000000000000e+00,4.074668586254119873e-01
1.000000000000000000e+00,3.835295438766479492e-01
1.000000000000000000e+00,4.083856344223022461e-01
1.000000000000000000e+00,4.412401318550109863e-01
1.000000000000000000e+00,4.052979350090026855e-01
1.000000000000000000e+00,5.305416584014892578e-01
1.000000000000000000e+00,4.073543548583984375e-01
1.000000000000000000e+00,4.375718832015991211e-01
1.000000000000000000e+00,5.092546939849853516e-01
1.000000000000000000e+00,4.035112857818603516e-01
1.000000000000000000e+00,4.941953420639038086e-01
1.000000000000000000e+00,4.494831860065460205e-01
1.000000000000000000e+00,3.998165428638458252e-01
1.000000000000000000e+00,5.154876708984375000e-01
1.000000000000000000e+00,4.164856970310211182e-01
1.000000000000000000e+00,5.001876354217529297e-01
1.000000000000000000e+00,4.533867835998535156e-01
1.000000000000000000e+00,4.599991440773010254e-01
1.000000000000000000e+00,4.482840597629547119e-01
1.000000000000000000e+00,3.558270931243896484e-01
1.000000000000000000e+00,4.332804381847381592e-01
1.000000000000000000e+00,4.025439023971557617e-01
1.000000000000000000e+00,4.363418817520141602e-01
1.000000000000000000e+00,4.688901603221893311e-01
1.000000000000000000e+00,4.537327289581298828e-01
1.000000000000000000e+00,4.677866101264953613e-01
1.000000000000000000e+00,4.154119491577148438e-01
1.000000000000000000e+00,4.146290421485900879e-01
1.000000000000000000e+00,3.946625590324401855e-01
1.000000000000000000e+00,3.762004971504211426e-01
1.000000000000000000e+00,3.501970767974853516e-01
1.000000000000000000e+00,3.874552547931671143e-01
1.000000000000000000e+00,3.549060821533203125e-01
1.000000000000000000e+00,5.906324982643127441e-01
1.000000000000000000e+00,3.451959490776062012e-01
1.000000000000000000e+00,3.862588703632354736e-01
1.000000000000000000e+00,4.602594673633575439e-01
1.000000000000000000e+00,3.534247279167175293e-01
1.000000000000000000e+00,4.521466493606567383e-01
1.000000000000000000e+00,4.005118012428283691e-01
1.000000000000000000e+00,5.211858749389648438e-01
1.000000000000000000e+00,4.437918365001678467e-01
1.000000000000000000e+00,4.743349552154541016e-01
1.000000000000000000e+00,4.472962021827697754e-01
1.000000000000000000e+00,4.013935625553131104e-01
1.000000000000000000e+00,4.476638436317443848e-01
1.000000000000000000e+00,4.189049303531646729e-01
1.000000000000000000e+00,4.840469956398010254e-01
1.000000000000000000e+00,4.609876275062561035e-01
1.000000000000000000e+00,4.679778218269348145e-01
1.000000000000000000e+00,3.909319043159484863e-01
1.000000000000000000e+00,4.168076217174530029e-01
1.000000000000000000e+00,4.160793423652648926e-01
1.000000000000000000e+00,4.562015831470489502e-01
1.000000000000000000e+00,3.974233865737915039e-01
1.000000000000000000e+00,4.885314106941223145e-01
1.000000000000000000e+00,4.489017426967620850e-01
1.000000000000000000e+00,4.373157620429992676e-01
1.000000000000000000e+00,4.352993965148925781e-01
1.000000000000000000e+00,4.434610605239868164e-01
1.000000000000000000e+00,3.564527630805969238e-01
1.000000000000000000e+00,5.386418104171752930e-01
1.000000000000000000e+00,3.924790024757385254e-01
1.000000000000000000e+00,4.234470129013061523e-01
1.000000000000000000e+00,3.927116394042968750e-01
1.000000000000000000e+00,3.639805018901824951e-01
1.000000000000000000e+00,3.927058577537536621e-01
1.000000000000000000e+00,4.410155117511749268e-01
1.000000000000000000e+00,4.809348583221435547e-01
1.000000000000000000e+00,4.461232125759124756e-01
1.000000000000000000e+00,4.746533632278442383e-01
1.000000000000000000e+00,5.457034111022949219e-01
1.000000000000000000e+00,4.447673261165618896e-01
1.000000000000000000e+00,4.875745177268981934e-01
1.000000000000000000e+00,4.274449646472930908e-01
1.000000000000000000e+00,3.884451985359191895e-01
1.000000000000000000e+00,4.221398234367370605e-01
1.000000000000000000e+00,3.641259074211120605e-01
1.000000000000000000e+00,4.045321941375732422e-01
1.000000000000000000e+00,3.793815672397613525e-01
1.000000000000000000e+00,4.435769915580749512e-01
1.000000000000000000e+00,4.551214575767517090e-01
1.000000000000000000e+00,4.575589001178741455e-01
1.000000000000000000e+00,4.495047330856323242e-01
1.000000000000000000e+00,4.459893107414245605e-01
1.000000000000000000e+00,3.433696031570434570e-01
1.000000000000000000e+00,4.536840319633483887e-01
1.000000000000000000e+00,4.877377748489379883e-01
1.000000000000000000e+00,5.218685269355773926e-01
1.000000000000000000e+00,4.762167334556579590e-01
1.000000000000000000e+00,4.517843127250671387e-01
1.000000000000000000e+00,4.437145292758941650e-01
1.000000000000000000e+00,4.276789128780364990e-01
1.000000000000000000e+00,4.323775768280029297e-01
1.000000000000000000e+00,5.175849795341491699e-01
1.000000000000000000e+00,5.258250832557678223e-01
1.000000000000000000e+00,4.027770757675170898e-01
1.000000000000000000e+00,4.239504337310791016e-01
1.000000000000000000e+00,4.324320554733276367e-01
1.000000000000000000e+00,3.943277001380920410e-01
1.000000000000000000e+00,4.438869655132293701e-01
1.000000000000000000e+00,3.385078907012939453e-01
1.000000000000000000e+00,4.678827822208404541e-01
1.000000000000000000e+00,4.576168358325958252e-01
1.000000000000000000e+00,4.219943284988403320e-01
1.000000000000000000e+00,5.047338008880615234e-01
1.000000000000000000e+00,4.724830985069274902e-01
1.000000000000000000e+00,3.879333138465881348e-01
1.000000000000000000e+00,4.654521942138671875e-01
1.000000000000000000e+00,4.263761937618255615e-01
1.000000000000000000e+00,4.903099536895751953e-01
1.000000000000000000e+00,3.698768019676208496e-01
1.000000000000000000e+00,3.670778274536132812e-01
1.000000000000000000e+00,4.104252457618713379e-01
1.000000000000000000e+00,3.961326479911804199e-01
1.000000000000000000e+00,4.130682945251464844e-01
1.000000000000000000e+00,4.049657881259918213e-01
1.000000000000000000e+00,3.970550894737243652e-01
1.000000000000000000e+00,4.681501686573028564e-01
1.000000000000000000e+00,3.897134065628051758e-01
1.000000000000000000e+00,4.515651464462280273e-01
1.000000000000000000e+00,4.687323868274688721e-01
1.000000000000000000e+00,3.084878325462341309e-01
1.000000000000000000e+00,4.215942323207855225e-01
1.000000000000000000e+00,4.467125535011291504e-01
1.000000000000000000e+00,4.381064176559448242e-01
1.000000000000000000e+00,4.110965728759765625e-01
1.000000000000000000e+00,3.823342323303222656e-01
1.000000000000000000e+00,3.981703221797943115e-01
1.000000000000000000e+00,3.652347326278686523e-01
1.000000000000000000e+00,5.128539204597473145e-01
1.000000000000000000e+00,4.637171030044555664e-01
1.000000000000000000e+00,3.458275794982910156e-01
1.000000000000000000e+00,4.664430022239685059e-01
1.000000000000000000e+00,4.303113222122192383e-01
1.000000000000000000e+00,3.805953264236450195e-01
1.000000000000000000e+00,4.543474316596984863e-01
1.000000000000000000e+00,4.017083644866943359e-01
1.000000000000000000e+00,4.396901130676269531e-01
1.000000000000000000e+00,4.871415793895721436e-01
1.000000000000000000e+00,4.217798113822937012e-01
1.000000000000000000e+00,5.808795690536499023e-01
1.000000000000000000e+00,4.472734332084655762e-01
1.000000000000000000e+00,5.272966623306274414e-01
1.000000000000000000e+00,4.380699992179870605e-01
1.000000000000000000e+00,4.566042125225067139e-01
1.000000000000000000e+00,4.174040555953979492e-01
1.000000000000000000e+00,4.724076390266418457e-01
1.000000000000000000e+00,4.396101236343383789e-01
1.000000000000000000e+00,3.726911246776580811e-01
1.000000000000000000e+00,4.835351705551147461e-01
1.000000000000000000e+00,4.752310216426849365e-01
1.000000000000000000e+00,4.665410220623016357e-01
1.000000000000000000e+00,4.782057404518127441e-01
1.000000000000000000e+00,4.380106925964355469e-01
1.000000000000000000e+00,5.279217362403869629e-01
1.000000000000000000e+00,4.763478636741638184e-01
1.000000000000000000e+00,4.747716784477233887e-01
1.000000000000000000e+00,4.491611123085021973e-01
1.000000000000000000e+00,4.263766109943389893e-01
1.000000000000000000e+00,4.595587253570556641e-01
1.000000000000000000e+00,5.402288436889648438e-01
1.000000000000000000e+00,4.449008405208587646e-01
1.000000000000000000e+00,5.076501369476318359e-01
1.000000000000000000e+00,6.465493440628051758e-01
1.000000000000000000e+00,4.019029736518859863e-01
1.000000000000000000e+00,4.061799645423889160e-01
1.000000000000000000e+00,3.648407459259033203e-01
1.000000000000000000e+00,4.462650418281555176e-01
1.000000000000000000e+00,4.290637373924255371e-01
1.000000000000000000e+00,4.601469635963439941e-01
1.000000000000000000e+00,3.766363859176635742e-01
1.000000000000000000e+00,4.979752302169799805e-01
1.000000000000000000e+00,3.714021742343902588e-01
1.000000000000000000e+00,3.925940990447998047e-01
1.000000000000000000e+00,4.568167328834533691e-01
1.000000000000000000e+00,3.908640444278717041e-01
1.000000000000000000e+00,4.684145450592041016e-01
1.000000000000000000e+00,3.276023566722869873e-01
1.000000000000000000e+00,3.984775543212890625e-01
1.000000000000000000e+00,4.259131252765655518e-01
1.000000000000000000e+00,3.421669900417327881e-01
1.000000000000000000e+00,3.825459778308868408e-01
1.000000000000000000e+00,4.759169816970825195e-01
1.000000000000000000e+00,3.971182703971862793e-01
1.000000000000000000e+00,3.831837177276611328e-01
1.000000000000000000e+00,3.833382725715637207e-01
1.000000000000000000e+00,3.242244720458984375e-01
1.000000000000000000e+00,3.750109672546386719e-01
1.000000000000000000e+00,3.664825856685638428e-01
1.000000000000000000e+00,3.677798509597778320e-01
1.000000000000000000e+00,4.898104667663574219e-01
1.000000000000000000e+00,3.735218048095703125e-01
1.000000000000000000e+00,5.032230019569396973e-01
1.000000000000000000e+00,4.216805696487426758e-01
1.000000000000000000e+00,3.763690590858459473e-01
1.000000000000000000e+00,3.476479947566986084e-01
1.000000000000000000e+00,4.939450323581695557e-01
1.000000000000000000e+00,5.231365561485290527e-01
1.000000000000000000e+00,3.270828127861022949e-01
1.000000000000000000e+00,4.864332973957061768e-01
1.000000000000000000e+00,4.973478913307189941e-01
1.000000000000000000e+00,4.407157897949218750e-01
1.000000000000000000e+00,4.283388257026672363e-01
1.000000000000000000e+00,4.083845615386962891e-01
1.000000000000000000e+00,4.784143269062042236e-01
1.000000000000000000e+00,4.061268568038940430e-01
1.000000000000000000e+00,3.477325737476348877e-01
1.000000000000000000e+00,4.730934500694274902e-01
1.000000000000000000e+00,4.785585999488830566e-01
1.000000000000000000e+00,4.058827757835388184e-01
1.000000000000000000e+00,4.519061446189880371e-01
1.000000000000000000e+00,3.859126865863800049e-01
1.000000000000000000e+00,4.541114568710327148e-01
1.000000000000000000e+00,5.063205957412719727e-01
1.000000000000000000e+00,4.411548972129821777e-01
1.000000000000000000e+00,5.195918083190917969e-01
1.000000000000000000e+00,3.981905579566955566e-01
1.000000000000000000e+00,3.431800305843353271e-01
1.000000000000000000e+00,4.019968211650848389e-01
1.000000000000000000e+00,4.494292140007019043e-01
1.000000000000000000e+00,4.074123203754425049e-01
1.000000000000000000e+00,4.037825465202331543e-01
1.000000000000000000e+00,3.682844936847686768e-01
1.000000000000000000e+00,3.867739439010620117e-01
1.000000000000000000e+00,3.923697471618652344e-01
1.000000000000000000e+00,4.466466307640075684e-01
1.000000000000000000e+00,4.076342880725860596e-01
1.000000000000000000e+00,3.851620256900787354e-01
1.000000000000000000e+00,4.163848459720611572e-01
1.000000000000000000e+00,4.457874298095703125e-01
1.000000000000000000e+00,4.616109430789947510e-01
1.000000000000000000e+00,5.004538893699645996e-01
1.000000000000000000e+00,4.768866598606109619e-01
1.000000000000000000e+00,4.224917292594909668e-01
1.000000000000000000e+00,4.239802062511444092e-01
1.000000000000000000e+00,3.917703628540039062e-01
1.000000000000000000e+00,4.330259263515472412e-01
1.000000000000000000e+00,4.497896730899810791e-01
1.000000000000000000e+00,4.417158067226409912e-01
1.000000000000000000e+00,3.422532081604003906e-01
1.000000000000000000e+00,4.740072488784790039e-01
1.000000000000000000e+00,5.275174379348754883e-01
1.000000000000000000e+00,4.310455024242401123e-01
1.000000000000000000e+00,4.567185044288635254e-01
1.000000000000000000e+00,5.170075297355651855e-01
1.000000000000000000e+00,4.635623097419738770e-01
1.000000000000000000e+00,4.236321747303009033e-01
1.000000000000000000e+00,4.509363770484924316e-01
1.000000000000000000e+00,4.684651494026184082e-01
1.000000000000000000e+00,4.815477430820465088e-01
1.000000000000000000e+00,4.736950695514678955e-01
1.000000000000000000e+00,4.404441714286804199e-01
1.000000000000000000e+00,3.942140340805053711e-01
1.000000000000000000e+00,3.754465281963348389e-01
1.000000000000000000e+00,3.946813046932220459e-01
1.000000000000000000e+00,3.951445817947387695e-01
1.000000000000000000e+00,4.602347314357757568e-01
1.000000000000000000e+00,3.964477181434631348e-01
1.000000000000000000e+00,3.554961979389190674e-01
1.000000000000000000e+00,3.715531229972839355e-01
1.000000000000000000e+00,5.583766102790832520e-01
1.000000000000000000e+00,5.360989570617675781e-01
1.000000000000000000e+00,4.361863732337951660e-01
1.000000000000000000e+00,4.174168705940246582e-01
1.000000000000000000e+00,4.101297259330749512e-01
1.000000000000000000e+00,3.579607307910919189e-01
1.000000000000000000e+00,3.642732799053192139e-01
1.000000000000000000e+00,3.842285275459289551e-01
1.000000000000000000e+00,3.739626407623291016e-01
1.000000000000000000e+00,3.905994892120361328e-01
1.000000000000000000e+00,4.111296534538269043e-01
1.000000000000000000e+00,4.641830325126647949e-01
1.000000000000000000e+00,3.839734792709350586e-01
1.000000000000000000e+00,3.581026196479797363e-01
1.000000000000000000e+00,4.127139151096343994e-01
1.000000000000000000e+00,3.740096092224121094e-01
1.000000000000000000e+00,3.906909823417663574e-01
1.000000000000000000e+00,3.771605789661407471e-01
1.000000000000000000e+00,4.559316933155059814e-01
1.000000000000000000e+00,4.052274227142333984e-01
1.000000000000000000e+00,5.128839015960693359e-01
1.000000000000000000e+00,3.565417230129241943e-01
1.000000000000000000e+00,4.330413341522216797e-01
1.000000000000000000e+00,3.954401612281799316e-01
1.000000000000000000e+00,4.344410896301269531e-01
1.000000000000000000e+00,5.000336766242980957e-01
1.000000000000000000e+00,3.379148244857788086e-01
1.000000000000000000e+00,4.001595079898834229e-01
1.000000000000000000e+00,4.058128297328948975e-01
1.000000000000000000e+00,4.219371080398559570e-01
1.000000000000000000e+00,4.555421471595764160e-01
1.000000000000000000e+00,4.281972050666809082e-01
1.000000000000000000e+00,4.091624915599822998e-01
1.000000000000000000e+00,5.245903730392456055e-01
1.000000000000000000e+00,3.650617599487304688e-01
1.000000000000000000e+00,3.903971910476684570e-01
1.000000000000000000e+00,4.660143852233886719e-01
1.000000000000000000e+00,4.616372287273406982e-01
1.000000000000000000e+00,3.986881375312805176e-01
1.000000000000000000e+00,4.579978585243225098e-01
1.000000000000000000e+00,3.824892640113830566e-01
1.000000000000000000e+00,3.953717648983001709e-01
1.000000000000000000e+00,4.047152400016784668e-01
1.000000000000000000e+00,4.344417452812194824e-01
1.000000000000000000e+00,4.039314091205596924e-01
1.000000000000000000e+00,4.069485962390899658e-01
1.000000000000000000e+00,4.286298751831054688e-01
1.000000000000000000e+00,4.693105220794677734e-01
1.000000000000000000e+00,4.672495126724243164e-01
1.000000000000000000e+00,4.626367390155792236e-01
1.000000000000000000e+00,4.384584426879882812e-01
1.000000000000000000e+00,4.208986163139343262e-01
1.000000000000000000e+00,4.435819983482360840e-01
1.000000000000000000e+00,4.046187698841094971e-01
1.000000000000000000e+00,4.757029116153717041e-01
1.000000000000000000e+00,4.485947489738464355e-01
1.000000000000000000e+00,4.578583836555480957e-01
1.000000000000000000e+00,4.444068372249603271e-01
1.000000000000000000e+00,4.596939384937286377e-01
1.000000000000000000e+00,4.779704213142395020e-01
1.000000000000000000e+00,4.493256211280822754e-01
1.000000000000000000e+00,5.051652193069458008e-01
1.000000000000000000e+00,4.707117676734924316e-01
1.000000000000000000e+00,4.603799581527709961e-01
1.000000000000000000e+00,4.283373951911926270e-01
1.000000000000000000e+00,4.145832061767578125e-01
1.000000000000000000e+00,4.476450681686401367e-01
1.000000000000000000e+00,4.248174428939819336e-01
1.000000000000000000e+00,4.294247031211853027e-01
1.000000000000000000e+00,4.820963740348815918e-01
1.000000000000000000e+00,4.065589904785156250e-01
1.000000000000000000e+00,3.775985836982727051e-01
1.000000000000000000e+00,4.788143336772918701e-01
1.000000000000000000e+00,3.756378591060638428e-01
1.000000000000000000e+00,4.801103770732879639e-01
1.000000000000000000e+00,3.416144549846649170e-01
1.000000000000000000e+00,4.132784605026245117e-01
1.000000000000000000e+00,4.602286815643310547e-01
1.000000000000000000e+00,3.959855139255523682e-01
1.000000000000000000e+00,4.858970046043395996e-01
1.000000000000000000e+00,4.473440647125244141e-01
1.000000000000000000e+00,4.524052143096923828e-01
1.000000000000000000e+00,3.956012725830078125e-01
1.000000000000000000e+00,3.944327533245086670e-01
1.000000000000000000e+00,4.530092477798461914e-01
1.000000000000000000e+00,5.005521774291992188e-01
1.000000000000000000e+00,3.765773773193359375e-01
1.000000000000000000e+00,4.087176322937011719e-01
1.000000000000000000e+00,4.055977463722229004e-01
1.000000000000000000e+00,4.827666282653808594e-01
1.000000000000000000e+00,3.837575912475585938e-01
1.000000000000000000e+00,3.935171663761138916e-01
1.000000000000000000e+00,4.613357782363891602e-01
1.000000000000000000e+00,4.553706943988800049e-01
1.000000000000000000e+00,4.894104599952697754e-01
1.000000000000000000e+00,4.319370687007904053e-01
1.000000000000000000e+00,4.214598536491394043e-01
1.000000000000000000e+00,4.806842803955078125e-01
1.000000000000000000e+00,3.907626867294311523e-01
1.000000000000000000e+00,3.935306668281555176e-01
1.000000000000000000e+00,4.332208037376403809e-01
1.000000000000000000e+00,4.038604497909545898e-01
1.000000000000000000e+00,4.240884184837341309e-01
1.000000000000000000e+00,3.985905051231384277e-01
1.000000000000000000e+00,4.081811308860778809e-01
1.000000000000000000e+00,4.166550934314727783e-01
1.000000000000000000e+00,4.393981993198394775e-01
1.000000000000000000e+00,3.840454220771789551e-01
1.000000000000000000e+00,4.277006089687347412e-01
1.000000000000000000e+00,4.614431262016296387e-01
1.000000000000000000e+00,5.152000188827514648e-01
1.000000000000000000e+00,4.727192521095275879e-01
1.000000000000000000e+00,5.005128383636474609e-01
1.000000000000000000e+00,4.894096851348876953e-01
1.000000000000000000e+00,4.386820197105407715e-01
1.000000000000000000e+00,4.311771392822265625e-01
1.000000000000000000e+00,3.986938893795013428e-01
1.000000000000000000e+00,4.556206464767456055e-01
1.000000000000000000e+00,3.764270842075347900e-01
1.000000000000000000e+00,4.674335420131683350e-01
1.000000000000000000e+00,4.790194928646087646e-01
1.000000000000000000e+00,4.576929211616516113e-01
1.000000000000000000e+00,4.888924956321716309e-01
1.000000000000000000e+00,4.623882174491882324e-01
1.000000000000000000e+00,3.796097040176391602e-01
1.000000000000000000e+00,5.515025258064270020e-01
1.000000000000000000e+00,4.482855200767517090e-01
1.000000000000000000e+00,4.231132566928863525e-01
1.000000000000000000e+00,5.071331262588500977e-01
1.000000000000000000e+00,4.176553487777709961e-01
1.000000000000000000e+00,4.065005779266357422e-01
1.000000000000000000e+00,4.437812566757202148e-01
1.000000000000000000e+00,4.610792398452758789e-01
1.000000000000000000e+00,5.621708035469055176e-01
1.000000000000000000e+00,4.107497930526733398e-01
1.000000000000000000e+00,3.732506036758422852e-01
1.000000000000000000e+00,4.620213806629180908e-01
1.000000000000000000e+00,4.872615933418273926e-01
1.000000000000000000e+00,3.417017459869384766e-01
1.000000000000000000e+00,3.788276910781860352e-01
1.000000000000000000e+00,4.353723526000976562e-01
1.000000000000000000e+00,3.938694000244140625e-01
1.000000000000000000e+00,3.999972343444824219e-01
1.000000000000000000e+00,3.432886600494384766e-01
1.000000000000000000e+00,4.575925767421722412e-01
1.000000000000000000e+00,4.010936617851257324e-01
1.000000000000000000e+00,3.838500380516052246e-01
1.000000000000000000e+00,5.212829113006591797e-01
1.000000000000000000e+00,4.107767343521118164e-01
1.000000000000000000e+00,3.916326165199279785e-01
1.000000000000000000e+00,4.161010384559631348e-01
1.000000000000000000e+00,4.359815120697021484e-01
1.000000000000000000e+00,4.998215436935424805e-01
1.000000000000000000e+00,4.520529210567474365e-01
1.000000000000000000e+00,4.821081161499023438e-01
1.000000000000000000e+00,4.767912030220031738e-01
1.000000000000000000e+00,4.735494256019592285e-01
1.000000000000000000e+00,4.099587202072143555e-01
1.000000000000000000e+00,4.070364534854888916e-01
1.000000000000000000e+00,3.981425762176513672e-01
1.000000000000000000e+00,4.829684197902679443e-01
1.000000000000000000e+00,4.715526401996612549e-01
1.000000000000000000e+00,4.245981872081756592e-01
1.000000000000000000e+00,4.684987664222717285e-01
1.000000000000000000e+00,3.899074494838714600e-01
1.000000000000000000e+00,4.227376580238342285e-01
1.000000000000000000e+00,4.583709836006164551e-01
1.000000000000000000e+00,4.506551027297973633e-01
1.000000000000000000e+00,5.592189431190490723e-01
1.000000000000000000e+00,4.406756162643432617e-01
1.000000000000000000e+00,4.059701263904571533e-01
1.000000000000000000e+00,4.115445613861083984e-01
1.000000000000000000e+00,3.842827081680297852e-01
1.000000000000000000e+00,4.493916034698486328e-01
1.000000000000000000e+00,3.848261237144470215e-01
1.000000000000000000e+00,3.705276548862457275e-01
1.000000000000000000e+00,4.478118717670440674e-01
1.000000000000000000e+00,4.273903965950012207e-01
1.000000000000000000e+00,4.317656755447387695e-01
1.000000000000000000e+00,5.122296810150146484e-01
1.000000000000000000e+00,4.885828495025634766e-01
1.000000000000000000e+00,4.197915196418762207e-01
1.000000000000000000e+00,4.067114591598510742e-01
1.000000000000000000e+00,3.948001861572265625e-01
1.000000000000000000e+00,4.677212238311767578e-01
1.000000000000000000e+00,4.469574391841888428e-01
1.000000000000000000e+00,3.705911636352539062e-01
1.000000000000000000e+00,4.717550575733184814e-01
1.000000000000000000e+00,4.295170903205871582e-01
1.000000000000000000e+00,5.350680351257324219e-01
1.000000000000000000e+00,5.304169654846191406e-01
1.000000000000000000e+00,4.837656617164611816e-01
1.000000000000000000e+00,4.378290772438049316e-01
1.000000000000000000e+00,4.535730481147766113e-01
1.000000000000000000e+00,4.829499423503875732e-01
1.000000000000000000e+00,4.624238014221191406e-01
1.000000000000000000e+00,4.748066067695617676e-01
1.000000000000000000e+00,4.749718606472015381e-01
1.000000000000000000e+00,4.603332579135894775e-01
1.000000000000000000e+00,5.027984976768493652e-01
1.000000000000000000e+00,5.474979877471923828e-01
1.000000000000000000e+00,4.015046358108520508e-01
1.000000000000000000e+00,4.045342206954956055e-01
1.000000000000000000e+00,3.819483816623687744e-01
1.000000000000000000e+00,4.049009084701538086e-01
1.000000000000000000e+00,4.738479852676391602e-01
1.000000000000000000e+00,4.082454442977905273e-01
1.000000000000000000e+00,5.372406244277954102e-01
1.000000000000000000e+00,3.630724549293518066e-01
1.000000000000000000e+00,4.094103574752807617e-01
1.000000000000000000e+00,3.900364935398101807e-01
1.000000000000000000e+00,4.743225574493408203e-01
1.000000000000000000e+00,5.023950934410095215e-01
1.000000000000000000e+00,4.280500113964080811e-01
1.000000000000000000e+00,4.496521055698394775e-01
1.000000000000000000e+00,4.256688356399536133e-01
1.000000000000000000e+00,3.996811211109161377e-01
1.000000000000000000e+00,3.851787447929382324e-01
1.000000000000000000e+00,4.669564366340637207e-01
1.000000000000000000e+00,3.967342376708984375e-01
1.000000000000000000e+00,4.054091870784759521e-01
1.000000000000000000e+00,3.946926891803741455e-01
1.000000000000000000e+00,3.799133896827697754e-01
1.000000000000000000e+00,4.203187823295593262e-01
1.000000000000000000e+00,4.025286436080932617e-01
1.000000000000000000e+00,3.910939097404479980e-01
1.000000000000000000e+00,3.620788455009460449e-01
1.000000000000000000e+00,4.178208112716674805e-01
1.000000000000000000e+00,4.032367467880249023e-01
1.000000000000000000e+00,3.864921331405639648e-01
1.000000000000000000e+00,4.362266659736633301e-01
1.000000000000000000e+00,4.903667271137237549e-01
1.000000000000000000e+00,4.609956443309783936e-01
1.000000000000000000e+00,4.253664016723632812e-01
1.000000000000000000e+00,4.088860452175140381e-01
1.000000000000000000e+00,4.657357931137084961e-01
1.000000000000000000e+00,3.678804337978363037e-01
1.000000000000000000e+00,3.888321518898010254e-01
1.000000000000000000e+00,4.031023383140563965e-01
1.000000000000000000e+00,4.476217329502105713e-01
1.000000000000000000e+00,4.973617196083068848e-01
1.000000000000000000e+00,3.332478404045104980e-01
1.000000000000000000e+00,4.647902846336364746e-01
1.000000000000000000e+00,4.004821181297302246e-01
1.000000000000000000e+00,4.379188120365142822e-01
1.000000000000000000e+00,4.705756306648254395e-01
1.000000000000000000e+00,4.487843513488769531e-01
1.000000000000000000e+00,4.555755257606506348e-01
1.000000000000000000e+00,4.070075750350952148e-01
1.000000000000000000e+00,3.866724371910095215e-01
1.000000000000000000e+00,3.872762024402618408e-01
1.000000000000000000e+00,4.293785095214843750e-01
1.000000000000000000e+00,4.397970438003540039e-01
1.000000000000000000e+00,5.166341662406921387e-01
1.000000000000000000e+00,3.976157605648040771e-01
1.000000000000000000e+00,4.085617065429687500e-01
1.000000000000000000e+00,5.220667123794555664e-01
1.000000000000000000e+00,3.709113001823425293e-01
1.000000000000000000e+00,4.105345010757446289e-01
1.000000000000000000e+00,3.771634995937347412e-01
1.000000000000000000e+00,4.199123084545135498e-01
1.000000000000000000e+00,4.815528988838195801e-01
1.000000000000000000e+00,4.011075794696807861e-01
1.000000000000000000e+00,4.364680647850036621e-01
1.000000000000000000e+00,5.018345713615417480e-01
1.000000000000000000e+00,4.389382004737854004e-01
1.000000000000000000e+00,4.846383929252624512e-01
1.000000000000000000e+00,4.679761528968811035e-01
1.000000000000000000e+00,4.329572319984436035e-01
1.000000000000000000e+00,3.792496919631958008e-01
1.000000000000000000e+00,4.040998518466949463e-01
1.000000000000000000e+00,4.056557416915893555e-01
1.000000000000000000e+00,3.717027008533477783e-01
1.000000000000000000e+00,3.728544414043426514e-01
1.000000000000000000e+00,5.287969112396240234e-01
1.000000000000000000e+00,5.059717297554016113e-01
1.000000000000000000e+00,4.291235804557800293e-01
1.000000000000000000e+00,4.671839475631713867e-01
1.000000000000000000e+00,4.731130599975585938e-01
1.000000000000000000e+00,4.513390362262725830e-01
1.000000000000000000e+00,4.488660097122192383e-01
1.000000000000000000e+00,4.529601931571960449e-01
1.000000000000000000e+00,4.510311186313629150e-01
1.000000000000000000e+00,4.693160951137542725e-01
1.000000000000000000e+00,3.985313177108764648e-01
1.000000000000000000e+00,4.028171598911285400e-01
1.000000000000000000e+00,4.392426013946533203e-01
1.000000000000000000e+00,3.638464808464050293e-01
1.000000000000000000e+00,4.322461485862731934e-01
1.000000000000000000e+00,4.632255434989929199e-01
1.000000000000000000e+00,3.865690529346466064e-01
1.000000000000000000e+00,3.574665784835815430e-01
1.000000000000000000e+00,4.373631775379180908e-01
1.000000000000000000e+00,4.053145349025726318e-01
1.000000000000000000e+00,5.147145986557006836e-01
1.000000000000000000e+00,4.375351369380950928e-01
1.000000000000000000e+00,4.809457063674926758e-01
1.000000000000000000e+00,4.547360241413116455e-01
1.000000000000000000e+00,3.681585788726806641e-01
1.000000000000000000e+00,4.976120889186859131e-01
1.000000000000000000e+00,4.479334950447082520e-01
1.000000000000000000e+00,4.082619547843933105e-01
1.000000000000000000e+00,4.565126299858093262e-01
1.000000000000000000e+00,4.236348569393157959e-01
1.000000000000000000e+00,4.046204686164855957e-01
1.000000000000000000e+00,4.210438132286071777e-01
1.000000000000000000e+00,3.473338186740875244e-01
1.000000000000000000e+00,3.817343115806579590e-01
1.000000000000000000e+00,3.788601458072662354e-01
1.000000000000000000e+00,4.414308667182922363e-01
1.000000000000000000e+00,4.086832404136657715e-01
1.000000000000000000e+00,4.709500968456268311e-01
1.000000000000000000e+00,3.962409496307373047e-01
1.000000000000000000e+00,3.689990639686584473e-01
1.000000000000000000e+00,4.833183288574218750e-01
1.000000000000000000e+00,4.378889203071594238e-01
1.000000000000000000e+00,4.457344114780426025e-01
1.000000000000000000e+00,4.751444458961486816e-01
1.000000000000000000e+00,3.611508309841156006e-01
1.000000000000000000e+00,4.061180651187896729e-01
1.000000000000000000e+00,3.829922676086425781e-01
1.000000000000000000e+00,4.922453463077545166e-01
1.000000000000000000e+00,4.198112189769744873e-01
1.000000000000000000e+00,4.967871904373168945e-01
1.000000000000000000e+00,3.675445318222045898e-01
1.000000000000000000e+00,4.638389647006988525e-01
1.000000000000000000e+00,3.822199106216430664e-01
1.000000000000000000e+00,3.977649211883544922e-01
1.000000000000000000e+00,4.659371376037597656e-01
1.000000000000000000e+00,4.026178717613220215e-01
1.000000000000000000e+00,4.044692516326904297e-01
1.000000000000000000e+00,3.542953133583068848e-01
1.000000000000000000e+00,4.489195644855499268e-01
1.000000000000000000e+00,4.250904321670532227e-01
1.000000000000000000e+00,5.546607971191406250e-01
1.000000000000000000e+00,3.616272211074829102e-01
1.000000000000000000e+00,4.020620882511138916e-01
1.000000000000000000e+00,4.373531043529510498e-01
1.000000000000000000e+00,3.894026279449462891e-01
1.000000000000000000e+00,4.766751527786254883e-01
1.000000000000000000e+00,4.795998334884643555e-01
1.000000000000000000e+00,4.242458343505859375e-01
1.000000000000000000e+00,3.952141404151916504e-01
1.000000000000000000e+00,3.855485320091247559e-01
1.000000000000000000e+00,4.882637262344360352e-01
1.000000000000000000e+00,3.666279613971710205e-01
1.000000000000000000e+00,3.842984735965728760e-01
1.000000000000000000e+00,3.744100034236907959e-01
1.000000000000000000e+00,4.341282844543457031e-01
1.000000000000000000e+00,4.944046139717102051e-01
1.000000000000000000e+00,4.654502868652343750e-01
1.000000000000000000e+00,4.947117567062377930e-01
1.000000000000000000e+00,4.229570329189300537e-01
1.000000000000000000e+00,4.394527673721313477e-01
1.000000000000000000e+00,4.580300450325012207e-01
1.000000000000000000e+00,3.732278347015380859e-01
1.000000000000000000e+00,4.519841670989990234e-01
1.000000000000000000e+00,4.581638574600219727e-01
1.000000000000000000e+00,4.470866322517395020e-01
1.000000000000000000e+00,3.861708641052246094e-01
1.000000000000000000e+00,4.012107253074645996e-01
1.000000000000000000e+00,4.432401657104492188e-01
1.000000000000000000e+00,4.431334137916564941e-01
1.000000000000000000e+00,3.725746870040893555e-01
1.000000000000000000e+00,3.655333817005157471e-01
1.000000000000000000e+00,3.507902324199676514e-01
1.000000000000000000e+00,3.620076179504394531e-01
1.000000000000000000e+00,5.006608366966247559e-01
1.000000000000000000e+00,4.413547813892364502e-01
1.000000000000000000e+00,4.915976524353027344e-01
1.000000000000000000e+00,4.983202815055847168e-01
1.000000000000000000e+00,3.466170430183410645e-01
1.000000000000000000e+00,3.660831451416015625e-01
1.000000000000000000e+00,4.529750943183898926e-01
1.000000000000000000e+00,4.174675345420837402e-01
1.000000000000000000e+00,4.281413555145263672e-01
1.000000000000000000e+00,4.156752228736877441e-01
1.000000000000000000e+00,4.169192910194396973e-01
1.000000000000000000e+00,4.020906686782836914e-01
1.000000000000000000e+00,4.371234774589538574e-01
1.000000000000000000e+00,3.791154026985168457e-01
1.000000000000000000e+00,4.240779876708984375e-01
1.000000000000000000e+00,4.403871893882751465e-01
1.000000000000000000e+00,4.875673651695251465e-01
1.000000000000000000e+00,3.663975894451141357e-01
1.000000000000000000e+00,3.865090906620025635e-01
1.000000000000000000e+00,5.029045343399047852e-01
1.000000000000000000e+00,5.042374134063720703e-01
1.000000000000000000e+00,3.678468465805053711e-01
1.000000000000000000e+00,3.169911503791809082e-01
1.000000000000000000e+00,4.762514233589172363e-01
1.000000000000000000e+00,3.901335597038269043e-01
1.000000000000000000e+00,4.210570752620697021e-01
1.000000000000000000e+00,4.708262681961059570e-01
1.000000000000000000e+00,3.964194953441619873e-01
1.000000000000000000e+00,3.921570181846618652e-01
1.000000000000000000e+00,3.753200769424438477e-01
1.000000000000000000e+00,3.674152493476867676e-01
1.000000000000000000e+00,4.868576824665069580e-01
1.000000000000000000e+00,4.867323935031890869e-01
1.000000000000000000e+00,4.185474514961242676e-01
1.000000000000000000e+00,4.349550008773803711e-01
1.000000000000000000e+00,4.575188457965850830e-01
1.000000000000000000e+00,3.804348707199096680e-01
1.000000000000000000e+00,4.468430578708648682e-01
1.000000000000000000e+00,6.005042195320129395e-01
1.000000000000000000e+00,3.755198121070861816e-01
1.000000000000000000e+00,3.816910982131958008e-01
1.000000000000000000e+00,4.421809315681457520e-01
1.000000000000000000e+00,4.391051530838012695e-01
1.000000000000000000e+00,4.655167758464813232e-01
1.000000000000000000e+00,6.043841838836669922e-01
1.000000000000000000e+00,3.837900757789611816e-01
1.000000000000000000e+00,3.444857001304626465e-01
1.000000000000000000e+00,3.916323184967041016e-01
1.000000000000000000e+00,3.933587968349456787e-01
1.000000000000000000e+00,4.505246877670288086e-01
1.000000000000000000e+00,4.119573235511779785e-01
1.000000000000000000e+00,3.757017850875854492e-01
1.000000000000000000e+00,4.209694266319274902e-01
1.000000000000000000e+00,3.803997933864593506e-01
1.000000000000000000e+00,4.649875760078430176e-01
1.000000000000000000e+00,4.330587983131408691e-01
1.000000000000000000e+00,4.353334903717041016e-01
1.000000000000000000e+00,4.461382031440734863e-01
1.000000000000000000e+00,5.889813899993896484e-01
1.000000000000000000e+00,4.034638702869415283e-01
1.000000000000000000e+00,4.335781037807464600e-01
1.000000000000000000e+00,4.181686639785766602e-01
1.000000000000000000e+00,4.243710637092590332e-01
1.000000000000000000e+00,4.314877092838287354e-01
1.000000000000000000e+00,5.311732888221740723e-01
1.000000000000000000e+00,4.598814845085144043e-01
1.000000000000000000e+00,4.487833082675933838e-01
1.000000000000000000e+00,4.399463832378387451e-01
1.000000000000000000e+00,5.154682993888854980e-01
1.000000000000000000e+00,4.322296082973480225e-01
1.000000000000000000e+00,3.975256383419036865e-01
1.000000000000000000e+00,4.404726028442382812e-01
1.000000000000000000e+00,3.759815394878387451e-01
1.000000000000000000e+00,3.454480171203613281e-01
1.000000000000000000e+00,4.164776504039764404e-01
1.000000000000000000e+00,3.419077992439270020e-01
1.000000000000000000e+00,4.276791810989379883e-01
1.000000000000000000e+00,4.460079669952392578e-01
1.000000000000000000e+00,4.121114015579223633e-01
1.000000000000000000e+00,4.835746884346008301e-01
1.000000000000000000e+00,3.881215155124664307e-01
1.000000000000000000e+00,4.418613314628601074e-01
1.000000000000000000e+00,4.212647974491119385e-01
1.000000000000000000e+00,4.915903806686401367e-01
1.000000000000000000e+00,3.892955780029296875e-01
1.000000000000000000e+00,4.508285820484161377e-01
1.000000000000000000e+00,4.103054106235504150e-01
1.000000000000000000e+00,4.193112850189208984e-01
1.000000000000000000e+00,4.819453656673431396e-01
1.000000000000000000e+00,4.388090968132019043e-01
1.000000000000000000e+00,6.315002441406250000e-01
1.000000000000000000e+00,3.743887543678283691e-01
1.000000000000000000e+00,4.000443220138549805e-01
1.000000000000000000e+00,4.174912571907043457e-01
1.000000000000000000e+00,5.070151686668395996e-01
1.000000000000000000e+00,3.718361854553222656e-01
1.000000000000000000e+00,4.182480871677398682e-01
1.000000000000000000e+00,3.896127939224243164e-01
1.000000000000000000e+00,4.285278916358947754e-01
1.000000000000000000e+00,4.899955689907073975e-01
1.000000000000000000e+00,3.480961322784423828e-01
1.000000000000000000e+00,3.765185475349426270e-01
1.000000000000000000e+00,4.473834037780761719e-01
1.000000000000000000e+00,4.633618891239166260e-01
1.000000000000000000e+00,3.576711714267730713e-01
1.000000000000000000e+00,4.607874155044555664e-01
1.000000000000000000e+00,3.422071039676666260e-01
1.000000000000000000e+00,3.868288397789001465e-01
1.000000000000000000e+00,4.175421595573425293e-01
1.000000000000000000e+00,5.500910878181457520e-01
1.000000000000000000e+00,4.838001132011413574e-01
1.000000000000000000e+00,4.093922078609466553e-01
1.000000000000000000e+00,4.011296033859252930e-01
1.000000000000000000e+00,4.062499403953552246e-01
1.000000000000000000e+00,3.899160623550415039e-01
1.000000000000000000e+00,4.026812911033630371e-01
1.000000000000000000e+00,3.871530890464782715e-01
1.000000000000000000e+00,4.188373982906341553e-01
1.000000000000000000e+00,3.913285136222839355e-01
1.000000000000000000e+00,3.510755896568298340e-01
1.000000000000000000e+00,4.207991361618041992e-01
1.000000000000000000e+00,4.500608742237091064e-01
1.000000000000000000e+00,4.082719683647155762e-01
1.000000000000000000e+00,3.783652782440185547e-01
1.000000000000000000e+00,4.318743646144866943e-01
1.000000000000000000e+00,5.221664309501647949e-01
1.000000000000000000e+00,4.545796513557434082e-01
1.000000000000000000e+00,3.987678885459899902e-01
1.000000000000000000e+00,4.564664065837860107e-01
1.000000000000000000e+00,4.816548228263854980e-01
1.000000000000000000e+00,4.692687392234802246e-01
1.000000000000000000e+00,3.492177128791809082e-01
1.000000000000000000e+00,3.794620633125305176e-01
1.000000000000000000e+00,3.484813272953033447e-01
1.000000000000000000e+00,3.471925556659698486e-01
1.000000000000000000e+00,4.201456308364868164e-01
1.000000000000000000e+00,4.686345756053924561e-01
1.000000000000000000e+00,4.836667776107788086e-01
1.000000000000000000e+00,2.967595160007476807e-01
1.000000000000000000e+00,3.629449009895324707e-01
1.000000000000000000e+00,5.042582750320434570e-01
1.000000000000000000e+00,4.709814190864562988e-01
1.000000000000000000e+00,4.293467402458190918e-01
1.000000000000000000e+00,3.575531542301177979e-01
1.000000000000000000e+00,4.312238693237304688e-01
1.000000000000000000e+00,4.115892052650451660e-01
1.000000000000000000e+00,4.087426066398620605e-01
1.000000000000000000e+00,3.781102895736694336e-01
1.000000000000000000e+00,3.547568619251251221e-01
1.000000000000000000e+00,4.593617916107177734e-01
1.000000000000000000e+00,4.585200548171997070e-01
1.000000000000000000e+00,4.440477192401885986e-01
1.000000000000000000e+00,3.950453400611877441e-01
1.000000000000000000e+00,4.438219666481018066e-01
1.000000000000000000e+00,4.939435720443725586e-01
1.000000000000000000e+00,4.048642516136169434e-01
1.000000000000000000e+00,4.347705841064453125e-01
1.000000000000000000e+00,5.702381134033203125e-01
1.000000000000000000e+00,3.913234472274780273e-01
1.000000000000000000e+00,4.320622980594635010e-01
1.000000000000000000e+00,4.496986269950866699e-01
1.000000000000000000e+00,3.913753628730773926e-01
1.000000000000000000e+00,3.953327238559722900e-01
1.000000000000000000e+00,3.817337155342102051e-01
1.000000000000000000e+00,4.167622327804565430e-01
1.000000000000000000e+00,4.549601674079895020e-01
1.000000000000000000e+00,4.157745242118835449e-01
1.000000000000000000e+00,5.460593700408935547e-01
1.000000000000000000e+00,4.441691935062408447e-01
1.000000000000000000e+00,4.058116674423217773e-01
1.000000000000000000e+00,4.499048590660095215e-01
1.000000000000000000e+00,3.546929955482482910e-01
1.000000000000000000e+00,4.028833210468292236e-01
1.000000000000000000e+00,3.712735474109649658e-01
1.000000000000000000e+00,4.548575878143310547e-01
1.000000000000000000e+00,4.062837362289428711e-01
1.000000000000000000e+00,4.391285777091979980e-01
1.000000000000000000e+00,3.736236691474914551e-01
1.000000000000000000e+00,4.372723400592803955e-01
1.000000000000000000e+00,4.503467082977294922e-01
1.000000000000000000e+00,4.510051906108856201e-01
1.000000000000000000e+00,4.131244421005249023e-01
1.000000000000000000e+00,4.019445180892944336e-01
1.000000000000000000e+00,3.527549803256988525e-01
1.000000000000000000e+00,3.888885676860809326e-01
1.000000000000000000e+00,3.462066054344177246e-01
1.000000000000000000e+00,4.384950399398803711e-01
1.000000000000000000e+00,3.948946595191955566e-01
1.000000000000000000e+00,5.825455188751220703e-01
1.000000000000000000e+00,3.299562036991119385e-01
1.000000000000000000e+00,4.478806257247924805e-01
1.000000000000000000e+00,4.393554329872131348e-01
1.000000000000000000e+00,4.210180342197418213e-01
1.000000000000000000e+00,4.051353931427001953e-01
1.000000000000000000e+00,4.644608497619628906e-01
1.000000000000000000e+00,4.653818607330322266e-01
1.000000000000000000e+00,4.383276700973510742e-01
1.000000000000000000e+00,4.009031057357788086e-01
1.000000000000000000e+00,4.693193435668945312e-01
1.000000000000000000e+00,3.996347188949584961e-01
1.000000000000000000e+00,4.568986892700195312e-01
1.000000000000000000e+00,4.472208619117736816e-01
1.000000000000000000e+00,4.225384593009948730e-01
1.000000000000000000e+00,5.369491577148437500e-01
1.000000000000000000e+00,3.436986804008483887e-01
1.000000000000000000e+00,3.907956480979919434e-01
1.000000000000000000e+00,3.993887007236480713e-01
1.000000000000000000e+00,4.645979702472686768e-01
1.000000000000000000e+00,3.762079179286956787e-01
1.000000000000000000e+00,4.055613279342651367e-01
1.000000000000000000e+00,3.612280488014221191e-01
1.000000000000000000e+00,4.240161478519439697e-01
1.000000000000000000e+00,4.748168587684631348e-01
1.000000000000000000e+00,3.353402614593505859e-01
1.000000000000000000e+00,3.455546498298645020e-01
1.000000000000000000e+00,4.425550699234008789e-01
1.000000000000000000e+00,3.797976970672607422e-01
1.000000000000000000e+00,5.299082994461059570e-01
1.000000000000000000e+00,5.260136723518371582e-01
1.000000000000000000e+00,4.234551787376403809e-01
1.000000000000000000e+00,4.287095367908477783e-01
1.000000000000000000e+00,4.534938931465148926e-01
1.000000000000000000e+00,3.801692426204681396e-01
1.000000000000000000e+00,3.898206949234008789e-01
1.000000000000000000e+00,3.917970657348632812e-01
1.000000000000000000e+00,4.111959338188171387e-01
1.000000000000000000e+00,3.914127349853515625e-01
1.000000000000000000e+00,4.350569546222686768e-01
1.000000000000000000e+00,4.093540012836456299e-01
1.000000000000000000e+00,3.879555761814117432e-01
1.000000000000000000e+00,4.010094404220581055e-01
1.000000000000000000e+00,4.333576261997222900e-01
1.000000000000000000e+00,4.320730865001678467e-01
1.000000000000000000e+00,3.830010592937469482e-01
1.000000000000000000e+00,4.548017978668212891e-01
1.000000000000000000e+00,3.793590664863586426e-01
1.000000000000000000e+00,4.990603625774383545e-01
1.000000000000000000e+00,4.449557662010192871e-01
1.000000000000000000e+00,4.389899373054504395e-01
1.000000000000000000e+00,4.248320758342742920e-01
1.000000000000000000e+00,3.355967700481414795e-01
1.000000000000000000e+00,3.862103819847106934e-01
1.000000000000000000e+00,3.843539953231811523e-01
1.000000000000000000e+00,4.731892943382263184e-01
1.000000000000000000e+00,4.436324238777160645e-01
1.000000000000000000e+00,4.529495239257812500e-01
1.000000000000000000e+00,3.386936783790588379e-01
1.000000000000000000e+00,3.367804586887359619e-01
1.000000000000000000e+00,4.142007827758789062e-01
1.000000000000000000e+00,3.924376070499420166e-01
1.000000000000000000e+00,4.142792522907257080e-01
1.000000000000000000e+00,4.337043762207031250e-01
1.000000000000000000e+00,4.644219279289245605e-01
1.000000000000000000e+00,4.068306684494018555e-01
1.000000000000000000e+00,4.190919399261474609e-01
1.000000000000000000e+00,3.641855716705322266e-01
1.000000000000000000e+00,4.181004166603088379e-01
1.000000000000000000e+00,4.760858416557312012e-01
1.000000000000000000e+00,4.088626205921173096e-01
1.000000000000000000e+00,4.506126046180725098e-01
1.000000000000000000e+00,4.926333725452423096e-01
1.000000000000000000e+00,4.702753126621246338e-01
1.000000000000000000e+00,5.208889842033386230e-01
1.000000000000000000e+00,4.664052724838256836e-01
1.000000000000000000e+00,4.207462072372436523e-01
1.000000000000000000e+00,4.856203198432922363e-01
1.000000000000000000e+00,4.740682244300842285e-01
1.000000000000000000e+00,4.229280352592468262e-01
1.000000000000000000e+00,5.694241523742675781e-01
1.000000000000000000e+00,4.619806408882141113e-01
1.000000000000000000e+00,3.986984491348266602e-01
1.000000000000000000e+00,4.120250642299652100e-01
1.000000000000000000e+00,3.842862546443939209e-01
1.000000000000000000e+00,4.468511343002319336e-01
1.000000000000000000e+00,4.524259269237518311e-01
1.000000000000000000e+00,5.762710571289062500e-01
1.000000000000000000e+00,5.833698511123657227e-01
1.000000000000000000e+00,4.643737971782684326e-01
1.000000000000000000e+00,4.194366335868835449e-01
1.000000000000000000e+00,4.489889740943908691e-01
1.000000000000000000e+00,4.471584558486938477e-01
1.000000000000000000e+00,4.292306900024414062e-01
1.000000000000000000e+00,5.111762285232543945e-01
1.000000000000000000e+00,4.807396233081817627e-01
1.000000000000000000e+00,4.651129841804504395e-01
1.000000000000000000e+00,4.841236472129821777e-01
1.000000000000000000e+00,4.561924934387207031e-01
1.000000000000000000e+00,4.176485538482666016e-01
1.000000000000000000e+00,4.469346404075622559e-01
1.000000000000000000e+00,4.084677100181579590e-01
1.000000000000000000e+00,3.943102061748504639e-01
1.000000000000000000e+00,4.176889955997467041e-01
1.000000000000000000e+00,4.051909148693084717e-01
1.000000000000000000e+00,5.546211600303649902e-01
1.000000000000000000e+00,4.365633130073547363e-01
1.000000000000000000e+00,3.757957816123962402e-01
1.000000000000000000e+00,4.712183177471160889e-01
1.000000000000000000e+00,4.291997551918029785e-01
1.000000000000000000e+00,4.402057528495788574e-01
1.000000000000000000e+00,4.473751187324523926e-01
1.000000000000000000e+00,4.522943496704101562e-01
1.000000000000000000e+00,4.194805324077606201e-01
1.000000000000000000e+00,4.622681140899658203e-01
1.000000000000000000e+00,4.650729298591613770e-01
1.000000000000000000e+00,4.864821434020996094e-01
1.000000000000000000e+00,4.630441665649414062e-01
1.000000000000000000e+00,4.832099676132202148e-01
1.000000000000000000e+00,3.953909575939178467e-01
1.000000000000000000e+00,4.226399064064025879e-01
1.000000000000000000e+00,4.096964001655578613e-01
1.000000000000000000e+00,4.389611482620239258e-01
1.000000000000000000e+00,4.038949906826019287e-01
1.000000000000000000e+00,4.290345013141632080e-01
1.000000000000000000e+00,4.276441037654876709e-01
1.000000000000000000e+00,5.448454618453979492e-01
1.000000000000000000e+00,3.627071976661682129e-01
1.000000000000000000e+00,4.248665571212768555e-01
1.000000000000000000e+00,3.984021544456481934e-01
1.000000000000000000e+00,4.469394087791442871e-01
1.000000000000000000e+00,3.428421020507812500e-01
1.000000000000000000e+00,4.587791562080383301e-01
1.000000000000000000e+00,3.943564891815185547e-01
1.000000000000000000e+00,5.179245471954345703e-01
1.000000000000000000e+00,3.991819322109222412e-01
1.000000000000000000e+00,4.408509731292724609e-01
1.000000000000000000e+00,4.031835496425628662e-01
1.000000000000000000e+00,3.975153565406799316e-01
1.000000000000000000e+00,4.032189249992370605e-01
1.000000000000000000e+00,4.781311452388763428e-01
1.000000000000000000e+00,4.562748372554779053e-01
1.000000000000000000e+00,4.013243615627288818e-01
1.000000000000000000e+00,4.580578804016113281e-01
1.000000000000000000e+00,4.214274883270263672e-01
1.000000000000000000e+00,4.129139184951782227e-01
1.000000000000000000e+00,3.991519808769226074e-01
1.000000000000000000e+00,4.088214635848999023e-01
1.000000000000000000e+00,4.175582826137542725e-01
1.000000000000000000e+00,4.381920099258422852e-01
1.000000000000000000e+00,4.106897413730621338e-01
1.000000000000000000e+00,3.872579932212829590e-01
1.000000000000000000e+00,5.846440792083740234e-01
1.000000000000000000e+00,4.823330044746398926e-01
1.000000000000000000e+00,4.397281110286712646e-01
1.000000000000000000e+00,4.090265631675720215e-01
1.000000000000000000e+00,4.625037312507629395e-01
1.000000000000000000e+00,3.434820473194122314e-01
1.000000000000000000e+00,3.864669799804687500e-01
1.000000000000000000e+00,4.707847237586975098e-01
1.000000000000000000e+00,4.635292887687683105e-01
1.000000000000000000e+00,4.801042973995208740e-01
1.000000000000000000e+00,4.746907651424407959e-01
1.000000000000000000e+00,3.273661136627197266e-01
1.000000000000000000e+00,4.250254333019256592e-01
1.000000000000000000e+00,4.550985693931579590e-01
1.000000000000000000e+00,4.064021110534667969e-01
1.000000000000000000e+00,4.168462157249450684e-01
1.000000000000000000e+00,4.275818765163421631e-01
1.000000000000000000e+00,4.044974744319915771e-01
1.000000000000000000e+00,4.174152016639709473e-01
1.000000000000000000e+00,4.035346806049346924e-01
1.000000000000000000e+00,4.238750040531158447e-01
1.000000000000000000e+00,4.180730879306793213e-01
1.000000000000000000e+00,5.109890699386596680e-01
1.000000000000000000e+00,4.525761604309082031e-01
1.000000000000000000e+00,4.342393279075622559e-01
1.000000000000000000e+00,4.074124097824096680e-01
1.000000000000000000e+00,4.267364144325256348e-01
1.000000000000000000e+00,4.690046906471252441e-01
1.000000000000000000e+00,4.642961621284484863e-01
1.000000000000000000e+00,4.084887206554412842e-01
1.000000000000000000e+00,4.033514857292175293e-01
1.000000000000000000e+00,4.040965139865875244e-01
1.000000000000000000e+00,4.132460653781890869e-01
1.000000000000000000e+00,3.990667462348937988e-01
1.000000000000000000e+00,4.349286854267120361e-01
1.000000000000000000e+00,4.195808172225952148e-01
