label,score
0.000000000000000000e+00,3.737182617187500000e-01
0.000000000000000000e+00,3.783851265907287598e-01
0.000000000000000000e+00,2.453029602766036987e-01
0.000000000000000000e+00,2.460677772760391235e-01
0.000000000000000000e+00,2.643991708755493164e-01
0.000000000000000000e+00,1.957379579544067383e-01
0.000000000000000000e+00,2.433816194534301758e-01
0.000000000000000000e+00,1.931515634059906006e-01
0.000000000000000000e+00,2.246525138616561890e-01
0.000000000000000000e+00,2.014884352684020996e-01
0.000000000000000000e+00,2.176626175642013550e-01
0.000000000000000000e+00,2.295815348625183105e-01
0.000000000000000000e+00,3.398354947566986084e-01
0.000000000000000000e+00,2.782694697380065918e-01
0.000000000000000000e+00,2.345565706491470337e-01
0.000000000000000000e+00,1.720299720764160156e-01
0.000000000000000000e+00,1.893653124570846558e-01
0.000000000000000000e+00,2.582277655601501465e-01
0.000000000000000000e+00,2.181172817945480347e-01
0.000000000000000000e+00,1.940387785434722900e-01
0.000000000000000000e+00,2.174333631992340088e-01
0.000000000000000000e+00,2.109221667051315308e-01
0.000000000000000000e+00,2.123918980360031128e-01
0.000000000000000000e+00,2.510842680931091309e-01
0.000000000000000000e+00,2.551196813583374023e-01
0.000000000000000000e+00,2.211350351572036743e-01
0.000000000000000000e+00,2.374119013547897339e-01
0.000000000000000000e+00,2.496302425861358643e-01
0.000000000000000000e+00,1.949156820774078369e-01
0.000000000000000000e+00,2.525115907192230225e-01
0.000000000000000000e+00,2.242504805326461792e-01
0.000000000000000000e+00,2.696759402751922607e-01
0.000000000000000000e+00,2.092904150485992432e-01
0.000000000000000000e+00,2.173777222633361816e-01
0.000000000000000000e+00,2.495156377553939819e-01
0.000000000000000000e+00,2.130595743656158447e-01
0.000000000000000000e+00,2.106439173221588135e-01
0.000000000000000000e+00,1.996330171823501587e-01
0.000000000000000000e+00,2.400344908237457275e-01
0.000000000000000000e+00,2.058601379394531250e-01
0.000000000000000000e+00,2.068367302417755127e-01
0.000000000000000000e+00,1.703043133020401001e-01
0.000000000000000000e+00,2.082678675651550293e-01
0.000000000000000000e+00,2.960476279258728027e-01
0.000000000000000000e+00,1.820115894079208374e-01
0.000000000000000000e+00,2.409135401248931885e-01
0.000000000000000000e+00,2.100109010934829712e-01
0.000000000000000000e+00,2.065837383270263672e-01
0.000000000000000000e+00,2.004115581512451172e-01
0.000000000000000000e+00,2.367702424526214600e-01
0.000000000000000000e+00,2.014036923646926880e-01
0.000000000000000000e+00,2.073573619127273560e-01
0.000000000000000000e+00,2.650431394577026367e-01
0.000000000000000000e+00,2.723779678344726562e-01
0.000000000000000000e+00,2.335225492715835571e-01
0.000000000000000000e+00,2.758993208408355713e-01
0.000000000000000000e+00,2.629274427890777588e-01
0.000000000000000000e+00,2.954209446907043457e-01
0.000000000000000000e+00,1.789112836122512817e-01
0.000000000000000000e+00,1.881477534770965576e-01
0.000000000000000000e+00,1.928254216909408569e-01
0.000000000000000000e+00,2.162493169307708740e-01
0.000000000000000000e+00,2.713176310062408447e-01
0.000000000000000000e+00,2.002920359373092651e-01
0.000000000000000000e+00,1.637958288192749023e-01
0.000000000000000000e+00,1.998018473386764526e-01
0.000000000000000000e+00,1.742253303527832031e-01
0.000000000000000000e+00,2.198217660188674927e-01
0.000000000000000000e+00,2.669857144355773926e-01
0.000000000000000000e+00,2.551016211509704590e-01
0.000000000000000000e+00,1.999142915010452271e-01
0.000000000000000000e+00,2.358130365610122681e-01
0.000000000000000000e+00,2.583892941474914551e-01
0.000000000000000000e+00,2.390935570001602173e-01
0.000000000000000000e+00,2.325381934642791748e-01
0.000000000000000000e+00,2.583634853363037109e-01
0.000000000000000000e+00,2.257031798362731934e-01
0.000000000000000000e+00,2.011703252792358398e-01
0.000000000000000000e+00,2.388765960931777954e-01
0.000000000000000000e+00,3.609414398670196533e-01
0.000000000000000000e+00,2.278251051902770996e-01
0.000000000000000000e+00,2.111323475837707520e-01
0.000000000000000000e+00,2.535134255886077881e-01
0.000000000000000000e+00,2.231658101081848145e-01
0.000000000000000000e+00,2.357046306133270264e-01
0.000000000000000000e+00,2.015267610549926758e-01
0.000000000000000000e+00,2.276101261377334595e-01
0.000000000000000000e+00,2.070944309234619141e-01
0.000000000000000000e+00,2.158844619989395142e-01
0.000000000000000000e+00,2.189645767211914062e-01
0.000000000000000000e+00,2.254409790039062500e-01
0.000000000000000000e+00,1.898772716522216797e-01
0.000000000000000000e+00,1.937309950590133667e-01
0.000000000000000000e+00,2.192229330539703369e-01
0.000000000000000000e+00,1.855816543102264404e-01
0.000000000000000000e+00,2.200791388750076294e-01
0.000000000000000000e+00,1.932724118232727051e-01
0.000000000000000000e+00,2.057365775108337402e-01
0.000000000000000000e+00,1.987116038799285889e-01
0.000000000000000000e+00,2.320543974637985229e-01
0.000000000000000000e+00,2.414443641901016235e-01
0.000000000000000000e+00,2.246867865324020386e-01
0.000000000000000000e+00,2.323189377784729004e-01
0.000000000000000000e+00,3.118765354156494141e-01
0.000000000000000000e+00,2.330392897129058838e-01
0.000000000000000000e+00,2.364457845687866211e-01
0.000000000000000000e+00,1.851420104503631592e-01
0.000000000000000000e+00,1.922322362661361694e-01
0.000000000000000000e+00,1.980133205652236938e-01
0.000000000000000000e+00,1.718401163816452026e-01
0.000000000000000000e+00,2.494919002056121826e-01
0.000000000000000000e+00,1.991714835166931152e-01
0.000000000000000000e+00,2.824561595916748047e-01
0.000000000000000000e+00,2.318728417158126831e-01
0.000000000000000000e+00,2.667484283447265625e-01
0.000000000000000000e+00,3.011723160743713379e-01
0.000000000000000000e+00,2.233255803585052490e-01
0.000000000000000000e+00,2.206456959247589111e-01
0.000000000000000000e+00,2.186574339866638184e-01
0.000000000000000000e+00,2.418218404054641724e-01
0.000000000000000000e+00,2.335638850927352905e-01
0.000000000000000000e+00,2.808682918548583984e-01
0.000000000000000000e+00,2.371672987937927246e-01
0.000000000000000000e+00,2.870138585567474365e-01
0.000000000000000000e+00,2.490921020507812500e-01
0.000000000000000000e+00,2.272117882966995239e-01
0.000000000000000000e+00,2.545564770698547363e-01
0.000000000000000000e+00,1.996223926544189453e-01
0.000000000000000000e+00,2.673541009426116943e-01
0.000000000000000000e+00,1.895924508571624756e-01
0.000000000000000000e+00,1.978668421506881714e-01
0.000000000000000000e+00,2.226172238588333130e-01
0.000000000000000000e+00,2.195882499217987061e-01
0.000000000000000000e+00,1.990080922842025757e-01
0.000000000000000000e+00,2.254399955272674561e-01
0.000000000000000000e+00,2.195748686790466309e-01
0.000000000000000000e+00,2.118497639894485474e-01
0.000000000000000000e+00,2.182327657938003540e-01
0.000000000000000000e+00,2.002444416284561157e-01
0.000000000000000000e+00,2.159683704376220703e-01
0.000000000000000000e+00,2.414737045764923096e-01
0.000000000000000000e+00,2.284509092569351196e-01
0.000000000000000000e+00,1.946947276592254639e-01
0.000000000000000000e+00,1.769754588603973389e-01
0.000000000000000000e+00,2.048118412494659424e-01
0.000000000000000000e+00,2.490745484828948975e-01
0.000000000000000000e+00,2.141882926225662231e-01
0.000000000000000000e+00,2.243814021348953247e-01
0.000000000000000000e+00,2.385857105255126953e-01
0.000000000000000000e+00,2.039078325033187866e-01
0.000000000000000000e+00,2.092345207929611206e-01
0.000000000000000000e+00,1.983698308467864990e-01
0.000000000000000000e+00,2.268708348274230957e-01
0.000000000000000000e+00,2.681644260883331299e-01
0.000000000000000000e+00,2.008385956287384033e-01
0.000000000000000000e+00,2.132625579833984375e-01
0.000000000000000000e+00,2.347717583179473877e-01
0.000000000000000000e+00,2.252408117055892944e-01
0.000000000000000000e+00,2.045387029647827148e-01
0.000000000000000000e+00,2.553288936614990234e-01
0.000000000000000000e+00,3.029811382293701172e-01
0.000000000000000000e+00,2.008261978626251221e-01
0.000000000000000000e+00,2.424668967723846436e-01
0.000000000000000000e+00,1.952376514673233032e-01
0.000000000000000000e+00,2.777556777000427246e-01
0.000000000000000000e+00,2.617076337337493896e-01
0.000000000000000000e+00,2.385532557964324951e-01
0.000000000000000000e+00,2.753594219684600830e-01
0.000000000000000000e+00,2.660075724124908447e-01
0.000000000000000000e+00,3.176027536392211914e-01
0.000000000000000000e+00,2.152626961469650269e-01
0.000000000000000000e+00,2.243181765079498291e-01
0.000000000000000000e+00,2.682594060897827148e-01
0.000000000000000000e+00,2.092824876308441162e-01
0.000000000000000000e+00,2.363870292901992798e-01
0.000000000000000000e+00,2.358210980892181396e-01
0.000000000000000000e+00,2.989933490753173828e-01
0.000000000000000000e+00,2.514301240444183350e-01
0.000000000000000000e+00,2.793088555335998535e-01
0.000000000000000000e+00,2.246032953262329102e-01
0.000000000000000000e+00,2.356246113777160645e-01
0.000000000000000000e+00,2.038383334875106812e-01
0.000000000000000000e+00,2.527067065238952637e-01
0.000000000000000000e+00,3.104822635650634766e-01
0.000000000000000000e+00,2.548551857471466064e-01
0.000000000000000000e+00,2.110516279935836792e-01
0.000000000000000000e+00,2.285037487745285034e-01
0.000000000000000000e+00,2.552601993083953857e-01
0.000000000000000000e+00,2.661615908145904541e-01
0.000000000000000000e+00,2.691983580589294434e-01
0.000000000000000000e+00,2.212897837162017822e-01
0.000000000000000000e+00,2.252635210752487183e-01
0.000000000000000000e+00,2.474478185176849365e-01
0.000000000000000000e+00,3.004546761512756348e-01
0.000000000000000000e+00,2.074843943119049072e-01
0.000000000000000000e+00,2.723874151706695557e-01
0.000000000000000000e+00,3.000004887580871582e-01
0.000000000000000000e+00,2.956138253211975098e-01
0.000000000000000000e+00,3.741617202758789062e-01
0.000000000000000000e+00,3.647458553314208984e-01
0.000000000000000000e+00,2.635278403759002686e-01
0.000000000000000000e+00,2.244558036327362061e-01
0.000000000000000000e+00,2.494755089282989502e-01
0.000000000000000000e+00,2.493104189634323120e-01
0.000000000000000000e+00,2.850387096405029297e-01
0.000000000000000000e+00,2.527177929878234863e-01
0.000000000000000000e+00,3.767981231212615967e-01
0.000000000000000000e+00,2.421176582574844360e-01
0.000000000000000000e+00,2.296949177980422974e-01
0.000000000000000000e+00,2.207883745431900024e-01
0.000000000000000000e+00,2.808979749679565430e-01
0.000000000000000000e+00,3.687245845794677734e-01
0.000000000000000000e+00,3.414894044399261475e-01
0.000000000000000000e+00,2.913561761379241943e-01
0.000000000000000000e+00,2.288176566362380981e-01
0.000000000000000000e+00,2.650973796844482422e-01
0.000000000000000000e+00,2.360416799783706665e-01
0.000000000000000000e+00,2.307684421539306641e-01
0.000000000000000000e+00,2.265353649854660034e-01
0.000000000000000000e+00,2.393244951963424683e-01
0.000000000000000000e+00,1.696455627679824829e-01
0.000000000000000000e+00,1.888722777366638184e-01
0.000000000000000000e+00,1.955729722976684570e-01
0.000000000000000000e+00,2.957764267921447754e-01
0.000000000000000000e+00,1.796999871730804443e-01
0.000000000000000000e+00,2.364586144685745239e-01
0.000000000000000000e+00,1.962482482194900513e-01
0.000000000000000000e+00,2.172669023275375366e-01
0.000000000000000000e+00,2.168716937303543091e-01
0.000000000000000000e+00,2.118835300207138062e-01
0.000000000000000000e+00,2.501360177993774414e-01
0.000000000000000000e+00,2.171487808227539062e-01
0.000000000000000000e+00,2.204306721687316895e-01
0.000000000000000000e+00,2.086356282234191895e-01
0.000000000000000000e+00,2.414191961288452148e-01
0.000000000000000000e+00,2.665072083473205566e-01
0.000000000000000000e+00,3.300464451313018799e-01
0.000000000000000000e+00,2.252167612314224243e-01
0.000000000000000000e+00,2.052700519561767578e-01
0.000000000000000000e+00,2.092086076736450195e-01
0.000000000000000000e+00,2.129077166318893433e-01
0.000000000000000000e+00,2.267944216728210449e-01
0.000000000000000000e+00,2.132291942834854126e-01
0.000000000000000000e+00,2.048522979021072388e-01
0.000000000000000000e+00,2.166979014873504639e-01
0.000000000000000000e+00,2.412094771862030029e-01
0.000000000000000000e+00,1.925128698348999023e-01
0.000000000000000000e+00,2.060064077377319336e-01
0.000000000000000000e+00,1.890577375888824463e-01
0.000000000000000000e+00,2.110726535320281982e-01
0.000000000000000000e+00,1.916750967502593994e-01
0.000000000000000000e+00,1.963970959186553955e-01
0.000000000000000000e+00,2.002286911010742188e-01
0.000000000000000000e+00,2.012233734130859375e-01
0.000000000000000000e+00,2.214859277009963989e-01
0.000000000000000000e+00,2.001400291919708252e-01
0.000000000000000000e+00,2.064573317766189575e-01
0.000000000000000000e+00,1.808848083019256592e-01
0.000000000000000000e+00,1.758722215890884399e-01
0.000000000000000000e+00,1.977985203266143799e-01
0.000000000000000000e+00,2.068789750337600708e-01
0.000000000000000000e+00,2.125373780727386475e-01
0.000000000000000000e+00,2.682218849658966064e-01
0.000000000000000000e+00,1.931991130113601685e-01
0.000000000000000000e+00,1.826853752136230469e-01
0.000000000000000000e+00,2.060096263885498047e-01
0.000000000000000000e+00,1.909201145172119141e-01
0.000000000000000000e+00,2.238785326480865479e-01
0.000000000000000000e+00,2.365085035562515259e-01
0.000000000000000000e+00,1.796627193689346313e-01
0.000000000000000000e+00,2.046326994895935059e-01
0.000000000000000000e+00,2.040053755044937134e-01
0.000000000000000000e+00,1.843502372503280640e-01
0.000000000000000000e+00,2.283874750137329102e-01
0.000000000000000000e+00,2.329947650432586670e-01
0.000000000000000000e+00,2.178317904472351074e-01
0.000000000000000000e+00,1.944452673196792603e-01
0.000000000000000000e+00,2.141656130552291870e-01
0.000000000000000000e+00,3.162709474563598633e-01
0.000000000000000000e+00,1.993487477302551270e-01
0.000000000000000000e+00,1.760505735874176025e-01
0.000000000000000000e+00,2.611969709396362305e-01
0.000000000000000000e+00,2.593179643154144287e-01
0.000000000000000000e+00,2.881816327571868896e-01
0.000000000000000000e+00,3.960791528224945068e-01
0.000000000000000000e+00,2.782043516635894775e-01
0.000000000000000000e+00,2.207439988851547241e-01
0.000000000000000000e+00,2.103373706340789795e-01
0.000000000000000000e+00,2.369168251752853394e-01
0.000000000000000000e+00,2.038711160421371460e-01
0.000000000000000000e+00,2.353554666042327881e-01
0.000000000000000000e+00,2.208071947097778320e-01
0.000000000000000000e+00,2.427636981010437012e-01
0.000000000000000000e+00,2.856378853321075439e-01
0.000000000000000000e+00,2.675966620445251465e-01
0.000000000000000000e+00,2.190089523792266846e-01
0.000000000000000000e+00,2.024633139371871948e-01
0.000000000000000000e+00,2.154872864484786987e-01
0.000000000000000000e+00,2.001270353794097900e-01
0.000000000000000000e+00,2.962032556533813477e-01
0.000000000000000000e+00,2.351178824901580811e-01
0.000000000000000000e+00,2.378689050674438477e-01
0.000000000000000000e+00,2.273644059896469116e-01
0.000000000000000000e+00,2.450914531946182251e-01
0.000000000000000000e+00,2.311066091060638428e-01
0.000000000000000000e+00,2.510879039764404297e-01
0.000000000000000000e+00,2.858759760856628418e-01
0.000000000000000000e+00,1.953664124011993408e-01
0.000000000000000000e+00,1.950662285089492798e-01
0.000000000000000000e+00,2.432582080364227295e-01
0.000000000000000000e+00,3.004516661167144775e-01
0.000000000000000000e+00,2.745554447174072266e-01
0.000000000000000000e+00,2.636660039424896240e-01
0.000000000000000000e+00,2.256429493427276611e-01
0.000000000000000000e+00,1.841782182455062866e-01
0.000000000000000000e+00,1.886442005634307861e-01
0.000000000000000000e+00,2.032672464847564697e-01
0.000000000000000000e+00,2.449225485324859619e-01
0.000000000000000000e+00,2.458056658506393433e-01
0.000000000000000000e+00,2.179354131221771240e-01
0.000000000000000000e+00,2.326600849628448486e-01
0.000000000000000000e+00,2.413454055786132812e-01
0.000000000000000000e+00,4.061973690986633301e-01
0.000000000000000000e+00,3.594961464405059814e-01
0.000000000000000000e+00,3.566478192806243896e-01
0.000000000000000000e+00,3.536695837974548340e-01
0.000000000000000000e+00,2.604751586914062500e-01
0.000000000000000000e+00,2.433714121580123901e-01
0.000000000000000000e+00,2.193042933940887451e-01
0.000000000000000000e+00,1.945645362138748169e-01
0.000000000000000000e+00,2.324349284172058105e-01
0.000000000000000000e+00,1.908343434333801270e-01
0.000000000000000000e+00,2.695706486701965332e-01
0.000000000000000000e+00,2.081043124198913574e-01
0.000000000000000000e+00,1.995395123958587646e-01
0.000000000000000000e+00,2.572501599788665771e-01
0.000000000000000000e+00,2.082694321870803833e-01
0.000000000000000000e+00,2.556705176830291748e-01
0.000000000000000000e+00,1.984393000602722168e-01
0.000000000000000000e+00,2.107310891151428223e-01
0.000000000000000000e+00,2.069456428289413452e-01
0.000000000000000000e+00,2.153798937797546387e-01
0.000000000000000000e+00,2.071163803339004517e-01
0.000000000000000000e+00,2.210904657840728760e-01
0.000000000000000000e+00,2.098471075296401978e-01
0.000000000000000000e+00,2.829027473926544189e-01
0.000000000000000000e+00,2.145417630672454834e-01
0.000000000000000000e+00,3.230339586734771729e-01
0.000000000000000000e+00,2.384384870529174805e-01
0.000000000000000000e+00,2.305358201265335083e-01
0.000000000000000000e+00,2.251887321472167969e-01
0.000000000000000000e+00,2.279675453901290894e-01
0.000000000000000000e+00,1.941607445478439331e-01
0.000000000000000000e+00,2.250138074159622192e-01
0.000000000000000000e+00,2.013670653104782104e-01
0.000000000000000000e+00,2.172074317932128906e-01
0.000000000000000000e+00,2.713582217693328857e-01
0.000000000000000000e+00,2.151562720537185669e-01
0.000000000000000000e+00,3.089981675148010254e-01
0.000000000000000000e+00,2.376465946435928345e-01
0.000000000000000000e+00,2.742860317230224609e-01
0.000000000000000000e+00,2.466311752796173096e-01
0.000000000000000000e+00,2.215894013643264771e-01
0.000000000000000000e+00,1.907637417316436768e-01
0.000000000000000000e+00,2.951462864875793457e-01
0.000000000000000000e+00,2.605748474597930908e-01
0.000000000000000000e+00,2.248909175395965576e-01
0.000000000000000000e+00,2.623256444931030273e-01
0.000000000000000000e+00,2.340491265058517456e-01
0.000000000000000000e+00,2.327526211738586426e-01
0.000000000000000000e+00,2.185384482145309448e-01
0.000000000000000000e+00,2.699114978313446045e-01
0.000000000000000000e+00,2.457348555326461792e-01
0.000000000000000000e+00,3.784227967262268066e-01
0.000000000000000000e+00,2.498501837253570557e-01
0.000000000000000000e+00,2.256991267204284668e-01
0.000000000000000000e+00,2.012837976217269897e-01
0.000000000000000000e+00,2.963958978652954102e-01
0.000000000000000000e+00,2.238700538873672485e-01
0.000000000000000000e+00,2.411454617977142334e-01
0.000000000000000000e+00,2.739357650279998779e-01
0.000000000000000000e+00,1.933669894933700562e-01
0.000000000000000000e+00,2.333469837903976440e-01
0.000000000000000000e+00,2.432945668697357178e-01
0.000000000000000000e+00,2.023036777973175049e-01
0.000000000000000000e+00,1.981066316366195679e-01
0.000000000000000000e+00,2.409409582614898682e-01
0.000000000000000000e+00,2.242201417684555054e-01
0.000000000000000000e+00,1.994476169347763062e-01
0.000000000000000000e+00,2.509548664093017578e-01
0.000000000000000000e+00,2.400562614202499390e-01
0.000000000000000000e+00,2.184588909149169922e-01
0.000000000000000000e+00,2.022450268268585205e-01
0.000000000000000000e+00,2.022197097539901733e-01
0.000000000000000000e+00,2.328687310218811035e-01
0.000000000000000000e+00,2.529464066028594971e-01
0.000000000000000000e+00,2.747757136821746826e-01
0.000000000000000000e+00,3.213227987289428711e-01
0.000000000000000000e+00,2.239983826875686646e-01
0.000000000000000000e+00,3.180331885814666748e-01
0.000000000000000000e+00,3.228647708892822266e-01
0.000000000000000000e+00,2.337211370468139648e-01
0.000000000000000000e+00,2.439169585704803467e-01
0.000000000000000000e+00,2.280464172363281250e-01
0.000000000000000000e+00,2.404645085334777832e-01
0.000000000000000000e+00,2.721172571182250977e-01
0.000000000000000000e+00,2.291116714477539062e-01
0.000000000000000000e+00,2.249258607625961304e-01
0.000000000000000000e+00,2.060303092002868652e-01
0.000000000000000000e+00,2.456243634223937988e-01
0.000000000000000000e+00,2.359924912452697754e-01
0.000000000000000000e+00,2.204484343528747559e-01
0.000000000000000000e+00,2.734791636466979980e-01
0.000000000000000000e+00,2.089978903532028198e-01
0.000000000000000000e+00,2.511156201362609863e-01
0.000000000000000000e+00,3.019694983959197998e-01
0.000000000000000000e+00,2.569999694824218750e-01
0.000000000000000000e+00,2.136334180831909180e-01
0.000000000000000000e+00,2.141595184803009033e-01
0.000000000000000000e+00,2.125145792961120605e-01
0.000000000000000000e+00,2.643035948276519775e-01
0.000000000000000000e+00,2.897458076477050781e-01
0.000000000000000000e+00,2.468390911817550659e-01
0.000000000000000000e+00,2.117495089769363403e-01
0.000000000000000000e+00,2.128394097089767456e-01
0.000000000000000000e+00,2.451649755239486694e-01
0.000000000000000000e+00,2.995107769966125488e-01
0.000000000000000000e+00,2.888727188110351562e-01
0.000000000000000000e+00,3.074249625205993652e-01
0.000000000000000000e+00,2.559167146682739258e-01
0.000000000000000000e+00,2.097817957401275635e-01
0.000000000000000000e+00,2.132560759782791138e-01
0.000000000000000000e+00,2.347882539033889771e-01
0.000000000000000000e+00,2.008367180824279785e-01
0.000000000000000000e+00,2.575069069862365723e-01
0.000000000000000000e+00,3.196418285369873047e-01
0.000000000000000000e+00,1.939921528100967407e-01
0.000000000000000000e+00,2.151377648115158081e-01
0.000000000000000000e+00,2.345293462276458740e-01
0.000000000000000000e+00,2.053061723709106445e-01
0.000000000000000000e+00,2.061662673950195312e-01
0.000000000000000000e+00,2.213096916675567627e-01
0.000000000000000000e+00,2.304099947214126587e-01
0.000000000000000000e+00,1.747831404209136963e-01
0.000000000000000000e+00,2.357779741287231445e-01
0.000000000000000000e+00,2.340892404317855835e-01
0.000000000000000000e+00,1.965022534132003784e-01
0.000000000000000000e+00,2.428024411201477051e-01
0.000000000000000000e+00,2.036122083663940430e-01
0.000000000000000000e+00,2.197187095880508423e-01
0.000000000000000000e+00,2.372634410858154297e-01
0.000000000000000000e+00,2.103049457073211670e-01
0.000000000000000000e+00,2.096683979034423828e-01
0.000000000000000000e+00,2.566586136817932129e-01
0.000000000000000000e+00,2.113142311573028564e-01
0.000000000000000000e+00,2.183677405118942261e-01
0.000000000000000000e+00,2.296801656484603882e-01
0.000000000000000000e+00,2.266676127910614014e-01
0.000000000000000000e+00,2.584863603115081787e-01
0.000000000000000000e+00,1.974989622831344604e-01
0.000000000000000000e+00,1.949864327907562256e-01
0.000000000000000000e+00,2.196480929851531982e-01
0.000000000000000000e+00,1.887203007936477661e-01
0.000000000000000000e+00,2.087168246507644653e-01
0.000000000000000000e+00,1.919624656438827515e-01
0.000000000000000000e+00,2.619799375534057617e-01
0.000000000000000000e+00,1.959842890501022339e-01
0.000000000000000000e+00,2.752780914306640625e-01
0.000000000000000000e+00,2.087173610925674438e-01
0.000000000000000000e+00,1.818199306726455688e-01
0.000000000000000000e+00,2.122741639614105225e-01
0.000000000000000000e+00,1.934640258550643921e-01
0.000000000000000000e+00,1.981683075428009033e-01
0.000000000000000000e+00,2.323253154754638672e-01
0.000000000000000000e+00,1.987129598855972290e-01
0.000000000000000000e+00,2.407795786857604980e-01
0.000000000000000000e+00,2.143176794052124023e-01
0.000000000000000000e+00,2.358341962099075317e-01
0.000000000000000000e+00,2.293674498796463013e-01
0.000000000000000000e+00,2.387867271900177002e-01
0.000000000000000000e+00,2.513729631900787354e-01
0.000000000000000000e+00,2.282738983631134033e-01
0.000000000000000000e+00,2.336667180061340332e-01
0.000000000000000000e+00,2.764602303504943848e-01
0.000000000000000000e+00,2.036297321319580078e-01
0.000000000000000000e+00,2.928600907325744629e-01
0.000000000000000000e+00,3.398141860961914062e-01
0.000000000000000000e+00,2.480717301368713379e-01
0.000000000000000000e+00,3.013214170932769775e-01
0.000000000000000000e+00,2.939328253269195557e-01
0.000000000000000000e+00,2.608066201210021973e-01
0.000000000000000000e+00,2.333535104990005493e-01
0.000000000000000000e+00,2.292969524860382080e-01
0.000000000000000000e+00,2.208019793033599854e-01
0.000000000000000000e+00,2.808044552803039551e-01
0.000000000000000000e+00,3.685903847217559814e-01
0.000000000000000000e+00,2.872066795825958252e-01
0.000000000000000000e+00,2.493772804737091064e-01
0.000000000000000000e+00,2.431310266256332397e-01
0.000000000000000000e+00,2.217159569263458252e-01
1.000000000000000000e+00,4.267636239528656006e-01
1.000000000000000000e+00,5.257622599601745605e-01
1.000000000000000000e+00,5.736200809478759766e-01
1.000000000000000000e+00,4.372584819793701172e-01
1.000000000000000000e+00,4.561437070369720459e-01
1.000000000000000000e+00,4.979735016822814941e-01
1.000000000000000000e+00,4.416202306747436523e-01
1.000000000000000000e+00,5.186817646026611328e-01
1.000000000000000000e+00,4.974485635757446289e-01
1.000000000000000000e+00,4.659595489501953125e-01
1.000000000000000000e+00,5.061575770378112793e-01
1.000000000000000000e+00,5.061464905738830566e-01
1.000000000000000000e+00,5.227113366127014160e-01
1.000000000000000000e+00,4.236372113227844238e-01
1.000000000000000000e+00,4.940804541110992432e-01
1.000000000000000000e+00,4.528498649597167969e-01
1.000000000000000000e+00,4.463700354099273682e-01
1.000000000000000000e+00,3.941657543182373047e-01
1.000000000000000000e+00,5.141243934631347656e-01
1.000000000000000000e+00,3.710791766643524170e-01
1.000000000000000000e+00,5.042123794555664062e-01
1.000000000000000000e+00,5.444085001945495605e-01
1.000000000000000000e+00,4.792994856834411621e-01
1.000000000000000000e+00,4.644186794757843018e-01
1.000000000000000000e+00,5.853742361068725586e-01
1.000000000000000000e+00,4.666332602500915527e-01
1.000000000000000000e+00,4.838463962078094482e-01
1.000000000000000000e+00,4.795147180557250977e-01
1.000000000000000000e+00,4.618998765945434570e-01
1.000000000000000000e+00,5.069116353988647461e-01
1.000000000000000000e+00,4.993869066238403320e-01
1.000000000000000000e+00,4.923010468482971191e-01
1.000000000000000000e+00,4.343334138393402100e-01
1.000000000000000000e+00,4.337107241153717041e-01
1.000000000000000000e+00,4.877527654170989990e-01
1.000000000000000000e+00,4.884545207023620605e-01
1.000000000000000000e+00,4.799755215644836426e-01
1.000000000000000000e+00,4.507809579372406006e-01
1.000000000000000000e+00,3.939064145088195801e-01
1.000000000000000000e+00,4.143119752407073975e-01
1.000000000000000000e+00,4.521292150020599365e-01
1.000000000000000000e+00,5.529676675796508789e-01
1.000000000000000000e+00,4.596116244792938232e-01
1.000000000000000000e+00,5.591741800308227539e-01
1.000000000000000000e+00,3.829697370529174805e-01
1.000000000000000000e+00,4.902656078338623047e-01
1.000000000000000000e+00,4.831376075744628906e-01
1.000000000000000000e+00,4.987500607967376709e-01
1.000000000000000000e+00,4.511813223361968994e-01
1.000000000000000000e+00,4.552253186702728271e-01
1.000000000000000000e+00,4.470284581184387207e-01
1.000000000000000000e+00,4.796998500823974609e-01
1.000000000000000000e+00,4.460739791393280029e-01
1.000000000000000000e+00,4.536186456680297852e-01
1.000000000000000000e+00,4.116165637969970703e-01
1.000000000000000000e+00,4.651113450527191162e-01
1.000000000000000000e+00,4.553849697113037109e-01
1.000000000000000000e+00,4.451947808265686035e-01
1.000000000000000000e+00,3.393449783325195312e-01
1.000000000000000000e+00,4.553949236869812012e-01
1.000000000000000000e+00,5.328898429870605469e-01
1.000000000000000000e+00,4.885150790214538574e-01
1.000000000000000000e+00,4.334235191345214844e-01
1.000000000000000000e+00,4.742785692214965820e-01
1.000000000000000000e+00,5.015928745269775391e-01
1.000000000000000000e+00,3.894020915031433105e-01
1.000000000000000000e+00,4.355378746986389160e-01
1.000000000000000000e+00,4.377883672714233398e-01
1.000000000000000000e+00,4.782632589340209961e-01
1.000000000000000000e+00,4.159529507160186768e-01
1.000000000000000000e+00,5.056037902832031250e-01
1.000000000000000000e+00,5.781280398368835449e-01
1.000000000000000000e+00,3.620755076408386230e-01
1.000000000000000000e+00,4.903791546821594238e-01
1.000000000000000000e+00,4.465553164482116699e-01
1.000000000000000000e+00,4.862968921661376953e-01
1.000000000000000000e+00,4.724257588386535645e-01
1.000000000000000000e+00,4.063283503055572510e-01
1.000000000000000000e+00,4.571020901203155518e-01
1.000000000000000000e+00,4.337970018386840820e-01
1.000000000000000000e+00,4.207031130790710449e-01
1.000000000000000000e+00,4.379383027553558350e-01
1.000000000000000000e+00,5.225397348403930664e-01
1.000000000000000000e+00,4.498171210289001465e-01
1.000000000000000000e+00,4.696232080459594727e-01
1.000000000000000000e+00,4.829422831535339355e-01
1.000000000000000000e+00,4.736860096454620361e-01
1.000000000000000000e+00,4.634778499603271484e-01
1.000000000000000000e+00,5.465091466903686523e-01
1.000000000000000000e+00,4.716166257858276367e-01
1.000000000000000000e+00,4.289168417453765869e-01
1.000000000000000000e+00,5.375795364379882812e-01
1.000000000000000000e+00,3.896804451942443848e-01
1.000000000000000000e+00,4.258849024772644043e-01
1.000000000000000000e+00,4.829671978950500488e-01
1.000000000000000000e+00,5.352974534034729004e-01
1.000000000000000000e+00,4.610431492328643799e-01
1.000000000000000000e+00,4.792389273643493652e-01
1.000000000000000000e+00,4.999105930328369141e-01
1.000000000000000000e+00,4.710724055767059326e-01
1.000000000000000000e+00,4.599307179450988770e-01
1.000000000000000000e+00,4.479448199272155762e-01
1.000000000000000000e+00,4.912136197090148926e-01
1.000000000000000000e+00,5.582696199417114258e-01
1.000000000000000000e+00,4.572629034519195557e-01
1.000000000000000000e+00,5.176538228988647461e-01
1.000000000000000000e+00,4.852440655231475830e-01
1.000000000000000000e+00,4.708969295024871826e-01
1.000000000000000000e+00,5.420891046524047852e-01
1.000000000000000000e+00,4.874177277088165283e-01
1.000000000000000000e+00,4.830605387687683105e-01
1.000000000000000000e+00,5.093867778778076172e-01
1.000000000000000000e+00,5.115893483161926270e-01
1.000000000000000000e+00,5.243526101112365723e-01
1.000000000000000000e+00,5.303559303283691406e-01
1.000000000000000000e+00,4.543656110763549805e-01
1.000000000000000000e+00,5.004568696022033691e-01
1.000000000000000000e+00,4.117710292339324951e-01
1.000000000000000000e+00,4.652422964572906494e-01
1.000000000000000000e+00,4.322569966316223145e-01
1.000000000000000000e+00,5.192345380783081055e-01
1.000000000000000000e+00,4.126521050930023193e-01
1.000000000000000000e+00,4.259884357452392578e-01
1.000000000000000000e+00,4.719800353050231934e-01
1.000000000000000000e+00,4.982417225837707520e-01
1.000000000000000000e+00,3.862889707088470459e-01
1.000000000000000000e+00,4.707819223403930664e-01
1.000000000000000000e+00,4.587145745754241943e-01
1.000000000000000000e+00,4.364200532436370850e-01
1.000000000000000000e+00,5.267449021339416504e-01
1.000000000000000000e+00,5.030969977378845215e-01
1.000000000000000000e+00,4.735067486763000488e-01
1.000000000000000000e+00,4.566642642021179199e-01
1.000000000000000000e+00,4.479547739028930664e-01
1.000000000000000000e+00,4.832777976989746094e-01
1.000000000000000000e+00,4.959537386894226074e-01
1.000000000000000000e+00,4.363319873809814453e-01
1.000000000000000000e+00,4.635719060897827148e-01
1.000000000000000000e+00,4.752124547958374023e-01
1.000000000000000000e+00,4.772514700889587402e-01
1.000000000000000000e+00,4.362969398498535156e-01
1.000000000000000000e+00,4.496912360191345215e-01
1.000000000000000000e+00,4.857494831085205078e-01
1.000000000000000000e+00,4.725010693073272705e-01
1.000000000000000000e+00,4.006281495094299316e-01
1.000000000000000000e+00,4.251994192600250244e-01
1.000000000000000000e+00,5.701366066932678223e-01
1.000000000000000000e+00,4.706777930259704590e-01
1.000000000000000000e+00,4.807751774787902832e-01
1.000000000000000000e+00,5.579900741577148438e-01
1.000000000000000000e+00,5.361811518669128418e-01
1.000000000000000000e+00,4.299243986606597900e-01
1.000000000000000000e+00,5.207054615020751953e-01
1.000000000000000000e+00,3.431080281734466553e-01
1.000000000000000000e+00,4.776455461978912354e-01
1.000000000000000000e+00,4.327210783958435059e-01
1.000000000000000000e+00,4.467170238494873047e-01
1.000000000000000000e+00,4.842952787876129150e-01
1.000000000000000000e+00,5.015806555747985840e-01
1.000000000000000000e+00,4.369552135467529297e-01
1.000000000000000000e+00,4.456308782100677490e-01
1.000000000000000000e+00,5.059990286827087402e-01
1.000000000000000000e+00,4.347754418849945068e-01
1.000000000000000000e+00,4.254263341426849365e-01
1.000000000000000000e+00,4.226766526699066162e-01
1.000000000000000000e+00,4.494196772575378418e-01
1.000000000000000000e+00,4.322391748428344727e-01
1.000000000000000000e+00,4.744676351547241211e-01
1.000000000000000000e+00,4.877516329288482666e-01
1.000000000000000000e+00,4.652667045593261719e-01
1.000000000000000000e+00,5.780287981033325195e-01
1.000000000000000000e+00,4.880648851394653320e-01
1.000000000000000000e+00,4.461945891380310059e-01
1.000000000000000000e+00,5.126034617424011230e-01
1.000000000000000000e+00,3.943797945976257324e-01
1.000000000000000000e+00,4.681957066059112549e-01
1.000000000000000000e+00,4.610804915428161621e-01
1.000000000000000000e+00,5.247006416320800781e-01
1.000000000000000000e+00,4.839860200881958008e-01
1.000000000000000000e+00,5.769568085670471191e-01
1.000000000000000000e+00,4.139871895313262939e-01
1.000000000000000000e+00,4.168930053710937500e-01
1.000000000000000000e+00,4.048253297805786133e-01
1.000000000000000000e+00,5.659563541412353516e-01
1.000000000000000000e+00,4.993060827255249023e-01
1.000000000000000000e+00,4.512706100940704346e-01
1.000000000000000000e+00,4.756941795349121094e-01
1.000000000000000000e+00,4.774388670921325684e-01
1.000000000000000000e+00,4.903590083122253418e-01
1.000000000000000000e+00,4.927700161933898926e-01
1.000000000000000000e+00,4.185782074928283691e-01
1.000000000000000000e+00,3.734881579875946045e-01
1.000000000000000000e+00,4.474657177925109863e-01
1.000000000000000000e+00,5.013982057571411133e-01
1.000000000000000000e+00,4.258419573307037354e-01
1.000000000000000000e+00,4.481129050254821777e-01
1.000000000000000000e+00,4.907514154911041260e-01
1.000000000000000000e+00,5.239999294281005859e-01
1.000000000000000000e+00,5.153770446777343750e-01
1.000000000000000000e+00,5.558561086654663086e-01
1.000000000000000000e+00,4.280783832073211670e-01
1.000000000000000000e+00,4.317328333854675293e-01
1.000000000000000000e+00,4.842157959938049316e-01
1.000000000000000000e+00,4.180423617362976074e-01
1.000000000000000000e+00,4.502300620079040527e-01
1.000000000000000000e+00,4.863511621952056885e-01
1.000000000000000000e+00,4.549793601036071777e-01
1.000000000000000000e+00,4.655412137508392334e-01
1.000000000000000000e+00,4.713883101940155029e-01
1.000000000000000000e+00,4.353751242160797119e-01
1.000000000000000000e+00,4.826859831809997559e-01
1.000000000000000000e+00,5.202455520629882812e-01
1.000000000000000000e+00,4.176323413848876953e-01
1.000000000000000000e+00,4.609270393848419189e-01
1.000000000000000000e+00,5.917292237281799316e-01
1.000000000000000000e+00,4.527936875820159912e-01
1.000000000000000000e+00,5.600785017013549805e-01
1.000000000000000000e+00,4.591976702213287354e-01
1.000000000000000000e+00,5.374894142150878906e-01
1.000000000000000000e+00,4.553717970848083496e-01
1.000000000000000000e+00,5.225878953933715820e-01
1.000000000000000000e+00,4.283515214920043945e-01
1.000000000000000000e+00,5.206106901168823242e-01
1.000000000000000000e+00,4.674546420574188232e-01
1.000000000000000000e+00,5.287850499153137207e-01
1.000000000000000000e+00,4.448301196098327637e-01
1.000000000000000000e+00,4.262013137340545654e-01
1.000000000000000000e+00,4.305258095264434814e-01
1.000000000000000000e+00,4.271422028541564941e-01
1.000000000000000000e+00,4.034762978553771973e-01
1.000000000000000000e+00,4.872262477874755859e-01
1.000000000000000000e+00,4.097480475902557373e-01
1.000000000000000000e+00,4.220786988735198975e-01
1.000000000000000000e+00,4.968848824501037598e-01
1.000000000000000000e+00,5.160807371139526367e-01
1.000000000000000000e+00,4.784121215343475342e-01
1.000000000000000000e+00,4.000889062881469727e-01
1.000000000000000000e+00,4.829164445400238037e-01
1.000000000000000000e+00,5.007790327072143555e-01
1.000000000000000000e+00,4.940790534019470215e-01
1.000000000000000000e+00,4.756963849067687988e-01
1.000000000000000000e+00,4.752389490604400635e-01
1.000000000000000000e+00,4.798769354820251465e-01
1.000000000000000000e+00,3.919327259063720703e-01
1.000000000000000000e+00,5.226874947547912598e-01
1.000000000000000000e+00,4.572006464004516602e-01
1.000000000000000000e+00,4.218071997165679932e-01
1.000000000000000000e+00,4.748834967613220215e-01
1.000000000000000000e+00,4.504197537899017334e-01
1.000000000000000000e+00,4.446680545806884766e-01
1.000000000000000000e+00,4.841617047786712646e-01
1.000000000000000000e+00,4.169481992721557617e-01
1.000000000000000000e+00,4.591878950595855713e-01
1.000000000000000000e+00,5.352640151977539062e-01
1.000000000000000000e+00,4.672286212444305420e-01
1.000000000000000000e+00,6.125177741050720215e-01
1.000000000000000000e+00,5.439187884330749512e-01
1.000000000000000000e+00,4.272618591785430908e-01
1.000000000000000000e+00,4.890843927860260010e-01
1.000000000000000000e+00,5.306985378265380859e-01
1.000000000000000000e+00,4.012010395526885986e-01
1.000000000000000000e+00,4.483529627323150635e-01
1.000000000000000000e+00,4.458751380443572998e-01
1.000000000000000000e+00,5.059112310409545898e-01
1.000000000000000000e+00,4.166132509708404541e-01
1.000000000000000000e+00,4.410587847232818604e-01
1.000000000000000000e+00,4.497013092041015625e-01
1.000000000000000000e+00,4.345595240592956543e-01
1.000000000000000000e+00,4.171268939971923828e-01
1.000000000000000000e+00,4.137274026870727539e-01
1.000000000000000000e+00,4.304577708244323730e-01
1.000000000000000000e+00,4.888481199741363525e-01
1.000000000000000000e+00,4.614255726337432861e-01
1.000000000000000000e+00,4.466687440872192383e-01
1.000000000000000000e+00,4.325629472732543945e-01
1.000000000000000000e+00,4.448471665382385254e-01
1.000000000000000000e+00,4.521455466747283936e-01
1.000000000000000000e+00,4.572132229804992676e-01
1.000000000000000000e+00,4.874726533889770508e-01
1.000000000000000000e+00,4.940994083881378174e-01
1.000000000000000000e+00,4.381305575370788574e-01
1.000000000000000000e+00,6.159479618072509766e-01
1.000000000000000000e+00,5.220049619674682617e-01
1.000000000000000000e+00,4.384488165378570557e-01
1.000000000000000000e+00,5.592962503433227539e-01
1.000000000000000000e+00,4.878004193305969238e-01
1.000000000000000000e+00,4.191455543041229248e-01
1.000000000000000000e+00,5.222235321998596191e-01
1.000000000000000000e+00,4.308800399303436279e-01
1.000000000000000000e+00,4.798337817192077637e-01
1.000000000000000000e+00,5.236775279045104980e-01
1.000000000000000000e+00,5.934245586395263672e-01
1.000000000000000000e+00,5.004298090934753418e-01
1.000000000000000000e+00,4.456230103969573975e-01
1.000000000000000000e+00,4.044175148010253906e-01
1.000000000000000000e+00,5.688320994377136230e-01
1.000000000000000000e+00,3.960667550563812256e-01
1.000000000000000000e+00,4.688063859939575195e-01
1.000000000000000000e+00,4.513098895549774170e-01
1.000000000000000000e+00,4.865089356899261475e-01
1.000000000000000000e+00,4.425151646137237549e-01
1.000000000000000000e+00,4.797254800796508789e-01
1.000000000000000000e+00,4.711552560329437256e-01
1.000000000000000000e+00,5.097934007644653320e-01
1.000000000000000000e+00,5.784806609153747559e-01
1.000000000000000000e+00,5.336691141128540039e-01
1.000000000000000000e+00,4.921791553497314453e-01
1.000000000000000000e+00,4.565640091896057129e-01
1.000000000000000000e+00,5.862256288528442383e-01
1.000000000000000000e+00,5.105060338973999023e-01
1.000000000000000000e+00,4.717737436294555664e-01
1.000000000000000000e+00,5.244298577308654785e-01
1.000000000000000000e+00,5.280810594558715820e-01
1.000000000000000000e+00,4.392522275447845459e-01
1.000000000000000000e+00,6.074472665786743164e-01
1.000000000000000000e+00,5.023877620697021484e-01
1.000000000000000000e+00,5.741140842437744141e-01
1.000000000000000000e+00,5.309192538261413574e-01
1.000000000000000000e+00,5.597623586654663086e-01
1.000000000000000000e+00,5.504161119461059570e-01
1.000000000000000000e+00,6.454629898071289062e-01
1.000000000000000000e+00,4.697056710720062256e-01
1.000000000000000000e+00,5.644927620887756348e-01
1.000000000000000000e+00,5.895742774009704590e-01
1.000000000000000000e+00,5.410762429237365723e-01
1.000000000000000000e+00,4.589113593101501465e-01
1.000000000000000000e+00,5.133219361305236816e-01
1.000000000000000000e+00,4.960995018482208252e-01
1.000000000000000000e+00,4.736059308052062988e-01
1.000000000000000000e+00,5.584213137626647949e-01
1.000000000000000000e+00,4.251866936683654785e-01
1.000000000000000000e+00,4.422394931316375732e-01
1.000000000000000000e+00,4.734694957733154297e-01
1.000000000000000000e+00,4.922358393669128418e-01
1.000000000000000000e+00,3.976051509380340576e-01
1.000000000000000000e+00,6.212727427482604980e-01
1.000000000000000000e+00,5.251522064208984375e-01
1.000000000000000000e+00,4.078785181045532227e-01
1.000000000000000000e+00,5.567139387130737305e-01
1.000000000000000000e+00,4.455907642841339111e-01
1.000000000000000000e+00,5.860643386840820312e-01
1.000000000000000000e+00,5.397956371307373047e-01
1.000000000000000000e+00,4.937464296817779541e-01
1.000000000000000000e+00,5.296751260757446289e-01
1.000000000000000000e+00,3.832406401634216309e-01
1.000000000000000000e+00,4.737151861190795898e-01
1.000000000000000000e+00,4.882459938526153564e-01
1.000000000000000000e+00,5.308886170387268066e-01
1.000000000000000000e+00,4.021469652652740479e-01
1.000000000000000000e+00,4.053816199302673340e-01
1.000000000000000000e+00,5.114291906356811523e-01
1.000000000000000000e+00,4.052671492099761963e-01
1.000000000000000000e+00,4.823429584503173828e-01
1.000000000000000000e+00,4.463922381401062012e-01
1.000000000000000000e+00,4.202235341072082520e-01
1.000000000000000000e+00,5.043110847473144531e-01
1.000000000000000000e+00,4.034931361675262451e-01
1.000000000000000000e+00,4.140369594097137451e-01
1.000000000000000000e+00,3.420524001121520996e-01
1.000000000000000000e+00,5.101757645606994629e-01
1.000000000000000000e+00,4.150490164756774902e-01
1.000000000000000000e+00,5.060532689094543457e-01
1.000000000000000000e+00,4.270826578140258789e-01
1.000000000000000000e+00,4.186407625675201416e-01
1.000000000000000000e+00,4.678249359130859375e-01
1.000000000000000000e+00,4.564232826232910156e-01
1.000000000000000000e+00,5.033267736434936523e-01
1.000000000000000000e+00,4.796547889709472656e-01
1.000000000000000000e+00,5.174909234046936035e-01
1.000000000000000000e+00,4.439907073974609375e-01
1.000000000000000000e+00,4.907426536083221436e-01
1.000000000000000000e+00,5.736385583877563477e-01
1.000000000000000000e+00,4.951575696468353271e-01
1.000000000000000000e+00,4.909354746341705322e-01
1.000000000000000000e+00,5.146744847297668457e-01
1.000000000000000000e+00,4.605689644813537598e-01
1.000000000000000000e+00,4.931555688381195068e-01
1.000000000000000000e+00,4.848659336566925049e-01
1.000000000000000000e+00,4.992554783821105957e-01
1.000000000000000000e+00,4.763650298118591309e-01
1.000000000000000000e+00,4.282661378383636475e-01
1.000000000000000000e+00,4.082354903221130371e-01
1.000000000000000000e+00,5.025191307067871094e-01
1.000000000000000000e+00,4.816250503063201904e-01
1.000000000000000000e+00,5.018258094787597656e-01
1.000000000000000000e+00,4.948538839817047119e-01
1.000000000000000000e+00,4.365241527557373047e-01
1.000000000000000000e+00,4.253784120082855225e-01
1.000000000000000000e+00,3.861973881721496582e-01
1.000000000000000000e+00,4.770253896713256836e-01
1.000000000000000000e+00,3.979462981224060059e-01
1.000000000000000000e+00,4.737620055675506592e-01
1.000000000000000000e+00,4.741461277008056641e-01
1.000000000000000000e+00,4.471434950828552246e-01
1.000000000000000000e+00,6.009609699249267578e-01
1.000000000000000000e+00,4.419315159320831299e-01
1.000000000000000000e+00,4.482527673244476318e-01
1.000000000000000000e+00,4.976427853107452393e-01
1.000000000000000000e+00,4.607670009136199951e-01
1.000000000000000000e+00,4.045969545841217041e-01
1.000000000000000000e+00,4.782677888870239258e-01
1.000000000000000000e+00,4.461318254470825195e-01
1.000000000000000000e+00,5.266266465187072754e-01
1.000000000000000000e+00,4.553816318511962891e-01
1.000000000000000000e+00,5.530499219894409180e-01
1.000000000000000000e+00,5.246531367301940918e-01
1.000000000000000000e+00,5.857318043708801270e-01
1.000000000000000000e+00,5.475398898124694824e-01
1.000000000000000000e+00,5.084198713302612305e-01
1.000000000000000000e+00,3.960618972778320312e-01
1.000000000000000000e+00,4.512006044387817383e-01
1.000000000000000000e+00,4.794348776340484619e-01
1.000000000000000000e+00,4.420497715473175049e-01
1.000000000000000000e+00,5.155711174011230469e-01
1.000000000000000000e+00,4.846768677234649658e-01
1.000000000000000000e+00,4.031915962696075439e-01
1.000000000000000000e+00,4.565431177616119385e-01
1.000000000000000000e+00,4.279897511005401611e-01
1.000000000000000000e+00,4.426086544990539551e-01
1.000000000000000000e+00,4.476386308670043945e-01
1.000000000000000000e+00,5.171273946762084961e-01
1.000000000000000000e+00,4.631328284740447998e-01
1.000000000000000000e+00,4.524183869361877441e-01
1.000000000000000000e+00,4.863351583480834961e-01
1.000000000000000000e+00,4.113603532314300537e-01
1.000000000000000000e+00,4.610152542591094971e-01
1.000000000000000000e+00,5.160909891128540039e-01
1.000000000000000000e+00,4.368976354598999023e-01
1.000000000000000000e+00,5.338095426559448242e-01
1.000000000000000000e+00,4.301821291446685791e-01
1.000000000000000000e+00,4.491469562053680420e-01
1.000000000000000000e+00,4.693485200405120850e-01
1.000000000000000000e+00,4.667753279209136963e-01
1.000000000000000000e+00,4.380808472633361816e-01
1.000000000000000000e+00,4.371223449707031250e-01
1.000000000000000000e+00,4.448202252388000488e-01
1.000000000000000000e+00,4.626466333866119385e-01
1.000000000000000000e+00,3.861522674560546875e-01
1.000000000000000000e+00,4.485268592834472656e-01
1.000000000000000000e+00,5.129178762435913086e-01
1.000000000000000000e+00,3.833403885364532471e-01
1.000000000000000000e+00,4.128404557704925537e-01
1.000000000000000000e+00,4.641536474227905273e-01
1.000000000000000000e+00,4.598625302314758301e-01
1.000000000000000000e+00,5.091572999954223633e-01
1.000000000000000000e+00,4.521889984607696533e-01
1.000000000000000000e+00,5.599169731140136719e-01
1.000000000000000000e+00,4.788253307342529297e-01
1.000000000000000000e+00,5.298064351081848145e-01
1.000000000000000000e+00,4.791144728660583496e-01
1.000000000000000000e+00,4.190379679203033447e-01
1.000000000000000000e+00,5.936822891235351562e-01
1.000000000000000000e+00,4.883853197097778320e-01
1.000000000000000000e+00,4.682278633117675781e-01
1.000000000000000000e+00,4.951789081096649170e-01
1.000000000000000000e+00,3.818584680557250977e-01
1.000000000000000000e+00,4.072534441947937012e-01
1.000000000000000000e+00,4.500401020050048828e-01
1.000000000000000000e+00,4.798686504364013672e-01
1.000000000000000000e+00,5.771892666816711426e-01
1.000000000000000000e+00,4.600093066692352295e-01
1.000000000000000000e+00,5.352057218551635742e-01
1.000000000000000000e+00,5.348184108734130859e-01
1.000000000000000000e+00,4.344438910484313965e-01
1.000000000000000000e+00,4.369648694992065430e-01
1.000000000000000000e+00,4.638417661190032959e-01
1.000000000000000000e+00,5.054910778999328613e-01
1.000000000000000000e+00,4.023402035236358643e-01
1.000000000000000000e+00,4.535418748855590820e-01
1.000000000000000000e+00,4.173533320426940918e-01
1.000000000000000000e+00,4.241687059402465820e-01
1.000000000000000000e+00,4.498860239982604980e-01
1.000000000000000000e+00,5.307965874671936035e-01
1.000000000000000000e+00,4.995411336421966553e-01
1.000000000000000000e+00,4.508717656135559082e-01
1.000000000000000000e+00,4.259222149848937988e-01
1.000000000000000000e+00,4.634312093257904053e-01
1.000000000000000000e+00,4.660578966140747070e-01
1.000000000000000000e+00,4.756828546524047852e-01
1.000000000000000000e+00,6.042096018791198730e-01
1.000000000000000000e+00,4.050496220588684082e-01
1.000000000000000000e+00,5.712909102439880371e-01
1.000000000000000000e+00,4.794206023216247559e-01
1.000000000000000000e+00,5.591369271278381348e-01
1.000000000000000000e+00,4.688427448272705078e-01
1.000000000000000000e+00,5.077693462371826172e-01
1.000000000000000000e+00,4.760067760944366455e-01
1.000000000000000000e+00,4.264696836471557617e-01
1.000000000000000000e+00,3.908108770847320557e-01
1.000000000000000000e+00,4.147018790245056152e-01
1.000000000000000000e+00,4.813601970672607422e-01
1.000000000000000000e+00,5.039520263671875000e-01
1.000000000000000000e+00,4.233295619487762451e-01
1.000000000000000000e+00,5.359882116317749023e-01
1.000000000000000000e+00,4.150577783584594727e-01
1.000000000000000000e+00,4.446834325790405273e-01
1.000000000000000000e+00,4.905874133110046387e-01
1.000000000000000000e+00,4.256558418273925781e-01
1.000000000000000000e+00,4.563793838024139404e-01
1.000000000000000000e+00,4.651941061019897461e-01
1.000000000000000000e+00,4.220738112926483154e-01
1.000000000000000000e+00,5.918400287628173828e-01
1.000000000000000000e+00,3.861585557460784912e-01
1.000000000000000000e+00,4.970097541809082031e-01
1.000000000000000000e+00,5.858723521232604980e-01
1.000000000000000000e+00,4.446423947811126709e-01
1.000000000000000000e+00,5.788608789443969727e-01
1.000000000000000000e+00,4.885545969009399414e-01
1.000000000000000000e+00,5.043805837631225586e-01
1.000000000000000000e+00,6.361726522445678711e-01
1.000000000000000000e+00,4.441496729850769043e-01
1.000000000000000000e+00,5.169966220855712891e-01
1.000000000000000000e+00,4.285627305507659912e-01
1.000000000000000000e+00,4.935500621795654297e-01
1.000000000000000000e+00,4.243673086166381836e-01
1.000000000000000000e+00,3.365408778190612793e-01
1.000000000000000000e+00,4.886313676834106445e-01
1.000000000000000000e+00,4.804731607437133789e-01
1.000000000000000000e+00,4.941815137863159180e-01
1.000000000000000000e+00,5.105657577514648438e-01
1.000000000000000000e+00,4.644844830036163330e-01
1.000000000000000000e+00,4.880943894386291504e-01
1.000000000000000000e+00,3.974525630474090576e-01
1.000000000000000000e+00,5.174705982208251953e-01
1.000000000000000000e+00,4.386503398418426514e-01
1.000000000000000000e+00,4.050686359405517578e-01
1.000000000000000000e+00,4.520536959171295166e-01
1.000000000000000000e+00,3.996124267578125000e-01
1.000000000000000000e+00,3.862909376621246338e-01
1.000000000000000000e+00,6.360088586807250977e-01
1.000000000000000000e+00,5.287921428680419922e-01
1.000000000000000000e+00,4.089109301567077637e-01
1.000000000000000000e+00,4.830151796340942383e-01
1.000000000000000000e+00,3.945352435111999512e-01
1.000000000000000000e+00,5.256255269050598145e-01
1.000000000000000000e+00,4.864012002944946289e-01
1.000000000000000000e+00,5.871772170066833496e-01
1.000000000000000000e+00,5.305200815200805664e-01
1.000000000000000000e+00,5.209801197052001953e-01
1.000000000000000000e+00,5.148579478263854980e-01
1.000000000000000000e+00,4.506887793540954590e-01
1.000000000000000000e+00,5.538692474365234375e-01
1.000000000000000000e+00,4.469371438026428223e-01
1.000000000000000000e+00,5.047737956047058105e-01
1.000000000000000000e+00,4.574362635612487793e-01
1.000000000000000000e+00,4.942193031311035156e-01
1.000000000000000000e+00,4.319535195827484131e-01
1.000000000000000000e+00,4.638611078262329102e-01
1.000000000000000000e+00,4.891426563262939453e-01
1.000000000000000000e+00,4.652790427207946777e-01
1.000000000000000000e+00,4.667608737945556641e-01
1.000000000000000000e+00,5.201960802078247070e-01
1.000000000000000000e+00,4.500417113304138184e-01
1.000000000000000000e+00,4.747413098812103271e-01
1.000000000000000000e+00,5.150574445724487305e-01
1.000000000000000000e+00,4.626861810684204102e-01
1.000000000000000000e+00,3.992182016372680664e-01
1.000000000000000000e+00,6.200334429740905762e-01
1.000000000000000000e+00,4.438763558864593506e-01
1.000000000000000000e+00,4.938198328018188477e-01
1.000000000000000000e+00,4.460919797420501709e-01
1.000000000000000000e+00,4.470836818218231201e-01
1.000000000000000000e+00,3.839428722858428955e-01
1.000000000000000000e+00,4.747561216354370117e-01
1.000000000000000000e+00,4.651812314987182617e-01
1.000000000000000000e+00,4.616196751594543457e-01
1.000000000000000000e+00,4.958691596984863281e-01
1.000000000000000000e+00,5.500944852828979492e-01
1.000000000000000000e+00,4.591743946075439453e-01
1.000000000000000000e+00,5.440970063209533691e-01
1.000000000000000000e+00,5.037134289741516113e-01
1.000000000000000000e+00,4.541812539100646973e-01
1.000000000000000000e+00,4.438839554786682129e-01
1.000000000000000000e+00,3.809314370155334473e-01
1.000000000000000000e+00,4.570888876914978027e-01
1.000000000000000000e+00,4.525193572044372559e-01
1.000000000000000000e+00,5.214868187904357910e-01
1.000000000000000000e+00,5.428406000137329102e-01
1.000000000000000000e+00,4.750124812126159668e-01
1.000000000000000000e+00,5.298538208007812500e-01
1.000000000000000000e+00,5.112826824188232422e-01
1.000000000000000000e+00,3.951841592788696289e-01
1.000000000000000000e+00,4.798224568367004395e-01
1.000000000000000000e+00,5.125812292098999023e-01
1.000000000000000000e+00,5.846291184425354004e-01
1.000000000000000000e+00,4.957565069198608398e-01
1.000000000000000000e+00,5.299245715141296387e-01
1.000000000000000000e+00,4.670810699462890625e-01
1.000000000000000000e+00,5.674223899841308594e-01
1.000000000000000000e+00,5.118978023529052734e-01
1.000000000000000000e+00,4.961769878864288330e-01
1.000000000000000000e+00,5.733353495597839355e-01
1.000000000000000000e+00,4.275250732898712158e-01
1.000000000000000000e+00,4.949291944503784180e-01
1.000000000000000000e+00,5.371829867362976074e-01
1.000000000000000000e+00,4.478916823863983154e-01
1.000000000000000000e+00,4.689221382141113281e-01
1.000000000000000000e+00,3.649723529815673828e-01
1.000000000000000000e+00,4.373761415481567383e-01
1.000000000000000000e+00,5.533708333969116211e-01
1.000000000000000000e+00,4.682042896747589111e-01
1.000000000000000000e+00,5.090152025222778320e-01
1.000000000000000000e+00,4.817497134208679199e-01
1.000000000000000000e+00,3.651458919048309326e-01
1.000000000000000000e+00,4.663843810558319092e-01
1.000000000000000000e+00,4.507807791233062744e-01
1.000000000000000000e+00,4.632287621498107910e-01
1.000000000000000000e+00,4.284750819206237793e-01
1.000000000000000000e+00,3.709128499031066895e-01
1.000000000000000000e+00,4.797955155372619629e-01
1.000000000000000000e+00,4.350790381431579590e-01
1.000000000000000000e+00,4.769886136054992676e-01
1.000000000000000000e+00,5.175256729125976562e-01
1.000000000000000000e+00,4.008787870407104492e-01
1.000000000000000000e+00,5.302152037620544434e-01
1.000000000000000000e+00,4.264197945594787598e-01
1.000000000000000000e+00,5.196238160133361816e-01
1.000000000000000000e+00,5.183569192886352539e-01
1.000000000000000000e+00,4.033740460872650146e-01
1.000000000000000000e+00,4.711479544639587402e-01
1.000000000000000000e+00,4.664967358112335205e-01
1.000000000000000000e+00,4.951817393302917480e-01
1.000000000000000000e+00,3.990215659141540527e-01
1.000000000000000000e+00,5.049126744270324707e-01
1.000000000000000000e+00,4.359773397445678711e-01
1.000000000000000000e+00,4.053548574447631836e-01
1.000000000000000000e+00,4.753785431385040283e-01
1.000000000000000000e+00,5.298693180084228516e-01
1.000000000000000000e+00,4.118400812149047852e-01
1.000000000000000000e+00,4.555632770061492920e-01
1.000000000000000000e+00,4.085300564765930176e-01
1.000000000000000000e+00,4.453350603580474854e-01
1.000000000000000000e+00,5.656772851943969727e-01
1.000000000000000000e+00,4.044562578201293945e-01
1.000000000000000000e+00,4.592716693878173828e-01
1.000000000000000000e+00,5.172472000122070312e-01
1.000000000000000000e+00,5.108211040496826172e-01
1.000000000000000000e+00,6.228808164596557617e-01
1.000000000000000000e+00,5.429330468177795410e-01
1.000000000000000000e+00,5.481597185134887695e-01
1.000000000000000000e+00,4.925582408905029297e-01
1.000000000000000000e+00,4.928195476531982422e-01
1.000000000000000000e+00,4.864618480205535889e-01
1.000000000000000000e+00,4.574595093727111816e-01
1.000000000000000000e+00,4.663625955581665039e-01
1.000000000000000000e+00,3.892910778522491455e-01
1.000000000000000000e+00,5.741941928863525391e-01
1.000000000000000000e+00,4.704037606716156006e-01
1.000000000000000000e+00,5.552753806114196777e-01
1.000000000000000000e+00,5.440558791160583496e-01
1.000000000000000000e+00,5.170134305953979492e-01
1.000000000000000000e+00,6.239461302757263184e-01
1.000000000000000000e+00,4.991727769374847412e-01
1.000000000000000000e+00,5.576730966567993164e-01
1.000000000000000000e+00,4.978514313697814941e-01
1.000000000000000000e+00,4.743504524230957031e-01
1.000000000000000000e+00,4.388677775859832764e-01
1.000000000000000000e+00,6.157690286636352539e-01
1.000000000000000000e+00,5.358893871307373047e-01
1.000000000000000000e+00,5.126406550407409668e-01
1.000000000000000000e+00,6.002438068389892578e-01
1.000000000000000000e+00,4.847622215747833252e-01
1.000000000000000000e+00,4.346680045127868652e-01
1.000000000000000000e+00,4.823441803455352783e-01
1.000000000000000000e+00,4.929475784301757812e-01
1.000000000000000000e+00,4.151396751403808594e-01
1.000000000000000000e+00,5.143385529518127441e-01
1.000000000000000000e+00,4.230875074863433838e-01
1.000000000000000000e+00,5.522626042366027832e-01
1.000000000000000000e+00,4.081082940101623535e-01
1.000000000000000000e+00,4.130204021930694580e-01
1.000000000000000000e+00,5.578713417053222656e-01
1.000000000000000000e+00,4.400176703929901123e-01
1.000000000000000000e+00,5.340380668640136719e-01
1.000000000000000000e+00,3.563145399093627930e-01
1.000000000000000000e+00,4.196312129497528076e-01
1.000000000000000000e+00,4.341562688350677490e-01
1.000000000000000000e+00,3.817638754844665527e-01
1.000000000000000000e+00,4.806509613990783691e-01
1.000000000000000000e+00,5.566560029983520508e-01
1.000000000000000000e+00,4.223032295703887939e-01
1.000000000000000000e+00,4.127952456474304199e-01
1.000000000000000000e+00,4.036922156810760498e-01
1.000000000000000000e+00,3.588728606700897217e-01
1.000000000000000000e+00,4.771986007690429688e-01
1.000000000000000000e+00,3.818832933902740479e-01
1.000000000000000000e+00,4.236389696598052979e-01
1.000000000000000000e+00,5.139400362968444824e-01
1.000000000000000000e+00,4.578240811824798584e-01
1.000000000000000000e+00,5.389285087585449219e-01
1.000000000000000000e+00,5.034786462783813477e-01
1.000000000000000000e+00,4.220218062400817871e-01
1.000000000000000000e+00,3.945437073707580566e-01
1.000000000000000000e+00,5.458800196647644043e-01
1.000000000000000000e+00,5.874270200729370117e-01
1.000000000000000000e+00,3.986219763755798340e-01
1.000000000000000000e+00,4.982027113437652588e-01
1.000000000000000000e+00,4.998469054698944092e-01
1.000000000000000000e+00,4.985970854759216309e-01
1.000000000000000000e+00,4.326139688491821289e-01
1.000000000000000000e+00,4.422307908535003662e-01
1.000000000000000000e+00,5.668705701828002930e-01
1.000000000000000000e+00,4.430071115493774414e-01
1.000000000000000000e+00,4.119108319282531738e-01
1.000000000000000000e+00,4.473303258419036865e-01
1.000000000000000000e+00,4.758994579315185547e-01
1.000000000000000000e+00,4.825752377510070801e-01
1.000000000000000000e+00,4.906393587589263916e-01
1.000000000000000000e+00,5.332709550857543945e-01
1.000000000000000000e+00,4.994678497314453125e-01
1.000000000000000000e+00,5.698845386505126953e-01
1.000000000000000000e+00,5.078352093696594238e-01
1.000000000000000000e+00,6.100234389305114746e-01
1.000000000000000000e+00,4.453783333301544189e-01
1.000000000000000000e+00,3.898102641105651855e-01
1.000000000000000000e+00,4.813643693923950195e-01
1.000000000000000000e+00,5.066552758216857910e-01
1.000000000000000000e+00,4.419907331466674805e-01
1.000000000000000000e+00,4.188784956932067871e-01
1.000000000000000000e+00,4.122244715690612793e-01
1.000000000000000000e+00,4.521287083625793457e-01
1.000000000000000000e+00,4.898798167705535889e-01
1.000000000000000000e+00,5.368487834930419922e-01
1.000000000000000000e+00,4.777024984359741211e-01
1.000000000000000000e+00,4.516232907772064209e-01
1.000000000000000000e+00,3.841775953769683838e-01
1.000000000000000000e+00,5.218949317932128906e-01
1.000000000000000000e+00,4.914881587028503418e-01
1.000000000000000000e+00,5.929500460624694824e-01
1.000000000000000000e+00,5.356457233428955078e-01
1.000000000000000000e+00,5.549747943878173828e-01
1.000000000000000000e+00,4.543914198875427246e-01
1.000000000000000000e+00,4.304469823837280273e-01
1.000000000000000000e+00,4.802998900413513184e-01
1.000000000000000000e+00,4.443652033805847168e-01
1.000000000000000000e+00,5.138940215110778809e-01
1.000000000000000000e+00,4.623616635799407959e-01
1.000000000000000000e+00,5.346589088439941406e-01
1.000000000000000000e+00,5.803004503250122070e-01
1.000000000000000000e+00,5.716571807861328125e-01
1.000000000000000000e+00,4.807408154010772705e-01
1.000000000000000000e+00,5.962833166122436523e-01
1.000000000000000000e+00,4.504974782466888428e-01
1.000000000000000000e+00,4.729889631271362305e-01
1.000000000000000000e+00,4.507822692394256592e-01
1.000000000000000000e+00,4.760779142379760742e-01
1.000000000000000000e+00,5.540492534637451172e-01
1.000000000000000000e+00,5.292975306510925293e-01
1.000000000000000000e+00,4.691895842552185059e-01
1.000000000000000000e+00,4.758929908275604248e-01
1.000000000000000000e+00,4.420239031314849854e-01
1.000000000000000000e+00,4.593239426612854004e-01
1.000000000000000000e+00,4.107166826725006104e-01
1.000000000000000000e+00,4.699510931968688965e-01
1.000000000000000000e+00,4.709059894084930420e-01
1.000000000000000000e+00,3.920443058013916016e-01
1.000000000000000000e+00,4.066833257675170898e-01
1.000000000000000000e+00,6.112460494041442871e-01
1.000000000000000000e+00,5.470098257064819336e-01
1.000000000000000000e+00,5.159171819686889648e-01
1.000000000000000000e+00,4.149777591228485107e-01
1.000000000000000000e+00,4.877882599830627441e-01
1.000000000000000000e+00,3.522775471210479736e-01
1.000000000000000000e+00,4.155638813972473145e-01
1.000000000000000000e+00,4.582523703575134277e-01
1.000000000000000000e+00,4.333941638469696045e-01
1.000000000000000000e+00,4.238712787628173828e-01
1.000000000000000000e+00,4.876213669776916504e-01
1.000000000000000000e+00,5.265264511108398438e-01
1.000000000000000000e+00,4.395618140697479248e-01
1.000000000000000000e+00,3.788951337337493896e-01
1.000000000000000000e+00,4.568848311901092529e-01
1.000000000000000000e+00,4.401848614215850830e-01
1.000000000000000000e+00,4.417828917503356934e-01
1.000000000000000000e+00,4.125408828258514404e-01
1.000000000000000000e+00,5.534611940383911133e-01
1.000000000000000000e+00,4.519772827625274658e-01
1.000000000000000000e+00,5.330733656883239746e-01
1.000000000000000000e+00,3.917348682880401611e-01
1.000000000000000000e+00,4.250763058662414551e-01
1.000000000000000000e+00,4.935469627380371094e-01
1.000000000000000000e+00,5.186820626258850098e-01
1.000000000000000000e+00,5.799360871315002441e-01
1.000000000000000000e+00,3.629589676856994629e-01
1.000000000000000000e+00,5.001818537712097168e-01
1.000000000000000000e+00,4.344149529933929443e-01
1.000000000000000000e+00,4.976448416709899902e-01
1.000000000000000000e+00,5.145008563995361328e-01
1.000000000000000000e+00,4.401499629020690918e-01
1.000000000000000000e+00,4.589571356773376465e-01
1.000000000000000000e+00,5.279505848884582520e-01
1.000000000000000000e+00,3.958188593387603760e-01
1.000000000000000000e+00,4.419394433498382568e-01
1.000000000000000000e+00,5.089708566665649414e-01
1.000000000000000000e+00,4.994899034500122070e-01
1.000000000000000000e+00,4.429222047328948975e-01
1.000000000000000000e+00,4.893110692501068115e-01
1.000000000000000000e+00,4.130287170410156250e-01
1.000000000000000000e+00,4.632672965526580811e-01
1.000000000000000000e+00,3.902222812175750732e-01
1.000000000000000000e+00,4.959957599639892578e-01
1.000000000000000000e+00,4.670588970184326172e-01
1.000000000000000000e+00,4.200367927551269531e-01
1.000000000000000000e+00,4.970460236072540283e-01
1.000000000000000000e+00,5.116377472877502441e-01
1.000000000000000000e+00,5.424261093139648438e-01
1.000000000000000000e+00,5.138136148452758789e-01
1.000000000000000000e+00,4.295721650123596191e-01
1.000000000000000000e+00,4.584962427616119385e-01
1.000000000000000000e+00,4.717410504817962646e-01
1.000000000000000000e+00,4.331747293472290039e-01
1.000000000000000000e+00,4.892489612102508545e-01
1.000000000000000000e+00,4.658413827419281006e-01
1.000000000000000000e+00,5.491052269935607910e-01
1.000000000000000000e+00,4.474452733993530273e-01
1.000000000000000000e+00,5.086113214492797852e-01
1.000000000000000000e+00,4.830246865749359131e-01
1.000000000000000000e+00,4.304938316345214844e-01
1.000000000000000000e+00,5.546061396598815918e-01
1.000000000000000000e+00,5.036188364028930664e-01
1.000000000000000000e+00,5.033735632896423340e-01
1.000000000000000000e+00,4.287229180335998535e-01
1.000000000000000000e+00,5.653361678123474121e-01
1.000000000000000000e+00,4.305420219898223877e-01
1.000000000000000000e+00,4.930558204650878906e-01
1.000000000000000000e+00,4.379589557647705078e-01
1.000000000000000000e+00,4.777722358703613281e-01
1.000000000000000000e+00,5.094245672225952148e-01
1.000000000000000000e+00,5.033075809478759766e-01
1.000000000000000000e+00,4.736380577087402344e-01
1.000000000000000000e+00,4.724789559841156006e-01
1.000000000000000000e+00,5.211600661277770996e-01
1.000000000000000000e+00,3.749342858791351318e-01
1.000000000000000000e+00,4.037928581237792969e-01
1.000000000000000000e+00,4.412350654602050781e-01
1.000000000000000000e+00,4.614703059196472168e-01
1.000000000000000000e+00,5.434831976890563965e-01
1.000000000000000000e+00,4.559363722801208496e-01
1.000000000000000000e+00,4.998684227466583252e-01
1.000000000000000000e+00,3.976595699787139893e-01
1.000000000000000000e+00,4.424327909946441650e-01
1.000000000000000000e+00,4.367143511772155762e-01
1.000000000000000000e+00,4.974274337291717529e-01
1.000000000000000000e+00,4.052140116691589355e-01
1.000000000000000000e+00,4.585970342159271240e-01
1.000000000000000000e+00,4.725205004215240479e-01
1.000000000000000000e+00,6.151426434516906738e-01
1.000000000000000000e+00,3.975237011909484863e-01
1.000000000000000000e+00,4.240745306015014648e-01
1.000000000000000000e+00,4.795506596565246582e-01
1.000000000000000000e+00,5.457923412322998047e-01
1.000000000000000000e+00,5.125787258148193359e-01
1.000000000000000000e+00,5.163815021514892578e-01
1.000000000000000000e+00,4.341810941696166992e-01
1.000000000000000000e+00,4.380904138088226318e-01
1.000000000000000000e+00,4.244788289070129395e-01
1.000000000000000000e+00,4.567621648311614990e-01
1.000000000000000000e+00,4.673721790313720703e-01
1.000000000000000000e+00,4.361457228660583496e-01
1.000000000000000000e+00,4.358660578727722168e-01
1.000000000000000000e+00,4.103737175464630127e-01
1.000000000000000000e+00,4.301452636718750000e-01
1.000000000000000000e+00,4.001708626747131348e-01
1.000000000000000000e+00,5.035060644149780273e-01
1.000000000000000000e+00,3.966237306594848633e-01
1.000000000000000000e+00,4.866768717765808105e-01
1.000000000000000000e+00,4.854509234428405762e-01
1.000000000000000000e+00,5.750325322151184082e-01
1.000000000000000000e+00,5.107443332672119141e-01
1.000000000000000000e+00,5.519198179244995117e-01
1.000000000000000000e+00,4.998552799224853516e-01
1.000000000000000000e+00,4.597394764423370361e-01
1.000000000000000000e+00,4.858357608318328857e-01
1.000000000000000000e+00,4.129739999771118164e-01
1.000000000000000000e+00,5.251175165176391602e-01
1.000000000000000000e+00,3.850759863853454590e-01
1.000000000000000000e+00,5.097652673721313477e-01
1.000000000000000000e+00,5.421414375305175781e-01
1.000000000000000000e+00,4.681130349636077881e-01
1.000000000000000000e+00,4.934404194355010986e-01
1.000000000000000000e+00,5.343164205551147461e-01
1.000000000000000000e+00,4.626297354698181152e-01
1.000000000000000000e+00,5.569796562194824219e-01
1.000000000000000000e+00,5.218533277511596680e-01
1.000000000000000000e+00,4.714865088462829590e-01
1.000000000000000000e+00,5.316026806831359863e-01
1.000000000000000000e+00,5.088058710098266602e-01
1.000000000000000000e+00,4.735524654388427734e-01
1.000000000000000000e+00,4.217109680175781250e-01
1.000000000000000000e+00,4.898645281791687012e-01
1.000000000000000000e+00,5.651382803916931152e-01
1.000000000000000000e+00,4.206393957138061523e-01
1.000000000000000000e+00,4.492607712745666504e-01
1.000000000000000000e+00,5.143231749534606934e-01
1.000000000000000000e+00,5.317615270614624023e-01
1.000000000000000000e+00,3.906930387020111084e-01
1.000000000000000000e+00,3.823692500591278076e-01
1.000000000000000000e+00,5.187872052192687988e-01
1.000000000000000000e+00,4.326031804084777832e-01
1.000000000000000000e+00,4.734791815280914307e-01
1.000000000000000000e+00,3.826416730880737305e-01
1.000000000000000000e+00,4.357239902019500732e-01
1.000000000000000000e+00,4.181610047817230225e-01
1.000000000000000000e+00,3.792065083980560303e-01
1.000000000000000000e+00,4.983682036399841309e-01
1.000000000000000000e+00,4.674969315528869629e-01
1.000000000000000000e+00,4.354715049266815186e-01
1.000000000000000000e+00,4.743715524673461914e-01
1.000000000000000000e+00,5.200237631797790527e-01
1.000000000000000000e+00,5.641331672668457031e-01
1.000000000000000000e+00,4.849058091640472412e-01
1.000000000000000000e+00,4.492550492286682129e-01
1.000000000000000000e+00,5.581784844398498535e-01
1.000000000000000000e+00,4.683952629566192627e-01
1.000000000000000000e+00,4.358044862747192383e-01
1.000000000000000000e+00,3.958730995655059814e-01
1.000000000000000000e+00,4.395678043365478516e-01
1.000000000000000000e+00,4.467566907405853271e-01
1.000000000000000000e+00,4.449954032897949219e-01
1.000000000000000000e+00,5.129292011260986328e-01
1.000000000000000000e+00,4.958330392837524414e-01
1.000000000000000000e+00,4.150700271129608154e-01
1.000000000000000000e+00,4.441635012626647949e-01
1.000000000000000000e+00,4.482338428497314453e-01
1.000000000000000000e+00,4.461473524570465088e-01
1.000000000000000000e+00,5.699707865715026855e-01
1.000000000000000000e+00,4.722741246223449707e-01
1.000000000000000000e+00,4.324480891227722168e-01
1.000000000000000000e+00,4.789668917655944824e-01
1.000000000000000000e+00,4.450903236865997314e-01
1.000000000000000000e+00,4.473754167556762695e-01
1.000000000000000000e+00,4.648385345935821533e-01
1.000000000000000000e+00,4.092357158660888672e-01
1.000000000000000000e+00,5.112313032150268555e-01
1.000000000000000000e+00,4.780904948711395264e-01
1.000000000000000000e+00,4.459574222564697266e-01
1.000000000000000000e+00,5.690360069274902344e-01
1.000000000000000000e+00,5.244393944740295410e-01
1.000000000000000000e+00,4.693542122840881348e-01
1.000000000000000000e+00,5.273114442825317383e-01
1.000000000000000000e+00,3.982553482055664062e-01
1.000000000000000000e+00,5.248566865921020508e-01
1.000000000000000000e+00,4.396085143089294434e-01
1.000000000000000000e+00,4.311521649360656738e-01
1.000000000000000000e+00,4.943767189979553223e-01
1.000000000000000000e+00,5.327270030975341797e-01
1.000000000000000000e+00,5.073594450950622559e-01
1.000000000000000000e+00,5.234261155128479004e-01
1.000000000000000000e+00,5.428733229637145996e-01
1.000000000000000000e+00,4.738387167453765869e-01
1.000000000000000000e+00,4.309451878070831299e-01
1.000000000000000000e+00,4.832242131233215332e-01
1.000000000000000000e+00,4.149848222732543945e-01
1.000000000000000000e+00,5.053657293319702148e-01
1.000000000000000000e+00,5.163039565086364746e-01
1.000000000000000000e+00,5.004313588142395020e-01
1.000000000000000000e+00,5.308935642242431641e-01
1.000000000000000000e+00,5.278357267379760742e-01
1.000000000000000000e+00,4.644422829151153564e-01
1.000000000000000000e+00,4.655521512031555176e-01
1.000000000000000000e+00,4.717871844768524170e-01
1.000000000000000000e+00,4.191618859767913818e-01
1.000000000000000000e+00,5.070731043815612793e-01
1.000000000000000000e+00,4.616332054138183594e-01
1.000000000000000000e+00,5.242445468902587891e-01
1.000000000000000000e+00,3.820437490940093994e-01
1.000000000000000000e+00,4.213487505912780762e-01
1.000000000000000000e+00,3.937333822250366211e-01
1.000000000000000000e+00,5.572384595870971680e-01
1.000000000000000000e+00,5.455681085586547852e-01
1.000000000000000000e+00,4.995216429233551025e-01
1.000000000000000000e+00,4.438475668430328369e-01
1.000000000000000000e+00,4.703000187873840332e-01
1.000000000000000000e+00,3.610530495643615723e-01
1.000000000000000000e+00,4.509944617748260498e-01
1.000000000000000000e+00,4.732282459735870361e-01
1.000000000000000000e+00,4.563351869583129883e-01
1.000000000000000000e+00,4.718874096870422363e-01
1.000000000000000000e+00,4.567621946334838867e-01
1.000000000000000000e+00,4.804222285747528076e-01
1.000000000000000000e+00,4.105002880096435547e-01
1.000000000000000000e+00,4.151241183280944824e-01
1.000000000000000000e+00,4.009198546409606934e-01
1.000000000000000000e+00,3.989787101745605469e-01
1.000000000000000000e+00,4.252354800701141357e-01
1.000000000000000000e+00,4.526299238204956055e-01
1.000000000000000000e+00,4.088105559349060059e-01
1.000000000000000000e+00,4.275533258914947510e-01
1.000000000000000000e+00,5.552170872688293457e-01
1.000000000000000000e+00,4.913985729217529297e-01
1.000000000000000000e+00,4.534620642662048340e-01
1.000000000000000000e+00,4.243179261684417725e-01
1.000000000000000000e+00,5.136157870292663574e-01
1.000000000000000000e+00,3.827319443225860596e-01
1.000000000000000000e+00,4.621629118919372559e-01
1.000000000000000000e+00,4.501315951347351074e-01
1.000000000000000000e+00,4.945050179958343506e-01
1.000000000000000000e+00,5.404673218727111816e-01
1.000000000000000000e+00,3.707764148712158203e-01
1.000000000000000000e+00,5.234800577163696289e-01
1.000000000000000000e+00,3.829084634780883789e-01
1.000000000000000000e+00,4.437263011932373047e-01
1.000000000000000000e+00,4.531880915164947510e-01
1.000000000000000000e+00,5.063195824623107910e-01
1.000000000000000000e+00,4.541860818862915039e-01
1.000000000000000000e+00,4.542262256145477295e-01
1.000000000000000000e+00,4.509557783603668213e-01
1.000000000000000000e+00,4.564432203769683838e-01
1.000000000000000000e+00,4.418037235736846924e-01
1.000000000000000000e+00,5.221617221832275391e-01
1.000000000000000000e+00,4.547028839588165283e-01
1.000000000000000000e+00,4.523929059505462646e-01
1.000000000000000000e+00,5.297850370407104492e-01
1.000000000000000000e+00,5.777170658111572266e-01
1.000000000000000000e+00,4.490965604782104492e-01
1.000000000000000000e+00,4.614309072494506836e-01
1.000000000000000000e+00,3.847123980522155762e-01
1.000000000000000000e+00,4.332496821880340576e-01
1.000000000000000000e+00,4.983194768428802490e-01
1.000000000000000000e+00,4.398926794528961182e-01
1.000000000000000000e+00,4.839939773082733154e-01
1.000000000000000000e+00,5.229068994522094727e-01
1.000000000000000000e+00,4.833051562309265137e-01
1.000000000000000000e+00,5.472964644432067871e-01
1.000000000000000000e+00,4.959931969642639160e-01
1.000000000000000000e+00,4.709376394748687744e-01
1.000000000000000000e+00,4.804649353027343750e-01
1.000000000000000000e+00,3.806471824645996094e-01
1.000000000000000000e+00,5.215541124343872070e-01
1.000000000000000000e+00,4.129725396633148193e-01
1.000000000000000000e+00,4.058233201503753662e-01
1.000000000000000000e+00,5.258376598358154297e-01
1.000000000000000000e+00,5.708900094032287598e-01
1.000000000000000000e+00,4.621246755123138428e-01
1.000000000000000000e+00,4.686659574508666992e-01
1.000000000000000000e+00,5.136741399765014648e-01
1.000000000000000000e+00,4.310089349746704102e-01
1.000000000000000000e+00,5.118404030799865723e-01
1.000000000000000000e+00,4.724946320056915283e-01
1.000000000000000000e+00,5.120214819908142090e-01
1.000000000000000000e+00,4.701452255249023438e-01
1.000000000000000000e+00,4.372619688510894775e-01
1.000000000000000000e+00,4.993549287319183350e-01
1.000000000000000000e+00,5.178413987159729004e-01
1.000000000000000000e+00,4.433547556400299072e-01
1.000000000000000000e+00,4.750597774982452393e-01
1.000000000000000000e+00,4.930308461189270020e-01
1.000000000000000000e+00,4.363035261631011963e-01
1.000000000000000000e+00,4.053130745887756348e-01
1.000000000000000000e+00,4.373173713684082031e-01
1.000000000000000000e+00,4.187682271003723145e-01
1.000000000000000000e+00,5.372104048728942871e-01
1.000000000000000000e+00,5.188452601432800293e-01
1.000000000000000000e+00,4.845487475395202637e-01
1.000000000000000000e+00,5.186737775802612305e-01
1.000000000000000000e+00,3.916033506393432617e-01
1.000000000000000000e+00,6.254739761352539062e-01
1.000000000000000000e+00,5.296219587326049805e-01
1.000000000000000000e+00,4.149538278579711914e-01
1.000000000000000000e+00,4.661846160888671875e-01
1.000000000000000000e+00,4.256286621093750000e-01
1.000000000000000000e+00,4.404294490814208984e-01
1.000000000000000000e+00,4.294230341911315918e-01
1.000000000000000000e+00,4.335444867610931396e-01
1.000000000000000000e+00,4.066335856914520264e-01
1.000000000000000000e+00,3.835209906101226807e-01
1.000000000000000000e+00,4.234043359756469727e-01
1.000000000000000000e+00,4.897735118865966797e-01
1.000000000000000000e+00,5.024526119232177734e-01
1.000000000000000000e+00,4.415010809898376465e-01
1.000000000000000000e+00,4.280817806720733643e-01
1.000000000000000000e+00,6.032294034957885742e-01
1.000000000000000000e+00,4.016152024269104004e-01
1.000000000000000000e+00,4.835188090801239014e-01
1.000000000000000000e+00,5.113856196403503418e-01
1.000000000000000000e+00,4.038151204586029053e-01
1.000000000000000000e+00,4.551330804824829102e-01
1.000000000000000000e+00,4.243671298027038574e-01
1.000000000000000000e+00,5.207780599594116211e-01
1.000000000000000000e+00,3.844261765480041504e-01
1.000000000000000000e+00,5.247399210929870605e-01
1.000000000000000000e+00,3.755999207496643066e-01
1.000000000000000000e+00,4.885272383689880371e-01
1.000000000000000000e+00,3.865841329097747803e-01
1.000000000000000000e+00,4.537916183471679688e-01
1.000000000000000000e+00,4.940923750400543213e-01
1.000000000000000000e+00,4.675823152065277100e-01
1.000000000000000000e+00,4.702003300189971924e-01
1.000000000000000000e+00,4.089980721473693848e-01
1.000000000000000000e+00,4.682447910308837891e-01
1.000000000000000000e+00,4.668646752834320068e-01
1.000000000000000000e+00,4.986674785614013672e-01
1.000000000000000000e+00,3.851624131202697754e-01
1.000000000000000000e+00,4.285663962364196777e-01
1.000000000000000000e+00,5.107614398002624512e-01
1.000000000000000000e+00,4.368572831153869629e-01
1.000000000000000000e+00,5.261478424072265625e-01
1.000000000000000000e+00,4.932108521461486816e-01
1.000000000000000000e+00,3.898218870162963867e-01
1.000000000000000000e+00,4.381071925163269043e-01
1.000000000000000000e+00,4.336984753608703613e-01
1.000000000000000000e+00,5.259420871734619141e-01
1.000000000000000000e+00,4.983797967433929443e-01
1.000000000000000000e+00,4.151910543441772461e-01
1.000000000000000000e+00,3.993776142597198486e-01
1.000000000000000000e+00,5.151179432868957520e-01
1.000000000000000000e+00,5.775103569030761719e-01
1.000000000000000000e+00,5.240752696990966797e-01
1.000000000000000000e+00,5.470997095108032227e-01
1.000000000000000000e+00,5.163990855216979980e-01
1.000000000000000000e+00,4.594550132751464844e-01
1.000000000000000000e+00,5.077808499336242676e-01
1.000000000000000000e+00,4.150851964950561523e-01
1.000000000000000000e+00,4.664760828018188477e-01
1.000000000000000000e+00,5.373324155807495117e-01
1.000000000000000000e+00,5.215258002281188965e-01
1.000000000000000000e+00,4.551993608474731445e-01
1.000000000000000000e+00,4.936452209949493408e-01
1.000000000000000000e+00,4.869823753833770752e-01
1.000000000000000000e+00,4.909399151802062988e-01
1.000000000000000000e+00,4.116291999816894531e-01
1.000000000000000000e+00,3.892942070960998535e-01
1.000000000000000000e+00,4.213181734085083008e-01
1.000000000000000000e+00,4.289542436599731445e-01
1.000000000000000000e+00,5.302748084068298340e-01
1.000000000000000000e+00,5.264688134193420410e-01
1.000000000000000000e+00,5.512963533401489258e-01
1.000000000000000000e+00,5.217943787574768066e-01
1.000000000000000000e+00,3.789366781711578369e-01
1.000000000000000000e+00,3.703895509243011475e-01
1.000000000000000000e+00,4.327614307403564453e-01
1.000000000000000000e+00,4.346485137939453125e-01
1.000000000000000000e+00,4.385460913181304932e-01
1.000000000000000000e+00,4.305912852287292480e-01
1.000000000000000000e+00,4.252737164497375488e-01
1.000000000000000000e+00,3.967027962207794189e-01
1.000000000000000000e+00,4.497877061367034912e-01
1.000000000000000000e+00,4.782701730728149414e-01
1.000000000000000000e+00,5.314589142799377441e-01
1.000000000000000000e+00,4.358650445938110352e-01
1.000000000000000000e+00,5.455753803253173828e-01
1.000000000000000000e+00,3.877287209033966064e-01
1.000000000000000000e+00,4.862598478794097900e-01
1.000000000000000000e+00,5.119302272796630859e-01
1.000000000000000000e+00,5.327427387237548828e-01
1.000000000000000000e+00,5.069569945335388184e-01
1.000000000000000000e+00,3.544615209102630615e-01
1.000000000000000000e+00,4.794299304485321045e-01
1.000000000000000000e+00,4.109129905700683594e-01
1.000000000000000000e+00,4.392936825752258301e-01
1.000000000000000000e+00,4.995191395282745361e-01
1.000000000000000000e+00,4.651840031147003174e-01
1.000000000000000000e+00,4.668334722518920898e-01
1.000000000000000000e+00,4.332262277603149414e-01
1.000000000000000000e+00,3.904854357242584229e-01
1.000000000000000000e+00,5.271344184875488281e-01
1.000000000000000000e+00,4.929741024971008301e-01
1.000000000000000000e+00,4.597814679145812988e-01
1.000000000000000000e+00,4.220364391803741455e-01
1.000000000000000000e+00,4.950693249702453613e-01
1.000000000000000000e+00,4.354844093322753906e-01
1.000000000000000000e+00,4.340999722480773926e-01
1.000000000000000000e+00,6.109241247177124023e-01
1.000000000000000000e+00,4.643464088439941406e-01
1.000000000000000000e+00,3.750217556953430176e-01
1.000000000000000000e+00,5.399194955825805664e-01
1.000000000000000000e+00,4.272302091121673584e-01
1.000000000000000000e+00,5.321083068847656250e-01
1.000000000000000000e+00,6.182542443275451660e-01
1.000000000000000000e+00,4.103619456291198730e-01
1.000000000000000000e+00,4.108533859252929688e-01
1.000000000000000000e+00,5.028973817825317383e-01
1.000000000000000000e+00,4.688297510147094727e-01
1.000000000000000000e+00,5.167639851570129395e-01
1.000000000000000000e+00,4.863377809524536133e-01
1.000000000000000000e+00,4.755775332450866699e-01
1.000000000000000000e+00,5.119738578796386719e-01
1.000000000000000000e+00,4.297792315483093262e-01
1.000000000000000000e+00,4.016153216361999512e-01
1.000000000000000000e+00,4.794957339763641357e-01
1.000000000000000000e+00,4.910328984260559082e-01
1.000000000000000000e+00,4.473896622657775879e-01
1.000000000000000000e+00,6.223742961883544922e-01
1.000000000000000000e+00,4.468975663185119629e-01
1.000000000000000000e+00,5.162022709846496582e-01
1.000000000000000000e+00,4.985421299934387207e-01
1.000000000000000000e+00,4.554556012153625488e-01
1.000000000000000000e+00,5.118357539176940918e-01
1.000000000000000000e+00,5.839280486106872559e-01
1.000000000000000000e+00,5.105370283126831055e-01
1.000000000000000000e+00,4.393042922019958496e-01
1.000000000000000000e+00,4.818884134292602539e-01
1.000000000000000000e+00,5.312313437461853027e-01
1.000000000000000000e+00,4.510957300662994385e-01
1.000000000000000000e+00,4.141093790531158447e-01
1.000000000000000000e+00,4.365394711494445801e-01
1.000000000000000000e+00,4.319683611392974854e-01
1.000000000000000000e+00,4.121269583702087402e-01
1.000000000000000000e+00,4.372407197952270508e-01
1.000000000000000000e+00,3.712376356124877930e-01
1.000000000000000000e+00,4.888889789581298828e-01
1.000000000000000000e+00,5.189462900161743164e-01
1.000000000000000000e+00,4.659056365489959717e-01
1.000000000000000000e+00,5.109642148017883301e-01
1.000000000000000000e+00,4.931763708591461182e-01
1.000000000000000000e+00,4.360839128494262695e-01
1.000000000000000000e+00,4.751593470573425293e-01
1.000000000000000000e+00,5.872681140899658203e-01
1.000000000000000000e+00,4.759959280490875244e-01
1.000000000000000000e+00,4.843168556690216064e-01
1.000000000000000000e+00,4.513054192066192627e-01
1.000000000000000000e+00,5.049818754196166992e-01
1.000000000000000000e+00,4.951058328151702881e-01
1.000000000000000000e+00,5.134928226470947266e-01
1.000000000000000000e+00,5.932204723358154297e-01
1.000000000000000000e+00,4.613693058490753174e-01
1.000000000000000000e+00,5.099630355834960938e-01
1.000000000000000000e+00,4.159324765205383301e-01
1.000000000000000000e+00,5.382220149040222168e-01
1.000000000000000000e+00,4.461701810359954834e-01
1.000000000000000000e+00,4.818063080310821533e-01
1.000000000000000000e+00,5.072644948959350586e-01
1.000000000000000000e+00,4.460352659225463867e-01
1.000000000000000000e+00,5.143235921859741211e-01
1.000000000000000000e+00,3.819854855537414551e-01
1.000000000000000000e+00,3.995330631732940674e-01
1.000000000000000000e+00,4.806782901287078857e-01
1.000000000000000000e+00,5.492457747459411621e-01
1.000000000000000000e+00,4.115899205207824707e-01
1.000000000000000000e+00,5.724315047264099121e-01
1.000000000000000000e+00,3.745920062065124512e-01
1.000000000000000000e+00,4.157813489437103271e-01
1.000000000000000000e+00,4.840487837791442871e-01
1.000000000000000000e+00,5.664011836051940918e-01
1.000000000000000000e+00,5.224753022193908691e-01
1.000000000000000000e+00,4.291759431362152100e-01
1.000000000000000000e+00,4.383931756019592285e-01
1.000000000000000000e+00,4.092260003089904785e-01
1.000000000000000000e+00,4.199194908142089844e-01
1.000000000000000000e+00,4.856261014938354492e-01
1.000000000000000000e+00,4.278500676155090332e-01
1.000000000000000000e+00,4.532482028007507324e-01
1.000000000000000000e+00,4.259822964668273926e-01
1.000000000000000000e+00,4.193713068962097168e-01
1.000000000000000000e+00,4.986687898635864258e-01
1.000000000000000000e+00,5.059676170349121094e-01
1.000000000000000000e+00,4.416614472866058350e-01
1.000000000000000000e+00,4.030599594116210938e-01
1.000000000000000000e+00,4.311345219612121582e-01
1.000000000000000000e+00,5.194096565246582031e-01
1.000000000000000000e+00,5.023143291473388672e-01
1.000000000000000000e+00,4.489193558692932129e-01
1.000000000000000000e+00,5.101979374885559082e-01
1.000000000000000000e+00,5.176795721054077148e-01
1.000000000000000000e+00,5.390383601188659668e-01
1.000000000000000000e+00,3.845099806785583496e-01
1.000000000000000000e+00,4.144144952297210693e-01
1.000000000000000000e+00,3.872857987880706787e-01
1.000000000000000000e+00,4.303149580955505371e-01
1.000000000000000000e+00,4.550518095493316650e-01
1.000000000000000000e+00,5.442827343940734863e-01
1.000000000000000000e+00,5.731331110000610352e-01
1.000000000000000000e+00,3.666074573993682861e-01
1.000000000000000000e+00,4.052010178565979004e-01
1.000000000000000000e+00,4.955238699913024902e-01
1.000000000000000000e+00,4.838704764842987061e-01
1.000000000000000000e+00,4.899009466171264648e-01
1.000000000000000000e+00,4.091036915779113770e-01
1.000000000000000000e+00,4.236700236797332764e-01
1.000000000000000000e+00,4.464224576950073242e-01
1.000000000000000000e+00,4.334288835525512695e-01
1.000000000000000000e+00,4.307823181152343750e-01
1.000000000000000000e+00,4.087612032890319824e-01
1.000000000000000000e+00,5.544118285179138184e-01
1.000000000000000000e+00,4.630288779735565186e-01
1.000000000000000000e+00,4.540019631385803223e-01
1.000000000000000000e+00,4.587011039257049561e-01
1.000000000000000000e+00,5.403667092323303223e-01
1.000000000000000000e+00,5.447810292243957520e-01
1.000000000000000000e+00,4.842179417610168457e-01
1.000000000000000000e+00,4.597260355949401855e-01
1.000000000000000000e+00,5.764079093933105469e-01
1.000000000000000000e+00,4.204270541667938232e-01
1.000000000000000000e+00,5.091915130615234375e-01
1.000000000000000000e+00,5.547803640365600586e-01
1.000000000000000000e+00,4.613225162029266357e-01
1.000000000000000000e+00,4.297392964363098145e-01
1.000000000000000000e+00,4.224970340728759766e-01
1.000000000000000000e+00,4.488297998905181885e-01
1.000000000000000000e+00,4.541213214397430420e-01
1.000000000000000000e+00,4.705953896045684814e-01
1.000000000000000000e+00,5.162299275398254395e-01
1.000000000000000000e+00,4.823697209358215332e-01
1.000000000000000000e+00,4.078969955444335938e-01
1.000000000000000000e+00,4.448777139186859131e-01
1.000000000000000000e+00,4.582499861717224121e-01
1.000000000000000000e+00,4.441109001636505127e-01
1.000000000000000000e+00,4.302699267864227295e-01
1.000000000000000000e+00,5.092051029205322266e-01
1.000000000000000000e+00,4.630011916160583496e-01
1.000000000000000000e+00,5.248846411705017090e-01
1.000000000000000000e+00,3.842625617980957031e-01
1.000000000000000000e+00,4.570932388305664062e-01
1.000000000000000000e+00,5.202326774597167969e-01
1.000000000000000000e+00,5.051873922348022461e-01
1.000000000000000000e+00,4.799767732620239258e-01
1.000000000000000000e+00,4.501615464687347412e-01
1.000000000000000000e+00,4.287903904914855957e-01
1.000000000000000000e+00,4.496327042579650879e-01
1.000000000000000000e+00,3.811172544956207275e-01
1.000000000000000000e+00,5.293387174606323242e-01
1.000000000000000000e+00,4.210691750049591064e-01
1.000000000000000000e+00,5.967426896095275879e-01
1.000000000000000000e+00,4.655402898788452148e-01
1.000000000000000000e+00,4.923101663589477539e-01
1.000000000000000000e+00,5.228275656700134277e-01
1.000000000000000000e+00,4.718148112297058105e-01
1.000000000000000000e+00,4.661463499069213867e-01
1.000000000000000000e+00,4.626074731349945068e-01
1.000000000000000000e+00,5.414082407951354980e-01
1.000000000000000000e+00,4.497260749340057373e-01
1.000000000000000000e+00,4.637686014175415039e-01
1.000000000000000000e+00,4.396936595439910889e-01
1.000000000000000000e+00,4.586985409259796143e-01
1.000000000000000000e+00,4.902512431144714355e-01
1.000000000000000000e+00,4.991257488727569580e-01
1.000000000000000000e+00,4.700374007225036621e-01
1.000000000000000000e+00,5.313128829002380371e-01
1.000000000000000000e+00,4.226210713386535645e-01
1.000000000000000000e+00,4.666212201118469238e-01
1.000000000000000000e+00,4.815466701984405518e-01
1.000000000000000000e+00,5.236649513244628906e-01
1.000000000000000000e+00,4.395533204078674316e-01
1.000000000000000000e+00,4.387400150299072266e-01
1.000000000000000000e+00,4.104419648647308350e-01
1.000000000000000000e+00,5.152799487113952637e-01
1.000000000000000000e+00,4.624314308166503906e-01
1.000000000000000000e+00,3.643139302730560303e-01
1.000000000000000000e+00,4.363037049770355225e-01
1.000000000000000000e+00,5.504777431488037109e-01
1.000000000000000000e+00,4.009009003639221191e-01
1.000000000000000000e+00,5.613345503807067871e-01
1.000000000000000000e+00,5.587747097015380859e-01
1.000000000000000000e+00,3.881747722625732422e-01
1.000000000000000000e+00,4.978119730949401855e-01
1.000000000000000000e+00,4.868560135364532471e-01
1.000000000000000000e+00,3.366163074970245361e-01
1.000000000000000000e+00,4.201565384864807129e-01
1.000000000000000000e+00,4.264218509197235107e-01
1.000000000000000000e+00,4.671461582183837891e-01
1.000000000000000000e+00,4.122974872589111328e-01
1.000000000000000000e+00,4.471804201602935791e-01
1.000000000000000000e+00,4.665088653564453125e-01
1.000000000000000000e+00,5.257463455200195312e-01
1.000000000000000000e+00,4.938781857490539551e-01
1.000000000000000000e+00,4.139742553234100342e-01
1.000000000000000000e+00,4.952795505523681641e-01
1.000000000000000000e+00,4.197915494441986084e-01
1.000000000000000000e+00,4.659523665904998779e-01
1.000000000000000000e+00,5.063287019729614258e-01
1.000000000000000000e+00,5.468214750289916992e-01
1.000000000000000000e+00,5.220204591751098633e-01
1.000000000000000000e+00,4.214956760406494141e-01
1.000000000000000000e+00,5.453827381134033203e-01
1.000000000000000000e+00,3.634842634201049805e-01
1.000000000000000000e+00,4.368395209312438965e-01
1.000000000000000000e+00,3.973464071750640869e-01
1.000000000000000000e+00,4.804710447788238525e-01
1.000000000000000000e+00,4.808267354965209961e-01
1.000000000000000000e+00,5.094560980796813965e-01
1.000000000000000000e+00,4.165055751800537109e-01
1.000000000000000000e+00,3.748588263988494873e-01
1.000000000000000000e+00,5.346781611442565918e-01
1.000000000000000000e+00,4.753987193107604980e-01
1.000000000000000000e+00,4.504113793373107910e-01
1.000000000000000000e+00,4.544919133186340332e-01
1.000000000000000000e+00,4.857187867164611816e-01
1.000000000000000000e+00,5.067457556724548340e-01
1.000000000000000000e+00,4.726019501686096191e-01
1.000000000000000000e+00,4.213941395282745361e-01
1.000000000000000000e+00,4.599511921405792236e-01
1.000000000000000000e+00,4.880497455596923828e-01
1.000000000000000000e+00,4.579142332077026367e-01
1.000000000000000000e+00,4.450134038925170898e-01
1.000000000000000000e+00,5.636365413665771484e-01
1.000000000000000000e+00,5.116140842437744141e-01
1.000000000000000000e+00,5.343406796455383301e-01
1.000000000000000000e+00,5.121988654136657715e-01
1.000000000000000000e+00,4.225443899631500244e-01
1.000000000000000000e+00,6.026350855827331543e-01
1.000000000000000000e+00,5.538150668144226074e-01
1.000000000000000000e+00,4.862160682678222656e-01
1.000000000000000000e+00,5.639926195144653320e-01
1.000000000000000000e+00,4.593889117240905762e-01
1.000000000000000000e+00,4.387348890304565430e-01
1.000000000000000000e+00,5.084258317947387695e-01
1.000000000000000000e+00,4.369440972805023193e-01
1.000000000000000000e+00,4.541278481483459473e-01
1.000000000000000000e+00,4.843110442161560059e-01
1.000000000000000000e+00,5.712038278579711914e-01
1.000000000000000000e+00,5.876925587654113770e-01
1.000000000000000000e+00,5.062187314033508301e-01
1.000000000000000000e+00,4.735214412212371826e-01
1.000000000000000000e+00,4.477775990962982178e-01
1.000000000000000000e+00,5.395967364311218262e-01
1.000000000000000000e+00,4.582433104515075684e-01
1.000000000000000000e+00,5.055663585662841797e-01
1.000000000000000000e+00,4.532291591167449951e-01
1.000000000000000000e+00,5.200723409652709961e-01
1.000000000000000000e+00,5.243345499038696289e-01
1.000000000000000000e+00,5.229030847549438477e-01
1.000000000000000000e+00,3.941499590873718262e-01
1.000000000000000000e+00,5.034424066543579102e-01
1.000000000000000000e+00,4.354752004146575928e-01
1.000000000000000000e+00,4.311653077602386475e-01
1.000000000000000000e+00,4.323601126670837402e-01
1.000000000000000000e+00,3.773419857025146484e-01
1.000000000000000000e+00,5.834391713142395020e-01
1.000000000000000000e+00,4.544087648391723633e-01
1.000000000000000000e+00,3.960217833518981934e-01
1.000000000000000000e+00,4.989085793495178223e-01
1.000000000000000000e+00,4.898927807807922363e-01
1.000000000000000000e+00,4.721632301807403564e-01
1.000000000000000000e+00,4.814580082893371582e-01
1.000000000000000000e+00,4.622919261455535889e-01
1.000000000000000000e+00,5.424670577049255371e-01
1.000000000000000000e+00,5.971454381942749023e-01
1.000000000000000000e+00,5.002219676971435547e-01
1.000000000000000000e+00,5.534300804138183594e-01
1.000000000000000000e+00,4.610320329666137695e-01
1.000000000000000000e+00,5.284559130668640137e-01
1.000000000000000000e+00,4.914531111717224121e-01
1.000000000000000000e+00,5.230252742767333984e-01
1.000000000000000000e+00,4.590771198272705078e-01
1.000000000000000000e+00,5.252532958984375000e-01
1.000000000000000000e+00,4.512318074703216553e-01
1.000000000000000000e+00,4.840499162673950195e-01
1.000000000000000000e+00,4.522431492805480957e-01
1.000000000000000000e+00,5.925682187080383301e-01
1.000000000000000000e+00,4.943242967128753662e-01
1.000000000000000000e+00,4.575773477554321289e-01
1.000000000000000000e+00,4.650041162967681885e-01
1.000000000000000000e+00,4.965351819992065430e-01
1.000000000000000000e+00,3.704316020011901855e-01
1.000000000000000000e+00,4.536867737770080566e-01
1.000000000000000000e+00,4.753834605216979980e-01
1.000000000000000000e+00,5.718072652816772461e-01
1.000000000000000000e+00,4.777334332466125488e-01
1.000000000000000000e+00,4.724445343017578125e-01
1.000000000000000000e+00,3.996871411800384521e-01
1.000000000000000000e+00,4.312356710433959961e-01
1.000000000000000000e+00,5.242615342140197754e-01
1.000000000000000000e+00,4.974375367164611816e-01
1.000000000000000000e+00,4.213300645351409912e-01
1.000000000000000000e+00,3.990637660026550293e-01
1.000000000000000000e+00,4.979100227355957031e-01
1.000000000000000000e+00,5.090906023979187012e-01
1.000000000000000000e+00,4.975683093070983887e-01
1.000000000000000000e+00,4.500295817852020264e-01
1.000000000000000000e+00,4.473590254783630371e-01
1.000000000000000000e+00,4.389744699001312256e-01
1.000000000000000000e+00,4.705134630203247070e-01
1.000000000000000000e+00,4.462891221046447754e-01
1.000000000000000000e+00,4.234249591827392578e-01
1.000000000000000000e+00,5.704895257949829102e-01
1.000000000000000000e+00,4.732050597667694092e-01
1.000000000000000000e+00,4.668707847595214844e-01
1.000000000000000000e+00,5.164969563484191895e-01
1.000000000000000000e+00,4.559810161590576172e-01
1.000000000000000000e+00,3.717940747737884521e-01
1.000000000000000000e+00,4.628441333770751953e-01
1.000000000000000000e+00,4.354250431060791016e-01
1.000000000000000000e+00,4.920549988746643066e-01
1.000000000000000000e+00,5.539655685424804688e-01
1.000000000000000000e+00,5.063989162445068359e-01
1.000000000000000000e+00,4.295897185802459717e-01
1.000000000000000000e+00,5.175675153732299805e-01
1.000000000000000000e+00,4.633205235004425049e-01
1.000000000000000000e+00,4.467837214469909668e-01
1.000000000000000000e+00,4.690517783164978027e-01
1.000000000000000000e+00,4.551849067211151123e-01
1.000000000000000000e+00,4.042049348354339600e-01
1.000000000000000000e+00,4.638910591602325439e-01
1.000000000000000000e+00,4.684523344039916992e-01
1.000000000000000000e+00,4.358125030994415283e-01
1.000000000000000000e+00,4.545589089393615723e-01
1.000000000000000000e+00,4.378662705421447754e-01
1.000000000000000000e+00,4.873637855052947998e-01
1.000000000000000000e+00,4.635560214519500732e-01
1.000000000000000000e+00,5.042825937271118164e-01
1.000000000000000000e+00,4.371876716613769531e-01
1.000000000000000000e+00,5.246065258979797363e-01
1.000000000000000000e+00,4.525210559368133545e-01
1.000000000000000000e+00,4.576038122177124023e-01
1.000000000000000000e+00,4.041071534156799316e-01
1.000000000000000000e+00,4.946557879447937012e-01
1.000000000000000000e+00,4.976124763488769531e-01
1.000000000000000000e+00,5.105234980583190918e-01
1.000000000000000000e+00,4.854937791824340820e-01
1.000000000000000000e+00,5.105130076408386230e-01
