label,score
0.000000000000000000e+00,3.207489252090454102e-01
0.000000000000000000e+00,3.500139415264129639e-01
0.000000000000000000e+00,1.651834845542907715e-01
0.000000000000000000e+00,2.011365592479705811e-01
0.000000000000000000e+00,2.032037377357482910e-01
0.000000000000000000e+00,1.391136348247528076e-01
0.000000000000000000e+00,1.965892165899276733e-01
0.000000000000000000e+00,1.299896389245986938e-01
0.000000000000000000e+00,1.576331257820129395e-01
0.000000000000000000e+00,1.383714973926544189e-01
0.000000000000000000e+00,1.828151196241378784e-01
0.000000000000000000e+00,1.476442515850067139e-01
0.000000000000000000e+00,2.396220266819000244e-01
0.000000000000000000e+00,1.931311488151550293e-01
0.000000000000000000e+00,1.784494966268539429e-01
0.000000000000000000e+00,1.142826750874519348e-01
0.000000000000000000e+00,1.517875343561172485e-01
0.000000000000000000e+00,1.797751933336257935e-01
0.000000000000000000e+00,1.456282138824462891e-01
0.000000000000000000e+00,1.498210281133651733e-01
0.000000000000000000e+00,1.728545576333999634e-01
0.000000000000000000e+00,1.547330915927886963e-01
0.000000000000000000e+00,1.588336825370788574e-01
0.000000000000000000e+00,2.371815145015716553e-01
0.000000000000000000e+00,1.665947735309600830e-01
0.000000000000000000e+00,1.608886271715164185e-01
0.000000000000000000e+00,1.749878376722335815e-01
0.000000000000000000e+00,1.697553694248199463e-01
0.000000000000000000e+00,1.456309705972671509e-01
0.000000000000000000e+00,1.599392592906951904e-01
0.000000000000000000e+00,1.439084112644195557e-01
0.000000000000000000e+00,2.320913970470428467e-01
0.000000000000000000e+00,1.478302776813507080e-01
0.000000000000000000e+00,1.567095667123794556e-01
0.000000000000000000e+00,1.815413385629653931e-01
0.000000000000000000e+00,1.364373266696929932e-01
0.000000000000000000e+00,1.669490337371826172e-01
0.000000000000000000e+00,1.370097845792770386e-01
0.000000000000000000e+00,1.747078299522399902e-01
0.000000000000000000e+00,1.630553305149078369e-01
0.000000000000000000e+00,1.614903509616851807e-01
0.000000000000000000e+00,1.251906752586364746e-01
0.000000000000000000e+00,1.518464535474777222e-01
0.000000000000000000e+00,1.885781586170196533e-01
0.000000000000000000e+00,1.403813958168029785e-01
0.000000000000000000e+00,1.890032738447189331e-01
0.000000000000000000e+00,1.584384888410568237e-01
0.000000000000000000e+00,1.405946910381317139e-01
0.000000000000000000e+00,1.305408626794815063e-01
0.000000000000000000e+00,1.553075164556503296e-01
0.000000000000000000e+00,1.403097063302993774e-01
0.000000000000000000e+00,1.504285633563995361e-01
0.000000000000000000e+00,1.601128876209259033e-01
0.000000000000000000e+00,1.829999685287475586e-01
0.000000000000000000e+00,1.737572252750396729e-01
0.000000000000000000e+00,1.934291124343872070e-01
0.000000000000000000e+00,1.943690478801727295e-01
0.000000000000000000e+00,2.634562253952026367e-01
0.000000000000000000e+00,1.350253224372863770e-01
0.000000000000000000e+00,1.384581476449966431e-01
0.000000000000000000e+00,1.471513807773590088e-01
0.000000000000000000e+00,1.721759885549545288e-01
0.000000000000000000e+00,1.764731258153915405e-01
0.000000000000000000e+00,1.570437997579574585e-01
0.000000000000000000e+00,1.241854727268218994e-01
0.000000000000000000e+00,1.471041440963745117e-01
0.000000000000000000e+00,1.558155119419097900e-01
0.000000000000000000e+00,1.642420887947082520e-01
0.000000000000000000e+00,1.971123665571212769e-01
0.000000000000000000e+00,1.387608498334884644e-01
0.000000000000000000e+00,1.344226300716400146e-01
0.000000000000000000e+00,1.638680398464202881e-01
0.000000000000000000e+00,1.515198796987533569e-01
0.000000000000000000e+00,1.432367265224456787e-01
0.000000000000000000e+00,1.956462413072586060e-01
0.000000000000000000e+00,1.692270338535308838e-01
0.000000000000000000e+00,1.567410677671432495e-01
0.000000000000000000e+00,1.553193330764770508e-01
0.000000000000000000e+00,1.445091366767883301e-01
0.000000000000000000e+00,3.369683027267456055e-01
0.000000000000000000e+00,1.483836770057678223e-01
0.000000000000000000e+00,1.619872301816940308e-01
0.000000000000000000e+00,2.269226908683776855e-01
0.000000000000000000e+00,1.700489223003387451e-01
0.000000000000000000e+00,1.924394071102142334e-01
0.000000000000000000e+00,1.539958268404006958e-01
0.000000000000000000e+00,1.582359969615936279e-01
0.000000000000000000e+00,1.630287468433380127e-01
0.000000000000000000e+00,1.680681109428405762e-01
0.000000000000000000e+00,1.647957265377044678e-01
0.000000000000000000e+00,1.699200868606567383e-01
0.000000000000000000e+00,1.289675682783126831e-01
0.000000000000000000e+00,1.608396470546722412e-01
0.000000000000000000e+00,1.486497372388839722e-01
0.000000000000000000e+00,1.558877229690551758e-01
0.000000000000000000e+00,1.721753031015396118e-01
0.000000000000000000e+00,1.486859321594238281e-01
0.000000000000000000e+00,1.501130759716033936e-01
0.000000000000000000e+00,1.388112306594848633e-01
0.000000000000000000e+00,1.570765972137451172e-01
0.000000000000000000e+00,1.691218465566635132e-01
0.000000000000000000e+00,1.663210988044738770e-01
0.000000000000000000e+00,2.060227245092391968e-01
0.000000000000000000e+00,2.018906474113464355e-01
0.000000000000000000e+00,1.653632819652557373e-01
0.000000000000000000e+00,1.715275049209594727e-01
0.000000000000000000e+00,1.371400058269500732e-01
0.000000000000000000e+00,1.413439214229583740e-01
0.000000000000000000e+00,1.502728462219238281e-01
0.000000000000000000e+00,1.285283267498016357e-01
0.000000000000000000e+00,1.577903479337692261e-01
0.000000000000000000e+00,1.354615837335586548e-01
0.000000000000000000e+00,1.992821842432022095e-01
0.000000000000000000e+00,1.860596239566802979e-01
0.000000000000000000e+00,1.686621904373168945e-01
0.000000000000000000e+00,2.236093431711196899e-01
0.000000000000000000e+00,1.527693569660186768e-01
0.000000000000000000e+00,1.570956856012344360e-01
0.000000000000000000e+00,1.474027335643768311e-01
0.000000000000000000e+00,1.489311307668685913e-01
0.000000000000000000e+00,1.770730316638946533e-01
0.000000000000000000e+00,1.955946385860443115e-01
0.000000000000000000e+00,1.890425682067871094e-01
0.000000000000000000e+00,2.086682766675949097e-01
0.000000000000000000e+00,2.024038285017013550e-01
0.000000000000000000e+00,1.638294458389282227e-01
0.000000000000000000e+00,1.574545502662658691e-01
0.000000000000000000e+00,1.724628806114196777e-01
0.000000000000000000e+00,1.706524789333343506e-01
0.000000000000000000e+00,1.421480923891067505e-01
0.000000000000000000e+00,1.399198472499847412e-01
0.000000000000000000e+00,1.423342823982238770e-01
0.000000000000000000e+00,1.566987633705139160e-01
0.000000000000000000e+00,1.412817686796188354e-01
0.000000000000000000e+00,1.911017894744873047e-01
0.000000000000000000e+00,1.814242005348205566e-01
0.000000000000000000e+00,1.511352211236953735e-01
0.000000000000000000e+00,1.525274217128753662e-01
0.000000000000000000e+00,1.451324969530105591e-01
0.000000000000000000e+00,1.566823720932006836e-01
0.000000000000000000e+00,1.932180821895599365e-01
0.000000000000000000e+00,1.624151915311813354e-01
0.000000000000000000e+00,1.788208484649658203e-01
0.000000000000000000e+00,1.435508579015731812e-01
0.000000000000000000e+00,1.503817141056060791e-01
0.000000000000000000e+00,2.252192795276641846e-01
0.000000000000000000e+00,1.552842259407043457e-01
0.000000000000000000e+00,1.792300492525100708e-01
0.000000000000000000e+00,1.580518931150436401e-01
0.000000000000000000e+00,1.653921157121658325e-01
0.000000000000000000e+00,1.774744987487792969e-01
0.000000000000000000e+00,1.433330625295639038e-01
0.000000000000000000e+00,1.658521890640258789e-01
0.000000000000000000e+00,1.693214029073715210e-01
0.000000000000000000e+00,1.446828097105026245e-01
0.000000000000000000e+00,1.545674651861190796e-01
0.000000000000000000e+00,1.488494575023651123e-01
0.000000000000000000e+00,1.510566473007202148e-01
0.000000000000000000e+00,1.552801877260208130e-01
0.000000000000000000e+00,1.663208901882171631e-01
0.000000000000000000e+00,1.931576430797576904e-01
0.000000000000000000e+00,1.470055282115936279e-01
0.000000000000000000e+00,1.652854084968566895e-01
0.000000000000000000e+00,1.435723453760147095e-01
0.000000000000000000e+00,2.227307111024856567e-01
0.000000000000000000e+00,1.938597261905670166e-01
0.000000000000000000e+00,1.894991695880889893e-01
0.000000000000000000e+00,2.350853383541107178e-01
0.000000000000000000e+00,1.646305471658706665e-01
0.000000000000000000e+00,2.837464809417724609e-01
0.000000000000000000e+00,1.473677456378936768e-01
0.000000000000000000e+00,1.655495464801788330e-01
0.000000000000000000e+00,1.939579099416732788e-01
0.000000000000000000e+00,1.828228533267974854e-01
0.000000000000000000e+00,1.689563840627670288e-01
0.000000000000000000e+00,1.772369742393493652e-01
0.000000000000000000e+00,2.175851464271545410e-01
0.000000000000000000e+00,1.926132738590240479e-01
0.000000000000000000e+00,1.854243129491806030e-01
0.000000000000000000e+00,1.671112775802612305e-01
0.000000000000000000e+00,1.431159973144531250e-01
0.000000000000000000e+00,1.671607941389083862e-01
0.000000000000000000e+00,1.916490197181701660e-01
0.000000000000000000e+00,2.214168906211853027e-01
0.000000000000000000e+00,1.636435836553573608e-01
0.000000000000000000e+00,1.836523711681365967e-01
0.000000000000000000e+00,1.693603694438934326e-01
0.000000000000000000e+00,1.799983233213424683e-01
0.000000000000000000e+00,1.799099296331405640e-01
0.000000000000000000e+00,1.849302500486373901e-01
0.000000000000000000e+00,1.770086884498596191e-01
0.000000000000000000e+00,1.747901886701583862e-01
0.000000000000000000e+00,1.988312155008316040e-01
0.000000000000000000e+00,2.042082101106643677e-01
0.000000000000000000e+00,1.337961703538894653e-01
0.000000000000000000e+00,1.672921478748321533e-01
0.000000000000000000e+00,1.863909363746643066e-01
0.000000000000000000e+00,2.001082301139831543e-01
0.000000000000000000e+00,3.471552133560180664e-01
0.000000000000000000e+00,2.608811259269714355e-01
0.000000000000000000e+00,2.173597514629364014e-01
0.000000000000000000e+00,1.491826772689819336e-01
0.000000000000000000e+00,2.104578167200088501e-01
0.000000000000000000e+00,1.695426702499389648e-01
0.000000000000000000e+00,2.672784924507141113e-01
0.000000000000000000e+00,2.064187824726104736e-01
0.000000000000000000e+00,3.371419608592987061e-01
0.000000000000000000e+00,1.720715463161468506e-01
0.000000000000000000e+00,1.733534038066864014e-01
0.000000000000000000e+00,1.410924643278121948e-01
0.000000000000000000e+00,2.001057118177413940e-01
0.000000000000000000e+00,3.023023903369903564e-01
0.000000000000000000e+00,2.506787478923797607e-01
0.000000000000000000e+00,2.093624472618103027e-01
0.000000000000000000e+00,1.824217438697814941e-01
0.000000000000000000e+00,2.194349765777587891e-01
0.000000000000000000e+00,1.548024863004684448e-01
0.000000000000000000e+00,1.662067323923110962e-01
0.000000000000000000e+00,1.875172555446624756e-01
0.000000000000000000e+00,1.594698280096054077e-01
0.000000000000000000e+00,1.221644952893257141e-01
0.000000000000000000e+00,1.338637173175811768e-01
0.000000000000000000e+00,1.380113810300827026e-01
0.000000000000000000e+00,2.652052044868469238e-01
0.000000000000000000e+00,1.197791770100593567e-01
0.000000000000000000e+00,1.761257052421569824e-01
0.000000000000000000e+00,1.615789681673049927e-01
0.000000000000000000e+00,1.497124880552291870e-01
0.000000000000000000e+00,1.533969044685363770e-01
0.000000000000000000e+00,1.779169142246246338e-01
0.000000000000000000e+00,1.470973938703536987e-01
0.000000000000000000e+00,1.312051415443420410e-01
0.000000000000000000e+00,1.694003343582153320e-01
0.000000000000000000e+00,1.648178696632385254e-01
0.000000000000000000e+00,2.141934186220169067e-01
0.000000000000000000e+00,1.864722073078155518e-01
0.000000000000000000e+00,2.089054137468338013e-01
0.000000000000000000e+00,1.890107095241546631e-01
0.000000000000000000e+00,1.331448704004287720e-01
0.000000000000000000e+00,1.299860179424285889e-01
0.000000000000000000e+00,1.587040126323699951e-01
0.000000000000000000e+00,1.475394368171691895e-01
0.000000000000000000e+00,1.595982760190963745e-01
0.000000000000000000e+00,1.435815542936325073e-01
0.000000000000000000e+00,1.386685073375701904e-01
0.000000000000000000e+00,1.961322575807571411e-01
0.000000000000000000e+00,1.254256069660186768e-01
0.000000000000000000e+00,1.646354496479034424e-01
0.000000000000000000e+00,1.237759739160537720e-01
0.000000000000000000e+00,1.624822020530700684e-01
0.000000000000000000e+00,1.310665309429168701e-01
0.000000000000000000e+00,1.282182782888412476e-01
0.000000000000000000e+00,1.447710990905761719e-01
0.000000000000000000e+00,1.374326050281524658e-01
0.000000000000000000e+00,1.709028482437133789e-01
0.000000000000000000e+00,1.390763521194458008e-01
0.000000000000000000e+00,1.461563408374786377e-01
0.000000000000000000e+00,1.552274674177169800e-01
0.000000000000000000e+00,1.312418282032012939e-01
0.000000000000000000e+00,1.326095759868621826e-01
0.000000000000000000e+00,1.468230485916137695e-01
0.000000000000000000e+00,1.702699214220046997e-01
0.000000000000000000e+00,1.722959876060485840e-01
0.000000000000000000e+00,1.480094343423843384e-01
0.000000000000000000e+00,1.271572113037109375e-01
0.000000000000000000e+00,1.442477107048034668e-01
0.000000000000000000e+00,1.338087022304534912e-01
0.000000000000000000e+00,1.790424287319183350e-01
0.000000000000000000e+00,1.443879455327987671e-01
0.000000000000000000e+00,1.430054157972335815e-01
0.000000000000000000e+00,1.448451876640319824e-01
0.000000000000000000e+00,1.480226665735244751e-01
0.000000000000000000e+00,1.472280621528625488e-01
0.000000000000000000e+00,1.679362803697586060e-01
0.000000000000000000e+00,1.489408314228057861e-01
0.000000000000000000e+00,1.378300040960311890e-01
0.000000000000000000e+00,1.326174437999725342e-01
0.000000000000000000e+00,1.408048272132873535e-01
0.000000000000000000e+00,2.530666887760162354e-01
0.000000000000000000e+00,1.512118577957153320e-01
0.000000000000000000e+00,1.283928751945495605e-01
0.000000000000000000e+00,2.103216946125030518e-01
0.000000000000000000e+00,2.149803340435028076e-01
0.000000000000000000e+00,1.681434214115142822e-01
0.000000000000000000e+00,3.164366781711578369e-01
0.000000000000000000e+00,1.800104081630706787e-01
0.000000000000000000e+00,1.595199555158615112e-01
0.000000000000000000e+00,1.691585332155227661e-01
0.000000000000000000e+00,1.820429563522338867e-01
0.000000000000000000e+00,1.466764062643051147e-01
0.000000000000000000e+00,1.741888672113418579e-01
0.000000000000000000e+00,1.841927915811538696e-01
0.000000000000000000e+00,1.831008344888687134e-01
0.000000000000000000e+00,1.884332001209259033e-01
0.000000000000000000e+00,1.850873529911041260e-01
0.000000000000000000e+00,1.743844747543334961e-01
0.000000000000000000e+00,1.614626049995422363e-01
0.000000000000000000e+00,1.479085832834243774e-01
0.000000000000000000e+00,1.568107455968856812e-01
0.000000000000000000e+00,1.791318207979202271e-01
0.000000000000000000e+00,1.686720699071884155e-01
0.000000000000000000e+00,1.763596385717391968e-01
0.000000000000000000e+00,1.521602869033813477e-01
0.000000000000000000e+00,1.810778677463531494e-01
0.000000000000000000e+00,1.801319122314453125e-01
0.000000000000000000e+00,2.012332081794738770e-01
0.000000000000000000e+00,1.888262778520584106e-01
0.000000000000000000e+00,1.564164459705352783e-01
0.000000000000000000e+00,1.370514035224914551e-01
0.000000000000000000e+00,1.796889007091522217e-01
0.000000000000000000e+00,2.117953598499298096e-01
0.000000000000000000e+00,1.770303249359130859e-01
0.000000000000000000e+00,1.943146288394927979e-01
0.000000000000000000e+00,1.634042412042617798e-01
0.000000000000000000e+00,1.363567113876342773e-01
0.000000000000000000e+00,1.505559533834457397e-01
0.000000000000000000e+00,1.602388024330139160e-01
0.000000000000000000e+00,1.761142462491989136e-01
0.000000000000000000e+00,1.597645282745361328e-01
0.000000000000000000e+00,1.636899709701538086e-01
0.000000000000000000e+00,1.910370141267776489e-01
0.000000000000000000e+00,1.927580833435058594e-01
0.000000000000000000e+00,3.268559575080871582e-01
0.000000000000000000e+00,3.206689655780792236e-01
0.000000000000000000e+00,3.520976603031158447e-01
0.000000000000000000e+00,3.102183938026428223e-01
0.000000000000000000e+00,1.747580170631408691e-01
0.000000000000000000e+00,1.781707108020782471e-01
0.000000000000000000e+00,1.671109646558761597e-01
0.000000000000000000e+00,1.519093960523605347e-01
0.000000000000000000e+00,1.590527445077896118e-01
0.000000000000000000e+00,1.608544737100601196e-01
0.000000000000000000e+00,1.750826537609100342e-01
0.000000000000000000e+00,1.465860605239868164e-01
0.000000000000000000e+00,1.537052690982818604e-01
0.000000000000000000e+00,1.770928800106048584e-01
0.000000000000000000e+00,1.611483842134475708e-01
0.000000000000000000e+00,1.512162387371063232e-01
0.000000000000000000e+00,1.465274244546890259e-01
0.000000000000000000e+00,1.680147647857666016e-01
0.000000000000000000e+00,1.342399120330810547e-01
0.000000000000000000e+00,1.484546363353729248e-01
0.000000000000000000e+00,1.463506668806076050e-01
0.000000000000000000e+00,1.557381898164749146e-01
0.000000000000000000e+00,1.388796269893646240e-01
0.000000000000000000e+00,2.098528295755386353e-01
0.000000000000000000e+00,1.634085923433303833e-01
0.000000000000000000e+00,2.172147035598754883e-01
0.000000000000000000e+00,1.594710946083068848e-01
0.000000000000000000e+00,1.849999129772186279e-01
0.000000000000000000e+00,1.570382118225097656e-01
0.000000000000000000e+00,2.009444683790206909e-01
0.000000000000000000e+00,1.457543671131134033e-01
0.000000000000000000e+00,1.567775309085845947e-01
0.000000000000000000e+00,1.564471870660781860e-01
0.000000000000000000e+00,1.616729348897933960e-01
0.000000000000000000e+00,2.195926159620285034e-01
0.000000000000000000e+00,1.716877520084381104e-01
0.000000000000000000e+00,2.237720489501953125e-01
0.000000000000000000e+00,1.960552334785461426e-01
0.000000000000000000e+00,2.131233960390090942e-01
0.000000000000000000e+00,2.198552042245864868e-01
0.000000000000000000e+00,1.819826513528823853e-01
0.000000000000000000e+00,1.510270833969116211e-01
0.000000000000000000e+00,1.960383504629135132e-01
0.000000000000000000e+00,1.794544011354446411e-01
0.000000000000000000e+00,1.601611673831939697e-01
0.000000000000000000e+00,1.815599352121353149e-01
0.000000000000000000e+00,2.024179697036743164e-01
0.000000000000000000e+00,1.689455211162567139e-01
0.000000000000000000e+00,1.682125180959701538e-01
0.000000000000000000e+00,1.965540349483489990e-01
0.000000000000000000e+00,1.851584613323211670e-01
0.000000000000000000e+00,3.205417096614837646e-01
0.000000000000000000e+00,1.662827581167221069e-01
0.000000000000000000e+00,1.679417490959167480e-01
0.000000000000000000e+00,1.459391415119171143e-01
0.000000000000000000e+00,1.782443076372146606e-01
0.000000000000000000e+00,1.746719181537628174e-01
0.000000000000000000e+00,1.895397752523422241e-01
0.000000000000000000e+00,2.345458418130874634e-01
0.000000000000000000e+00,1.538937836885452271e-01
0.000000000000000000e+00,1.657403111457824707e-01
0.000000000000000000e+00,1.616576761007308960e-01
0.000000000000000000e+00,1.649796813726425171e-01
0.000000000000000000e+00,1.363891065120697021e-01
0.000000000000000000e+00,1.740624606609344482e-01
0.000000000000000000e+00,1.739228367805480957e-01
0.000000000000000000e+00,1.417436748743057251e-01
0.000000000000000000e+00,2.227678894996643066e-01
0.000000000000000000e+00,1.742871850728988647e-01
0.000000000000000000e+00,1.524474173784255981e-01
0.000000000000000000e+00,1.504703909158706665e-01
0.000000000000000000e+00,1.477940976619720459e-01
0.000000000000000000e+00,1.612901091575622559e-01
0.000000000000000000e+00,1.450391709804534912e-01
0.000000000000000000e+00,2.089999765157699585e-01
0.000000000000000000e+00,2.611463665962219238e-01
0.000000000000000000e+00,1.523002088069915771e-01
0.000000000000000000e+00,2.225022912025451660e-01
0.000000000000000000e+00,2.918499112129211426e-01
0.000000000000000000e+00,1.904308795928955078e-01
0.000000000000000000e+00,1.705742776393890381e-01
0.000000000000000000e+00,1.755444407463073730e-01
0.000000000000000000e+00,1.652684658765792847e-01
0.000000000000000000e+00,1.952763795852661133e-01
0.000000000000000000e+00,1.856686472892761230e-01
0.000000000000000000e+00,1.783207505941390991e-01
0.000000000000000000e+00,1.664773821830749512e-01
0.000000000000000000e+00,2.014349848031997681e-01
0.000000000000000000e+00,1.654302179813385010e-01
0.000000000000000000e+00,1.666602045297622681e-01
0.000000000000000000e+00,1.977985501289367676e-01
0.000000000000000000e+00,1.812802851200103760e-01
0.000000000000000000e+00,1.835829019546508789e-01
0.000000000000000000e+00,2.178310453891754150e-01
0.000000000000000000e+00,1.844867914915084839e-01
0.000000000000000000e+00,1.888536512851715088e-01
0.000000000000000000e+00,1.426244676113128662e-01
0.000000000000000000e+00,1.597462743520736694e-01
0.000000000000000000e+00,1.988277435302734375e-01
0.000000000000000000e+00,2.113673985004425049e-01
0.000000000000000000e+00,1.833431571722030640e-01
0.000000000000000000e+00,1.614427864551544189e-01
0.000000000000000000e+00,1.831278651952743530e-01
0.000000000000000000e+00,1.689317226409912109e-01
0.000000000000000000e+00,1.845855861902236938e-01
0.000000000000000000e+00,1.975976973772048950e-01
0.000000000000000000e+00,2.099310308694839478e-01
0.000000000000000000e+00,1.912676095962524414e-01
0.000000000000000000e+00,1.489365845918655396e-01
0.000000000000000000e+00,1.667512655258178711e-01
0.000000000000000000e+00,2.005201876163482666e-01
0.000000000000000000e+00,1.825163662433624268e-01
0.000000000000000000e+00,1.816235780715942383e-01
0.000000000000000000e+00,2.891724109649658203e-01
0.000000000000000000e+00,1.568140536546707153e-01
0.000000000000000000e+00,1.608954966068267822e-01
0.000000000000000000e+00,1.733649373054504395e-01
0.000000000000000000e+00,1.514364480972290039e-01
0.000000000000000000e+00,1.728707402944564819e-01
0.000000000000000000e+00,1.708860546350479126e-01
0.000000000000000000e+00,1.730927079916000366e-01
0.000000000000000000e+00,1.115306168794631958e-01
0.000000000000000000e+00,1.787201762199401855e-01
0.000000000000000000e+00,1.744932830333709717e-01
0.000000000000000000e+00,1.274934113025665283e-01
0.000000000000000000e+00,1.852771788835525513e-01
0.000000000000000000e+00,1.551261693239212036e-01
0.000000000000000000e+00,1.501280367374420166e-01
0.000000000000000000e+00,1.718824505805969238e-01
0.000000000000000000e+00,1.604936271905899048e-01
0.000000000000000000e+00,1.883305758237838745e-01
0.000000000000000000e+00,1.703522205352783203e-01
0.000000000000000000e+00,1.293779015541076660e-01
0.000000000000000000e+00,1.635826081037521362e-01
0.000000000000000000e+00,1.663081049919128418e-01
0.000000000000000000e+00,1.692269295454025269e-01
0.000000000000000000e+00,1.930281072854995728e-01
0.000000000000000000e+00,1.432472020387649536e-01
0.000000000000000000e+00,1.247326061129570007e-01
0.000000000000000000e+00,1.593940109014511108e-01
0.000000000000000000e+00,1.418720036745071411e-01
0.000000000000000000e+00,1.396919637918472290e-01
0.000000000000000000e+00,1.299684643745422363e-01
0.000000000000000000e+00,2.047155499458312988e-01
0.000000000000000000e+00,1.348941028118133545e-01
0.000000000000000000e+00,2.144775390625000000e-01
0.000000000000000000e+00,1.484809517860412598e-01
0.000000000000000000e+00,1.262977719306945801e-01
0.000000000000000000e+00,1.391277462244033813e-01
0.000000000000000000e+00,1.305538266897201538e-01
0.000000000000000000e+00,1.349063962697982788e-01
0.000000000000000000e+00,1.482241153717041016e-01
0.000000000000000000e+00,1.537800729274749756e-01
0.000000000000000000e+00,1.607160866260528564e-01
0.000000000000000000e+00,1.837123632431030273e-01
0.000000000000000000e+00,1.778558492660522461e-01
0.000000000000000000e+00,1.940372139215469360e-01
0.000000000000000000e+00,1.911892592906951904e-01
0.000000000000000000e+00,1.636500954627990723e-01
0.000000000000000000e+00,1.694492101669311523e-01
0.000000000000000000e+00,1.987911909818649292e-01
0.000000000000000000e+00,2.076638638973236084e-01
0.000000000000000000e+00,1.373334378004074097e-01
0.000000000000000000e+00,1.834884732961654663e-01
0.000000000000000000e+00,2.586823999881744385e-01
0.000000000000000000e+00,1.733681261539459229e-01
0.000000000000000000e+00,2.745609581470489502e-01
0.000000000000000000e+00,1.917636692523956299e-01
0.000000000000000000e+00,1.989949047565460205e-01
0.000000000000000000e+00,1.687071919441223145e-01
0.000000000000000000e+00,1.699920147657394409e-01
0.000000000000000000e+00,1.468350291252136230e-01
0.000000000000000000e+00,1.926435530185699463e-01
0.000000000000000000e+00,2.991430759429931641e-01
0.000000000000000000e+00,2.092827409505844116e-01
0.000000000000000000e+00,2.262589931488037109e-01
0.000000000000000000e+00,1.573776900768280029e-01
0.000000000000000000e+00,1.801976263523101807e-01
1.000000000000000000e+00,3.980231583118438721e-01
1.000000000000000000e+00,4.979850053787231445e-01
1.000000000000000000e+00,5.425609946250915527e-01
1.000000000000000000e+00,4.544007480144500732e-01
1.000000000000000000e+00,4.765209257602691650e-01
1.000000000000000000e+00,4.852644205093383789e-01
1.000000000000000000e+00,4.385171234607696533e-01
1.000000000000000000e+00,4.024643301963806152e-01
1.000000000000000000e+00,4.686987698078155518e-01
1.000000000000000000e+00,4.373782575130462646e-01
1.000000000000000000e+00,4.367776513099670410e-01
1.000000000000000000e+00,4.443793892860412598e-01
1.000000000000000000e+00,4.656037390232086182e-01
1.000000000000000000e+00,3.917874991893768311e-01
1.000000000000000000e+00,3.750364780426025391e-01
1.000000000000000000e+00,4.201907217502593994e-01
1.000000000000000000e+00,4.323886036872863770e-01
1.000000000000000000e+00,3.675438165664672852e-01
1.000000000000000000e+00,4.368693232536315918e-01
1.000000000000000000e+00,3.601903319358825684e-01
1.000000000000000000e+00,4.348125159740447998e-01
1.000000000000000000e+00,5.163661241531372070e-01
1.000000000000000000e+00,4.531178474426269531e-01
1.000000000000000000e+00,4.293147921562194824e-01
1.000000000000000000e+00,5.201044678688049316e-01
1.000000000000000000e+00,3.973913788795471191e-01
1.000000000000000000e+00,4.508968591690063477e-01
1.000000000000000000e+00,4.749446511268615723e-01
1.000000000000000000e+00,4.671213030815124512e-01
1.000000000000000000e+00,4.588142931461334229e-01
1.000000000000000000e+00,4.748955667018890381e-01
1.000000000000000000e+00,4.187098443508148193e-01
1.000000000000000000e+00,4.408657848834991455e-01
1.000000000000000000e+00,3.993608057498931885e-01
1.000000000000000000e+00,4.656699299812316895e-01
1.000000000000000000e+00,3.654450178146362305e-01
1.000000000000000000e+00,3.629194498062133789e-01
1.000000000000000000e+00,4.005406498908996582e-01
1.000000000000000000e+00,3.208188414573669434e-01
1.000000000000000000e+00,3.824053704738616943e-01
1.000000000000000000e+00,4.524138867855072021e-01
1.000000000000000000e+00,5.045623779296875000e-01
1.000000000000000000e+00,4.057725965976715088e-01
1.000000000000000000e+00,4.886237978935241699e-01
1.000000000000000000e+00,3.242884278297424316e-01
1.000000000000000000e+00,4.031052589416503906e-01
1.000000000000000000e+00,4.166697263717651367e-01
1.000000000000000000e+00,4.220246672630310059e-01
1.000000000000000000e+00,3.932828009128570557e-01
1.000000000000000000e+00,4.155025482177734375e-01
1.000000000000000000e+00,3.806050419807434082e-01
1.000000000000000000e+00,4.137699604034423828e-01
1.000000000000000000e+00,4.115708768367767334e-01
1.000000000000000000e+00,4.402704238891601562e-01
1.000000000000000000e+00,4.000092744827270508e-01
1.000000000000000000e+00,3.805698752403259277e-01
1.000000000000000000e+00,4.595225751399993896e-01
1.000000000000000000e+00,4.313821792602539062e-01
1.000000000000000000e+00,3.353451788425445557e-01
1.000000000000000000e+00,4.475046694278717041e-01
1.000000000000000000e+00,5.182467699050903320e-01
1.000000000000000000e+00,4.517916440963745117e-01
1.000000000000000000e+00,4.660559296607971191e-01
1.000000000000000000e+00,4.963741004467010498e-01
1.000000000000000000e+00,5.042632222175598145e-01
1.000000000000000000e+00,3.270417153835296631e-01
1.000000000000000000e+00,3.912057876586914062e-01
1.000000000000000000e+00,3.958387672901153564e-01
1.000000000000000000e+00,4.552522301673889160e-01
1.000000000000000000e+00,3.853929638862609863e-01
1.000000000000000000e+00,4.746635556221008301e-01
1.000000000000000000e+00,4.731826782226562500e-01
1.000000000000000000e+00,3.059265911579132080e-01
1.000000000000000000e+00,4.894170463085174561e-01
1.000000000000000000e+00,4.431395232677459717e-01
1.000000000000000000e+00,4.675587415695190430e-01
1.000000000000000000e+00,4.538800716400146484e-01
1.000000000000000000e+00,3.969351649284362793e-01
1.000000000000000000e+00,4.343858063220977783e-01
1.000000000000000000e+00,4.163848757743835449e-01
1.000000000000000000e+00,3.658832311630249023e-01
1.000000000000000000e+00,4.066372215747833252e-01
1.000000000000000000e+00,5.109407305717468262e-01
1.000000000000000000e+00,4.400516748428344727e-01
1.000000000000000000e+00,4.691416621208190918e-01
1.000000000000000000e+00,4.415870904922485352e-01
1.000000000000000000e+00,4.529273509979248047e-01
1.000000000000000000e+00,4.646374881267547607e-01
1.000000000000000000e+00,4.912261962890625000e-01
1.000000000000000000e+00,4.933987855911254883e-01
1.000000000000000000e+00,4.040728211402893066e-01
1.000000000000000000e+00,4.962907731533050537e-01
1.000000000000000000e+00,3.789813816547393799e-01
1.000000000000000000e+00,4.367016851902008057e-01
1.000000000000000000e+00,3.972104489803314209e-01
1.000000000000000000e+00,4.988962411880493164e-01
1.000000000000000000e+00,4.087215960025787354e-01
1.000000000000000000e+00,4.536192417144775391e-01
1.000000000000000000e+00,3.804718554019927979e-01
1.000000000000000000e+00,4.402112960815429688e-01
1.000000000000000000e+00,4.637701511383056641e-01
1.000000000000000000e+00,3.879753351211547852e-01
1.000000000000000000e+00,3.691664338111877441e-01
1.000000000000000000e+00,4.811694025993347168e-01
1.000000000000000000e+00,4.092857241630554199e-01
1.000000000000000000e+00,4.746992588043212891e-01
1.000000000000000000e+00,4.378447830677032471e-01
1.000000000000000000e+00,4.376110732555389404e-01
1.000000000000000000e+00,5.254294872283935547e-01
1.000000000000000000e+00,4.306039810180664062e-01
1.000000000000000000e+00,4.660167694091796875e-01
1.000000000000000000e+00,4.756808280944824219e-01
1.000000000000000000e+00,4.364001750946044922e-01
1.000000000000000000e+00,4.598749876022338867e-01
1.000000000000000000e+00,4.399101138114929199e-01
1.000000000000000000e+00,3.918767571449279785e-01
1.000000000000000000e+00,3.850044310092926025e-01
1.000000000000000000e+00,4.212419986724853516e-01
1.000000000000000000e+00,3.629089593887329102e-01
1.000000000000000000e+00,3.688246905803680420e-01
1.000000000000000000e+00,4.531012475490570068e-01
1.000000000000000000e+00,3.593546748161315918e-01
1.000000000000000000e+00,3.580036163330078125e-01
1.000000000000000000e+00,4.976992011070251465e-01
1.000000000000000000e+00,4.952244460582733154e-01
1.000000000000000000e+00,3.402506411075592041e-01
1.000000000000000000e+00,4.189347624778747559e-01
1.000000000000000000e+00,4.158528447151184082e-01
1.000000000000000000e+00,4.527049362659454346e-01
1.000000000000000000e+00,4.475736021995544434e-01
1.000000000000000000e+00,5.332820415496826172e-01
1.000000000000000000e+00,4.647434055805206299e-01
1.000000000000000000e+00,4.819668531417846680e-01
1.000000000000000000e+00,4.338309764862060547e-01
1.000000000000000000e+00,4.194061160087585449e-01
1.000000000000000000e+00,4.224263131618499756e-01
1.000000000000000000e+00,3.589980602264404297e-01
1.000000000000000000e+00,4.658892750740051270e-01
1.000000000000000000e+00,4.363644123077392578e-01
1.000000000000000000e+00,4.832925796508789062e-01
1.000000000000000000e+00,3.950442075729370117e-01
1.000000000000000000e+00,4.080972671508789062e-01
1.000000000000000000e+00,4.064640998840332031e-01
1.000000000000000000e+00,4.248043894767761230e-01
1.000000000000000000e+00,3.545267879962921143e-01
1.000000000000000000e+00,4.112658202648162842e-01
1.000000000000000000e+00,4.876511693000793457e-01
1.000000000000000000e+00,4.119347631931304932e-01
1.000000000000000000e+00,4.146640300750732422e-01
1.000000000000000000e+00,5.045984983444213867e-01
1.000000000000000000e+00,4.827808141708374023e-01
1.000000000000000000e+00,3.999395966529846191e-01
1.000000000000000000e+00,4.438565969467163086e-01
1.000000000000000000e+00,3.490830063819885254e-01
1.000000000000000000e+00,4.070603847503662109e-01
1.000000000000000000e+00,4.088387489318847656e-01
1.000000000000000000e+00,3.811308145523071289e-01
1.000000000000000000e+00,3.948728442192077637e-01
1.000000000000000000e+00,4.156848490238189697e-01
1.000000000000000000e+00,3.578348159790039062e-01
1.000000000000000000e+00,3.777782022953033447e-01
1.000000000000000000e+00,4.070914983749389648e-01
1.000000000000000000e+00,4.237884879112243652e-01
1.000000000000000000e+00,4.087269902229309082e-01
1.000000000000000000e+00,3.966598510742187500e-01
1.000000000000000000e+00,4.402776658535003662e-01
1.000000000000000000e+00,4.042811691761016846e-01
1.000000000000000000e+00,4.375377297401428223e-01
1.000000000000000000e+00,4.149740338325500488e-01
1.000000000000000000e+00,4.248649179935455322e-01
1.000000000000000000e+00,5.238240957260131836e-01
1.000000000000000000e+00,4.631147384643554688e-01
1.000000000000000000e+00,4.443767070770263672e-01
1.000000000000000000e+00,4.342623054981231689e-01
1.000000000000000000e+00,3.535759747028350830e-01
1.000000000000000000e+00,4.615688025951385498e-01
1.000000000000000000e+00,3.600870370864868164e-01
1.000000000000000000e+00,4.388228952884674072e-01
1.000000000000000000e+00,4.472922384738922119e-01
1.000000000000000000e+00,5.024037361145019531e-01
1.000000000000000000e+00,3.850995898246765137e-01
1.000000000000000000e+00,3.933693766593933105e-01
1.000000000000000000e+00,3.281661868095397949e-01
1.000000000000000000e+00,4.903815090656280518e-01
1.000000000000000000e+00,3.611153960227966309e-01
1.000000000000000000e+00,4.226874709129333496e-01
1.000000000000000000e+00,4.000809192657470703e-01
1.000000000000000000e+00,4.554331302642822266e-01
1.000000000000000000e+00,3.779799938201904297e-01
1.000000000000000000e+00,4.232947230339050293e-01
1.000000000000000000e+00,4.109340310096740723e-01
1.000000000000000000e+00,3.741301894187927246e-01
1.000000000000000000e+00,4.302720427513122559e-01
1.000000000000000000e+00,4.886878132820129395e-01
1.000000000000000000e+00,4.421933591365814209e-01
1.000000000000000000e+00,4.415601789951324463e-01
1.000000000000000000e+00,4.626022577285766602e-01
1.000000000000000000e+00,4.820733368396759033e-01
1.000000000000000000e+00,4.692796170711517334e-01
1.000000000000000000e+00,4.919284284114837646e-01
1.000000000000000000e+00,4.547397494316101074e-01
1.000000000000000000e+00,3.716156482696533203e-01
1.000000000000000000e+00,4.077703058719635010e-01
1.000000000000000000e+00,3.795809149742126465e-01
1.000000000000000000e+00,4.091924428939819336e-01
1.000000000000000000e+00,4.268585443496704102e-01
1.000000000000000000e+00,4.390855431556701660e-01
1.000000000000000000e+00,4.348086714744567871e-01
1.000000000000000000e+00,4.166239500045776367e-01
1.000000000000000000e+00,3.713376522064208984e-01
1.000000000000000000e+00,4.231626391410827637e-01
1.000000000000000000e+00,4.678576588630676270e-01
1.000000000000000000e+00,3.855313956737518311e-01
1.000000000000000000e+00,3.689025044441223145e-01
1.000000000000000000e+00,5.354196429252624512e-01
1.000000000000000000e+00,3.658615946769714355e-01
1.000000000000000000e+00,5.312868356704711914e-01
1.000000000000000000e+00,4.445067048072814941e-01
1.000000000000000000e+00,4.122696816921234131e-01
1.000000000000000000e+00,4.595870971679687500e-01
1.000000000000000000e+00,4.464926123619079590e-01
1.000000000000000000e+00,4.323791861534118652e-01
1.000000000000000000e+00,4.728831052780151367e-01
1.000000000000000000e+00,4.458200335502624512e-01
1.000000000000000000e+00,5.017429590225219727e-01
1.000000000000000000e+00,3.844753801822662354e-01
1.000000000000000000e+00,3.824688196182250977e-01
1.000000000000000000e+00,3.988704085350036621e-01
1.000000000000000000e+00,3.792964220046997070e-01
1.000000000000000000e+00,4.106312394142150879e-01
1.000000000000000000e+00,3.812685608863830566e-01
1.000000000000000000e+00,3.748291134834289551e-01
1.000000000000000000e+00,3.595572113990783691e-01
1.000000000000000000e+00,4.463721811771392822e-01
1.000000000000000000e+00,5.029353499412536621e-01
1.000000000000000000e+00,4.608703255653381348e-01
1.000000000000000000e+00,4.203748106956481934e-01
1.000000000000000000e+00,4.441197812557220459e-01
1.000000000000000000e+00,4.581673145294189453e-01
1.000000000000000000e+00,4.603865742683410645e-01
1.000000000000000000e+00,4.390756487846374512e-01
1.000000000000000000e+00,4.193533658981323242e-01
1.000000000000000000e+00,4.293361604213714600e-01
1.000000000000000000e+00,3.613811731338500977e-01
1.000000000000000000e+00,4.249519109725952148e-01
1.000000000000000000e+00,4.571523964405059814e-01
1.000000000000000000e+00,3.772480487823486328e-01
1.000000000000000000e+00,3.702954053878784180e-01
1.000000000000000000e+00,4.384082555770874023e-01
1.000000000000000000e+00,4.068758487701416016e-01
1.000000000000000000e+00,4.550716578960418701e-01
1.000000000000000000e+00,3.548258543014526367e-01
1.000000000000000000e+00,4.368987679481506348e-01
1.000000000000000000e+00,4.513962864875793457e-01
1.000000000000000000e+00,3.962232172489166260e-01
1.000000000000000000e+00,5.535902380943298340e-01
1.000000000000000000e+00,4.712483286857604980e-01
1.000000000000000000e+00,4.298118948936462402e-01
1.000000000000000000e+00,4.377564787864685059e-01
1.000000000000000000e+00,4.587205052375793457e-01
1.000000000000000000e+00,3.642049431800842285e-01
1.000000000000000000e+00,3.928488492965698242e-01
1.000000000000000000e+00,4.439898133277893066e-01
1.000000000000000000e+00,4.828096032142639160e-01
1.000000000000000000e+00,4.203168749809265137e-01
1.000000000000000000e+00,4.366231560707092285e-01
1.000000000000000000e+00,4.180958569049835205e-01
1.000000000000000000e+00,3.779493868350982666e-01
1.000000000000000000e+00,4.150758385658264160e-01
1.000000000000000000e+00,3.675899505615234375e-01
1.000000000000000000e+00,4.209626317024230957e-01
1.000000000000000000e+00,4.060491621494293213e-01
1.000000000000000000e+00,4.091901183128356934e-01
1.000000000000000000e+00,4.328004717826843262e-01
1.000000000000000000e+00,4.033492207527160645e-01
1.000000000000000000e+00,4.124332964420318604e-01
1.000000000000000000e+00,4.141314029693603516e-01
1.000000000000000000e+00,3.821458816528320312e-01
1.000000000000000000e+00,4.671243429183959961e-01
1.000000000000000000e+00,4.063393473625183105e-01
1.000000000000000000e+00,3.554319143295288086e-01
1.000000000000000000e+00,5.673835873603820801e-01
1.000000000000000000e+00,4.664292037487030029e-01
1.000000000000000000e+00,4.262703061103820801e-01
1.000000000000000000e+00,4.349816739559173584e-01
1.000000000000000000e+00,4.413916468620300293e-01
1.000000000000000000e+00,3.545830845832824707e-01
1.000000000000000000e+00,4.890711009502410889e-01
1.000000000000000000e+00,3.966596424579620361e-01
1.000000000000000000e+00,4.605251848697662354e-01
1.000000000000000000e+00,4.360580444335937500e-01
1.000000000000000000e+00,4.679677486419677734e-01
1.000000000000000000e+00,4.642831981182098389e-01
1.000000000000000000e+00,3.914235830307006836e-01
1.000000000000000000e+00,4.128279387950897217e-01
1.000000000000000000e+00,4.623942077159881592e-01
1.000000000000000000e+00,4.238888025283813477e-01
1.000000000000000000e+00,4.083952009677886963e-01
1.000000000000000000e+00,4.080761075019836426e-01
1.000000000000000000e+00,4.742854833602905273e-01
1.000000000000000000e+00,3.962091803550720215e-01
1.000000000000000000e+00,4.484681785106658936e-01
1.000000000000000000e+00,4.481566548347473145e-01
1.000000000000000000e+00,4.477399587631225586e-01
1.000000000000000000e+00,5.337507724761962891e-01
1.000000000000000000e+00,4.398600459098815918e-01
1.000000000000000000e+00,5.000234246253967285e-01
1.000000000000000000e+00,4.378000497817993164e-01
1.000000000000000000e+00,5.118901729583740234e-01
1.000000000000000000e+00,4.972126483917236328e-01
1.000000000000000000e+00,4.825320541858673096e-01
1.000000000000000000e+00,5.239128470420837402e-01
1.000000000000000000e+00,4.998767077922821045e-01
1.000000000000000000e+00,4.049800038337707520e-01
1.000000000000000000e+00,5.668082237243652344e-01
1.000000000000000000e+00,4.552964568138122559e-01
1.000000000000000000e+00,4.716353416442871094e-01
1.000000000000000000e+00,4.549559056758880615e-01
1.000000000000000000e+00,4.902853965759277344e-01
1.000000000000000000e+00,5.187525153160095215e-01
1.000000000000000000e+00,4.941955804824829102e-01
1.000000000000000000e+00,4.179124832153320312e-01
1.000000000000000000e+00,4.978093504905700684e-01
1.000000000000000000e+00,4.951274394989013672e-01
1.000000000000000000e+00,4.437665343284606934e-01
1.000000000000000000e+00,3.701735138893127441e-01
1.000000000000000000e+00,4.746367931365966797e-01
1.000000000000000000e+00,4.211374223232269287e-01
1.000000000000000000e+00,4.566684663295745850e-01
1.000000000000000000e+00,4.617371559143066406e-01
1.000000000000000000e+00,3.720424771308898926e-01
1.000000000000000000e+00,4.260156750679016113e-01
1.000000000000000000e+00,3.983712792396545410e-01
1.000000000000000000e+00,4.516745507717132568e-01
1.000000000000000000e+00,3.317331373691558838e-01
1.000000000000000000e+00,5.241768360137939453e-01
1.000000000000000000e+00,5.042727589607238770e-01
1.000000000000000000e+00,3.728983104228973389e-01
1.000000000000000000e+00,5.359046459197998047e-01
1.000000000000000000e+00,3.432350754737854004e-01
1.000000000000000000e+00,5.296163558959960938e-01
1.000000000000000000e+00,4.648022651672363281e-01
1.000000000000000000e+00,4.277056455612182617e-01
1.000000000000000000e+00,4.909434020519256592e-01
1.000000000000000000e+00,3.410945236682891846e-01
1.000000000000000000e+00,4.155136346817016602e-01
1.000000000000000000e+00,4.502119719982147217e-01
1.000000000000000000e+00,4.448879063129425049e-01
1.000000000000000000e+00,4.189779460430145264e-01
1.000000000000000000e+00,3.926319479942321777e-01
1.000000000000000000e+00,4.722338616847991943e-01
1.000000000000000000e+00,4.125022292137145996e-01
1.000000000000000000e+00,4.232817292213439941e-01
1.000000000000000000e+00,3.702420592308044434e-01
1.000000000000000000e+00,3.684941530227661133e-01
1.000000000000000000e+00,3.790684342384338379e-01
1.000000000000000000e+00,4.141546487808227539e-01
1.000000000000000000e+00,3.963724076747894287e-01
1.000000000000000000e+00,3.325934708118438721e-01
1.000000000000000000e+00,3.822770714759826660e-01
1.000000000000000000e+00,3.823190927505493164e-01
1.000000000000000000e+00,4.598851501941680908e-01
1.000000000000000000e+00,3.907423615455627441e-01
1.000000000000000000e+00,3.719667792320251465e-01
1.000000000000000000e+00,3.865008950233459473e-01
1.000000000000000000e+00,4.044739305973052979e-01
1.000000000000000000e+00,4.304881691932678223e-01
1.000000000000000000e+00,3.780960440635681152e-01
1.000000000000000000e+00,4.673877954483032227e-01
1.000000000000000000e+00,3.662506937980651855e-01
1.000000000000000000e+00,3.570227921009063721e-01
1.000000000000000000e+00,5.108739137649536133e-01
1.000000000000000000e+00,4.498220682144165039e-01
1.000000000000000000e+00,4.881128072738647461e-01
1.000000000000000000e+00,4.396628141403198242e-01
1.000000000000000000e+00,4.003141522407531738e-01
1.000000000000000000e+00,4.373204112052917480e-01
1.000000000000000000e+00,4.564329981803894043e-01
1.000000000000000000e+00,4.358524978160858154e-01
1.000000000000000000e+00,4.081515073776245117e-01
1.000000000000000000e+00,3.758156299591064453e-01
1.000000000000000000e+00,3.360965251922607422e-01
1.000000000000000000e+00,4.316372275352478027e-01
1.000000000000000000e+00,4.504920840263366699e-01
1.000000000000000000e+00,4.208681285381317139e-01
1.000000000000000000e+00,4.652839303016662598e-01
1.000000000000000000e+00,3.915343582630157471e-01
1.000000000000000000e+00,4.276127219200134277e-01
1.000000000000000000e+00,3.401705920696258545e-01
1.000000000000000000e+00,4.627001285552978516e-01
1.000000000000000000e+00,4.004594981670379639e-01
1.000000000000000000e+00,4.394580721855163574e-01
1.000000000000000000e+00,3.936470150947570801e-01
1.000000000000000000e+00,4.082671403884887695e-01
1.000000000000000000e+00,5.466945171356201172e-01
1.000000000000000000e+00,4.449368417263031006e-01
1.000000000000000000e+00,3.970321118831634521e-01
1.000000000000000000e+00,4.146289229393005371e-01
1.000000000000000000e+00,4.021750092506408691e-01
1.000000000000000000e+00,3.492932915687561035e-01
1.000000000000000000e+00,4.239056110382080078e-01
1.000000000000000000e+00,4.129600822925567627e-01
1.000000000000000000e+00,4.726425707340240479e-01
1.000000000000000000e+00,3.956001996994018555e-01
1.000000000000000000e+00,4.434987902641296387e-01
1.000000000000000000e+00,3.717041611671447754e-01
1.000000000000000000e+00,5.073637366294860840e-01
1.000000000000000000e+00,5.087082386016845703e-01
1.000000000000000000e+00,3.938058912754058838e-01
1.000000000000000000e+00,3.731243014335632324e-01
1.000000000000000000e+00,4.268671870231628418e-01
1.000000000000000000e+00,3.870230317115783691e-01
1.000000000000000000e+00,4.258964657783508301e-01
1.000000000000000000e+00,4.769244194030761719e-01
1.000000000000000000e+00,4.701209068298339844e-01
1.000000000000000000e+00,3.604970574378967285e-01
1.000000000000000000e+00,4.346695840358734131e-01
1.000000000000000000e+00,4.039753675460815430e-01
1.000000000000000000e+00,3.728498816490173340e-01
1.000000000000000000e+00,4.228173792362213135e-01
1.000000000000000000e+00,4.587796926498413086e-01
1.000000000000000000e+00,3.712503910064697266e-01
1.000000000000000000e+00,3.567863106727600098e-01
1.000000000000000000e+00,4.314959645271301270e-01
1.000000000000000000e+00,3.102989196777343750e-01
1.000000000000000000e+00,4.009130001068115234e-01
1.000000000000000000e+00,4.876809120178222656e-01
1.000000000000000000e+00,3.744760751724243164e-01
1.000000000000000000e+00,4.819412827491760254e-01
1.000000000000000000e+00,4.294630587100982666e-01
1.000000000000000000e+00,3.732436001300811768e-01
1.000000000000000000e+00,4.067217409610748291e-01
1.000000000000000000e+00,3.481033444404602051e-01
1.000000000000000000e+00,4.022509455680847168e-01
1.000000000000000000e+00,3.515089154243469238e-01
1.000000000000000000e+00,4.157234728336334229e-01
1.000000000000000000e+00,4.099262356758117676e-01
1.000000000000000000e+00,3.302986025810241699e-01
1.000000000000000000e+00,4.629075527191162109e-01
1.000000000000000000e+00,4.513342678546905518e-01
1.000000000000000000e+00,3.249983191490173340e-01
1.000000000000000000e+00,3.823190331459045410e-01
1.000000000000000000e+00,3.936261236667633057e-01
1.000000000000000000e+00,4.058230221271514893e-01
1.000000000000000000e+00,4.440671205520629883e-01
1.000000000000000000e+00,4.067851006984710693e-01
1.000000000000000000e+00,5.230476856231689453e-01
1.000000000000000000e+00,4.345828294754028320e-01
1.000000000000000000e+00,4.365465939044952393e-01
1.000000000000000000e+00,4.620766341686248779e-01
1.000000000000000000e+00,3.953669667243957520e-01
1.000000000000000000e+00,5.116186141967773438e-01
1.000000000000000000e+00,4.481241106986999512e-01
1.000000000000000000e+00,4.152526855468750000e-01
1.000000000000000000e+00,4.037038683891296387e-01
1.000000000000000000e+00,3.394872546195983887e-01
1.000000000000000000e+00,3.712849617004394531e-01
1.000000000000000000e+00,4.201263785362243652e-01
1.000000000000000000e+00,4.503437876701354980e-01
1.000000000000000000e+00,4.853497743606567383e-01
1.000000000000000000e+00,4.341599345207214355e-01
1.000000000000000000e+00,4.639439284801483154e-01
1.000000000000000000e+00,4.816322624683380127e-01
1.000000000000000000e+00,3.883168101310729980e-01
1.000000000000000000e+00,3.835160434246063232e-01
1.000000000000000000e+00,4.014486670494079590e-01
1.000000000000000000e+00,4.707338213920593262e-01
1.000000000000000000e+00,3.588859438896179199e-01
1.000000000000000000e+00,4.201326966285705566e-01
1.000000000000000000e+00,4.388867616653442383e-01
1.000000000000000000e+00,4.266873002052307129e-01
1.000000000000000000e+00,5.034226775169372559e-01
1.000000000000000000e+00,4.264975190162658691e-01
1.000000000000000000e+00,4.269540905952453613e-01
1.000000000000000000e+00,3.834000229835510254e-01
1.000000000000000000e+00,3.425602912902832031e-01
1.000000000000000000e+00,4.131566882133483887e-01
1.000000000000000000e+00,3.806377649307250977e-01
1.000000000000000000e+00,3.835189938545227051e-01
1.000000000000000000e+00,5.161690711975097656e-01
1.000000000000000000e+00,4.165303707122802734e-01
1.000000000000000000e+00,5.488971471786499023e-01
1.000000000000000000e+00,4.586935341358184814e-01
1.000000000000000000e+00,4.753614962100982666e-01
1.000000000000000000e+00,4.333061575889587402e-01
1.000000000000000000e+00,4.392619431018829346e-01
1.000000000000000000e+00,4.364881515502929688e-01
1.000000000000000000e+00,3.863278627395629883e-01
1.000000000000000000e+00,3.539124727249145508e-01
1.000000000000000000e+00,4.211822152137756348e-01
1.000000000000000000e+00,4.234538674354553223e-01
1.000000000000000000e+00,3.997884988784790039e-01
1.000000000000000000e+00,3.871846795082092285e-01
1.000000000000000000e+00,4.939315319061279297e-01
1.000000000000000000e+00,4.037018120288848877e-01
1.000000000000000000e+00,4.172669649124145508e-01
1.000000000000000000e+00,4.264433383941650391e-01
1.000000000000000000e+00,4.021696150302886963e-01
1.000000000000000000e+00,3.896668553352355957e-01
1.000000000000000000e+00,4.621357619762420654e-01
1.000000000000000000e+00,3.818033039569854736e-01
1.000000000000000000e+00,5.778846740722656250e-01
1.000000000000000000e+00,3.914015889167785645e-01
1.000000000000000000e+00,4.503999650478363037e-01
1.000000000000000000e+00,5.124246478080749512e-01
1.000000000000000000e+00,3.554915189743041992e-01
1.000000000000000000e+00,5.302169919013977051e-01
1.000000000000000000e+00,4.102522134780883789e-01
1.000000000000000000e+00,4.199514985084533691e-01
1.000000000000000000e+00,5.041307806968688965e-01
1.000000000000000000e+00,4.393010139465332031e-01
1.000000000000000000e+00,4.383611679077148438e-01
1.000000000000000000e+00,4.273755550384521484e-01
1.000000000000000000e+00,4.206463694572448730e-01
1.000000000000000000e+00,4.392375946044921875e-01
1.000000000000000000e+00,2.866117358207702637e-01
1.000000000000000000e+00,4.376667141914367676e-01
1.000000000000000000e+00,3.774934709072113037e-01
1.000000000000000000e+00,4.030935764312744141e-01
1.000000000000000000e+00,4.544370770454406738e-01
1.000000000000000000e+00,4.376713037490844727e-01
1.000000000000000000e+00,4.439643621444702148e-01
1.000000000000000000e+00,3.571709096431732178e-01
1.000000000000000000e+00,4.299069941043853760e-01
1.000000000000000000e+00,3.926466107368469238e-01
1.000000000000000000e+00,3.570249676704406738e-01
1.000000000000000000e+00,3.746544122695922852e-01
1.000000000000000000e+00,3.989230394363403320e-01
1.000000000000000000e+00,3.476954996585845947e-01
1.000000000000000000e+00,5.879709124565124512e-01
1.000000000000000000e+00,3.651831150054931641e-01
1.000000000000000000e+00,3.747126460075378418e-01
1.000000000000000000e+00,4.298671483993530273e-01
1.000000000000000000e+00,3.181076049804687500e-01
1.000000000000000000e+00,4.196793437004089355e-01
1.000000000000000000e+00,4.202663898468017578e-01
1.000000000000000000e+00,5.055667161941528320e-01
1.000000000000000000e+00,4.740629792213439941e-01
1.000000000000000000e+00,4.636945128440856934e-01
1.000000000000000000e+00,4.335177540779113770e-01
1.000000000000000000e+00,4.741010069847106934e-01
1.000000000000000000e+00,4.638239145278930664e-01
1.000000000000000000e+00,4.164196252822875977e-01
1.000000000000000000e+00,4.481290578842163086e-01
1.000000000000000000e+00,4.511092305183410645e-01
1.000000000000000000e+00,4.602268934249877930e-01
1.000000000000000000e+00,3.656784594058990479e-01
1.000000000000000000e+00,4.241752922534942627e-01
1.000000000000000000e+00,4.186580777168273926e-01
1.000000000000000000e+00,4.519572257995605469e-01
1.000000000000000000e+00,3.882913589477539062e-01
1.000000000000000000e+00,4.528267383575439453e-01
1.000000000000000000e+00,4.112162590026855469e-01
1.000000000000000000e+00,3.987883329391479492e-01
1.000000000000000000e+00,4.467812776565551758e-01
1.000000000000000000e+00,4.507292807102203369e-01
1.000000000000000000e+00,3.654890656471252441e-01
1.000000000000000000e+00,5.403715372085571289e-01
1.000000000000000000e+00,3.816213607788085938e-01
1.000000000000000000e+00,3.983100056648254395e-01
1.000000000000000000e+00,3.694201111793518066e-01
1.000000000000000000e+00,3.536872565746307373e-01
1.000000000000000000e+00,3.494048714637756348e-01
1.000000000000000000e+00,4.626614451408386230e-01
1.000000000000000000e+00,4.612091481685638428e-01
1.000000000000000000e+00,4.639221727848052979e-01
1.000000000000000000e+00,4.405542612075805664e-01
1.000000000000000000e+00,4.564940333366394043e-01
1.000000000000000000e+00,4.120026230812072754e-01
1.000000000000000000e+00,5.026149749755859375e-01
1.000000000000000000e+00,4.403325021266937256e-01
1.000000000000000000e+00,3.933808207511901855e-01
1.000000000000000000e+00,3.619119524955749512e-01
1.000000000000000000e+00,3.886123895645141602e-01
1.000000000000000000e+00,4.103432893753051758e-01
1.000000000000000000e+00,3.833587169647216797e-01
1.000000000000000000e+00,4.596337080001831055e-01
1.000000000000000000e+00,4.891529679298400879e-01
1.000000000000000000e+00,4.691140651702880859e-01
1.000000000000000000e+00,4.939525723457336426e-01
1.000000000000000000e+00,4.391475915908813477e-01
1.000000000000000000e+00,3.822122812271118164e-01
1.000000000000000000e+00,4.239775240421295166e-01
1.000000000000000000e+00,4.566228091716766357e-01
1.000000000000000000e+00,5.142468214035034180e-01
1.000000000000000000e+00,4.478496313095092773e-01
1.000000000000000000e+00,4.512150883674621582e-01
1.000000000000000000e+00,3.867225050926208496e-01
1.000000000000000000e+00,4.692572951316833496e-01
1.000000000000000000e+00,4.565182626247406006e-01
1.000000000000000000e+00,4.966132044792175293e-01
1.000000000000000000e+00,4.846127033233642578e-01
1.000000000000000000e+00,3.782348632812500000e-01
1.000000000000000000e+00,4.316565096378326416e-01
1.000000000000000000e+00,4.752575457096099854e-01
1.000000000000000000e+00,3.959803283214569092e-01
1.000000000000000000e+00,4.373679757118225098e-01
1.000000000000000000e+00,3.525117039680480957e-01
1.000000000000000000e+00,3.664380311965942383e-01
1.000000000000000000e+00,4.601245820522308350e-01
1.000000000000000000e+00,3.904682099819183350e-01
1.000000000000000000e+00,4.561665356159210205e-01
1.000000000000000000e+00,4.166607260704040527e-01
1.000000000000000000e+00,3.562643826007843018e-01
1.000000000000000000e+00,4.363101124763488770e-01
1.000000000000000000e+00,4.264047145843505859e-01
1.000000000000000000e+00,4.147802591323852539e-01
1.000000000000000000e+00,3.557161688804626465e-01
1.000000000000000000e+00,3.670393526554107666e-01
1.000000000000000000e+00,4.013274908065795898e-01
1.000000000000000000e+00,3.726840615272521973e-01
1.000000000000000000e+00,4.016070961952209473e-01
1.000000000000000000e+00,4.593465030193328857e-01
1.000000000000000000e+00,3.579772412776947021e-01
1.000000000000000000e+00,4.833112359046936035e-01
1.000000000000000000e+00,3.660122752189636230e-01
1.000000000000000000e+00,4.244170784950256348e-01
1.000000000000000000e+00,4.908615350723266602e-01
1.000000000000000000e+00,3.161498904228210449e-01
1.000000000000000000e+00,3.859913349151611328e-01
1.000000000000000000e+00,4.408748447895050049e-01
1.000000000000000000e+00,4.662214517593383789e-01
1.000000000000000000e+00,4.252469539642333984e-01
1.000000000000000000e+00,4.106950759887695312e-01
1.000000000000000000e+00,4.442668557167053223e-01
1.000000000000000000e+00,3.688060939311981201e-01
1.000000000000000000e+00,4.646739661693572998e-01
1.000000000000000000e+00,3.856498897075653076e-01
1.000000000000000000e+00,3.723620176315307617e-01
1.000000000000000000e+00,4.337884187698364258e-01
1.000000000000000000e+00,3.737864494323730469e-01
1.000000000000000000e+00,3.630983829498291016e-01
1.000000000000000000e+00,4.771984219551086426e-01
1.000000000000000000e+00,3.563715815544128418e-01
1.000000000000000000e+00,4.288747608661651611e-01
1.000000000000000000e+00,5.267695188522338867e-01
1.000000000000000000e+00,4.076921343803405762e-01
1.000000000000000000e+00,5.435727238655090332e-01
1.000000000000000000e+00,4.566696882247924805e-01
1.000000000000000000e+00,4.610384106636047363e-01
1.000000000000000000e+00,4.808684885501861572e-01
1.000000000000000000e+00,4.013859927654266357e-01
1.000000000000000000e+00,4.117759168148040771e-01
1.000000000000000000e+00,3.708810806274414062e-01
1.000000000000000000e+00,3.967861533164978027e-01
1.000000000000000000e+00,3.809112608432769775e-01
1.000000000000000000e+00,5.446490049362182617e-01
1.000000000000000000e+00,4.465648531913757324e-01
1.000000000000000000e+00,5.179722309112548828e-01
1.000000000000000000e+00,4.946319460868835449e-01
1.000000000000000000e+00,4.635362625122070312e-01
1.000000000000000000e+00,5.610044002532958984e-01
1.000000000000000000e+00,4.422540664672851562e-01
1.000000000000000000e+00,4.769819080829620361e-01
1.000000000000000000e+00,4.002636969089508057e-01
1.000000000000000000e+00,4.089719355106353760e-01
1.000000000000000000e+00,4.374468326568603516e-01
1.000000000000000000e+00,5.503636598587036133e-01
1.000000000000000000e+00,4.869818091392517090e-01
1.000000000000000000e+00,4.882992804050445557e-01
1.000000000000000000e+00,5.917209982872009277e-01
1.000000000000000000e+00,4.220742583274841309e-01
1.000000000000000000e+00,3.991073369979858398e-01
1.000000000000000000e+00,3.810569345951080322e-01
1.000000000000000000e+00,4.288117885589599609e-01
1.000000000000000000e+00,3.722829520702362061e-01
1.000000000000000000e+00,4.960592389106750488e-01
1.000000000000000000e+00,3.231020271778106689e-01
1.000000000000000000e+00,4.555988609790802002e-01
1.000000000000000000e+00,3.712029755115509033e-01
1.000000000000000000e+00,3.859951496124267578e-01
1.000000000000000000e+00,4.749432802200317383e-01
1.000000000000000000e+00,4.277078807353973389e-01
1.000000000000000000e+00,4.788476526737213135e-01
1.000000000000000000e+00,3.209177255630493164e-01
1.000000000000000000e+00,3.650719523429870605e-01
1.000000000000000000e+00,3.898507952690124512e-01
1.000000000000000000e+00,3.202157914638519287e-01
1.000000000000000000e+00,4.111278355121612549e-01
1.000000000000000000e+00,4.428337216377258301e-01
1.000000000000000000e+00,3.949153423309326172e-01
1.000000000000000000e+00,3.764538764953613281e-01
1.000000000000000000e+00,3.844781219959259033e-01
1.000000000000000000e+00,3.411174118518829346e-01
1.000000000000000000e+00,3.972083926200866699e-01
1.000000000000000000e+00,3.571622669696807861e-01
1.000000000000000000e+00,3.706392645835876465e-01
1.000000000000000000e+00,4.385433793067932129e-01
1.000000000000000000e+00,3.949859738349914551e-01
1.000000000000000000e+00,4.885670542716979980e-01
1.000000000000000000e+00,4.481766521930694580e-01
1.000000000000000000e+00,3.230761587619781494e-01
1.000000000000000000e+00,3.551198244094848633e-01
1.000000000000000000e+00,5.139372348785400391e-01
1.000000000000000000e+00,5.009055733680725098e-01
1.000000000000000000e+00,3.630036413669586182e-01
1.000000000000000000e+00,4.329821765422821045e-01
1.000000000000000000e+00,4.437183141708374023e-01
1.000000000000000000e+00,4.497702717781066895e-01
1.000000000000000000e+00,4.760587811470031738e-01
1.000000000000000000e+00,4.061821401119232178e-01
1.000000000000000000e+00,5.045850276947021484e-01
1.000000000000000000e+00,4.328798651695251465e-01
1.000000000000000000e+00,3.724223971366882324e-01
1.000000000000000000e+00,5.111224651336669922e-01
1.000000000000000000e+00,5.426566600799560547e-01
1.000000000000000000e+00,4.433904290199279785e-01
1.000000000000000000e+00,4.701329469680786133e-01
1.000000000000000000e+00,3.899856507778167725e-01
1.000000000000000000e+00,5.056465864181518555e-01
1.000000000000000000e+00,4.797947704792022705e-01
1.000000000000000000e+00,4.780450463294982910e-01
1.000000000000000000e+00,5.140811204910278320e-01
1.000000000000000000e+00,3.780274689197540283e-01
1.000000000000000000e+00,3.298477530479431152e-01
1.000000000000000000e+00,4.029800593852996826e-01
1.000000000000000000e+00,4.026006162166595459e-01
1.000000000000000000e+00,4.230237305164337158e-01
1.000000000000000000e+00,3.827115595340728760e-01
1.000000000000000000e+00,3.958804905414581299e-01
1.000000000000000000e+00,3.747721612453460693e-01
1.000000000000000000e+00,4.802306890487670898e-01
1.000000000000000000e+00,4.465315341949462891e-01
1.000000000000000000e+00,3.947136104106903076e-01
1.000000000000000000e+00,3.952599763870239258e-01
1.000000000000000000e+00,3.629061281681060791e-01
1.000000000000000000e+00,4.008845984935760498e-01
1.000000000000000000e+00,4.126953184604644775e-01
1.000000000000000000e+00,4.726999104022979736e-01
1.000000000000000000e+00,4.732050001621246338e-01
1.000000000000000000e+00,4.707716107368469238e-01
1.000000000000000000e+00,3.757549524307250977e-01
1.000000000000000000e+00,3.713571131229400635e-01
1.000000000000000000e+00,3.980870246887207031e-01
1.000000000000000000e+00,3.558724820613861084e-01
1.000000000000000000e+00,4.711097478866577148e-01
1.000000000000000000e+00,3.541901707649230957e-01
1.000000000000000000e+00,4.780008792877197266e-01
1.000000000000000000e+00,5.336620211601257324e-01
1.000000000000000000e+00,4.387503266334533691e-01
1.000000000000000000e+00,4.474428594112396240e-01
1.000000000000000000e+00,4.728250801563262939e-01
1.000000000000000000e+00,4.475036263465881348e-01
1.000000000000000000e+00,4.376972317695617676e-01
1.000000000000000000e+00,4.441967904567718506e-01
1.000000000000000000e+00,4.215595126152038574e-01
1.000000000000000000e+00,5.167946815490722656e-01
1.000000000000000000e+00,4.515446722507476807e-01
1.000000000000000000e+00,5.008707642555236816e-01
1.000000000000000000e+00,4.139324426651000977e-01
1.000000000000000000e+00,4.029590785503387451e-01
1.000000000000000000e+00,3.902490139007568359e-01
1.000000000000000000e+00,3.443204164505004883e-01
1.000000000000000000e+00,4.606288075447082520e-01
1.000000000000000000e+00,3.859969675540924072e-01
1.000000000000000000e+00,3.439172804355621338e-01
1.000000000000000000e+00,3.768044710159301758e-01
1.000000000000000000e+00,5.816093683242797852e-01
1.000000000000000000e+00,4.302053153514862061e-01
1.000000000000000000e+00,4.325757026672363281e-01
1.000000000000000000e+00,3.625116944313049316e-01
1.000000000000000000e+00,4.170625805854797363e-01
1.000000000000000000e+00,3.691899180412292480e-01
1.000000000000000000e+00,3.849699199199676514e-01
1.000000000000000000e+00,3.808286488056182861e-01
1.000000000000000000e+00,4.320169389247894287e-01
1.000000000000000000e+00,4.028501510620117188e-01
1.000000000000000000e+00,3.885979652404785156e-01
1.000000000000000000e+00,4.733870625495910645e-01
1.000000000000000000e+00,4.009444117546081543e-01
1.000000000000000000e+00,3.527038693428039551e-01
1.000000000000000000e+00,3.871715664863586426e-01
1.000000000000000000e+00,3.614344596862792969e-01
1.000000000000000000e+00,4.442885816097259521e-01
1.000000000000000000e+00,3.824844956398010254e-01
1.000000000000000000e+00,4.255659282207489014e-01
1.000000000000000000e+00,3.855627775192260742e-01
1.000000000000000000e+00,4.068368077278137207e-01
1.000000000000000000e+00,3.416723608970642090e-01
1.000000000000000000e+00,4.167403578758239746e-01
1.000000000000000000e+00,4.158709347248077393e-01
1.000000000000000000e+00,5.155428051948547363e-01
1.000000000000000000e+00,5.230907201766967773e-01
1.000000000000000000e+00,3.238867521286010742e-01
1.000000000000000000e+00,4.504994153976440430e-01
1.000000000000000000e+00,3.758680522441864014e-01
1.000000000000000000e+00,3.895775079727172852e-01
1.000000000000000000e+00,4.183982014656066895e-01
1.000000000000000000e+00,4.376228451728820801e-01
1.000000000000000000e+00,4.139805734157562256e-01
1.000000000000000000e+00,5.376057624816894531e-01
1.000000000000000000e+00,4.153470098972320557e-01
1.000000000000000000e+00,4.121496081352233887e-01
1.000000000000000000e+00,4.519219994544982910e-01
1.000000000000000000e+00,4.523438811302185059e-01
1.000000000000000000e+00,3.823972046375274658e-01
1.000000000000000000e+00,4.390891492366790771e-01
1.000000000000000000e+00,4.204906523227691650e-01
1.000000000000000000e+00,3.731989860534667969e-01
1.000000000000000000e+00,4.089428782463073730e-01
1.000000000000000000e+00,4.937537312507629395e-01
1.000000000000000000e+00,4.287024140357971191e-01
1.000000000000000000e+00,3.767881393432617188e-01
1.000000000000000000e+00,4.386782348155975342e-01
1.000000000000000000e+00,4.498057961463928223e-01
1.000000000000000000e+00,4.745377302169799805e-01
1.000000000000000000e+00,4.710980355739593506e-01
1.000000000000000000e+00,4.306537508964538574e-01
1.000000000000000000e+00,3.959325551986694336e-01
1.000000000000000000e+00,4.573243856430053711e-01
1.000000000000000000e+00,3.965019583702087402e-01
1.000000000000000000e+00,4.444698691368103027e-01
1.000000000000000000e+00,4.810430109500885010e-01
1.000000000000000000e+00,4.839838743209838867e-01
1.000000000000000000e+00,4.649668931961059570e-01
1.000000000000000000e+00,4.563431739807128906e-01
1.000000000000000000e+00,4.895070493221282959e-01
1.000000000000000000e+00,4.260353446006774902e-01
1.000000000000000000e+00,4.860646724700927734e-01
1.000000000000000000e+00,4.597174227237701416e-01
1.000000000000000000e+00,4.495203495025634766e-01
1.000000000000000000e+00,4.120589792728424072e-01
1.000000000000000000e+00,4.754379987716674805e-01
1.000000000000000000e+00,4.539785981178283691e-01
1.000000000000000000e+00,4.699589908123016357e-01
1.000000000000000000e+00,3.997432291507720947e-01
1.000000000000000000e+00,4.422275125980377197e-01
1.000000000000000000e+00,4.880862236022949219e-01
1.000000000000000000e+00,4.044947624206542969e-01
1.000000000000000000e+00,4.513052701950073242e-01
1.000000000000000000e+00,3.863808512687683105e-01
1.000000000000000000e+00,4.866645932197570801e-01
1.000000000000000000e+00,3.379411101341247559e-01
1.000000000000000000e+00,3.786834478378295898e-01
1.000000000000000000e+00,4.284471273422241211e-01
1.000000000000000000e+00,4.158204793930053711e-01
1.000000000000000000e+00,4.694724082946777344e-01
1.000000000000000000e+00,4.281812906265258789e-01
1.000000000000000000e+00,4.352395534515380859e-01
1.000000000000000000e+00,3.674225807189941406e-01
1.000000000000000000e+00,3.872415423393249512e-01
1.000000000000000000e+00,4.316282272338867188e-01
1.000000000000000000e+00,4.118283689022064209e-01
1.000000000000000000e+00,3.569654822349548340e-01
1.000000000000000000e+00,3.884546458721160889e-01
1.000000000000000000e+00,4.225152134895324707e-01
1.000000000000000000e+00,5.077711343765258789e-01
1.000000000000000000e+00,3.802647590637207031e-01
1.000000000000000000e+00,3.694152832031250000e-01
1.000000000000000000e+00,4.621934890747070312e-01
1.000000000000000000e+00,4.619284868240356445e-01
1.000000000000000000e+00,4.724246859550476074e-01
1.000000000000000000e+00,4.270302057266235352e-01
1.000000000000000000e+00,4.221195578575134277e-01
1.000000000000000000e+00,4.540264010429382324e-01
1.000000000000000000e+00,4.058907330036163330e-01
1.000000000000000000e+00,3.928652405738830566e-01
1.000000000000000000e+00,4.567739963531494141e-01
1.000000000000000000e+00,4.076642394065856934e-01
1.000000000000000000e+00,4.302130043506622314e-01
1.000000000000000000e+00,4.034950137138366699e-01
1.000000000000000000e+00,3.865376114845275879e-01
1.000000000000000000e+00,4.456831514835357666e-01
1.000000000000000000e+00,3.722498714923858643e-01
1.000000000000000000e+00,3.700267076492309570e-01
1.000000000000000000e+00,4.547146558761596680e-01
1.000000000000000000e+00,4.232994318008422852e-01
1.000000000000000000e+00,4.496570825576782227e-01
1.000000000000000000e+00,4.793433845043182373e-01
1.000000000000000000e+00,4.571591913700103760e-01
1.000000000000000000e+00,4.624483585357666016e-01
1.000000000000000000e+00,4.154527783393859863e-01
1.000000000000000000e+00,4.592551290988922119e-01
1.000000000000000000e+00,3.740106225013732910e-01
1.000000000000000000e+00,4.252417087554931641e-01
1.000000000000000000e+00,3.769514560699462891e-01
1.000000000000000000e+00,4.761264920234680176e-01
1.000000000000000000e+00,5.118109583854675293e-01
1.000000000000000000e+00,5.009210705757141113e-01
1.000000000000000000e+00,4.540351033210754395e-01
1.000000000000000000e+00,4.882935285568237305e-01
1.000000000000000000e+00,4.012444019317626953e-01
1.000000000000000000e+00,5.383936762809753418e-01
1.000000000000000000e+00,4.257122874259948730e-01
1.000000000000000000e+00,4.038325548171997070e-01
1.000000000000000000e+00,5.095736384391784668e-01
1.000000000000000000e+00,4.304414391517639160e-01
1.000000000000000000e+00,3.710380196571350098e-01
1.000000000000000000e+00,4.230810403823852539e-01
1.000000000000000000e+00,4.429839551448822021e-01
1.000000000000000000e+00,5.617201328277587891e-01
1.000000000000000000e+00,3.836950063705444336e-01
1.000000000000000000e+00,3.248735368251800537e-01
1.000000000000000000e+00,4.810289144515991211e-01
1.000000000000000000e+00,4.824294447898864746e-01
1.000000000000000000e+00,3.277582526206970215e-01
1.000000000000000000e+00,3.939585983753204346e-01
1.000000000000000000e+00,4.218993186950683594e-01
1.000000000000000000e+00,3.781998753547668457e-01
1.000000000000000000e+00,4.228623509407043457e-01
1.000000000000000000e+00,3.412437438964843750e-01
1.000000000000000000e+00,4.346018433570861816e-01
1.000000000000000000e+00,3.942119181156158447e-01
1.000000000000000000e+00,3.710469305515289307e-01
1.000000000000000000e+00,4.496063292026519775e-01
1.000000000000000000e+00,4.264989793300628662e-01
1.000000000000000000e+00,4.211013317108154297e-01
1.000000000000000000e+00,4.641860127449035645e-01
1.000000000000000000e+00,4.829879701137542725e-01
1.000000000000000000e+00,4.689783155918121338e-01
1.000000000000000000e+00,4.374223947525024414e-01
1.000000000000000000e+00,4.463011026382446289e-01
1.000000000000000000e+00,4.418113827705383301e-01
1.000000000000000000e+00,4.340886473655700684e-01
1.000000000000000000e+00,4.026775062084197998e-01
1.000000000000000000e+00,3.988113105297088623e-01
1.000000000000000000e+00,4.081851541996002197e-01
1.000000000000000000e+00,4.714365601539611816e-01
1.000000000000000000e+00,5.122720003128051758e-01
1.000000000000000000e+00,4.167605638504028320e-01
1.000000000000000000e+00,4.846549928188323975e-01
1.000000000000000000e+00,3.461209237575531006e-01
1.000000000000000000e+00,4.041248559951782227e-01
1.000000000000000000e+00,4.998570978641510010e-01
1.000000000000000000e+00,4.026710093021392822e-01
1.000000000000000000e+00,5.749642252922058105e-01
1.000000000000000000e+00,4.431228637695312500e-01
1.000000000000000000e+00,4.067003130912780762e-01
1.000000000000000000e+00,4.640145897865295410e-01
1.000000000000000000e+00,3.820383250713348389e-01
1.000000000000000000e+00,4.062066078186035156e-01
1.000000000000000000e+00,4.284673035144805908e-01
1.000000000000000000e+00,3.766393065452575684e-01
1.000000000000000000e+00,4.101802706718444824e-01
1.000000000000000000e+00,4.530057311058044434e-01
1.000000000000000000e+00,4.731461405754089355e-01
1.000000000000000000e+00,4.616472125053405762e-01
1.000000000000000000e+00,4.509219527244567871e-01
1.000000000000000000e+00,3.991614580154418945e-01
1.000000000000000000e+00,4.317926764488220215e-01
1.000000000000000000e+00,3.827615082263946533e-01
1.000000000000000000e+00,4.250908792018890381e-01
1.000000000000000000e+00,3.533973097801208496e-01
1.000000000000000000e+00,3.550439774990081787e-01
1.000000000000000000e+00,4.785965383052825928e-01
1.000000000000000000e+00,4.466623067855834961e-01
1.000000000000000000e+00,5.285848975181579590e-01
1.000000000000000000e+00,5.065305233001708984e-01
1.000000000000000000e+00,4.450157284736633301e-01
1.000000000000000000e+00,4.389931261539459229e-01
1.000000000000000000e+00,4.584155380725860596e-01
1.000000000000000000e+00,5.346276760101318359e-01
1.000000000000000000e+00,4.138985574245452881e-01
1.000000000000000000e+00,4.289819002151489258e-01
1.000000000000000000e+00,4.582951068878173828e-01
1.000000000000000000e+00,4.949501752853393555e-01
1.000000000000000000e+00,5.075839757919311523e-01
1.000000000000000000e+00,4.633254706859588623e-01
1.000000000000000000e+00,3.953469991683959961e-01
1.000000000000000000e+00,3.748512268066406250e-01
1.000000000000000000e+00,4.072242379188537598e-01
1.000000000000000000e+00,3.608317971229553223e-01
1.000000000000000000e+00,4.499666094779968262e-01
1.000000000000000000e+00,3.979416191577911377e-01
1.000000000000000000e+00,4.721305370330810547e-01
1.000000000000000000e+00,3.840939998626708984e-01
1.000000000000000000e+00,4.318136572837829590e-01
1.000000000000000000e+00,3.678616583347320557e-01
1.000000000000000000e+00,4.516065120697021484e-01
1.000000000000000000e+00,4.411134421825408936e-01
1.000000000000000000e+00,4.359419941902160645e-01
1.000000000000000000e+00,4.059032797813415527e-01
1.000000000000000000e+00,4.240306317806243896e-01
1.000000000000000000e+00,3.386044204235076904e-01
1.000000000000000000e+00,4.015888571739196777e-01
1.000000000000000000e+00,4.574302732944488525e-01
1.000000000000000000e+00,3.721796572208404541e-01
1.000000000000000000e+00,4.075980186462402344e-01
1.000000000000000000e+00,3.667593598365783691e-01
1.000000000000000000e+00,4.236976802349090576e-01
1.000000000000000000e+00,3.857688903808593750e-01
1.000000000000000000e+00,3.977466523647308350e-01
1.000000000000000000e+00,4.430941045284271240e-01
1.000000000000000000e+00,3.544568419456481934e-01
1.000000000000000000e+00,3.805316686630249023e-01
1.000000000000000000e+00,3.894762098789215088e-01
1.000000000000000000e+00,3.880117535591125488e-01
1.000000000000000000e+00,4.246059060096740723e-01
1.000000000000000000e+00,4.544885754585266113e-01
1.000000000000000000e+00,4.657583236694335938e-01
1.000000000000000000e+00,4.522095322608947754e-01
1.000000000000000000e+00,3.871947526931762695e-01
1.000000000000000000e+00,4.294534027576446533e-01
1.000000000000000000e+00,3.848776817321777344e-01
1.000000000000000000e+00,4.078338146209716797e-01
1.000000000000000000e+00,3.844566345214843750e-01
1.000000000000000000e+00,4.975774586200714111e-01
1.000000000000000000e+00,5.002515316009521484e-01
1.000000000000000000e+00,3.393628001213073730e-01
1.000000000000000000e+00,4.394242167472839355e-01
1.000000000000000000e+00,3.683808147907257080e-01
1.000000000000000000e+00,4.419037103652954102e-01
1.000000000000000000e+00,3.979772031307220459e-01
1.000000000000000000e+00,4.234565794467926025e-01
1.000000000000000000e+00,4.345880448818206787e-01
1.000000000000000000e+00,4.037137627601623535e-01
1.000000000000000000e+00,4.048429131507873535e-01
1.000000000000000000e+00,3.977785110473632812e-01
1.000000000000000000e+00,4.411811828613281250e-01
1.000000000000000000e+00,4.558694064617156982e-01
1.000000000000000000e+00,4.950470328330993652e-01
1.000000000000000000e+00,3.512006998062133789e-01
1.000000000000000000e+00,4.629636108875274658e-01
1.000000000000000000e+00,5.758666396141052246e-01
1.000000000000000000e+00,4.112826585769653320e-01
1.000000000000000000e+00,3.998944759368896484e-01
1.000000000000000000e+00,3.958743810653686523e-01
1.000000000000000000e+00,3.909406960010528564e-01
1.000000000000000000e+00,4.666294753551483154e-01
1.000000000000000000e+00,3.651728928089141846e-01
1.000000000000000000e+00,4.694277644157409668e-01
1.000000000000000000e+00,4.803366363048553467e-01
1.000000000000000000e+00,4.413431286811828613e-01
1.000000000000000000e+00,4.605007767677307129e-01
1.000000000000000000e+00,4.528804123401641846e-01
1.000000000000000000e+00,3.664268553256988525e-01
1.000000000000000000e+00,3.886612057685852051e-01
1.000000000000000000e+00,3.879830837249755859e-01
1.000000000000000000e+00,4.024839401245117188e-01
1.000000000000000000e+00,3.726115226745605469e-01
1.000000000000000000e+00,4.168308973312377930e-01
1.000000000000000000e+00,4.688384532928466797e-01
1.000000000000000000e+00,4.927397966384887695e-01
1.000000000000000000e+00,4.644709229469299316e-01
1.000000000000000000e+00,4.368753433227539062e-01
1.000000000000000000e+00,4.510304331779479980e-01
1.000000000000000000e+00,4.224256277084350586e-01
1.000000000000000000e+00,4.710339307785034180e-01
1.000000000000000000e+00,4.540449082851409912e-01
1.000000000000000000e+00,4.475131630897521973e-01
1.000000000000000000e+00,4.886425733566284180e-01
1.000000000000000000e+00,3.936617374420166016e-01
1.000000000000000000e+00,4.169078469276428223e-01
1.000000000000000000e+00,4.597607851028442383e-01
1.000000000000000000e+00,4.072724282741546631e-01
1.000000000000000000e+00,4.386489987373352051e-01
1.000000000000000000e+00,4.797989130020141602e-01
1.000000000000000000e+00,3.810859620571136475e-01
1.000000000000000000e+00,3.721727132797241211e-01
1.000000000000000000e+00,4.144236445426940918e-01
1.000000000000000000e+00,3.994525074958801270e-01
1.000000000000000000e+00,4.659215509891510010e-01
1.000000000000000000e+00,4.663873016834259033e-01
1.000000000000000000e+00,4.547232985496520996e-01
1.000000000000000000e+00,4.512457549571990967e-01
1.000000000000000000e+00,3.654548525810241699e-01
1.000000000000000000e+00,5.236071348190307617e-01
1.000000000000000000e+00,5.130616426467895508e-01
1.000000000000000000e+00,3.954905271530151367e-01
1.000000000000000000e+00,4.853094816207885742e-01
1.000000000000000000e+00,4.031181335449218750e-01
1.000000000000000000e+00,4.178552925586700439e-01
1.000000000000000000e+00,4.131160974502563477e-01
1.000000000000000000e+00,3.807672262191772461e-01
1.000000000000000000e+00,4.174552559852600098e-01
1.000000000000000000e+00,3.590002954006195068e-01
1.000000000000000000e+00,4.138346016407012939e-01
1.000000000000000000e+00,4.336382448673248291e-01
1.000000000000000000e+00,4.446275830268859863e-01
1.000000000000000000e+00,4.355472326278686523e-01
1.000000000000000000e+00,3.757403492927551270e-01
1.000000000000000000e+00,5.461696386337280273e-01
1.000000000000000000e+00,4.168184101581573486e-01
1.000000000000000000e+00,4.407910108566284180e-01
1.000000000000000000e+00,4.951212108135223389e-01
1.000000000000000000e+00,3.685436248779296875e-01
1.000000000000000000e+00,4.344443678855895996e-01
1.000000000000000000e+00,4.076768457889556885e-01
1.000000000000000000e+00,4.339642822742462158e-01
1.000000000000000000e+00,3.476901650428771973e-01
1.000000000000000000e+00,4.708040356636047363e-01
1.000000000000000000e+00,3.156891465187072754e-01
1.000000000000000000e+00,4.407854080200195312e-01
1.000000000000000000e+00,3.882384300231933594e-01
1.000000000000000000e+00,3.886802792549133301e-01
1.000000000000000000e+00,4.200727641582489014e-01
1.000000000000000000e+00,3.985109627246856689e-01
1.000000000000000000e+00,4.242432117462158203e-01
1.000000000000000000e+00,3.485554754734039307e-01
1.000000000000000000e+00,4.136100411415100098e-01
1.000000000000000000e+00,4.201802313327789307e-01
1.000000000000000000e+00,4.741820693016052246e-01
1.000000000000000000e+00,3.583950400352478027e-01
1.000000000000000000e+00,3.867251873016357422e-01
1.000000000000000000e+00,4.904742240905761719e-01
1.000000000000000000e+00,3.651210665702819824e-01
1.000000000000000000e+00,4.630464017391204834e-01
1.000000000000000000e+00,4.464740753173828125e-01
1.000000000000000000e+00,3.751462101936340332e-01
1.000000000000000000e+00,3.739698231220245361e-01
1.000000000000000000e+00,3.845497369766235352e-01
1.000000000000000000e+00,5.022156238555908203e-01
1.000000000000000000e+00,3.946145474910736084e-01
1.000000000000000000e+00,3.662288188934326172e-01
1.000000000000000000e+00,3.900623023509979248e-01
1.000000000000000000e+00,4.543927013874053955e-01
1.000000000000000000e+00,4.364293813705444336e-01
1.000000000000000000e+00,4.498801827430725098e-01
1.000000000000000000e+00,4.629190564155578613e-01
1.000000000000000000e+00,4.514636099338531494e-01
1.000000000000000000e+00,4.380655288696289062e-01
1.000000000000000000e+00,4.607529342174530029e-01
1.000000000000000000e+00,3.572756946086883545e-01
1.000000000000000000e+00,4.244326651096343994e-01
1.000000000000000000e+00,4.368080496788024902e-01
1.000000000000000000e+00,4.663396477699279785e-01
1.000000000000000000e+00,3.834982514381408691e-01
1.000000000000000000e+00,4.521408081054687500e-01
1.000000000000000000e+00,4.421190917491912842e-01
1.000000000000000000e+00,4.520170688629150391e-01
1.000000000000000000e+00,3.627826571464538574e-01
1.000000000000000000e+00,3.673423230648040771e-01
1.000000000000000000e+00,3.686671555042266846e-01
1.000000000000000000e+00,3.350142836570739746e-01
1.000000000000000000e+00,4.578556418418884277e-01
1.000000000000000000e+00,4.647651910781860352e-01
1.000000000000000000e+00,4.107170999050140381e-01
1.000000000000000000e+00,4.480696916580200195e-01
1.000000000000000000e+00,3.399909138679504395e-01
1.000000000000000000e+00,3.957450389862060547e-01
1.000000000000000000e+00,4.754106998443603516e-01
1.000000000000000000e+00,4.228832423686981201e-01
1.000000000000000000e+00,4.050686955451965332e-01
1.000000000000000000e+00,4.204690754413604736e-01
1.000000000000000000e+00,3.897995948791503906e-01
1.000000000000000000e+00,3.916330635547637939e-01
1.000000000000000000e+00,3.871968686580657959e-01
1.000000000000000000e+00,4.005343019962310791e-01
1.000000000000000000e+00,4.592135548591613770e-01
1.000000000000000000e+00,3.868994414806365967e-01
1.000000000000000000e+00,4.343380630016326904e-01
1.000000000000000000e+00,3.668917417526245117e-01
1.000000000000000000e+00,3.853093981742858887e-01
1.000000000000000000e+00,4.692214131355285645e-01
1.000000000000000000e+00,4.910585880279541016e-01
1.000000000000000000e+00,4.327031373977661133e-01
1.000000000000000000e+00,3.034374713897705078e-01
1.000000000000000000e+00,4.376078248023986816e-01
1.000000000000000000e+00,3.707498610019683838e-01
1.000000000000000000e+00,3.908552527427673340e-01
1.000000000000000000e+00,4.021484851837158203e-01
1.000000000000000000e+00,4.100131094455718994e-01
1.000000000000000000e+00,4.198102951049804688e-01
1.000000000000000000e+00,3.627910315990447998e-01
1.000000000000000000e+00,3.399145603179931641e-01
1.000000000000000000e+00,4.548901319503784180e-01
1.000000000000000000e+00,4.288380742073059082e-01
1.000000000000000000e+00,4.090954959392547607e-01
1.000000000000000000e+00,4.502555131912231445e-01
1.000000000000000000e+00,4.949096143245697021e-01
1.000000000000000000e+00,4.296721220016479492e-01
1.000000000000000000e+00,4.269732534885406494e-01
1.000000000000000000e+00,5.391051173210144043e-01
1.000000000000000000e+00,4.100935757160186768e-01
1.000000000000000000e+00,3.557285666465759277e-01
1.000000000000000000e+00,4.385139942169189453e-01
1.000000000000000000e+00,4.634011685848236084e-01
1.000000000000000000e+00,4.775573015213012695e-01
1.000000000000000000e+00,6.145352125167846680e-01
1.000000000000000000e+00,3.796350955963134766e-01
1.000000000000000000e+00,3.325716257095336914e-01
1.000000000000000000e+00,3.775875568389892578e-01
1.000000000000000000e+00,3.864718973636627197e-01
1.000000000000000000e+00,4.541834294795989990e-01
1.000000000000000000e+00,3.914052248001098633e-01
1.000000000000000000e+00,4.199121296405792236e-01
1.000000000000000000e+00,3.900549709796905518e-01
1.000000000000000000e+00,3.940809965133666992e-01
1.000000000000000000e+00,4.191291034221649170e-01
1.000000000000000000e+00,4.052283167839050293e-01
1.000000000000000000e+00,3.928357064723968506e-01
1.000000000000000000e+00,4.230178296566009521e-01
1.000000000000000000e+00,5.682649612426757812e-01
1.000000000000000000e+00,3.850098252296447754e-01
1.000000000000000000e+00,4.338669776916503906e-01
1.000000000000000000e+00,4.367257356643676758e-01
1.000000000000000000e+00,4.079466462135314941e-01
1.000000000000000000e+00,4.488366246223449707e-01
1.000000000000000000e+00,4.715699553489685059e-01
1.000000000000000000e+00,4.295735359191894531e-01
1.000000000000000000e+00,4.117432534694671631e-01
1.000000000000000000e+00,4.669588804244995117e-01
1.000000000000000000e+00,4.243357479572296143e-01
1.000000000000000000e+00,4.011168777942657471e-01
1.000000000000000000e+00,3.818792998790740967e-01
1.000000000000000000e+00,3.604844212532043457e-01
1.000000000000000000e+00,3.991132974624633789e-01
1.000000000000000000e+00,3.623796999454498291e-01
1.000000000000000000e+00,4.079129397869110107e-01
1.000000000000000000e+00,3.392833471298217773e-01
1.000000000000000000e+00,4.310167729854583740e-01
1.000000000000000000e+00,4.173561930656433105e-01
1.000000000000000000e+00,4.854375123977661133e-01
1.000000000000000000e+00,4.468216001987457275e-01
1.000000000000000000e+00,4.382473230361938477e-01
1.000000000000000000e+00,4.655508100986480713e-01
1.000000000000000000e+00,4.499424397945404053e-01
1.000000000000000000e+00,4.908419847488403320e-01
1.000000000000000000e+00,4.110389351844787598e-01
1.000000000000000000e+00,4.556922614574432373e-01
1.000000000000000000e+00,4.130796790122985840e-01
1.000000000000000000e+00,4.553292393684387207e-01
1.000000000000000000e+00,4.811366796493530273e-01
1.000000000000000000e+00,4.128172099590301514e-01
1.000000000000000000e+00,5.840939283370971680e-01
1.000000000000000000e+00,3.919008672237396240e-01
1.000000000000000000e+00,4.167370796203613281e-01
1.000000000000000000e+00,4.263091683387756348e-01
1.000000000000000000e+00,4.720074534416198730e-01
1.000000000000000000e+00,3.849846720695495605e-01
1.000000000000000000e+00,4.410581588745117188e-01
1.000000000000000000e+00,3.737364411354064941e-01
1.000000000000000000e+00,4.013982713222503662e-01
1.000000000000000000e+00,4.969480335712432861e-01
1.000000000000000000e+00,3.264605998992919922e-01
1.000000000000000000e+00,3.508304059505462646e-01
1.000000000000000000e+00,3.896743059158325195e-01
1.000000000000000000e+00,5.100617408752441406e-01
1.000000000000000000e+00,3.739851415157318115e-01
1.000000000000000000e+00,4.706783592700958252e-01
1.000000000000000000e+00,3.101911544799804688e-01
1.000000000000000000e+00,3.670158386230468750e-01
1.000000000000000000e+00,3.896909952163696289e-01
1.000000000000000000e+00,4.943282604217529297e-01
1.000000000000000000e+00,4.999762177467346191e-01
1.000000000000000000e+00,3.838917315006256104e-01
1.000000000000000000e+00,4.111737906932830811e-01
1.000000000000000000e+00,3.618979454040527344e-01
1.000000000000000000e+00,3.747329413890838623e-01
1.000000000000000000e+00,4.004652798175811768e-01
1.000000000000000000e+00,3.974197208881378174e-01
1.000000000000000000e+00,4.241531193256378174e-01
1.000000000000000000e+00,3.671836853027343750e-01
1.000000000000000000e+00,3.867441415786743164e-01
1.000000000000000000e+00,4.381765425205230713e-01
1.000000000000000000e+00,4.420776367187500000e-01
1.000000000000000000e+00,4.231808781623840332e-01
1.000000000000000000e+00,3.791324496269226074e-01
1.000000000000000000e+00,4.221111536026000977e-01
1.000000000000000000e+00,4.919592142105102539e-01
1.000000000000000000e+00,4.548316299915313721e-01
1.000000000000000000e+00,4.096021652221679688e-01
1.000000000000000000e+00,4.635639190673828125e-01
1.000000000000000000e+00,5.180758237838745117e-01
1.000000000000000000e+00,4.620815813541412354e-01
1.000000000000000000e+00,3.272614181041717529e-01
1.000000000000000000e+00,3.846284747123718262e-01
1.000000000000000000e+00,3.538426756858825684e-01
1.000000000000000000e+00,3.459548950195312500e-01
1.000000000000000000e+00,4.122248589992523193e-01
1.000000000000000000e+00,4.798372387886047363e-01
1.000000000000000000e+00,4.722639024257659912e-01
1.000000000000000000e+00,3.437718749046325684e-01
1.000000000000000000e+00,3.512504398822784424e-01
1.000000000000000000e+00,4.444697499275207520e-01
1.000000000000000000e+00,4.019954204559326172e-01
1.000000000000000000e+00,4.448809027671813965e-01
1.000000000000000000e+00,3.366206884384155273e-01
1.000000000000000000e+00,4.401461780071258545e-01
1.000000000000000000e+00,3.967507183551788330e-01
1.000000000000000000e+00,3.966064453125000000e-01
1.000000000000000000e+00,3.556773960590362549e-01
1.000000000000000000e+00,3.668830692768096924e-01
1.000000000000000000e+00,5.023904442787170410e-01
1.000000000000000000e+00,4.633784294128417969e-01
1.000000000000000000e+00,4.469159841537475586e-01
1.000000000000000000e+00,4.493131041526794434e-01
1.000000000000000000e+00,4.451347589492797852e-01
1.000000000000000000e+00,5.380518436431884766e-01
1.000000000000000000e+00,3.816626667976379395e-01
1.000000000000000000e+00,4.356239438056945801e-01
1.000000000000000000e+00,5.091993808746337891e-01
1.000000000000000000e+00,3.943554162979125977e-01
1.000000000000000000e+00,4.192836284637451172e-01
1.000000000000000000e+00,4.693618416786193848e-01
1.000000000000000000e+00,4.683223366737365723e-01
1.000000000000000000e+00,3.898559510707855225e-01
1.000000000000000000e+00,3.456023335456848145e-01
1.000000000000000000e+00,4.210009574890136719e-01
1.000000000000000000e+00,3.617302179336547852e-01
1.000000000000000000e+00,3.650802969932556152e-01
1.000000000000000000e+00,4.713322520256042480e-01
1.000000000000000000e+00,4.452047944068908691e-01
1.000000000000000000e+00,3.423750400543212891e-01
1.000000000000000000e+00,4.043089151382446289e-01
1.000000000000000000e+00,4.418210387229919434e-01
1.000000000000000000e+00,4.116485714912414551e-01
1.000000000000000000e+00,4.391831755638122559e-01
1.000000000000000000e+00,4.439454078674316406e-01
1.000000000000000000e+00,4.092026948928833008e-01
1.000000000000000000e+00,4.695317149162292480e-01
1.000000000000000000e+00,3.678357303142547607e-01
1.000000000000000000e+00,4.919427335262298584e-01
1.000000000000000000e+00,5.112448334693908691e-01
1.000000000000000000e+00,4.511723518371582031e-01
1.000000000000000000e+00,4.574161171913146973e-01
1.000000000000000000e+00,3.694404065608978271e-01
1.000000000000000000e+00,3.845931887626647949e-01
1.000000000000000000e+00,3.691209554672241211e-01
1.000000000000000000e+00,3.244182467460632324e-01
1.000000000000000000e+00,4.166554212570190430e-01
1.000000000000000000e+00,3.534722924232482910e-01
1.000000000000000000e+00,5.342794656753540039e-01
1.000000000000000000e+00,3.187173604965209961e-01
1.000000000000000000e+00,4.740929603576660156e-01
1.000000000000000000e+00,4.718243479728698730e-01
1.000000000000000000e+00,4.337425231933593750e-01
1.000000000000000000e+00,3.892015218734741211e-01
1.000000000000000000e+00,4.402967691421508789e-01
1.000000000000000000e+00,4.402144551277160645e-01
1.000000000000000000e+00,4.739116430282592773e-01
1.000000000000000000e+00,4.301769733428955078e-01
1.000000000000000000e+00,4.597882032394409180e-01
1.000000000000000000e+00,4.215268194675445557e-01
1.000000000000000000e+00,4.145063459873199463e-01
1.000000000000000000e+00,4.164363741874694824e-01
1.000000000000000000e+00,4.397006630897521973e-01
1.000000000000000000e+00,5.323480963706970215e-01
1.000000000000000000e+00,3.608649373054504395e-01
1.000000000000000000e+00,4.175708293914794922e-01
1.000000000000000000e+00,4.379359781742095947e-01
1.000000000000000000e+00,4.291417002677917480e-01
1.000000000000000000e+00,3.754307329654693604e-01
1.000000000000000000e+00,4.083946049213409424e-01
1.000000000000000000e+00,3.140047788619995117e-01
1.000000000000000000e+00,3.992562890052795410e-01
1.000000000000000000e+00,4.326757192611694336e-01
1.000000000000000000e+00,3.315622210502624512e-01
1.000000000000000000e+00,3.612674772739410400e-01
1.000000000000000000e+00,4.553294181823730469e-01
1.000000000000000000e+00,3.802249729633331299e-01
1.000000000000000000e+00,5.104827284812927246e-01
1.000000000000000000e+00,4.795300066471099854e-01
1.000000000000000000e+00,3.455272316932678223e-01
1.000000000000000000e+00,4.082002639770507812e-01
1.000000000000000000e+00,4.304800927639007568e-01
1.000000000000000000e+00,3.518223762512207031e-01
1.000000000000000000e+00,3.633727133274078369e-01
1.000000000000000000e+00,3.999776840209960938e-01
1.000000000000000000e+00,3.789838850498199463e-01
1.000000000000000000e+00,3.609541058540344238e-01
1.000000000000000000e+00,3.941383957862854004e-01
1.000000000000000000e+00,3.777215480804443359e-01
1.000000000000000000e+00,3.911135792732238770e-01
1.000000000000000000e+00,3.933155834674835205e-01
1.000000000000000000e+00,4.258441925048828125e-01
1.000000000000000000e+00,4.732607603073120117e-01
1.000000000000000000e+00,3.595978617668151855e-01
1.000000000000000000e+00,4.498938024044036865e-01
1.000000000000000000e+00,3.818093836307525635e-01
1.000000000000000000e+00,4.816840887069702148e-01
1.000000000000000000e+00,4.352341592311859131e-01
1.000000000000000000e+00,4.326120913028717041e-01
1.000000000000000000e+00,4.143081307411193848e-01
1.000000000000000000e+00,3.311109840869903564e-01
1.000000000000000000e+00,3.645753264427185059e-01
1.000000000000000000e+00,3.550107777118682861e-01
1.000000000000000000e+00,4.648113846778869629e-01
1.000000000000000000e+00,4.159411191940307617e-01
1.000000000000000000e+00,4.556494653224945068e-01
1.000000000000000000e+00,3.849520981311798096e-01
1.000000000000000000e+00,3.266659080982208252e-01
1.000000000000000000e+00,4.829712808132171631e-01
1.000000000000000000e+00,3.703985214233398438e-01
1.000000000000000000e+00,3.930554389953613281e-01
1.000000000000000000e+00,4.059033393859863281e-01
1.000000000000000000e+00,4.225924313068389893e-01
1.000000000000000000e+00,3.602884411811828613e-01
1.000000000000000000e+00,3.756754398345947266e-01
1.000000000000000000e+00,3.822171390056610107e-01
1.000000000000000000e+00,4.210459887981414795e-01
1.000000000000000000e+00,4.583772122859954834e-01
1.000000000000000000e+00,4.474019706249237061e-01
1.000000000000000000e+00,4.220494925975799561e-01
1.000000000000000000e+00,4.993377327919006348e-01
1.000000000000000000e+00,4.352791309356689453e-01
1.000000000000000000e+00,4.975126981735229492e-01
1.000000000000000000e+00,4.282560944557189941e-01
1.000000000000000000e+00,3.739096224308013916e-01
1.000000000000000000e+00,5.108263492584228516e-01
1.000000000000000000e+00,4.923116564750671387e-01
1.000000000000000000e+00,4.345550537109375000e-01
1.000000000000000000e+00,5.543338060379028320e-01
1.000000000000000000e+00,4.367788434028625488e-01
1.000000000000000000e+00,3.916071951389312744e-01
1.000000000000000000e+00,4.738456010818481445e-01
1.000000000000000000e+00,3.630592823028564453e-01
1.000000000000000000e+00,4.150856137275695801e-01
1.000000000000000000e+00,5.005634427070617676e-01
1.000000000000000000e+00,5.396468639373779297e-01
1.000000000000000000e+00,5.808080434799194336e-01
1.000000000000000000e+00,4.589557647705078125e-01
1.000000000000000000e+00,4.347703158855438232e-01
1.000000000000000000e+00,4.521766304969787598e-01
1.000000000000000000e+00,4.652794301509857178e-01
1.000000000000000000e+00,4.540295302867889404e-01
1.000000000000000000e+00,5.102850198745727539e-01
1.000000000000000000e+00,4.016409516334533691e-01
1.000000000000000000e+00,5.093150138854980469e-01
1.000000000000000000e+00,4.802332520484924316e-01
1.000000000000000000e+00,4.469395875930786133e-01
1.000000000000000000e+00,4.471441209316253662e-01
1.000000000000000000e+00,4.523281455039978027e-01
1.000000000000000000e+00,3.568456768989562988e-01
1.000000000000000000e+00,3.970077037811279297e-01
1.000000000000000000e+00,4.146997332572937012e-01
1.000000000000000000e+00,3.705481588840484619e-01
1.000000000000000000e+00,5.436996221542358398e-01
1.000000000000000000e+00,4.490951299667358398e-01
1.000000000000000000e+00,3.451471924781799316e-01
1.000000000000000000e+00,4.790124297142028809e-01
1.000000000000000000e+00,4.783088862895965576e-01
1.000000000000000000e+00,4.509839415550231934e-01
1.000000000000000000e+00,3.925918340682983398e-01
1.000000000000000000e+00,3.953636586666107178e-01
1.000000000000000000e+00,4.702187776565551758e-01
1.000000000000000000e+00,5.003077983856201172e-01
1.000000000000000000e+00,4.506247937679290771e-01
1.000000000000000000e+00,4.845239818096160889e-01
1.000000000000000000e+00,4.342465400695800781e-01
1.000000000000000000e+00,4.733640849590301514e-01
1.000000000000000000e+00,3.796865344047546387e-01
1.000000000000000000e+00,4.181685447692871094e-01
1.000000000000000000e+00,4.342114329338073730e-01
1.000000000000000000e+00,4.449466764926910400e-01
1.000000000000000000e+00,3.324550092220306396e-01
1.000000000000000000e+00,4.343777894973754883e-01
1.000000000000000000e+00,4.753738641738891602e-01
1.000000000000000000e+00,5.185626745223999023e-01
1.000000000000000000e+00,3.835388422012329102e-01
1.000000000000000000e+00,4.214979410171508789e-01
1.000000000000000000e+00,3.813066482543945312e-01
1.000000000000000000e+00,4.609774649143218994e-01
1.000000000000000000e+00,3.456538915634155273e-01
1.000000000000000000e+00,4.046268463134765625e-01
1.000000000000000000e+00,3.657717704772949219e-01
1.000000000000000000e+00,5.103462934494018555e-01
1.000000000000000000e+00,4.135984480381011963e-01
1.000000000000000000e+00,4.755664765834808350e-01
1.000000000000000000e+00,3.529388308525085449e-01
1.000000000000000000e+00,3.904434442520141602e-01
1.000000000000000000e+00,4.130352735519409180e-01
1.000000000000000000e+00,4.551895558834075928e-01
1.000000000000000000e+00,4.006249606609344482e-01
1.000000000000000000e+00,3.901756405830383301e-01
1.000000000000000000e+00,4.091112613677978516e-01
1.000000000000000000e+00,4.183557927608489990e-01
1.000000000000000000e+00,4.321347475051879883e-01
1.000000000000000000e+00,3.742640018463134766e-01
1.000000000000000000e+00,4.526411294937133789e-01
1.000000000000000000e+00,4.047806859016418457e-01
1.000000000000000000e+00,4.305816888809204102e-01
1.000000000000000000e+00,3.818594813346862793e-01
1.000000000000000000e+00,3.943485617637634277e-01
1.000000000000000000e+00,4.974806904792785645e-01
1.000000000000000000e+00,4.615357518196105957e-01
1.000000000000000000e+00,4.599068760871887207e-01
1.000000000000000000e+00,4.033930301666259766e-01
1.000000000000000000e+00,4.756537675857543945e-01
1.000000000000000000e+00,3.464035391807556152e-01
1.000000000000000000e+00,4.029530286788940430e-01
1.000000000000000000e+00,3.936769366264343262e-01
1.000000000000000000e+00,4.714406132698059082e-01
1.000000000000000000e+00,4.986101686954498291e-01
1.000000000000000000e+00,4.902427792549133301e-01
1.000000000000000000e+00,3.343458175659179688e-01
1.000000000000000000e+00,4.886811375617980957e-01
1.000000000000000000e+00,4.625554978847503662e-01
1.000000000000000000e+00,3.249525129795074463e-01
1.000000000000000000e+00,4.438145458698272705e-01
1.000000000000000000e+00,4.432818293571472168e-01
1.000000000000000000e+00,4.082426428794860840e-01
1.000000000000000000e+00,4.429753422737121582e-01
1.000000000000000000e+00,3.884820640087127686e-01
1.000000000000000000e+00,4.152927398681640625e-01
1.000000000000000000e+00,4.249989092350006104e-01
1.000000000000000000e+00,4.564418494701385498e-01
1.000000000000000000e+00,4.819511771202087402e-01
1.000000000000000000e+00,4.467611610889434814e-01
1.000000000000000000e+00,4.429715275764465332e-01
1.000000000000000000e+00,4.019691944122314453e-01
1.000000000000000000e+00,4.651872515678405762e-01
1.000000000000000000e+00,4.276064038276672363e-01
1.000000000000000000e+00,4.038839042186737061e-01
1.000000000000000000e+00,3.852215111255645752e-01
1.000000000000000000e+00,4.186410307884216309e-01
1.000000000000000000e+00,4.445660710334777832e-01
1.000000000000000000e+00,4.126818776130676270e-01
1.000000000000000000e+00,4.017248153686523438e-01
1.000000000000000000e+00,4.151374399662017822e-01
