label,score
0.000000000000000000e+00,3.277966976165771484e-01
0.000000000000000000e+00,3.455682992935180664e-01
0.000000000000000000e+00,2.059770971536636353e-01
0.000000000000000000e+00,2.539182603359222412e-01
0.000000000000000000e+00,2.351890504360198975e-01
0.000000000000000000e+00,1.646106541156768799e-01
0.000000000000000000e+00,1.998808383941650391e-01
0.000000000000000000e+00,1.638554483652114868e-01
0.000000000000000000e+00,1.941866427659988403e-01
0.000000000000000000e+00,1.766989231109619141e-01
0.000000000000000000e+00,1.942257434129714966e-01
0.000000000000000000e+00,1.762080639600753784e-01
0.000000000000000000e+00,2.626047730445861816e-01
0.000000000000000000e+00,2.195096462965011597e-01
0.000000000000000000e+00,2.255093604326248169e-01
0.000000000000000000e+00,1.325542032718658447e-01
0.000000000000000000e+00,1.808770298957824707e-01
0.000000000000000000e+00,2.186985313892364502e-01
0.000000000000000000e+00,1.652328670024871826e-01
0.000000000000000000e+00,1.658732295036315918e-01
0.000000000000000000e+00,1.901093572378158569e-01
0.000000000000000000e+00,1.943084895610809326e-01
0.000000000000000000e+00,2.087516337633132935e-01
0.000000000000000000e+00,2.325140684843063354e-01
0.000000000000000000e+00,1.915669143199920654e-01
0.000000000000000000e+00,1.910627782344818115e-01
0.000000000000000000e+00,2.051386535167694092e-01
0.000000000000000000e+00,2.037895768880844116e-01
0.000000000000000000e+00,1.673775166273117065e-01
0.000000000000000000e+00,1.973230540752410889e-01
0.000000000000000000e+00,1.816986203193664551e-01
0.000000000000000000e+00,2.795637845993041992e-01
0.000000000000000000e+00,1.915639638900756836e-01
0.000000000000000000e+00,1.876691430807113647e-01
0.000000000000000000e+00,2.163787335157394409e-01
0.000000000000000000e+00,1.712342500686645508e-01
0.000000000000000000e+00,1.772552877664566040e-01
0.000000000000000000e+00,1.627923250198364258e-01
0.000000000000000000e+00,2.141441404819488525e-01
0.000000000000000000e+00,2.013172656297683716e-01
0.000000000000000000e+00,1.919201165437698364e-01
0.000000000000000000e+00,1.471600234508514404e-01
0.000000000000000000e+00,1.849781274795532227e-01
0.000000000000000000e+00,2.605511546134948730e-01
0.000000000000000000e+00,1.786010563373565674e-01
0.000000000000000000e+00,2.022906541824340820e-01
0.000000000000000000e+00,1.957504898309707642e-01
0.000000000000000000e+00,1.784568279981613159e-01
0.000000000000000000e+00,1.651533842086791992e-01
0.000000000000000000e+00,1.855634450912475586e-01
0.000000000000000000e+00,1.680350005626678467e-01
0.000000000000000000e+00,1.728119850158691406e-01
0.000000000000000000e+00,2.010939568281173706e-01
0.000000000000000000e+00,2.369120419025421143e-01
0.000000000000000000e+00,2.106154263019561768e-01
0.000000000000000000e+00,2.337073534727096558e-01
0.000000000000000000e+00,2.206173688173294067e-01
0.000000000000000000e+00,2.823615670204162598e-01
0.000000000000000000e+00,1.728313863277435303e-01
0.000000000000000000e+00,1.592130362987518311e-01
0.000000000000000000e+00,1.891063898801803589e-01
0.000000000000000000e+00,2.047241777181625366e-01
0.000000000000000000e+00,2.252950668334960938e-01
0.000000000000000000e+00,1.806516647338867188e-01
0.000000000000000000e+00,1.487580984830856323e-01
0.000000000000000000e+00,1.825215816497802734e-01
0.000000000000000000e+00,1.703540831804275513e-01
0.000000000000000000e+00,2.226083874702453613e-01
0.000000000000000000e+00,2.269746363162994385e-01
0.000000000000000000e+00,1.662644296884536743e-01
0.000000000000000000e+00,1.626425832509994507e-01
0.000000000000000000e+00,1.856111288070678711e-01
0.000000000000000000e+00,2.115328907966613770e-01
0.000000000000000000e+00,1.886328458786010742e-01
0.000000000000000000e+00,2.137565612792968750e-01
0.000000000000000000e+00,2.092825025320053101e-01
0.000000000000000000e+00,1.897015869617462158e-01
0.000000000000000000e+00,1.893565803766250610e-01
0.000000000000000000e+00,1.950209140777587891e-01
0.000000000000000000e+00,3.179500699043273926e-01
0.000000000000000000e+00,1.798148602247238159e-01
0.000000000000000000e+00,1.816698163747787476e-01
0.000000000000000000e+00,2.279851138591766357e-01
0.000000000000000000e+00,2.079653441905975342e-01
0.000000000000000000e+00,2.167995870113372803e-01
0.000000000000000000e+00,1.744922101497650146e-01
0.000000000000000000e+00,1.892503798007965088e-01
0.000000000000000000e+00,1.848707050085067749e-01
0.000000000000000000e+00,1.883932501077651978e-01
0.000000000000000000e+00,2.009999454021453857e-01
0.000000000000000000e+00,1.899307668209075928e-01
0.000000000000000000e+00,1.634139865636825562e-01
0.000000000000000000e+00,1.755956113338470459e-01
0.000000000000000000e+00,1.984095424413681030e-01
0.000000000000000000e+00,1.943009644746780396e-01
0.000000000000000000e+00,2.022812515497207642e-01
0.000000000000000000e+00,1.676439046859741211e-01
0.000000000000000000e+00,1.779991984367370605e-01
0.000000000000000000e+00,1.768614351749420166e-01
0.000000000000000000e+00,1.923504769802093506e-01
0.000000000000000000e+00,2.003245055675506592e-01
0.000000000000000000e+00,2.050307542085647583e-01
0.000000000000000000e+00,2.119764387607574463e-01
0.000000000000000000e+00,2.458695471286773682e-01
0.000000000000000000e+00,2.031734436750411987e-01
0.000000000000000000e+00,2.037779092788696289e-01
0.000000000000000000e+00,1.830425858497619629e-01
0.000000000000000000e+00,1.668124198913574219e-01
0.000000000000000000e+00,1.853230893611907959e-01
0.000000000000000000e+00,1.590887010097503662e-01
0.000000000000000000e+00,1.992647647857666016e-01
0.000000000000000000e+00,1.641901433467864990e-01
0.000000000000000000e+00,2.351685166358947754e-01
0.000000000000000000e+00,2.040324509143829346e-01
0.000000000000000000e+00,2.021550089120864868e-01
0.000000000000000000e+00,2.501749992370605469e-01
0.000000000000000000e+00,2.090546041727066040e-01
0.000000000000000000e+00,1.947226971387863159e-01
0.000000000000000000e+00,1.817775368690490723e-01
0.000000000000000000e+00,1.731162071228027344e-01
0.000000000000000000e+00,2.079654633998870850e-01
0.000000000000000000e+00,2.376664280891418457e-01
0.000000000000000000e+00,2.141502201557159424e-01
0.000000000000000000e+00,2.573000192642211914e-01
0.000000000000000000e+00,2.222497761249542236e-01
0.000000000000000000e+00,1.784347295761108398e-01
0.000000000000000000e+00,1.939166486263275146e-01
0.000000000000000000e+00,2.026947736740112305e-01
0.000000000000000000e+00,2.009728252887725830e-01
0.000000000000000000e+00,1.661179065704345703e-01
0.000000000000000000e+00,1.769349426031112671e-01
0.000000000000000000e+00,1.890075504779815674e-01
0.000000000000000000e+00,1.706555932760238647e-01
0.000000000000000000e+00,1.661745011806488037e-01
0.000000000000000000e+00,2.011118531227111816e-01
0.000000000000000000e+00,2.206465601921081543e-01
0.000000000000000000e+00,1.846828311681747437e-01
0.000000000000000000e+00,1.936045289039611816e-01
0.000000000000000000e+00,1.742560714483261108e-01
0.000000000000000000e+00,1.812198758125305176e-01
0.000000000000000000e+00,2.056216597557067871e-01
0.000000000000000000e+00,2.032796293497085571e-01
0.000000000000000000e+00,1.948888301849365234e-01
0.000000000000000000e+00,2.022268772125244141e-01
0.000000000000000000e+00,1.856882423162460327e-01
0.000000000000000000e+00,2.251726984977722168e-01
0.000000000000000000e+00,1.770170778036117554e-01
0.000000000000000000e+00,1.971770524978637695e-01
0.000000000000000000e+00,1.919969320297241211e-01
0.000000000000000000e+00,1.794783473014831543e-01
0.000000000000000000e+00,1.921121627092361450e-01
0.000000000000000000e+00,1.676956117153167725e-01
0.000000000000000000e+00,2.073341310024261475e-01
0.000000000000000000e+00,2.072569578886032104e-01
0.000000000000000000e+00,1.624393761157989502e-01
0.000000000000000000e+00,1.964721232652664185e-01
0.000000000000000000e+00,1.665796637535095215e-01
0.000000000000000000e+00,2.042209804058074951e-01
0.000000000000000000e+00,1.804657429456710815e-01
0.000000000000000000e+00,2.073017060756683350e-01
0.000000000000000000e+00,2.528945803642272949e-01
0.000000000000000000e+00,1.773087233304977417e-01
0.000000000000000000e+00,1.825126260519027710e-01
0.000000000000000000e+00,1.746463179588317871e-01
0.000000000000000000e+00,2.454174160957336426e-01
0.000000000000000000e+00,2.679680883884429932e-01
0.000000000000000000e+00,2.207226902246475220e-01
0.000000000000000000e+00,2.701223194599151611e-01
0.000000000000000000e+00,1.956228613853454590e-01
0.000000000000000000e+00,3.115178644657135010e-01
0.000000000000000000e+00,1.952150166034698486e-01
0.000000000000000000e+00,1.845239698886871338e-01
0.000000000000000000e+00,2.219687104225158691e-01
0.000000000000000000e+00,2.058359980583190918e-01
0.000000000000000000e+00,1.832210868597030640e-01
0.000000000000000000e+00,2.280915528535842896e-01
0.000000000000000000e+00,2.558360397815704346e-01
0.000000000000000000e+00,1.951597034931182861e-01
0.000000000000000000e+00,2.105627357959747314e-01
0.000000000000000000e+00,1.832151412963867188e-01
0.000000000000000000e+00,1.619694083929061890e-01
0.000000000000000000e+00,1.769293844699859619e-01
0.000000000000000000e+00,2.243724465370178223e-01
0.000000000000000000e+00,2.532584071159362793e-01
0.000000000000000000e+00,2.129585742950439453e-01
0.000000000000000000e+00,1.958746463060379028e-01
0.000000000000000000e+00,1.967870444059371948e-01
0.000000000000000000e+00,2.105401754379272461e-01
0.000000000000000000e+00,2.021033167839050293e-01
0.000000000000000000e+00,2.217565625905990601e-01
0.000000000000000000e+00,1.967865228652954102e-01
0.000000000000000000e+00,2.005312591791152954e-01
0.000000000000000000e+00,2.206733375787734985e-01
0.000000000000000000e+00,2.207611203193664551e-01
0.000000000000000000e+00,1.837141960859298706e-01
0.000000000000000000e+00,2.218274027109146118e-01
0.000000000000000000e+00,2.064159363508224487e-01
0.000000000000000000e+00,2.596163451671600342e-01
0.000000000000000000e+00,3.508429527282714844e-01
0.000000000000000000e+00,2.890619933605194092e-01
0.000000000000000000e+00,2.244748175144195557e-01
0.000000000000000000e+00,1.765926927328109741e-01
0.000000000000000000e+00,2.131049036979675293e-01
0.000000000000000000e+00,1.983297467231750488e-01
0.000000000000000000e+00,3.028566837310791016e-01
0.000000000000000000e+00,2.335337698459625244e-01
0.000000000000000000e+00,3.034697175025939941e-01
0.000000000000000000e+00,1.954167336225509644e-01
0.000000000000000000e+00,2.083310037851333618e-01
0.000000000000000000e+00,1.654490977525711060e-01
0.000000000000000000e+00,2.363997250795364380e-01
0.000000000000000000e+00,3.208403587341308594e-01
0.000000000000000000e+00,2.601389288902282715e-01
0.000000000000000000e+00,2.616415917873382568e-01
0.000000000000000000e+00,2.000102400779724121e-01
0.000000000000000000e+00,2.219286859035491943e-01
0.000000000000000000e+00,1.693137288093566895e-01
0.000000000000000000e+00,1.796209216117858887e-01
0.000000000000000000e+00,1.980513334274291992e-01
0.000000000000000000e+00,1.787496358156204224e-01
0.000000000000000000e+00,1.519699394702911377e-01
0.000000000000000000e+00,1.617013514041900635e-01
0.000000000000000000e+00,1.712982654571533203e-01
0.000000000000000000e+00,2.810574769973754883e-01
0.000000000000000000e+00,1.543551832437515259e-01
0.000000000000000000e+00,1.928615868091583252e-01
0.000000000000000000e+00,1.921992152929306030e-01
0.000000000000000000e+00,1.841437220573425293e-01
0.000000000000000000e+00,1.907081156969070435e-01
0.000000000000000000e+00,1.900910139083862305e-01
0.000000000000000000e+00,1.974868178367614746e-01
0.000000000000000000e+00,1.729863882064819336e-01
0.000000000000000000e+00,1.908699274063110352e-01
0.000000000000000000e+00,2.022942006587982178e-01
0.000000000000000000e+00,2.324432134628295898e-01
0.000000000000000000e+00,2.165034413337707520e-01
0.000000000000000000e+00,2.365198433399200439e-01
0.000000000000000000e+00,2.066437602043151855e-01
0.000000000000000000e+00,1.703671813011169434e-01
0.000000000000000000e+00,1.709047108888626099e-01
0.000000000000000000e+00,1.857883483171463013e-01
0.000000000000000000e+00,2.020870000123977661e-01
0.000000000000000000e+00,1.766906827688217163e-01
0.000000000000000000e+00,1.797126233577728271e-01
0.000000000000000000e+00,1.742081940174102783e-01
0.000000000000000000e+00,2.131057679653167725e-01
0.000000000000000000e+00,1.557758003473281860e-01
0.000000000000000000e+00,1.875132620334625244e-01
0.000000000000000000e+00,1.561125367879867554e-01
0.000000000000000000e+00,1.960887163877487183e-01
0.000000000000000000e+00,1.464302241802215576e-01
0.000000000000000000e+00,1.659820526838302612e-01
0.000000000000000000e+00,1.796661317348480225e-01
0.000000000000000000e+00,1.673703044652938843e-01
0.000000000000000000e+00,1.916302144527435303e-01
0.000000000000000000e+00,1.729259192943572998e-01
0.000000000000000000e+00,1.835860610008239746e-01
0.000000000000000000e+00,1.948693692684173584e-01
0.000000000000000000e+00,1.845807135105133057e-01
0.000000000000000000e+00,1.603148579597473145e-01
0.000000000000000000e+00,1.770700067281723022e-01
0.000000000000000000e+00,1.863113939762115479e-01
0.000000000000000000e+00,2.088619321584701538e-01
0.000000000000000000e+00,1.821715235710144043e-01
0.000000000000000000e+00,1.465112715959548950e-01
0.000000000000000000e+00,1.774370521306991577e-01
0.000000000000000000e+00,1.589230149984359741e-01
0.000000000000000000e+00,1.966087520122528076e-01
0.000000000000000000e+00,1.817299127578735352e-01
0.000000000000000000e+00,1.509956568479537964e-01
0.000000000000000000e+00,1.770549267530441284e-01
0.000000000000000000e+00,2.001069933176040649e-01
0.000000000000000000e+00,1.697825491428375244e-01
0.000000000000000000e+00,2.163631916046142578e-01
0.000000000000000000e+00,2.051708698272705078e-01
0.000000000000000000e+00,1.754128038883209229e-01
0.000000000000000000e+00,1.672867834568023682e-01
0.000000000000000000e+00,1.678755134344100952e-01
0.000000000000000000e+00,2.669122219085693359e-01
0.000000000000000000e+00,1.875300854444503784e-01
0.000000000000000000e+00,1.541254222393035889e-01
0.000000000000000000e+00,2.221572995185852051e-01
0.000000000000000000e+00,2.449284493923187256e-01
0.000000000000000000e+00,2.020703852176666260e-01
0.000000000000000000e+00,3.406796455383300781e-01
0.000000000000000000e+00,2.117080688476562500e-01
0.000000000000000000e+00,1.705916970968246460e-01
0.000000000000000000e+00,2.051118463277816772e-01
0.000000000000000000e+00,2.128330171108245850e-01
0.000000000000000000e+00,1.712763011455535889e-01
0.000000000000000000e+00,2.138873487710952759e-01
0.000000000000000000e+00,1.963051855564117432e-01
0.000000000000000000e+00,2.171965986490249634e-01
0.000000000000000000e+00,2.204203903675079346e-01
0.000000000000000000e+00,2.230625599622726440e-01
0.000000000000000000e+00,1.899991780519485474e-01
0.000000000000000000e+00,1.816120147705078125e-01
0.000000000000000000e+00,1.744015067815780640e-01
0.000000000000000000e+00,1.744758039712905884e-01
0.000000000000000000e+00,2.346181571483612061e-01
0.000000000000000000e+00,1.834030449390411377e-01
0.000000000000000000e+00,2.239345312118530273e-01
0.000000000000000000e+00,1.691212952136993408e-01
0.000000000000000000e+00,1.848176568746566772e-01
0.000000000000000000e+00,2.059472799301147461e-01
0.000000000000000000e+00,2.213804572820663452e-01
0.000000000000000000e+00,2.101958245038986206e-01
0.000000000000000000e+00,1.864119470119476318e-01
0.000000000000000000e+00,1.690178662538528442e-01
0.000000000000000000e+00,2.276730388402938843e-01
0.000000000000000000e+00,2.225467562675476074e-01
0.000000000000000000e+00,2.329430729150772095e-01
0.000000000000000000e+00,2.181099951267242432e-01
0.000000000000000000e+00,1.856230646371841431e-01
0.000000000000000000e+00,1.600667983293533325e-01
0.000000000000000000e+00,1.908891946077346802e-01
0.000000000000000000e+00,1.815593838691711426e-01
0.000000000000000000e+00,2.175639420747756958e-01
0.000000000000000000e+00,2.168741971254348755e-01
0.000000000000000000e+00,1.958342492580413818e-01
0.000000000000000000e+00,2.043159604072570801e-01
0.000000000000000000e+00,2.215423285961151123e-01
0.000000000000000000e+00,3.921369910240173340e-01
0.000000000000000000e+00,3.562292456626892090e-01
0.000000000000000000e+00,3.434432744979858398e-01
0.000000000000000000e+00,3.848930299282073975e-01
0.000000000000000000e+00,2.154442071914672852e-01
0.000000000000000000e+00,1.918379664421081543e-01
0.000000000000000000e+00,1.917791515588760376e-01
0.000000000000000000e+00,1.698676049709320068e-01
0.000000000000000000e+00,1.970266848802566528e-01
0.000000000000000000e+00,1.753831207752227783e-01
0.000000000000000000e+00,2.205366492271423340e-01
0.000000000000000000e+00,1.765445023775100708e-01
0.000000000000000000e+00,1.865140646696090698e-01
0.000000000000000000e+00,2.139713168144226074e-01
0.000000000000000000e+00,2.114985287189483643e-01
0.000000000000000000e+00,2.060385048389434814e-01
0.000000000000000000e+00,1.745859384536743164e-01
0.000000000000000000e+00,2.060532122850418091e-01
0.000000000000000000e+00,1.680560708045959473e-01
0.000000000000000000e+00,1.815689206123352051e-01
0.000000000000000000e+00,1.757659316062927246e-01
0.000000000000000000e+00,1.967906355857849121e-01
0.000000000000000000e+00,1.778513491153717041e-01
0.000000000000000000e+00,2.370181083679199219e-01
0.000000000000000000e+00,1.824578046798706055e-01
0.000000000000000000e+00,2.802150845527648926e-01
0.000000000000000000e+00,2.219416499137878418e-01
0.000000000000000000e+00,2.134578675031661987e-01
0.000000000000000000e+00,1.913298368453979492e-01
0.000000000000000000e+00,2.093583196401596069e-01
0.000000000000000000e+00,1.759530901908874512e-01
0.000000000000000000e+00,1.954745054244995117e-01
0.000000000000000000e+00,1.813106834888458252e-01
0.000000000000000000e+00,1.922484040260314941e-01
0.000000000000000000e+00,2.414563894271850586e-01
0.000000000000000000e+00,1.955362707376480103e-01
0.000000000000000000e+00,2.245356589555740356e-01
0.000000000000000000e+00,2.188393175601959229e-01
0.000000000000000000e+00,2.416523844003677368e-01
0.000000000000000000e+00,2.218370735645294189e-01
0.000000000000000000e+00,2.015227228403091431e-01
0.000000000000000000e+00,1.716825067996978760e-01
0.000000000000000000e+00,2.466234564781188965e-01
0.000000000000000000e+00,2.283057421445846558e-01
0.000000000000000000e+00,1.855195462703704834e-01
0.000000000000000000e+00,2.387268990278244019e-01
0.000000000000000000e+00,2.356394231319427490e-01
0.000000000000000000e+00,2.093215882778167725e-01
0.000000000000000000e+00,2.099510133266448975e-01
0.000000000000000000e+00,2.281115502119064331e-01
0.000000000000000000e+00,2.449390292167663574e-01
0.000000000000000000e+00,3.908731043338775635e-01
0.000000000000000000e+00,2.147506177425384521e-01
0.000000000000000000e+00,2.039270550012588501e-01
0.000000000000000000e+00,1.784144937992095947e-01
0.000000000000000000e+00,2.271032333374023438e-01
0.000000000000000000e+00,2.079578489065170288e-01
0.000000000000000000e+00,2.079627513885498047e-01
0.000000000000000000e+00,2.274606227874755859e-01
0.000000000000000000e+00,1.900990158319473267e-01
0.000000000000000000e+00,1.976143270730972290e-01
0.000000000000000000e+00,2.303728163242340088e-01
0.000000000000000000e+00,1.707433909177780151e-01
0.000000000000000000e+00,1.710292249917984009e-01
0.000000000000000000e+00,2.054156064987182617e-01
0.000000000000000000e+00,2.212556004524230957e-01
0.000000000000000000e+00,1.731849759817123413e-01
0.000000000000000000e+00,2.204082906246185303e-01
0.000000000000000000e+00,2.318976521492004395e-01
0.000000000000000000e+00,1.934500932693481445e-01
0.000000000000000000e+00,1.854705214500427246e-01
0.000000000000000000e+00,1.696088016033172607e-01
0.000000000000000000e+00,1.941094249486923218e-01
0.000000000000000000e+00,1.786416918039321899e-01
0.000000000000000000e+00,2.417173385620117188e-01
0.000000000000000000e+00,2.769349813461303711e-01
0.000000000000000000e+00,1.907678395509719849e-01
0.000000000000000000e+00,2.499977797269821167e-01
0.000000000000000000e+00,3.643550276756286621e-01
0.000000000000000000e+00,2.138596475124359131e-01
0.000000000000000000e+00,2.013673782348632812e-01
0.000000000000000000e+00,2.262254059314727783e-01
0.000000000000000000e+00,2.098023891448974609e-01
0.000000000000000000e+00,2.260522246360778809e-01
0.000000000000000000e+00,2.162620127201080322e-01
0.000000000000000000e+00,1.898054480552673340e-01
0.000000000000000000e+00,1.875557899475097656e-01
0.000000000000000000e+00,2.182264626026153564e-01
0.000000000000000000e+00,1.830698549747467041e-01
0.000000000000000000e+00,1.932338178157806396e-01
0.000000000000000000e+00,2.102800160646438599e-01
0.000000000000000000e+00,2.006217986345291138e-01
0.000000000000000000e+00,2.010217308998107910e-01
0.000000000000000000e+00,2.500761747360229492e-01
0.000000000000000000e+00,2.799423038959503174e-01
0.000000000000000000e+00,2.221714854240417480e-01
0.000000000000000000e+00,1.901872754096984863e-01
0.000000000000000000e+00,1.819540262222290039e-01
0.000000000000000000e+00,2.211320698261260986e-01
0.000000000000000000e+00,2.362737357616424561e-01
0.000000000000000000e+00,2.098767608404159546e-01
0.000000000000000000e+00,1.920560896396636963e-01
0.000000000000000000e+00,2.056926190853118896e-01
0.000000000000000000e+00,1.791805028915405273e-01
0.000000000000000000e+00,2.256924510002136230e-01
0.000000000000000000e+00,2.100411802530288696e-01
0.000000000000000000e+00,2.861898839473724365e-01
0.000000000000000000e+00,2.184903025627136230e-01
0.000000000000000000e+00,1.825297623872756958e-01
0.000000000000000000e+00,2.083952426910400391e-01
0.000000000000000000e+00,2.083181142807006836e-01
0.000000000000000000e+00,2.017657905817031860e-01
0.000000000000000000e+00,2.254945486783981323e-01
0.000000000000000000e+00,2.826610803604125977e-01
0.000000000000000000e+00,2.052930742502212524e-01
0.000000000000000000e+00,1.767163872718811035e-01
0.000000000000000000e+00,2.366069704294204712e-01
0.000000000000000000e+00,1.742476671934127808e-01
0.000000000000000000e+00,1.881412863731384277e-01
0.000000000000000000e+00,2.040236592292785645e-01
0.000000000000000000e+00,1.857112348079681396e-01
0.000000000000000000e+00,1.356703191995620728e-01
0.000000000000000000e+00,2.133649736642837524e-01
0.000000000000000000e+00,2.062868177890777588e-01
0.000000000000000000e+00,1.729148328304290771e-01
0.000000000000000000e+00,1.986238509416580200e-01
0.000000000000000000e+00,1.934973150491714478e-01
0.000000000000000000e+00,1.848667860031127930e-01
0.000000000000000000e+00,2.117988765239715576e-01
0.000000000000000000e+00,1.885327547788619995e-01
0.000000000000000000e+00,1.992328315973281860e-01
0.000000000000000000e+00,2.006648778915405273e-01
0.000000000000000000e+00,1.672193408012390137e-01
0.000000000000000000e+00,2.003980875015258789e-01
0.000000000000000000e+00,2.228648364543914795e-01
0.000000000000000000e+00,2.018824517726898193e-01
0.000000000000000000e+00,2.161105424165725708e-01
0.000000000000000000e+00,1.622443795204162598e-01
0.000000000000000000e+00,1.730083823204040527e-01
0.000000000000000000e+00,1.922884881496429443e-01
0.000000000000000000e+00,1.775032281875610352e-01
0.000000000000000000e+00,1.838408410549163818e-01
0.000000000000000000e+00,1.491903066635131836e-01
0.000000000000000000e+00,2.500336468219757080e-01
0.000000000000000000e+00,1.574864536523818970e-01
0.000000000000000000e+00,2.338731735944747925e-01
0.000000000000000000e+00,1.994833201169967651e-01
0.000000000000000000e+00,1.516516059637069702e-01
0.000000000000000000e+00,1.754845678806304932e-01
0.000000000000000000e+00,1.658650040626525879e-01
0.000000000000000000e+00,1.676253676414489746e-01
0.000000000000000000e+00,1.642754524946212769e-01
0.000000000000000000e+00,1.705458015203475952e-01
0.000000000000000000e+00,2.008698582649230957e-01
0.000000000000000000e+00,1.937146037817001343e-01
0.000000000000000000e+00,1.936630755662918091e-01
0.000000000000000000e+00,2.082112729549407959e-01
0.000000000000000000e+00,2.085900604724884033e-01
0.000000000000000000e+00,2.081622928380966187e-01
0.000000000000000000e+00,2.033984512090682983e-01
0.000000000000000000e+00,2.181295007467269897e-01
0.000000000000000000e+00,2.238042354583740234e-01
0.000000000000000000e+00,1.835288703441619873e-01
0.000000000000000000e+00,1.987170130014419556e-01
0.000000000000000000e+00,2.631856501102447510e-01
0.000000000000000000e+00,1.978917121887207031e-01
0.000000000000000000e+00,2.860985696315765381e-01
0.000000000000000000e+00,2.445145398378372192e-01
0.000000000000000000e+00,2.363831549882888794e-01
0.000000000000000000e+00,1.984454393386840820e-01
0.000000000000000000e+00,2.066003829240798950e-01
0.000000000000000000e+00,1.647496819496154785e-01
0.000000000000000000e+00,2.308440506458282471e-01
0.000000000000000000e+00,3.260494470596313477e-01
0.000000000000000000e+00,2.574492692947387695e-01
0.000000000000000000e+00,2.341227978467941284e-01
0.000000000000000000e+00,1.656810045242309570e-01
0.000000000000000000e+00,1.988717615604400635e-01
1.000000000000000000e+00,4.190890491008758545e-01
1.000000000000000000e+00,5.416218042373657227e-01
1.000000000000000000e+00,5.528984665870666504e-01
1.000000000000000000e+00,3.786768019199371338e-01
1.000000000000000000e+00,4.857715964317321777e-01
1.000000000000000000e+00,4.901287555694580078e-01
1.000000000000000000e+00,4.275014400482177734e-01
1.000000000000000000e+00,4.284179210662841797e-01
1.000000000000000000e+00,4.189415574073791504e-01
1.000000000000000000e+00,4.512419700622558594e-01
1.000000000000000000e+00,4.661879241466522217e-01
1.000000000000000000e+00,4.637562632560729980e-01
1.000000000000000000e+00,4.692705869674682617e-01
1.000000000000000000e+00,4.089279770851135254e-01
1.000000000000000000e+00,3.900760412216186523e-01
1.000000000000000000e+00,4.059268236160278320e-01
1.000000000000000000e+00,3.830668628215789795e-01
1.000000000000000000e+00,3.572480380535125732e-01
1.000000000000000000e+00,4.701967239379882812e-01
1.000000000000000000e+00,3.566948771476745605e-01
1.000000000000000000e+00,4.612645208835601807e-01
1.000000000000000000e+00,4.585162401199340820e-01
1.000000000000000000e+00,4.149931073188781738e-01
1.000000000000000000e+00,4.308446347713470459e-01
1.000000000000000000e+00,5.389551520347595215e-01
1.000000000000000000e+00,4.351287782192230225e-01
1.000000000000000000e+00,4.271208643913269043e-01
1.000000000000000000e+00,4.670361280441284180e-01
1.000000000000000000e+00,4.679214656352996826e-01
1.000000000000000000e+00,4.556845426559448242e-01
1.000000000000000000e+00,4.416026771068572998e-01
1.000000000000000000e+00,4.095843732357025146e-01
1.000000000000000000e+00,4.491356611251831055e-01
1.000000000000000000e+00,4.147207140922546387e-01
1.000000000000000000e+00,4.510407447814941406e-01
1.000000000000000000e+00,3.823232650756835938e-01
1.000000000000000000e+00,4.484395384788513184e-01
1.000000000000000000e+00,4.238440692424774170e-01
1.000000000000000000e+00,3.741127848625183105e-01
1.000000000000000000e+00,3.966460525989532471e-01
1.000000000000000000e+00,4.023500084877014160e-01
1.000000000000000000e+00,4.894222021102905273e-01
1.000000000000000000e+00,4.086681902408599854e-01
1.000000000000000000e+00,4.981381893157958984e-01
1.000000000000000000e+00,3.260326087474822998e-01
1.000000000000000000e+00,4.453088939189910889e-01
1.000000000000000000e+00,4.285637438297271729e-01
1.000000000000000000e+00,4.359349012374877930e-01
1.000000000000000000e+00,4.069773554801940918e-01
1.000000000000000000e+00,4.072118997573852539e-01
1.000000000000000000e+00,4.033928215503692627e-01
1.000000000000000000e+00,4.290331304073333740e-01
1.000000000000000000e+00,4.235637485980987549e-01
1.000000000000000000e+00,4.625477194786071777e-01
1.000000000000000000e+00,3.899398148059844971e-01
1.000000000000000000e+00,4.231302738189697266e-01
1.000000000000000000e+00,4.297004342079162598e-01
1.000000000000000000e+00,4.091169536113739014e-01
1.000000000000000000e+00,3.331113457679748535e-01
1.000000000000000000e+00,4.634805917739868164e-01
1.000000000000000000e+00,5.484672784805297852e-01
1.000000000000000000e+00,4.792805910110473633e-01
1.000000000000000000e+00,4.185074865818023682e-01
1.000000000000000000e+00,4.963462948799133301e-01
1.000000000000000000e+00,4.746086597442626953e-01
1.000000000000000000e+00,3.718348145484924316e-01
1.000000000000000000e+00,4.094717502593994141e-01
1.000000000000000000e+00,4.014228284358978271e-01
1.000000000000000000e+00,4.321707785129547119e-01
1.000000000000000000e+00,4.295200705528259277e-01
1.000000000000000000e+00,5.033715367317199707e-01
1.000000000000000000e+00,4.706303477287292480e-01
1.000000000000000000e+00,3.737423717975616455e-01
1.000000000000000000e+00,4.200128912925720215e-01
1.000000000000000000e+00,4.804080724716186523e-01
1.000000000000000000e+00,4.538617134094238281e-01
1.000000000000000000e+00,4.369040429592132568e-01
1.000000000000000000e+00,4.610233306884765625e-01
1.000000000000000000e+00,4.077902436256408691e-01
1.000000000000000000e+00,4.167864322662353516e-01
1.000000000000000000e+00,3.743338286876678467e-01
1.000000000000000000e+00,4.363898336887359619e-01
1.000000000000000000e+00,5.140937566757202148e-01
1.000000000000000000e+00,4.279835224151611328e-01
1.000000000000000000e+00,4.128683805465698242e-01
1.000000000000000000e+00,4.474042952060699463e-01
1.000000000000000000e+00,4.298205375671386719e-01
1.000000000000000000e+00,4.342429637908935547e-01
1.000000000000000000e+00,4.694046974182128906e-01
1.000000000000000000e+00,4.536381065845489502e-01
1.000000000000000000e+00,4.883747100830078125e-01
1.000000000000000000e+00,5.176039934158325195e-01
1.000000000000000000e+00,3.543991446495056152e-01
1.000000000000000000e+00,4.536381363868713379e-01
1.000000000000000000e+00,4.171752631664276123e-01
1.000000000000000000e+00,4.996534287929534912e-01
1.000000000000000000e+00,4.161289632320404053e-01
1.000000000000000000e+00,4.653806090354919434e-01
1.000000000000000000e+00,3.767985701560974121e-01
1.000000000000000000e+00,4.514061510562896729e-01
1.000000000000000000e+00,4.153603911399841309e-01
1.000000000000000000e+00,4.350679218769073486e-01
1.000000000000000000e+00,3.848412334918975830e-01
1.000000000000000000e+00,5.102181434631347656e-01
1.000000000000000000e+00,4.250823259353637695e-01
1.000000000000000000e+00,5.060541629791259766e-01
1.000000000000000000e+00,4.469139873981475830e-01
1.000000000000000000e+00,4.107668697834014893e-01
1.000000000000000000e+00,5.047003626823425293e-01
1.000000000000000000e+00,4.568278789520263672e-01
1.000000000000000000e+00,4.653728306293487549e-01
1.000000000000000000e+00,4.956930875778198242e-01
1.000000000000000000e+00,4.571630060672760010e-01
1.000000000000000000e+00,4.941463470458984375e-01
1.000000000000000000e+00,4.760606884956359863e-01
1.000000000000000000e+00,3.805078864097595215e-01
1.000000000000000000e+00,3.799055218696594238e-01
1.000000000000000000e+00,4.507852792739868164e-01
1.000000000000000000e+00,3.900976479053497314e-01
1.000000000000000000e+00,3.960120081901550293e-01
1.000000000000000000e+00,4.585253596305847168e-01
1.000000000000000000e+00,3.504034280776977539e-01
1.000000000000000000e+00,3.519552648067474365e-01
1.000000000000000000e+00,4.792694449424743652e-01
1.000000000000000000e+00,4.958540201187133789e-01
1.000000000000000000e+00,3.416829109191894531e-01
1.000000000000000000e+00,4.254265427589416504e-01
1.000000000000000000e+00,4.444818496704101562e-01
1.000000000000000000e+00,4.567457735538482666e-01
1.000000000000000000e+00,4.516941308975219727e-01
1.000000000000000000e+00,4.528904557228088379e-01
1.000000000000000000e+00,4.728824198246002197e-01
1.000000000000000000e+00,4.235991239547729492e-01
1.000000000000000000e+00,4.236274957656860352e-01
1.000000000000000000e+00,4.544295668601989746e-01
1.000000000000000000e+00,4.671081304550170898e-01
1.000000000000000000e+00,3.859122097492218018e-01
1.000000000000000000e+00,4.409169256687164307e-01
1.000000000000000000e+00,4.099322855472564697e-01
1.000000000000000000e+00,4.579304158687591553e-01
1.000000000000000000e+00,3.816694617271423340e-01
1.000000000000000000e+00,4.689813852310180664e-01
1.000000000000000000e+00,3.887830376625061035e-01
1.000000000000000000e+00,4.650749862194061279e-01
1.000000000000000000e+00,3.512966632843017578e-01
1.000000000000000000e+00,4.085226655006408691e-01
1.000000000000000000e+00,4.991782903671264648e-01
1.000000000000000000e+00,4.133182168006896973e-01
1.000000000000000000e+00,4.261476397514343262e-01
1.000000000000000000e+00,5.214579105377197266e-01
1.000000000000000000e+00,5.083279609680175781e-01
1.000000000000000000e+00,4.429601430892944336e-01
1.000000000000000000e+00,5.152194499969482422e-01
1.000000000000000000e+00,3.647071719169616699e-01
1.000000000000000000e+00,3.741060495376586914e-01
1.000000000000000000e+00,4.190284311771392822e-01
1.000000000000000000e+00,4.357726871967315674e-01
1.000000000000000000e+00,4.234993755817413330e-01
1.000000000000000000e+00,4.297798573970794678e-01
1.000000000000000000e+00,3.598546683788299561e-01
1.000000000000000000e+00,4.361269176006317139e-01
1.000000000000000000e+00,4.246837794780731201e-01
1.000000000000000000e+00,4.000166952610015869e-01
1.000000000000000000e+00,4.181005358695983887e-01
1.000000000000000000e+00,4.073905944824218750e-01
1.000000000000000000e+00,4.501229822635650635e-01
1.000000000000000000e+00,3.922468423843383789e-01
1.000000000000000000e+00,4.233757257461547852e-01
1.000000000000000000e+00,4.056781530380249023e-01
1.000000000000000000e+00,4.068038463592529297e-01
1.000000000000000000e+00,5.623690485954284668e-01
1.000000000000000000e+00,4.526894092559814453e-01
1.000000000000000000e+00,4.373918473720550537e-01
1.000000000000000000e+00,4.315653443336486816e-01
1.000000000000000000e+00,3.498505055904388428e-01
1.000000000000000000e+00,4.159397482872009277e-01
1.000000000000000000e+00,3.862624466419219971e-01
1.000000000000000000e+00,4.019645452499389648e-01
1.000000000000000000e+00,5.003958344459533691e-01
1.000000000000000000e+00,5.105549097061157227e-01
1.000000000000000000e+00,4.113441109657287598e-01
1.000000000000000000e+00,3.861618936061859131e-01
1.000000000000000000e+00,4.029464721679687500e-01
1.000000000000000000e+00,5.022623538970947266e-01
1.000000000000000000e+00,3.871152400970458984e-01
1.000000000000000000e+00,4.466786980628967285e-01
1.000000000000000000e+00,4.286042451858520508e-01
1.000000000000000000e+00,4.561370611190795898e-01
1.000000000000000000e+00,3.610576391220092773e-01
1.000000000000000000e+00,4.219511449337005615e-01
1.000000000000000000e+00,4.109552204608917236e-01
1.000000000000000000e+00,3.666046857833862305e-01
1.000000000000000000e+00,4.296632409095764160e-01
1.000000000000000000e+00,4.763393402099609375e-01
1.000000000000000000e+00,4.710179865360260010e-01
1.000000000000000000e+00,4.306585192680358887e-01
1.000000000000000000e+00,4.914652705192565918e-01
1.000000000000000000e+00,4.614315330982208252e-01
1.000000000000000000e+00,4.347365796566009521e-01
1.000000000000000000e+00,4.685227870941162109e-01
1.000000000000000000e+00,4.472268819808959961e-01
1.000000000000000000e+00,3.890925943851470947e-01
1.000000000000000000e+00,4.412122368812561035e-01
1.000000000000000000e+00,3.732991218566894531e-01
1.000000000000000000e+00,4.369630217552185059e-01
1.000000000000000000e+00,4.016609787940979004e-01
1.000000000000000000e+00,4.365331828594207764e-01
1.000000000000000000e+00,4.080407619476318359e-01
1.000000000000000000e+00,4.095570743083953857e-01
1.000000000000000000e+00,4.143572449684143066e-01
1.000000000000000000e+00,4.269301593303680420e-01
1.000000000000000000e+00,4.864601492881774902e-01
1.000000000000000000e+00,4.197342693805694580e-01
1.000000000000000000e+00,4.270040988922119141e-01
1.000000000000000000e+00,5.201048851013183594e-01
1.000000000000000000e+00,4.270216226577758789e-01
1.000000000000000000e+00,5.266739726066589355e-01
1.000000000000000000e+00,4.283097684383392334e-01
1.000000000000000000e+00,4.120627641677856445e-01
1.000000000000000000e+00,4.786924421787261963e-01
1.000000000000000000e+00,5.015078186988830566e-01
1.000000000000000000e+00,4.349528849124908447e-01
1.000000000000000000e+00,4.583267569541931152e-01
1.000000000000000000e+00,4.599830508232116699e-01
1.000000000000000000e+00,4.856643080711364746e-01
1.000000000000000000e+00,4.024353623390197754e-01
1.000000000000000000e+00,3.894411921501159668e-01
1.000000000000000000e+00,3.563528358936309814e-01
1.000000000000000000e+00,3.729428350925445557e-01
1.000000000000000000e+00,3.904363512992858887e-01
1.000000000000000000e+00,4.223859310150146484e-01
1.000000000000000000e+00,3.733791112899780273e-01
1.000000000000000000e+00,4.726279377937316895e-01
1.000000000000000000e+00,4.580042362213134766e-01
1.000000000000000000e+00,4.821522235870361328e-01
1.000000000000000000e+00,4.460192620754241943e-01
1.000000000000000000e+00,4.051372110843658447e-01
1.000000000000000000e+00,4.756691753864288330e-01
1.000000000000000000e+00,4.828634262084960938e-01
1.000000000000000000e+00,4.499727189540863037e-01
1.000000000000000000e+00,4.381502270698547363e-01
1.000000000000000000e+00,4.795005917549133301e-01
1.000000000000000000e+00,4.346777498722076416e-01
1.000000000000000000e+00,3.471547365188598633e-01
1.000000000000000000e+00,4.661049544811248779e-01
1.000000000000000000e+00,4.740731716156005859e-01
1.000000000000000000e+00,3.876248002052307129e-01
1.000000000000000000e+00,3.687221407890319824e-01
1.000000000000000000e+00,4.149030447006225586e-01
1.000000000000000000e+00,4.309362769126892090e-01
1.000000000000000000e+00,4.320335984230041504e-01
1.000000000000000000e+00,3.685799241065979004e-01
1.000000000000000000e+00,4.010189175605773926e-01
1.000000000000000000e+00,4.900521636009216309e-01
1.000000000000000000e+00,4.193148314952850342e-01
1.000000000000000000e+00,5.971286892890930176e-01
1.000000000000000000e+00,4.449021518230438232e-01
1.000000000000000000e+00,4.223014414310455322e-01
1.000000000000000000e+00,4.236420691013336182e-01
1.000000000000000000e+00,4.746450781822204590e-01
1.000000000000000000e+00,3.542421162128448486e-01
1.000000000000000000e+00,4.234603047370910645e-01
1.000000000000000000e+00,4.510148167610168457e-01
1.000000000000000000e+00,5.079677104949951172e-01
1.000000000000000000e+00,3.984050154685974121e-01
1.000000000000000000e+00,4.609850049018859863e-01
1.000000000000000000e+00,3.969399631023406982e-01
1.000000000000000000e+00,4.183235466480255127e-01
1.000000000000000000e+00,3.927126824855804443e-01
1.000000000000000000e+00,3.826823830604553223e-01
1.000000000000000000e+00,4.103737771511077881e-01
1.000000000000000000e+00,4.107020795345306396e-01
1.000000000000000000e+00,4.115198850631713867e-01
1.000000000000000000e+00,4.424838423728942871e-01
1.000000000000000000e+00,4.443166851997375488e-01
1.000000000000000000e+00,3.945978283882141113e-01
1.000000000000000000e+00,4.577478766441345215e-01
1.000000000000000000e+00,4.178119897842407227e-01
1.000000000000000000e+00,4.483239948749542236e-01
1.000000000000000000e+00,4.227151870727539062e-01
1.000000000000000000e+00,4.020404219627380371e-01
1.000000000000000000e+00,5.285407900810241699e-01
1.000000000000000000e+00,4.733088612556457520e-01
1.000000000000000000e+00,4.612420201301574707e-01
1.000000000000000000e+00,4.590327143669128418e-01
1.000000000000000000e+00,4.358145594596862793e-01
1.000000000000000000e+00,3.691652715206146240e-01
1.000000000000000000e+00,4.687684178352355957e-01
1.000000000000000000e+00,3.843258917331695557e-01
1.000000000000000000e+00,4.604654312133789062e-01
1.000000000000000000e+00,4.449056386947631836e-01
1.000000000000000000e+00,5.344608426094055176e-01
1.000000000000000000e+00,5.099004507064819336e-01
1.000000000000000000e+00,3.847627043724060059e-01
1.000000000000000000e+00,3.708132207393646240e-01
1.000000000000000000e+00,4.908555746078491211e-01
1.000000000000000000e+00,3.812047243118286133e-01
1.000000000000000000e+00,4.217884838581085205e-01
1.000000000000000000e+00,4.206254780292510986e-01
1.000000000000000000e+00,4.844941794872283936e-01
1.000000000000000000e+00,3.805401027202606201e-01
1.000000000000000000e+00,4.533476233482360840e-01
1.000000000000000000e+00,4.058482348918914795e-01
1.000000000000000000e+00,4.275227487087249756e-01
1.000000000000000000e+00,4.828706681728363037e-01
1.000000000000000000e+00,4.680101871490478516e-01
1.000000000000000000e+00,4.785804152488708496e-01
1.000000000000000000e+00,4.570983946323394775e-01
1.000000000000000000e+00,5.004371404647827148e-01
1.000000000000000000e+00,4.852912425994873047e-01
1.000000000000000000e+00,4.623070955276489258e-01
1.000000000000000000e+00,5.208491683006286621e-01
1.000000000000000000e+00,5.115668773651123047e-01
1.000000000000000000e+00,3.958138227462768555e-01
1.000000000000000000e+00,5.514798164367675781e-01
1.000000000000000000e+00,4.610189199447631836e-01
1.000000000000000000e+00,5.051864385604858398e-01
1.000000000000000000e+00,4.464787244796752930e-01
1.000000000000000000e+00,5.172243714332580566e-01
1.000000000000000000e+00,4.730255603790283203e-01
1.000000000000000000e+00,5.642716288566589355e-01
1.000000000000000000e+00,4.353500604629516602e-01
1.000000000000000000e+00,5.152406692504882812e-01
1.000000000000000000e+00,5.025457739830017090e-01
1.000000000000000000e+00,4.609581828117370605e-01
1.000000000000000000e+00,3.631866276264190674e-01
1.000000000000000000e+00,4.817523956298828125e-01
1.000000000000000000e+00,4.464851021766662598e-01
1.000000000000000000e+00,4.438493251800537109e-01
1.000000000000000000e+00,5.253254771232604980e-01
1.000000000000000000e+00,3.991400599479675293e-01
1.000000000000000000e+00,3.930544555187225342e-01
1.000000000000000000e+00,4.285981655120849609e-01
1.000000000000000000e+00,4.547353982925415039e-01
1.000000000000000000e+00,3.867543041706085205e-01
1.000000000000000000e+00,5.715668201446533203e-01
1.000000000000000000e+00,4.844932556152343750e-01
1.000000000000000000e+00,3.933200240135192871e-01
1.000000000000000000e+00,5.327652692794799805e-01
1.000000000000000000e+00,3.682143986225128174e-01
1.000000000000000000e+00,5.465595722198486328e-01
1.000000000000000000e+00,4.588627219200134277e-01
1.000000000000000000e+00,3.867712616920471191e-01
1.000000000000000000e+00,5.020191073417663574e-01
1.000000000000000000e+00,3.510010540485382080e-01
1.000000000000000000e+00,4.393982291221618652e-01
1.000000000000000000e+00,4.858560860157012939e-01
1.000000000000000000e+00,4.508739709854125977e-01
1.000000000000000000e+00,3.897445201873779297e-01
1.000000000000000000e+00,4.158691167831420898e-01
1.000000000000000000e+00,4.934993982315063477e-01
1.000000000000000000e+00,3.768677115440368652e-01
1.000000000000000000e+00,4.389517307281494141e-01
1.000000000000000000e+00,4.016016721725463867e-01
1.000000000000000000e+00,3.997208178043365479e-01
1.000000000000000000e+00,3.698870837688446045e-01
1.000000000000000000e+00,3.764387369155883789e-01
1.000000000000000000e+00,4.032552838325500488e-01
1.000000000000000000e+00,3.333030343055725098e-01
1.000000000000000000e+00,3.777007460594177246e-01
1.000000000000000000e+00,3.927834331989288330e-01
1.000000000000000000e+00,4.748700857162475586e-01
1.000000000000000000e+00,3.935827612876892090e-01
1.000000000000000000e+00,3.871991634368896484e-01
1.000000000000000000e+00,3.909431099891662598e-01
1.000000000000000000e+00,4.541062414646148682e-01
1.000000000000000000e+00,4.150754213333129883e-01
1.000000000000000000e+00,3.966247439384460449e-01
1.000000000000000000e+00,4.959156811237335205e-01
1.000000000000000000e+00,3.792609572410583496e-01
1.000000000000000000e+00,3.749281764030456543e-01
1.000000000000000000e+00,4.732489585876464844e-01
1.000000000000000000e+00,4.298955798149108887e-01
1.000000000000000000e+00,4.406805932521820068e-01
1.000000000000000000e+00,4.301562309265136719e-01
1.000000000000000000e+00,4.525286257266998291e-01
1.000000000000000000e+00,4.233316779136657715e-01
1.000000000000000000e+00,4.836789369583129883e-01
1.000000000000000000e+00,4.294566810131072998e-01
1.000000000000000000e+00,3.881613314151763916e-01
1.000000000000000000e+00,3.897746801376342773e-01
1.000000000000000000e+00,3.572341501712799072e-01
1.000000000000000000e+00,4.504120945930480957e-01
1.000000000000000000e+00,4.454835653305053711e-01
1.000000000000000000e+00,4.473189711570739746e-01
1.000000000000000000e+00,4.955919682979583740e-01
1.000000000000000000e+00,3.785091042518615723e-01
1.000000000000000000e+00,3.819679617881774902e-01
1.000000000000000000e+00,3.592851758003234863e-01
1.000000000000000000e+00,4.712084531784057617e-01
1.000000000000000000e+00,3.676172494888305664e-01
1.000000000000000000e+00,4.829840660095214844e-01
1.000000000000000000e+00,4.686559438705444336e-01
1.000000000000000000e+00,4.259610176086425781e-01
1.000000000000000000e+00,5.452369451522827148e-01
1.000000000000000000e+00,4.844551682472229004e-01
1.000000000000000000e+00,3.806107044219970703e-01
1.000000000000000000e+00,4.562493860721588135e-01
1.000000000000000000e+00,4.376134276390075684e-01
1.000000000000000000e+00,3.698422610759735107e-01
1.000000000000000000e+00,4.423243701457977295e-01
1.000000000000000000e+00,3.961606919765472412e-01
1.000000000000000000e+00,4.849778413772583008e-01
1.000000000000000000e+00,3.890091180801391602e-01
1.000000000000000000e+00,4.289103150367736816e-01
1.000000000000000000e+00,4.778109192848205566e-01
1.000000000000000000e+00,5.268648266792297363e-01
1.000000000000000000e+00,5.206429958343505859e-01
1.000000000000000000e+00,4.421979784965515137e-01
1.000000000000000000e+00,4.099567830562591553e-01
1.000000000000000000e+00,4.162671566009521484e-01
1.000000000000000000e+00,4.099832773208618164e-01
1.000000000000000000e+00,4.000473618507385254e-01
1.000000000000000000e+00,4.894746541976928711e-01
1.000000000000000000e+00,4.299232661724090576e-01
1.000000000000000000e+00,3.720686137676239014e-01
1.000000000000000000e+00,4.124155938625335693e-01
1.000000000000000000e+00,4.474150538444519043e-01
1.000000000000000000e+00,4.134792387485504150e-01
1.000000000000000000e+00,3.718182742595672607e-01
1.000000000000000000e+00,4.726871848106384277e-01
1.000000000000000000e+00,3.691506981849670410e-01
1.000000000000000000e+00,3.825869560241699219e-01
1.000000000000000000e+00,4.296953976154327393e-01
1.000000000000000000e+00,4.180300533771514893e-01
1.000000000000000000e+00,4.067736566066741943e-01
1.000000000000000000e+00,5.185500979423522949e-01
1.000000000000000000e+00,4.109858572483062744e-01
1.000000000000000000e+00,4.240675270557403564e-01
1.000000000000000000e+00,4.165336489677429199e-01
1.000000000000000000e+00,4.009081721305847168e-01
1.000000000000000000e+00,3.881338536739349365e-01
1.000000000000000000e+00,3.871861696243286133e-01
1.000000000000000000e+00,4.098668992519378662e-01
1.000000000000000000e+00,3.956806659698486328e-01
1.000000000000000000e+00,4.597246646881103516e-01
1.000000000000000000e+00,4.125533699989318848e-01
1.000000000000000000e+00,3.546566963195800781e-01
1.000000000000000000e+00,4.289591908454895020e-01
1.000000000000000000e+00,4.475643038749694824e-01
1.000000000000000000e+00,3.220656812191009521e-01
1.000000000000000000e+00,3.772591352462768555e-01
1.000000000000000000e+00,4.214903414249420166e-01
1.000000000000000000e+00,4.178812503814697266e-01
1.000000000000000000e+00,4.738424420356750488e-01
1.000000000000000000e+00,4.621723294258117676e-01
1.000000000000000000e+00,5.436310768127441406e-01
1.000000000000000000e+00,4.713463783264160156e-01
1.000000000000000000e+00,4.772185683250427246e-01
1.000000000000000000e+00,4.610519707202911377e-01
1.000000000000000000e+00,4.154014289379119873e-01
1.000000000000000000e+00,5.688720941543579102e-01
1.000000000000000000e+00,4.421355724334716797e-01
1.000000000000000000e+00,4.547148048877716064e-01
1.000000000000000000e+00,3.883872032165527344e-01
1.000000000000000000e+00,3.583759367465972900e-01
1.000000000000000000e+00,3.722465038299560547e-01
1.000000000000000000e+00,4.083695113658905029e-01
1.000000000000000000e+00,4.374116659164428711e-01
1.000000000000000000e+00,4.875321388244628906e-01
1.000000000000000000e+00,4.553845822811126709e-01
1.000000000000000000e+00,5.051915049552917480e-01
1.000000000000000000e+00,4.342152774333953857e-01
1.000000000000000000e+00,4.052395224571228027e-01
1.000000000000000000e+00,3.923549056053161621e-01
1.000000000000000000e+00,4.147045612335205078e-01
1.000000000000000000e+00,4.375826120376586914e-01
1.000000000000000000e+00,3.742164373397827148e-01
1.000000000000000000e+00,4.274753630161285400e-01
1.000000000000000000e+00,4.149439036846160889e-01
1.000000000000000000e+00,3.990181982517242432e-01
1.000000000000000000e+00,4.353317022323608398e-01
1.000000000000000000e+00,4.354776144027709961e-01
1.000000000000000000e+00,4.406855404376983643e-01
1.000000000000000000e+00,3.997342586517333984e-01
1.000000000000000000e+00,3.621238172054290771e-01
1.000000000000000000e+00,4.132876098155975342e-01
1.000000000000000000e+00,4.218955636024475098e-01
1.000000000000000000e+00,4.376503527164459229e-01
1.000000000000000000e+00,5.590137243270874023e-01
1.000000000000000000e+00,3.799673914909362793e-01
1.000000000000000000e+00,5.643197298049926758e-01
1.000000000000000000e+00,4.538204073905944824e-01
1.000000000000000000e+00,4.482342302799224854e-01
1.000000000000000000e+00,4.154701530933380127e-01
1.000000000000000000e+00,4.671395421028137207e-01
1.000000000000000000e+00,5.048666000366210938e-01
1.000000000000000000e+00,4.098187983036041260e-01
1.000000000000000000e+00,3.783354163169860840e-01
1.000000000000000000e+00,4.001311361789703369e-01
1.000000000000000000e+00,3.824333548545837402e-01
1.000000000000000000e+00,4.311780333518981934e-01
1.000000000000000000e+00,3.812468349933624268e-01
1.000000000000000000e+00,5.117794275283813477e-01
1.000000000000000000e+00,4.012460112571716309e-01
1.000000000000000000e+00,3.989456295967102051e-01
1.000000000000000000e+00,4.148901402950286865e-01
1.000000000000000000e+00,4.098885059356689453e-01
1.000000000000000000e+00,4.142639636993408203e-01
1.000000000000000000e+00,4.051060676574707031e-01
1.000000000000000000e+00,4.020121991634368896e-01
1.000000000000000000e+00,6.039901971817016602e-01
1.000000000000000000e+00,3.893891870975494385e-01
1.000000000000000000e+00,4.748961031436920166e-01
1.000000000000000000e+00,4.873083233833312988e-01
1.000000000000000000e+00,4.311461448669433594e-01
1.000000000000000000e+00,5.128040909767150879e-01
1.000000000000000000e+00,4.132284522056579590e-01
1.000000000000000000e+00,4.016245007514953613e-01
1.000000000000000000e+00,5.930298566818237305e-01
1.000000000000000000e+00,3.935849070549011230e-01
1.000000000000000000e+00,4.542091190814971924e-01
1.000000000000000000e+00,4.435859918594360352e-01
1.000000000000000000e+00,4.402652084827423096e-01
1.000000000000000000e+00,4.522460997104644775e-01
1.000000000000000000e+00,3.125863969326019287e-01
1.000000000000000000e+00,4.209316372871398926e-01
1.000000000000000000e+00,4.254937171936035156e-01
1.000000000000000000e+00,4.332702159881591797e-01
1.000000000000000000e+00,4.853391349315643311e-01
1.000000000000000000e+00,4.565302133560180664e-01
1.000000000000000000e+00,4.705554842948913574e-01
1.000000000000000000e+00,3.539820313453674316e-01
1.000000000000000000e+00,4.316650629043579102e-01
1.000000000000000000e+00,4.193636178970336914e-01
1.000000000000000000e+00,3.493214249610900879e-01
1.000000000000000000e+00,4.129587113857269287e-01
1.000000000000000000e+00,3.614749908447265625e-01
1.000000000000000000e+00,3.593293726444244385e-01
1.000000000000000000e+00,5.933608412742614746e-01
1.000000000000000000e+00,3.880850374698638916e-01
1.000000000000000000e+00,3.709267377853393555e-01
1.000000000000000000e+00,4.123319387435913086e-01
1.000000000000000000e+00,4.128118455410003662e-01
1.000000000000000000e+00,4.233412742614746094e-01
1.000000000000000000e+00,4.719886183738708496e-01
1.000000000000000000e+00,5.485532879829406738e-01
1.000000000000000000e+00,5.356804132461547852e-01
1.000000000000000000e+00,4.237264394760131836e-01
1.000000000000000000e+00,4.717896580696105957e-01
1.000000000000000000e+00,4.323915839195251465e-01
1.000000000000000000e+00,4.662730991840362549e-01
1.000000000000000000e+00,4.734192490577697754e-01
1.000000000000000000e+00,4.686678647994995117e-01
1.000000000000000000e+00,4.463415145874023438e-01
1.000000000000000000e+00,4.548294246196746826e-01
1.000000000000000000e+00,3.626185059547424316e-01
1.000000000000000000e+00,3.935329318046569824e-01
1.000000000000000000e+00,4.166901111602783203e-01
1.000000000000000000e+00,4.725128412246704102e-01
1.000000000000000000e+00,3.975257277488708496e-01
1.000000000000000000e+00,4.812801480293273926e-01
1.000000000000000000e+00,4.354993700981140137e-01
1.000000000000000000e+00,4.778334498405456543e-01
1.000000000000000000e+00,4.449575841426849365e-01
1.000000000000000000e+00,4.273367524147033691e-01
1.000000000000000000e+00,3.663304150104522705e-01
1.000000000000000000e+00,5.312744379043579102e-01
1.000000000000000000e+00,4.229382574558258057e-01
1.000000000000000000e+00,4.303516149520874023e-01
1.000000000000000000e+00,4.046754837036132812e-01
1.000000000000000000e+00,3.596667647361755371e-01
1.000000000000000000e+00,3.499649763107299805e-01
1.000000000000000000e+00,3.938180804252624512e-01
1.000000000000000000e+00,4.275237023830413818e-01
1.000000000000000000e+00,4.486344456672668457e-01
1.000000000000000000e+00,4.431429803371429443e-01
1.000000000000000000e+00,4.582996666431427002e-01
1.000000000000000000e+00,4.090395569801330566e-01
1.000000000000000000e+00,4.747425019741058350e-01
1.000000000000000000e+00,4.557680487632751465e-01
1.000000000000000000e+00,4.017877578735351562e-01
1.000000000000000000e+00,4.094713032245635986e-01
1.000000000000000000e+00,3.748705983161926270e-01
1.000000000000000000e+00,4.207347631454467773e-01
1.000000000000000000e+00,4.026218652725219727e-01
1.000000000000000000e+00,5.199666023254394531e-01
1.000000000000000000e+00,4.935342669486999512e-01
1.000000000000000000e+00,4.603261947631835938e-01
1.000000000000000000e+00,4.560863077640533447e-01
1.000000000000000000e+00,4.588743746280670166e-01
1.000000000000000000e+00,3.418850004673004150e-01
1.000000000000000000e+00,4.477865099906921387e-01
1.000000000000000000e+00,4.705402255058288574e-01
1.000000000000000000e+00,5.110563635826110840e-01
1.000000000000000000e+00,4.919043779373168945e-01
1.000000000000000000e+00,4.683497250080108643e-01
1.000000000000000000e+00,4.382643699645996094e-01
1.000000000000000000e+00,5.047478675842285156e-01
1.000000000000000000e+00,5.016503334045410156e-01
1.000000000000000000e+00,5.098513364791870117e-01
1.000000000000000000e+00,5.203626751899719238e-01
1.000000000000000000e+00,3.926509618759155273e-01
1.000000000000000000e+00,4.278810322284698486e-01
1.000000000000000000e+00,4.310177564620971680e-01
1.000000000000000000e+00,4.223645031452178955e-01
1.000000000000000000e+00,4.651514291763305664e-01
1.000000000000000000e+00,3.221904337406158447e-01
1.000000000000000000e+00,3.782573342323303223e-01
1.000000000000000000e+00,4.761078953742980957e-01
1.000000000000000000e+00,3.991108238697052002e-01
1.000000000000000000e+00,5.104141831398010254e-01
1.000000000000000000e+00,4.937409460544586182e-01
1.000000000000000000e+00,3.481383323669433594e-01
1.000000000000000000e+00,4.358052611351013184e-01
1.000000000000000000e+00,4.052154421806335449e-01
1.000000000000000000e+00,4.210600554943084717e-01
1.000000000000000000e+00,4.179465770721435547e-01
1.000000000000000000e+00,3.410114645957946777e-01
1.000000000000000000e+00,4.409031867980957031e-01
1.000000000000000000e+00,3.812851011753082275e-01
1.000000000000000000e+00,4.299180805683135986e-01
1.000000000000000000e+00,4.045104682445526123e-01
1.000000000000000000e+00,4.293675124645233154e-01
1.000000000000000000e+00,4.944145083427429199e-01
1.000000000000000000e+00,3.665836453437805176e-01
1.000000000000000000e+00,4.608284235000610352e-01
1.000000000000000000e+00,5.192469954490661621e-01
1.000000000000000000e+00,3.259356915950775146e-01
1.000000000000000000e+00,4.352161586284637451e-01
1.000000000000000000e+00,4.822404384613037109e-01
1.000000000000000000e+00,4.478444457054138184e-01
1.000000000000000000e+00,4.170766472816467285e-01
1.000000000000000000e+00,3.997862637042999268e-01
1.000000000000000000e+00,4.321954250335693359e-01
1.000000000000000000e+00,3.773901164531707764e-01
1.000000000000000000e+00,5.022935867309570312e-01
1.000000000000000000e+00,4.862699508666992188e-01
1.000000000000000000e+00,3.481161594390869141e-01
1.000000000000000000e+00,4.313696920871734619e-01
1.000000000000000000e+00,3.766680359840393066e-01
1.000000000000000000e+00,4.146431982517242432e-01
1.000000000000000000e+00,5.189357995986938477e-01
1.000000000000000000e+00,3.644003570079803467e-01
1.000000000000000000e+00,4.240236282348632812e-01
1.000000000000000000e+00,5.353087186813354492e-01
1.000000000000000000e+00,4.242705106735229492e-01
1.000000000000000000e+00,5.737058520317077637e-01
1.000000000000000000e+00,4.902964234352111816e-01
1.000000000000000000e+00,4.667658805847167969e-01
1.000000000000000000e+00,4.453154504299163818e-01
1.000000000000000000e+00,4.534590244293212891e-01
1.000000000000000000e+00,4.341698288917541504e-01
1.000000000000000000e+00,4.442788660526275635e-01
1.000000000000000000e+00,4.862443208694458008e-01
1.000000000000000000e+00,3.575761318206787109e-01
1.000000000000000000e+00,5.547206401824951172e-01
1.000000000000000000e+00,4.757467806339263916e-01
1.000000000000000000e+00,5.058071613311767578e-01
1.000000000000000000e+00,4.743841290473937988e-01
1.000000000000000000e+00,4.626441001892089844e-01
1.000000000000000000e+00,5.855484008789062500e-01
1.000000000000000000e+00,4.609436392784118652e-01
1.000000000000000000e+00,4.741818010807037354e-01
1.000000000000000000e+00,4.756109118461608887e-01
1.000000000000000000e+00,4.558091759681701660e-01
1.000000000000000000e+00,4.570486843585968018e-01
1.000000000000000000e+00,5.776369571685791016e-01
1.000000000000000000e+00,5.127740502357482910e-01
1.000000000000000000e+00,4.592317044734954834e-01
1.000000000000000000e+00,5.576094388961791992e-01
1.000000000000000000e+00,4.522341489791870117e-01
1.000000000000000000e+00,4.324965476989746094e-01
1.000000000000000000e+00,3.996485173702239990e-01
1.000000000000000000e+00,4.438580870628356934e-01
1.000000000000000000e+00,3.733862340450286865e-01
1.000000000000000000e+00,5.151468515396118164e-01
1.000000000000000000e+00,3.548452258110046387e-01
1.000000000000000000e+00,4.582861065864562988e-01
1.000000000000000000e+00,3.695427775382995605e-01
1.000000000000000000e+00,3.719987869262695312e-01
1.000000000000000000e+00,4.768971204757690430e-01
1.000000000000000000e+00,3.943834304809570312e-01
1.000000000000000000e+00,5.050024986267089844e-01
1.000000000000000000e+00,3.239519596099853516e-01
1.000000000000000000e+00,3.893211781978607178e-01
1.000000000000000000e+00,3.603489100933074951e-01
1.000000000000000000e+00,3.526281714439392090e-01
1.000000000000000000e+00,3.846015334129333496e-01
1.000000000000000000e+00,4.722211956977844238e-01
1.000000000000000000e+00,3.615036010742187500e-01
1.000000000000000000e+00,4.049669504165649414e-01
1.000000000000000000e+00,3.988507986068725586e-01
1.000000000000000000e+00,3.445388078689575195e-01
1.000000000000000000e+00,4.042193889617919922e-01
1.000000000000000000e+00,4.228144884109497070e-01
1.000000000000000000e+00,3.958357274532318115e-01
1.000000000000000000e+00,5.140148997306823730e-01
1.000000000000000000e+00,4.040164947509765625e-01
1.000000000000000000e+00,5.572351217269897461e-01
1.000000000000000000e+00,4.484339654445648193e-01
1.000000000000000000e+00,3.548459410667419434e-01
1.000000000000000000e+00,3.608967065811157227e-01
1.000000000000000000e+00,5.311325788497924805e-01
1.000000000000000000e+00,4.854816794395446777e-01
1.000000000000000000e+00,3.674359321594238281e-01
1.000000000000000000e+00,4.137251377105712891e-01
1.000000000000000000e+00,4.798485338687896729e-01
1.000000000000000000e+00,4.210919141769409180e-01
1.000000000000000000e+00,4.462570548057556152e-01
1.000000000000000000e+00,4.433755278587341309e-01
1.000000000000000000e+00,4.789612293243408203e-01
1.000000000000000000e+00,3.835722506046295166e-01
1.000000000000000000e+00,3.811683356761932373e-01
1.000000000000000000e+00,4.809357523918151855e-01
1.000000000000000000e+00,4.441103935241699219e-01
1.000000000000000000e+00,4.936425685882568359e-01
1.000000000000000000e+00,4.514006078243255615e-01
1.000000000000000000e+00,3.734849393367767334e-01
1.000000000000000000e+00,4.496704936027526855e-01
1.000000000000000000e+00,5.005004405975341797e-01
1.000000000000000000e+00,4.261095225811004639e-01
1.000000000000000000e+00,5.367239117622375488e-01
1.000000000000000000e+00,3.890983462333679199e-01
1.000000000000000000e+00,3.377223014831542969e-01
1.000000000000000000e+00,4.021350741386413574e-01
1.000000000000000000e+00,3.997923731803894043e-01
1.000000000000000000e+00,4.346850216388702393e-01
1.000000000000000000e+00,4.145224392414093018e-01
1.000000000000000000e+00,3.812646269798278809e-01
1.000000000000000000e+00,4.331151843070983887e-01
1.000000000000000000e+00,4.326933622360229492e-01
1.000000000000000000e+00,4.481057226657867432e-01
1.000000000000000000e+00,4.181605577468872070e-01
1.000000000000000000e+00,4.076755642890930176e-01
1.000000000000000000e+00,4.012206792831420898e-01
1.000000000000000000e+00,4.572149217128753662e-01
1.000000000000000000e+00,4.298207461833953857e-01
1.000000000000000000e+00,5.104590654373168945e-01
1.000000000000000000e+00,4.773052930831909180e-01
1.000000000000000000e+00,3.946196734905242920e-01
1.000000000000000000e+00,4.179700314998626709e-01
1.000000000000000000e+00,4.007331728935241699e-01
1.000000000000000000e+00,4.434661567211151123e-01
1.000000000000000000e+00,3.986617326736450195e-01
1.000000000000000000e+00,4.659078121185302734e-01
1.000000000000000000e+00,3.462627530097961426e-01
1.000000000000000000e+00,4.675602614879608154e-01
1.000000000000000000e+00,4.890465736389160156e-01
1.000000000000000000e+00,4.459505379199981689e-01
1.000000000000000000e+00,4.438989758491516113e-01
1.000000000000000000e+00,5.021402239799499512e-01
1.000000000000000000e+00,4.970882534980773926e-01
1.000000000000000000e+00,4.446982741355895996e-01
1.000000000000000000e+00,4.141815006732940674e-01
1.000000000000000000e+00,4.245775341987609863e-01
1.000000000000000000e+00,5.190578699111938477e-01
1.000000000000000000e+00,4.871287941932678223e-01
1.000000000000000000e+00,4.278174042701721191e-01
1.000000000000000000e+00,3.974316120147705078e-01
1.000000000000000000e+00,3.997096419334411621e-01
1.000000000000000000e+00,4.136898219585418701e-01
1.000000000000000000e+00,4.022397994995117188e-01
1.000000000000000000e+00,4.516350924968719482e-01
1.000000000000000000e+00,3.644829094409942627e-01
1.000000000000000000e+00,3.724291622638702393e-01
1.000000000000000000e+00,3.648286163806915283e-01
1.000000000000000000e+00,5.782882571220397949e-01
1.000000000000000000e+00,5.106038451194763184e-01
1.000000000000000000e+00,4.521198272705078125e-01
1.000000000000000000e+00,4.347425103187561035e-01
1.000000000000000000e+00,4.357853233814239502e-01
1.000000000000000000e+00,3.405118882656097412e-01
1.000000000000000000e+00,3.675441443920135498e-01
1.000000000000000000e+00,3.890336751937866211e-01
1.000000000000000000e+00,4.444379806518554688e-01
1.000000000000000000e+00,4.490092396736145020e-01
1.000000000000000000e+00,4.139410555362701416e-01
1.000000000000000000e+00,4.738076329231262207e-01
1.000000000000000000e+00,3.938358426094055176e-01
1.000000000000000000e+00,3.471763730049133301e-01
1.000000000000000000e+00,4.519050419330596924e-01
1.000000000000000000e+00,4.119228720664978027e-01
1.000000000000000000e+00,5.057949423789978027e-01
1.000000000000000000e+00,4.426684975624084473e-01
1.000000000000000000e+00,5.323451161384582520e-01
1.000000000000000000e+00,4.538350701332092285e-01
1.000000000000000000e+00,4.726053178310394287e-01
1.000000000000000000e+00,3.720539212226867676e-01
1.000000000000000000e+00,3.878408670425415039e-01
1.000000000000000000e+00,4.159116744995117188e-01
1.000000000000000000e+00,5.028809905052185059e-01
1.000000000000000000e+00,5.252261757850646973e-01
1.000000000000000000e+00,2.907990515232086182e-01
1.000000000000000000e+00,4.790773987770080566e-01
1.000000000000000000e+00,4.138737916946411133e-01
1.000000000000000000e+00,4.905180335044860840e-01
1.000000000000000000e+00,4.342472553253173828e-01
1.000000000000000000e+00,4.202284812927246094e-01
1.000000000000000000e+00,3.868446350097656250e-01
1.000000000000000000e+00,5.248789191246032715e-01
1.000000000000000000e+00,4.214945733547210693e-01
1.000000000000000000e+00,3.677481710910797119e-01
1.000000000000000000e+00,4.577531218528747559e-01
1.000000000000000000e+00,4.281628131866455078e-01
1.000000000000000000e+00,3.686807751655578613e-01
1.000000000000000000e+00,4.594099819660186768e-01
1.000000000000000000e+00,4.186087250709533691e-01
1.000000000000000000e+00,3.981464505195617676e-01
1.000000000000000000e+00,3.767794966697692871e-01
1.000000000000000000e+00,4.086510241031646729e-01
1.000000000000000000e+00,4.298734962940216064e-01
1.000000000000000000e+00,4.043234884738922119e-01
1.000000000000000000e+00,4.301257729530334473e-01
1.000000000000000000e+00,4.453647136688232422e-01
1.000000000000000000e+00,4.662776589393615723e-01
1.000000000000000000e+00,4.678811132907867432e-01
1.000000000000000000e+00,4.238196015357971191e-01
1.000000000000000000e+00,4.300881326198577881e-01
1.000000000000000000e+00,4.406959712505340576e-01
1.000000000000000000e+00,4.056204557418823242e-01
1.000000000000000000e+00,5.006077289581298828e-01
1.000000000000000000e+00,4.456892609596252441e-01
1.000000000000000000e+00,4.918966293334960938e-01
1.000000000000000000e+00,4.767307639122009277e-01
1.000000000000000000e+00,5.002017617225646973e-01
1.000000000000000000e+00,4.816746115684509277e-01
1.000000000000000000e+00,4.254124760627746582e-01
1.000000000000000000e+00,5.428333282470703125e-01
1.000000000000000000e+00,4.768252670764923096e-01
1.000000000000000000e+00,4.593262076377868652e-01
1.000000000000000000e+00,4.465642571449279785e-01
1.000000000000000000e+00,4.961939454078674316e-01
1.000000000000000000e+00,4.293705224990844727e-01
1.000000000000000000e+00,4.804290533065795898e-01
1.000000000000000000e+00,4.206033945083618164e-01
1.000000000000000000e+00,4.194998145103454590e-01
1.000000000000000000e+00,4.302628040313720703e-01
1.000000000000000000e+00,4.362745881080627441e-01
1.000000000000000000e+00,4.532528221607208252e-01
1.000000000000000000e+00,4.271045327186584473e-01
1.000000000000000000e+00,5.055558085441589355e-01
1.000000000000000000e+00,3.328435719013214111e-01
1.000000000000000000e+00,3.811008930206298828e-01
1.000000000000000000e+00,4.251521825790405273e-01
1.000000000000000000e+00,4.423163533210754395e-01
1.000000000000000000e+00,4.921116828918457031e-01
1.000000000000000000e+00,4.127839207649230957e-01
1.000000000000000000e+00,4.318593144416809082e-01
1.000000000000000000e+00,3.529789447784423828e-01
1.000000000000000000e+00,3.853920400142669678e-01
1.000000000000000000e+00,3.959720432758331299e-01
1.000000000000000000e+00,4.265358448028564453e-01
1.000000000000000000e+00,3.918811678886413574e-01
1.000000000000000000e+00,4.196910858154296875e-01
1.000000000000000000e+00,3.990046977996826172e-01
1.000000000000000000e+00,5.212880969047546387e-01
1.000000000000000000e+00,3.838030993938446045e-01
1.000000000000000000e+00,3.917082250118255615e-01
1.000000000000000000e+00,4.332940578460693359e-01
1.000000000000000000e+00,4.729636013507843018e-01
1.000000000000000000e+00,5.234658122062683105e-01
1.000000000000000000e+00,4.490250051021575928e-01
1.000000000000000000e+00,4.093212485313415527e-01
1.000000000000000000e+00,4.746471345424652100e-01
1.000000000000000000e+00,4.094315171241760254e-01
1.000000000000000000e+00,3.807002902030944824e-01
1.000000000000000000e+00,4.574386477470397949e-01
1.000000000000000000e+00,3.818470537662506104e-01
1.000000000000000000e+00,4.079887270927429199e-01
1.000000000000000000e+00,3.571560382843017578e-01
1.000000000000000000e+00,3.735004067420959473e-01
1.000000000000000000e+00,4.091290235519409180e-01
1.000000000000000000e+00,4.371996521949768066e-01
1.000000000000000000e+00,3.522261679172515869e-01
1.000000000000000000e+00,4.531739652156829834e-01
1.000000000000000000e+00,4.006041288375854492e-01
1.000000000000000000e+00,4.998627305030822754e-01
1.000000000000000000e+00,4.748868346214294434e-01
1.000000000000000000e+00,5.009366869926452637e-01
1.000000000000000000e+00,4.528305232524871826e-01
1.000000000000000000e+00,4.304970204830169678e-01
1.000000000000000000e+00,4.249606728553771973e-01
1.000000000000000000e+00,3.806743621826171875e-01
1.000000000000000000e+00,4.567700624465942383e-01
1.000000000000000000e+00,4.075045585632324219e-01
1.000000000000000000e+00,4.842265844345092773e-01
1.000000000000000000e+00,5.104644894599914551e-01
1.000000000000000000e+00,4.643817842006683350e-01
1.000000000000000000e+00,4.522463679313659668e-01
1.000000000000000000e+00,4.657822251319885254e-01
1.000000000000000000e+00,4.292066693305969238e-01
1.000000000000000000e+00,5.524147748947143555e-01
1.000000000000000000e+00,4.425327181816101074e-01
1.000000000000000000e+00,4.384372532367706299e-01
1.000000000000000000e+00,4.906892478466033936e-01
1.000000000000000000e+00,4.287775456905364990e-01
1.000000000000000000e+00,4.010069966316223145e-01
1.000000000000000000e+00,4.231253266334533691e-01
1.000000000000000000e+00,4.605736732482910156e-01
1.000000000000000000e+00,5.196421146392822266e-01
1.000000000000000000e+00,3.875060677528381348e-01
1.000000000000000000e+00,3.445410728454589844e-01
1.000000000000000000e+00,4.855821728706359863e-01
1.000000000000000000e+00,4.711595177650451660e-01
1.000000000000000000e+00,3.409394025802612305e-01
1.000000000000000000e+00,3.815263509750366211e-01
1.000000000000000000e+00,4.135757088661193848e-01
1.000000000000000000e+00,3.689764738082885742e-01
1.000000000000000000e+00,3.934561908245086670e-01
1.000000000000000000e+00,3.508773744106292725e-01
1.000000000000000000e+00,4.268842339515686035e-01
1.000000000000000000e+00,4.216172099113464355e-01
1.000000000000000000e+00,4.260342121124267578e-01
1.000000000000000000e+00,5.128341913223266602e-01
1.000000000000000000e+00,4.535627067089080811e-01
1.000000000000000000e+00,4.083568155765533447e-01
1.000000000000000000e+00,4.794713258743286133e-01
1.000000000000000000e+00,5.230515003204345703e-01
1.000000000000000000e+00,4.888033866882324219e-01
1.000000000000000000e+00,4.358847439289093018e-01
1.000000000000000000e+00,4.736720025539398193e-01
1.000000000000000000e+00,4.662422537803649902e-01
1.000000000000000000e+00,4.388973414897918701e-01
1.000000000000000000e+00,4.441432952880859375e-01
1.000000000000000000e+00,3.949269652366638184e-01
1.000000000000000000e+00,4.124532341957092285e-01
1.000000000000000000e+00,4.715885519981384277e-01
1.000000000000000000e+00,4.521000981330871582e-01
1.000000000000000000e+00,3.829519450664520264e-01
1.000000000000000000e+00,4.363030791282653809e-01
1.000000000000000000e+00,3.442203998565673828e-01
1.000000000000000000e+00,3.848846554756164551e-01
1.000000000000000000e+00,4.885165393352508545e-01
1.000000000000000000e+00,4.551360905170440674e-01
1.000000000000000000e+00,5.796197056770324707e-01
1.000000000000000000e+00,4.245988726615905762e-01
1.000000000000000000e+00,3.998985886573791504e-01
1.000000000000000000e+00,4.839531183242797852e-01
1.000000000000000000e+00,3.754422068595886230e-01
1.000000000000000000e+00,4.127057194709777832e-01
1.000000000000000000e+00,3.895938992500305176e-01
1.000000000000000000e+00,3.728466629981994629e-01
1.000000000000000000e+00,4.525603353977203369e-01
1.000000000000000000e+00,4.149743616580963135e-01
1.000000000000000000e+00,4.245232939720153809e-01
1.000000000000000000e+00,5.098085403442382812e-01
1.000000000000000000e+00,4.582644104957580566e-01
1.000000000000000000e+00,3.788293600082397461e-01
1.000000000000000000e+00,4.328166842460632324e-01
1.000000000000000000e+00,3.416944146156311035e-01
1.000000000000000000e+00,4.274659752845764160e-01
1.000000000000000000e+00,3.922579586505889893e-01
1.000000000000000000e+00,3.656978607177734375e-01
1.000000000000000000e+00,4.643383026123046875e-01
1.000000000000000000e+00,4.398030638694763184e-01
1.000000000000000000e+00,5.244743824005126953e-01
1.000000000000000000e+00,4.801194667816162109e-01
1.000000000000000000e+00,4.209832847118377686e-01
1.000000000000000000e+00,4.586230814456939697e-01
1.000000000000000000e+00,4.301979541778564453e-01
1.000000000000000000e+00,4.716906547546386719e-01
1.000000000000000000e+00,4.092969894409179688e-01
1.000000000000000000e+00,4.647167921066284180e-01
1.000000000000000000e+00,4.723238945007324219e-01
1.000000000000000000e+00,4.655070900917053223e-01
1.000000000000000000e+00,5.223720669746398926e-01
1.000000000000000000e+00,5.367733240127563477e-01
1.000000000000000000e+00,3.881525993347167969e-01
1.000000000000000000e+00,3.841850161552429199e-01
1.000000000000000000e+00,4.334667623043060303e-01
1.000000000000000000e+00,3.987745046615600586e-01
1.000000000000000000e+00,4.507521390914916992e-01
1.000000000000000000e+00,3.593726754188537598e-01
1.000000000000000000e+00,4.639260470867156982e-01
1.000000000000000000e+00,3.690348863601684570e-01
1.000000000000000000e+00,4.358997344970703125e-01
1.000000000000000000e+00,3.932335972785949707e-01
1.000000000000000000e+00,4.564527571201324463e-01
1.000000000000000000e+00,5.104695558547973633e-01
1.000000000000000000e+00,4.611728191375732422e-01
1.000000000000000000e+00,4.077181518077850342e-01
1.000000000000000000e+00,4.411544799804687500e-01
1.000000000000000000e+00,3.381240963935852051e-01
1.000000000000000000e+00,3.875809311866760254e-01
1.000000000000000000e+00,4.214045405387878418e-01
1.000000000000000000e+00,3.881940245628356934e-01
1.000000000000000000e+00,4.287256598472595215e-01
1.000000000000000000e+00,3.889555335044860840e-01
1.000000000000000000e+00,4.212982654571533203e-01
1.000000000000000000e+00,4.187741875648498535e-01
1.000000000000000000e+00,3.929986953735351562e-01
1.000000000000000000e+00,4.096672534942626953e-01
1.000000000000000000e+00,3.671583235263824463e-01
1.000000000000000000e+00,4.506421387195587158e-01
1.000000000000000000e+00,4.117290973663330078e-01
1.000000000000000000e+00,3.822489678859710693e-01
1.000000000000000000e+00,4.214683771133422852e-01
1.000000000000000000e+00,5.115011930465698242e-01
1.000000000000000000e+00,4.658845067024230957e-01
1.000000000000000000e+00,4.242459237575531006e-01
1.000000000000000000e+00,4.192692935466766357e-01
1.000000000000000000e+00,4.605914056301116943e-01
1.000000000000000000e+00,3.730837106704711914e-01
1.000000000000000000e+00,4.038234353065490723e-01
1.000000000000000000e+00,4.103065729141235352e-01
1.000000000000000000e+00,4.826695621013641357e-01
1.000000000000000000e+00,5.100486278533935547e-01
1.000000000000000000e+00,2.932377755641937256e-01
1.000000000000000000e+00,4.566766917705535889e-01
1.000000000000000000e+00,3.498869836330413818e-01
1.000000000000000000e+00,4.859728813171386719e-01
1.000000000000000000e+00,4.225606322288513184e-01
1.000000000000000000e+00,4.408877789974212646e-01
1.000000000000000000e+00,4.475701451301574707e-01
1.000000000000000000e+00,3.729670643806457520e-01
1.000000000000000000e+00,4.146228432655334473e-01
1.000000000000000000e+00,4.192428588867187500e-01
1.000000000000000000e+00,4.295750260353088379e-01
1.000000000000000000e+00,4.568221867084503174e-01
1.000000000000000000e+00,4.071797132492065430e-01
1.000000000000000000e+00,4.006632268428802490e-01
1.000000000000000000e+00,4.741277098655700684e-01
1.000000000000000000e+00,5.770207047462463379e-01
1.000000000000000000e+00,4.192436933517456055e-01
1.000000000000000000e+00,4.313079714775085449e-01
1.000000000000000000e+00,4.197677969932556152e-01
1.000000000000000000e+00,3.880993425846099854e-01
1.000000000000000000e+00,4.915276169776916504e-01
1.000000000000000000e+00,3.728103041648864746e-01
1.000000000000000000e+00,4.519596099853515625e-01
1.000000000000000000e+00,4.937555491924285889e-01
1.000000000000000000e+00,4.791864752769470215e-01
1.000000000000000000e+00,4.251667857170104980e-01
1.000000000000000000e+00,4.485129117965698242e-01
1.000000000000000000e+00,3.792524933815002441e-01
1.000000000000000000e+00,3.678230941295623779e-01
1.000000000000000000e+00,3.762292265892028809e-01
1.000000000000000000e+00,4.336420297622680664e-01
1.000000000000000000e+00,3.641395270824432373e-01
1.000000000000000000e+00,4.135990738868713379e-01
1.000000000000000000e+00,4.694460034370422363e-01
1.000000000000000000e+00,5.180100202560424805e-01
1.000000000000000000e+00,4.342051446437835693e-01
1.000000000000000000e+00,4.503827691078186035e-01
1.000000000000000000e+00,5.047545433044433594e-01
1.000000000000000000e+00,3.912019729614257812e-01
1.000000000000000000e+00,4.648785591125488281e-01
1.000000000000000000e+00,5.151978135108947754e-01
1.000000000000000000e+00,4.522206783294677734e-01
1.000000000000000000e+00,4.678198397159576416e-01
1.000000000000000000e+00,3.800967931747436523e-01
1.000000000000000000e+00,4.359781742095947266e-01
1.000000000000000000e+00,4.960086941719055176e-01
1.000000000000000000e+00,4.118575453758239746e-01
1.000000000000000000e+00,4.410852491855621338e-01
1.000000000000000000e+00,4.446015059947967529e-01
1.000000000000000000e+00,4.108445048332214355e-01
1.000000000000000000e+00,4.041351675987243652e-01
1.000000000000000000e+00,4.148339033126831055e-01
1.000000000000000000e+00,4.041610360145568848e-01
1.000000000000000000e+00,5.237899422645568848e-01
1.000000000000000000e+00,4.106075763702392578e-01
1.000000000000000000e+00,4.061840176582336426e-01
1.000000000000000000e+00,4.478839337825775146e-01
1.000000000000000000e+00,3.446301519870758057e-01
1.000000000000000000e+00,5.556179881095886230e-01
1.000000000000000000e+00,4.738667905330657959e-01
1.000000000000000000e+00,4.333044290542602539e-01
1.000000000000000000e+00,4.807299375534057617e-01
1.000000000000000000e+00,3.987542688846588135e-01
1.000000000000000000e+00,4.255407750606536865e-01
1.000000000000000000e+00,4.017537832260131836e-01
1.000000000000000000e+00,3.953394889831542969e-01
1.000000000000000000e+00,3.815273940563201904e-01
1.000000000000000000e+00,3.550303578376770020e-01
1.000000000000000000e+00,4.264057278633117676e-01
1.000000000000000000e+00,4.283403158187866211e-01
1.000000000000000000e+00,4.953838288784027100e-01
1.000000000000000000e+00,4.059582948684692383e-01
1.000000000000000000e+00,3.677291572093963623e-01
1.000000000000000000e+00,5.138065218925476074e-01
1.000000000000000000e+00,4.153088927268981934e-01
1.000000000000000000e+00,4.529016315937042236e-01
1.000000000000000000e+00,4.649179875850677490e-01
1.000000000000000000e+00,4.046794772148132324e-01
1.000000000000000000e+00,3.957960009574890137e-01
1.000000000000000000e+00,4.033167362213134766e-01
1.000000000000000000e+00,4.919838011264801025e-01
1.000000000000000000e+00,3.980184793472290039e-01
1.000000000000000000e+00,5.232331752777099609e-01
1.000000000000000000e+00,3.527593612670898438e-01
1.000000000000000000e+00,4.561817646026611328e-01
1.000000000000000000e+00,3.915884792804718018e-01
1.000000000000000000e+00,3.914040029048919678e-01
1.000000000000000000e+00,4.355157613754272461e-01
1.000000000000000000e+00,4.018324017524719238e-01
1.000000000000000000e+00,4.402904510498046875e-01
1.000000000000000000e+00,3.884543478488922119e-01
1.000000000000000000e+00,4.630662202835083008e-01
1.000000000000000000e+00,3.910107016563415527e-01
1.000000000000000000e+00,3.942692279815673828e-01
1.000000000000000000e+00,3.647941648960113525e-01
1.000000000000000000e+00,3.753595948219299316e-01
1.000000000000000000e+00,4.881639480590820312e-01
1.000000000000000000e+00,3.560747504234313965e-01
1.000000000000000000e+00,4.891351461410522461e-01
1.000000000000000000e+00,4.822829961776733398e-01
1.000000000000000000e+00,3.651892542839050293e-01
1.000000000000000000e+00,3.521164953708648682e-01
1.000000000000000000e+00,4.159067273139953613e-01
1.000000000000000000e+00,4.725791811943054199e-01
1.000000000000000000e+00,3.973338901996612549e-01
1.000000000000000000e+00,3.599027991294860840e-01
1.000000000000000000e+00,4.039724171161651611e-01
1.000000000000000000e+00,4.486905932426452637e-01
1.000000000000000000e+00,5.105954408645629883e-01
1.000000000000000000e+00,4.918880462646484375e-01
1.000000000000000000e+00,4.649195075035095215e-01
1.000000000000000000e+00,4.410208165645599365e-01
1.000000000000000000e+00,4.725793302059173584e-01
1.000000000000000000e+00,4.613589048385620117e-01
1.000000000000000000e+00,4.010078907012939453e-01
1.000000000000000000e+00,5.081726908683776855e-01
1.000000000000000000e+00,4.454620480537414551e-01
1.000000000000000000e+00,4.468584954738616943e-01
1.000000000000000000e+00,3.904814720153808594e-01
1.000000000000000000e+00,4.570124745368957520e-01
1.000000000000000000e+00,4.748802185058593750e-01
1.000000000000000000e+00,4.433347582817077637e-01
1.000000000000000000e+00,3.870974481105804443e-01
1.000000000000000000e+00,4.053071737289428711e-01
1.000000000000000000e+00,3.835124075412750244e-01
1.000000000000000000e+00,3.487175107002258301e-01
1.000000000000000000e+00,5.059350132942199707e-01
1.000000000000000000e+00,4.214740097522735596e-01
1.000000000000000000e+00,4.579820632934570312e-01
1.000000000000000000e+00,4.531458318233489990e-01
1.000000000000000000e+00,3.391516506671905518e-01
1.000000000000000000e+00,4.002463221549987793e-01
1.000000000000000000e+00,4.191848039627075195e-01
1.000000000000000000e+00,4.030633866786956787e-01
1.000000000000000000e+00,4.471900463104248047e-01
1.000000000000000000e+00,4.061657190322875977e-01
1.000000000000000000e+00,4.057572484016418457e-01
1.000000000000000000e+00,3.857081234455108643e-01
1.000000000000000000e+00,4.182720482349395752e-01
1.000000000000000000e+00,3.793120384216308594e-01
1.000000000000000000e+00,4.972557425498962402e-01
1.000000000000000000e+00,4.146903455257415771e-01
1.000000000000000000e+00,4.492145478725433350e-01
1.000000000000000000e+00,4.050855636596679688e-01
1.000000000000000000e+00,3.954127132892608643e-01
1.000000000000000000e+00,4.364047646522521973e-01
1.000000000000000000e+00,4.903756082057952881e-01
1.000000000000000000e+00,3.938913047313690186e-01
1.000000000000000000e+00,3.096645772457122803e-01
1.000000000000000000e+00,4.599087536334991455e-01
1.000000000000000000e+00,4.050964415073394775e-01
1.000000000000000000e+00,4.590823650360107422e-01
1.000000000000000000e+00,4.459624290466308594e-01
1.000000000000000000e+00,4.048508405685424805e-01
1.000000000000000000e+00,4.264391064643859863e-01
1.000000000000000000e+00,3.687071204185485840e-01
1.000000000000000000e+00,4.177270233631134033e-01
1.000000000000000000e+00,4.606008529663085938e-01
1.000000000000000000e+00,4.836899638175964355e-01
1.000000000000000000e+00,4.213900864124298096e-01
1.000000000000000000e+00,4.629049897193908691e-01
1.000000000000000000e+00,5.005930066108703613e-01
1.000000000000000000e+00,3.992807865142822266e-01
1.000000000000000000e+00,4.210404157638549805e-01
1.000000000000000000e+00,5.903406143188476562e-01
1.000000000000000000e+00,4.192835688591003418e-01
1.000000000000000000e+00,3.649939596652984619e-01
1.000000000000000000e+00,4.597351849079132080e-01
1.000000000000000000e+00,4.628735184669494629e-01
1.000000000000000000e+00,4.608259797096252441e-01
1.000000000000000000e+00,5.703753232955932617e-01
1.000000000000000000e+00,3.948841691017150879e-01
1.000000000000000000e+00,3.598729968070983887e-01
1.000000000000000000e+00,3.948411345481872559e-01
1.000000000000000000e+00,4.250644445419311523e-01
1.000000000000000000e+00,4.689415693283081055e-01
1.000000000000000000e+00,4.032684266567230225e-01
1.000000000000000000e+00,4.669223427772521973e-01
1.000000000000000000e+00,5.111927390098571777e-01
1.000000000000000000e+00,3.617208600044250488e-01
1.000000000000000000e+00,4.282724857330322266e-01
1.000000000000000000e+00,3.991857469081878662e-01
1.000000000000000000e+00,4.167158603668212891e-01
1.000000000000000000e+00,4.042484760284423828e-01
1.000000000000000000e+00,5.826110839843750000e-01
1.000000000000000000e+00,4.043374061584472656e-01
1.000000000000000000e+00,4.848655462265014648e-01
1.000000000000000000e+00,3.825234770774841309e-01
1.000000000000000000e+00,4.043107330799102783e-01
1.000000000000000000e+00,4.641814231872558594e-01
1.000000000000000000e+00,5.318717956542968750e-01
1.000000000000000000e+00,4.432641863822937012e-01
1.000000000000000000e+00,3.924478888511657715e-01
1.000000000000000000e+00,4.800501763820648193e-01
1.000000000000000000e+00,4.587102532386779785e-01
1.000000000000000000e+00,4.520028829574584961e-01
1.000000000000000000e+00,3.937926590442657471e-01
1.000000000000000000e+00,3.684520125389099121e-01
1.000000000000000000e+00,4.146186709403991699e-01
1.000000000000000000e+00,3.374436795711517334e-01
1.000000000000000000e+00,4.556056559085845947e-01
1.000000000000000000e+00,3.279308378696441650e-01
1.000000000000000000e+00,4.596881866455078125e-01
1.000000000000000000e+00,4.114511013031005859e-01
1.000000000000000000e+00,4.719501435756683350e-01
1.000000000000000000e+00,4.419428110122680664e-01
1.000000000000000000e+00,4.296767711639404297e-01
1.000000000000000000e+00,4.478294253349304199e-01
1.000000000000000000e+00,4.761868715286254883e-01
1.000000000000000000e+00,5.236202478408813477e-01
1.000000000000000000e+00,4.236385822296142578e-01
1.000000000000000000e+00,5.031242966651916504e-01
1.000000000000000000e+00,4.615463614463806152e-01
1.000000000000000000e+00,4.596551060676574707e-01
1.000000000000000000e+00,4.933044910430908203e-01
1.000000000000000000e+00,4.384718835353851318e-01
1.000000000000000000e+00,5.185460448265075684e-01
1.000000000000000000e+00,4.073674678802490234e-01
1.000000000000000000e+00,4.072923064231872559e-01
1.000000000000000000e+00,4.477375745773315430e-01
1.000000000000000000e+00,4.894269108772277832e-01
1.000000000000000000e+00,3.875619769096374512e-01
1.000000000000000000e+00,4.369499385356903076e-01
1.000000000000000000e+00,3.870449066162109375e-01
1.000000000000000000e+00,4.288531541824340820e-01
1.000000000000000000e+00,4.181587696075439453e-01
1.000000000000000000e+00,3.754169642925262451e-01
1.000000000000000000e+00,3.845139741897583008e-01
1.000000000000000000e+00,3.960510194301605225e-01
1.000000000000000000e+00,4.810963273048400879e-01
1.000000000000000000e+00,3.572320342063903809e-01
1.000000000000000000e+00,5.208226442337036133e-01
1.000000000000000000e+00,3.179492652416229248e-01
1.000000000000000000e+00,3.444296717643737793e-01
1.000000000000000000e+00,4.095113873481750488e-01
1.000000000000000000e+00,5.241382718086242676e-01
1.000000000000000000e+00,4.934966564178466797e-01
1.000000000000000000e+00,3.623298406600952148e-01
1.000000000000000000e+00,4.041256904602050781e-01
1.000000000000000000e+00,3.913658857345581055e-01
1.000000000000000000e+00,3.990810513496398926e-01
1.000000000000000000e+00,4.297075569629669189e-01
1.000000000000000000e+00,3.898985385894775391e-01
1.000000000000000000e+00,4.365054070949554443e-01
1.000000000000000000e+00,3.839177191257476807e-01
1.000000000000000000e+00,3.612556159496307373e-01
1.000000000000000000e+00,4.194938540458679199e-01
1.000000000000000000e+00,4.522346258163452148e-01
1.000000000000000000e+00,4.497472345829010010e-01
1.000000000000000000e+00,3.658216893672943115e-01
1.000000000000000000e+00,4.369672536849975586e-01
1.000000000000000000e+00,5.280420780181884766e-01
1.000000000000000000e+00,4.595462083816528320e-01
1.000000000000000000e+00,4.426170289516448975e-01
1.000000000000000000e+00,4.696007370948791504e-01
1.000000000000000000e+00,4.815784096717834473e-01
1.000000000000000000e+00,4.733914732933044434e-01
1.000000000000000000e+00,3.782806992530822754e-01
1.000000000000000000e+00,4.009887874126434326e-01
1.000000000000000000e+00,3.756415247917175293e-01
1.000000000000000000e+00,3.546921610832214355e-01
1.000000000000000000e+00,4.480422139167785645e-01
1.000000000000000000e+00,5.044816732406616211e-01
1.000000000000000000e+00,4.716593027114868164e-01
1.000000000000000000e+00,3.868496119976043701e-01
1.000000000000000000e+00,3.523561358451843262e-01
1.000000000000000000e+00,3.781250119209289551e-01
1.000000000000000000e+00,4.798658490180969238e-01
1.000000000000000000e+00,4.604196548461914062e-01
1.000000000000000000e+00,3.577121794223785400e-01
1.000000000000000000e+00,4.374655783176422119e-01
1.000000000000000000e+00,4.488708376884460449e-01
1.000000000000000000e+00,3.780682086944580078e-01
1.000000000000000000e+00,4.072224497795104980e-01
1.000000000000000000e+00,3.728786110877990723e-01
1.000000000000000000e+00,5.111591815948486328e-01
1.000000000000000000e+00,4.951699972152709961e-01
1.000000000000000000e+00,4.198631644248962402e-01
1.000000000000000000e+00,4.308110475540161133e-01
1.000000000000000000e+00,4.738920927047729492e-01
1.000000000000000000e+00,4.717742800712585449e-01
1.000000000000000000e+00,3.871273100376129150e-01
1.000000000000000000e+00,3.922413885593414307e-01
1.000000000000000000e+00,5.605562925338745117e-01
1.000000000000000000e+00,4.370812177658081055e-01
1.000000000000000000e+00,4.409300684928894043e-01
1.000000000000000000e+00,5.243289470672607422e-01
1.000000000000000000e+00,4.407098293304443359e-01
1.000000000000000000e+00,4.853825271129608154e-01
1.000000000000000000e+00,3.619453608989715576e-01
1.000000000000000000e+00,4.296541810035705566e-01
1.000000000000000000e+00,3.868317604064941406e-01
1.000000000000000000e+00,3.836807608604431152e-01
1.000000000000000000e+00,5.479596853256225586e-01
1.000000000000000000e+00,4.590629637241363525e-01
1.000000000000000000e+00,3.741856515407562256e-01
1.000000000000000000e+00,4.402579665184020996e-01
1.000000000000000000e+00,4.195059835910797119e-01
1.000000000000000000e+00,4.121863842010498047e-01
1.000000000000000000e+00,4.075678586959838867e-01
1.000000000000000000e+00,5.019454360008239746e-01
1.000000000000000000e+00,4.132595360279083252e-01
1.000000000000000000e+00,4.896596670150756836e-01
1.000000000000000000e+00,3.590604364871978760e-01
1.000000000000000000e+00,4.686729311943054199e-01
1.000000000000000000e+00,5.239512324333190918e-01
1.000000000000000000e+00,4.705264568328857422e-01
1.000000000000000000e+00,3.748889267444610596e-01
1.000000000000000000e+00,3.696247041225433350e-01
1.000000000000000000e+00,4.225435853004455566e-01
1.000000000000000000e+00,3.781810104846954346e-01
1.000000000000000000e+00,3.979788422584533691e-01
1.000000000000000000e+00,4.435706138610839844e-01
1.000000000000000000e+00,3.499752283096313477e-01
1.000000000000000000e+00,5.002072453498840332e-01
1.000000000000000000e+00,3.505252599716186523e-01
1.000000000000000000e+00,4.572384953498840332e-01
1.000000000000000000e+00,4.716481566429138184e-01
1.000000000000000000e+00,4.461278319358825684e-01
1.000000000000000000e+00,4.167101979255676270e-01
1.000000000000000000e+00,4.098017215728759766e-01
1.000000000000000000e+00,4.980662167072296143e-01
1.000000000000000000e+00,4.244614839553833008e-01
1.000000000000000000e+00,3.994426727294921875e-01
1.000000000000000000e+00,4.678290486335754395e-01
1.000000000000000000e+00,3.745893239974975586e-01
1.000000000000000000e+00,4.537584185600280762e-01
1.000000000000000000e+00,4.683656096458435059e-01
1.000000000000000000e+00,4.561198949813842773e-01
1.000000000000000000e+00,5.007805824279785156e-01
1.000000000000000000e+00,3.415002822875976562e-01
1.000000000000000000e+00,3.970281481742858887e-01
1.000000000000000000e+00,4.478226900100708008e-01
1.000000000000000000e+00,4.530819356441497803e-01
1.000000000000000000e+00,3.735885620117187500e-01
1.000000000000000000e+00,4.384673833847045898e-01
1.000000000000000000e+00,3.678548336029052734e-01
1.000000000000000000e+00,3.658910989761352539e-01
1.000000000000000000e+00,4.331856667995452881e-01
1.000000000000000000e+00,3.479894697666168213e-01
1.000000000000000000e+00,4.182915091514587402e-01
1.000000000000000000e+00,4.910932779312133789e-01
1.000000000000000000e+00,4.033997058868408203e-01
1.000000000000000000e+00,5.078873634338378906e-01
1.000000000000000000e+00,5.067168474197387695e-01
1.000000000000000000e+00,3.777474462985992432e-01
1.000000000000000000e+00,4.553899168968200684e-01
1.000000000000000000e+00,4.627121686935424805e-01
1.000000000000000000e+00,3.238009810447692871e-01
1.000000000000000000e+00,3.622521758079528809e-01
1.000000000000000000e+00,3.734137713909149170e-01
1.000000000000000000e+00,4.309418797492980957e-01
1.000000000000000000e+00,4.194977879524230957e-01
1.000000000000000000e+00,3.822086155414581299e-01
1.000000000000000000e+00,4.311510920524597168e-01
1.000000000000000000e+00,4.314360916614532471e-01
1.000000000000000000e+00,4.033663868904113770e-01
1.000000000000000000e+00,4.409857988357543945e-01
1.000000000000000000e+00,4.445828795433044434e-01
1.000000000000000000e+00,3.730532526969909668e-01
1.000000000000000000e+00,4.375859797000885010e-01
1.000000000000000000e+00,4.361962080001831055e-01
1.000000000000000000e+00,4.992786645889282227e-01
1.000000000000000000e+00,4.357646405696868896e-01
1.000000000000000000e+00,4.481475949287414551e-01
1.000000000000000000e+00,4.440237879753112793e-01
1.000000000000000000e+00,3.458412587642669678e-01
1.000000000000000000e+00,4.010330140590667725e-01
1.000000000000000000e+00,3.577270209789276123e-01
1.000000000000000000e+00,4.377372264862060547e-01
1.000000000000000000e+00,3.990307450294494629e-01
1.000000000000000000e+00,4.685269296169281006e-01
1.000000000000000000e+00,3.672234416007995605e-01
1.000000000000000000e+00,3.908047974109649658e-01
1.000000000000000000e+00,5.183765292167663574e-01
1.000000000000000000e+00,3.703979849815368652e-01
1.000000000000000000e+00,4.315348863601684570e-01
1.000000000000000000e+00,4.280026853084564209e-01
1.000000000000000000e+00,4.198147654533386230e-01
1.000000000000000000e+00,3.773023784160614014e-01
1.000000000000000000e+00,4.171040058135986328e-01
1.000000000000000000e+00,3.674501478672027588e-01
1.000000000000000000e+00,4.382434487342834473e-01
1.000000000000000000e+00,4.181461334228515625e-01
1.000000000000000000e+00,4.146123528480529785e-01
1.000000000000000000e+00,4.406798481941223145e-01
1.000000000000000000e+00,4.557090997695922852e-01
1.000000000000000000e+00,4.535933732986450195e-01
1.000000000000000000e+00,5.029255747795104980e-01
1.000000000000000000e+00,4.341198205947875977e-01
1.000000000000000000e+00,4.435927569866180420e-01
1.000000000000000000e+00,5.629744529724121094e-01
1.000000000000000000e+00,4.785065650939941406e-01
1.000000000000000000e+00,4.336054325103759766e-01
1.000000000000000000e+00,5.315235257148742676e-01
1.000000000000000000e+00,4.384697675704956055e-01
1.000000000000000000e+00,4.376211762428283691e-01
1.000000000000000000e+00,4.923678338527679443e-01
1.000000000000000000e+00,3.866377174854278564e-01
1.000000000000000000e+00,4.291036128997802734e-01
1.000000000000000000e+00,4.463579654693603516e-01
1.000000000000000000e+00,5.838308334350585938e-01
1.000000000000000000e+00,5.819599032402038574e-01
1.000000000000000000e+00,4.471547901630401611e-01
1.000000000000000000e+00,4.163003563880920410e-01
1.000000000000000000e+00,4.155227243900299072e-01
1.000000000000000000e+00,4.602147936820983887e-01
1.000000000000000000e+00,4.560754895210266113e-01
1.000000000000000000e+00,5.015145540237426758e-01
1.000000000000000000e+00,4.337213635444641113e-01
1.000000000000000000e+00,4.679318070411682129e-01
1.000000000000000000e+00,4.843122363090515137e-01
1.000000000000000000e+00,4.749063849449157715e-01
1.000000000000000000e+00,4.194547235965728760e-01
1.000000000000000000e+00,4.324777126312255859e-01
1.000000000000000000e+00,4.052457213401794434e-01
1.000000000000000000e+00,4.103510379791259766e-01
1.000000000000000000e+00,3.886305689811706543e-01
1.000000000000000000e+00,3.453478515148162842e-01
1.000000000000000000e+00,5.035526752471923828e-01
1.000000000000000000e+00,4.574144482612609863e-01
1.000000000000000000e+00,3.727562427520751953e-01
1.000000000000000000e+00,4.569203853607177734e-01
1.000000000000000000e+00,4.471840262413024902e-01
1.000000000000000000e+00,4.368566870689392090e-01
1.000000000000000000e+00,4.207967519760131836e-01
1.000000000000000000e+00,4.389553070068359375e-01
1.000000000000000000e+00,4.656423926353454590e-01
1.000000000000000000e+00,5.071983933448791504e-01
1.000000000000000000e+00,4.680725038051605225e-01
1.000000000000000000e+00,5.023961067199707031e-01
1.000000000000000000e+00,4.487850368022918701e-01
1.000000000000000000e+00,4.781368970870971680e-01
1.000000000000000000e+00,4.418581724166870117e-01
1.000000000000000000e+00,4.682183265686035156e-01
1.000000000000000000e+00,4.268985688686370850e-01
1.000000000000000000e+00,4.812564253807067871e-01
1.000000000000000000e+00,3.806840181350708008e-01
1.000000000000000000e+00,4.574198722839355469e-01
1.000000000000000000e+00,4.135209321975708008e-01
1.000000000000000000e+00,5.441011190414428711e-01
1.000000000000000000e+00,4.212871491909027100e-01
1.000000000000000000e+00,4.379349648952484131e-01
1.000000000000000000e+00,4.520001411437988281e-01
1.000000000000000000e+00,4.251191020011901855e-01
1.000000000000000000e+00,3.308375775814056396e-01
1.000000000000000000e+00,4.386585354804992676e-01
1.000000000000000000e+00,4.202361404895782471e-01
1.000000000000000000e+00,5.431982874870300293e-01
1.000000000000000000e+00,4.374180138111114502e-01
1.000000000000000000e+00,4.324842691421508789e-01
1.000000000000000000e+00,3.596932888031005859e-01
1.000000000000000000e+00,3.695520758628845215e-01
1.000000000000000000e+00,4.313735961914062500e-01
1.000000000000000000e+00,4.421231448650360107e-01
1.000000000000000000e+00,4.256134927272796631e-01
1.000000000000000000e+00,3.884847760200500488e-01
1.000000000000000000e+00,4.446657896041870117e-01
1.000000000000000000e+00,4.582536816596984863e-01
1.000000000000000000e+00,4.195791482925415039e-01
1.000000000000000000e+00,4.166644811630249023e-01
1.000000000000000000e+00,4.348402023315429688e-01
1.000000000000000000e+00,3.789588510990142822e-01
1.000000000000000000e+00,4.075043201446533203e-01
1.000000000000000000e+00,3.798049986362457275e-01
1.000000000000000000e+00,4.530347585678100586e-01
1.000000000000000000e+00,5.511964559555053711e-01
1.000000000000000000e+00,4.205208420753479004e-01
1.000000000000000000e+00,4.341148436069488525e-01
1.000000000000000000e+00,4.118022322654724121e-01
1.000000000000000000e+00,4.422921538352966309e-01
1.000000000000000000e+00,3.277257680892944336e-01
1.000000000000000000e+00,3.858472704887390137e-01
1.000000000000000000e+00,3.821027278900146484e-01
1.000000000000000000e+00,4.578067660331726074e-01
1.000000000000000000e+00,4.619089961051940918e-01
1.000000000000000000e+00,5.184552669525146484e-01
1.000000000000000000e+00,3.837379217147827148e-01
1.000000000000000000e+00,4.295071959495544434e-01
1.000000000000000000e+00,4.668110609054565430e-01
1.000000000000000000e+00,3.648580908775329590e-01
1.000000000000000000e+00,4.348701834678649902e-01
1.000000000000000000e+00,4.949193894863128662e-01
1.000000000000000000e+00,4.187778532505035400e-01
1.000000000000000000e+00,4.326245188713073730e-01
1.000000000000000000e+00,3.827447891235351562e-01
1.000000000000000000e+00,4.274618029594421387e-01
1.000000000000000000e+00,4.413154125213623047e-01
1.000000000000000000e+00,4.727731347084045410e-01
1.000000000000000000e+00,4.836013913154602051e-01
1.000000000000000000e+00,4.220790266990661621e-01
1.000000000000000000e+00,4.407116472721099854e-01
1.000000000000000000e+00,4.326283335685729980e-01
1.000000000000000000e+00,4.462628960609436035e-01
1.000000000000000000e+00,4.521948695182800293e-01
1.000000000000000000e+00,4.401802420616149902e-01
1.000000000000000000e+00,3.718762993812561035e-01
1.000000000000000000e+00,4.195490181446075439e-01
1.000000000000000000e+00,4.306925535202026367e-01
1.000000000000000000e+00,4.243485927581787109e-01
1.000000000000000000e+00,5.152560472488403320e-01
1.000000000000000000e+00,3.931431472301483154e-01
