label,score
0.000000000000000000e+00,3.514119982719421387e-01
0.000000000000000000e+00,3.316731452941894531e-01
0.000000000000000000e+00,1.781205385923385620e-01
0.000000000000000000e+00,2.103852629661560059e-01
0.000000000000000000e+00,2.043312042951583862e-01
0.000000000000000000e+00,1.487395316362380981e-01
0.000000000000000000e+00,1.935892701148986816e-01
0.000000000000000000e+00,1.510850191116333008e-01
0.000000000000000000e+00,1.696551740169525146e-01
0.000000000000000000e+00,1.538762748241424561e-01
0.000000000000000000e+00,1.711425930261611938e-01
0.000000000000000000e+00,1.542200297117233276e-01
0.000000000000000000e+00,2.590042650699615479e-01
0.000000000000000000e+00,2.019581496715545654e-01
0.000000000000000000e+00,1.824247390031814575e-01
0.000000000000000000e+00,1.178650483489036560e-01
0.000000000000000000e+00,1.395221650600433350e-01
0.000000000000000000e+00,1.850219666957855225e-01
0.000000000000000000e+00,1.525869071483612061e-01
0.000000000000000000e+00,1.475335806608200073e-01
0.000000000000000000e+00,1.691643595695495605e-01
0.000000000000000000e+00,1.654024720191955566e-01
0.000000000000000000e+00,1.631552129983901978e-01
0.000000000000000000e+00,2.041294276714324951e-01
0.000000000000000000e+00,2.045255303382873535e-01
0.000000000000000000e+00,1.482089459896087646e-01
0.000000000000000000e+00,1.698450148105621338e-01
0.000000000000000000e+00,1.713035702705383301e-01
0.000000000000000000e+00,1.577412635087966919e-01
0.000000000000000000e+00,1.634517908096313477e-01
0.000000000000000000e+00,1.482991725206375122e-01
0.000000000000000000e+00,2.416120469570159912e-01
0.000000000000000000e+00,1.826584339141845703e-01
0.000000000000000000e+00,1.496168076992034912e-01
0.000000000000000000e+00,1.966506540775299072e-01
0.000000000000000000e+00,1.459193229675292969e-01
0.000000000000000000e+00,1.505648940801620483e-01
0.000000000000000000e+00,1.580522060394287109e-01
0.000000000000000000e+00,1.724572479724884033e-01
0.000000000000000000e+00,1.736598163843154907e-01
0.000000000000000000e+00,1.506754904985427856e-01
0.000000000000000000e+00,1.112319454550743103e-01
0.000000000000000000e+00,1.537249535322189331e-01
0.000000000000000000e+00,2.166453152894973755e-01
0.000000000000000000e+00,1.436894237995147705e-01
0.000000000000000000e+00,1.732561886310577393e-01
0.000000000000000000e+00,1.652134358882904053e-01
0.000000000000000000e+00,1.493612229824066162e-01
0.000000000000000000e+00,1.411081701517105103e-01
0.000000000000000000e+00,1.558492779731750488e-01
0.000000000000000000e+00,1.618232578039169312e-01
0.000000000000000000e+00,1.495512425899505615e-01
0.000000000000000000e+00,1.618134230375289917e-01
0.000000000000000000e+00,1.991493552923202515e-01
0.000000000000000000e+00,1.707981526851654053e-01
0.000000000000000000e+00,2.012602239847183228e-01
0.000000000000000000e+00,1.947775185108184814e-01
0.000000000000000000e+00,2.569738030433654785e-01
0.000000000000000000e+00,1.336503028869628906e-01
0.000000000000000000e+00,1.440335214138031006e-01
0.000000000000000000e+00,1.533961296081542969e-01
0.000000000000000000e+00,1.865049451589584351e-01
0.000000000000000000e+00,1.645518690347671509e-01
0.000000000000000000e+00,1.762455105781555176e-01
0.000000000000000000e+00,1.259158402681350708e-01
0.000000000000000000e+00,1.531854271888732910e-01
0.000000000000000000e+00,1.430668532848358154e-01
0.000000000000000000e+00,1.687248200178146362e-01
0.000000000000000000e+00,1.972995251417160034e-01
0.000000000000000000e+00,1.427247822284698486e-01
0.000000000000000000e+00,1.381589025259017944e-01
0.000000000000000000e+00,1.615053117275238037e-01
0.000000000000000000e+00,1.655248850584030151e-01
0.000000000000000000e+00,1.401903480291366577e-01
0.000000000000000000e+00,1.930378973484039307e-01
0.000000000000000000e+00,1.762498468160629272e-01
0.000000000000000000e+00,1.733990311622619629e-01
0.000000000000000000e+00,1.551086157560348511e-01
0.000000000000000000e+00,1.476363539695739746e-01
0.000000000000000000e+00,2.800077795982360840e-01
0.000000000000000000e+00,1.491355895996093750e-01
0.000000000000000000e+00,1.515409648418426514e-01
0.000000000000000000e+00,2.010439336299896240e-01
0.000000000000000000e+00,1.619162559509277344e-01
0.000000000000000000e+00,1.919378042221069336e-01
0.000000000000000000e+00,1.441369354724884033e-01
0.000000000000000000e+00,1.748285293579101562e-01
0.000000000000000000e+00,1.685822308063507080e-01
0.000000000000000000e+00,1.662794351577758789e-01
0.000000000000000000e+00,1.742307543754577637e-01
0.000000000000000000e+00,1.834152191877365112e-01
0.000000000000000000e+00,1.485603302717208862e-01
0.000000000000000000e+00,1.517276316881179810e-01
0.000000000000000000e+00,1.539303511381149292e-01
0.000000000000000000e+00,1.573286950588226318e-01
0.000000000000000000e+00,1.643857955932617188e-01
0.000000000000000000e+00,1.449481099843978882e-01
0.000000000000000000e+00,1.428188383579254150e-01
0.000000000000000000e+00,1.484968960285186768e-01
0.000000000000000000e+00,1.675843745470046997e-01
0.000000000000000000e+00,1.623394489288330078e-01
0.000000000000000000e+00,1.843072026968002319e-01
0.000000000000000000e+00,1.958318650722503662e-01
0.000000000000000000e+00,2.297178804874420166e-01
0.000000000000000000e+00,1.741108447313308716e-01
0.000000000000000000e+00,1.723012924194335938e-01
0.000000000000000000e+00,1.380759179592132568e-01
0.000000000000000000e+00,1.514369845390319824e-01
0.000000000000000000e+00,1.633436679840087891e-01
0.000000000000000000e+00,1.275541633367538452e-01
0.000000000000000000e+00,1.623306572437286377e-01
0.000000000000000000e+00,1.382378041744232178e-01
0.000000000000000000e+00,2.111273705959320068e-01
0.000000000000000000e+00,1.688125282526016235e-01
0.000000000000000000e+00,1.738798916339874268e-01
0.000000000000000000e+00,2.176447510719299316e-01
0.000000000000000000e+00,1.815493106842041016e-01
0.000000000000000000e+00,1.560090184211730957e-01
0.000000000000000000e+00,1.485806256532669067e-01
0.000000000000000000e+00,1.574063897132873535e-01
0.000000000000000000e+00,1.634927093982696533e-01
0.000000000000000000e+00,2.110053300857543945e-01
0.000000000000000000e+00,2.132287323474884033e-01
0.000000000000000000e+00,2.316163182258605957e-01
0.000000000000000000e+00,2.187149822711944580e-01
0.000000000000000000e+00,1.649912446737289429e-01
0.000000000000000000e+00,1.736990213394165039e-01
0.000000000000000000e+00,1.793787628412246704e-01
0.000000000000000000e+00,1.835793405771255493e-01
0.000000000000000000e+00,1.424706578254699707e-01
0.000000000000000000e+00,1.474048793315887451e-01
0.000000000000000000e+00,1.511196494102478027e-01
0.000000000000000000e+00,1.416182070970535278e-01
0.000000000000000000e+00,1.399688422679901123e-01
0.000000000000000000e+00,1.798073053359985352e-01
0.000000000000000000e+00,1.729342490434646606e-01
0.000000000000000000e+00,1.623700261116027832e-01
0.000000000000000000e+00,1.630054414272308350e-01
0.000000000000000000e+00,1.703732907772064209e-01
0.000000000000000000e+00,1.741101145744323730e-01
0.000000000000000000e+00,1.749278753995895386e-01
0.000000000000000000e+00,1.627629101276397705e-01
0.000000000000000000e+00,1.693128049373626709e-01
0.000000000000000000e+00,1.375050246715545654e-01
0.000000000000000000e+00,1.619614958763122559e-01
0.000000000000000000e+00,1.948098093271255493e-01
0.000000000000000000e+00,1.609252989292144775e-01
0.000000000000000000e+00,1.795916557312011719e-01
0.000000000000000000e+00,1.602419167757034302e-01
0.000000000000000000e+00,1.569492667913436890e-01
0.000000000000000000e+00,1.609259545803070068e-01
0.000000000000000000e+00,1.453514695167541504e-01
0.000000000000000000e+00,1.709505617618560791e-01
0.000000000000000000e+00,2.121818661689758301e-01
0.000000000000000000e+00,1.491799205541610718e-01
0.000000000000000000e+00,1.552607566118240356e-01
0.000000000000000000e+00,1.632799804210662842e-01
0.000000000000000000e+00,1.707172393798828125e-01
0.000000000000000000e+00,1.520460098981857300e-01
0.000000000000000000e+00,1.691241860389709473e-01
0.000000000000000000e+00,2.129965424537658691e-01
0.000000000000000000e+00,1.513563096523284912e-01
0.000000000000000000e+00,1.595498025417327881e-01
0.000000000000000000e+00,1.514666974544525146e-01
0.000000000000000000e+00,2.215811759233474731e-01
0.000000000000000000e+00,2.268789857625961304e-01
0.000000000000000000e+00,1.764273941516876221e-01
0.000000000000000000e+00,2.147682607173919678e-01
0.000000000000000000e+00,1.861186474561691284e-01
0.000000000000000000e+00,2.730177044868469238e-01
0.000000000000000000e+00,1.527934074401855469e-01
0.000000000000000000e+00,1.785357743501663208e-01
0.000000000000000000e+00,2.107262760400772095e-01
0.000000000000000000e+00,1.802431643009185791e-01
0.000000000000000000e+00,1.622154116630554199e-01
0.000000000000000000e+00,1.758784502744674683e-01
0.000000000000000000e+00,2.215322703123092651e-01
0.000000000000000000e+00,1.850757300853729248e-01
0.000000000000000000e+00,2.094615995883941650e-01
0.000000000000000000e+00,1.657999455928802490e-01
0.000000000000000000e+00,1.560335755348205566e-01
0.000000000000000000e+00,1.581824123859405518e-01
0.000000000000000000e+00,2.046729922294616699e-01
0.000000000000000000e+00,2.273073345422744751e-01
0.000000000000000000e+00,1.725092530250549316e-01
0.000000000000000000e+00,1.692858636379241943e-01
0.000000000000000000e+00,1.768567264080047607e-01
0.000000000000000000e+00,1.756640076637268066e-01
0.000000000000000000e+00,1.807119995355606079e-01
0.000000000000000000e+00,2.052679359912872314e-01
0.000000000000000000e+00,1.830574721097946167e-01
0.000000000000000000e+00,1.725220531225204468e-01
0.000000000000000000e+00,1.906612217426300049e-01
0.000000000000000000e+00,1.808213889598846436e-01
0.000000000000000000e+00,1.401099264621734619e-01
0.000000000000000000e+00,1.747904866933822632e-01
0.000000000000000000e+00,1.825850605964660645e-01
0.000000000000000000e+00,2.209542393684387207e-01
0.000000000000000000e+00,3.300879001617431641e-01
0.000000000000000000e+00,2.815831303596496582e-01
0.000000000000000000e+00,2.071106731891632080e-01
0.000000000000000000e+00,1.619742512702941895e-01
0.000000000000000000e+00,2.303829044103622437e-01
0.000000000000000000e+00,1.758900582790374756e-01
0.000000000000000000e+00,2.423170059919357300e-01
0.000000000000000000e+00,2.019187808036804199e-01
0.000000000000000000e+00,2.881416976451873779e-01
0.000000000000000000e+00,1.837316006422042847e-01
0.000000000000000000e+00,1.805322021245956421e-01
0.000000000000000000e+00,1.378939449787139893e-01
0.000000000000000000e+00,2.116936445236206055e-01
0.000000000000000000e+00,2.917934358119964600e-01
0.000000000000000000e+00,2.501421570777893066e-01
0.000000000000000000e+00,2.355416119098663330e-01
0.000000000000000000e+00,1.819868981838226318e-01
0.000000000000000000e+00,2.160596847534179688e-01
0.000000000000000000e+00,1.611051857471466064e-01
0.000000000000000000e+00,1.631765067577362061e-01
0.000000000000000000e+00,1.866739243268966675e-01
0.000000000000000000e+00,1.704648286104202271e-01
0.000000000000000000e+00,1.344892978668212891e-01
0.000000000000000000e+00,1.345814615488052368e-01
0.000000000000000000e+00,1.471663415431976318e-01
0.000000000000000000e+00,2.492061555385589600e-01
0.000000000000000000e+00,1.306940615177154541e-01
0.000000000000000000e+00,1.774563789367675781e-01
0.000000000000000000e+00,1.630149334669113159e-01
0.000000000000000000e+00,1.705182492733001709e-01
0.000000000000000000e+00,1.608035266399383545e-01
0.000000000000000000e+00,1.676177680492401123e-01
0.000000000000000000e+00,1.543040573596954346e-01
0.000000000000000000e+00,1.340428590774536133e-01
0.000000000000000000e+00,1.659409850835800171e-01
0.000000000000000000e+00,1.728969514369964600e-01
0.000000000000000000e+00,1.966896504163742065e-01
0.000000000000000000e+00,1.862653493881225586e-01
0.000000000000000000e+00,2.256378084421157837e-01
0.000000000000000000e+00,1.807507425546646118e-01
0.000000000000000000e+00,1.427440345287322998e-01
0.000000000000000000e+00,1.339219361543655396e-01
0.000000000000000000e+00,1.544968783855438232e-01
0.000000000000000000e+00,1.621933579444885254e-01
0.000000000000000000e+00,1.670344024896621704e-01
0.000000000000000000e+00,1.477535218000411987e-01
0.000000000000000000e+00,1.478925645351409912e-01
0.000000000000000000e+00,2.035403698682785034e-01
0.000000000000000000e+00,1.404828429222106934e-01
0.000000000000000000e+00,1.528383493423461914e-01
0.000000000000000000e+00,1.323978453874588013e-01
0.000000000000000000e+00,1.658493578433990479e-01
0.000000000000000000e+00,1.340210586786270142e-01
0.000000000000000000e+00,1.346236467361450195e-01
0.000000000000000000e+00,1.558858007192611694e-01
0.000000000000000000e+00,1.482326090335845947e-01
0.000000000000000000e+00,1.607667952775955200e-01
0.000000000000000000e+00,1.367681026458740234e-01
0.000000000000000000e+00,1.517231911420822144e-01
0.000000000000000000e+00,1.538024246692657471e-01
0.000000000000000000e+00,1.341217756271362305e-01
0.000000000000000000e+00,1.423725336790084839e-01
0.000000000000000000e+00,1.480864882469177246e-01
0.000000000000000000e+00,1.751150190830230713e-01
0.000000000000000000e+00,1.724791824817657471e-01
0.000000000000000000e+00,1.509097814559936523e-01
0.000000000000000000e+00,1.335544884204864502e-01
0.000000000000000000e+00,1.506943255662918091e-01
0.000000000000000000e+00,1.483401060104370117e-01
0.000000000000000000e+00,1.723543405532836914e-01
0.000000000000000000e+00,2.014510184526443481e-01
0.000000000000000000e+00,1.373621523380279541e-01
0.000000000000000000e+00,1.462626308202743530e-01
0.000000000000000000e+00,1.560063362121582031e-01
0.000000000000000000e+00,1.455896347761154175e-01
0.000000000000000000e+00,1.727038323879241943e-01
0.000000000000000000e+00,1.521407812833786011e-01
0.000000000000000000e+00,1.549144238233566284e-01
0.000000000000000000e+00,1.497310250997543335e-01
0.000000000000000000e+00,1.431199312210083008e-01
0.000000000000000000e+00,3.062731027603149414e-01
0.000000000000000000e+00,1.556729525327682495e-01
0.000000000000000000e+00,1.300792843103408813e-01
0.000000000000000000e+00,2.076412439346313477e-01
0.000000000000000000e+00,2.309776544570922852e-01
0.000000000000000000e+00,1.941856443881988525e-01
0.000000000000000000e+00,3.352187275886535645e-01
0.000000000000000000e+00,1.935095489025115967e-01
0.000000000000000000e+00,1.571905910968780518e-01
0.000000000000000000e+00,1.698506623506546021e-01
0.000000000000000000e+00,1.833135187625885010e-01
0.000000000000000000e+00,1.424579173326492310e-01
0.000000000000000000e+00,1.878395825624465942e-01
0.000000000000000000e+00,1.715662777423858643e-01
0.000000000000000000e+00,1.915268301963806152e-01
0.000000000000000000e+00,1.979221701622009277e-01
0.000000000000000000e+00,1.740068197250366211e-01
0.000000000000000000e+00,1.836845576763153076e-01
0.000000000000000000e+00,1.493866890668869019e-01
0.000000000000000000e+00,1.568109840154647827e-01
0.000000000000000000e+00,1.510013639926910400e-01
0.000000000000000000e+00,1.848527491092681885e-01
0.000000000000000000e+00,1.564262807369232178e-01
0.000000000000000000e+00,1.843124181032180786e-01
0.000000000000000000e+00,1.681883633136749268e-01
0.000000000000000000e+00,1.750939488410949707e-01
0.000000000000000000e+00,1.785468012094497681e-01
0.000000000000000000e+00,1.806338876485824585e-01
0.000000000000000000e+00,1.948480755090713501e-01
0.000000000000000000e+00,1.484507322311401367e-01
0.000000000000000000e+00,1.438466608524322510e-01
0.000000000000000000e+00,2.061791270971298218e-01
0.000000000000000000e+00,1.865310519933700562e-01
0.000000000000000000e+00,1.916154026985168457e-01
0.000000000000000000e+00,1.974290460348129272e-01
0.000000000000000000e+00,1.912737935781478882e-01
0.000000000000000000e+00,1.197383701801300049e-01
0.000000000000000000e+00,1.636727154254913330e-01
0.000000000000000000e+00,1.607171297073364258e-01
0.000000000000000000e+00,1.760444343090057373e-01
0.000000000000000000e+00,1.692459881305694580e-01
0.000000000000000000e+00,1.555503606796264648e-01
0.000000000000000000e+00,1.826863735914230347e-01
0.000000000000000000e+00,1.952158659696578979e-01
0.000000000000000000e+00,3.783317804336547852e-01
0.000000000000000000e+00,3.049472570419311523e-01
0.000000000000000000e+00,3.145265877246856689e-01
0.000000000000000000e+00,3.124986886978149414e-01
0.000000000000000000e+00,2.051109671592712402e-01
0.000000000000000000e+00,1.870416551828384399e-01
0.000000000000000000e+00,1.670311242341995239e-01
0.000000000000000000e+00,1.451768577098846436e-01
0.000000000000000000e+00,1.705664694309234619e-01
0.000000000000000000e+00,1.528361588716506958e-01
0.000000000000000000e+00,1.798701584339141846e-01
0.000000000000000000e+00,1.552745103836059570e-01
0.000000000000000000e+00,1.651738137006759644e-01
0.000000000000000000e+00,1.768522709608078003e-01
0.000000000000000000e+00,1.601168811321258545e-01
0.000000000000000000e+00,1.846741735935211182e-01
0.000000000000000000e+00,1.365590244531631470e-01
0.000000000000000000e+00,1.622617542743682861e-01
0.000000000000000000e+00,1.408796608448028564e-01
0.000000000000000000e+00,1.642960757017135620e-01
0.000000000000000000e+00,1.462712138891220093e-01
0.000000000000000000e+00,1.598514765501022339e-01
0.000000000000000000e+00,1.593655645847320557e-01
0.000000000000000000e+00,2.478767931461334229e-01
0.000000000000000000e+00,1.499846130609512329e-01
0.000000000000000000e+00,2.120776474475860596e-01
0.000000000000000000e+00,1.744975000619888306e-01
0.000000000000000000e+00,2.048005014657974243e-01
0.000000000000000000e+00,1.564201116561889648e-01
0.000000000000000000e+00,1.999628096818923950e-01
0.000000000000000000e+00,1.520564705133438110e-01
0.000000000000000000e+00,1.623622179031372070e-01
0.000000000000000000e+00,1.633670628070831299e-01
0.000000000000000000e+00,1.618638634681701660e-01
0.000000000000000000e+00,2.275431156158447266e-01
0.000000000000000000e+00,1.690663844347000122e-01
0.000000000000000000e+00,2.275565862655639648e-01
0.000000000000000000e+00,1.861508190631866455e-01
0.000000000000000000e+00,2.243865430355072021e-01
0.000000000000000000e+00,1.936596333980560303e-01
0.000000000000000000e+00,1.609414368867874146e-01
0.000000000000000000e+00,1.403609514236450195e-01
0.000000000000000000e+00,2.082716822624206543e-01
0.000000000000000000e+00,2.100851833820343018e-01
0.000000000000000000e+00,1.501847803592681885e-01
0.000000000000000000e+00,1.816991120576858521e-01
0.000000000000000000e+00,1.971561908721923828e-01
0.000000000000000000e+00,1.809088587760925293e-01
0.000000000000000000e+00,1.758851855993270874e-01
0.000000000000000000e+00,2.015521824359893799e-01
0.000000000000000000e+00,2.351579815149307251e-01
0.000000000000000000e+00,3.130898475646972656e-01
0.000000000000000000e+00,1.737558394670486450e-01
0.000000000000000000e+00,1.739321351051330566e-01
0.000000000000000000e+00,1.511503458023071289e-01
0.000000000000000000e+00,1.789503693580627441e-01
0.000000000000000000e+00,1.799717694520950317e-01
0.000000000000000000e+00,1.801210641860961914e-01
0.000000000000000000e+00,2.402508854866027832e-01
0.000000000000000000e+00,1.547881066799163818e-01
0.000000000000000000e+00,1.667663604021072388e-01
0.000000000000000000e+00,1.653823852539062500e-01
0.000000000000000000e+00,1.675342470407485962e-01
0.000000000000000000e+00,1.505304723978042603e-01
0.000000000000000000e+00,2.059481739997863770e-01
0.000000000000000000e+00,1.797730177640914917e-01
0.000000000000000000e+00,1.400731354951858521e-01
0.000000000000000000e+00,2.036988139152526855e-01
0.000000000000000000e+00,1.824936866760253906e-01
0.000000000000000000e+00,1.630021780729293823e-01
0.000000000000000000e+00,1.581509262323379517e-01
0.000000000000000000e+00,1.630242168903350830e-01
0.000000000000000000e+00,1.635744720697402954e-01
0.000000000000000000e+00,1.612384617328643799e-01
0.000000000000000000e+00,2.075666636228561401e-01
0.000000000000000000e+00,2.186871469020843506e-01
0.000000000000000000e+00,1.516834646463394165e-01
0.000000000000000000e+00,2.013335376977920532e-01
0.000000000000000000e+00,2.801904678344726562e-01
0.000000000000000000e+00,1.941298246383666992e-01
0.000000000000000000e+00,1.808407008647918701e-01
0.000000000000000000e+00,1.939231455326080322e-01
0.000000000000000000e+00,1.591422408819198608e-01
0.000000000000000000e+00,1.878455281257629395e-01
0.000000000000000000e+00,2.070294618606567383e-01
0.000000000000000000e+00,1.749434024095535278e-01
0.000000000000000000e+00,1.648087799549102783e-01
0.000000000000000000e+00,2.130564451217651367e-01
0.000000000000000000e+00,1.773576140403747559e-01
0.000000000000000000e+00,1.643048226833343506e-01
0.000000000000000000e+00,1.905519068241119385e-01
0.000000000000000000e+00,1.832346916198730469e-01
0.000000000000000000e+00,1.777513921260833740e-01
0.000000000000000000e+00,2.230106145143508911e-01
0.000000000000000000e+00,2.160433530807495117e-01
0.000000000000000000e+00,1.924281567335128784e-01
0.000000000000000000e+00,1.610113531351089478e-01
0.000000000000000000e+00,1.719007045030593872e-01
0.000000000000000000e+00,1.992772519588470459e-01
0.000000000000000000e+00,2.164951860904693604e-01
0.000000000000000000e+00,1.694554835557937622e-01
0.000000000000000000e+00,1.592734754085540771e-01
0.000000000000000000e+00,1.714208424091339111e-01
0.000000000000000000e+00,1.612681150436401367e-01
0.000000000000000000e+00,2.020219862461090088e-01
0.000000000000000000e+00,2.118323743343353271e-01
0.000000000000000000e+00,2.397511601448059082e-01
0.000000000000000000e+00,2.020061910152435303e-01
0.000000000000000000e+00,1.586420238018035889e-01
0.000000000000000000e+00,1.670623868703842163e-01
0.000000000000000000e+00,1.789830029010772705e-01
0.000000000000000000e+00,1.619335561990737915e-01
0.000000000000000000e+00,1.815854012966156006e-01
0.000000000000000000e+00,2.952123880386352539e-01
0.000000000000000000e+00,1.582309603691101074e-01
0.000000000000000000e+00,1.627246439456939697e-01
0.000000000000000000e+00,1.861593276262283325e-01
0.000000000000000000e+00,1.711200773715972900e-01
0.000000000000000000e+00,1.627075970172882080e-01
0.000000000000000000e+00,1.693179458379745483e-01
0.000000000000000000e+00,2.111090272665023804e-01
0.000000000000000000e+00,1.245786398649215698e-01
0.000000000000000000e+00,1.933974921703338623e-01
0.000000000000000000e+00,1.722590327262878418e-01
0.000000000000000000e+00,1.428248733282089233e-01
0.000000000000000000e+00,1.881075501441955566e-01
0.000000000000000000e+00,1.527839750051498413e-01
0.000000000000000000e+00,1.727247536182403564e-01
0.000000000000000000e+00,1.864104568958282471e-01
0.000000000000000000e+00,1.656308919191360474e-01
0.000000000000000000e+00,1.674077510833740234e-01
0.000000000000000000e+00,1.627916097640991211e-01
0.000000000000000000e+00,1.323074698448181152e-01
0.000000000000000000e+00,1.719319373369216919e-01
0.000000000000000000e+00,1.809493154287338257e-01
0.000000000000000000e+00,1.688945293426513672e-01
0.000000000000000000e+00,1.822395026683807373e-01
0.000000000000000000e+00,1.445173472166061401e-01
0.000000000000000000e+00,1.336455196142196655e-01
0.000000000000000000e+00,1.695965379476547241e-01
0.000000000000000000e+00,1.454387903213500977e-01
0.000000000000000000e+00,1.482727527618408203e-01
0.000000000000000000e+00,1.355931311845779419e-01
0.000000000000000000e+00,1.877509951591491699e-01
0.000000000000000000e+00,1.500419825315475464e-01
0.000000000000000000e+00,2.268639355897903442e-01
0.000000000000000000e+00,1.638786941766738892e-01
0.000000000000000000e+00,1.286508291959762573e-01
0.000000000000000000e+00,1.469865143299102783e-01
0.000000000000000000e+00,1.341784894466400146e-01
0.000000000000000000e+00,1.410568654537200928e-01
0.000000000000000000e+00,1.494133770465850830e-01
0.000000000000000000e+00,1.487151831388473511e-01
0.000000000000000000e+00,1.685202270746231079e-01
0.000000000000000000e+00,1.666174232959747314e-01
0.000000000000000000e+00,1.820898354053497314e-01
0.000000000000000000e+00,1.814634948968887329e-01
0.000000000000000000e+00,1.870757341384887695e-01
0.000000000000000000e+00,1.927741467952728271e-01
0.000000000000000000e+00,1.772737801074981689e-01
0.000000000000000000e+00,1.930089592933654785e-01
0.000000000000000000e+00,1.741407811641693115e-01
0.000000000000000000e+00,1.432068198919296265e-01
0.000000000000000000e+00,1.772271394729614258e-01
0.000000000000000000e+00,2.587684392929077148e-01
0.000000000000000000e+00,1.731679290533065796e-01
0.000000000000000000e+00,2.521832883358001709e-01
0.000000000000000000e+00,2.035356312990188599e-01
0.000000000000000000e+00,1.943999826908111572e-01
0.000000000000000000e+00,1.900595724582672119e-01
0.000000000000000000e+00,1.827055662870407104e-01
0.000000000000000000e+00,1.465581655502319336e-01
0.000000000000000000e+00,2.097769677639007568e-01
0.000000000000000000e+00,2.974458932876586914e-01
0.000000000000000000e+00,2.307670563459396362e-01
0.000000000000000000e+00,1.923606395721435547e-01
0.000000000000000000e+00,1.631426364183425903e-01
0.000000000000000000e+00,1.886680722236633301e-01
1.000000000000000000e+00,4.344884157180786133e-01
1.000000000000000000e+00,5.392224788665771484e-01
1.000000000000000000e+00,5.058544278144836426e-01
1.000000000000000000e+00,4.182786345481872559e-01
1.000000000000000000e+00,4.463689923286437988e-01
1.000000000000000000e+00,4.507496356964111328e-01
1.000000000000000000e+00,4.036087691783905029e-01
1.000000000000000000e+00,4.351283013820648193e-01
1.000000000000000000e+00,4.422789216041564941e-01
1.000000000000000000e+00,4.455517232418060303e-01
1.000000000000000000e+00,4.449159502983093262e-01
1.000000000000000000e+00,4.216570854187011719e-01
1.000000000000000000e+00,4.158773422241210938e-01
1.000000000000000000e+00,3.932734727859497070e-01
1.000000000000000000e+00,3.938350677490234375e-01
1.000000000000000000e+00,4.173259735107421875e-01
1.000000000000000000e+00,4.228656888008117676e-01
1.000000000000000000e+00,3.612788617610931396e-01
1.000000000000000000e+00,4.372016787528991699e-01
1.000000000000000000e+00,3.619486391544342041e-01
1.000000000000000000e+00,4.621003866195678711e-01
1.000000000000000000e+00,4.357113838195800781e-01
1.000000000000000000e+00,4.517542123794555664e-01
1.000000000000000000e+00,4.186356067657470703e-01
1.000000000000000000e+00,5.303180217742919922e-01
1.000000000000000000e+00,3.852290809154510498e-01
1.000000000000000000e+00,4.640069901943206787e-01
1.000000000000000000e+00,4.526312649250030518e-01
1.000000000000000000e+00,4.319221377372741699e-01
1.000000000000000000e+00,4.629147648811340332e-01
1.000000000000000000e+00,4.783988296985626221e-01
1.000000000000000000e+00,4.675775170326232910e-01
1.000000000000000000e+00,4.022013843059539795e-01
1.000000000000000000e+00,3.714258074760437012e-01
1.000000000000000000e+00,4.589786827564239502e-01
1.000000000000000000e+00,3.909133672714233398e-01
1.000000000000000000e+00,3.692427873611450195e-01
1.000000000000000000e+00,4.093836545944213867e-01
1.000000000000000000e+00,3.966208994388580322e-01
1.000000000000000000e+00,3.813782334327697754e-01
1.000000000000000000e+00,4.415715932846069336e-01
1.000000000000000000e+00,5.003152489662170410e-01
1.000000000000000000e+00,4.356165230274200439e-01
1.000000000000000000e+00,5.054935216903686523e-01
1.000000000000000000e+00,3.465436995029449463e-01
1.000000000000000000e+00,3.655442595481872559e-01
1.000000000000000000e+00,4.228138029575347900e-01
1.000000000000000000e+00,4.115651845932006836e-01
1.000000000000000000e+00,4.321366250514984131e-01
1.000000000000000000e+00,3.887186944484710693e-01
1.000000000000000000e+00,3.654763996601104736e-01
1.000000000000000000e+00,4.653044939041137695e-01
1.000000000000000000e+00,4.601658582687377930e-01
1.000000000000000000e+00,4.244411587715148926e-01
1.000000000000000000e+00,3.944978713989257812e-01
1.000000000000000000e+00,3.925346136093139648e-01
1.000000000000000000e+00,4.061823785305023193e-01
1.000000000000000000e+00,4.123200178146362305e-01
1.000000000000000000e+00,3.213092684745788574e-01
1.000000000000000000e+00,4.264333546161651611e-01
1.000000000000000000e+00,4.866475760936737061e-01
1.000000000000000000e+00,4.505934119224548340e-01
1.000000000000000000e+00,3.987561464309692383e-01
1.000000000000000000e+00,4.055823087692260742e-01
1.000000000000000000e+00,4.508665800094604492e-01
1.000000000000000000e+00,3.953351378440856934e-01
1.000000000000000000e+00,3.853131234645843506e-01
1.000000000000000000e+00,3.834957480430603027e-01
1.000000000000000000e+00,4.372728466987609863e-01
1.000000000000000000e+00,3.900793790817260742e-01
1.000000000000000000e+00,4.869347810745239258e-01
1.000000000000000000e+00,4.853689670562744141e-01
1.000000000000000000e+00,3.404692411422729492e-01
1.000000000000000000e+00,4.395805299282073975e-01
1.000000000000000000e+00,4.732710719108581543e-01
1.000000000000000000e+00,4.272756576538085938e-01
1.000000000000000000e+00,4.407686591148376465e-01
1.000000000000000000e+00,4.484262466430664062e-01
1.000000000000000000e+00,4.251068830490112305e-01
1.000000000000000000e+00,4.106573462486267090e-01
1.000000000000000000e+00,3.725185394287109375e-01
1.000000000000000000e+00,4.038021564483642578e-01
1.000000000000000000e+00,5.077575445175170898e-01
1.000000000000000000e+00,4.261075854301452637e-01
1.000000000000000000e+00,4.437707364559173584e-01
1.000000000000000000e+00,4.405577182769775391e-01
1.000000000000000000e+00,4.229543805122375488e-01
1.000000000000000000e+00,4.215884506702423096e-01
1.000000000000000000e+00,5.195263624191284180e-01
1.000000000000000000e+00,4.249874949455261230e-01
1.000000000000000000e+00,3.797275722026824951e-01
1.000000000000000000e+00,5.405371189117431641e-01
1.000000000000000000e+00,3.660925328731536865e-01
1.000000000000000000e+00,4.395662546157836914e-01
1.000000000000000000e+00,4.281615912914276123e-01
1.000000000000000000e+00,5.160969495773315430e-01
1.000000000000000000e+00,4.320068955421447754e-01
1.000000000000000000e+00,4.580903053283691406e-01
1.000000000000000000e+00,4.029633998870849609e-01
1.000000000000000000e+00,4.598301947116851807e-01
1.000000000000000000e+00,3.727470338344573975e-01
1.000000000000000000e+00,3.893803656101226807e-01
1.000000000000000000e+00,4.212678670883178711e-01
1.000000000000000000e+00,4.896481633186340332e-01
1.000000000000000000e+00,4.426583647727966309e-01
1.000000000000000000e+00,4.811140298843383789e-01
1.000000000000000000e+00,4.580359160900115967e-01
1.000000000000000000e+00,4.446328282356262207e-01
1.000000000000000000e+00,5.044551491737365723e-01
1.000000000000000000e+00,4.569675922393798828e-01
1.000000000000000000e+00,4.750081300735473633e-01
1.000000000000000000e+00,4.495357275009155273e-01
1.000000000000000000e+00,4.581376314163208008e-01
1.000000000000000000e+00,4.503087401390075684e-01
1.000000000000000000e+00,4.201173782348632812e-01
1.000000000000000000e+00,4.388507008552551270e-01
1.000000000000000000e+00,3.944873511791229248e-01
1.000000000000000000e+00,3.976545333862304688e-01
1.000000000000000000e+00,4.016648530960083008e-01
1.000000000000000000e+00,3.702758252620697021e-01
1.000000000000000000e+00,4.573374092578887939e-01
1.000000000000000000e+00,3.933922052383422852e-01
1.000000000000000000e+00,3.702007532119750977e-01
1.000000000000000000e+00,4.328357875347137451e-01
1.000000000000000000e+00,4.777434170246124268e-01
1.000000000000000000e+00,3.248457908630371094e-01
1.000000000000000000e+00,4.321578741073608398e-01
1.000000000000000000e+00,4.029908478260040283e-01
1.000000000000000000e+00,4.690127670764923096e-01
1.000000000000000000e+00,4.166005551815032959e-01
1.000000000000000000e+00,4.908589124679565430e-01
1.000000000000000000e+00,4.554088115692138672e-01
1.000000000000000000e+00,4.385480880737304688e-01
1.000000000000000000e+00,4.514456093311309814e-01
1.000000000000000000e+00,4.258115291595458984e-01
1.000000000000000000e+00,4.564558863639831543e-01
1.000000000000000000e+00,3.807620704174041748e-01
1.000000000000000000e+00,4.358940720558166504e-01
1.000000000000000000e+00,4.790489673614501953e-01
1.000000000000000000e+00,4.259867370128631592e-01
1.000000000000000000e+00,3.910429179668426514e-01
1.000000000000000000e+00,4.007575511932373047e-01
1.000000000000000000e+00,4.100572466850280762e-01
1.000000000000000000e+00,4.196757078170776367e-01
1.000000000000000000e+00,3.741109669208526611e-01
1.000000000000000000e+00,4.275658130645751953e-01
1.000000000000000000e+00,4.976004064083099365e-01
1.000000000000000000e+00,4.031907618045806885e-01
1.000000000000000000e+00,4.143296182155609131e-01
1.000000000000000000e+00,4.697196483612060547e-01
1.000000000000000000e+00,5.708470940589904785e-01
1.000000000000000000e+00,4.545599520206451416e-01
1.000000000000000000e+00,4.889230728149414062e-01
1.000000000000000000e+00,3.133853971958160400e-01
1.000000000000000000e+00,4.234305024147033691e-01
1.000000000000000000e+00,4.565950632095336914e-01
1.000000000000000000e+00,3.945254683494567871e-01
1.000000000000000000e+00,4.108309745788574219e-01
1.000000000000000000e+00,4.015421271324157715e-01
1.000000000000000000e+00,3.942068219184875488e-01
1.000000000000000000e+00,4.011033773422241211e-01
1.000000000000000000e+00,3.903158307075500488e-01
1.000000000000000000e+00,4.055588245391845703e-01
1.000000000000000000e+00,4.020122587680816650e-01
1.000000000000000000e+00,4.052769541740417480e-01
1.000000000000000000e+00,4.678052663803100586e-01
1.000000000000000000e+00,4.052367210388183594e-01
1.000000000000000000e+00,4.128958582878112793e-01
1.000000000000000000e+00,4.146734476089477539e-01
1.000000000000000000e+00,3.945289850234985352e-01
1.000000000000000000e+00,4.979709982872009277e-01
1.000000000000000000e+00,4.237487316131591797e-01
1.000000000000000000e+00,4.690807461738586426e-01
1.000000000000000000e+00,4.609504938125610352e-01
1.000000000000000000e+00,3.733658790588378906e-01
1.000000000000000000e+00,3.949635624885559082e-01
1.000000000000000000e+00,4.085949063301086426e-01
1.000000000000000000e+00,4.421114921569824219e-01
1.000000000000000000e+00,4.387701153755187988e-01
1.000000000000000000e+00,4.850282669067382812e-01
1.000000000000000000e+00,3.649394512176513672e-01
1.000000000000000000e+00,3.781780600547790527e-01
1.000000000000000000e+00,3.510625958442687988e-01
1.000000000000000000e+00,4.938589930534362793e-01
1.000000000000000000e+00,3.979690074920654297e-01
1.000000000000000000e+00,4.132108986377716064e-01
1.000000000000000000e+00,3.955298066139221191e-01
1.000000000000000000e+00,4.353033304214477539e-01
1.000000000000000000e+00,3.867327570915222168e-01
1.000000000000000000e+00,3.972786962985992432e-01
1.000000000000000000e+00,3.983606696128845215e-01
1.000000000000000000e+00,3.773132264614105225e-01
1.000000000000000000e+00,3.781634867191314697e-01
1.000000000000000000e+00,5.134640336036682129e-01
1.000000000000000000e+00,4.478691220283508301e-01
1.000000000000000000e+00,4.578740000724792480e-01
1.000000000000000000e+00,4.426687657833099365e-01
1.000000000000000000e+00,4.232698082923889160e-01
1.000000000000000000e+00,4.763699173927307129e-01
1.000000000000000000e+00,4.812095463275909424e-01
1.000000000000000000e+00,4.691125452518463135e-01
1.000000000000000000e+00,4.079038798809051514e-01
1.000000000000000000e+00,4.418221712112426758e-01
1.000000000000000000e+00,3.828344941139221191e-01
1.000000000000000000e+00,4.031402468681335449e-01
1.000000000000000000e+00,4.195059537887573242e-01
1.000000000000000000e+00,4.228550195693969727e-01
1.000000000000000000e+00,4.689563810825347900e-01
1.000000000000000000e+00,4.644715189933776855e-01
1.000000000000000000e+00,4.076063036918640137e-01
1.000000000000000000e+00,4.155078530311584473e-01
1.000000000000000000e+00,4.684036672115325928e-01
1.000000000000000000e+00,3.985899984836578369e-01
1.000000000000000000e+00,4.373501837253570557e-01
1.000000000000000000e+00,4.983762502670288086e-01
1.000000000000000000e+00,4.285129904747009277e-01
1.000000000000000000e+00,5.084691047668457031e-01
1.000000000000000000e+00,4.469524621963500977e-01
1.000000000000000000e+00,4.316661357879638672e-01
1.000000000000000000e+00,4.329406917095184326e-01
1.000000000000000000e+00,4.943701028823852539e-01
1.000000000000000000e+00,4.273802042007446289e-01
1.000000000000000000e+00,4.945763945579528809e-01
1.000000000000000000e+00,5.002982616424560547e-01
1.000000000000000000e+00,4.763985574245452881e-01
1.000000000000000000e+00,3.931391239166259766e-01
1.000000000000000000e+00,3.688713312149047852e-01
1.000000000000000000e+00,3.815900683403015137e-01
1.000000000000000000e+00,3.725994229316711426e-01
1.000000000000000000e+00,3.953872323036193848e-01
1.000000000000000000e+00,4.007570743560791016e-01
1.000000000000000000e+00,3.449469506740570068e-01
1.000000000000000000e+00,3.786660432815551758e-01
1.000000000000000000e+00,4.457176923751831055e-01
1.000000000000000000e+00,4.840999245643615723e-01
1.000000000000000000e+00,4.238325953483581543e-01
1.000000000000000000e+00,4.074193537235260010e-01
1.000000000000000000e+00,4.326782524585723877e-01
1.000000000000000000e+00,4.913301467895507812e-01
1.000000000000000000e+00,4.432778358459472656e-01
1.000000000000000000e+00,4.088755846023559570e-01
1.000000000000000000e+00,4.234402179718017578e-01
1.000000000000000000e+00,4.109582901000976562e-01
1.000000000000000000e+00,3.546013832092285156e-01
1.000000000000000000e+00,4.466677904129028320e-01
1.000000000000000000e+00,4.542459249496459961e-01
1.000000000000000000e+00,4.253579676151275635e-01
1.000000000000000000e+00,3.515703678131103516e-01
1.000000000000000000e+00,4.667910337448120117e-01
1.000000000000000000e+00,4.137561619281768799e-01
1.000000000000000000e+00,4.922867417335510254e-01
1.000000000000000000e+00,3.550922572612762451e-01
1.000000000000000000e+00,4.236710667610168457e-01
1.000000000000000000e+00,4.794119000434875488e-01
1.000000000000000000e+00,4.079706966876983643e-01
1.000000000000000000e+00,5.320752859115600586e-01
1.000000000000000000e+00,4.993165135383605957e-01
1.000000000000000000e+00,4.248597621917724609e-01
1.000000000000000000e+00,3.884317576885223389e-01
1.000000000000000000e+00,4.730224609375000000e-01
1.000000000000000000e+00,3.912858963012695312e-01
1.000000000000000000e+00,4.036231040954589844e-01
1.000000000000000000e+00,4.498127102851867676e-01
1.000000000000000000e+00,5.592970848083496094e-01
1.000000000000000000e+00,4.216646552085876465e-01
1.000000000000000000e+00,4.384963512420654297e-01
1.000000000000000000e+00,4.072444736957550049e-01
1.000000000000000000e+00,3.792716562747955322e-01
1.000000000000000000e+00,4.188683032989501953e-01
1.000000000000000000e+00,3.525168895721435547e-01
1.000000000000000000e+00,4.121214151382446289e-01
1.000000000000000000e+00,4.332571923732757568e-01
1.000000000000000000e+00,4.067351520061492920e-01
1.000000000000000000e+00,4.079868495464324951e-01
1.000000000000000000e+00,4.139573276042938232e-01
1.000000000000000000e+00,4.020330607891082764e-01
1.000000000000000000e+00,4.082908034324645996e-01
1.000000000000000000e+00,4.068628847599029541e-01
1.000000000000000000e+00,4.777588248252868652e-01
1.000000000000000000e+00,4.064367413520812988e-01
1.000000000000000000e+00,4.151754975318908691e-01
1.000000000000000000e+00,5.038990974426269531e-01
1.000000000000000000e+00,4.007496237754821777e-01
1.000000000000000000e+00,4.342826604843139648e-01
1.000000000000000000e+00,4.758676886558532715e-01
1.000000000000000000e+00,4.067714810371398926e-01
1.000000000000000000e+00,3.572018742561340332e-01
1.000000000000000000e+00,4.380198121070861816e-01
1.000000000000000000e+00,3.975744545459747314e-01
1.000000000000000000e+00,4.354571402072906494e-01
1.000000000000000000e+00,4.545995891094207764e-01
1.000000000000000000e+00,4.780085086822509766e-01
1.000000000000000000e+00,4.888734817504882812e-01
1.000000000000000000e+00,4.223231971263885498e-01
1.000000000000000000e+00,3.654647767543792725e-01
1.000000000000000000e+00,4.464959204196929932e-01
1.000000000000000000e+00,4.010549187660217285e-01
1.000000000000000000e+00,4.116075932979583740e-01
1.000000000000000000e+00,4.059717059135437012e-01
1.000000000000000000e+00,4.605976045131683350e-01
1.000000000000000000e+00,4.262361228466033936e-01
1.000000000000000000e+00,4.471691250801086426e-01
1.000000000000000000e+00,4.450685083866119385e-01
1.000000000000000000e+00,4.257392883300781250e-01
1.000000000000000000e+00,4.511241912841796875e-01
1.000000000000000000e+00,4.341751635074615479e-01
1.000000000000000000e+00,5.106957554817199707e-01
1.000000000000000000e+00,4.558398127555847168e-01
1.000000000000000000e+00,4.779683947563171387e-01
1.000000000000000000e+00,4.820197224617004395e-01
1.000000000000000000e+00,4.516223073005676270e-01
1.000000000000000000e+00,4.677726030349731445e-01
1.000000000000000000e+00,4.754236936569213867e-01
1.000000000000000000e+00,4.027997255325317383e-01
1.000000000000000000e+00,5.763720273971557617e-01
1.000000000000000000e+00,4.180672466754913330e-01
1.000000000000000000e+00,5.045101046562194824e-01
1.000000000000000000e+00,4.429123699665069580e-01
1.000000000000000000e+00,5.058010220527648926e-01
1.000000000000000000e+00,5.242369771003723145e-01
1.000000000000000000e+00,5.424932241439819336e-01
1.000000000000000000e+00,4.661293625831604004e-01
1.000000000000000000e+00,4.581942260265350342e-01
1.000000000000000000e+00,5.116612911224365234e-01
1.000000000000000000e+00,4.146472811698913574e-01
1.000000000000000000e+00,3.989907801151275635e-01
1.000000000000000000e+00,4.656950235366821289e-01
1.000000000000000000e+00,4.316539466381072998e-01
1.000000000000000000e+00,4.205030202865600586e-01
1.000000000000000000e+00,5.354205965995788574e-01
1.000000000000000000e+00,4.261153340339660645e-01
1.000000000000000000e+00,4.525257945060729980e-01
1.000000000000000000e+00,3.733943700790405273e-01
1.000000000000000000e+00,4.736924767494201660e-01
1.000000000000000000e+00,3.603193461894989014e-01
1.000000000000000000e+00,5.476605296134948730e-01
1.000000000000000000e+00,5.107099413871765137e-01
1.000000000000000000e+00,4.024757742881774902e-01
1.000000000000000000e+00,5.033966898918151855e-01
1.000000000000000000e+00,3.766142725944519043e-01
1.000000000000000000e+00,4.962130188941955566e-01
1.000000000000000000e+00,4.843873977661132812e-01
1.000000000000000000e+00,4.514201879501342773e-01
1.000000000000000000e+00,4.690069556236267090e-01
1.000000000000000000e+00,3.568990826606750488e-01
1.000000000000000000e+00,4.062303900718688965e-01
1.000000000000000000e+00,4.774898290634155273e-01
1.000000000000000000e+00,4.516065120697021484e-01
1.000000000000000000e+00,4.245168864727020264e-01
1.000000000000000000e+00,4.189718663692474365e-01
1.000000000000000000e+00,5.431591868400573730e-01
1.000000000000000000e+00,4.203080236911773682e-01
1.000000000000000000e+00,4.396908879280090332e-01
1.000000000000000000e+00,4.076965451240539551e-01
1.000000000000000000e+00,3.739872872829437256e-01
1.000000000000000000e+00,3.970477581024169922e-01
1.000000000000000000e+00,4.224520027637481689e-01
1.000000000000000000e+00,3.810861706733703613e-01
1.000000000000000000e+00,3.222569823265075684e-01
1.000000000000000000e+00,4.412478804588317871e-01
1.000000000000000000e+00,3.620600104331970215e-01
1.000000000000000000e+00,4.433295726776123047e-01
1.000000000000000000e+00,3.981643319129943848e-01
1.000000000000000000e+00,4.036891460418701172e-01
1.000000000000000000e+00,3.937379419803619385e-01
1.000000000000000000e+00,4.104268550872802734e-01
1.000000000000000000e+00,4.730331003665924072e-01
1.000000000000000000e+00,3.695399761199951172e-01
1.000000000000000000e+00,4.264340996742248535e-01
1.000000000000000000e+00,3.738935291767120361e-01
1.000000000000000000e+00,4.102752208709716797e-01
1.000000000000000000e+00,5.131345987319946289e-01
1.000000000000000000e+00,4.523398578166961670e-01
1.000000000000000000e+00,4.265120029449462891e-01
1.000000000000000000e+00,4.187069535255432129e-01
1.000000000000000000e+00,4.075966179370880127e-01
1.000000000000000000e+00,4.346519708633422852e-01
1.000000000000000000e+00,4.306077361106872559e-01
1.000000000000000000e+00,4.359840452671051025e-01
1.000000000000000000e+00,3.730826079845428467e-01
1.000000000000000000e+00,4.095930755138397217e-01
1.000000000000000000e+00,3.432890176773071289e-01
1.000000000000000000e+00,4.294991493225097656e-01
1.000000000000000000e+00,4.321268796920776367e-01
1.000000000000000000e+00,4.203997552394866943e-01
1.000000000000000000e+00,4.596075117588043213e-01
1.000000000000000000e+00,4.184553325176239014e-01
1.000000000000000000e+00,3.710483610630035400e-01
1.000000000000000000e+00,3.381743431091308594e-01
1.000000000000000000e+00,4.041585624217987061e-01
1.000000000000000000e+00,3.855783641338348389e-01
1.000000000000000000e+00,4.208973646163940430e-01
1.000000000000000000e+00,4.079784750938415527e-01
1.000000000000000000e+00,4.205383360385894775e-01
1.000000000000000000e+00,5.445837378501892090e-01
1.000000000000000000e+00,4.623181819915771484e-01
1.000000000000000000e+00,4.283627867698669434e-01
1.000000000000000000e+00,4.028622210025787354e-01
1.000000000000000000e+00,3.809093236923217773e-01
1.000000000000000000e+00,3.815483152866363525e-01
1.000000000000000000e+00,4.252983927726745605e-01
1.000000000000000000e+00,4.144058227539062500e-01
1.000000000000000000e+00,4.578441381454467773e-01
1.000000000000000000e+00,3.988858759403228760e-01
1.000000000000000000e+00,4.057699739933013916e-01
1.000000000000000000e+00,4.059704840183258057e-01
1.000000000000000000e+00,4.750830829143524170e-01
1.000000000000000000e+00,5.377534627914428711e-01
1.000000000000000000e+00,4.204185009002685547e-01
1.000000000000000000e+00,3.548367619514465332e-01
1.000000000000000000e+00,3.866353332996368408e-01
1.000000000000000000e+00,4.138424098491668701e-01
1.000000000000000000e+00,3.955334424972534180e-01
1.000000000000000000e+00,4.818355441093444824e-01
1.000000000000000000e+00,4.252671301364898682e-01
1.000000000000000000e+00,3.992147445678710938e-01
1.000000000000000000e+00,4.452297091484069824e-01
1.000000000000000000e+00,4.351219534873962402e-01
1.000000000000000000e+00,3.826487362384796143e-01
1.000000000000000000e+00,3.928270936012268066e-01
1.000000000000000000e+00,4.639585912227630615e-01
1.000000000000000000e+00,4.020335972309112549e-01
1.000000000000000000e+00,3.587156534194946289e-01
1.000000000000000000e+00,4.745953083038330078e-01
1.000000000000000000e+00,3.677402734756469727e-01
1.000000000000000000e+00,4.104405045509338379e-01
1.000000000000000000e+00,4.555537700653076172e-01
1.000000000000000000e+00,4.177745282649993896e-01
1.000000000000000000e+00,4.502779841423034668e-01
1.000000000000000000e+00,3.904488384723663330e-01
1.000000000000000000e+00,4.050312042236328125e-01
1.000000000000000000e+00,4.175895154476165771e-01
1.000000000000000000e+00,3.864395022392272949e-01
1.000000000000000000e+00,3.898530304431915283e-01
1.000000000000000000e+00,3.692529797554016113e-01
1.000000000000000000e+00,4.423436522483825684e-01
1.000000000000000000e+00,4.090270996093750000e-01
1.000000000000000000e+00,3.487777113914489746e-01
1.000000000000000000e+00,4.696573615074157715e-01
1.000000000000000000e+00,4.149607419967651367e-01
1.000000000000000000e+00,3.616203069686889648e-01
1.000000000000000000e+00,3.625137805938720703e-01
1.000000000000000000e+00,4.417960047721862793e-01
1.000000000000000000e+00,4.262328743934631348e-01
1.000000000000000000e+00,5.158700346946716309e-01
1.000000000000000000e+00,4.138459861278533936e-01
1.000000000000000000e+00,5.501332283020019531e-01
1.000000000000000000e+00,4.259460568428039551e-01
1.000000000000000000e+00,4.813494086265563965e-01
1.000000000000000000e+00,4.390212297439575195e-01
1.000000000000000000e+00,3.827572464942932129e-01
1.000000000000000000e+00,5.345909595489501953e-01
1.000000000000000000e+00,4.619241952896118164e-01
1.000000000000000000e+00,4.070270657539367676e-01
1.000000000000000000e+00,4.548146128654479980e-01
1.000000000000000000e+00,3.464092612266540527e-01
1.000000000000000000e+00,3.303667306900024414e-01
1.000000000000000000e+00,3.974587023258209229e-01
1.000000000000000000e+00,4.142977595329284668e-01
1.000000000000000000e+00,4.601652324199676514e-01
1.000000000000000000e+00,4.460223317146301270e-01
1.000000000000000000e+00,4.609448611736297607e-01
1.000000000000000000e+00,4.932302832603454590e-01
1.000000000000000000e+00,3.635048866271972656e-01
1.000000000000000000e+00,3.819469809532165527e-01
1.000000000000000000e+00,4.095102846622467041e-01
1.000000000000000000e+00,4.129181206226348877e-01
1.000000000000000000e+00,3.747086524963378906e-01
1.000000000000000000e+00,3.824083209037780762e-01
1.000000000000000000e+00,4.477513432502746582e-01
1.000000000000000000e+00,3.935716748237609863e-01
1.000000000000000000e+00,4.770409464836120605e-01
1.000000000000000000e+00,4.399301111698150635e-01
1.000000000000000000e+00,4.314512610435485840e-01
1.000000000000000000e+00,4.023371040821075439e-01
1.000000000000000000e+00,3.529224991798400879e-01
1.000000000000000000e+00,3.848704695701599121e-01
1.000000000000000000e+00,4.072759151458740234e-01
1.000000000000000000e+00,4.107562601566314697e-01
1.000000000000000000e+00,5.694513916969299316e-01
1.000000000000000000e+00,4.515767395496368408e-01
1.000000000000000000e+00,5.384794473648071289e-01
1.000000000000000000e+00,4.404380321502685547e-01
1.000000000000000000e+00,4.707068204879760742e-01
1.000000000000000000e+00,4.682911038398742676e-01
1.000000000000000000e+00,4.922417700290679932e-01
1.000000000000000000e+00,4.339879155158996582e-01
1.000000000000000000e+00,3.780970871448516846e-01
1.000000000000000000e+00,3.530250787734985352e-01
1.000000000000000000e+00,3.784154355525970459e-01
1.000000000000000000e+00,3.883830904960632324e-01
1.000000000000000000e+00,3.993265032768249512e-01
1.000000000000000000e+00,3.809330463409423828e-01
1.000000000000000000e+00,4.373364746570587158e-01
1.000000000000000000e+00,4.196128249168395996e-01
1.000000000000000000e+00,4.602324366569519043e-01
1.000000000000000000e+00,4.411259293556213379e-01
1.000000000000000000e+00,4.180819988250732422e-01
1.000000000000000000e+00,4.100579619407653809e-01
1.000000000000000000e+00,4.345793724060058594e-01
1.000000000000000000e+00,3.970185220241546631e-01
1.000000000000000000e+00,5.284280776977539062e-01
1.000000000000000000e+00,3.564478158950805664e-01
1.000000000000000000e+00,4.663018286228179932e-01
1.000000000000000000e+00,4.489569664001464844e-01
1.000000000000000000e+00,4.144740700721740723e-01
1.000000000000000000e+00,4.859639406204223633e-01
1.000000000000000000e+00,4.310720264911651611e-01
1.000000000000000000e+00,4.168830513954162598e-01
1.000000000000000000e+00,6.106159687042236328e-01
1.000000000000000000e+00,4.105746150016784668e-01
1.000000000000000000e+00,5.010946989059448242e-01
1.000000000000000000e+00,4.073697924613952637e-01
1.000000000000000000e+00,4.845295846462249756e-01
1.000000000000000000e+00,3.785811960697174072e-01
1.000000000000000000e+00,2.661152482032775879e-01
1.000000000000000000e+00,4.455937445163726807e-01
1.000000000000000000e+00,3.892669975757598877e-01
1.000000000000000000e+00,5.203290581703186035e-01
1.000000000000000000e+00,4.695439338684082031e-01
1.000000000000000000e+00,4.550193548202514648e-01
1.000000000000000000e+00,4.301607608795166016e-01
1.000000000000000000e+00,3.468873798847198486e-01
1.000000000000000000e+00,4.670838713645935059e-01
1.000000000000000000e+00,3.622451424598693848e-01
1.000000000000000000e+00,3.552148938179016113e-01
1.000000000000000000e+00,3.564916253089904785e-01
1.000000000000000000e+00,3.839465975761413574e-01
1.000000000000000000e+00,3.356494307518005371e-01
1.000000000000000000e+00,5.935252904891967773e-01
1.000000000000000000e+00,3.731391429901123047e-01
1.000000000000000000e+00,3.451536297798156738e-01
1.000000000000000000e+00,4.186071753501892090e-01
1.000000000000000000e+00,3.535608053207397461e-01
1.000000000000000000e+00,4.270052611827850342e-01
1.000000000000000000e+00,4.597417414188385010e-01
1.000000000000000000e+00,5.143949985504150391e-01
1.000000000000000000e+00,4.719903171062469482e-01
1.000000000000000000e+00,4.564390480518341064e-01
1.000000000000000000e+00,4.529414772987365723e-01
1.000000000000000000e+00,4.486946165561676025e-01
1.000000000000000000e+00,4.504115581512451172e-01
1.000000000000000000e+00,4.249237179756164551e-01
1.000000000000000000e+00,4.733496308326721191e-01
1.000000000000000000e+00,4.764052033424377441e-01
1.000000000000000000e+00,4.269146323204040527e-01
1.000000000000000000e+00,4.012883603572845459e-01
1.000000000000000000e+00,4.609110355377197266e-01
1.000000000000000000e+00,4.500595033168792725e-01
1.000000000000000000e+00,4.312370717525482178e-01
1.000000000000000000e+00,3.946243524551391602e-01
1.000000000000000000e+00,4.562310576438903809e-01
1.000000000000000000e+00,4.342048764228820801e-01
1.000000000000000000e+00,4.242230653762817383e-01
1.000000000000000000e+00,4.473334252834320068e-01
1.000000000000000000e+00,4.211883246898651123e-01
1.000000000000000000e+00,3.303404748439788818e-01
1.000000000000000000e+00,4.740655422210693359e-01
1.000000000000000000e+00,3.642724454402923584e-01
1.000000000000000000e+00,4.259747862815856934e-01
1.000000000000000000e+00,3.743636608123779297e-01
1.000000000000000000e+00,3.616805970668792725e-01
1.000000000000000000e+00,3.649484813213348389e-01
1.000000000000000000e+00,4.469130337238311768e-01
1.000000000000000000e+00,4.333541691303253174e-01
1.000000000000000000e+00,4.751709401607513428e-01
1.000000000000000000e+00,4.283712506294250488e-01
1.000000000000000000e+00,4.391453862190246582e-01
1.000000000000000000e+00,4.576378166675567627e-01
1.000000000000000000e+00,4.351375401020050049e-01
1.000000000000000000e+00,4.682433009147644043e-01
1.000000000000000000e+00,3.529773354530334473e-01
1.000000000000000000e+00,3.891311883926391602e-01
1.000000000000000000e+00,3.538700044155120850e-01
1.000000000000000000e+00,3.875944018363952637e-01
1.000000000000000000e+00,4.008710384368896484e-01
1.000000000000000000e+00,4.542497694492340088e-01
1.000000000000000000e+00,4.832186698913574219e-01
1.000000000000000000e+00,4.331500530242919922e-01
1.000000000000000000e+00,4.517040848731994629e-01
1.000000000000000000e+00,4.420463442802429199e-01
1.000000000000000000e+00,3.628617525100708008e-01
1.000000000000000000e+00,3.845782876014709473e-01
1.000000000000000000e+00,4.569791257381439209e-01
1.000000000000000000e+00,4.569264650344848633e-01
1.000000000000000000e+00,4.203077256679534912e-01
1.000000000000000000e+00,4.737498760223388672e-01
1.000000000000000000e+00,3.685494959354400635e-01
1.000000000000000000e+00,4.297697842121124268e-01
1.000000000000000000e+00,4.918454885482788086e-01
1.000000000000000000e+00,4.751674234867095947e-01
1.000000000000000000e+00,4.455214142799377441e-01
1.000000000000000000e+00,4.003427326679229736e-01
1.000000000000000000e+00,4.378963410854339600e-01
1.000000000000000000e+00,4.229297041893005371e-01
1.000000000000000000e+00,3.750609457492828369e-01
1.000000000000000000e+00,3.967345654964447021e-01
1.000000000000000000e+00,3.610231578350067139e-01
1.000000000000000000e+00,4.650436639785766602e-01
1.000000000000000000e+00,4.808720946311950684e-01
1.000000000000000000e+00,4.267703294754028320e-01
1.000000000000000000e+00,5.025872588157653809e-01
1.000000000000000000e+00,4.364376962184906006e-01
1.000000000000000000e+00,3.350987732410430908e-01
1.000000000000000000e+00,4.363626837730407715e-01
1.000000000000000000e+00,4.309895336627960205e-01
1.000000000000000000e+00,4.376901984214782715e-01
1.000000000000000000e+00,3.858070373535156250e-01
1.000000000000000000e+00,3.680027425289154053e-01
1.000000000000000000e+00,3.848016858100891113e-01
1.000000000000000000e+00,3.648279309272766113e-01
1.000000000000000000e+00,3.962971568107604980e-01
1.000000000000000000e+00,4.168757200241088867e-01
1.000000000000000000e+00,3.539988994598388672e-01
1.000000000000000000e+00,4.591512382030487061e-01
1.000000000000000000e+00,3.870487213134765625e-01
1.000000000000000000e+00,4.504931569099426270e-01
1.000000000000000000e+00,5.023511648178100586e-01
1.000000000000000000e+00,3.192710876464843750e-01
1.000000000000000000e+00,3.779292106628417969e-01
1.000000000000000000e+00,4.100759029388427734e-01
1.000000000000000000e+00,4.261885285377502441e-01
1.000000000000000000e+00,4.638942480087280273e-01
1.000000000000000000e+00,4.262761473655700684e-01
1.000000000000000000e+00,4.128105342388153076e-01
1.000000000000000000e+00,3.758190870285034180e-01
1.000000000000000000e+00,4.875165820121765137e-01
1.000000000000000000e+00,4.644474387168884277e-01
1.000000000000000000e+00,3.367419242858886719e-01
1.000000000000000000e+00,3.974240124225616455e-01
1.000000000000000000e+00,3.682500123977661133e-01
1.000000000000000000e+00,5.070212483406066895e-01
1.000000000000000000e+00,4.665706753730773926e-01
1.000000000000000000e+00,3.469330668449401855e-01
1.000000000000000000e+00,4.408901333808898926e-01
1.000000000000000000e+00,4.701139032840728760e-01
1.000000000000000000e+00,4.354151785373687744e-01
1.000000000000000000e+00,5.596048235893249512e-01
1.000000000000000000e+00,4.480438828468322754e-01
1.000000000000000000e+00,4.208466112613677979e-01
1.000000000000000000e+00,4.597625136375427246e-01
1.000000000000000000e+00,4.392402172088623047e-01
1.000000000000000000e+00,4.452120959758758545e-01
1.000000000000000000e+00,4.185444116592407227e-01
1.000000000000000000e+00,4.745959043502807617e-01
1.000000000000000000e+00,3.422546684741973877e-01
1.000000000000000000e+00,4.882839024066925049e-01
1.000000000000000000e+00,4.458011388778686523e-01
1.000000000000000000e+00,4.807221591472625732e-01
1.000000000000000000e+00,4.336082041263580322e-01
1.000000000000000000e+00,4.434980154037475586e-01
1.000000000000000000e+00,5.549684762954711914e-01
1.000000000000000000e+00,4.904303550720214844e-01
1.000000000000000000e+00,4.887486100196838379e-01
1.000000000000000000e+00,3.994379639625549316e-01
1.000000000000000000e+00,4.288995862007141113e-01
1.000000000000000000e+00,4.266030490398406982e-01
1.000000000000000000e+00,4.851536750793457031e-01
1.000000000000000000e+00,4.519627094268798828e-01
1.000000000000000000e+00,4.663907289505004883e-01
1.000000000000000000e+00,6.074042916297912598e-01
1.000000000000000000e+00,4.648109674453735352e-01
1.000000000000000000e+00,4.448719024658203125e-01
1.000000000000000000e+00,3.571071028709411621e-01
1.000000000000000000e+00,4.476173520088195801e-01
1.000000000000000000e+00,4.081330895423889160e-01
1.000000000000000000e+00,4.991335868835449219e-01
1.000000000000000000e+00,4.115080833435058594e-01
1.000000000000000000e+00,4.959464073181152344e-01
1.000000000000000000e+00,3.646809756755828857e-01
1.000000000000000000e+00,3.917928338050842285e-01
1.000000000000000000e+00,4.783959984779357910e-01
1.000000000000000000e+00,4.204972386360168457e-01
1.000000000000000000e+00,4.737811982631683350e-01
1.000000000000000000e+00,3.284298181533813477e-01
1.000000000000000000e+00,4.180763363838195801e-01
1.000000000000000000e+00,4.073159396648406982e-01
1.000000000000000000e+00,3.400274515151977539e-01
1.000000000000000000e+00,4.001698493957519531e-01
1.000000000000000000e+00,4.766336977481842041e-01
1.000000000000000000e+00,3.900988698005676270e-01
1.000000000000000000e+00,3.842837810516357422e-01
1.000000000000000000e+00,4.021897315979003906e-01
1.000000000000000000e+00,3.230434954166412354e-01
1.000000000000000000e+00,3.740988969802856445e-01
1.000000000000000000e+00,3.791911303997039795e-01
1.000000000000000000e+00,3.698055446147918701e-01
1.000000000000000000e+00,4.757545292377471924e-01
1.000000000000000000e+00,3.750427067279815674e-01
1.000000000000000000e+00,4.668467342853546143e-01
1.000000000000000000e+00,4.603540003299713135e-01
1.000000000000000000e+00,4.066611230373382568e-01
1.000000000000000000e+00,4.044815599918365479e-01
1.000000000000000000e+00,5.159964561462402344e-01
1.000000000000000000e+00,4.660810530185699463e-01
1.000000000000000000e+00,3.374978005886077881e-01
1.000000000000000000e+00,4.396147429943084717e-01
1.000000000000000000e+00,4.638535678386688232e-01
1.000000000000000000e+00,4.235762953758239746e-01
1.000000000000000000e+00,4.470796287059783936e-01
1.000000000000000000e+00,4.353162050247192383e-01
1.000000000000000000e+00,4.840326011180877686e-01
1.000000000000000000e+00,3.998342752456665039e-01
1.000000000000000000e+00,3.573420047760009766e-01
1.000000000000000000e+00,4.914793372154235840e-01
1.000000000000000000e+00,4.386684894561767578e-01
1.000000000000000000e+00,4.545212388038635254e-01
1.000000000000000000e+00,5.023499727249145508e-01
1.000000000000000000e+00,3.559926152229309082e-01
1.000000000000000000e+00,4.675329625606536865e-01
1.000000000000000000e+00,5.234479904174804688e-01
1.000000000000000000e+00,4.570669233798980713e-01
1.000000000000000000e+00,5.044846534729003906e-01
1.000000000000000000e+00,3.702801465988159180e-01
1.000000000000000000e+00,3.463231921195983887e-01
1.000000000000000000e+00,4.072852432727813721e-01
1.000000000000000000e+00,4.045719504356384277e-01
1.000000000000000000e+00,4.402751326560974121e-01
1.000000000000000000e+00,3.808531463146209717e-01
1.000000000000000000e+00,3.756745159626007080e-01
1.000000000000000000e+00,4.341421425342559814e-01
1.000000000000000000e+00,3.604667782783508301e-01
1.000000000000000000e+00,4.740318059921264648e-01
1.000000000000000000e+00,4.621279835700988770e-01
1.000000000000000000e+00,3.641781508922576904e-01
1.000000000000000000e+00,3.743196725845336914e-01
1.000000000000000000e+00,4.466831088066101074e-01
1.000000000000000000e+00,3.925528228282928467e-01
1.000000000000000000e+00,4.545018076896667480e-01
1.000000000000000000e+00,4.801493287086486816e-01
1.000000000000000000e+00,4.865880012512207031e-01
1.000000000000000000e+00,4.312471747398376465e-01
1.000000000000000000e+00,3.915931880474090576e-01
1.000000000000000000e+00,4.034994244575500488e-01
1.000000000000000000e+00,3.870209455490112305e-01
1.000000000000000000e+00,4.349314570426940918e-01
1.000000000000000000e+00,3.736116886138916016e-01
1.000000000000000000e+00,4.291193485260009766e-01
1.000000000000000000e+00,4.971172213554382324e-01
1.000000000000000000e+00,4.575197100639343262e-01
1.000000000000000000e+00,4.580232501029968262e-01
1.000000000000000000e+00,5.258158445358276367e-01
1.000000000000000000e+00,4.518049359321594238e-01
1.000000000000000000e+00,4.181920886039733887e-01
1.000000000000000000e+00,3.873840868473052979e-01
1.000000000000000000e+00,4.297245144844055176e-01
1.000000000000000000e+00,4.964124262332916260e-01
1.000000000000000000e+00,4.403795003890991211e-01
1.000000000000000000e+00,4.735080599784851074e-01
1.000000000000000000e+00,4.178293049335479736e-01
1.000000000000000000e+00,4.397329688072204590e-01
1.000000000000000000e+00,3.831874430179595947e-01
1.000000000000000000e+00,3.465878069400787354e-01
1.000000000000000000e+00,4.214940667152404785e-01
1.000000000000000000e+00,3.855004906654357910e-01
1.000000000000000000e+00,3.786231875419616699e-01
1.000000000000000000e+00,3.571031987667083740e-01
1.000000000000000000e+00,5.715838670730590820e-01
1.000000000000000000e+00,5.058563947677612305e-01
1.000000000000000000e+00,5.183410048484802246e-01
1.000000000000000000e+00,3.729000091552734375e-01
1.000000000000000000e+00,4.531359672546386719e-01
1.000000000000000000e+00,2.788943052291870117e-01
1.000000000000000000e+00,3.584395349025726318e-01
1.000000000000000000e+00,3.632571995258331299e-01
1.000000000000000000e+00,3.956891298294067383e-01
1.000000000000000000e+00,4.027551114559173584e-01
1.000000000000000000e+00,4.196396470069885254e-01
1.000000000000000000e+00,4.610429406166076660e-01
1.000000000000000000e+00,3.756993710994720459e-01
1.000000000000000000e+00,3.660919666290283203e-01
1.000000000000000000e+00,3.907499313354492188e-01
1.000000000000000000e+00,3.827540576457977295e-01
1.000000000000000000e+00,4.013465642929077148e-01
1.000000000000000000e+00,3.923902511596679688e-01
1.000000000000000000e+00,4.830400347709655762e-01
1.000000000000000000e+00,3.925199210643768311e-01
1.000000000000000000e+00,4.927240312099456787e-01
1.000000000000000000e+00,3.796769976615905762e-01
1.000000000000000000e+00,4.179404377937316895e-01
1.000000000000000000e+00,3.962138295173645020e-01
1.000000000000000000e+00,4.840926527976989746e-01
1.000000000000000000e+00,4.728599786758422852e-01
1.000000000000000000e+00,3.090423643589019775e-01
1.000000000000000000e+00,4.246698915958404541e-01
1.000000000000000000e+00,3.823044300079345703e-01
1.000000000000000000e+00,4.082441329956054688e-01
1.000000000000000000e+00,4.471570551395416260e-01
1.000000000000000000e+00,4.234229028224945068e-01
1.000000000000000000e+00,3.995331525802612305e-01
1.000000000000000000e+00,5.356003642082214355e-01
1.000000000000000000e+00,3.869667053222656250e-01
1.000000000000000000e+00,3.739008307456970215e-01
1.000000000000000000e+00,4.729067087173461914e-01
1.000000000000000000e+00,4.286775290966033936e-01
1.000000000000000000e+00,4.107723832130432129e-01
1.000000000000000000e+00,4.182431697845458984e-01
1.000000000000000000e+00,3.866239190101623535e-01
1.000000000000000000e+00,3.784742355346679688e-01
1.000000000000000000e+00,4.041405916213989258e-01
1.000000000000000000e+00,4.917320609092712402e-01
1.000000000000000000e+00,4.102470874786376953e-01
1.000000000000000000e+00,3.573907613754272461e-01
1.000000000000000000e+00,4.429134726524353027e-01
1.000000000000000000e+00,4.343060851097106934e-01
1.000000000000000000e+00,4.692727327346801758e-01
1.000000000000000000e+00,4.256246089935302734e-01
1.000000000000000000e+00,3.889042139053344727e-01
1.000000000000000000e+00,3.984098136425018311e-01
1.000000000000000000e+00,3.847655057907104492e-01
1.000000000000000000e+00,3.704930841922760010e-01
1.000000000000000000e+00,4.373568296432495117e-01
1.000000000000000000e+00,4.267714023590087891e-01
1.000000000000000000e+00,5.291477441787719727e-01
1.000000000000000000e+00,4.185659289360046387e-01
1.000000000000000000e+00,4.543995261192321777e-01
1.000000000000000000e+00,4.561023414134979248e-01
1.000000000000000000e+00,4.213127493858337402e-01
1.000000000000000000e+00,4.852759242057800293e-01
1.000000000000000000e+00,4.490997791290283203e-01
1.000000000000000000e+00,4.627048373222351074e-01
1.000000000000000000e+00,4.057830572128295898e-01
1.000000000000000000e+00,4.411720931529998779e-01
1.000000000000000000e+00,4.026587605476379395e-01
1.000000000000000000e+00,4.669357836246490479e-01
1.000000000000000000e+00,3.888600468635559082e-01
1.000000000000000000e+00,4.331198334693908691e-01
1.000000000000000000e+00,4.140652120113372803e-01
1.000000000000000000e+00,3.819231390953063965e-01
1.000000000000000000e+00,3.996598422527313232e-01
1.000000000000000000e+00,3.812732100486755371e-01
1.000000000000000000e+00,4.447966516017913818e-01
1.000000000000000000e+00,3.585356473922729492e-01
1.000000000000000000e+00,3.656228184700012207e-01
1.000000000000000000e+00,4.018210768699645996e-01
1.000000000000000000e+00,4.417308270931243896e-01
1.000000000000000000e+00,4.516336023807525635e-01
1.000000000000000000e+00,3.737657964229583740e-01
1.000000000000000000e+00,4.269169569015502930e-01
1.000000000000000000e+00,3.579352796077728271e-01
1.000000000000000000e+00,3.751375377178192139e-01
1.000000000000000000e+00,4.313161373138427734e-01
1.000000000000000000e+00,4.378439188003540039e-01
1.000000000000000000e+00,3.651206195354461670e-01
1.000000000000000000e+00,3.808384239673614502e-01
1.000000000000000000e+00,3.696560859680175781e-01
1.000000000000000000e+00,4.813892245292663574e-01
1.000000000000000000e+00,3.911966681480407715e-01
1.000000000000000000e+00,3.659846782684326172e-01
1.000000000000000000e+00,4.243600368499755859e-01
1.000000000000000000e+00,4.584642946720123291e-01
1.000000000000000000e+00,4.592753052711486816e-01
1.000000000000000000e+00,3.821370005607604980e-01
1.000000000000000000e+00,4.247139692306518555e-01
1.000000000000000000e+00,4.721160531044006348e-01
1.000000000000000000e+00,4.405595660209655762e-01
1.000000000000000000e+00,3.872025012969970703e-01
1.000000000000000000e+00,4.281206130981445312e-01
1.000000000000000000e+00,4.161286652088165283e-01
1.000000000000000000e+00,4.121611714363098145e-01
1.000000000000000000e+00,3.611130118370056152e-01
1.000000000000000000e+00,3.808031678199768066e-01
1.000000000000000000e+00,3.971132636070251465e-01
1.000000000000000000e+00,4.718873202800750732e-01
1.000000000000000000e+00,3.801013529300689697e-01
1.000000000000000000e+00,4.263814985752105713e-01
1.000000000000000000e+00,4.486308693885803223e-01
1.000000000000000000e+00,4.994210600852966309e-01
1.000000000000000000e+00,4.911144673824310303e-01
1.000000000000000000e+00,4.808756709098815918e-01
1.000000000000000000e+00,3.940895497798919678e-01
1.000000000000000000e+00,4.041422009468078613e-01
1.000000000000000000e+00,4.500080943107604980e-01
1.000000000000000000e+00,4.126188158988952637e-01
1.000000000000000000e+00,4.363906979560852051e-01
1.000000000000000000e+00,3.780676722526550293e-01
1.000000000000000000e+00,4.472262263298034668e-01
1.000000000000000000e+00,4.959732890129089355e-01
1.000000000000000000e+00,4.218733906745910645e-01
1.000000000000000000e+00,4.276295006275177002e-01
1.000000000000000000e+00,4.646642804145812988e-01
1.000000000000000000e+00,3.675929307937622070e-01
1.000000000000000000e+00,5.216826200485229492e-01
1.000000000000000000e+00,4.315751492977142334e-01
1.000000000000000000e+00,4.306533932685852051e-01
1.000000000000000000e+00,4.959523975849151611e-01
1.000000000000000000e+00,4.640850424766540527e-01
1.000000000000000000e+00,4.234072566032409668e-01
1.000000000000000000e+00,4.482762813568115234e-01
1.000000000000000000e+00,4.768803417682647705e-01
1.000000000000000000e+00,4.835402369499206543e-01
1.000000000000000000e+00,3.974318504333496094e-01
1.000000000000000000e+00,3.907847404479980469e-01
1.000000000000000000e+00,4.701777696609497070e-01
1.000000000000000000e+00,4.626681804656982422e-01
1.000000000000000000e+00,3.367222547531127930e-01
1.000000000000000000e+00,3.809318542480468750e-01
1.000000000000000000e+00,4.337799549102783203e-01
1.000000000000000000e+00,3.911071419715881348e-01
1.000000000000000000e+00,4.115553200244903564e-01
1.000000000000000000e+00,3.413996398448944092e-01
1.000000000000000000e+00,4.329727292060852051e-01
1.000000000000000000e+00,3.908356726169586182e-01
1.000000000000000000e+00,3.825266063213348389e-01
1.000000000000000000e+00,4.898984432220458984e-01
1.000000000000000000e+00,4.490314126014709473e-01
1.000000000000000000e+00,3.641089200973510742e-01
1.000000000000000000e+00,4.154791831970214844e-01
1.000000000000000000e+00,4.685658514499664307e-01
1.000000000000000000e+00,4.363720417022705078e-01
1.000000000000000000e+00,4.508839249610900879e-01
1.000000000000000000e+00,4.419417977333068848e-01
1.000000000000000000e+00,4.846318364143371582e-01
1.000000000000000000e+00,4.331066906452178955e-01
1.000000000000000000e+00,4.383823573589324951e-01
1.000000000000000000e+00,4.222010374069213867e-01
1.000000000000000000e+00,4.014868140220642090e-01
1.000000000000000000e+00,4.749587476253509521e-01
1.000000000000000000e+00,4.278156757354736328e-01
1.000000000000000000e+00,3.799067139625549316e-01
1.000000000000000000e+00,4.879823029041290283e-01
1.000000000000000000e+00,3.939393758773803711e-01
1.000000000000000000e+00,4.134525656700134277e-01
1.000000000000000000e+00,4.547184705734252930e-01
1.000000000000000000e+00,4.390534758567810059e-01
1.000000000000000000e+00,5.718077421188354492e-01
1.000000000000000000e+00,4.287018477916717529e-01
1.000000000000000000e+00,3.928337395191192627e-01
1.000000000000000000e+00,4.368647336959838867e-01
1.000000000000000000e+00,4.070221185684204102e-01
1.000000000000000000e+00,4.358557462692260742e-01
1.000000000000000000e+00,3.734932839870452881e-01
1.000000000000000000e+00,3.733984231948852539e-01
1.000000000000000000e+00,4.571564197540283203e-01
1.000000000000000000e+00,4.339771270751953125e-01
1.000000000000000000e+00,4.251342415809631348e-01
1.000000000000000000e+00,4.687254428863525391e-01
1.000000000000000000e+00,4.688515663146972656e-01
1.000000000000000000e+00,4.569162130355834961e-01
1.000000000000000000e+00,4.522047638893127441e-01
1.000000000000000000e+00,3.880946636199951172e-01
1.000000000000000000e+00,4.175775051116943359e-01
1.000000000000000000e+00,3.844648897647857666e-01
1.000000000000000000e+00,3.617202639579772949e-01
1.000000000000000000e+00,4.711730182170867920e-01
1.000000000000000000e+00,5.007765889167785645e-01
1.000000000000000000e+00,5.014501810073852539e-01
1.000000000000000000e+00,4.441720247268676758e-01
1.000000000000000000e+00,4.186013936996459961e-01
1.000000000000000000e+00,4.553281366825103760e-01
1.000000000000000000e+00,4.275243580341339111e-01
1.000000000000000000e+00,4.404576420783996582e-01
1.000000000000000000e+00,4.069828987121582031e-01
1.000000000000000000e+00,4.523115456104278564e-01
1.000000000000000000e+00,4.583983421325683594e-01
1.000000000000000000e+00,4.462594985961914062e-01
1.000000000000000000e+00,5.191350579261779785e-01
1.000000000000000000e+00,4.640796780586242676e-01
1.000000000000000000e+00,4.481177330017089844e-01
1.000000000000000000e+00,4.105150997638702393e-01
1.000000000000000000e+00,3.893558979034423828e-01
1.000000000000000000e+00,3.489874601364135742e-01
1.000000000000000000e+00,4.044220447540283203e-01
1.000000000000000000e+00,3.769117593765258789e-01
1.000000000000000000e+00,4.795098900794982910e-01
1.000000000000000000e+00,3.609001636505126953e-01
1.000000000000000000e+00,4.016572535037994385e-01
1.000000000000000000e+00,3.592764735221862793e-01
1.000000000000000000e+00,4.458261132240295410e-01
1.000000000000000000e+00,4.722008109092712402e-01
1.000000000000000000e+00,5.103559494018554688e-01
1.000000000000000000e+00,4.245498776435852051e-01
1.000000000000000000e+00,4.942761063575744629e-01
1.000000000000000000e+00,3.155586421489715576e-01
1.000000000000000000e+00,4.055165946483612061e-01
1.000000000000000000e+00,4.509579241275787354e-01
1.000000000000000000e+00,3.578946590423583984e-01
1.000000000000000000e+00,4.099958539009094238e-01
1.000000000000000000e+00,3.650720417499542236e-01
1.000000000000000000e+00,4.126794338226318359e-01
1.000000000000000000e+00,3.773992955684661865e-01
1.000000000000000000e+00,3.990256786346435547e-01
1.000000000000000000e+00,3.803615272045135498e-01
1.000000000000000000e+00,3.351924121379852295e-01
1.000000000000000000e+00,4.191279411315917969e-01
1.000000000000000000e+00,3.834410011768341064e-01
1.000000000000000000e+00,3.815957903861999512e-01
1.000000000000000000e+00,3.869498372077941895e-01
1.000000000000000000e+00,4.266598224639892578e-01
1.000000000000000000e+00,4.479143321514129639e-01
1.000000000000000000e+00,4.226488471031188965e-01
1.000000000000000000e+00,3.914622962474822998e-01
1.000000000000000000e+00,4.487304091453552246e-01
1.000000000000000000e+00,3.616742789745330811e-01
1.000000000000000000e+00,3.735278844833374023e-01
1.000000000000000000e+00,3.937532007694244385e-01
1.000000000000000000e+00,4.689916968345642090e-01
1.000000000000000000e+00,5.169289708137512207e-01
1.000000000000000000e+00,3.257757425308227539e-01
1.000000000000000000e+00,4.571094214916229248e-01
1.000000000000000000e+00,3.620011508464813232e-01
1.000000000000000000e+00,4.108582139015197754e-01
1.000000000000000000e+00,4.073469042778015137e-01
1.000000000000000000e+00,4.524370431900024414e-01
1.000000000000000000e+00,4.331259131431579590e-01
1.000000000000000000e+00,4.390287399291992188e-01
1.000000000000000000e+00,3.943271040916442871e-01
1.000000000000000000e+00,3.980180323123931885e-01
1.000000000000000000e+00,4.213922023773193359e-01
1.000000000000000000e+00,3.986773490905761719e-01
1.000000000000000000e+00,4.481559693813323975e-01
1.000000000000000000e+00,3.541410565376281738e-01
1.000000000000000000e+00,4.798204302787780762e-01
1.000000000000000000e+00,5.162112712860107422e-01
1.000000000000000000e+00,4.447264671325683594e-01
1.000000000000000000e+00,4.157760143280029297e-01
1.000000000000000000e+00,4.150803983211517334e-01
1.000000000000000000e+00,4.604902267456054688e-01
1.000000000000000000e+00,4.698404669761657715e-01
1.000000000000000000e+00,3.847443461418151855e-01
1.000000000000000000e+00,4.433485567569732666e-01
1.000000000000000000e+00,4.851221442222595215e-01
1.000000000000000000e+00,4.987771213054656982e-01
1.000000000000000000e+00,4.934714138507843018e-01
1.000000000000000000e+00,4.378747344017028809e-01
1.000000000000000000e+00,3.885962069034576416e-01
1.000000000000000000e+00,3.925447165966033936e-01
1.000000000000000000e+00,3.783658146858215332e-01
1.000000000000000000e+00,3.913444876670837402e-01
1.000000000000000000e+00,3.780667781829833984e-01
1.000000000000000000e+00,4.005936980247497559e-01
1.000000000000000000e+00,4.511697888374328613e-01
1.000000000000000000e+00,5.532987713813781738e-01
1.000000000000000000e+00,4.254698753356933594e-01
1.000000000000000000e+00,4.698674082756042480e-01
1.000000000000000000e+00,4.745782613754272461e-01
1.000000000000000000e+00,3.997170329093933105e-01
1.000000000000000000e+00,4.550610780715942383e-01
1.000000000000000000e+00,4.077746272087097168e-01
1.000000000000000000e+00,4.515934288501739502e-01
1.000000000000000000e+00,4.739093184471130371e-01
1.000000000000000000e+00,3.744671940803527832e-01
1.000000000000000000e+00,4.196270406246185303e-01
1.000000000000000000e+00,4.466745257377624512e-01
1.000000000000000000e+00,4.508164823055267334e-01
1.000000000000000000e+00,4.250465929508209229e-01
1.000000000000000000e+00,4.755551517009735107e-01
1.000000000000000000e+00,3.766611218452453613e-01
1.000000000000000000e+00,3.643723726272583008e-01
1.000000000000000000e+00,4.264298081398010254e-01
1.000000000000000000e+00,4.333489835262298584e-01
1.000000000000000000e+00,4.791060388088226318e-01
1.000000000000000000e+00,4.857807159423828125e-01
1.000000000000000000e+00,4.306119084358215332e-01
1.000000000000000000e+00,4.455327689647674561e-01
1.000000000000000000e+00,3.359854817390441895e-01
1.000000000000000000e+00,5.053377747535705566e-01
1.000000000000000000e+00,4.273635149002075195e-01
1.000000000000000000e+00,3.563289046287536621e-01
1.000000000000000000e+00,4.728893041610717773e-01
1.000000000000000000e+00,3.945259749889373779e-01
1.000000000000000000e+00,4.158045053482055664e-01
1.000000000000000000e+00,3.993293046951293945e-01
1.000000000000000000e+00,3.994365036487579346e-01
1.000000000000000000e+00,4.430896639823913574e-01
1.000000000000000000e+00,3.319270014762878418e-01
1.000000000000000000e+00,4.027127325534820557e-01
1.000000000000000000e+00,4.455377459526062012e-01
1.000000000000000000e+00,4.212892949581146240e-01
1.000000000000000000e+00,4.156847000122070312e-01
1.000000000000000000e+00,3.711626231670379639e-01
1.000000000000000000e+00,4.504845142364501953e-01
1.000000000000000000e+00,4.004374742507934570e-01
1.000000000000000000e+00,4.237149357795715332e-01
1.000000000000000000e+00,4.583024978637695312e-01
1.000000000000000000e+00,3.698090016841888428e-01
1.000000000000000000e+00,4.061265587806701660e-01
1.000000000000000000e+00,3.781555593013763428e-01
1.000000000000000000e+00,4.500234723091125488e-01
1.000000000000000000e+00,3.858758211135864258e-01
1.000000000000000000e+00,4.995412826538085938e-01
1.000000000000000000e+00,3.439809679985046387e-01
1.000000000000000000e+00,4.672262072563171387e-01
1.000000000000000000e+00,3.875471353530883789e-01
1.000000000000000000e+00,3.701625466346740723e-01
1.000000000000000000e+00,4.269847273826599121e-01
1.000000000000000000e+00,4.302569031715393066e-01
1.000000000000000000e+00,4.298315048217773438e-01
1.000000000000000000e+00,3.906095623970031738e-01
1.000000000000000000e+00,4.094749093055725098e-01
1.000000000000000000e+00,3.951227068901062012e-01
1.000000000000000000e+00,5.024546980857849121e-01
1.000000000000000000e+00,3.493691682815551758e-01
1.000000000000000000e+00,3.924887776374816895e-01
1.000000000000000000e+00,4.931764900684356689e-01
1.000000000000000000e+00,3.746564090251922607e-01
1.000000000000000000e+00,4.733923971652984619e-01
1.000000000000000000e+00,4.897241592407226562e-01
1.000000000000000000e+00,3.997490406036376953e-01
1.000000000000000000e+00,3.747161924839019775e-01
1.000000000000000000e+00,3.768227100372314453e-01
1.000000000000000000e+00,5.007658004760742188e-01
1.000000000000000000e+00,3.897149562835693359e-01
1.000000000000000000e+00,3.567091226577758789e-01
1.000000000000000000e+00,4.067385196685791016e-01
1.000000000000000000e+00,4.739939272403717041e-01
1.000000000000000000e+00,5.125672221183776855e-01
1.000000000000000000e+00,4.550180435180664062e-01
1.000000000000000000e+00,4.909656643867492676e-01
1.000000000000000000e+00,4.545172452926635742e-01
1.000000000000000000e+00,4.166423380374908447e-01
1.000000000000000000e+00,4.751161634922027588e-01
1.000000000000000000e+00,3.999543190002441406e-01
1.000000000000000000e+00,4.331837594509124756e-01
1.000000000000000000e+00,4.548617005348205566e-01
1.000000000000000000e+00,4.903681278228759766e-01
1.000000000000000000e+00,3.693151772022247314e-01
1.000000000000000000e+00,4.358559250831604004e-01
1.000000000000000000e+00,4.612044095993041992e-01
1.000000000000000000e+00,4.603106379508972168e-01
1.000000000000000000e+00,3.701398372650146484e-01
1.000000000000000000e+00,3.930690288543701172e-01
1.000000000000000000e+00,3.927509188652038574e-01
1.000000000000000000e+00,3.637104630470275879e-01
1.000000000000000000e+00,4.804269671440124512e-01
1.000000000000000000e+00,4.760161638259887695e-01
1.000000000000000000e+00,4.867774844169616699e-01
1.000000000000000000e+00,4.452859759330749512e-01
1.000000000000000000e+00,3.188455700874328613e-01
1.000000000000000000e+00,3.771419823169708252e-01
1.000000000000000000e+00,4.324209094047546387e-01
1.000000000000000000e+00,3.922316730022430420e-01
1.000000000000000000e+00,4.121145904064178467e-01
1.000000000000000000e+00,3.942880034446716309e-01
1.000000000000000000e+00,3.965631425380706787e-01
1.000000000000000000e+00,3.787048757076263428e-01
1.000000000000000000e+00,3.757120370864868164e-01
1.000000000000000000e+00,3.919534087181091309e-01
1.000000000000000000e+00,4.131770133972167969e-01
1.000000000000000000e+00,3.717926144599914551e-01
1.000000000000000000e+00,4.248904585838317871e-01
1.000000000000000000e+00,3.927857577800750732e-01
1.000000000000000000e+00,4.114112257957458496e-01
1.000000000000000000e+00,4.755042493343353271e-01
1.000000000000000000e+00,4.838331341743469238e-01
1.000000000000000000e+00,4.408546388149261475e-01
1.000000000000000000e+00,3.494941890239715576e-01
1.000000000000000000e+00,4.299516975879669189e-01
1.000000000000000000e+00,3.718456923961639404e-01
1.000000000000000000e+00,3.864093720912933350e-01
1.000000000000000000e+00,4.232487082481384277e-01
1.000000000000000000e+00,4.603053629398345947e-01
1.000000000000000000e+00,3.883441686630249023e-01
1.000000000000000000e+00,3.655164837837219238e-01
1.000000000000000000e+00,3.702619075775146484e-01
1.000000000000000000e+00,4.271377027034759521e-01
1.000000000000000000e+00,4.094594419002532959e-01
1.000000000000000000e+00,4.422526955604553223e-01
1.000000000000000000e+00,4.909846484661102295e-01
1.000000000000000000e+00,4.916206002235412598e-01
1.000000000000000000e+00,3.945803642272949219e-01
1.000000000000000000e+00,4.373629391193389893e-01
1.000000000000000000e+00,5.066368579864501953e-01
1.000000000000000000e+00,3.744810819625854492e-01
1.000000000000000000e+00,3.652867674827575684e-01
1.000000000000000000e+00,4.647054076194763184e-01
1.000000000000000000e+00,5.080042481422424316e-01
1.000000000000000000e+00,4.396986663341522217e-01
1.000000000000000000e+00,5.846575498580932617e-01
1.000000000000000000e+00,4.362468719482421875e-01
1.000000000000000000e+00,3.372806906700134277e-01
1.000000000000000000e+00,3.654123842716217041e-01
1.000000000000000000e+00,3.838506042957305908e-01
1.000000000000000000e+00,4.752511978149414062e-01
1.000000000000000000e+00,3.871856927871704102e-01
1.000000000000000000e+00,3.782294392585754395e-01
1.000000000000000000e+00,4.484744369983673096e-01
1.000000000000000000e+00,3.596518635749816895e-01
1.000000000000000000e+00,3.887961506843566895e-01
1.000000000000000000e+00,4.011235237121582031e-01
1.000000000000000000e+00,4.846013188362121582e-01
1.000000000000000000e+00,4.166424572467803955e-01
1.000000000000000000e+00,5.486634969711303711e-01
1.000000000000000000e+00,4.115228056907653809e-01
1.000000000000000000e+00,4.648764133453369141e-01
1.000000000000000000e+00,4.306499660015106201e-01
1.000000000000000000e+00,4.173287153244018555e-01
1.000000000000000000e+00,4.252703487873077393e-01
1.000000000000000000e+00,5.204689502716064453e-01
1.000000000000000000e+00,4.670749902725219727e-01
1.000000000000000000e+00,4.258801937103271484e-01
1.000000000000000000e+00,4.123444557189941406e-01
1.000000000000000000e+00,4.256581068038940430e-01
1.000000000000000000e+00,4.003732204437255859e-01
1.000000000000000000e+00,4.244623184204101562e-01
1.000000000000000000e+00,3.724804818630218506e-01
1.000000000000000000e+00,3.923169970512390137e-01
1.000000000000000000e+00,3.433398902416229248e-01
1.000000000000000000e+00,4.615817666053771973e-01
1.000000000000000000e+00,3.405913710594177246e-01
1.000000000000000000e+00,4.311786890029907227e-01
1.000000000000000000e+00,4.304284155368804932e-01
1.000000000000000000e+00,4.219245016574859619e-01
1.000000000000000000e+00,4.457423686981201172e-01
1.000000000000000000e+00,4.216057062149047852e-01
1.000000000000000000e+00,4.035537242889404297e-01
1.000000000000000000e+00,3.832538425922393799e-01
1.000000000000000000e+00,5.239439606666564941e-01
1.000000000000000000e+00,3.815547525882720947e-01
1.000000000000000000e+00,4.681361615657806396e-01
1.000000000000000000e+00,4.097760915756225586e-01
1.000000000000000000e+00,4.537539184093475342e-01
1.000000000000000000e+00,5.067532658576965332e-01
1.000000000000000000e+00,4.451107084751129150e-01
1.000000000000000000e+00,5.799802541732788086e-01
1.000000000000000000e+00,4.519481360912322998e-01
1.000000000000000000e+00,4.476296901702880859e-01
1.000000000000000000e+00,4.267977476119995117e-01
1.000000000000000000e+00,4.321135282516479492e-01
1.000000000000000000e+00,3.563881218433380127e-01
1.000000000000000000e+00,4.369982779026031494e-01
1.000000000000000000e+00,4.189011156558990479e-01
1.000000000000000000e+00,4.154716730117797852e-01
1.000000000000000000e+00,4.736950397491455078e-01
1.000000000000000000e+00,3.747245669364929199e-01
1.000000000000000000e+00,3.877684175968170166e-01
1.000000000000000000e+00,4.265462160110473633e-01
1.000000000000000000e+00,5.355443954467773438e-01
1.000000000000000000e+00,3.652436733245849609e-01
1.000000000000000000e+00,4.786183834075927734e-01
1.000000000000000000e+00,3.232743442058563232e-01
1.000000000000000000e+00,3.624212145805358887e-01
1.000000000000000000e+00,3.744222223758697510e-01
1.000000000000000000e+00,5.028069019317626953e-01
1.000000000000000000e+00,4.369071722030639648e-01
1.000000000000000000e+00,3.602076172828674316e-01
1.000000000000000000e+00,3.632920980453491211e-01
1.000000000000000000e+00,3.812273442745208740e-01
1.000000000000000000e+00,4.031213223934173584e-01
1.000000000000000000e+00,4.583836495876312256e-01
1.000000000000000000e+00,4.439193606376647949e-01
1.000000000000000000e+00,3.872479796409606934e-01
1.000000000000000000e+00,3.926177620887756348e-01
1.000000000000000000e+00,3.907196521759033203e-01
1.000000000000000000e+00,4.133502840995788574e-01
1.000000000000000000e+00,4.481046795845031738e-01
1.000000000000000000e+00,3.919870257377624512e-01
1.000000000000000000e+00,3.633202016353607178e-01
1.000000000000000000e+00,3.741927742958068848e-01
1.000000000000000000e+00,5.126307010650634766e-01
1.000000000000000000e+00,4.427993893623352051e-01
1.000000000000000000e+00,4.025592803955078125e-01
1.000000000000000000e+00,4.230592250823974609e-01
1.000000000000000000e+00,4.900336265563964844e-01
1.000000000000000000e+00,4.925242662429809570e-01
1.000000000000000000e+00,3.674210608005523682e-01
1.000000000000000000e+00,3.491080403327941895e-01
1.000000000000000000e+00,3.822143971920013428e-01
1.000000000000000000e+00,3.608433604240417480e-01
1.000000000000000000e+00,4.297239780426025391e-01
1.000000000000000000e+00,4.474462568759918213e-01
1.000000000000000000e+00,4.515968561172485352e-01
1.000000000000000000e+00,3.443045914173126221e-01
1.000000000000000000e+00,3.357448577880859375e-01
1.000000000000000000e+00,4.014186859130859375e-01
1.000000000000000000e+00,4.585891067981719971e-01
1.000000000000000000e+00,4.297347664833068848e-01
1.000000000000000000e+00,3.541450500488281250e-01
1.000000000000000000e+00,4.317523539066314697e-01
1.000000000000000000e+00,4.474412500858306885e-01
1.000000000000000000e+00,3.841676712036132812e-01
1.000000000000000000e+00,3.874738514423370361e-01
1.000000000000000000e+00,3.567888140678405762e-01
1.000000000000000000e+00,4.798884093761444092e-01
1.000000000000000000e+00,4.319136440753936768e-01
1.000000000000000000e+00,4.337590932846069336e-01
1.000000000000000000e+00,4.517144560813903809e-01
1.000000000000000000e+00,4.220111370086669922e-01
1.000000000000000000e+00,4.915733337402343750e-01
1.000000000000000000e+00,3.826484382152557373e-01
1.000000000000000000e+00,3.819317817687988281e-01
1.000000000000000000e+00,5.313726067543029785e-01
1.000000000000000000e+00,3.906094133853912354e-01
1.000000000000000000e+00,4.318126738071441650e-01
1.000000000000000000e+00,4.888620674610137939e-01
1.000000000000000000e+00,4.448110461235046387e-01
1.000000000000000000e+00,4.030357003211975098e-01
1.000000000000000000e+00,3.483509421348571777e-01
1.000000000000000000e+00,4.125781953334808350e-01
1.000000000000000000e+00,3.800975382328033447e-01
1.000000000000000000e+00,4.299798011779785156e-01
1.000000000000000000e+00,5.072164535522460938e-01
1.000000000000000000e+00,4.525826573371887207e-01
1.000000000000000000e+00,3.739684820175170898e-01
1.000000000000000000e+00,4.738719463348388672e-01
1.000000000000000000e+00,3.609596490859985352e-01
1.000000000000000000e+00,4.094747602939605713e-01
1.000000000000000000e+00,4.513273537158966064e-01
1.000000000000000000e+00,4.565709829330444336e-01
1.000000000000000000e+00,4.417861104011535645e-01
1.000000000000000000e+00,4.424389004707336426e-01
1.000000000000000000e+00,3.376944065093994141e-01
1.000000000000000000e+00,4.348906278610229492e-01
1.000000000000000000e+00,4.501015841960906982e-01
1.000000000000000000e+00,4.422860741615295410e-01
1.000000000000000000e+00,4.544591903686523438e-01
1.000000000000000000e+00,3.682580292224884033e-01
1.000000000000000000e+00,4.110387861728668213e-01
1.000000000000000000e+00,3.680757284164428711e-01
1.000000000000000000e+00,3.538525700569152832e-01
1.000000000000000000e+00,4.426249265670776367e-01
1.000000000000000000e+00,3.918741345405578613e-01
1.000000000000000000e+00,5.528296828269958496e-01
1.000000000000000000e+00,3.707065284252166748e-01
1.000000000000000000e+00,4.137877821922302246e-01
1.000000000000000000e+00,4.969703257083892822e-01
1.000000000000000000e+00,4.118442535400390625e-01
1.000000000000000000e+00,4.221954047679901123e-01
1.000000000000000000e+00,4.725484848022460938e-01
1.000000000000000000e+00,4.933099448680877686e-01
1.000000000000000000e+00,4.161655306816101074e-01
1.000000000000000000e+00,3.983893394470214844e-01
1.000000000000000000e+00,4.527904391288757324e-01
1.000000000000000000e+00,3.914609253406524658e-01
1.000000000000000000e+00,4.384938776493072510e-01
1.000000000000000000e+00,4.366117417812347412e-01
1.000000000000000000e+00,4.622108340263366699e-01
1.000000000000000000e+00,5.310751199722290039e-01
1.000000000000000000e+00,4.140247702598571777e-01
1.000000000000000000e+00,4.624718427658081055e-01
1.000000000000000000e+00,4.160463213920593262e-01
1.000000000000000000e+00,4.311673939228057861e-01
1.000000000000000000e+00,3.437258601188659668e-01
1.000000000000000000e+00,4.058785140514373779e-01
1.000000000000000000e+00,3.381757140159606934e-01
1.000000000000000000e+00,4.015207290649414062e-01
1.000000000000000000e+00,4.390481114387512207e-01
1.000000000000000000e+00,3.574946820735931396e-01
1.000000000000000000e+00,3.896194994449615479e-01
1.000000000000000000e+00,5.034118294715881348e-01
1.000000000000000000e+00,3.713181316852569580e-01
1.000000000000000000e+00,4.862870275974273682e-01
1.000000000000000000e+00,5.694391727447509766e-01
1.000000000000000000e+00,3.887874782085418701e-01
1.000000000000000000e+00,4.731161892414093018e-01
1.000000000000000000e+00,4.601430296897888184e-01
1.000000000000000000e+00,2.890593409538269043e-01
1.000000000000000000e+00,3.985139131546020508e-01
1.000000000000000000e+00,4.079335033893585205e-01
1.000000000000000000e+00,3.853057026863098145e-01
1.000000000000000000e+00,3.757758438587188721e-01
1.000000000000000000e+00,3.814509809017181396e-01
1.000000000000000000e+00,3.881564140319824219e-01
1.000000000000000000e+00,4.148599207401275635e-01
1.000000000000000000e+00,4.258915483951568604e-01
1.000000000000000000e+00,4.580550789833068848e-01
1.000000000000000000e+00,4.903310537338256836e-01
1.000000000000000000e+00,3.767968714237213135e-01
1.000000000000000000e+00,4.035087227821350098e-01
1.000000000000000000e+00,4.039719104766845703e-01
1.000000000000000000e+00,5.114310979843139648e-01
1.000000000000000000e+00,4.231082797050476074e-01
1.000000000000000000e+00,4.570187032222747803e-01
1.000000000000000000e+00,4.483996033668518066e-01
1.000000000000000000e+00,3.579767048358917236e-01
1.000000000000000000e+00,3.738455176353454590e-01
1.000000000000000000e+00,3.764165639877319336e-01
1.000000000000000000e+00,4.505521059036254883e-01
1.000000000000000000e+00,3.883920013904571533e-01
1.000000000000000000e+00,4.393946826457977295e-01
1.000000000000000000e+00,3.852213919162750244e-01
1.000000000000000000e+00,3.619859218597412109e-01
1.000000000000000000e+00,3.928285837173461914e-01
1.000000000000000000e+00,3.701295852661132812e-01
1.000000000000000000e+00,4.033048450946807861e-01
1.000000000000000000e+00,3.953163027763366699e-01
1.000000000000000000e+00,3.814535737037658691e-01
1.000000000000000000e+00,3.786767721176147461e-01
1.000000000000000000e+00,4.049456119537353516e-01
1.000000000000000000e+00,3.647047877311706543e-01
1.000000000000000000e+00,4.388091862201690674e-01
1.000000000000000000e+00,4.887255430221557617e-01
1.000000000000000000e+00,4.097706079483032227e-01
1.000000000000000000e+00,4.090495705604553223e-01
1.000000000000000000e+00,4.995398521423339844e-01
1.000000000000000000e+00,4.336494803428649902e-01
1.000000000000000000e+00,4.668013155460357666e-01
1.000000000000000000e+00,4.073671698570251465e-01
1.000000000000000000e+00,4.113096594810485840e-01
1.000000000000000000e+00,5.095026493072509766e-01
1.000000000000000000e+00,4.387882053852081299e-01
1.000000000000000000e+00,4.256789982318878174e-01
1.000000000000000000e+00,4.945658445358276367e-01
1.000000000000000000e+00,4.458724260330200195e-01
1.000000000000000000e+00,4.010483622550964355e-01
1.000000000000000000e+00,4.563411474227905273e-01
1.000000000000000000e+00,4.045851230621337891e-01
1.000000000000000000e+00,4.247506856918334961e-01
1.000000000000000000e+00,5.222272276878356934e-01
1.000000000000000000e+00,5.520406961441040039e-01
1.000000000000000000e+00,5.809935331344604492e-01
1.000000000000000000e+00,4.512221217155456543e-01
1.000000000000000000e+00,3.976547122001647949e-01
1.000000000000000000e+00,4.170382618904113770e-01
1.000000000000000000e+00,4.603971838951110840e-01
1.000000000000000000e+00,4.727052450180053711e-01
1.000000000000000000e+00,5.146894454956054688e-01
1.000000000000000000e+00,3.873944878578186035e-01
1.000000000000000000e+00,5.029361248016357422e-01
1.000000000000000000e+00,4.275056719779968262e-01
1.000000000000000000e+00,4.658074378967285156e-01
1.000000000000000000e+00,3.849861025810241699e-01
1.000000000000000000e+00,4.468054771423339844e-01
1.000000000000000000e+00,3.665800094604492188e-01
1.000000000000000000e+00,3.441188335418701172e-01
1.000000000000000000e+00,4.341125488281250000e-01
1.000000000000000000e+00,3.484867215156555176e-01
1.000000000000000000e+00,5.725845098495483398e-01
1.000000000000000000e+00,4.147462546825408936e-01
1.000000000000000000e+00,3.602350354194641113e-01
1.000000000000000000e+00,4.497862756252288818e-01
1.000000000000000000e+00,5.123876929283142090e-01
1.000000000000000000e+00,4.241213202476501465e-01
1.000000000000000000e+00,3.961230516433715820e-01
1.000000000000000000e+00,4.545986056327819824e-01
1.000000000000000000e+00,3.927325904369354248e-01
1.000000000000000000e+00,4.747644662857055664e-01
1.000000000000000000e+00,4.371513128280639648e-01
1.000000000000000000e+00,4.960368871688842773e-01
1.000000000000000000e+00,4.588584899902343750e-01
1.000000000000000000e+00,5.257285237312316895e-01
1.000000000000000000e+00,4.068582355976104736e-01
1.000000000000000000e+00,4.326096773147583008e-01
1.000000000000000000e+00,4.683432877063751221e-01
1.000000000000000000e+00,4.829275906085968018e-01
1.000000000000000000e+00,3.746479153633117676e-01
1.000000000000000000e+00,4.424675107002258301e-01
1.000000000000000000e+00,4.217391312122344971e-01
1.000000000000000000e+00,5.429831743240356445e-01
1.000000000000000000e+00,4.162657558917999268e-01
1.000000000000000000e+00,4.029802680015563965e-01
1.000000000000000000e+00,3.921876549720764160e-01
1.000000000000000000e+00,4.212106466293334961e-01
1.000000000000000000e+00,3.315513730049133301e-01
1.000000000000000000e+00,4.082555174827575684e-01
1.000000000000000000e+00,3.823446631431579590e-01
1.000000000000000000e+00,5.440065264701843262e-01
1.000000000000000000e+00,4.168317914009094238e-01
1.000000000000000000e+00,4.598215222358703613e-01
1.000000000000000000e+00,3.534529507160186768e-01
1.000000000000000000e+00,3.876945972442626953e-01
1.000000000000000000e+00,4.071126878261566162e-01
1.000000000000000000e+00,4.020282924175262451e-01
1.000000000000000000e+00,3.844684660434722900e-01
1.000000000000000000e+00,4.070374071598052979e-01
1.000000000000000000e+00,4.337487816810607910e-01
1.000000000000000000e+00,4.149822592735290527e-01
1.000000000000000000e+00,4.450529217720031738e-01
1.000000000000000000e+00,3.858619332313537598e-01
1.000000000000000000e+00,4.100491404533386230e-01
1.000000000000000000e+00,3.692798912525177002e-01
1.000000000000000000e+00,4.162762165069580078e-01
1.000000000000000000e+00,3.811722993850708008e-01
1.000000000000000000e+00,4.545550048351287842e-01
1.000000000000000000e+00,5.034478902816772461e-01
1.000000000000000000e+00,4.775210916996002197e-01
1.000000000000000000e+00,4.129129946231842041e-01
1.000000000000000000e+00,4.704979658126831055e-01
1.000000000000000000e+00,4.385944306850433350e-01
1.000000000000000000e+00,3.271805644035339355e-01
1.000000000000000000e+00,3.951134383678436279e-01
1.000000000000000000e+00,4.005269408226013184e-01
1.000000000000000000e+00,4.239746034145355225e-01
1.000000000000000000e+00,4.431760609149932861e-01
1.000000000000000000e+00,4.681206941604614258e-01
1.000000000000000000e+00,3.518985509872436523e-01
1.000000000000000000e+00,4.167175292968750000e-01
1.000000000000000000e+00,4.346148073673248291e-01
1.000000000000000000e+00,3.679422736167907715e-01
1.000000000000000000e+00,4.289435446262359619e-01
1.000000000000000000e+00,4.636692404747009277e-01
1.000000000000000000e+00,4.543883800506591797e-01
1.000000000000000000e+00,4.040966629981994629e-01
1.000000000000000000e+00,3.945308327674865723e-01
1.000000000000000000e+00,3.968535065650939941e-01
1.000000000000000000e+00,4.490399956703186035e-01
1.000000000000000000e+00,4.605103135108947754e-01
1.000000000000000000e+00,4.589290916919708252e-01
1.000000000000000000e+00,4.297286272048950195e-01
1.000000000000000000e+00,4.223656356334686279e-01
1.000000000000000000e+00,4.447035193443298340e-01
1.000000000000000000e+00,4.398972392082214355e-01
1.000000000000000000e+00,4.927514791488647461e-01
1.000000000000000000e+00,4.500288069248199463e-01
1.000000000000000000e+00,3.855728507041931152e-01
1.000000000000000000e+00,3.848357200622558594e-01
1.000000000000000000e+00,3.897555172443389893e-01
1.000000000000000000e+00,4.125449657440185547e-01
1.000000000000000000e+00,4.596410095691680908e-01
1.000000000000000000e+00,3.830438256263732910e-01
