label,score
0.000000000000000000e+00,3.258006572723388672e-01
0.000000000000000000e+00,3.470850288867950439e-01
0.000000000000000000e+00,1.762871593236923218e-01
0.000000000000000000e+00,2.039033770561218262e-01
0.000000000000000000e+00,1.986162662506103516e-01
0.000000000000000000e+00,1.394656896591186523e-01
0.000000000000000000e+00,1.993260681629180908e-01
0.000000000000000000e+00,1.439714580774307251e-01
0.000000000000000000e+00,1.815218627452850342e-01
0.000000000000000000e+00,1.633370518684387207e-01
0.000000000000000000e+00,1.736476719379425049e-01
0.000000000000000000e+00,1.482378840446472168e-01
0.000000000000000000e+00,2.835049331188201904e-01
0.000000000000000000e+00,2.071096003055572510e-01
0.000000000000000000e+00,1.861359179019927979e-01
0.000000000000000000e+00,1.159495860338211060e-01
0.000000000000000000e+00,1.516501009464263916e-01
0.000000000000000000e+00,1.815645992755889893e-01
0.000000000000000000e+00,1.402774155139923096e-01
0.000000000000000000e+00,1.462814062833786011e-01
0.000000000000000000e+00,1.827766299247741699e-01
0.000000000000000000e+00,1.712398529052734375e-01
0.000000000000000000e+00,1.825993955135345459e-01
0.000000000000000000e+00,2.289646267890930176e-01
0.000000000000000000e+00,1.809410303831100464e-01
0.000000000000000000e+00,1.556703299283981323e-01
0.000000000000000000e+00,1.760104000568389893e-01
0.000000000000000000e+00,1.715632826089859009e-01
0.000000000000000000e+00,1.508330404758453369e-01
0.000000000000000000e+00,1.642052084207534790e-01
0.000000000000000000e+00,1.527885496616363525e-01
0.000000000000000000e+00,2.344788759946823120e-01
0.000000000000000000e+00,1.710582375526428223e-01
0.000000000000000000e+00,1.549139469861984253e-01
0.000000000000000000e+00,2.200162261724472046e-01
0.000000000000000000e+00,1.467548757791519165e-01
0.000000000000000000e+00,1.593911498785018921e-01
0.000000000000000000e+00,1.612345278263092041e-01
0.000000000000000000e+00,1.672054231166839600e-01
0.000000000000000000e+00,1.749375462532043457e-01
0.000000000000000000e+00,1.636183261871337891e-01
0.000000000000000000e+00,1.209918037056922913e-01
0.000000000000000000e+00,1.597380340099334717e-01
0.000000000000000000e+00,2.213252335786819458e-01
0.000000000000000000e+00,1.451376974582672119e-01
0.000000000000000000e+00,1.912931948900222778e-01
0.000000000000000000e+00,1.707939058542251587e-01
0.000000000000000000e+00,1.532129049301147461e-01
0.000000000000000000e+00,1.466415226459503174e-01
0.000000000000000000e+00,1.622560620307922363e-01
0.000000000000000000e+00,1.352368444204330444e-01
0.000000000000000000e+00,1.440157294273376465e-01
0.000000000000000000e+00,1.609394252300262451e-01
0.000000000000000000e+00,2.214622199535369873e-01
0.000000000000000000e+00,1.794112622737884521e-01
0.000000000000000000e+00,1.957764476537704468e-01
0.000000000000000000e+00,1.957795619964599609e-01
0.000000000000000000e+00,2.436589896678924561e-01
0.000000000000000000e+00,1.459955275058746338e-01
0.000000000000000000e+00,1.313019841909408569e-01
0.000000000000000000e+00,1.439669728279113770e-01
0.000000000000000000e+00,1.736617535352706909e-01
0.000000000000000000e+00,1.711874008178710938e-01
0.000000000000000000e+00,1.694041937589645386e-01
0.000000000000000000e+00,1.197818145155906677e-01
0.000000000000000000e+00,1.529915928840637207e-01
0.000000000000000000e+00,1.404571682214736938e-01
0.000000000000000000e+00,1.743580698966979980e-01
0.000000000000000000e+00,2.160064578056335449e-01
0.000000000000000000e+00,1.448009908199310303e-01
0.000000000000000000e+00,1.331525743007659912e-01
0.000000000000000000e+00,1.725581884384155273e-01
0.000000000000000000e+00,1.589754670858383179e-01
0.000000000000000000e+00,1.346452385187149048e-01
0.000000000000000000e+00,1.969318091869354248e-01
0.000000000000000000e+00,1.795706748962402344e-01
0.000000000000000000e+00,1.572052240371704102e-01
0.000000000000000000e+00,1.504116207361221313e-01
0.000000000000000000e+00,1.550180613994598389e-01
0.000000000000000000e+00,3.050095438957214355e-01
0.000000000000000000e+00,1.511231064796447754e-01
0.000000000000000000e+00,1.603009104728698730e-01
0.000000000000000000e+00,2.152870893478393555e-01
0.000000000000000000e+00,1.592055857181549072e-01
0.000000000000000000e+00,1.906683743000030518e-01
0.000000000000000000e+00,1.639333665370941162e-01
0.000000000000000000e+00,1.689498424530029297e-01
0.000000000000000000e+00,1.702942103147506714e-01
0.000000000000000000e+00,1.705089509487152100e-01
0.000000000000000000e+00,1.664835214614868164e-01
0.000000000000000000e+00,1.878085881471633911e-01
0.000000000000000000e+00,1.341243386268615723e-01
0.000000000000000000e+00,1.573938131332397461e-01
0.000000000000000000e+00,1.590683758258819580e-01
0.000000000000000000e+00,1.519889384508132935e-01
0.000000000000000000e+00,1.791337579488754272e-01
0.000000000000000000e+00,1.422624588012695312e-01
0.000000000000000000e+00,1.445143073797225952e-01
0.000000000000000000e+00,1.589692682027816772e-01
0.000000000000000000e+00,1.562717854976654053e-01
0.000000000000000000e+00,1.647916436195373535e-01
0.000000000000000000e+00,1.647265553474426270e-01
0.000000000000000000e+00,1.783156692981719971e-01
0.000000000000000000e+00,2.044181823730468750e-01
0.000000000000000000e+00,1.821646988391876221e-01
0.000000000000000000e+00,1.936753988265991211e-01
0.000000000000000000e+00,1.564318537712097168e-01
0.000000000000000000e+00,1.281759589910507202e-01
0.000000000000000000e+00,1.499484777450561523e-01
0.000000000000000000e+00,1.314266473054885864e-01
0.000000000000000000e+00,1.736476123332977295e-01
0.000000000000000000e+00,1.406233012676239014e-01
0.000000000000000000e+00,2.146377563476562500e-01
0.000000000000000000e+00,1.775981336832046509e-01
0.000000000000000000e+00,1.696691215038299561e-01
0.000000000000000000e+00,2.192611545324325562e-01
0.000000000000000000e+00,1.585803329944610596e-01
0.000000000000000000e+00,1.648735553026199341e-01
0.000000000000000000e+00,1.532105058431625366e-01
0.000000000000000000e+00,1.591333001852035522e-01
0.000000000000000000e+00,1.696966290473937988e-01
0.000000000000000000e+00,2.048001587390899658e-01
0.000000000000000000e+00,1.927006095647811890e-01
0.000000000000000000e+00,2.298139631748199463e-01
0.000000000000000000e+00,1.966695040464401245e-01
0.000000000000000000e+00,1.685868352651596069e-01
0.000000000000000000e+00,1.762528121471405029e-01
0.000000000000000000e+00,1.698655188083648682e-01
0.000000000000000000e+00,1.918934434652328491e-01
0.000000000000000000e+00,1.458932161331176758e-01
0.000000000000000000e+00,1.518925428390502930e-01
0.000000000000000000e+00,1.519102603197097778e-01
0.000000000000000000e+00,1.424886733293533325e-01
0.000000000000000000e+00,1.551298797130584717e-01
0.000000000000000000e+00,1.940844506025314331e-01
0.000000000000000000e+00,1.701338291168212891e-01
0.000000000000000000e+00,1.567277461290359497e-01
0.000000000000000000e+00,1.691554188728332520e-01
0.000000000000000000e+00,1.622814089059829712e-01
0.000000000000000000e+00,1.665775477886199951e-01
0.000000000000000000e+00,1.820159107446670532e-01
0.000000000000000000e+00,1.620272696018218994e-01
0.000000000000000000e+00,1.662434935569763184e-01
0.000000000000000000e+00,1.476523280143737793e-01
0.000000000000000000e+00,1.464875340461730957e-01
0.000000000000000000e+00,1.936357021331787109e-01
0.000000000000000000e+00,1.528864353895187378e-01
0.000000000000000000e+00,1.808587908744812012e-01
0.000000000000000000e+00,1.570271551609039307e-01
0.000000000000000000e+00,1.575407683849334717e-01
0.000000000000000000e+00,1.731517910957336426e-01
0.000000000000000000e+00,1.569261401891708374e-01
0.000000000000000000e+00,1.771229207515716553e-01
0.000000000000000000e+00,1.887884140014648438e-01
0.000000000000000000e+00,1.606168746948242188e-01
0.000000000000000000e+00,1.606878638267517090e-01
0.000000000000000000e+00,1.502355188131332397e-01
0.000000000000000000e+00,1.464690268039703369e-01
0.000000000000000000e+00,1.722472459077835083e-01
0.000000000000000000e+00,1.706444621086120605e-01
0.000000000000000000e+00,1.920313090085983276e-01
0.000000000000000000e+00,1.711142361164093018e-01
0.000000000000000000e+00,1.762206405401229858e-01
0.000000000000000000e+00,1.520594209432601929e-01
0.000000000000000000e+00,2.312597334384918213e-01
0.000000000000000000e+00,2.122927606105804443e-01
0.000000000000000000e+00,1.832864880561828613e-01
0.000000000000000000e+00,2.457485198974609375e-01
0.000000000000000000e+00,1.699562370777130127e-01
0.000000000000000000e+00,2.773360013961791992e-01
0.000000000000000000e+00,1.530171334743499756e-01
0.000000000000000000e+00,1.755812168121337891e-01
0.000000000000000000e+00,2.068781256675720215e-01
0.000000000000000000e+00,1.740061193704605103e-01
0.000000000000000000e+00,1.611622422933578491e-01
0.000000000000000000e+00,1.910383403301239014e-01
0.000000000000000000e+00,2.257731705904006958e-01
0.000000000000000000e+00,2.065113335847854614e-01
0.000000000000000000e+00,1.942799985408782959e-01
0.000000000000000000e+00,1.719372719526290894e-01
0.000000000000000000e+00,1.542543768882751465e-01
0.000000000000000000e+00,1.582692414522171021e-01
0.000000000000000000e+00,1.946763545274734497e-01
0.000000000000000000e+00,2.079341411590576172e-01
0.000000000000000000e+00,2.198764979839324951e-01
0.000000000000000000e+00,1.832252740859985352e-01
0.000000000000000000e+00,1.834567338228225708e-01
0.000000000000000000e+00,1.881266683340072632e-01
0.000000000000000000e+00,1.898150742053985596e-01
0.000000000000000000e+00,1.780649274587631226e-01
0.000000000000000000e+00,1.973677873611450195e-01
0.000000000000000000e+00,1.846519708633422852e-01
0.000000000000000000e+00,1.842474341392517090e-01
0.000000000000000000e+00,2.014379501342773438e-01
0.000000000000000000e+00,1.672144532203674316e-01
0.000000000000000000e+00,1.930808126926422119e-01
0.000000000000000000e+00,1.779013872146606445e-01
0.000000000000000000e+00,2.105518281459808350e-01
0.000000000000000000e+00,3.508081436157226562e-01
0.000000000000000000e+00,3.275516033172607422e-01
0.000000000000000000e+00,2.226155996322631836e-01
0.000000000000000000e+00,1.671923249959945679e-01
0.000000000000000000e+00,2.402888536453247070e-01
0.000000000000000000e+00,1.866934448480606079e-01
0.000000000000000000e+00,2.661539316177368164e-01
0.000000000000000000e+00,2.184007167816162109e-01
0.000000000000000000e+00,3.091080486774444580e-01
0.000000000000000000e+00,1.881060600280761719e-01
0.000000000000000000e+00,1.691229492425918579e-01
0.000000000000000000e+00,1.519821882247924805e-01
0.000000000000000000e+00,2.138209640979766846e-01
0.000000000000000000e+00,3.274289369583129883e-01
0.000000000000000000e+00,2.964978814125061035e-01
0.000000000000000000e+00,2.297943681478500366e-01
0.000000000000000000e+00,1.876232624053955078e-01
0.000000000000000000e+00,1.910297423601150513e-01
0.000000000000000000e+00,1.576293110847473145e-01
0.000000000000000000e+00,1.698192358016967773e-01
0.000000000000000000e+00,1.953316330909729004e-01
0.000000000000000000e+00,1.795269101858139038e-01
0.000000000000000000e+00,1.300076395273208618e-01
0.000000000000000000e+00,1.270839422941207886e-01
0.000000000000000000e+00,1.475261896848678589e-01
0.000000000000000000e+00,2.440230697393417358e-01
0.000000000000000000e+00,1.302832663059234619e-01
0.000000000000000000e+00,1.720500439405441284e-01
0.000000000000000000e+00,1.598759591579437256e-01
0.000000000000000000e+00,1.650480031967163086e-01
0.000000000000000000e+00,1.712638288736343384e-01
0.000000000000000000e+00,1.679781824350357056e-01
0.000000000000000000e+00,1.611393392086029053e-01
0.000000000000000000e+00,1.341006755828857422e-01
0.000000000000000000e+00,1.684023439884185791e-01
0.000000000000000000e+00,1.503730565309524536e-01
0.000000000000000000e+00,2.064626812934875488e-01
0.000000000000000000e+00,1.814750581979751587e-01
0.000000000000000000e+00,2.293964475393295288e-01
0.000000000000000000e+00,1.857102662324905396e-01
0.000000000000000000e+00,1.355074495077133179e-01
0.000000000000000000e+00,1.397007107734680176e-01
0.000000000000000000e+00,1.621149629354476929e-01
0.000000000000000000e+00,1.606229692697525024e-01
0.000000000000000000e+00,1.528031677007675171e-01
0.000000000000000000e+00,1.439793854951858521e-01
0.000000000000000000e+00,1.473332643508911133e-01
0.000000000000000000e+00,2.064264416694641113e-01
0.000000000000000000e+00,1.330724656581878662e-01
0.000000000000000000e+00,1.675291359424591064e-01
0.000000000000000000e+00,1.329535990953445435e-01
0.000000000000000000e+00,1.676604896783828735e-01
0.000000000000000000e+00,1.395821422338485718e-01
0.000000000000000000e+00,1.334482580423355103e-01
0.000000000000000000e+00,1.577365100383758545e-01
0.000000000000000000e+00,1.555566489696502686e-01
0.000000000000000000e+00,1.584320366382598877e-01
0.000000000000000000e+00,1.379704624414443970e-01
0.000000000000000000e+00,1.776569783687591553e-01
0.000000000000000000e+00,1.429935544729232788e-01
0.000000000000000000e+00,1.318801045417785645e-01
0.000000000000000000e+00,1.366514861583709717e-01
0.000000000000000000e+00,1.572832465171813965e-01
0.000000000000000000e+00,1.616904735565185547e-01
0.000000000000000000e+00,1.646638810634613037e-01
0.000000000000000000e+00,1.443812698125839233e-01
0.000000000000000000e+00,1.275759637355804443e-01
0.000000000000000000e+00,1.608023047447204590e-01
0.000000000000000000e+00,1.337653845548629761e-01
0.000000000000000000e+00,1.818449646234512329e-01
0.000000000000000000e+00,1.419087350368499756e-01
0.000000000000000000e+00,1.598081290721893311e-01
0.000000000000000000e+00,1.387080848217010498e-01
0.000000000000000000e+00,1.477565169334411621e-01
0.000000000000000000e+00,1.628285944461822510e-01
0.000000000000000000e+00,1.834785491228103638e-01
0.000000000000000000e+00,1.594310104846954346e-01
0.000000000000000000e+00,1.424355804920196533e-01
0.000000000000000000e+00,1.410958468914031982e-01
0.000000000000000000e+00,1.615851819515228271e-01
0.000000000000000000e+00,2.596737742424011230e-01
0.000000000000000000e+00,1.623345911502838135e-01
0.000000000000000000e+00,1.369969993829727173e-01
0.000000000000000000e+00,1.950777024030685425e-01
0.000000000000000000e+00,2.071270346641540527e-01
0.000000000000000000e+00,1.796004176139831543e-01
0.000000000000000000e+00,3.572400510311126709e-01
0.000000000000000000e+00,1.770860850811004639e-01
0.000000000000000000e+00,1.524890065193176270e-01
0.000000000000000000e+00,1.705731749534606934e-01
0.000000000000000000e+00,1.926774233579635620e-01
0.000000000000000000e+00,1.592211574316024780e-01
0.000000000000000000e+00,1.860675215721130371e-01
0.000000000000000000e+00,1.765679717063903809e-01
0.000000000000000000e+00,1.782932281494140625e-01
0.000000000000000000e+00,2.104503065347671509e-01
0.000000000000000000e+00,1.883981674909591675e-01
0.000000000000000000e+00,1.911305487155914307e-01
0.000000000000000000e+00,1.685465276241302490e-01
0.000000000000000000e+00,1.539778858423233032e-01
0.000000000000000000e+00,1.618718057870864868e-01
0.000000000000000000e+00,1.796647757291793823e-01
0.000000000000000000e+00,1.820997595787048340e-01
0.000000000000000000e+00,1.688950210809707642e-01
0.000000000000000000e+00,1.458890587091445923e-01
0.000000000000000000e+00,1.733328700065612793e-01
0.000000000000000000e+00,1.863353550434112549e-01
0.000000000000000000e+00,2.017890363931655884e-01
0.000000000000000000e+00,2.011265754699707031e-01
0.000000000000000000e+00,1.435102969408035278e-01
0.000000000000000000e+00,1.474513262510299683e-01
0.000000000000000000e+00,1.826840341091156006e-01
0.000000000000000000e+00,1.845091730356216431e-01
0.000000000000000000e+00,2.013328224420547485e-01
0.000000000000000000e+00,2.003442496061325073e-01
0.000000000000000000e+00,1.615843921899795532e-01
0.000000000000000000e+00,1.321512460708618164e-01
0.000000000000000000e+00,1.509582847356796265e-01
0.000000000000000000e+00,1.772523671388626099e-01
0.000000000000000000e+00,1.641546487808227539e-01
0.000000000000000000e+00,1.622364819049835205e-01
0.000000000000000000e+00,1.565459072589874268e-01
0.000000000000000000e+00,2.218215316534042358e-01
0.000000000000000000e+00,2.124585956335067749e-01
0.000000000000000000e+00,4.043450057506561279e-01
0.000000000000000000e+00,3.200348615646362305e-01
0.000000000000000000e+00,3.279582262039184570e-01
0.000000000000000000e+00,3.974753022193908691e-01
0.000000000000000000e+00,1.995867788791656494e-01
0.000000000000000000e+00,1.774387657642364502e-01
0.000000000000000000e+00,1.719144582748413086e-01
0.000000000000000000e+00,1.457552611827850342e-01
0.000000000000000000e+00,1.607955247163772583e-01
0.000000000000000000e+00,1.557271778583526611e-01
0.000000000000000000e+00,2.020596712827682495e-01
0.000000000000000000e+00,1.528747975826263428e-01
0.000000000000000000e+00,1.485047042369842529e-01
0.000000000000000000e+00,1.773497760295867920e-01
0.000000000000000000e+00,1.745655238628387451e-01
0.000000000000000000e+00,1.800490915775299072e-01
0.000000000000000000e+00,1.577006131410598755e-01
0.000000000000000000e+00,1.750814616680145264e-01
0.000000000000000000e+00,1.469427645206451416e-01
0.000000000000000000e+00,1.424750089645385742e-01
0.000000000000000000e+00,1.592657119035720825e-01
0.000000000000000000e+00,1.668937355279922485e-01
0.000000000000000000e+00,1.508785188198089600e-01
0.000000000000000000e+00,2.079395949840545654e-01
0.000000000000000000e+00,1.574071347713470459e-01
0.000000000000000000e+00,2.222523391246795654e-01
0.000000000000000000e+00,1.863247752189636230e-01
0.000000000000000000e+00,1.892997622489929199e-01
0.000000000000000000e+00,1.472848206758499146e-01
0.000000000000000000e+00,1.966696828603744507e-01
0.000000000000000000e+00,1.683749258518218994e-01
0.000000000000000000e+00,1.642606556415557861e-01
0.000000000000000000e+00,1.808607578277587891e-01
0.000000000000000000e+00,1.673594266176223755e-01
0.000000000000000000e+00,2.543112933635711670e-01
0.000000000000000000e+00,1.644929051399230957e-01
0.000000000000000000e+00,2.136353552341461182e-01
0.000000000000000000e+00,2.035230696201324463e-01
0.000000000000000000e+00,2.372694313526153564e-01
0.000000000000000000e+00,2.103691101074218750e-01
0.000000000000000000e+00,1.595829427242279053e-01
0.000000000000000000e+00,1.400687098503112793e-01
0.000000000000000000e+00,2.104638069868087769e-01
0.000000000000000000e+00,1.896252483129501343e-01
0.000000000000000000e+00,1.613851189613342285e-01
0.000000000000000000e+00,1.945633888244628906e-01
0.000000000000000000e+00,1.948079317808151245e-01
0.000000000000000000e+00,1.811838150024414062e-01
0.000000000000000000e+00,1.731922477483749390e-01
0.000000000000000000e+00,1.964872777462005615e-01
0.000000000000000000e+00,2.251040637493133545e-01
0.000000000000000000e+00,4.174963533878326416e-01
0.000000000000000000e+00,1.786057204008102417e-01
0.000000000000000000e+00,1.814004331827163696e-01
0.000000000000000000e+00,1.545132100582122803e-01
0.000000000000000000e+00,1.782014369964599609e-01
0.000000000000000000e+00,1.791270375251770020e-01
0.000000000000000000e+00,1.662838160991668701e-01
0.000000000000000000e+00,2.206444144248962402e-01
0.000000000000000000e+00,1.398561000823974609e-01
0.000000000000000000e+00,1.675560474395751953e-01
0.000000000000000000e+00,1.603659689426422119e-01
0.000000000000000000e+00,1.668462008237838745e-01
0.000000000000000000e+00,1.550331860780715942e-01
0.000000000000000000e+00,1.720832735300064087e-01
0.000000000000000000e+00,1.903915703296661377e-01
0.000000000000000000e+00,1.492953151464462280e-01
0.000000000000000000e+00,2.029366046190261841e-01
0.000000000000000000e+00,1.865785121917724609e-01
0.000000000000000000e+00,1.697896867990493774e-01
0.000000000000000000e+00,1.524065732955932617e-01
0.000000000000000000e+00,1.616420894861221313e-01
0.000000000000000000e+00,1.818715631961822510e-01
0.000000000000000000e+00,1.617198139429092407e-01
0.000000000000000000e+00,2.482236921787261963e-01
0.000000000000000000e+00,2.240772396326065063e-01
0.000000000000000000e+00,1.779800504446029663e-01
0.000000000000000000e+00,2.151018679141998291e-01
0.000000000000000000e+00,3.191787898540496826e-01
0.000000000000000000e+00,1.856580078601837158e-01
0.000000000000000000e+00,1.900138556957244873e-01
0.000000000000000000e+00,1.971062123775482178e-01
0.000000000000000000e+00,1.589814573526382446e-01
0.000000000000000000e+00,2.001615315675735474e-01
0.000000000000000000e+00,1.992370486259460449e-01
0.000000000000000000e+00,1.696114838123321533e-01
0.000000000000000000e+00,1.660245060920715332e-01
0.000000000000000000e+00,2.003831416368484497e-01
0.000000000000000000e+00,1.615673899650573730e-01
0.000000000000000000e+00,1.861064285039901733e-01
0.000000000000000000e+00,1.901479959487915039e-01
0.000000000000000000e+00,1.789004355669021606e-01
0.000000000000000000e+00,1.860747039318084717e-01
0.000000000000000000e+00,2.399834841489791870e-01
0.000000000000000000e+00,2.083784043788909912e-01
0.000000000000000000e+00,1.924484819173812866e-01
0.000000000000000000e+00,1.581306904554367065e-01
0.000000000000000000e+00,1.649468839168548584e-01
0.000000000000000000e+00,2.008944302797317505e-01
0.000000000000000000e+00,2.497047185897827148e-01
0.000000000000000000e+00,2.056451141834259033e-01
0.000000000000000000e+00,1.653406023979187012e-01
0.000000000000000000e+00,1.811369210481643677e-01
0.000000000000000000e+00,1.643468737602233887e-01
0.000000000000000000e+00,2.106667757034301758e-01
0.000000000000000000e+00,1.857964992523193359e-01
0.000000000000000000e+00,2.666966915130615234e-01
0.000000000000000000e+00,2.023275047540664673e-01
0.000000000000000000e+00,1.625670641660690308e-01
0.000000000000000000e+00,1.686087995767593384e-01
0.000000000000000000e+00,1.776196360588073730e-01
0.000000000000000000e+00,1.637782305479049683e-01
0.000000000000000000e+00,1.906585991382598877e-01
0.000000000000000000e+00,2.836957573890686035e-01
0.000000000000000000e+00,1.552010178565979004e-01
0.000000000000000000e+00,1.618316918611526489e-01
0.000000000000000000e+00,1.832465678453445435e-01
0.000000000000000000e+00,1.511671245098114014e-01
0.000000000000000000e+00,1.746396273374557495e-01
0.000000000000000000e+00,1.717506647109985352e-01
0.000000000000000000e+00,1.664839684963226318e-01
0.000000000000000000e+00,1.161726117134094238e-01
0.000000000000000000e+00,1.893028467893600464e-01
0.000000000000000000e+00,2.051171511411666870e-01
0.000000000000000000e+00,1.459018290042877197e-01
0.000000000000000000e+00,1.765000969171524048e-01
0.000000000000000000e+00,1.615010052919387817e-01
0.000000000000000000e+00,1.602757871150970459e-01
0.000000000000000000e+00,1.712382882833480835e-01
0.000000000000000000e+00,1.774679422378540039e-01
0.000000000000000000e+00,1.729050576686859131e-01
0.000000000000000000e+00,1.883518099784851074e-01
0.000000000000000000e+00,1.404899209737777710e-01
0.000000000000000000e+00,1.747645437717437744e-01
0.000000000000000000e+00,1.744530647993087769e-01
0.000000000000000000e+00,1.565594822168350220e-01
0.000000000000000000e+00,1.949868649244308472e-01
0.000000000000000000e+00,1.431043446063995361e-01
0.000000000000000000e+00,1.298103034496307373e-01
0.000000000000000000e+00,1.568255722522735596e-01
0.000000000000000000e+00,1.397682428359985352e-01
0.000000000000000000e+00,1.426962018013000488e-01
0.000000000000000000e+00,1.282508969306945801e-01
0.000000000000000000e+00,2.084291279315948486e-01
0.000000000000000000e+00,1.369523406028747559e-01
0.000000000000000000e+00,2.028738856315612793e-01
0.000000000000000000e+00,1.780734509229660034e-01
0.000000000000000000e+00,1.257312744855880737e-01
0.000000000000000000e+00,1.343545615673065186e-01
0.000000000000000000e+00,1.323885917663574219e-01
0.000000000000000000e+00,1.532629728317260742e-01
0.000000000000000000e+00,1.570027917623519897e-01
0.000000000000000000e+00,1.495349407196044922e-01
0.000000000000000000e+00,2.033566236495971680e-01
0.000000000000000000e+00,1.838966161012649536e-01
0.000000000000000000e+00,1.797720193862915039e-01
0.000000000000000000e+00,1.835402995347976685e-01
0.000000000000000000e+00,1.888310909271240234e-01
0.000000000000000000e+00,1.909803003072738647e-01
0.000000000000000000e+00,1.722679138183593750e-01
0.000000000000000000e+00,1.819978356361389160e-01
0.000000000000000000e+00,1.881463825702667236e-01
0.000000000000000000e+00,1.597698628902435303e-01
0.000000000000000000e+00,1.799228787422180176e-01
0.000000000000000000e+00,2.888041734695434570e-01
0.000000000000000000e+00,1.790649890899658203e-01
0.000000000000000000e+00,2.363189309835433960e-01
0.000000000000000000e+00,2.059989124536514282e-01
0.000000000000000000e+00,2.088967263698577881e-01
0.000000000000000000e+00,1.879781186580657959e-01
0.000000000000000000e+00,1.651119589805603027e-01
0.000000000000000000e+00,1.496448963880538940e-01
0.000000000000000000e+00,2.161081880331039429e-01
0.000000000000000000e+00,3.332884013652801514e-01
0.000000000000000000e+00,2.301191091537475586e-01
0.000000000000000000e+00,1.900828778743743896e-01
0.000000000000000000e+00,1.539509147405624390e-01
0.000000000000000000e+00,2.024144381284713745e-01
1.000000000000000000e+00,4.074523746967315674e-01
1.000000000000000000e+00,5.771702527999877930e-01
1.000000000000000000e+00,5.131973624229431152e-01
1.000000000000000000e+00,4.282860159873962402e-01
1.000000000000000000e+00,4.324119985103607178e-01
1.000000000000000000e+00,4.398328363895416260e-01
1.000000000000000000e+00,4.072148799896240234e-01
1.000000000000000000e+00,3.999870419502258301e-01
1.000000000000000000e+00,4.631182551383972168e-01
1.000000000000000000e+00,4.313316941261291504e-01
1.000000000000000000e+00,4.793487787246704102e-01
1.000000000000000000e+00,4.690296649932861328e-01
1.000000000000000000e+00,4.718935787677764893e-01
1.000000000000000000e+00,3.819094300270080566e-01
1.000000000000000000e+00,3.633189201354980469e-01
1.000000000000000000e+00,3.789349794387817383e-01
1.000000000000000000e+00,4.082182347774505615e-01
1.000000000000000000e+00,4.070108532905578613e-01
1.000000000000000000e+00,4.604023694992065430e-01
1.000000000000000000e+00,3.475682735443115234e-01
1.000000000000000000e+00,4.882112741470336914e-01
1.000000000000000000e+00,4.258893430233001709e-01
1.000000000000000000e+00,4.671987295150756836e-01
1.000000000000000000e+00,4.356660246849060059e-01
1.000000000000000000e+00,5.359698534011840820e-01
1.000000000000000000e+00,3.908067345619201660e-01
1.000000000000000000e+00,4.498228430747985840e-01
1.000000000000000000e+00,4.650447070598602295e-01
1.000000000000000000e+00,4.518387615680694580e-01
1.000000000000000000e+00,4.760938882827758789e-01
1.000000000000000000e+00,4.578164815902709961e-01
1.000000000000000000e+00,3.736096024513244629e-01
1.000000000000000000e+00,4.498599171638488770e-01
1.000000000000000000e+00,3.913874328136444092e-01
1.000000000000000000e+00,4.753275513648986816e-01
1.000000000000000000e+00,4.340479373931884766e-01
1.000000000000000000e+00,4.607370197772979736e-01
1.000000000000000000e+00,3.989544808864593506e-01
1.000000000000000000e+00,3.355714082717895508e-01
1.000000000000000000e+00,3.935493528842926025e-01
1.000000000000000000e+00,4.469196796417236328e-01
1.000000000000000000e+00,5.075361132621765137e-01
1.000000000000000000e+00,4.316043853759765625e-01
1.000000000000000000e+00,4.711924195289611816e-01
1.000000000000000000e+00,3.556666970252990723e-01
1.000000000000000000e+00,4.036537110805511475e-01
1.000000000000000000e+00,4.203912913799285889e-01
1.000000000000000000e+00,4.259520769119262695e-01
1.000000000000000000e+00,4.053037762641906738e-01
1.000000000000000000e+00,4.165355563163757324e-01
1.000000000000000000e+00,4.085937440395355225e-01
1.000000000000000000e+00,4.280628561973571777e-01
1.000000000000000000e+00,4.224652647972106934e-01
1.000000000000000000e+00,4.389433264732360840e-01
1.000000000000000000e+00,4.138706624507904053e-01
1.000000000000000000e+00,4.142988324165344238e-01
1.000000000000000000e+00,4.107355475425720215e-01
1.000000000000000000e+00,4.169948697090148926e-01
1.000000000000000000e+00,3.445341289043426514e-01
1.000000000000000000e+00,4.387056529521942139e-01
1.000000000000000000e+00,5.194416046142578125e-01
1.000000000000000000e+00,4.391913115978240967e-01
1.000000000000000000e+00,4.051758050918579102e-01
1.000000000000000000e+00,4.543676078319549561e-01
1.000000000000000000e+00,5.012477636337280273e-01
1.000000000000000000e+00,3.322379887104034424e-01
1.000000000000000000e+00,4.154239296913146973e-01
1.000000000000000000e+00,3.897543549537658691e-01
1.000000000000000000e+00,4.074246883392333984e-01
1.000000000000000000e+00,4.010782241821289062e-01
1.000000000000000000e+00,4.847829639911651611e-01
1.000000000000000000e+00,5.270863175392150879e-01
1.000000000000000000e+00,3.686911165714263916e-01
1.000000000000000000e+00,4.689075946807861328e-01
1.000000000000000000e+00,4.626096189022064209e-01
1.000000000000000000e+00,4.267809092998504639e-01
1.000000000000000000e+00,4.357602894306182861e-01
1.000000000000000000e+00,4.200149774551391602e-01
1.000000000000000000e+00,4.253894388675689697e-01
1.000000000000000000e+00,4.352635443210601807e-01
1.000000000000000000e+00,3.584356307983398438e-01
1.000000000000000000e+00,3.882856070995330811e-01
1.000000000000000000e+00,5.264787673950195312e-01
1.000000000000000000e+00,4.367772638797760010e-01
1.000000000000000000e+00,5.015454292297363281e-01
1.000000000000000000e+00,4.716956615447998047e-01
1.000000000000000000e+00,4.260108470916748047e-01
1.000000000000000000e+00,4.607956409454345703e-01
1.000000000000000000e+00,4.841920137405395508e-01
1.000000000000000000e+00,4.554892778396606445e-01
1.000000000000000000e+00,4.296129941940307617e-01
1.000000000000000000e+00,4.759640693664550781e-01
1.000000000000000000e+00,4.079167246818542480e-01
1.000000000000000000e+00,4.483256340026855469e-01
1.000000000000000000e+00,4.110147953033447266e-01
1.000000000000000000e+00,5.071746706962585449e-01
1.000000000000000000e+00,4.296776354312896729e-01
1.000000000000000000e+00,5.061327219009399414e-01
1.000000000000000000e+00,3.832920789718627930e-01
1.000000000000000000e+00,4.517173171043395996e-01
1.000000000000000000e+00,4.683596491813659668e-01
1.000000000000000000e+00,4.305913448333740234e-01
1.000000000000000000e+00,4.115221500396728516e-01
1.000000000000000000e+00,5.052875876426696777e-01
1.000000000000000000e+00,4.400537908077239990e-01
1.000000000000000000e+00,4.932318329811096191e-01
1.000000000000000000e+00,4.448388814926147461e-01
1.000000000000000000e+00,4.534555375576019287e-01
1.000000000000000000e+00,5.524552464485168457e-01
1.000000000000000000e+00,4.602175354957580566e-01
1.000000000000000000e+00,5.057138204574584961e-01
1.000000000000000000e+00,4.500294923782348633e-01
1.000000000000000000e+00,4.543976187705993652e-01
1.000000000000000000e+00,4.849560558795928955e-01
1.000000000000000000e+00,4.678580462932586670e-01
1.000000000000000000e+00,4.101328849792480469e-01
1.000000000000000000e+00,4.247037768363952637e-01
1.000000000000000000e+00,3.948767483234405518e-01
1.000000000000000000e+00,4.086614251136779785e-01
1.000000000000000000e+00,3.828631639480590820e-01
1.000000000000000000e+00,4.332506358623504639e-01
1.000000000000000000e+00,3.932455778121948242e-01
1.000000000000000000e+00,3.751421272754669189e-01
1.000000000000000000e+00,5.185651779174804688e-01
1.000000000000000000e+00,4.530785977840423584e-01
1.000000000000000000e+00,3.393942415714263916e-01
1.000000000000000000e+00,4.569876790046691895e-01
1.000000000000000000e+00,4.433536529541015625e-01
1.000000000000000000e+00,4.212196171283721924e-01
1.000000000000000000e+00,4.950091838836669922e-01
1.000000000000000000e+00,5.002582073211669922e-01
1.000000000000000000e+00,4.541623294353485107e-01
1.000000000000000000e+00,4.557714760303497314e-01
1.000000000000000000e+00,4.274516105651855469e-01
1.000000000000000000e+00,4.452444911003112793e-01
1.000000000000000000e+00,4.691224694252014160e-01
1.000000000000000000e+00,4.050618410110473633e-01
1.000000000000000000e+00,4.939380288124084473e-01
1.000000000000000000e+00,4.286780655384063721e-01
1.000000000000000000e+00,3.811733722686767578e-01
1.000000000000000000e+00,3.896842002868652344e-01
1.000000000000000000e+00,4.479494690895080566e-01
1.000000000000000000e+00,4.236928224563598633e-01
1.000000000000000000e+00,4.671277403831481934e-01
1.000000000000000000e+00,3.748821616172790527e-01
1.000000000000000000e+00,4.465465843677520752e-01
1.000000000000000000e+00,5.204212069511413574e-01
1.000000000000000000e+00,3.884605765342712402e-01
1.000000000000000000e+00,4.395428895950317383e-01
1.000000000000000000e+00,4.959074854850769043e-01
1.000000000000000000e+00,4.492824077606201172e-01
1.000000000000000000e+00,4.311535358428955078e-01
1.000000000000000000e+00,4.784328341484069824e-01
1.000000000000000000e+00,3.682244122028350830e-01
1.000000000000000000e+00,4.151085019111633301e-01
1.000000000000000000e+00,4.074965119361877441e-01
1.000000000000000000e+00,4.269412159919738770e-01
1.000000000000000000e+00,3.958412706851959229e-01
1.000000000000000000e+00,4.313757717609405518e-01
1.000000000000000000e+00,3.786154389381408691e-01
1.000000000000000000e+00,4.280728995800018311e-01
1.000000000000000000e+00,4.556092619895935059e-01
1.000000000000000000e+00,4.095990359783172607e-01
1.000000000000000000e+00,4.185202121734619141e-01
1.000000000000000000e+00,4.046934843063354492e-01
1.000000000000000000e+00,4.648559689521789551e-01
1.000000000000000000e+00,3.969664275646209717e-01
1.000000000000000000e+00,4.396348893642425537e-01
1.000000000000000000e+00,4.504211843013763428e-01
1.000000000000000000e+00,4.348413348197937012e-01
1.000000000000000000e+00,5.311198830604553223e-01
1.000000000000000000e+00,4.583525657653808594e-01
1.000000000000000000e+00,4.450882077217102051e-01
1.000000000000000000e+00,4.204589426517486572e-01
1.000000000000000000e+00,3.724545240402221680e-01
1.000000000000000000e+00,4.162833094596862793e-01
1.000000000000000000e+00,3.713566064834594727e-01
1.000000000000000000e+00,5.222870707511901855e-01
1.000000000000000000e+00,4.830490052700042725e-01
1.000000000000000000e+00,4.977087378501892090e-01
1.000000000000000000e+00,4.306205809116363525e-01
1.000000000000000000e+00,4.044347405433654785e-01
1.000000000000000000e+00,3.577159345149993896e-01
1.000000000000000000e+00,4.723880290985107422e-01
1.000000000000000000e+00,3.832123875617980957e-01
1.000000000000000000e+00,4.261802434921264648e-01
1.000000000000000000e+00,4.294597804546356201e-01
1.000000000000000000e+00,4.154029488563537598e-01
1.000000000000000000e+00,4.477593600749969482e-01
1.000000000000000000e+00,4.038386940956115723e-01
1.000000000000000000e+00,3.950040638446807861e-01
1.000000000000000000e+00,3.727976083755493164e-01
1.000000000000000000e+00,4.018939137458801270e-01
1.000000000000000000e+00,5.198248624801635742e-01
1.000000000000000000e+00,4.217356443405151367e-01
1.000000000000000000e+00,4.217612743377685547e-01
1.000000000000000000e+00,4.820621609687805176e-01
1.000000000000000000e+00,4.663348197937011719e-01
1.000000000000000000e+00,4.257453680038452148e-01
1.000000000000000000e+00,4.670272469520568848e-01
1.000000000000000000e+00,4.265218973159790039e-01
1.000000000000000000e+00,4.496413171291351318e-01
1.000000000000000000e+00,4.364984631538391113e-01
1.000000000000000000e+00,4.106483161449432373e-01
1.000000000000000000e+00,4.401763677597045898e-01
1.000000000000000000e+00,4.274841547012329102e-01
1.000000000000000000e+00,4.304544925689697266e-01
1.000000000000000000e+00,4.529873132705688477e-01
1.000000000000000000e+00,4.460791945457458496e-01
1.000000000000000000e+00,3.789364993572235107e-01
1.000000000000000000e+00,4.521991014480590820e-01
1.000000000000000000e+00,4.037001729011535645e-01
1.000000000000000000e+00,4.093306064605712891e-01
1.000000000000000000e+00,4.449250102043151855e-01
1.000000000000000000e+00,5.236370563507080078e-01
1.000000000000000000e+00,3.864347040653228760e-01
1.000000000000000000e+00,4.854288101196289062e-01
1.000000000000000000e+00,4.385689496994018555e-01
1.000000000000000000e+00,4.329144954681396484e-01
1.000000000000000000e+00,4.299811720848083496e-01
1.000000000000000000e+00,4.989903569221496582e-01
1.000000000000000000e+00,4.729988276958465576e-01
1.000000000000000000e+00,4.774179160594940186e-01
1.000000000000000000e+00,4.655437469482421875e-01
1.000000000000000000e+00,4.594489634037017822e-01
1.000000000000000000e+00,4.123461842536926270e-01
1.000000000000000000e+00,4.169348180294036865e-01
1.000000000000000000e+00,3.630870580673217773e-01
1.000000000000000000e+00,3.920354843139648438e-01
1.000000000000000000e+00,4.360293149948120117e-01
1.000000000000000000e+00,5.066803693771362305e-01
1.000000000000000000e+00,3.632524311542510986e-01
1.000000000000000000e+00,3.845662474632263184e-01
1.000000000000000000e+00,4.724466204643249512e-01
1.000000000000000000e+00,5.503616929054260254e-01
1.000000000000000000e+00,4.771451354026794434e-01
1.000000000000000000e+00,3.691391348838806152e-01
1.000000000000000000e+00,4.559333324432373047e-01
1.000000000000000000e+00,4.522358775138854980e-01
1.000000000000000000e+00,4.453673362731933594e-01
1.000000000000000000e+00,4.270396232604980469e-01
1.000000000000000000e+00,5.090035796165466309e-01
1.000000000000000000e+00,4.338817000389099121e-01
1.000000000000000000e+00,3.625271320343017578e-01
1.000000000000000000e+00,4.538673758506774902e-01
1.000000000000000000e+00,4.584625363349914551e-01
1.000000000000000000e+00,3.679834306240081787e-01
1.000000000000000000e+00,3.909401893615722656e-01
1.000000000000000000e+00,4.090036153793334961e-01
1.000000000000000000e+00,4.034985899925231934e-01
1.000000000000000000e+00,4.450728595256805420e-01
1.000000000000000000e+00,3.849529027938842773e-01
1.000000000000000000e+00,4.003205895423889160e-01
1.000000000000000000e+00,4.990221560001373291e-01
1.000000000000000000e+00,3.993543684482574463e-01
1.000000000000000000e+00,5.237210988998413086e-01
1.000000000000000000e+00,4.969267547130584717e-01
1.000000000000000000e+00,4.488365054130554199e-01
1.000000000000000000e+00,3.702886700630187988e-01
1.000000000000000000e+00,4.514538645744323730e-01
1.000000000000000000e+00,3.471719920635223389e-01
1.000000000000000000e+00,4.073318243026733398e-01
1.000000000000000000e+00,4.468638300895690918e-01
1.000000000000000000e+00,5.140032172203063965e-01
1.000000000000000000e+00,4.275102913379669189e-01
1.000000000000000000e+00,4.633859992027282715e-01
1.000000000000000000e+00,4.220760464668273926e-01
1.000000000000000000e+00,3.963098824024200439e-01
1.000000000000000000e+00,4.220743775367736816e-01
1.000000000000000000e+00,3.864000141620635986e-01
1.000000000000000000e+00,4.231392145156860352e-01
1.000000000000000000e+00,4.362896382808685303e-01
1.000000000000000000e+00,4.234054386615753174e-01
1.000000000000000000e+00,4.398623108863830566e-01
1.000000000000000000e+00,3.934643268585205078e-01
1.000000000000000000e+00,3.824697136878967285e-01
1.000000000000000000e+00,4.606660008430480957e-01
1.000000000000000000e+00,4.611740112304687500e-01
1.000000000000000000e+00,4.396625757217407227e-01
1.000000000000000000e+00,4.349138736724853516e-01
1.000000000000000000e+00,4.003888070583343506e-01
1.000000000000000000e+00,5.845040082931518555e-01
1.000000000000000000e+00,4.991360604763031006e-01
1.000000000000000000e+00,4.508692026138305664e-01
1.000000000000000000e+00,4.575548171997070312e-01
1.000000000000000000e+00,4.589040875434875488e-01
1.000000000000000000e+00,3.839161694049835205e-01
1.000000000000000000e+00,4.547535479068756104e-01
1.000000000000000000e+00,3.916995525360107422e-01
1.000000000000000000e+00,4.653839468955993652e-01
1.000000000000000000e+00,4.438530802726745605e-01
1.000000000000000000e+00,4.809103906154632568e-01
1.000000000000000000e+00,4.831351637840270996e-01
1.000000000000000000e+00,4.037470519542694092e-01
1.000000000000000000e+00,4.139569997787475586e-01
1.000000000000000000e+00,4.661973714828491211e-01
1.000000000000000000e+00,4.393003582954406738e-01
1.000000000000000000e+00,3.817637264728546143e-01
1.000000000000000000e+00,4.182923436164855957e-01
1.000000000000000000e+00,4.795823395252227783e-01
1.000000000000000000e+00,4.184586405754089355e-01
1.000000000000000000e+00,4.239006042480468750e-01
1.000000000000000000e+00,4.964701235294342041e-01
1.000000000000000000e+00,4.796605110168457031e-01
1.000000000000000000e+00,5.236285924911499023e-01
1.000000000000000000e+00,4.440022408962249756e-01
1.000000000000000000e+00,4.963040351867675781e-01
1.000000000000000000e+00,4.348462820053100586e-01
1.000000000000000000e+00,4.870455563068389893e-01
1.000000000000000000e+00,4.662927985191345215e-01
1.000000000000000000e+00,5.147224068641662598e-01
1.000000000000000000e+00,5.555807948112487793e-01
1.000000000000000000e+00,4.608735740184783936e-01
1.000000000000000000e+00,3.877742886543273926e-01
1.000000000000000000e+00,5.592007637023925781e-01
1.000000000000000000e+00,4.421605169773101807e-01
1.000000000000000000e+00,4.676567912101745605e-01
1.000000000000000000e+00,4.452925324440002441e-01
1.000000000000000000e+00,5.009071826934814453e-01
1.000000000000000000e+00,5.269751548767089844e-01
1.000000000000000000e+00,5.174029469490051270e-01
1.000000000000000000e+00,4.237739443778991699e-01
1.000000000000000000e+00,4.665271639823913574e-01
1.000000000000000000e+00,4.792621433734893799e-01
1.000000000000000000e+00,4.446513652801513672e-01
1.000000000000000000e+00,3.649386763572692871e-01
1.000000000000000000e+00,4.851503372192382812e-01
1.000000000000000000e+00,4.312465190887451172e-01
1.000000000000000000e+00,4.417891204357147217e-01
1.000000000000000000e+00,5.283248424530029297e-01
1.000000000000000000e+00,3.513618707656860352e-01
1.000000000000000000e+00,4.105879366397857666e-01
1.000000000000000000e+00,3.664562106132507324e-01
1.000000000000000000e+00,4.686677455902099609e-01
1.000000000000000000e+00,3.751681149005889893e-01
1.000000000000000000e+00,5.277748107910156250e-01
1.000000000000000000e+00,4.748854041099548340e-01
1.000000000000000000e+00,3.766505122184753418e-01
1.000000000000000000e+00,5.158238410949707031e-01
1.000000000000000000e+00,3.550233840942382812e-01
1.000000000000000000e+00,5.189499855041503906e-01
1.000000000000000000e+00,4.870141744613647461e-01
1.000000000000000000e+00,4.124937057495117188e-01
1.000000000000000000e+00,4.642453789710998535e-01
1.000000000000000000e+00,3.315347433090209961e-01
1.000000000000000000e+00,4.445494413375854492e-01
1.000000000000000000e+00,4.630931019783020020e-01
1.000000000000000000e+00,4.831243753433227539e-01
1.000000000000000000e+00,3.993742167949676514e-01
1.000000000000000000e+00,4.279114603996276855e-01
1.000000000000000000e+00,5.214441418647766113e-01
1.000000000000000000e+00,4.227837920188903809e-01
1.000000000000000000e+00,4.409431815147399902e-01
1.000000000000000000e+00,4.048502445220947266e-01
1.000000000000000000e+00,3.711337447166442871e-01
1.000000000000000000e+00,3.921811580657958984e-01
1.000000000000000000e+00,4.238640069961547852e-01
1.000000000000000000e+00,4.242184758186340332e-01
1.000000000000000000e+00,3.432320654392242432e-01
1.000000000000000000e+00,4.288485050201416016e-01
1.000000000000000000e+00,4.182745516300201416e-01
1.000000000000000000e+00,4.866493940353393555e-01
1.000000000000000000e+00,4.011968076229095459e-01
1.000000000000000000e+00,3.988707959651947021e-01
1.000000000000000000e+00,3.946110010147094727e-01
1.000000000000000000e+00,4.527862071990966797e-01
1.000000000000000000e+00,4.534266889095306396e-01
1.000000000000000000e+00,4.442593157291412354e-01
1.000000000000000000e+00,4.643342792987823486e-01
1.000000000000000000e+00,3.847475945949554443e-01
1.000000000000000000e+00,4.086644351482391357e-01
1.000000000000000000e+00,4.965482950210571289e-01
1.000000000000000000e+00,4.328918457031250000e-01
1.000000000000000000e+00,4.499444961547851562e-01
1.000000000000000000e+00,4.907256662845611572e-01
1.000000000000000000e+00,4.479425549507141113e-01
1.000000000000000000e+00,4.560635685920715332e-01
1.000000000000000000e+00,4.694228768348693848e-01
1.000000000000000000e+00,4.413017928600311279e-01
1.000000000000000000e+00,4.186671376228332520e-01
1.000000000000000000e+00,3.591734170913696289e-01
1.000000000000000000e+00,3.953461945056915283e-01
1.000000000000000000e+00,4.521031081676483154e-01
1.000000000000000000e+00,4.667727053165435791e-01
1.000000000000000000e+00,4.630340933799743652e-01
1.000000000000000000e+00,4.398877024650573730e-01
1.000000000000000000e+00,3.936954736709594727e-01
1.000000000000000000e+00,4.111393392086029053e-01
1.000000000000000000e+00,3.493748605251312256e-01
1.000000000000000000e+00,4.163037836551666260e-01
1.000000000000000000e+00,3.928591609001159668e-01
1.000000000000000000e+00,4.512098431587219238e-01
1.000000000000000000e+00,3.951212167739868164e-01
1.000000000000000000e+00,4.248683452606201172e-01
1.000000000000000000e+00,5.089458823204040527e-01
1.000000000000000000e+00,4.378351271152496338e-01
1.000000000000000000e+00,4.121218919754028320e-01
1.000000000000000000e+00,4.119989275932312012e-01
1.000000000000000000e+00,3.955729603767395020e-01
1.000000000000000000e+00,3.726522326469421387e-01
1.000000000000000000e+00,4.368124306201934814e-01
1.000000000000000000e+00,3.843971490859985352e-01
1.000000000000000000e+00,4.397937655448913574e-01
1.000000000000000000e+00,3.957515060901641846e-01
1.000000000000000000e+00,4.743011593818664551e-01
1.000000000000000000e+00,4.545291960239410400e-01
1.000000000000000000e+00,5.447501540184020996e-01
1.000000000000000000e+00,5.527751445770263672e-01
1.000000000000000000e+00,4.063542783260345459e-01
1.000000000000000000e+00,4.044578671455383301e-01
1.000000000000000000e+00,4.288566708564758301e-01
1.000000000000000000e+00,4.344580769538879395e-01
1.000000000000000000e+00,4.178937375545501709e-01
1.000000000000000000e+00,4.810948371887207031e-01
1.000000000000000000e+00,5.069578886032104492e-01
1.000000000000000000e+00,4.052694737911224365e-01
1.000000000000000000e+00,3.897138535976409912e-01
1.000000000000000000e+00,4.459888935089111328e-01
1.000000000000000000e+00,3.609279990196228027e-01
1.000000000000000000e+00,4.472692608833312988e-01
1.000000000000000000e+00,4.498202204704284668e-01
1.000000000000000000e+00,4.298521280288696289e-01
1.000000000000000000e+00,3.712789714336395264e-01
1.000000000000000000e+00,4.849236905574798584e-01
1.000000000000000000e+00,4.085339009761810303e-01
1.000000000000000000e+00,4.029330015182495117e-01
1.000000000000000000e+00,4.492212235927581787e-01
1.000000000000000000e+00,4.216465055942535400e-01
1.000000000000000000e+00,4.866160750389099121e-01
1.000000000000000000e+00,4.353983402252197266e-01
1.000000000000000000e+00,4.062314927577972412e-01
1.000000000000000000e+00,4.562812745571136475e-01
1.000000000000000000e+00,4.222685694694519043e-01
1.000000000000000000e+00,4.320941865444183350e-01
1.000000000000000000e+00,4.141226410865783691e-01
1.000000000000000000e+00,4.471096396446228027e-01
1.000000000000000000e+00,4.093808233737945557e-01
1.000000000000000000e+00,3.652370870113372803e-01
1.000000000000000000e+00,4.551948308944702148e-01
1.000000000000000000e+00,4.401154816150665283e-01
1.000000000000000000e+00,4.137248098850250244e-01
1.000000000000000000e+00,3.932429254055023193e-01
1.000000000000000000e+00,4.001112282276153564e-01
1.000000000000000000e+00,4.281525015830993652e-01
1.000000000000000000e+00,5.131819844245910645e-01
1.000000000000000000e+00,4.329175651073455811e-01
1.000000000000000000e+00,5.440207719802856445e-01
1.000000000000000000e+00,4.216661453247070312e-01
1.000000000000000000e+00,4.466896057128906250e-01
1.000000000000000000e+00,4.753523766994476318e-01
1.000000000000000000e+00,4.144422411918640137e-01
1.000000000000000000e+00,5.104655623435974121e-01
1.000000000000000000e+00,4.557385444641113281e-01
1.000000000000000000e+00,4.605440497398376465e-01
1.000000000000000000e+00,4.134658277034759521e-01
1.000000000000000000e+00,3.589508235454559326e-01
1.000000000000000000e+00,3.615634143352508545e-01
1.000000000000000000e+00,4.487854838371276855e-01
1.000000000000000000e+00,4.246206879615783691e-01
1.000000000000000000e+00,4.430963993072509766e-01
1.000000000000000000e+00,4.629087150096893311e-01
1.000000000000000000e+00,4.995379447937011719e-01
1.000000000000000000e+00,4.871627092361450195e-01
1.000000000000000000e+00,4.101330637931823730e-01
1.000000000000000000e+00,3.768187761306762695e-01
1.000000000000000000e+00,4.109083414077758789e-01
1.000000000000000000e+00,4.896547198295593262e-01
1.000000000000000000e+00,3.751945793628692627e-01
1.000000000000000000e+00,4.337121248245239258e-01
1.000000000000000000e+00,4.816101193428039551e-01
1.000000000000000000e+00,3.806678056716918945e-01
1.000000000000000000e+00,5.346805453300476074e-01
1.000000000000000000e+00,4.670886397361755371e-01
1.000000000000000000e+00,4.471791982650756836e-01
1.000000000000000000e+00,4.099578559398651123e-01
1.000000000000000000e+00,3.955194950103759766e-01
1.000000000000000000e+00,4.078367352485656738e-01
1.000000000000000000e+00,4.111767709255218506e-01
1.000000000000000000e+00,4.483631253242492676e-01
1.000000000000000000e+00,5.764422416687011719e-01
1.000000000000000000e+00,3.868128359317779541e-01
1.000000000000000000e+00,5.138013958930969238e-01
1.000000000000000000e+00,4.721429944038391113e-01
1.000000000000000000e+00,4.760027527809143066e-01
1.000000000000000000e+00,4.395791888236999512e-01
1.000000000000000000e+00,4.638113677501678467e-01
1.000000000000000000e+00,4.394893646240234375e-01
1.000000000000000000e+00,4.091167151927947998e-01
1.000000000000000000e+00,4.081677496433258057e-01
1.000000000000000000e+00,4.545280039310455322e-01
1.000000000000000000e+00,3.777310550212860107e-01
1.000000000000000000e+00,3.790977001190185547e-01
1.000000000000000000e+00,3.921079039573669434e-01
1.000000000000000000e+00,4.706544876098632812e-01
1.000000000000000000e+00,4.211294054985046387e-01
1.000000000000000000e+00,4.274416565895080566e-01
1.000000000000000000e+00,4.524060487747192383e-01
1.000000000000000000e+00,3.909180462360382080e-01
1.000000000000000000e+00,4.201712310314178467e-01
1.000000000000000000e+00,4.047238230705261230e-01
1.000000000000000000e+00,4.156470000743865967e-01
1.000000000000000000e+00,5.551321506500244141e-01
1.000000000000000000e+00,3.538717627525329590e-01
1.000000000000000000e+00,4.472726583480834961e-01
1.000000000000000000e+00,4.772033095359802246e-01
1.000000000000000000e+00,4.051495790481567383e-01
1.000000000000000000e+00,4.665835797786712646e-01
1.000000000000000000e+00,4.231226444244384766e-01
1.000000000000000000e+00,4.189583957195281982e-01
1.000000000000000000e+00,5.046923756599426270e-01
1.000000000000000000e+00,3.927291631698608398e-01
1.000000000000000000e+00,4.938416481018066406e-01
1.000000000000000000e+00,4.222820997238159180e-01
1.000000000000000000e+00,4.601058363914489746e-01
1.000000000000000000e+00,4.722833037376403809e-01
1.000000000000000000e+00,2.975267171859741211e-01
1.000000000000000000e+00,4.411734342575073242e-01
1.000000000000000000e+00,4.004580080509185791e-01
1.000000000000000000e+00,4.851897656917572021e-01
1.000000000000000000e+00,4.600698947906494141e-01
1.000000000000000000e+00,4.757313728332519531e-01
1.000000000000000000e+00,4.536938667297363281e-01
1.000000000000000000e+00,3.719278275966644287e-01
1.000000000000000000e+00,4.555107951164245605e-01
1.000000000000000000e+00,4.520556330680847168e-01
1.000000000000000000e+00,3.412677049636840820e-01
1.000000000000000000e+00,4.086635112762451172e-01
1.000000000000000000e+00,3.960766494274139404e-01
1.000000000000000000e+00,3.362347483634948730e-01
1.000000000000000000e+00,5.632346272468566895e-01
1.000000000000000000e+00,4.472342431545257568e-01
1.000000000000000000e+00,3.298169374465942383e-01
1.000000000000000000e+00,4.461878538131713867e-01
1.000000000000000000e+00,3.571919202804565430e-01
1.000000000000000000e+00,4.390003085136413574e-01
1.000000000000000000e+00,4.575089812278747559e-01
1.000000000000000000e+00,5.142236948013305664e-01
1.000000000000000000e+00,5.213789343833923340e-01
1.000000000000000000e+00,4.814893007278442383e-01
1.000000000000000000e+00,4.540363550186157227e-01
1.000000000000000000e+00,4.578604996204376221e-01
1.000000000000000000e+00,4.605915844440460205e-01
1.000000000000000000e+00,4.340680837631225586e-01
1.000000000000000000e+00,4.590201079845428467e-01
1.000000000000000000e+00,4.904193580150604248e-01
1.000000000000000000e+00,4.816286563873291016e-01
1.000000000000000000e+00,3.947404623031616211e-01
1.000000000000000000e+00,4.307808578014373779e-01
1.000000000000000000e+00,4.361905455589294434e-01
1.000000000000000000e+00,4.591483473777770996e-01
1.000000000000000000e+00,4.304074048995971680e-01
1.000000000000000000e+00,4.581518769264221191e-01
1.000000000000000000e+00,4.076562225818634033e-01
1.000000000000000000e+00,5.152723193168640137e-01
1.000000000000000000e+00,4.590220451354980469e-01
1.000000000000000000e+00,4.483645558357238770e-01
1.000000000000000000e+00,3.540721237659454346e-01
1.000000000000000000e+00,5.359801054000854492e-01
1.000000000000000000e+00,3.812639713287353516e-01
1.000000000000000000e+00,4.040563702583312988e-01
1.000000000000000000e+00,4.215969443321228027e-01
1.000000000000000000e+00,3.757754564285278320e-01
1.000000000000000000e+00,4.523565173149108887e-01
1.000000000000000000e+00,4.391421675682067871e-01
1.000000000000000000e+00,4.394017457962036133e-01
1.000000000000000000e+00,4.595106542110443115e-01
1.000000000000000000e+00,3.942834138870239258e-01
1.000000000000000000e+00,5.099084377288818359e-01
1.000000000000000000e+00,4.185696244239807129e-01
1.000000000000000000e+00,5.040413141250610352e-01
1.000000000000000000e+00,4.717636704444885254e-01
1.000000000000000000e+00,3.459991216659545898e-01
1.000000000000000000e+00,4.434018731117248535e-01
1.000000000000000000e+00,3.330121338367462158e-01
1.000000000000000000e+00,4.113637506961822510e-01
1.000000000000000000e+00,3.767365515232086182e-01
1.000000000000000000e+00,4.741406738758087158e-01
1.000000000000000000e+00,4.749174416065216064e-01
1.000000000000000000e+00,4.408175945281982422e-01
1.000000000000000000e+00,4.241524338722229004e-01
1.000000000000000000e+00,4.663000702857971191e-01
1.000000000000000000e+00,3.795365989208221436e-01
1.000000000000000000e+00,4.105309545993804932e-01
1.000000000000000000e+00,4.991781711578369141e-01
1.000000000000000000e+00,5.039044022560119629e-01
1.000000000000000000e+00,4.561149477958679199e-01
1.000000000000000000e+00,4.882934391498565674e-01
1.000000000000000000e+00,3.860507011413574219e-01
1.000000000000000000e+00,4.776972532272338867e-01
1.000000000000000000e+00,4.628222286701202393e-01
1.000000000000000000e+00,4.789390563964843750e-01
1.000000000000000000e+00,5.467160344123840332e-01
1.000000000000000000e+00,3.905007839202880859e-01
1.000000000000000000e+00,3.955029249191284180e-01
1.000000000000000000e+00,4.202431142330169678e-01
1.000000000000000000e+00,3.587670624256134033e-01
1.000000000000000000e+00,4.224954247474670410e-01
1.000000000000000000e+00,3.924937546253204346e-01
1.000000000000000000e+00,3.888922035694122314e-01
1.000000000000000000e+00,4.536924362182617188e-01
1.000000000000000000e+00,4.622847437858581543e-01
1.000000000000000000e+00,4.859053194522857666e-01
1.000000000000000000e+00,4.706724286079406738e-01
1.000000000000000000e+00,3.553455770015716553e-01
1.000000000000000000e+00,4.201494753360748291e-01
1.000000000000000000e+00,4.232077598571777344e-01
1.000000000000000000e+00,4.399957656860351562e-01
1.000000000000000000e+00,3.881778717041015625e-01
1.000000000000000000e+00,3.385634720325469971e-01
1.000000000000000000e+00,3.941911458969116211e-01
1.000000000000000000e+00,3.606879711151123047e-01
1.000000000000000000e+00,3.938887119293212891e-01
1.000000000000000000e+00,4.325281679630279541e-01
1.000000000000000000e+00,4.099233150482177734e-01
1.000000000000000000e+00,4.488474726676940918e-01
1.000000000000000000e+00,3.572481274604797363e-01
1.000000000000000000e+00,4.506720006465911865e-01
1.000000000000000000e+00,4.823225140571594238e-01
1.000000000000000000e+00,3.193089663982391357e-01
1.000000000000000000e+00,4.606626629829406738e-01
1.000000000000000000e+00,4.188546538352966309e-01
1.000000000000000000e+00,4.426717162132263184e-01
1.000000000000000000e+00,4.000707268714904785e-01
1.000000000000000000e+00,3.942684531211853027e-01
1.000000000000000000e+00,4.352331757545471191e-01
1.000000000000000000e+00,3.717804551124572754e-01
1.000000000000000000e+00,5.344523787498474121e-01
1.000000000000000000e+00,4.428893327713012695e-01
1.000000000000000000e+00,3.699991405010223389e-01
1.000000000000000000e+00,4.305139780044555664e-01
1.000000000000000000e+00,3.994827270507812500e-01
1.000000000000000000e+00,4.231522083282470703e-01
1.000000000000000000e+00,4.532164931297302246e-01
1.000000000000000000e+00,3.736729025840759277e-01
1.000000000000000000e+00,4.157498478889465332e-01
1.000000000000000000e+00,5.196403264999389648e-01
1.000000000000000000e+00,3.957474231719970703e-01
1.000000000000000000e+00,5.601558685302734375e-01
1.000000000000000000e+00,4.994229078292846680e-01
1.000000000000000000e+00,4.834373295307159424e-01
1.000000000000000000e+00,4.651458859443664551e-01
1.000000000000000000e+00,3.924684524536132812e-01
1.000000000000000000e+00,4.492444396018981934e-01
1.000000000000000000e+00,4.448961317539215088e-01
1.000000000000000000e+00,4.214861392974853516e-01
1.000000000000000000e+00,3.553234040737152100e-01
1.000000000000000000e+00,4.920391142368316650e-01
1.000000000000000000e+00,4.510090947151184082e-01
1.000000000000000000e+00,4.590323269367218018e-01
1.000000000000000000e+00,4.909734129905700684e-01
1.000000000000000000e+00,4.695431590080261230e-01
1.000000000000000000e+00,5.655056834220886230e-01
1.000000000000000000e+00,4.831741154193878174e-01
1.000000000000000000e+00,5.007782578468322754e-01
1.000000000000000000e+00,4.480504393577575684e-01
1.000000000000000000e+00,4.812477231025695801e-01
1.000000000000000000e+00,4.760702848434448242e-01
1.000000000000000000e+00,5.257357358932495117e-01
1.000000000000000000e+00,4.559456706047058105e-01
1.000000000000000000e+00,4.788406491279602051e-01
1.000000000000000000e+00,6.257491707801818848e-01
1.000000000000000000e+00,4.215448796749114990e-01
1.000000000000000000e+00,4.622269272804260254e-01
1.000000000000000000e+00,3.626116812229156494e-01
1.000000000000000000e+00,4.546667039394378662e-01
1.000000000000000000e+00,4.310066103935241699e-01
1.000000000000000000e+00,4.529854655265808105e-01
1.000000000000000000e+00,3.595947921276092529e-01
1.000000000000000000e+00,4.490260779857635498e-01
1.000000000000000000e+00,4.010720252990722656e-01
1.000000000000000000e+00,3.690367937088012695e-01
1.000000000000000000e+00,4.643024802207946777e-01
1.000000000000000000e+00,4.055693149566650391e-01
1.000000000000000000e+00,4.449706375598907471e-01
1.000000000000000000e+00,3.478772640228271484e-01
1.000000000000000000e+00,4.017277956008911133e-01
1.000000000000000000e+00,3.967684805393218994e-01
1.000000000000000000e+00,3.756414651870727539e-01
1.000000000000000000e+00,4.176039397716522217e-01
1.000000000000000000e+00,4.905917942523956299e-01
1.000000000000000000e+00,3.756767213344573975e-01
1.000000000000000000e+00,4.199827909469604492e-01
1.000000000000000000e+00,3.905158936977386475e-01
1.000000000000000000e+00,3.940799236297607422e-01
1.000000000000000000e+00,3.812340795993804932e-01
1.000000000000000000e+00,3.711971640586853027e-01
1.000000000000000000e+00,4.217563867568969727e-01
1.000000000000000000e+00,4.798809885978698730e-01
1.000000000000000000e+00,3.749082386493682861e-01
1.000000000000000000e+00,4.848490357398986816e-01
1.000000000000000000e+00,4.483296871185302734e-01
1.000000000000000000e+00,3.616209030151367188e-01
1.000000000000000000e+00,4.315677583217620850e-01
1.000000000000000000e+00,4.761460423469543457e-01
1.000000000000000000e+00,4.527516961097717285e-01
1.000000000000000000e+00,3.513328731060028076e-01
1.000000000000000000e+00,4.103769659996032715e-01
1.000000000000000000e+00,4.331361353397369385e-01
1.000000000000000000e+00,4.655407369136810303e-01
1.000000000000000000e+00,4.169765710830688477e-01
1.000000000000000000e+00,4.213758409023284912e-01
1.000000000000000000e+00,5.000912547111511230e-01
1.000000000000000000e+00,3.979602754116058350e-01
1.000000000000000000e+00,3.334877192974090576e-01
1.000000000000000000e+00,4.693256616592407227e-01
1.000000000000000000e+00,4.765176177024841309e-01
1.000000000000000000e+00,5.140354633331298828e-01
1.000000000000000000e+00,4.538485407829284668e-01
1.000000000000000000e+00,4.388985931873321533e-01
1.000000000000000000e+00,4.455682337284088135e-01
1.000000000000000000e+00,5.183865427970886230e-01
1.000000000000000000e+00,4.890410900115966797e-01
1.000000000000000000e+00,5.884832143783569336e-01
1.000000000000000000e+00,4.206376373767852783e-01
1.000000000000000000e+00,3.423760533332824707e-01
1.000000000000000000e+00,3.895917534828186035e-01
1.000000000000000000e+00,4.342550039291381836e-01
1.000000000000000000e+00,4.538373351097106934e-01
1.000000000000000000e+00,4.169031083583831787e-01
1.000000000000000000e+00,3.936623334884643555e-01
1.000000000000000000e+00,4.096364378929138184e-01
1.000000000000000000e+00,4.175219535827636719e-01
1.000000000000000000e+00,4.868323206901550293e-01
1.000000000000000000e+00,4.380725026130676270e-01
1.000000000000000000e+00,3.740758299827575684e-01
1.000000000000000000e+00,3.753522634506225586e-01
1.000000000000000000e+00,4.386017620563507080e-01
1.000000000000000000e+00,4.596021175384521484e-01
1.000000000000000000e+00,5.133202075958251953e-01
1.000000000000000000e+00,5.235131978988647461e-01
1.000000000000000000e+00,4.080237448215484619e-01
1.000000000000000000e+00,3.855661749839782715e-01
1.000000000000000000e+00,4.205411076545715332e-01
1.000000000000000000e+00,4.172216057777404785e-01
1.000000000000000000e+00,3.930152356624603271e-01
1.000000000000000000e+00,4.223650097846984863e-01
1.000000000000000000e+00,3.733167052268981934e-01
1.000000000000000000e+00,4.596589803695678711e-01
1.000000000000000000e+00,5.086498260498046875e-01
1.000000000000000000e+00,4.132203459739685059e-01
1.000000000000000000e+00,4.375334978103637695e-01
1.000000000000000000e+00,4.991702139377593994e-01
1.000000000000000000e+00,5.188075304031372070e-01
1.000000000000000000e+00,4.541984796524047852e-01
1.000000000000000000e+00,4.090023636817932129e-01
1.000000000000000000e+00,4.538727998733520508e-01
1.000000000000000000e+00,5.271189212799072266e-01
1.000000000000000000e+00,5.039005279541015625e-01
1.000000000000000000e+00,5.112400054931640625e-01
1.000000000000000000e+00,4.049915671348571777e-01
1.000000000000000000e+00,4.105348885059356689e-01
1.000000000000000000e+00,3.914953768253326416e-01
1.000000000000000000e+00,3.681672811508178711e-01
1.000000000000000000e+00,4.573307037353515625e-01
1.000000000000000000e+00,3.977679014205932617e-01
1.000000000000000000e+00,3.604040741920471191e-01
1.000000000000000000e+00,3.506152033805847168e-01
1.000000000000000000e+00,5.436110496520996094e-01
1.000000000000000000e+00,4.888608753681182861e-01
1.000000000000000000e+00,4.318413138389587402e-01
1.000000000000000000e+00,3.858419656753540039e-01
1.000000000000000000e+00,4.633846879005432129e-01
1.000000000000000000e+00,3.175638914108276367e-01
1.000000000000000000e+00,3.849843442440032959e-01
1.000000000000000000e+00,3.856689631938934326e-01
1.000000000000000000e+00,4.005976915359497070e-01
1.000000000000000000e+00,4.255268573760986328e-01
1.000000000000000000e+00,3.869211673736572266e-01
1.000000000000000000e+00,4.694985747337341309e-01
1.000000000000000000e+00,4.011016190052032471e-01
1.000000000000000000e+00,3.135121166706085205e-01
1.000000000000000000e+00,4.117206037044525146e-01
1.000000000000000000e+00,3.696690797805786133e-01
1.000000000000000000e+00,4.370544850826263428e-01
1.000000000000000000e+00,4.052443206310272217e-01
1.000000000000000000e+00,4.573601186275482178e-01
1.000000000000000000e+00,4.139470458030700684e-01
1.000000000000000000e+00,4.635017514228820801e-01
1.000000000000000000e+00,3.612941801548004150e-01
1.000000000000000000e+00,4.056113958358764648e-01
1.000000000000000000e+00,4.330919981002807617e-01
1.000000000000000000e+00,4.428703784942626953e-01
1.000000000000000000e+00,5.200973153114318848e-01
1.000000000000000000e+00,2.952924370765686035e-01
1.000000000000000000e+00,4.269980490207672119e-01
1.000000000000000000e+00,4.096144735813140869e-01
1.000000000000000000e+00,4.004041552543640137e-01
1.000000000000000000e+00,4.299992024898529053e-01
1.000000000000000000e+00,4.370282888412475586e-01
1.000000000000000000e+00,4.777029156684875488e-01
1.000000000000000000e+00,5.101484656333923340e-01
1.000000000000000000e+00,3.938377201557159424e-01
1.000000000000000000e+00,3.900572359561920166e-01
1.000000000000000000e+00,4.514846801757812500e-01
1.000000000000000000e+00,4.782756567001342773e-01
1.000000000000000000e+00,3.699141442775726318e-01
1.000000000000000000e+00,4.433581829071044922e-01
1.000000000000000000e+00,4.291173219680786133e-01
1.000000000000000000e+00,3.857909142971038818e-01
1.000000000000000000e+00,4.153941571712493896e-01
1.000000000000000000e+00,4.572507441043853760e-01
1.000000000000000000e+00,4.437126517295837402e-01
1.000000000000000000e+00,4.169824421405792236e-01
1.000000000000000000e+00,4.449815750122070312e-01
1.000000000000000000e+00,4.220755696296691895e-01
1.000000000000000000e+00,5.269549489021301270e-01
1.000000000000000000e+00,5.011463761329650879e-01
1.000000000000000000e+00,4.014647603034973145e-01
1.000000000000000000e+00,4.588868618011474609e-01
1.000000000000000000e+00,4.630196988582611084e-01
1.000000000000000000e+00,3.796424865722656250e-01
1.000000000000000000e+00,4.921853840351104736e-01
1.000000000000000000e+00,4.049882292747497559e-01
1.000000000000000000e+00,4.879657924175262451e-01
1.000000000000000000e+00,4.356252253055572510e-01
1.000000000000000000e+00,4.722099304199218750e-01
1.000000000000000000e+00,4.725542068481445312e-01
1.000000000000000000e+00,4.601862132549285889e-01
1.000000000000000000e+00,5.110290050506591797e-01
1.000000000000000000e+00,4.846560359001159668e-01
1.000000000000000000e+00,4.685440957546234131e-01
1.000000000000000000e+00,4.471124708652496338e-01
1.000000000000000000e+00,4.906641244888305664e-01
1.000000000000000000e+00,4.320777952671051025e-01
1.000000000000000000e+00,4.453045427799224854e-01
1.000000000000000000e+00,3.854339122772216797e-01
1.000000000000000000e+00,4.096251130104064941e-01
1.000000000000000000e+00,4.269572198390960693e-01
1.000000000000000000e+00,3.706979155540466309e-01
1.000000000000000000e+00,4.455904066562652588e-01
1.000000000000000000e+00,4.553979635238647461e-01
1.000000000000000000e+00,4.303942918777465820e-01
1.000000000000000000e+00,3.861126601696014404e-01
1.000000000000000000e+00,3.934699892997741699e-01
1.000000000000000000e+00,4.098283648490905762e-01
1.000000000000000000e+00,4.279018044471740723e-01
1.000000000000000000e+00,4.779245853424072266e-01
1.000000000000000000e+00,4.416558742523193359e-01
1.000000000000000000e+00,4.701853394508361816e-01
1.000000000000000000e+00,3.653990030288696289e-01
1.000000000000000000e+00,3.953126370906829834e-01
1.000000000000000000e+00,4.122237563133239746e-01
1.000000000000000000e+00,4.697700142860412598e-01
1.000000000000000000e+00,3.954000473022460938e-01
1.000000000000000000e+00,4.061877131462097168e-01
1.000000000000000000e+00,3.799043297767639160e-01
1.000000000000000000e+00,4.882589280605316162e-01
1.000000000000000000e+00,3.975056409835815430e-01
1.000000000000000000e+00,3.976854681968688965e-01
1.000000000000000000e+00,4.742811322212219238e-01
1.000000000000000000e+00,4.415058195590972900e-01
1.000000000000000000e+00,5.037550926208496094e-01
1.000000000000000000e+00,4.930908679962158203e-01
1.000000000000000000e+00,4.134306907653808594e-01
1.000000000000000000e+00,4.908252358436584473e-01
1.000000000000000000e+00,4.026889801025390625e-01
1.000000000000000000e+00,3.823417723178863525e-01
1.000000000000000000e+00,4.338808357715606689e-01
1.000000000000000000e+00,4.053686559200286865e-01
1.000000000000000000e+00,4.276742935180664062e-01
1.000000000000000000e+00,3.760344088077545166e-01
1.000000000000000000e+00,3.820974826812744141e-01
1.000000000000000000e+00,3.909808397293090820e-01
1.000000000000000000e+00,4.543749094009399414e-01
1.000000000000000000e+00,3.628908097743988037e-01
1.000000000000000000e+00,4.559000134468078613e-01
1.000000000000000000e+00,4.187479615211486816e-01
1.000000000000000000e+00,4.539117217063903809e-01
1.000000000000000000e+00,4.839070141315460205e-01
1.000000000000000000e+00,5.132364034652709961e-01
1.000000000000000000e+00,4.658327102661132812e-01
1.000000000000000000e+00,3.773652315139770508e-01
1.000000000000000000e+00,4.242739379405975342e-01
1.000000000000000000e+00,4.355073273181915283e-01
1.000000000000000000e+00,4.737064838409423828e-01
1.000000000000000000e+00,3.677395284175872803e-01
1.000000000000000000e+00,4.903353750705718994e-01
1.000000000000000000e+00,4.439483284950256348e-01
1.000000000000000000e+00,4.602617025375366211e-01
1.000000000000000000e+00,4.592315256595611572e-01
1.000000000000000000e+00,4.821549057960510254e-01
1.000000000000000000e+00,3.982874751091003418e-01
1.000000000000000000e+00,5.550539493560791016e-01
1.000000000000000000e+00,4.644607901573181152e-01
1.000000000000000000e+00,4.222165942192077637e-01
1.000000000000000000e+00,4.839148819446563721e-01
1.000000000000000000e+00,4.113161861896514893e-01
1.000000000000000000e+00,3.792457878589630127e-01
1.000000000000000000e+00,4.425770044326782227e-01
1.000000000000000000e+00,4.891096949577331543e-01
1.000000000000000000e+00,5.075178146362304688e-01
1.000000000000000000e+00,4.005699157714843750e-01
1.000000000000000000e+00,3.695841133594512939e-01
1.000000000000000000e+00,4.611262679100036621e-01
1.000000000000000000e+00,4.786311984062194824e-01
1.000000000000000000e+00,3.544291853904724121e-01
1.000000000000000000e+00,3.891218304634094238e-01
1.000000000000000000e+00,4.165409803390502930e-01
1.000000000000000000e+00,3.901153504848480225e-01
1.000000000000000000e+00,4.234055876731872559e-01
1.000000000000000000e+00,3.716242909431457520e-01
1.000000000000000000e+00,4.520000219345092773e-01
1.000000000000000000e+00,4.072838425636291504e-01
1.000000000000000000e+00,4.089943468570709229e-01
1.000000000000000000e+00,4.856640100479125977e-01
1.000000000000000000e+00,4.053100645542144775e-01
1.000000000000000000e+00,4.389984607696533203e-01
1.000000000000000000e+00,4.770225882530212402e-01
1.000000000000000000e+00,4.508288502693176270e-01
1.000000000000000000e+00,4.941005408763885498e-01
1.000000000000000000e+00,4.281577467918395996e-01
1.000000000000000000e+00,5.028399825096130371e-01
1.000000000000000000e+00,4.736789762973785400e-01
1.000000000000000000e+00,4.352701008319854736e-01
1.000000000000000000e+00,4.336444139480590820e-01
1.000000000000000000e+00,3.821877539157867432e-01
1.000000000000000000e+00,3.883315324783325195e-01
1.000000000000000000e+00,5.027898550033569336e-01
1.000000000000000000e+00,4.856679737567901611e-01
1.000000000000000000e+00,4.255498647689819336e-01
1.000000000000000000e+00,4.743508696556091309e-01
1.000000000000000000e+00,3.564298748970031738e-01
1.000000000000000000e+00,3.922306895256042480e-01
1.000000000000000000e+00,4.632191061973571777e-01
1.000000000000000000e+00,4.675858020782470703e-01
1.000000000000000000e+00,5.544936060905456543e-01
1.000000000000000000e+00,4.703122377395629883e-01
1.000000000000000000e+00,4.177888035774230957e-01
1.000000000000000000e+00,4.818342924118041992e-01
1.000000000000000000e+00,3.577529788017272949e-01
1.000000000000000000e+00,4.385250210762023926e-01
1.000000000000000000e+00,4.219826757907867432e-01
1.000000000000000000e+00,3.792407214641571045e-01
1.000000000000000000e+00,4.514306485652923584e-01
1.000000000000000000e+00,4.423741400241851807e-01
1.000000000000000000e+00,4.614021778106689453e-01
1.000000000000000000e+00,5.267552733421325684e-01
1.000000000000000000e+00,4.572049975395202637e-01
1.000000000000000000e+00,3.985753953456878662e-01
1.000000000000000000e+00,4.238795042037963867e-01
1.000000000000000000e+00,3.932640552520751953e-01
1.000000000000000000e+00,4.441125094890594482e-01
1.000000000000000000e+00,3.990810513496398926e-01
1.000000000000000000e+00,3.857496976852416992e-01
1.000000000000000000e+00,4.886155128479003906e-01
1.000000000000000000e+00,4.246420860290527344e-01
1.000000000000000000e+00,5.429062843322753906e-01
1.000000000000000000e+00,4.619473814964294434e-01
1.000000000000000000e+00,4.663197398185729980e-01
1.000000000000000000e+00,4.253145754337310791e-01
1.000000000000000000e+00,4.811075329780578613e-01
1.000000000000000000e+00,4.686817526817321777e-01
1.000000000000000000e+00,4.033320546150207520e-01
1.000000000000000000e+00,4.533652067184448242e-01
1.000000000000000000e+00,5.122818350791931152e-01
1.000000000000000000e+00,5.188173055648803711e-01
1.000000000000000000e+00,4.964947998523712158e-01
1.000000000000000000e+00,4.997360706329345703e-01
1.000000000000000000e+00,4.066214263439178467e-01
1.000000000000000000e+00,4.028474688529968262e-01
1.000000000000000000e+00,3.877498209476470947e-01
1.000000000000000000e+00,3.603967428207397461e-01
1.000000000000000000e+00,4.901520013809204102e-01
1.000000000000000000e+00,4.162893891334533691e-01
1.000000000000000000e+00,4.766333699226379395e-01
1.000000000000000000e+00,3.887425363063812256e-01
1.000000000000000000e+00,3.984988331794738770e-01
1.000000000000000000e+00,3.675719499588012695e-01
1.000000000000000000e+00,4.333858489990234375e-01
1.000000000000000000e+00,4.825476109981536865e-01
1.000000000000000000e+00,4.252724945545196533e-01
1.000000000000000000e+00,4.341962635517120361e-01
1.000000000000000000e+00,4.595274329185485840e-01
1.000000000000000000e+00,3.538166880607604980e-01
1.000000000000000000e+00,3.668088316917419434e-01
1.000000000000000000e+00,4.502542316913604736e-01
1.000000000000000000e+00,3.998779952526092529e-01
1.000000000000000000e+00,4.387231171131134033e-01
1.000000000000000000e+00,4.042595028877258301e-01
1.000000000000000000e+00,3.904799520969390869e-01
1.000000000000000000e+00,4.216499626636505127e-01
1.000000000000000000e+00,3.903201222419738770e-01
1.000000000000000000e+00,3.801034986972808838e-01
1.000000000000000000e+00,3.233501315116882324e-01
1.000000000000000000e+00,4.098549783229827881e-01
1.000000000000000000e+00,4.151294231414794922e-01
1.000000000000000000e+00,3.837440907955169678e-01
1.000000000000000000e+00,4.171782135963439941e-01
1.000000000000000000e+00,4.742519259452819824e-01
1.000000000000000000e+00,4.667201042175292969e-01
1.000000000000000000e+00,4.463582634925842285e-01
1.000000000000000000e+00,4.060319960117340088e-01
1.000000000000000000e+00,4.367408156394958496e-01
1.000000000000000000e+00,3.897913694381713867e-01
1.000000000000000000e+00,4.213951230049133301e-01
1.000000000000000000e+00,4.119657874107360840e-01
1.000000000000000000e+00,5.105742812156677246e-01
1.000000000000000000e+00,4.931940734386444092e-01
1.000000000000000000e+00,3.135655522346496582e-01
1.000000000000000000e+00,5.104122757911682129e-01
1.000000000000000000e+00,3.769443929195404053e-01
1.000000000000000000e+00,4.322463870048522949e-01
1.000000000000000000e+00,4.444009959697723389e-01
1.000000000000000000e+00,4.442135691642761230e-01
1.000000000000000000e+00,4.758964776992797852e-01
1.000000000000000000e+00,4.275831282138824463e-01
1.000000000000000000e+00,3.693470358848571777e-01
1.000000000000000000e+00,3.866423368453979492e-01
1.000000000000000000e+00,5.000053644180297852e-01
1.000000000000000000e+00,4.308440387248992920e-01
1.000000000000000000e+00,4.108599424362182617e-01
1.000000000000000000e+00,3.721967041492462158e-01
1.000000000000000000e+00,4.444633722305297852e-01
1.000000000000000000e+00,4.871010780334472656e-01
1.000000000000000000e+00,3.951768279075622559e-01
1.000000000000000000e+00,4.525199532508850098e-01
1.000000000000000000e+00,3.562835454940795898e-01
1.000000000000000000e+00,4.130064845085144043e-01
1.000000000000000000e+00,4.185111820697784424e-01
1.000000000000000000e+00,3.733504116535186768e-01
1.000000000000000000e+00,4.254433214664459229e-01
1.000000000000000000e+00,5.240537524223327637e-01
1.000000000000000000e+00,5.198311805725097656e-01
1.000000000000000000e+00,4.524441957473754883e-01
1.000000000000000000e+00,4.617229104042053223e-01
1.000000000000000000e+00,4.341067671775817871e-01
1.000000000000000000e+00,3.714188337326049805e-01
1.000000000000000000e+00,4.000535905361175537e-01
1.000000000000000000e+00,4.614559710025787354e-01
1.000000000000000000e+00,3.546969890594482422e-01
1.000000000000000000e+00,3.984826207160949707e-01
1.000000000000000000e+00,4.895547032356262207e-01
1.000000000000000000e+00,5.246334075927734375e-01
1.000000000000000000e+00,4.659085869789123535e-01
1.000000000000000000e+00,4.110666513442993164e-01
1.000000000000000000e+00,5.099735856056213379e-01
1.000000000000000000e+00,4.182119667530059814e-01
1.000000000000000000e+00,4.708492755889892578e-01
1.000000000000000000e+00,5.207814574241638184e-01
1.000000000000000000e+00,4.452157616615295410e-01
1.000000000000000000e+00,4.857096970081329346e-01
1.000000000000000000e+00,3.915710449218750000e-01
1.000000000000000000e+00,4.267159700393676758e-01
1.000000000000000000e+00,4.810707569122314453e-01
1.000000000000000000e+00,3.660051822662353516e-01
1.000000000000000000e+00,4.079191982746124268e-01
1.000000000000000000e+00,4.964196085929870605e-01
1.000000000000000000e+00,3.774251341819763184e-01
1.000000000000000000e+00,3.512645959854125977e-01
1.000000000000000000e+00,4.179110229015350342e-01
1.000000000000000000e+00,4.014999270439147949e-01
1.000000000000000000e+00,4.666391611099243164e-01
1.000000000000000000e+00,4.767005443572998047e-01
1.000000000000000000e+00,4.520599842071533203e-01
1.000000000000000000e+00,4.062177240848541260e-01
1.000000000000000000e+00,3.414923548698425293e-01
1.000000000000000000e+00,5.268356800079345703e-01
1.000000000000000000e+00,5.094040036201477051e-01
1.000000000000000000e+00,4.068498611450195312e-01
1.000000000000000000e+00,4.658196270465850830e-01
1.000000000000000000e+00,4.006443023681640625e-01
1.000000000000000000e+00,4.503275156021118164e-01
1.000000000000000000e+00,4.019123613834381104e-01
1.000000000000000000e+00,3.874785602092742920e-01
1.000000000000000000e+00,4.567928910255432129e-01
1.000000000000000000e+00,3.507684469223022461e-01
1.000000000000000000e+00,4.414034485816955566e-01
1.000000000000000000e+00,4.666441082954406738e-01
1.000000000000000000e+00,4.423373937606811523e-01
1.000000000000000000e+00,3.812230229377746582e-01
1.000000000000000000e+00,3.942860960960388184e-01
1.000000000000000000e+00,5.596050620079040527e-01
1.000000000000000000e+00,4.358281791210174561e-01
1.000000000000000000e+00,4.864510893821716309e-01
1.000000000000000000e+00,5.204131603240966797e-01
1.000000000000000000e+00,3.503001034259796143e-01
1.000000000000000000e+00,4.309995174407958984e-01
1.000000000000000000e+00,4.106311500072479248e-01
1.000000000000000000e+00,4.744717180728912354e-01
1.000000000000000000e+00,3.624302148818969727e-01
1.000000000000000000e+00,5.355795025825500488e-01
1.000000000000000000e+00,3.768178820610046387e-01
1.000000000000000000e+00,4.226943254470825195e-01
1.000000000000000000e+00,4.051815271377563477e-01
1.000000000000000000e+00,3.856016993522644043e-01
1.000000000000000000e+00,4.426751732826232910e-01
1.000000000000000000e+00,4.477421939373016357e-01
1.000000000000000000e+00,4.588134288787841797e-01
1.000000000000000000e+00,3.752598762512207031e-01
1.000000000000000000e+00,4.496997594833374023e-01
1.000000000000000000e+00,4.236715435981750488e-01
1.000000000000000000e+00,4.365940988063812256e-01
1.000000000000000000e+00,3.561029136180877686e-01
1.000000000000000000e+00,4.169391989707946777e-01
1.000000000000000000e+00,4.597398936748504639e-01
1.000000000000000000e+00,3.890448510646820068e-01
1.000000000000000000e+00,5.019962787628173828e-01
1.000000000000000000e+00,5.166774988174438477e-01
1.000000000000000000e+00,4.293711185455322266e-01
1.000000000000000000e+00,3.800476789474487305e-01
1.000000000000000000e+00,3.493069410324096680e-01
1.000000000000000000e+00,4.791145324707031250e-01
1.000000000000000000e+00,4.195239841938018799e-01
1.000000000000000000e+00,3.422344028949737549e-01
1.000000000000000000e+00,3.644728064537048340e-01
1.000000000000000000e+00,4.664189219474792480e-01
1.000000000000000000e+00,5.177302360534667969e-01
1.000000000000000000e+00,4.914739131927490234e-01
1.000000000000000000e+00,5.359594225883483887e-01
1.000000000000000000e+00,4.401423931121826172e-01
1.000000000000000000e+00,4.191645681858062744e-01
1.000000000000000000e+00,4.276047945022583008e-01
1.000000000000000000e+00,4.230854511260986328e-01
1.000000000000000000e+00,5.051530003547668457e-01
1.000000000000000000e+00,4.674069881439208984e-01
1.000000000000000000e+00,4.980179965496063232e-01
1.000000000000000000e+00,4.155054986476898193e-01
1.000000000000000000e+00,4.423802793025970459e-01
1.000000000000000000e+00,5.016434788703918457e-01
1.000000000000000000e+00,4.776382744312286377e-01
1.000000000000000000e+00,3.466054797172546387e-01
1.000000000000000000e+00,3.569826483726501465e-01
1.000000000000000000e+00,3.777270913124084473e-01
1.000000000000000000e+00,3.790037930011749268e-01
1.000000000000000000e+00,4.328199028968811035e-01
1.000000000000000000e+00,4.618158936500549316e-01
1.000000000000000000e+00,4.659247398376464844e-01
1.000000000000000000e+00,4.262180924415588379e-01
1.000000000000000000e+00,3.274924457073211670e-01
1.000000000000000000e+00,3.842730522155761719e-01
1.000000000000000000e+00,4.597909152507781982e-01
1.000000000000000000e+00,3.915676474571228027e-01
1.000000000000000000e+00,4.644293189048767090e-01
1.000000000000000000e+00,3.919876217842102051e-01
1.000000000000000000e+00,4.273353815078735352e-01
1.000000000000000000e+00,4.061169028282165527e-01
1.000000000000000000e+00,4.255023002624511719e-01
1.000000000000000000e+00,4.379784464836120605e-01
1.000000000000000000e+00,4.465022087097167969e-01
1.000000000000000000e+00,4.219959080219268799e-01
1.000000000000000000e+00,5.097819566726684570e-01
1.000000000000000000e+00,3.552047312259674072e-01
1.000000000000000000e+00,4.040687382221221924e-01
1.000000000000000000e+00,4.640819430351257324e-01
1.000000000000000000e+00,5.029691457748413086e-01
1.000000000000000000e+00,4.353608489036560059e-01
1.000000000000000000e+00,3.677468001842498779e-01
1.000000000000000000e+00,4.143482446670532227e-01
1.000000000000000000e+00,3.601087331771850586e-01
1.000000000000000000e+00,3.729523122310638428e-01
1.000000000000000000e+00,4.409518837928771973e-01
1.000000000000000000e+00,4.217532575130462646e-01
1.000000000000000000e+00,4.337682723999023438e-01
1.000000000000000000e+00,4.036234915256500244e-01
1.000000000000000000e+00,3.963760733604431152e-01
1.000000000000000000e+00,5.019770860671997070e-01
1.000000000000000000e+00,4.562274217605590820e-01
1.000000000000000000e+00,4.262831807136535645e-01
1.000000000000000000e+00,4.442346096038818359e-01
1.000000000000000000e+00,4.754293859004974365e-01
1.000000000000000000e+00,4.026314318180084229e-01
1.000000000000000000e+00,4.110173285007476807e-01
1.000000000000000000e+00,5.758962631225585938e-01
1.000000000000000000e+00,4.071514904499053955e-01
1.000000000000000000e+00,3.765439391136169434e-01
1.000000000000000000e+00,4.317774772644042969e-01
1.000000000000000000e+00,4.623408913612365723e-01
1.000000000000000000e+00,4.563274383544921875e-01
1.000000000000000000e+00,6.146014928817749023e-01
1.000000000000000000e+00,4.018463790416717529e-01
1.000000000000000000e+00,4.029932618141174316e-01
1.000000000000000000e+00,4.085595309734344482e-01
1.000000000000000000e+00,3.980140984058380127e-01
1.000000000000000000e+00,4.513221979141235352e-01
1.000000000000000000e+00,3.849163651466369629e-01
1.000000000000000000e+00,4.109353423118591309e-01
1.000000000000000000e+00,4.682192802429199219e-01
1.000000000000000000e+00,3.552507758140563965e-01
1.000000000000000000e+00,3.970832824707031250e-01
1.000000000000000000e+00,3.891208767890930176e-01
1.000000000000000000e+00,4.068225324153900146e-01
1.000000000000000000e+00,4.361970722675323486e-01
1.000000000000000000e+00,5.764258503913879395e-01
1.000000000000000000e+00,4.175840020179748535e-01
1.000000000000000000e+00,4.398586452007293701e-01
1.000000000000000000e+00,4.167293310165405273e-01
1.000000000000000000e+00,4.050760269165039062e-01
1.000000000000000000e+00,4.926035702228546143e-01
1.000000000000000000e+00,4.622444510459899902e-01
1.000000000000000000e+00,4.494398832321166992e-01
1.000000000000000000e+00,4.189169406890869141e-01
1.000000000000000000e+00,4.920219182968139648e-01
1.000000000000000000e+00,4.734472334384918213e-01
1.000000000000000000e+00,3.852389156818389893e-01
1.000000000000000000e+00,3.916089832782745361e-01
1.000000000000000000e+00,3.490787744522094727e-01
1.000000000000000000e+00,3.786955177783966064e-01
1.000000000000000000e+00,3.669064640998840332e-01
1.000000000000000000e+00,4.160835444927215576e-01
1.000000000000000000e+00,3.305542469024658203e-01
1.000000000000000000e+00,4.453810453414916992e-01
1.000000000000000000e+00,4.580588042736053467e-01
1.000000000000000000e+00,4.175086617469787598e-01
1.000000000000000000e+00,4.598920345306396484e-01
1.000000000000000000e+00,4.536033570766448975e-01
1.000000000000000000e+00,4.166073501110076904e-01
1.000000000000000000e+00,4.251349568367004395e-01
1.000000000000000000e+00,4.808362126350402832e-01
1.000000000000000000e+00,4.300472736358642578e-01
1.000000000000000000e+00,4.736891388893127441e-01
1.000000000000000000e+00,4.421668648719787598e-01
1.000000000000000000e+00,4.672296047210693359e-01
1.000000000000000000e+00,5.097125172615051270e-01
1.000000000000000000e+00,4.509090185165405273e-01
1.000000000000000000e+00,6.097440719604492188e-01
1.000000000000000000e+00,4.139393568038940430e-01
1.000000000000000000e+00,3.817427754402160645e-01
1.000000000000000000e+00,4.280835986137390137e-01
1.000000000000000000e+00,4.974688291549682617e-01
1.000000000000000000e+00,3.685516417026519775e-01
1.000000000000000000e+00,4.331761598587036133e-01
1.000000000000000000e+00,4.215576946735382080e-01
1.000000000000000000e+00,4.111845195293426514e-01
1.000000000000000000e+00,4.534351825714111328e-01
1.000000000000000000e+00,3.289468884468078613e-01
1.000000000000000000e+00,3.811094760894775391e-01
1.000000000000000000e+00,4.560018777847290039e-01
1.000000000000000000e+00,5.142961740493774414e-01
1.000000000000000000e+00,3.930185139179229736e-01
1.000000000000000000e+00,4.516150951385498047e-01
1.000000000000000000e+00,3.374819755554199219e-01
1.000000000000000000e+00,3.651777803897857666e-01
1.000000000000000000e+00,3.924579322338104248e-01
1.000000000000000000e+00,5.354616641998291016e-01
1.000000000000000000e+00,5.069992542266845703e-01
1.000000000000000000e+00,3.485826849937438965e-01
1.000000000000000000e+00,4.235315918922424316e-01
1.000000000000000000e+00,3.721883296966552734e-01
1.000000000000000000e+00,3.892927169799804688e-01
1.000000000000000000e+00,4.164074659347534180e-01
1.000000000000000000e+00,3.932309150695800781e-01
1.000000000000000000e+00,4.268645048141479492e-01
1.000000000000000000e+00,3.651441335678100586e-01
1.000000000000000000e+00,3.996293544769287109e-01
1.000000000000000000e+00,4.215242266654968262e-01
1.000000000000000000e+00,4.535390734672546387e-01
1.000000000000000000e+00,3.827562630176544189e-01
1.000000000000000000e+00,3.827846646308898926e-01
1.000000000000000000e+00,4.058064222335815430e-01
1.000000000000000000e+00,4.994802474975585938e-01
1.000000000000000000e+00,4.202545881271362305e-01
1.000000000000000000e+00,3.807952105998992920e-01
1.000000000000000000e+00,4.412455558776855469e-01
1.000000000000000000e+00,5.119729042053222656e-01
1.000000000000000000e+00,4.565308988094329834e-01
1.000000000000000000e+00,3.274475336074829102e-01
1.000000000000000000e+00,3.627795577049255371e-01
1.000000000000000000e+00,4.314168095588684082e-01
1.000000000000000000e+00,3.411401510238647461e-01
1.000000000000000000e+00,4.032421112060546875e-01
1.000000000000000000e+00,4.417397975921630859e-01
1.000000000000000000e+00,4.380694627761840820e-01
1.000000000000000000e+00,3.458429276943206787e-01
1.000000000000000000e+00,3.563565015792846680e-01
1.000000000000000000e+00,4.166594743728637695e-01
1.000000000000000000e+00,4.830555021762847900e-01
1.000000000000000000e+00,4.380626082420349121e-01
1.000000000000000000e+00,3.699363470077514648e-01
1.000000000000000000e+00,3.935582041740417480e-01
1.000000000000000000e+00,4.026461839675903320e-01
1.000000000000000000e+00,3.797968626022338867e-01
1.000000000000000000e+00,4.209789931774139404e-01
1.000000000000000000e+00,3.566859960556030273e-01
1.000000000000000000e+00,4.548564255237579346e-01
1.000000000000000000e+00,4.563580453395843506e-01
1.000000000000000000e+00,4.312039911746978760e-01
1.000000000000000000e+00,4.162386953830718994e-01
1.000000000000000000e+00,4.656710922718048096e-01
1.000000000000000000e+00,4.947567582130432129e-01
1.000000000000000000e+00,4.439840316772460938e-01
1.000000000000000000e+00,4.029933810234069824e-01
1.000000000000000000e+00,5.602826476097106934e-01
1.000000000000000000e+00,4.308921098709106445e-01
1.000000000000000000e+00,4.415387213230133057e-01
1.000000000000000000e+00,4.918762445449829102e-01
1.000000000000000000e+00,4.308234155178070068e-01
1.000000000000000000e+00,4.208098351955413818e-01
1.000000000000000000e+00,3.421695232391357422e-01
1.000000000000000000e+00,4.179560244083404541e-01
1.000000000000000000e+00,3.895348310470581055e-01
1.000000000000000000e+00,4.261070489883422852e-01
1.000000000000000000e+00,4.980745613574981689e-01
1.000000000000000000e+00,4.798003137111663818e-01
1.000000000000000000e+00,3.622923791408538818e-01
1.000000000000000000e+00,4.167525172233581543e-01
1.000000000000000000e+00,4.095595777034759521e-01
1.000000000000000000e+00,3.939138352870941162e-01
1.000000000000000000e+00,4.355291128158569336e-01
1.000000000000000000e+00,4.802444279193878174e-01
1.000000000000000000e+00,4.070983529090881348e-01
1.000000000000000000e+00,4.932800531387329102e-01
1.000000000000000000e+00,3.739557564258575439e-01
1.000000000000000000e+00,4.273198843002319336e-01
1.000000000000000000e+00,4.433061182498931885e-01
1.000000000000000000e+00,5.075314640998840332e-01
1.000000000000000000e+00,3.632043898105621338e-01
1.000000000000000000e+00,3.668784201145172119e-01
1.000000000000000000e+00,3.785830140113830566e-01
1.000000000000000000e+00,3.903299868106842041e-01
1.000000000000000000e+00,3.585499525070190430e-01
1.000000000000000000e+00,4.082440733909606934e-01
1.000000000000000000e+00,3.981592953205108643e-01
1.000000000000000000e+00,5.623210668563842773e-01
1.000000000000000000e+00,3.489916324615478516e-01
1.000000000000000000e+00,4.863829016685485840e-01
1.000000000000000000e+00,4.882770180702209473e-01
1.000000000000000000e+00,4.426990151405334473e-01
1.000000000000000000e+00,4.253192543983459473e-01
1.000000000000000000e+00,4.449037015438079834e-01
1.000000000000000000e+00,4.448146820068359375e-01
1.000000000000000000e+00,4.857975244522094727e-01
1.000000000000000000e+00,4.208799004554748535e-01
1.000000000000000000e+00,4.640020728111267090e-01
1.000000000000000000e+00,3.805335760116577148e-01
1.000000000000000000e+00,3.995568752288818359e-01
1.000000000000000000e+00,4.517343938350677490e-01
1.000000000000000000e+00,5.011921525001525879e-01
1.000000000000000000e+00,4.870931506156921387e-01
1.000000000000000000e+00,3.690754175186157227e-01
1.000000000000000000e+00,4.072989821434020996e-01
1.000000000000000000e+00,3.857691884040832520e-01
1.000000000000000000e+00,4.325020909309387207e-01
1.000000000000000000e+00,3.545258045196533203e-01
1.000000000000000000e+00,4.295697212219238281e-01
1.000000000000000000e+00,3.362204730510711670e-01
1.000000000000000000e+00,3.867658078670501709e-01
1.000000000000000000e+00,4.702427983283996582e-01
1.000000000000000000e+00,3.656436204910278320e-01
1.000000000000000000e+00,4.222672581672668457e-01
1.000000000000000000e+00,4.961145520210266113e-01
1.000000000000000000e+00,3.886496424674987793e-01
1.000000000000000000e+00,5.047432184219360352e-01
1.000000000000000000e+00,4.499823749065399170e-01
1.000000000000000000e+00,3.552366495132446289e-01
1.000000000000000000e+00,4.738843441009521484e-01
1.000000000000000000e+00,4.898628592491149902e-01
1.000000000000000000e+00,3.102371096611022949e-01
1.000000000000000000e+00,3.833483457565307617e-01
1.000000000000000000e+00,4.074448049068450928e-01
1.000000000000000000e+00,4.229012131690979004e-01
1.000000000000000000e+00,4.013088941574096680e-01
1.000000000000000000e+00,4.137861132621765137e-01
1.000000000000000000e+00,4.238071441650390625e-01
1.000000000000000000e+00,4.167546033859252930e-01
1.000000000000000000e+00,3.719178140163421631e-01
1.000000000000000000e+00,4.818627238273620605e-01
1.000000000000000000e+00,4.579416513442993164e-01
1.000000000000000000e+00,3.971949815750122070e-01
1.000000000000000000e+00,4.405393004417419434e-01
1.000000000000000000e+00,4.135216474533081055e-01
1.000000000000000000e+00,4.936378598213195801e-01
1.000000000000000000e+00,4.562365412712097168e-01
1.000000000000000000e+00,4.839002490043640137e-01
1.000000000000000000e+00,4.229977726936340332e-01
1.000000000000000000e+00,3.667839169502258301e-01
1.000000000000000000e+00,4.209449291229248047e-01
1.000000000000000000e+00,3.427474498748779297e-01
1.000000000000000000e+00,4.676351547241210938e-01
1.000000000000000000e+00,4.735951423645019531e-01
1.000000000000000000e+00,4.607128798961639404e-01
1.000000000000000000e+00,3.847186565399169922e-01
1.000000000000000000e+00,3.496224284172058105e-01
1.000000000000000000e+00,4.597963988780975342e-01
1.000000000000000000e+00,4.115757048130035400e-01
1.000000000000000000e+00,4.238194525241851807e-01
1.000000000000000000e+00,4.275382161140441895e-01
1.000000000000000000e+00,3.910469412803649902e-01
1.000000000000000000e+00,4.618450403213500977e-01
1.000000000000000000e+00,4.453438520431518555e-01
1.000000000000000000e+00,3.615789115428924561e-01
1.000000000000000000e+00,4.487581253051757812e-01
1.000000000000000000e+00,4.556848108768463135e-01
1.000000000000000000e+00,4.568623900413513184e-01
1.000000000000000000e+00,4.628115296363830566e-01
1.000000000000000000e+00,4.794849753379821777e-01
1.000000000000000000e+00,4.456936419010162354e-01
1.000000000000000000e+00,4.719901084899902344e-01
1.000000000000000000e+00,4.551068246364593506e-01
1.000000000000000000e+00,3.561804592609405518e-01
1.000000000000000000e+00,5.013213157653808594e-01
1.000000000000000000e+00,4.137327671051025391e-01
1.000000000000000000e+00,4.563078284263610840e-01
1.000000000000000000e+00,5.140258669853210449e-01
1.000000000000000000e+00,4.132544398307800293e-01
1.000000000000000000e+00,4.145810008049011230e-01
1.000000000000000000e+00,4.379138350486755371e-01
1.000000000000000000e+00,4.002069234848022461e-01
1.000000000000000000e+00,4.603912234306335449e-01
1.000000000000000000e+00,5.053148269653320312e-01
1.000000000000000000e+00,5.379288196563720703e-01
1.000000000000000000e+00,6.092554330825805664e-01
1.000000000000000000e+00,4.708830714225769043e-01
1.000000000000000000e+00,4.309826493263244629e-01
1.000000000000000000e+00,4.569402933120727539e-01
1.000000000000000000e+00,5.169072151184082031e-01
1.000000000000000000e+00,4.534649550914764404e-01
1.000000000000000000e+00,5.095281600952148438e-01
1.000000000000000000e+00,4.715257585048675537e-01
1.000000000000000000e+00,4.634071886539459229e-01
1.000000000000000000e+00,4.944868683815002441e-01
1.000000000000000000e+00,4.472033977508544922e-01
1.000000000000000000e+00,4.069818854331970215e-01
1.000000000000000000e+00,4.696510434150695801e-01
1.000000000000000000e+00,4.475140571594238281e-01
1.000000000000000000e+00,4.361155629158020020e-01
1.000000000000000000e+00,4.251313507556915283e-01
1.000000000000000000e+00,3.825233280658721924e-01
1.000000000000000000e+00,5.601634979248046875e-01
1.000000000000000000e+00,4.462797045707702637e-01
1.000000000000000000e+00,3.477112948894500732e-01
1.000000000000000000e+00,4.825035035610198975e-01
1.000000000000000000e+00,4.714659452438354492e-01
1.000000000000000000e+00,4.433885812759399414e-01
1.000000000000000000e+00,4.470376074314117432e-01
1.000000000000000000e+00,4.458601176738739014e-01
1.000000000000000000e+00,4.020141661167144775e-01
1.000000000000000000e+00,4.387010931968688965e-01
1.000000000000000000e+00,4.527931213378906250e-01
1.000000000000000000e+00,4.908447265625000000e-01
1.000000000000000000e+00,4.873070120811462402e-01
1.000000000000000000e+00,4.703151583671569824e-01
1.000000000000000000e+00,4.564601182937622070e-01
1.000000000000000000e+00,4.797888398170471191e-01
1.000000000000000000e+00,4.462663829326629639e-01
1.000000000000000000e+00,4.721291661262512207e-01
1.000000000000000000e+00,3.693556189537048340e-01
1.000000000000000000e+00,4.339341521263122559e-01
1.000000000000000000e+00,4.328967332839965820e-01
1.000000000000000000e+00,5.395901799201965332e-01
1.000000000000000000e+00,4.094682037830352783e-01
1.000000000000000000e+00,4.084984362125396729e-01
1.000000000000000000e+00,4.493472576141357422e-01
1.000000000000000000e+00,4.192520976066589355e-01
1.000000000000000000e+00,3.571268320083618164e-01
1.000000000000000000e+00,4.367177784442901611e-01
1.000000000000000000e+00,4.356321394443511963e-01
1.000000000000000000e+00,4.891021251678466797e-01
1.000000000000000000e+00,4.296552538871765137e-01
1.000000000000000000e+00,4.555978775024414062e-01
1.000000000000000000e+00,3.529978096485137939e-01
1.000000000000000000e+00,3.840805292129516602e-01
1.000000000000000000e+00,4.123600721359252930e-01
1.000000000000000000e+00,4.386598765850067139e-01
1.000000000000000000e+00,4.354306757450103760e-01
1.000000000000000000e+00,4.241873323917388916e-01
1.000000000000000000e+00,4.439160823822021484e-01
1.000000000000000000e+00,4.282906651496887207e-01
1.000000000000000000e+00,4.488661289215087891e-01
1.000000000000000000e+00,4.386703372001647949e-01
1.000000000000000000e+00,3.814413845539093018e-01
1.000000000000000000e+00,3.755117058753967285e-01
1.000000000000000000e+00,4.322904050350189209e-01
1.000000000000000000e+00,4.164144992828369141e-01
1.000000000000000000e+00,4.220107495784759521e-01
1.000000000000000000e+00,5.214325189590454102e-01
1.000000000000000000e+00,4.769832491874694824e-01
1.000000000000000000e+00,4.290398955345153809e-01
1.000000000000000000e+00,4.511346220970153809e-01
1.000000000000000000e+00,4.743421077728271484e-01
1.000000000000000000e+00,3.520724475383758545e-01
1.000000000000000000e+00,3.944706320762634277e-01
1.000000000000000000e+00,3.992542624473571777e-01
1.000000000000000000e+00,4.612887501716613770e-01
1.000000000000000000e+00,4.592888355255126953e-01
1.000000000000000000e+00,4.739181101322174072e-01
1.000000000000000000e+00,4.214887022972106934e-01
1.000000000000000000e+00,4.836979210376739502e-01
1.000000000000000000e+00,4.557339847087860107e-01
1.000000000000000000e+00,3.864028751850128174e-01
1.000000000000000000e+00,4.337128698825836182e-01
1.000000000000000000e+00,5.288637876510620117e-01
1.000000000000000000e+00,4.056260585784912109e-01
1.000000000000000000e+00,4.130528271198272705e-01
1.000000000000000000e+00,4.076811075210571289e-01
1.000000000000000000e+00,4.093833565711975098e-01
1.000000000000000000e+00,4.067369401454925537e-01
1.000000000000000000e+00,4.600039720535278320e-01
1.000000000000000000e+00,4.843105673789978027e-01
1.000000000000000000e+00,4.209493994712829590e-01
1.000000000000000000e+00,4.131584167480468750e-01
1.000000000000000000e+00,4.212906956672668457e-01
1.000000000000000000e+00,4.715322256088256836e-01
1.000000000000000000e+00,4.527210891246795654e-01
1.000000000000000000e+00,4.148857593536376953e-01
1.000000000000000000e+00,4.381192326545715332e-01
1.000000000000000000e+00,4.108015298843383789e-01
1.000000000000000000e+00,4.581211209297180176e-01
1.000000000000000000e+00,4.181432723999023438e-01
1.000000000000000000e+00,4.548438787460327148e-01
1.000000000000000000e+00,3.933566510677337646e-01
