label,score
0.000000000000000000e+00,-1.220352190187274921e+00
0.000000000000000000e+00,-1.385076489500067787e+00
0.000000000000000000e+00,-1.425566660614800307e+00
0.000000000000000000e+00,-1.413215263280452660e+00
0.000000000000000000e+00,-1.976003922501050170e+00
0.000000000000000000e+00,-9.859747440523070061e-01
0.000000000000000000e+00,-8.141576610000835768e-01
0.000000000000000000e+00,-1.586599960303896717e+00
0.000000000000000000e+00,-1.296704260313535917e+00
0.000000000000000000e+00,-1.714899173141650524e+00
0.000000000000000000e+00,-1.301391858674783686e+00
0.000000000000000000e+00,-1.474960302303001347e+00
0.000000000000000000e+00,-8.158987218785008766e-01
0.000000000000000000e+00,-1.485995810274910456e+00
0.000000000000000000e+00,-1.181644690729170888e+00
0.000000000000000000e+00,-8.179372380229422701e-01
0.000000000000000000e+00,-1.361969735967905715e+00
0.000000000000000000e+00,-1.620361132997618636e+00
0.000000000000000000e+00,-1.222482991622006354e+00
0.000000000000000000e+00,-8.155213409592793061e-01
0.000000000000000000e+00,-1.265573630380981696e+00
0.000000000000000000e+00,-1.267262780783610987e+00
0.000000000000000000e+00,-1.232835835638511401e+00
0.000000000000000000e+00,-1.239332884870087748e+00
0.000000000000000000e+00,-1.563021892610610752e+00
0.000000000000000000e+00,-8.515587468175199737e-01
0.000000000000000000e+00,-1.688138498897069129e+00
0.000000000000000000e+00,-1.414757745989585480e+00
0.000000000000000000e+00,-1.555026443375531198e+00
0.000000000000000000e+00,-1.471742264792041066e+00
0.000000000000000000e+00,-1.176850799488928345e+00
0.000000000000000000e+00,-2.988353640570773906e-01
0.000000000000000000e+00,-1.014081382776251594e+00
0.000000000000000000e+00,-1.379501469195585139e+00
0.000000000000000000e+00,-1.163742580376622371e+00
0.000000000000000000e+00,-1.315661471685872996e+00
0.000000000000000000e+00,-1.208322555405233034e+00
0.000000000000000000e+00,-7.448295726334387412e-01
0.000000000000000000e+00,-1.224069969024671689e+00
0.000000000000000000e+00,-1.424622796328843366e+00
0.000000000000000000e+00,-9.738697154840013637e-01
0.000000000000000000e+00,-1.850495515718762585e+00
0.000000000000000000e+00,-8.861977247406015168e-02
0.000000000000000000e+00,-1.038150540050009285e+00
0.000000000000000000e+00,-1.744297805929654999e+00
0.000000000000000000e+00,2.286006132001989766e-01
0.000000000000000000e+00,-7.968772403932831150e-01
0.000000000000000000e+00,-1.327253163326940655e+00
0.000000000000000000e+00,-1.041088425786874883e+00
0.000000000000000000e+00,-1.208378997747955097e+00
0.000000000000000000e+00,-1.151782159562297903e+00
0.000000000000000000e+00,-9.927655406587796438e-01
0.000000000000000000e+00,-1.579963247173176155e+00
0.000000000000000000e+00,-8.994647001876979742e-01
0.000000000000000000e+00,-4.833354947056280881e-01
0.000000000000000000e+00,-1.218439742341176135e+00
0.000000000000000000e+00,-7.356698455842543005e-01
0.000000000000000000e+00,-2.089424192219058618e+00
0.000000000000000000e+00,-4.888507767641641077e-01
0.000000000000000000e+00,-1.456097436160469494e+00
0.000000000000000000e+00,-1.258910962012367074e+00
0.000000000000000000e+00,-1.413538261796467799e+00
0.000000000000000000e+00,-1.946677593590036226e+00
0.000000000000000000e+00,-1.041433259661753263e+00
0.000000000000000000e+00,-1.529079445239533541e+00
0.000000000000000000e+00,-1.422740423599669457e+00
0.000000000000000000e+00,-1.131935466307210314e+00
0.000000000000000000e+00,-9.458446503648666459e-01
0.000000000000000000e+00,-1.183909800220306341e+00
0.000000000000000000e+00,-6.341234792209233806e-01
0.000000000000000000e+00,-4.164542024953772348e-01
0.000000000000000000e+00,-1.436329844582773463e+00
0.000000000000000000e+00,-1.311539120727651442e+00
0.000000000000000000e+00,-1.106664128332264241e+00
0.000000000000000000e+00,-1.429175674645783767e+00
0.000000000000000000e+00,-1.544245131939822713e+00
0.000000000000000000e+00,-1.273177691108134946e+00
0.000000000000000000e+00,-1.603305657785900173e+00
0.000000000000000000e+00,-4.755019567164591177e-01
0.000000000000000000e+00,-1.293273225056682962e+00
0.000000000000000000e+00,-9.460514682922128715e-01
0.000000000000000000e+00,-1.220249193211504934e+00
0.000000000000000000e+00,-9.366828633761666856e-01
0.000000000000000000e+00,-1.336805102859857541e+00
0.000000000000000000e+00,-1.703080064178082553e+00
0.000000000000000000e+00,-9.407697833747233895e-01
0.000000000000000000e+00,-1.032563160108434186e+00
0.000000000000000000e+00,-1.285362233341734939e+00
0.000000000000000000e+00,-1.040357971234713519e+00
0.000000000000000000e+00,-1.155729415661710391e+00
0.000000000000000000e+00,-1.105080446832823693e+00
0.000000000000000000e+00,-6.856508062591774033e-01
0.000000000000000000e+00,-5.635099885966681210e-01
0.000000000000000000e+00,-1.008920410314364524e+00
0.000000000000000000e+00,-1.777189272159974243e+00
0.000000000000000000e+00,-2.265574564035880645e+00
0.000000000000000000e+00,-1.098400062984376424e+00
0.000000000000000000e+00,-5.244362318927255906e-01
0.000000000000000000e+00,-1.936221958591712866e+00
0.000000000000000000e+00,-9.457045744778193042e-01
0.000000000000000000e+00,-1.644744637041426483e+00
0.000000000000000000e+00,-4.908221388804033802e-01
0.000000000000000000e+00,-5.369993910092565326e-01
0.000000000000000000e+00,-1.474146626194417831e+00
0.000000000000000000e+00,-1.291864638416051481e+00
0.000000000000000000e+00,-1.702876542153960893e+00
0.000000000000000000e+00,-3.207568283920774199e-01
0.000000000000000000e+00,-1.299215326582810359e+00
0.000000000000000000e+00,-7.408559493082291780e-01
0.000000000000000000e+00,-1.395263302391631433e+00
0.000000000000000000e+00,-1.161825188675686515e+00
0.000000000000000000e+00,2.786311881865621842e-01
0.000000000000000000e+00,-1.417179410883891544e+00
0.000000000000000000e+00,-1.516111714002177813e+00
0.000000000000000000e+00,-1.348681066154050479e+00
0.000000000000000000e+00,-7.650157439206645149e-01
0.000000000000000000e+00,-6.217209953865938665e-01
0.000000000000000000e+00,-1.429418335520698191e+00
0.000000000000000000e+00,-6.675789568905596827e-01
0.000000000000000000e+00,-1.412810691159627874e+00
0.000000000000000000e+00,-9.633318888990133333e-01
0.000000000000000000e+00,-9.983978272817904953e-01
0.000000000000000000e+00,-1.525162264257045930e+00
0.000000000000000000e+00,-1.128830313481694159e+00
0.000000000000000000e+00,-1.796629333354721636e+00
0.000000000000000000e+00,-1.484735951267290854e+00
0.000000000000000000e+00,-6.434451175160184055e-01
0.000000000000000000e+00,-1.196414869042502938e+00
0.000000000000000000e+00,-8.160309699953897100e-01
0.000000000000000000e+00,-8.223224372633290979e-01
0.000000000000000000e+00,-5.382934450128317172e-01
0.000000000000000000e+00,-1.530887660146152962e+00
0.000000000000000000e+00,-1.202391577552488933e+00
0.000000000000000000e+00,-1.360107550645982766e+00
0.000000000000000000e+00,-1.095848209912696936e+00
0.000000000000000000e+00,-1.465364692052357976e+00
0.000000000000000000e+00,-1.019941086721762868e+00
0.000000000000000000e+00,-5.574344029899427344e-01
0.000000000000000000e+00,-6.535178097584288803e-01
0.000000000000000000e+00,-1.359427358617997239e+00
0.000000000000000000e+00,-9.198960042772565959e-01
0.000000000000000000e+00,-1.255690040586085132e+00
0.000000000000000000e+00,-1.765316604769006092e+00
0.000000000000000000e+00,-1.468479320599645144e+00
0.000000000000000000e+00,-1.389170001305073843e+00
0.000000000000000000e+00,-1.141749842134389459e+00
0.000000000000000000e+00,-3.256545405838961460e-01
0.000000000000000000e+00,-7.083323882753606027e-01
0.000000000000000000e+00,-1.076412680584883486e+00
0.000000000000000000e+00,-2.109810036647173925e-01
0.000000000000000000e+00,-8.061115372529251699e-01
0.000000000000000000e+00,-1.698635950667555239e+00
0.000000000000000000e+00,-1.677091867251776947e+00
0.000000000000000000e+00,-1.361088081855313936e+00
0.000000000000000000e+00,-1.253340885562721274e+00
0.000000000000000000e+00,-1.261312027511519052e+00
0.000000000000000000e+00,-8.644992868532723751e-01
0.000000000000000000e+00,-6.023456162926300594e-01
0.000000000000000000e+00,-1.065828299366847309e+00
0.000000000000000000e+00,-1.812554313760387892e+00
0.000000000000000000e+00,-1.392060508433085264e+00
0.000000000000000000e+00,-1.080285366873838360e+00
0.000000000000000000e+00,-5.318886810715452995e-01
0.000000000000000000e+00,-1.522438200241879036e+00
0.000000000000000000e+00,-1.138214161950154235e+00
0.000000000000000000e+00,-1.024437934683884333e+00
0.000000000000000000e+00,-7.217767895165801972e-01
0.000000000000000000e+00,-1.463062503649945167e+00
0.000000000000000000e+00,-1.341537195914637826e+00
0.000000000000000000e+00,-1.108717888029119747e+00
0.000000000000000000e+00,-1.215411631253535907e+00
0.000000000000000000e+00,-9.154906176296188081e-01
0.000000000000000000e+00,-1.116502399457822037e+00
0.000000000000000000e+00,-1.635633936552708612e+00
0.000000000000000000e+00,-1.661134751789670405e+00
0.000000000000000000e+00,-1.643611670307955741e+00
0.000000000000000000e+00,-9.216823838250127743e-01
0.000000000000000000e+00,-1.383201944541052386e+00
0.000000000000000000e+00,-1.331194239607806917e+00
0.000000000000000000e+00,-9.192240520073325927e-01
0.000000000000000000e+00,-1.440682084790913642e+00
0.000000000000000000e+00,-1.129367133719407779e+00
0.000000000000000000e+00,-8.276580925961221080e-01
0.000000000000000000e+00,-7.122384455844649187e-01
0.000000000000000000e+00,-1.072966813763519767e+00
0.000000000000000000e+00,-1.652746678082955389e+00
0.000000000000000000e+00,-1.427294396888214856e-01
0.000000000000000000e+00,-1.471832902130718823e+00
0.000000000000000000e+00,-1.089207788890848683e+00
0.000000000000000000e+00,-7.655958228882016048e-01
0.000000000000000000e+00,-9.671567845912109052e-01
0.000000000000000000e+00,-8.996702821513350434e-01
0.000000000000000000e+00,-1.278916682598043586e+00
0.000000000000000000e+00,-7.865437598082228865e-01
0.000000000000000000e+00,-1.149707800470288532e+00
0.000000000000000000e+00,-9.342224716189710954e-01
0.000000000000000000e+00,-1.369795858174819303e+00
0.000000000000000000e+00,-1.189778567899685280e+00
0.000000000000000000e+00,-6.716905961633011790e-01
0.000000000000000000e+00,-8.838079239069370763e-01
0.000000000000000000e+00,-7.986331328362114013e-01
0.000000000000000000e+00,-1.162952799566417283e+00
0.000000000000000000e+00,-1.437077602626864126e+00
0.000000000000000000e+00,-9.792692289417719298e-01
0.000000000000000000e+00,-1.088553140112854090e+00
0.000000000000000000e+00,-1.874862746240398836e+00
0.000000000000000000e+00,-1.446729655220229560e+00
0.000000000000000000e+00,-1.135063278467395964e+00
0.000000000000000000e+00,-1.147281603709048747e+00
0.000000000000000000e+00,-1.480386594974472114e+00
0.000000000000000000e+00,-1.877867991999418118e+00
0.000000000000000000e+00,-7.743942365463846178e-01
0.000000000000000000e+00,-3.725634832286198184e-01
0.000000000000000000e+00,-1.296448415825723011e+00
0.000000000000000000e+00,-1.223164419613701037e+00
0.000000000000000000e+00,-1.156489121354990379e+00
0.000000000000000000e+00,-1.045815162998915415e+00
0.000000000000000000e+00,-7.062596771349635150e-01
0.000000000000000000e+00,-1.716616338721689061e+00
0.000000000000000000e+00,-1.141364633445009380e+00
0.000000000000000000e+00,-8.381073417819479010e-01
0.000000000000000000e+00,-1.758936148114001341e+00
0.000000000000000000e+00,-1.642971853094472134e+00
0.000000000000000000e+00,-1.123581999584354119e+00
0.000000000000000000e+00,-1.125006653753205743e+00
0.000000000000000000e+00,-7.007905377215724041e-01
0.000000000000000000e+00,-1.902120689883998184e+00
0.000000000000000000e+00,-1.032614246608416053e+00
0.000000000000000000e+00,-4.275873516003163566e-01
0.000000000000000000e+00,-1.600637624125551994e+00
0.000000000000000000e+00,-7.284419298126133535e-01
0.000000000000000000e+00,-1.354888075901858224e+00
0.000000000000000000e+00,-9.704568076948840716e-01
0.000000000000000000e+00,-9.220869559458376719e-01
0.000000000000000000e+00,-1.955057427538689829e+00
0.000000000000000000e+00,-9.506591410002630527e-01
0.000000000000000000e+00,-1.254998724884716310e+00
0.000000000000000000e+00,-9.035639798233470188e-01
0.000000000000000000e+00,-1.100303035108704419e+00
0.000000000000000000e+00,-1.271463409443417847e+00
0.000000000000000000e+00,2.550005270337863533e-02
0.000000000000000000e+00,-1.358888478440768210e+00
0.000000000000000000e+00,-1.063799670932080055e+00
0.000000000000000000e+00,-9.574371659817402236e-01
0.000000000000000000e+00,-1.396587019524228479e+00
0.000000000000000000e+00,-9.330973326556588621e-01
0.000000000000000000e+00,-1.752435249999192701e-01
0.000000000000000000e+00,-7.598790787450593331e-01
0.000000000000000000e+00,-2.199185803363762570e+00
0.000000000000000000e+00,-1.751689280898818701e+00
0.000000000000000000e+00,-1.659810622669170233e+00
0.000000000000000000e+00,-1.194176950752970701e+00
0.000000000000000000e+00,-1.298387230897618982e+00
0.000000000000000000e+00,-1.242119571046522930e+00
0.000000000000000000e+00,-1.918880357781304946e+00
0.000000000000000000e+00,-1.677060556171142691e+00
0.000000000000000000e+00,-1.288116784461730058e+00
0.000000000000000000e+00,-4.045358044471670245e-01
0.000000000000000000e+00,-1.508519188936310762e+00
0.000000000000000000e+00,-1.586718200832080816e+00
0.000000000000000000e+00,-1.383981013665777304e+00
0.000000000000000000e+00,-1.191487081733759501e+00
0.000000000000000000e+00,-8.596551330888541065e-01
0.000000000000000000e+00,-1.541969722751110217e+00
0.000000000000000000e+00,-1.109053658170130019e+00
0.000000000000000000e+00,-1.148302921720784742e+00
0.000000000000000000e+00,-1.118357992973295634e+00
0.000000000000000000e+00,-5.909075961394115728e-01
0.000000000000000000e+00,-7.903950227262176442e-01
0.000000000000000000e+00,-1.431057223399151646e+00
0.000000000000000000e+00,-5.111496220183857631e-01
0.000000000000000000e+00,-5.730046618110568035e-01
0.000000000000000000e+00,-1.161933953482099824e+00
0.000000000000000000e+00,-1.454547125681178388e+00
0.000000000000000000e+00,-1.259096356568753183e+00
0.000000000000000000e+00,-9.218636585023680663e-01
0.000000000000000000e+00,-1.278875895795638762e+00
0.000000000000000000e+00,-7.211971225369462335e-01
0.000000000000000000e+00,-6.261317378769716280e-01
0.000000000000000000e+00,-8.984779891598206891e-01
0.000000000000000000e+00,-9.211130165429557426e-01
0.000000000000000000e+00,-1.304550157939797117e+00
0.000000000000000000e+00,-4.270418796166380315e-01
0.000000000000000000e+00,-1.638124403426829190e+00
0.000000000000000000e+00,-4.851589531646615105e-01
0.000000000000000000e+00,-1.491231764535158044e+00
0.000000000000000000e+00,-1.145265334911373722e+00
0.000000000000000000e+00,-1.086491964633743201e+00
0.000000000000000000e+00,-7.924829774190286225e-01
0.000000000000000000e+00,-1.579199421600865128e+00
0.000000000000000000e+00,-1.783132609649810796e+00
0.000000000000000000e+00,-6.860310710937205236e-01
0.000000000000000000e+00,-5.299597537093232447e-01
0.000000000000000000e+00,-6.900463051971411632e-01
0.000000000000000000e+00,-1.820384555846332075e+00
0.000000000000000000e+00,-1.089679515039875701e+00
0.000000000000000000e+00,-1.091831739845567029e+00
0.000000000000000000e+00,-1.029699020206219950e+00
0.000000000000000000e+00,-8.466622705894104595e-01
0.000000000000000000e+00,-1.339251899016251413e+00
0.000000000000000000e+00,-1.789552617143511215e+00
0.000000000000000000e+00,-1.320764353853425721e+00
0.000000000000000000e+00,-1.503667207401734096e+00
0.000000000000000000e+00,-1.363578960717337418e+00
0.000000000000000000e+00,-8.564527511182108421e-01
0.000000000000000000e+00,-4.278506118703847005e-01
0.000000000000000000e+00,-1.121489513024609197e+00
0.000000000000000000e+00,-4.849389516244166365e-01
0.000000000000000000e+00,-1.309353936889713577e+00
0.000000000000000000e+00,-1.424900888163422641e+00
0.000000000000000000e+00,-7.733889860628686552e-01
0.000000000000000000e+00,-1.429490845391640175e+00
0.000000000000000000e+00,-3.415416181024789055e-01
0.000000000000000000e+00,-1.007653959500295793e+00
0.000000000000000000e+00,-1.272473191793867642e+00
0.000000000000000000e+00,-1.306801671830131184e+00
0.000000000000000000e+00,-9.560504146999719843e-01
0.000000000000000000e+00,-1.501259550096132767e+00
0.000000000000000000e+00,-7.799078706533083549e-01
0.000000000000000000e+00,-1.841461856967920641e+00
0.000000000000000000e+00,-1.186575361953235985e+00
0.000000000000000000e+00,-9.842901255166115471e-01
0.000000000000000000e+00,-1.104575349663647232e+00
0.000000000000000000e+00,-1.567755221629100415e+00
0.000000000000000000e+00,-1.213595176588854851e+00
0.000000000000000000e+00,-1.322025036836851575e+00
0.000000000000000000e+00,-6.603695805745574132e-01
0.000000000000000000e+00,-1.047777873369189816e+00
0.000000000000000000e+00,-1.093910218816607216e+00
0.000000000000000000e+00,7.274682542862820345e-02
0.000000000000000000e+00,-1.596470778473797703e+00
0.000000000000000000e+00,-1.012949240018586883e+00
0.000000000000000000e+00,-8.707252480446219245e-01
0.000000000000000000e+00,-1.656755732367829914e+00
0.000000000000000000e+00,-1.122445324959755464e+00
0.000000000000000000e+00,-1.468786663575343043e+00
0.000000000000000000e+00,-1.211710331932262408e+00
0.000000000000000000e+00,-1.000862197925912467e-01
0.000000000000000000e+00,-1.235836343536645288e+00
0.000000000000000000e+00,-1.149489858869559011e+00
0.000000000000000000e+00,-6.215500204068155066e-01
0.000000000000000000e+00,-1.114896470611614898e+00
0.000000000000000000e+00,-1.415009058610464443e+00
0.000000000000000000e+00,-7.703682907574839200e-01
0.000000000000000000e+00,-9.164789766091084866e-01
0.000000000000000000e+00,-1.432422139322056642e+00
0.000000000000000000e+00,-1.174133739268113930e+00
0.000000000000000000e+00,-1.485073369359913631e+00
0.000000000000000000e+00,-7.596265301604711029e-01
0.000000000000000000e+00,-1.611790548649838950e+00
0.000000000000000000e+00,-1.179609882475857185e+00
0.000000000000000000e+00,9.371526524701243588e-01
0.000000000000000000e+00,-1.707563728527305535e+00
0.000000000000000000e+00,-1.231922458457382241e+00
0.000000000000000000e+00,-1.200282199488717838e+00
0.000000000000000000e+00,-1.035621758300902417e+00
0.000000000000000000e+00,-1.080319973857697180e+00
0.000000000000000000e+00,-1.493411592530355936e+00
0.000000000000000000e+00,-1.422078771027322386e+00
0.000000000000000000e+00,-1.127003147131532934e+00
0.000000000000000000e+00,-1.460925110408764604e+00
0.000000000000000000e+00,-1.759614692190374585e+00
0.000000000000000000e+00,-1.245210716283334573e+00
0.000000000000000000e+00,-1.322294888913369215e+00
0.000000000000000000e+00,-1.761488413173583956e+00
0.000000000000000000e+00,-3.680085449721639534e-01
0.000000000000000000e+00,-1.003975319513691788e+00
0.000000000000000000e+00,-1.067373665991301568e+00
0.000000000000000000e+00,-1.561195550236255780e+00
0.000000000000000000e+00,-7.424495185173438649e-01
0.000000000000000000e+00,-1.379471806066563389e+00
0.000000000000000000e+00,-1.338310094669809880e+00
0.000000000000000000e+00,-1.297928688361490446e+00
0.000000000000000000e+00,-4.264230737862114151e-01
0.000000000000000000e+00,-1.567628329354951777e+00
0.000000000000000000e+00,-6.054598328520141015e-01
0.000000000000000000e+00,-6.927950884864929604e-01
0.000000000000000000e+00,-1.202775550278159855e+00
0.000000000000000000e+00,-6.121838874181878554e-01
0.000000000000000000e+00,-1.545603456056278580e+00
0.000000000000000000e+00,-1.336550494335753791e+00
0.000000000000000000e+00,-1.721859296776289128e+00
0.000000000000000000e+00,-1.140938637953224255e+00
0.000000000000000000e+00,-4.816306887626817801e-01
0.000000000000000000e+00,-1.252195971180060985e+00
0.000000000000000000e+00,-1.817755249048873756e+00
0.000000000000000000e+00,-1.481890350820715296e+00
0.000000000000000000e+00,-1.274731709478553965e+00
0.000000000000000000e+00,-1.292077636161943932e+00
0.000000000000000000e+00,-7.765060865375742472e-01
0.000000000000000000e+00,-7.739426978046086703e-01
0.000000000000000000e+00,-6.503331432676180412e-01
0.000000000000000000e+00,-7.065167575864856886e-01
0.000000000000000000e+00,-1.281126173722263228e+00
0.000000000000000000e+00,3.155737314678702110e-01
0.000000000000000000e+00,-1.340422768636805761e+00
0.000000000000000000e+00,-1.670609649584711365e+00
0.000000000000000000e+00,-1.573119304127206020e+00
0.000000000000000000e+00,-7.278527871112085990e-01
0.000000000000000000e+00,-1.288616937776069449e+00
0.000000000000000000e+00,-1.495448872711088173e+00
0.000000000000000000e+00,-7.332992671899302151e-01
0.000000000000000000e+00,-1.042177721802619361e+00
0.000000000000000000e+00,-1.470774505207705474e+00
0.000000000000000000e+00,-1.810620442543328990e+00
0.000000000000000000e+00,-2.974708601220754089e-01
0.000000000000000000e+00,-1.366906587010517038e+00
0.000000000000000000e+00,-1.791799187179008213e+00
0.000000000000000000e+00,-1.457721080486509058e+00
0.000000000000000000e+00,-7.816855984550998837e-01
0.000000000000000000e+00,-7.991761328924712471e-01
0.000000000000000000e+00,-1.071795532155062514e+00
0.000000000000000000e+00,-1.538469473526539844e+00
0.000000000000000000e+00,-1.275711004724175757e+00
0.000000000000000000e+00,-1.505313923050346059e+00
0.000000000000000000e+00,-9.790797145063548923e-01
0.000000000000000000e+00,-1.558233357213108405e+00
0.000000000000000000e+00,-1.332505185115408386e+00
0.000000000000000000e+00,-1.042533679350880593e+00
0.000000000000000000e+00,-1.332112560643772925e+00
0.000000000000000000e+00,-1.718698937571760066e+00
0.000000000000000000e+00,-1.461372117283606720e+00
0.000000000000000000e+00,-1.358151844070060621e+00
0.000000000000000000e+00,-1.601531637875236225e+00
0.000000000000000000e+00,-1.644006766707009737e+00
0.000000000000000000e+00,-1.402155448022261996e+00
0.000000000000000000e+00,6.198419444066269150e-03
0.000000000000000000e+00,-1.483646243263643472e+00
0.000000000000000000e+00,-6.800251114426157928e-01
0.000000000000000000e+00,-5.444501922364638480e-01
0.000000000000000000e+00,-1.920862843570927403e+00
0.000000000000000000e+00,2.737878583979501124e-01
0.000000000000000000e+00,-1.334524337828404850e+00
0.000000000000000000e+00,-1.665395530683327019e+00
0.000000000000000000e+00,-1.103000319910171223e+00
0.000000000000000000e+00,-5.617116613997225061e-01
0.000000000000000000e+00,-1.243908010533794517e+00
0.000000000000000000e+00,-1.611191930226663294e+00
0.000000000000000000e+00,-1.213132514173695720e+00
0.000000000000000000e+00,-1.333086912034557647e+00
0.000000000000000000e+00,-1.557046420064333914e+00
0.000000000000000000e+00,-9.252048803963494050e-01
0.000000000000000000e+00,-1.331154688769111027e+00
0.000000000000000000e+00,-1.149630346744509479e+00
0.000000000000000000e+00,-1.018197141928023797e+00
0.000000000000000000e+00,-1.608592286558226503e+00
0.000000000000000000e+00,-1.917592960586026185e-01
0.000000000000000000e+00,-1.473244372686671966e+00
0.000000000000000000e+00,-1.542118038396219193e+00
0.000000000000000000e+00,-1.042241991915499932e+00
0.000000000000000000e+00,-9.222690545989991051e-01
0.000000000000000000e+00,-1.105570712437489167e+00
0.000000000000000000e+00,-1.165317198142195254e+00
0.000000000000000000e+00,-5.650326958864528848e-01
0.000000000000000000e+00,-1.057603784857655160e+00
0.000000000000000000e+00,-1.323624373876609361e+00
0.000000000000000000e+00,6.007583497865077726e-01
0.000000000000000000e+00,-1.719715311728659213e+00
0.000000000000000000e+00,-1.453386555758201082e+00
0.000000000000000000e+00,-1.878709683285411103e+00
0.000000000000000000e+00,-5.057253892864304046e-01
0.000000000000000000e+00,-1.436564265699626031e+00
0.000000000000000000e+00,-1.111851468019948497e+00
0.000000000000000000e+00,-6.610604842880231091e-01
0.000000000000000000e+00,-1.669063458984450854e+00
0.000000000000000000e+00,-7.062938721309192092e-01
0.000000000000000000e+00,-1.067728799563756770e+00
0.000000000000000000e+00,-9.166998021251595574e-01
0.000000000000000000e+00,-9.122099579573903494e-01
0.000000000000000000e+00,-7.627325069617935105e-01
0.000000000000000000e+00,-1.269406765831240902e+00
0.000000000000000000e+00,-7.816814785760690665e-01
0.000000000000000000e+00,-1.130566842493177626e+00
0.000000000000000000e+00,-1.282529404520154737e+00
0.000000000000000000e+00,-1.007944822959870423e+00
0.000000000000000000e+00,-7.456016379638112923e-01
0.000000000000000000e+00,3.586507746260439999e-01
0.000000000000000000e+00,-6.253707962199822612e-01
0.000000000000000000e+00,-1.786715256454997292e+00
0.000000000000000000e+00,-1.396687544572580153e+00
0.000000000000000000e+00,-1.316235782822767097e+00
0.000000000000000000e+00,-1.556613420778196533e+00
0.000000000000000000e+00,-1.350191825794645917e+00
0.000000000000000000e+00,-8.586317551376025925e-01
0.000000000000000000e+00,-1.210746280239054506e+00
0.000000000000000000e+00,-1.354134550027124462e+00
0.000000000000000000e+00,-1.895672873206839748e+00
0.000000000000000000e+00,-1.431429248475633020e+00
0.000000000000000000e+00,-1.310755519735992802e+00
0.000000000000000000e+00,-1.255848243940868025e+00
0.000000000000000000e+00,-8.866798915793099312e-01
0.000000000000000000e+00,-1.454684729640807195e+00
0.000000000000000000e+00,-8.824693752098291544e-01
0.000000000000000000e+00,-5.789582989984702888e-01
0.000000000000000000e+00,-1.872779529408473254e+00
0.000000000000000000e+00,-1.383569849738503166e+00
0.000000000000000000e+00,-1.635826746891350325e+00
0.000000000000000000e+00,-1.300384960239655330e+00
0.000000000000000000e+00,-1.611305638887913450e+00
0.000000000000000000e+00,-1.593776377587652560e+00
0.000000000000000000e+00,-1.147028643136557280e+00
0.000000000000000000e+00,-1.461966615827751559e+00
0.000000000000000000e+00,-1.437002620828503607e+00
0.000000000000000000e+00,-2.916581227975153512e-01
0.000000000000000000e+00,-8.386408661164369560e-01
0.000000000000000000e+00,-1.499632197878965512e+00
0.000000000000000000e+00,-1.829862337556694696e+00
0.000000000000000000e+00,-1.993685619325450853e+00
0.000000000000000000e+00,-1.073046327428814450e+00
0.000000000000000000e+00,-1.233878165033304386e+00
0.000000000000000000e+00,-8.452483281060388931e-01
0.000000000000000000e+00,-8.799776723719995308e-01
0.000000000000000000e+00,-1.211693852416139139e+00
0.000000000000000000e+00,-1.424830850219898970e+00
0.000000000000000000e+00,-1.938903175864959305e+00
0.000000000000000000e+00,-1.017232266259009865e+00
0.000000000000000000e+00,-7.629953552439586728e-01
0.000000000000000000e+00,-1.443858511523662846e+00
0.000000000000000000e+00,-1.159398991914446730e+00
0.000000000000000000e+00,-1.458443707268511913e+00
0.000000000000000000e+00,-1.567824023608914930e+00
0.000000000000000000e+00,-1.253494145062667098e+00
0.000000000000000000e+00,-1.123783049681057244e+00
0.000000000000000000e+00,-1.113315673027495789e+00
0.000000000000000000e+00,-1.474829702137725018e+00
0.000000000000000000e+00,-7.705804645275702303e-01
0.000000000000000000e+00,-8.577888278879003403e-01
0.000000000000000000e+00,-1.047816188244176328e+00
0.000000000000000000e+00,-8.822617333066766765e-01
0.000000000000000000e+00,3.900969872923576443e-01
0.000000000000000000e+00,-9.503550939277898291e-01
0.000000000000000000e+00,-1.297707450857536360e+00
0.000000000000000000e+00,-1.162528452026244663e+00
0.000000000000000000e+00,-1.355928345357136022e+00
0.000000000000000000e+00,-1.217548612506813566e+00
0.000000000000000000e+00,4.077325414716132523e-01
0.000000000000000000e+00,-1.137469146829280658e-01
0.000000000000000000e+00,-1.878563015591914631e+00
0.000000000000000000e+00,-1.630754763816528508e+00
0.000000000000000000e+00,-1.078618463817975437e+00
0.000000000000000000e+00,-1.193208779180731982e+00
0.000000000000000000e+00,-1.070868971361034871e+00
0.000000000000000000e+00,-9.190135261888585649e-01
0.000000000000000000e+00,-9.374780000291117465e-01
0.000000000000000000e+00,-8.611473532738109782e-01
0.000000000000000000e+00,-1.249438124156841523e+00
0.000000000000000000e+00,-1.097430243460525423e+00
0.000000000000000000e+00,-1.109001747694341899e+00
0.000000000000000000e+00,-1.259303998471905661e+00
0.000000000000000000e+00,-1.322777738735779307e+00
0.000000000000000000e+00,-9.065063974271465597e-01
0.000000000000000000e+00,-1.103719238801046387e+00
0.000000000000000000e+00,-8.268732556407540901e-01
0.000000000000000000e+00,-1.823988626022478687e+00
0.000000000000000000e+00,-4.014825620974388776e-01
0.000000000000000000e+00,-1.331419185002888694e+00
0.000000000000000000e+00,-1.416309292432585965e+00
0.000000000000000000e+00,-1.020013184604801948e+00
0.000000000000000000e+00,-7.390951130104639333e-01
0.000000000000000000e+00,-8.196844787199057958e-01
0.000000000000000000e+00,-1.749862938524463729e+00
0.000000000000000000e+00,-1.246939005536756406e+00
0.000000000000000000e+00,-5.766297433702604058e-01
0.000000000000000000e+00,-9.270744815005278472e-01
0.000000000000000000e+00,-1.657558696790933261e+00
0.000000000000000000e+00,-3.475541695600329328e-01
0.000000000000000000e+00,-8.874474250427485389e-01
0.000000000000000000e+00,-1.881843263276240075e+00
0.000000000000000000e+00,-1.152969920686878424e+00
0.000000000000000000e+00,-1.641598285425602377e+00
0.000000000000000000e+00,-1.415443293860310980e+00
0.000000000000000000e+00,-4.622668453300042835e-01
0.000000000000000000e+00,-1.253099872639419354e+00
0.000000000000000000e+00,-9.573539444253180708e-01
0.000000000000000000e+00,-2.464333867005839562e-01
0.000000000000000000e+00,-1.114640214135899088e+00
0.000000000000000000e+00,-1.014366478405183125e+00
0.000000000000000000e+00,-1.211332951013040837e+00
0.000000000000000000e+00,-1.367029771393537985e+00
0.000000000000000000e+00,-1.597038085816339326e+00
0.000000000000000000e+00,-1.070933100481811090e-01
0.000000000000000000e+00,-1.114246353700554248e+00
0.000000000000000000e+00,-8.836295331449033341e-01
0.000000000000000000e+00,-1.088624826007990043e+00
0.000000000000000000e+00,-1.110668650750204822e+00
0.000000000000000000e+00,-1.442736668463575178e+00
0.000000000000000000e+00,-1.201140782278737218e+00
0.000000000000000000e+00,-5.396410574438074148e-01
0.000000000000000000e+00,-1.289872264916755107e+00
0.000000000000000000e+00,5.721066510667878191e-01
0.000000000000000000e+00,-1.154659071089507716e+00
0.000000000000000000e+00,-1.197055098243889670e+00
0.000000000000000000e+00,-1.027671627735161630e+00
0.000000000000000000e+00,-1.115103700526864472e+00
0.000000000000000000e+00,-7.172366828246352632e-01
0.000000000000000000e+00,-9.068924300923328907e-01
0.000000000000000000e+00,-1.045479804845808047e+00
0.000000000000000000e+00,-1.597660599537893633e+00
0.000000000000000000e+00,-1.101236599697084317e+00
0.000000000000000000e+00,-1.407444960709909987e+00
0.000000000000000000e+00,-1.507672141807577804e+00
0.000000000000000000e+00,-1.592670461063680765e-01
0.000000000000000000e+00,-1.128830313481694159e+00
0.000000000000000000e+00,-1.324311981686850270e+00
0.000000000000000000e+00,-8.415342571597699273e-01
0.000000000000000000e+00,-1.155217726686084578e+00
0.000000000000000000e+00,-1.292851349443928877e+00
0.000000000000000000e+00,-8.634248224020388829e-01
0.000000000000000000e+00,-1.207285581853180023e+00
0.000000000000000000e+00,-1.567614321766247043e+00
0.000000000000000000e+00,-1.191801428503809657e+00
0.000000000000000000e+00,-9.863092782296081218e-01
0.000000000000000000e+00,-8.147319721369774559e-01
0.000000000000000000e+00,-2.654672278228941140e-01
0.000000000000000000e+00,1.564080000430167150e+00
0.000000000000000000e+00,-8.424406305465466094e-01
0.000000000000000000e+00,-1.023806357228462360e+00
0.000000000000000000e+00,-1.112839826999438175e+00
0.000000000000000000e+00,-1.079575511716831082e+00
0.000000000000000000e+00,-1.554005949339601456e+00
0.000000000000000000e+00,-9.975565479837005256e-01
0.000000000000000000e+00,-1.364561139878280871e+00
0.000000000000000000e+00,-1.648082975020086272e+00
0.000000000000000000e+00,-1.419378602310534143e+00
0.000000000000000000e+00,-1.007490400302772926e+00
0.000000000000000000e+00,-2.000177106720335551e+00
0.000000000000000000e+00,-1.546125856717384339e+00
0.000000000000000000e+00,-1.084542025888464156e+00
0.000000000000000000e+00,-1.158021716354449282e+00
0.000000000000000000e+00,-1.511565427491686542e+00
0.000000000000000000e+00,-1.451798754379729717e+00
0.000000000000000000e+00,-1.177317581783118516e+00
0.000000000000000000e+00,-1.139178213643362136e+00
0.000000000000000000e+00,-1.054628408221609304e+00
0.000000000000000000e+00,-6.437219733868884131e-01
0.000000000000000000e+00,-1.394294718831489588e+00
0.000000000000000000e+00,-1.119020057533545831e+00
0.000000000000000000e+00,-1.611401632069331180e+00
0.000000000000000000e+00,-1.451364931117786083e+00
0.000000000000000000e+00,-1.414831903812139968e+00
0.000000000000000000e+00,7.640527800798133096e-02
0.000000000000000000e+00,-1.221963062888318907e+00
0.000000000000000000e+00,-1.170916937720862805e+00
0.000000000000000000e+00,-1.618794343002204261e+00
0.000000000000000000e+00,-1.253864110199633286e+00
0.000000000000000000e+00,-1.128329748179451419e+00
0.000000000000000000e+00,-1.151491708090626398e+00
0.000000000000000000e+00,-7.613453436921221451e-01
0.000000000000000000e+00,-1.395268246246468502e+00
0.000000000000000000e+00,-1.298449300078879654e-01
0.000000000000000000e+00,-1.131056284122036848e+00
0.000000000000000000e+00,-1.531553432597530851e+00
0.000000000000000000e+00,-8.167161058782121952e-01
0.000000000000000000e+00,-1.215079569003653104e+00
0.000000000000000000e+00,-1.010599261019416772e+00
0.000000000000000000e+00,-1.208896042566320883e+00
0.000000000000000000e+00,-7.173940622036119041e-01
0.000000000000000000e+00,-1.720404155502609500e+00
0.000000000000000000e+00,-1.122302777145289587e+00
0.000000000000000000e+00,-1.324782883860071037e+00
0.000000000000000000e+00,-1.394880153641766762e+00
0.000000000000000000e+00,-5.907629883854303987e-01
0.000000000000000000e+00,-6.962611427151075283e-01
0.000000000000000000e+00,-1.283958178568037400e+00
0.000000000000000000e+00,-1.103936768413872782e+00
0.000000000000000000e+00,-1.324997529557575993e+00
0.000000000000000000e+00,-8.123712814523272874e-01
0.000000000000000000e+00,-1.559933219301217644e+00
0.000000000000000000e+00,-9.496266993151437630e-01
0.000000000000000000e+00,-1.240927690042911591e+00
0.000000000000000000e+00,1.278345519253021867e-01
0.000000000000000000e+00,-1.523778808878502256e+00
0.000000000000000000e+00,-1.332752377857256532e+00
0.000000000000000000e+00,-1.329221641527858377e+00
0.000000000000000000e+00,-1.072422577743550764e+00
0.000000000000000000e+00,-6.826123954739601318e-01
0.000000000000000000e+00,-1.023771338256700414e+00
0.000000000000000000e+00,-8.276016502534000452e-01
0.000000000000000000e+00,-7.974750348406526301e-01
0.000000000000000000e+00,-1.080349636986718931e+00
0.000000000000000000e+00,-9.122017181993287149e-01
0.000000000000000000e+00,-1.696145342801330391e-01
0.000000000000000000e+00,-1.470262404244176757e+00
0.000000000000000000e+00,-6.389387938321260396e-01
0.000000000000000000e+00,-1.097305411125891972e+00
0.000000000000000000e+00,-1.078600336350239886e+00
0.000000000000000000e+00,-1.370665976626124882e+00
0.000000000000000000e+00,-1.312216428840315530e+00
0.000000000000000000e+00,-1.437728543513731028e+00
0.000000000000000000e+00,-5.700416448121032875e-01
0.000000000000000000e+00,-1.462906772222580809e+00
0.000000000000000000e+00,-8.916497016541676812e-01
0.000000000000000000e+00,-1.455687920184807638e+00
0.000000000000000000e+00,-1.311477734530092532e+00
0.000000000000000000e+00,-8.852704809628721971e-01
0.000000000000000000e+00,-1.451093019101753034e+00
0.000000000000000000e+00,-1.281829437072821376e+00
0.000000000000000000e+00,-1.250251800265425040e+00
0.000000000000000000e+00,-7.541944696583572361e-01
0.000000000000000000e+00,-1.136571154192669963e+00
0.000000000000000000e+00,-1.088989023314312909e+00
0.000000000000000000e+00,-1.485394719924316265e+00
0.000000000000000000e+00,-6.611824327073348995e-01
0.000000000000000000e+00,-1.272558473289805203e+00
0.000000000000000000e+00,-5.926053982880055138e-01
0.000000000000000000e+00,-1.618328384683820342e+00
0.000000000000000000e+00,-1.445880136164077845e+00
0.000000000000000000e+00,-4.532335985670654654e-01
0.000000000000000000e+00,-7.696324803625824718e-01
0.000000000000000000e+00,-1.290705716444686679e+00
0.000000000000000000e+00,-1.357523562517862992e+00
0.000000000000000000e+00,-8.371597696048631576e-01
0.000000000000000000e+00,-1.207359327687831385e+00
0.000000000000000000e+00,-1.156299606919573453e+00
0.000000000000000000e+00,-7.977008042115406594e-01
0.000000000000000000e+00,-1.211190403198575183e+00
0.000000000000000000e+00,-1.014164604332673747e+00
0.000000000000000000e+00,-8.828871309435526449e-01
0.000000000000000000e+00,-1.518546150521479454e+00
0.000000000000000000e+00,-1.409007630826293545e+00
0.000000000000000000e+00,-1.454313528540131850e+00
0.000000000000000000e+00,-1.413775978816545154e+00
0.000000000000000000e+00,-1.282492737596780730e+00
0.000000000000000000e+00,-1.143364010738658010e+00
0.000000000000000000e+00,-1.703401002754582061e+00
0.000000000000000000e+00,-3.448474090367952827e-01
0.000000000000000000e+00,1.301393532472378163e-02
0.000000000000000000e+00,-1.047389368776585172e+00
0.000000000000000000e+00,-8.864825493737344964e-01
0.000000000000000000e+00,-1.496919257537181691e+00
0.000000000000000000e+00,-1.596594374844721997e+00
0.000000000000000000e+00,-2.893295671693054683e-01
0.000000000000000000e+00,-7.177442519212301475e-01
0.000000000000000000e+00,-1.291071561702621828e+00
0.000000000000000000e+00,-6.006004355351819424e-01
0.000000000000000000e+00,-9.612126231255682107e-01
0.000000000000000000e+00,-1.191340002052359681e+00
0.000000000000000000e+00,-1.043175556503879831e+00
0.000000000000000000e+00,-1.349282568492547574e+00
0.000000000000000000e+00,-2.747542591341303742e-01
0.000000000000000000e+00,-1.139619040699658026e+00
0.000000000000000000e+00,-6.554376733867830485e-01
0.000000000000000000e+00,-1.527922995195587053e+00
0.000000000000000000e+00,-5.599326976342217099e-01
0.000000000000000000e+00,-3.027282377532832247e-01
0.000000000000000000e+00,-7.165387753168172003e-01
0.000000000000000000e+00,-1.122235211129184451e+00
0.000000000000000000e+00,-4.341321914286501160e-01
0.000000000000000000e+00,-1.482601853929334856e+00
0.000000000000000000e+00,-4.609175849474162479e-01
0.000000000000000000e+00,-1.059690091598853856e+00
0.000000000000000000e+00,-1.018219389274790165e+00
0.000000000000000000e+00,-1.329965691680821349e+00
0.000000000000000000e+00,-7.404208900825763884e-01
0.000000000000000000e+00,-1.349022604125704072e+00
0.000000000000000000e+00,-1.015254724324224256e+00
0.000000000000000000e+00,-1.411062073506850756e-01
0.000000000000000000e+00,-1.183433954192248727e+00
0.000000000000000000e+00,-1.449723159324010968e+00
0.000000000000000000e+00,-1.479990262611708962e+00
0.000000000000000000e+00,-1.377806962950215874e+00
0.000000000000000000e+00,-8.178569003818415561e-01
0.000000000000000000e+00,-5.126237147356070833e-01
0.000000000000000000e+00,-1.721347607800663315e+00
0.000000000000000000e+00,-1.379455326550440120e+00
0.000000000000000000e+00,-1.171174430160287994e+00
0.000000000000000000e+00,-1.265651496094663875e+00
0.000000000000000000e+00,-1.099663217895220590e+00
0.000000000000000000e+00,-1.168308230318558349e+00
0.000000000000000000e+00,-9.094702384019063279e-01
0.000000000000000000e+00,-1.088277932193596476e+00
0.000000000000000000e+00,-1.164569028110201465e+00
0.000000000000000000e+00,-1.107876608731029666e+00
0.000000000000000000e+00,-1.318023810322135558e+00
0.000000000000000000e+00,-1.217693220260794629e+00
0.000000000000000000e+00,-1.517891913731387765e+00
0.000000000000000000e+00,-1.148866521172198674e+00
0.000000000000000000e+00,-1.511161267358764881e+00
0.000000000000000000e+00,-7.687615379354707512e-01
0.000000000000000000e+00,-7.401769932439528077e-01
0.000000000000000000e+00,-1.800759100095198573e+00
0.000000000000000000e+00,-1.442606892274104879e+00
0.000000000000000000e+00,-1.736639362799295094e+00
0.000000000000000000e+00,-1.447551983074777837e+00
0.000000000000000000e+00,-6.998384336775538284e-01
0.000000000000000000e+00,-1.001654179667737177e+00
0.000000000000000000e+00,-1.845540125220512584e+00
0.000000000000000000e+00,-1.067663293487167042e+00
0.000000000000000000e+00,-1.275950781683768520e+00
0.000000000000000000e+00,-1.218551803050814009e+00
0.000000000000000000e+00,-9.132889542755576739e-01
0.000000000000000000e+00,-1.219704545203632806e+00
0.000000000000000000e+00,-1.420267672205381526e+00
0.000000000000000000e+00,-9.605056518838823720e-01
0.000000000000000000e+00,-7.719140693698411937e-01
0.000000000000000000e+00,-1.100012995624935819e+00
0.000000000000000000e+00,-1.735538943110167542e+00
0.000000000000000000e+00,-1.079163111825847787e+00
0.000000000000000000e+00,-7.697717322738235612e-01
0.000000000000000000e+00,-1.149554128982439583e+00
0.000000000000000000e+00,2.842523511361899069e-01
0.000000000000000000e+00,-1.550932519582622238e+00
0.000000000000000000e+00,-1.173495158018339257e+00
0.000000000000000000e+00,-5.756739314351141390e-01
0.000000000000000000e+00,-1.597760300610439277e+00
1.000000000000000000e+00,1.351228510243241976e+00
1.000000000000000000e+00,4.102176525029936904e-01
1.000000000000000000e+00,3.953440652259884169e-01
1.000000000000000000e+00,7.696981093236183735e-01
1.000000000000000000e+00,5.372219873613659491e-01
1.000000000000000000e+00,3.769242270713723392e-02
1.000000000000000000e+00,-1.147935016523333962e+00
1.000000000000000000e+00,7.144435277261969031e-01
1.000000000000000000e+00,1.125465731161683358e+00
1.000000000000000000e+00,1.235366800211579852e+00
1.000000000000000000e+00,-3.291333664375062362e-01
1.000000000000000000e+00,-1.669510324867188589e-01
1.000000000000000000e+00,-2.207570646169099982e-01
1.000000000000000000e+00,-4.694637210168096930e-02
1.000000000000000000e+00,1.338398382965515276e+00
1.000000000000000000e+00,6.714591818462161132e-01
1.000000000000000000e+00,-3.210491988111600220e-02
1.000000000000000000e+00,-1.126182467228596940e+00
1.000000000000000000e+00,4.910908778776578720e-01
1.000000000000000000e+00,3.211611114094453101e-01
1.000000000000000000e+00,1.474410562328939689e-01
1.000000000000000000e+00,-9.311689143198036492e-03
1.000000000000000000e+00,-3.947506797611066709e-01
1.000000000000000000e+00,5.061251404368644069e-01
1.000000000000000000e+00,5.516184926466042304e-01
1.000000000000000000e+00,-9.472433492958242107e-01
1.000000000000000000e+00,1.215936214738603249e+00
1.000000000000000000e+00,3.545613827000688723e-01
1.000000000000000000e+00,-6.582803899180371676e-01
1.000000000000000000e+00,-1.980252200765509896e-01
1.000000000000000000e+00,8.383282901824450351e-01
1.000000000000000000e+00,5.096740042339982235e-01
1.000000000000000000e+00,-5.544878655071123763e-01
1.000000000000000000e+00,-3.249615769309150415e-01
1.000000000000000000e+00,4.680862973454597009e-01
1.000000000000000000e+00,5.895848258670667308e-01
1.000000000000000000e+00,1.356835253616262005e+00
1.000000000000000000e+00,1.185368089285858129e-01
1.000000000000000000e+00,1.251071779077000956e+00
1.000000000000000000e+00,1.396845870811808998e+00
1.000000000000000000e+00,2.259812624107845558e+00
1.000000000000000000e+00,9.135778806800630703e-01
1.000000000000000000e+00,-6.363510978128785744e-01
1.000000000000000000e+00,1.692409700372748738e+00
1.000000000000000000e+00,2.757842552794862012e+00
1.000000000000000000e+00,-1.925783280099262751e-01
1.000000000000000000e+00,-1.659919246483479160e-01
1.000000000000000000e+00,-2.933390334420830081e-01
1.000000000000000000e+00,1.324900011308991932e+00
1.000000000000000000e+00,1.379227208136579730e+00
1.000000000000000000e+00,9.319294698348722372e-01
1.000000000000000000e+00,9.292445446704978851e-01
1.000000000000000000e+00,1.091260435508440763e+00
1.000000000000000000e+00,2.029601340640930229e-01
1.000000000000000000e+00,-3.865529444656147229e-01
1.000000000000000000e+00,-1.488697073963303752e-01
1.000000000000000000e+00,1.331983731314554831e+00
1.000000000000000000e+00,1.589945012973451810e+00
1.000000000000000000e+00,4.754093823227121263e-01
1.000000000000000000e+00,1.851791481550500718e-01
1.000000000000000000e+00,6.266966961765407795e-01
1.000000000000000000e+00,-4.074811059662881707e-01
1.000000000000000000e+00,9.115937469388283310e-01
1.000000000000000000e+00,4.242549043367458972e-01
1.000000000000000000e+00,4.845827049726982860e-01
1.000000000000000000e+00,1.320762004810453361e+00
1.000000000000000000e+00,-3.173146694618415031e-01
1.000000000000000000e+00,9.151405507964467390e-01
1.000000000000000000e+00,5.802990305195397935e-01
1.000000000000000000e+00,4.297326954961016576e-01
1.000000000000000000e+00,6.411376961553116871e-01
1.000000000000000000e+00,8.356689082680617275e-01
1.000000000000000000e+00,-6.647448921052702131e-01
1.000000000000000000e+00,4.190267778466567616e-01
1.000000000000000000e+00,3.632462286891061792e-02
1.000000000000000000e+00,3.644280809909391516e-01
1.000000000000000000e+00,-3.686718454961232516e-01
1.000000000000000000e+00,4.019404035422072252e-01
1.000000000000000000e+00,-1.831668763519597454e-01
1.000000000000000000e+00,2.084383372113518540e-01
1.000000000000000000e+00,8.245308153082856473e-01
1.000000000000000000e+00,8.173020755608385590e-01
1.000000000000000000e+00,3.975469645437588184e-01
1.000000000000000000e+00,1.287198998298113128e+00
1.000000000000000000e+00,9.836998697359435884e-01
1.000000000000000000e+00,7.118377042392138865e-01
1.000000000000000000e+00,-3.376429765756299717e-01
1.000000000000000000e+00,5.639072678196835886e-01
1.000000000000000000e+00,1.393969783260405437e+00
1.000000000000000000e+00,-3.764073303643590829e-01
1.000000000000000000e+00,4.903563034464656911e-01
1.000000000000000000e+00,-8.583890942626883902e-01
1.000000000000000000e+00,5.472736682207193226e-01
1.000000000000000000e+00,2.999692776508005032e-01
1.000000000000000000e+00,1.460865495047264151e+00
1.000000000000000000e+00,3.502054346008007801e-01
1.000000000000000000e+00,1.081101225806383459e+00
1.000000000000000000e+00,-6.203338321169225011e-01
1.000000000000000000e+00,1.654025611418562747e+00
1.000000000000000000e+00,-5.926939756871677512e-01
1.000000000000000000e+00,9.622684000098104262e-02
1.000000000000000000e+00,1.575092849067406764e+00
1.000000000000000000e+00,1.285807715149410946e+00
1.000000000000000000e+00,1.086966697582537833e+00
1.000000000000000000e+00,2.042863231241085209e-01
1.000000000000000000e+00,9.638181575090941644e-01
1.000000000000000000e+00,1.656464579804798110e+00
1.000000000000000000e+00,7.810183009365558870e-01
1.000000000000000000e+00,1.391628456007200088e+00
1.000000000000000000e+00,6.558777993517189708e-01
1.000000000000000000e+00,2.698665575364317393e-01
1.000000000000000000e+00,1.607634125580107876e+00
1.000000000000000000e+00,5.887114115125365865e-01
1.000000000000000000e+00,1.568089466702944579e+00
1.000000000000000000e+00,-3.396720169983004634e-01
1.000000000000000000e+00,-5.947382596622522444e-01
1.000000000000000000e+00,-1.746387267581973879e-01
1.000000000000000000e+00,-4.557816027555127575e-02
1.000000000000000000e+00,9.309258673029686681e-01
1.000000000000000000e+00,-6.749303280410202943e-02
1.000000000000000000e+00,7.612511213467627602e-01
1.000000000000000000e+00,1.403895395821416203e+00
1.000000000000000000e+00,3.174799994954227711e-01
1.000000000000000000e+00,6.820456230037676981e-01
1.000000000000000000e+00,5.355427246684106857e-01
1.000000000000000000e+00,1.008302551344190334e+00
1.000000000000000000e+00,1.082611573459075993e+00
1.000000000000000000e+00,1.053070804844508768e+00
1.000000000000000000e+00,-3.204305339728378277e-01
1.000000000000000000e+00,4.158907259284094771e-01
1.000000000000000000e+00,8.713557124207809146e-01
1.000000000000000000e+00,-6.250445018007426690e-01
1.000000000000000000e+00,-2.003377081765407575e-01
1.000000000000000000e+00,2.413284709811709394e+00
1.000000000000000000e+00,5.777245181131909213e-01
1.000000000000000000e+00,-2.872951709038949475e-01
1.000000000000000000e+00,7.148151408147752628e-01
1.000000000000000000e+00,1.083152925563723556e+00
1.000000000000000000e+00,3.449612405824915573e-01
1.000000000000000000e+00,1.024779183552080974e+00
1.000000000000000000e+00,-6.243226989945459549e-01
1.000000000000000000e+00,-7.430658524203519466e-01
1.000000000000000000e+00,-7.674819035085033159e-01
1.000000000000000000e+00,7.936947567264338588e-01
1.000000000000000000e+00,1.262406390266546330e+00
1.000000000000000000e+00,1.209883700454450484e+00
1.000000000000000000e+00,1.741421429274794486e+00
1.000000000000000000e+00,-5.318783813739682564e-01
1.000000000000000000e+00,5.479662198857973010e-01
1.000000000000000000e+00,6.374685318904784737e-01
1.000000000000000000e+00,9.273288009211745342e-01
1.000000000000000000e+00,8.634574923308283578e-01
1.000000000000000000e+00,2.091543721869054406e-01
1.000000000000000000e+00,3.756551633377805954e-01
1.000000000000000000e+00,1.684294362657872801e+00
1.000000000000000000e+00,7.552171465182486720e-01
1.000000000000000000e+00,1.363429260997166825e-01
1.000000000000000000e+00,1.259096067465296231e+00
1.000000000000000000e+00,6.199723706145684327e-02
1.000000000000000000e+00,6.086656336103281051e-01
1.000000000000000000e+00,-9.107939555345033744e-01
1.000000000000000000e+00,1.271777055122107924e+00
1.000000000000000000e+00,1.015208292575622284e+00
1.000000000000000000e+00,7.807547696706888807e-02
1.000000000000000000e+00,5.632348065233927330e-03
1.000000000000000000e+00,7.154248829113341035e-01
1.000000000000000000e+00,5.653427746661197906e-02
1.000000000000000000e+00,8.482301484371815303e-02
1.000000000000000000e+00,1.150175117636827782e+00
1.000000000000000000e+00,8.719271396423533549e-01
1.000000000000000000e+00,1.369271108470740961e+00
1.000000000000000000e+00,2.921344072011312853e+00
1.000000000000000000e+00,7.995169697727647629e-01
1.000000000000000000e+00,6.288349133935275947e-01
1.000000000000000000e+00,8.457774434580400680e-01
1.000000000000000000e+00,-1.245886473482850018e-02
1.000000000000000000e+00,-2.101302486448565765e-01
1.000000000000000000e+00,-4.498577696892254174e-01
1.000000000000000000e+00,4.458842692484619730e-01
1.000000000000000000e+00,5.056826654289561240e-01
1.000000000000000000e+00,-5.891282203860076505e-01
1.000000000000000000e+00,-1.414554321003927591e-02
1.000000000000000000e+00,1.542447339615226287e+00
1.000000000000000000e+00,7.190726238052072006e-01
1.000000000000000000e+00,-4.920663423477059095e-01
1.000000000000000000e+00,-4.920663423477059095e-01
1.000000000000000000e+00,8.445552163417052727e-02
1.000000000000000000e+00,-6.173580434929734073e-01
1.000000000000000000e+00,1.185325513539736475e+00
1.000000000000000000e+00,3.861863981163193849e-01
1.000000000000000000e+00,1.216001308827289851e+00
1.000000000000000000e+00,1.733740467801869467e-01
1.000000000000000000e+00,1.145158752928921997e+00
1.000000000000000000e+00,6.064717980264254793e-01
1.000000000000000000e+00,6.207397630859026183e-01
1.000000000000000000e+00,7.171700636687823316e-01
1.000000000000000000e+00,5.524681526948602150e-02
1.000000000000000000e+00,1.365928238625147451e+00
1.000000000000000000e+00,1.396639605864470335e-01
1.000000000000000000e+00,-1.028027270333983778e-02
1.000000000000000000e+00,9.043205124978486165e-01
1.000000000000000000e+00,8.689344595143779770e-01
1.000000000000000000e+00,1.334272736104068935e+00
1.000000000000000000e+00,-1.076581595625146548e+00
1.000000000000000000e+00,3.938258898031374855e-01
1.000000000000000000e+00,3.934779010171390867e-02
1.000000000000000000e+00,-5.264273694283126970e-01
1.000000000000000000e+00,4.569263690268203781e-01
1.000000000000000000e+00,1.245128853575067529e+00
1.000000000000000000e+00,1.760165371905440534e-01
1.000000000000000000e+00,2.569202496700361826e-01
1.000000000000000000e+00,5.624492426306824111e-01
1.000000000000000000e+00,5.507038795017659139e-01
1.000000000000000000e+00,-5.678423123933561828e-02
1.000000000000000000e+00,5.875983611905179899e-02
1.000000000000000000e+00,-2.035413261108932337e-01
1.000000000000000000e+00,-2.962344844249314435e-01
1.000000000000000000e+00,6.872383185341919276e-01
1.000000000000000000e+00,7.732193699312457369e-01
1.000000000000000000e+00,3.442361418730702227e-01
1.000000000000000000e+00,1.832444388629745013e+00
1.000000000000000000e+00,-7.703096474831420959e-02
1.000000000000000000e+00,2.131663103871014597e-01
1.000000000000000000e+00,8.198732920639627553e-01
1.000000000000000000e+00,7.936947567264338588e-01
1.000000000000000000e+00,1.154028028506434822e+00
1.000000000000000000e+00,1.839761434780555760e-01
1.000000000000000000e+00,8.468642675463659009e-01
1.000000000000000000e+00,-5.866731844715521449e-01
1.000000000000000000e+00,1.463462666788282407e+00
1.000000000000000000e+00,1.541597408571171668e+00
1.000000000000000000e+00,1.300576386503235204e-01
1.000000000000000000e+00,-3.291333664375062362e-01
1.000000000000000000e+00,1.084423908244726231e+00
1.000000000000000000e+00,2.938813324069828314e-01
1.000000000000000000e+00,-5.597460671141263333e-01
1.000000000000000000e+00,-7.200596239365414375e-01
1.000000000000000000e+00,4.831444552030448869e-01
1.000000000000000000e+00,1.391951866511118130e+00
1.000000000000000000e+00,3.297901980394623567e-01
1.000000000000000000e+00,8.427480964066905722e-01
1.000000000000000000e+00,6.216391326783269333e-01
1.000000000000000000e+00,8.635847965928802328e-01
1.000000000000000000e+00,-7.656088655089958450e-02
1.000000000000000000e+00,9.752542587149017062e-02
1.000000000000000000e+00,1.300582837317580065e+00
1.000000000000000000e+00,2.110470446136563649e-01
1.000000000000000000e+00,5.969248023483455512e-01
1.000000000000000000e+00,9.362355673978676185e-01
1.000000000000000000e+00,1.893764809116322279e-01
1.000000000000000000e+00,1.074440617377284246e+00
1.000000000000000000e+00,-1.731481545248528264e-01
1.000000000000000000e+00,-3.946312032692134153e-01
1.000000000000000000e+00,7.311267068656351897e-02
1.000000000000000000e+00,-8.086451218647645878e-02
1.000000000000000000e+00,-1.054432301979743025e+00
1.000000000000000000e+00,1.598739306752604117e+00
1.000000000000000000e+00,2.086970515152758665e+00
1.000000000000000000e+00,6.385372285110688662e-01
1.000000000000000000e+00,-2.793874750921715444e-01
1.000000000000000000e+00,3.780446931756463735e-01
1.000000000000000000e+00,4.112344386477958524e-01
1.000000000000000000e+00,9.006315728136675691e-01
1.000000000000000000e+00,1.043092186836104968e-01
1.000000000000000000e+00,9.917707127572867876e-01
1.000000000000000000e+00,9.128494860674171152e-01
1.000000000000000000e+00,1.105599674475150840e+00
1.000000000000000000e+00,3.265186021011016182e-01
1.000000000000000000e+00,6.286000802887717898e-01
1.000000000000000000e+00,1.229392975616915296e+00
1.000000000000000000e+00,-7.145058860109144983e-02
1.000000000000000000e+00,7.148336802704139403e-01
1.000000000000000000e+00,9.342934564227470817e-01
1.000000000000000000e+00,3.543417931477270688e-01
1.000000000000000000e+00,-9.187942076323153684e-02
1.000000000000000000e+00,1.176849589371201446e-02
1.000000000000000000e+00,9.809189513901515056e-01
1.000000000000000000e+00,-1.035753182441984999e+00
1.000000000000000000e+00,1.690273955083180457e+00
1.000000000000000000e+00,1.489431500283143306e+00
1.000000000000000000e+00,1.597496068253212165e-01
1.000000000000000000e+00,-8.419651965063918997e-01
1.000000000000000000e+00,6.989655541953727624e-01
1.000000000000000000e+00,7.337987194129096391e-01
1.000000000000000000e+00,7.656124252887709369e-01
1.000000000000000000e+00,-7.651446961343286723e-01
1.000000000000000000e+00,5.768581075530130331e-01
1.000000000000000000e+00,1.326252979582707825e+00
1.000000000000000000e+00,7.792199737396103831e-01
1.000000000000000000e+00,2.320435820070306576e+00
1.000000000000000000e+00,2.023689173239623162e+00
1.000000000000000000e+00,6.003855007342201455e-01
1.000000000000000000e+00,-1.711046945255745300e-01
1.000000000000000000e+00,1.038914488506766265e+00
1.000000000000000000e+00,8.032697675819232552e-01
1.000000000000000000e+00,2.694846447502762810e-01
1.000000000000000000e+00,8.789692488697049555e-01
1.000000000000000000e+00,7.412779478054295490e-01
1.000000000000000000e+00,1.859956116821641636e+00
1.000000000000000000e+00,1.254525885656426309e+00
1.000000000000000000e+00,-7.866706520823716353e-01
1.000000000000000000e+00,2.425760668484891469e-01
1.000000000000000000e+00,-1.215149606947176775e+00
1.000000000000000000e+00,7.204531952684293250e-01
1.000000000000000000e+00,-1.617591609321008261e-01
1.000000000000000000e+00,6.380848657934866663e-01
1.000000000000000000e+00,4.486018824492840618e-02
1.000000000000000000e+00,-1.169256723509912860e-02
1.000000000000000000e+00,3.317611481677985585e-01
1.000000000000000000e+00,-3.432208807954342245e-01
1.000000000000000000e+00,1.395855863880707037e+00
1.000000000000000000e+00,5.349140311283100413e-01
1.000000000000000000e+00,1.028524294583185450e-01
1.000000000000000000e+00,9.794040718705252502e-01
1.000000000000000000e+00,4.503119032428660184e-01
1.000000000000000000e+00,1.178876666892820335e+00
1.000000000000000000e+00,-1.528825666107963424e-03
1.000000000000000000e+00,9.072794096177713152e-01
1.000000000000000000e+00,-1.220190278941364337e+00
1.000000000000000000e+00,-1.592085438241306605e-01
1.000000000000000000e+00,4.738541279885840063e-01
1.000000000000000000e+00,-1.199378569025158214e-01
1.000000000000000000e+00,1.071245239200993460e+00
1.000000000000000000e+00,-6.526340957063215820e-01
1.000000000000000000e+00,-1.457565858085511576e-02
1.000000000000000000e+00,6.698895079354801885e-01
1.000000000000000000e+00,6.483981589712959348e-01
1.000000000000000000e+00,-1.298296864554739916e-01
1.000000000000000000e+00,-2.411232746177818798e-01
1.000000000000000000e+00,-6.107023789187110419e-01
1.000000000000000000e+00,8.078383014391807837e-01
1.000000000000000000e+00,1.262005114048946330e+00
1.000000000000000000e+00,4.871639501776008074e-02
1.000000000000000000e+00,6.473448468952240631e-02
1.000000000000000000e+00,-1.298296864554739916e-01
1.000000000000000000e+00,3.255170595087134022e-01
1.000000000000000000e+00,-3.536351110094982375e-01
1.000000000000000000e+00,1.691944978018074197e+00
1.000000000000000000e+00,-4.038613802498245975e-01
1.000000000000000000e+00,7.367452568957399972e-01
1.000000000000000000e+00,7.377847023752116540e-01
1.000000000000000000e+00,1.078845180049115893e+00
1.000000000000000000e+00,-1.939560155578267941e-01
1.000000000000000000e+00,-2.872951709038949475e-01
1.000000000000000000e+00,2.776395333038478852e-01
1.000000000000000000e+00,2.734211891642086556e-01
1.000000000000000000e+00,-8.100048229370340191e-01
1.000000000000000000e+00,-8.112210112269271356e-01
1.000000000000000000e+00,-4.671217107799026103e-01
1.000000000000000000e+00,6.087051844490237729e-01
1.000000000000000000e+00,-1.059162747082911027e+00
1.000000000000000000e+00,6.616773530633803801e-01
1.000000000000000000e+00,4.878180459755879217e-01
1.000000000000000000e+00,-1.369400446826325897e-02
1.000000000000000000e+00,2.611144275154981056e-02
1.000000000000000000e+00,5.594742779825394585e-01
1.000000000000000000e+00,-3.914967993025784132e-01
1.000000000000000000e+00,1.110638698517726120e+00
1.000000000000000000e+00,-2.830904223650573259e-01
1.000000000000000000e+00,1.143345182179562380e+00
1.000000000000000000e+00,3.587216365453738121e-01
1.000000000000000000e+00,1.436556560813913697e+00
1.000000000000000000e+00,3.272041499718272850e-01
1.000000000000000000e+00,1.983441251011902162e+00
1.000000000000000000e+00,8.912642038613306505e-01
1.000000000000000000e+00,-3.166903667965703661e-02
1.000000000000000000e+00,6.503789968093061091e-01
1.000000000000000000e+00,1.677929149555282162e+00
1.000000000000000000e+00,1.185368089285858129e-01
1.000000000000000000e+00,4.987250137217359436e-01
1.000000000000000000e+00,1.341622741287125942e-01
1.000000000000000000e+00,-1.084542025888464156e+00
1.000000000000000000e+00,-9.234160289211746919e-01
1.000000000000000000e+00,7.326809962318527880e-01
1.000000000000000000e+00,-1.761993369350655925e-01
1.000000000000000000e+00,3.502136743588624146e-01
1.000000000000000000e+00,-1.721264245252136782e-01
1.000000000000000000e+00,1.024434761665105942e+00
1.000000000000000000e+00,1.813359461007452822e+00
1.000000000000000000e+00,-5.507519592019801680e-01
1.000000000000000000e+00,1.836851011241092069e+00
1.000000000000000000e+00,2.616927175393184424e-01
1.000000000000000000e+00,6.817943103828887352e-01
1.000000000000000000e+00,5.043614202237776123e-01
1.000000000000000000e+00,1.403895395821416203e+00
1.000000000000000000e+00,-4.532109392323960262e-01
1.000000000000000000e+00,1.873653066647449572e+00
1.000000000000000000e+00,7.194303702971853454e-02
1.000000000000000000e+00,1.791518334313553451e+00
1.000000000000000000e+00,-1.850900358835386172e-01
1.000000000000000000e+00,5.799801518825555835e-01
1.000000000000000000e+00,-2.327862874110487867e-01
1.000000000000000000e+00,1.748314810869133984e+00
1.000000000000000000e+00,8.004295229780876708e-01
1.000000000000000000e+00,-1.012538900067118997e+00
1.000000000000000000e+00,1.152743862212533443e+00
1.000000000000000000e+00,7.482290077062004885e-01
1.000000000000000000e+00,8.513174447907609910e-01
1.000000000000000000e+00,1.129860406123840866e+00
1.000000000000000000e+00,-5.264273694283126970e-01
1.000000000000000000e+00,6.594579742294868208e-01
1.000000000000000000e+00,8.154283545776292996e-01
1.000000000000000000e+00,6.393612043172294257e-01
1.000000000000000000e+00,-1.335572023065938252e+00
1.000000000000000000e+00,6.105302908596695888e-01
1.000000000000000000e+00,-1.886945180475882167e-01
1.000000000000000000e+00,-8.319011560099461855e-01
1.000000000000000000e+00,1.083895468757178626e-01
1.000000000000000000e+00,1.482854113410466246e+00
1.000000000000000000e+00,8.789692488697049555e-01
1.000000000000000000e+00,5.424904886659569492e-01
1.000000000000000000e+00,1.159381302280596514e-02
1.000000000000000000e+00,1.688956417769129636e+00
1.000000000000000000e+00,4.143626627958846287e-01
1.000000000000000000e+00,2.333795763791394862e+00
1.000000000000000000e+00,9.383103384777800038e-01
1.000000000000000000e+00,4.184648263468552232e-01
1.000000000000000000e+00,7.993023240752599179e-01
1.000000000000000000e+00,9.815394051721905155e-01
1.000000000000000000e+00,1.440655428461659504e+00
1.000000000000000000e+00,1.379059117072122920e+00
1.000000000000000000e+00,-3.812621958142574652e-01
1.000000000000000000e+00,3.845985967378478532e-01
1.000000000000000000e+00,-1.226709575519707052e+00
1.000000000000000000e+00,-7.162969384177090282e-01
1.000000000000000000e+00,4.486478841023246455e-01
1.000000000000000000e+00,8.198732920639627553e-01
1.000000000000000000e+00,6.975207126192701779e-01
1.000000000000000000e+00,1.034777305984033946e+00
1.000000000000000000e+00,1.862465947127206922e+00
1.000000000000000000e+00,1.090775525746515262e+00
1.000000000000000000e+00,2.725853340072288855e+00
1.000000000000000000e+00,-5.368889782512309417e-01
1.000000000000000000e+00,6.194197538444333739e-01
1.000000000000000000e+00,2.191591547236777515e+00
1.000000000000000000e+00,8.413226182620326954e-01
1.000000000000000000e+00,1.664989433495335902e+00
1.000000000000000000e+00,2.199980347880835241e-02
1.000000000000000000e+00,-2.387999338402076177e-02
1.000000000000000000e+00,2.792768415290591832e+00
1.000000000000000000e+00,4.367055907557358396e-01
1.000000000000000000e+00,1.492815568919044988e+00
1.000000000000000000e+00,8.524668910403550015e-01
1.000000000000000000e+00,-1.897404143414047062e-02
1.000000000000000000e+00,7.516110164025867624e-01
1.000000000000000000e+00,6.138735726931662251e-01
1.000000000000000000e+00,2.316480877192840238e-01
1.000000000000000000e+00,2.569202496700361826e-01
1.000000000000000000e+00,-9.604008659643956114e-02
1.000000000000000000e+00,-9.631407265119840133e-01
1.000000000000000000e+00,1.125719927697883760e+00
1.000000000000000000e+00,1.492815568919044988e+00
1.000000000000000000e+00,6.570202418069606143e-01
1.000000000000000000e+00,3.136353283838773653e-01
1.000000000000000000e+00,-5.329001113736074879e-01
1.000000000000000000e+00,1.336077655107463791e+00
1.000000000000000000e+00,8.761471317336049225e-01
1.000000000000000000e+00,1.284528492710346637e+00
1.000000000000000000e+00,-1.756415053142948435e-01
1.000000000000000000e+00,6.948552918784449417e-02
1.000000000000000000e+00,-7.055131550545820085e-01
1.000000000000000000e+00,5.412232138760818545e-01
1.000000000000000000e+00,7.903119240542414436e-01
1.000000000000000000e+00,1.162486281148777945e-01
1.000000000000000000e+00,1.223512260288347031e+00
1.000000000000000000e+00,-3.376429765756299717e-01
1.000000000000000000e+00,-2.309883722020063257e-01
1.000000000000000000e+00,1.381952237119657145e-01
1.000000000000000000e+00,8.974460823470505888e-01
1.000000000000000000e+00,-1.136627184547488900e+00
1.000000000000000000e+00,4.281160549644145163e-01
1.000000000000000000e+00,2.077729767478771750e-01
1.000000000000000000e+00,-1.271385814725534413e-01
1.000000000000000000e+00,3.696549715173189643e-01
1.000000000000000000e+00,1.060145461116203780e+00
1.000000000000000000e+00,3.957603140002039638e-02
1.000000000000000000e+00,2.049398769304983103e-02
1.000000000000000000e+00,8.552939520312921040e-01
1.000000000000000000e+00,9.688217505920044825e-01
1.000000000000000000e+00,9.250834668493868040e-01
1.000000000000000000e+00,1.536588871633424391e+00
1.000000000000000000e+00,2.650578347316784322e-01
1.000000000000000000e+00,1.430653327142780429e-01
1.000000000000000000e+00,-1.924353682075573835e-01
1.000000000000000000e+00,-6.375520425503576893e-01
1.000000000000000000e+00,1.758274206438197318e+00
1.000000000000000000e+00,1.195215283153179264e+00
1.000000000000000000e+00,3.811263626906870594e-01
1.000000000000000000e+00,-3.523324052599582923e-01
1.000000000000000000e+00,1.196392332592279617e+00
1.000000000000000000e+00,4.956614716744308091e-01
1.000000000000000000e+00,9.913970397291930192e-01
1.000000000000000000e+00,1.853752543969162947e-01
1.000000000000000000e+00,1.167776888808030877e+00
1.000000000000000000e+00,1.348211110841081917e+00
1.000000000000000000e+00,1.268633587421605258e+00
1.000000000000000000e+00,1.895577555889875754e-01
1.000000000000000000e+00,-4.637862567165644267e-01
1.000000000000000000e+00,1.568089466702944579e+00
1.000000000000000000e+00,-2.337940098219832286e-01
1.000000000000000000e+00,-1.082358490002138574e+00
1.000000000000000000e+00,1.515317524209485178e+00
1.000000000000000000e+00,1.359765311582969094e+00
1.000000000000000000e+00,-3.297612360018006283e-01
1.000000000000000000e+00,4.788923280553530892e-01
1.000000000000000000e+00,4.942879040055610518e-01
1.000000000000000000e+00,1.075380773772113496e+00
1.000000000000000000e+00,1.695078558008902947e+00
1.000000000000000000e+00,1.988342259106945287e+00
1.000000000000000000e+00,1.356417226886739991e-01
1.000000000000000000e+00,1.162871760833956714e+00
1.000000000000000000e+00,1.305431110961029040e+00
1.000000000000000000e+00,7.582275421260564752e-01
1.000000000000000000e+00,2.677794268194269023e-01
1.000000000000000000e+00,1.993655396097173405e-01
1.000000000000000000e+00,1.012742544975686831e+00
1.000000000000000000e+00,-1.319007496442586858e-01
1.000000000000000000e+00,3.499678585728278890e-02
1.000000000000000000e+00,2.062542104427514733e+00
1.000000000000000000e+00,-3.075789833241507343e-01
1.000000000000000000e+00,1.145901979106078938e+00
1.000000000000000000e+00,1.065650031489259630e+00
1.000000000000000000e+00,1.493637484785690139e+00
1.000000000000000000e+00,4.164551493556294948e-01
1.000000000000000000e+00,3.930865125092127682e-02
1.000000000000000000e+00,6.331302992710429178e-01
1.000000000000000000e+00,-2.764504133311120326e-01
1.000000000000000000e+00,5.782316752218827904e-01
1.000000000000000000e+00,8.286813224360210783e-02
1.000000000000000000e+00,4.423770162295393438e-01
1.000000000000000000e+00,3.855535846971880343e-01
1.000000000000000000e+00,-1.128014024453587588e-01
1.000000000000000000e+00,8.454177780186510338e-01
1.000000000000000000e+00,6.086854090296759390e-01
1.000000000000000000e+00,4.316653307494513481e-01
1.000000000000000000e+00,3.055500657859263614e-01
1.000000000000000000e+00,2.501776556482238623e-01
1.000000000000000000e+00,9.709154731154585605e-01
1.000000000000000000e+00,-1.505279587062285929e-01
1.000000000000000000e+00,1.139716392729231087e+00
1.000000000000000000e+00,8.558666152165737007e-01
1.000000000000000000e+00,1.335657427446321988e+00
1.000000000000000000e+00,8.070448127378481162e-01
1.000000000000000000e+00,1.432645147662069185e+00
1.000000000000000000e+00,-5.246974322232785815e-01
1.000000000000000000e+00,6.548255822472518473e-01
1.000000000000000000e+00,1.031077242626469603e+00
1.000000000000000000e+00,4.503679335976849551e-01
1.000000000000000000e+00,1.359783851038607771e+00
1.000000000000000000e+00,3.696331361584557218e-01
1.000000000000000000e+00,1.059733061225220263e+00
1.000000000000000000e+00,-8.607514328989508412e-01
1.000000000000000000e+00,1.489553036714551970e+00
1.000000000000000000e+00,8.932450416993407138e-01
1.000000000000000000e+00,5.628336273442563487e-01
1.000000000000000000e+00,3.917515307111281708e-01
1.000000000000000000e+00,7.116584895013740031e-01
1.000000000000000000e+00,-3.764073303643590829e-01
1.000000000000000000e+00,1.102687743976179302e+00
1.000000000000000000e+00,1.721085706378750357e+00
1.000000000000000000e+00,-4.969488109871106341e-01
1.000000000000000000e+00,-4.589445748795646929e-01
1.000000000000000000e+00,4.290043008834556471e-01
1.000000000000000000e+00,-9.660440052649909015e-01
1.000000000000000000e+00,-4.528935675549197737e-02
1.000000000000000000e+00,6.471078128588484413e-01
1.000000000000000000e+00,9.993257469239734680e-01
1.000000000000000000e+00,6.787200566501034871e-01
1.000000000000000000e+00,9.815171578254241469e-01
1.000000000000000000e+00,-1.544653270959670810e-01
1.000000000000000000e+00,3.439322357927013935e-02
1.000000000000000000e+00,8.083075556607892675e-01
1.000000000000000000e+00,1.347373951422022653e+00
1.000000000000000000e+00,1.817259338498011134e+00
1.000000000000000000e+00,9.674749621368349262e-01
1.000000000000000000e+00,-3.026796231807197257e-01
1.000000000000000000e+00,-1.193810693507132425e+00
1.000000000000000000e+00,1.847374006261569113e+00
1.000000000000000000e+00,3.195597144301721704e-01
1.000000000000000000e+00,1.141411310962503478e+00
1.000000000000000000e+00,1.608690462563605816e+00
1.000000000000000000e+00,1.225153208106315894e+00
1.000000000000000000e+00,1.549546303173203077e+00
1.000000000000000000e+00,-8.672505420700427070e-01
1.000000000000000000e+00,1.291735397098930482e+00
1.000000000000000000e+00,9.332041604070027141e-01
1.000000000000000000e+00,8.229529016394879770e-01
1.000000000000000000e+00,1.306417410001003310e+00
1.000000000000000000e+00,-3.145539385233003249e-01
1.000000000000000000e+00,-1.945921248801827930e-01
1.000000000000000000e+00,2.151108791904300599e+00
1.000000000000000000e+00,1.465816494670684478e-01
1.000000000000000000e+00,1.010832157069103454e+00
1.000000000000000000e+00,2.877749160058967082e+00
1.000000000000000000e+00,1.243156667483022115e+00
1.000000000000000000e+00,5.170742719412310673e-02
1.000000000000000000e+00,-1.525833663546962427e-01
1.000000000000000000e+00,-4.832613368830736000e-01
1.000000000000000000e+00,1.772821640288067546e-01
1.000000000000000000e+00,1.466181374960709327e+00
1.000000000000000000e+00,3.707409716298386559e-01
1.000000000000000000e+00,1.656649291377482458e-01
1.000000000000000000e+00,5.698707927167709908e-01
1.000000000000000000e+00,5.127066471885722843e-01
1.000000000000000000e+00,1.658606233917113981e-01
1.000000000000000000e+00,1.145781678638379431e+00
1.000000000000000000e+00,8.658985206565792403e-01
1.000000000000000000e+00,2.408267662120101571e-01
1.000000000000000000e+00,-2.707967033371409538e-01
1.000000000000000000e+00,9.695447893619104640e-01
1.000000000000000000e+00,4.522433025325064970e-01
1.000000000000000000e+00,-4.743772297410498995e-01
1.000000000000000000e+00,-5.933337929006514688e-01
1.000000000000000000e+00,-2.883218447583710264e-01
1.000000000000000000e+00,1.119124825345374274e+00
1.000000000000000000e+00,-6.168894722550666981e-02
1.000000000000000000e+00,9.460606549105268215e-01
1.000000000000000000e+00,1.348211110841081917e+00
1.000000000000000000e+00,1.273619053036780135e+00
1.000000000000000000e+00,-8.205331738002512587e-01
1.000000000000000000e+00,1.003441094087842655e+00
1.000000000000000000e+00,9.291819225092297074e-01
1.000000000000000000e+00,8.976393046735953174e-01
1.000000000000000000e+00,-4.667088989010161337e-01
1.000000000000000000e+00,1.567767021166937280e-01
1.000000000000000000e+00,1.355125915806381753e+00
1.000000000000000000e+00,6.760981656349004387e-01
1.000000000000000000e+00,2.163386172408198194e-01
1.000000000000000000e+00,-5.726099773999059339e-01
1.000000000000000000e+00,5.233231634630487461e-01
1.000000000000000000e+00,8.403684542784987110e-01
1.000000000000000000e+00,1.152626857648058722e+00
1.000000000000000000e+00,1.697463967967737908e+00
1.000000000000000000e+00,4.952288843761964432e-01
1.000000000000000000e+00,-9.288369657499053744e-01
1.000000000000000000e+00,1.152992702905994093e+00
1.000000000000000000e+00,1.420385211642205547e+00
1.000000000000000000e+00,9.933819974462338998e-01
1.000000000000000000e+00,4.882959519431610551e-01
1.000000000000000000e+00,1.558432785204181582e-02
1.000000000000000000e+00,1.355974198898824090e+00
1.000000000000000000e+00,9.456419781625334531e-03
1.000000000000000000e+00,4.503250868557646114e-01
1.000000000000000000e+00,3.761936315271065534e-01
1.000000000000000000e+00,-7.892816904199902173e-02
1.000000000000000000e+00,-6.609706709251516044e-01
1.000000000000000000e+00,4.030519469047179060e-01
1.000000000000000000e+00,-7.353995815198336450e-01
1.000000000000000000e+00,4.774907452090738635e-01
1.000000000000000000e+00,8.612677766259565493e-01
1.000000000000000000e+00,-1.445397145349563428e-01
1.000000000000000000e+00,1.068916271584880340e+00
1.000000000000000000e+00,2.578002558310157344e-01
1.000000000000000000e+00,1.026645629745139149e-01
1.000000000000000000e+00,4.664515293460370637e-01
1.000000000000000000e+00,2.552896015496443072e-01
1.000000000000000000e+00,7.749402434024121877e-01
1.000000000000000000e+00,6.816336351006874184e-01
1.000000000000000000e+00,7.658531672162742499e-02
1.000000000000000000e+00,1.027221035853637998e+00
1.000000000000000000e+00,-1.379973195344611936e+00
1.000000000000000000e+00,-1.103395004321322093e+00
1.000000000000000000e+00,7.489405108148201595e-01
1.000000000000000000e+00,1.006763093542483584e-01
1.000000000000000000e+00,4.997920623907139426e-01
1.000000000000000000e+00,-6.126758009744657230e-01
1.000000000000000000e+00,8.181936173831043657e-01
1.000000000000000000e+00,-1.931855981790666366e-01
1.000000000000000000e+00,2.775390082554963223e-01
1.000000000000000000e+00,9.736267655056300985e-01
1.000000000000000000e+00,6.199723706145684327e-02
1.000000000000000000e+00,3.411042098338537554e-01
1.000000000000000000e+00,2.928402389758988922e-01
1.000000000000000000e+00,-5.134279151224198090e-01
1.000000000000000000e+00,-2.531978160812595191e-01
1.000000000000000000e+00,2.963490429079700637e-03
1.000000000000000000e+00,-7.389838762766323121e-01
1.000000000000000000e+00,-2.758097721418221182e-01
1.000000000000000000e+00,2.911037099644153692e-01
1.000000000000000000e+00,3.108325746792220401e-01
1.000000000000000000e+00,2.803677171980457072e-01
1.000000000000000000e+00,1.566209706893293696e-01
1.000000000000000000e+00,5.506861640219334886e-01
1.000000000000000000e+00,-2.193872048391679874e-01
1.000000000000000000e+00,-2.956956042477023594e-01
1.000000000000000000e+00,1.721548780781812615e+00
1.000000000000000000e+00,1.575274947720568308e+00
1.000000000000000000e+00,8.154283545776292996e-01
1.000000000000000000e+00,1.100221172400437597e+00
1.000000000000000000e+00,3.655058413453972088e-01
1.000000000000000000e+00,5.975176529408781079e-01
1.000000000000000000e+00,-5.150474395694285557e-01
1.000000000000000000e+00,2.070730093005437311e-01
1.000000000000000000e+00,9.015033392165854309e-01
1.000000000000000000e+00,-2.430386063792022155e-01
1.000000000000000000e+00,1.141181421712584632e+00
1.000000000000000000e+00,-7.140928031362293593e-01
1.000000000000000000e+00,6.207397630859026183e-01
1.000000000000000000e+00,5.229037597777129731e-01
1.000000000000000000e+00,-6.824764394659436073e-01
1.000000000000000000e+00,-7.357641908140597486e-01
1.000000000000000000e+00,1.602363976323904593e+00
1.000000000000000000e+00,1.896063701615510466e-01
1.000000000000000000e+00,7.326715205100818862e-01
1.000000000000000000e+00,9.728275089736543313e-01
1.000000000000000000e+00,4.740658897707672459e-01
1.000000000000000000e+00,1.002460150890608359e+00
1.000000000000000000e+00,2.297669509538193267e-01
1.000000000000000000e+00,-4.847725085115721644e-01
1.000000000000000000e+00,6.588778952619497309e-01
1.000000000000000000e+00,-1.124273727273625845e+00
1.000000000000000000e+00,-9.709024376139126222e-02
1.000000000000000000e+00,1.044604041448305320e+00
1.000000000000000000e+00,-6.038749153888641752e-01
1.000000000000000000e+00,1.268787670897357334e+00
1.000000000000000000e+00,1.397138794210899038e+00
1.000000000000000000e+00,8.743648720648794503e-01
1.000000000000000000e+00,6.411220406149946704e-01
1.000000000000000000e+00,1.326635304356766243e+00
1.000000000000000000e+00,1.051710973768545110e-01
1.000000000000000000e+00,4.482490798121429587e-01
1.000000000000000000e+00,1.296344305770689820e+00
1.000000000000000000e+00,1.570078132311113261e+00
1.000000000000000000e+00,7.194186936437946267e-01
1.000000000000000000e+00,1.323304382160362058e+00
1.000000000000000000e+00,-4.887621993650018704e-01
1.000000000000000000e+00,1.252334521999942218e+00
1.000000000000000000e+00,8.349491654013804220e-01
1.000000000000000000e+00,2.622638834689385412e+00
1.000000000000000000e+00,2.985351477601779768e-01
1.000000000000000000e+00,-9.130594770135419536e-01
1.000000000000000000e+00,4.253042375258914154e-01
1.000000000000000000e+00,9.938648472686439916e-01
1.000000000000000000e+00,5.660384812423180367e-01
1.000000000000000000e+00,7.280403644915561800e-01
1.000000000000000000e+00,5.403530954247762752e-01
1.000000000000000000e+00,6.385738954344429841e-01
1.000000000000000000e+00,1.028831084578875732e+00
1.000000000000000000e+00,-1.187512634432743797e+00
1.000000000000000000e+00,-1.427294396888214856e-01
1.000000000000000000e+00,1.354196471097032672e+00
1.000000000000000000e+00,9.785584016976058008e-02
1.000000000000000000e+00,1.682630755505234665e+00
1.000000000000000000e+00,2.876335358567699840e-01
1.000000000000000000e+00,3.902968014253516138e-01
1.000000000000000000e+00,-3.712772569952031421e-01
1.000000000000000000e+00,1.378224841568385317e+00
1.000000000000000000e+00,8.076578507376316329e-01
1.000000000000000000e+00,7.030800773834358086e-01
1.000000000000000000e+00,8.246914905904869642e-01
1.000000000000000000e+00,-3.586078049996775374e-01
1.000000000000000000e+00,3.706784904606749004e-02
1.000000000000000000e+00,1.216665845314958361e+00
1.000000000000000000e+00,8.358827299897603202e-01
1.000000000000000000e+00,8.889904426242304369e-01
1.000000000000000000e+00,4.830027313643852627e-01
1.000000000000000000e+00,-7.577099624353414997e-01
1.000000000000000000e+00,7.573100450658966087e-01
1.000000000000000000e+00,-1.087378974589075176e+00
1.000000000000000000e+00,-6.363510978128785744e-01
1.000000000000000000e+00,-3.449504060125653804e-01
1.000000000000000000e+00,2.803484220649711034e+00
1.000000000000000000e+00,2.928966813186208995e-01
1.000000000000000000e+00,-1.383578360492363490e-01
1.000000000000000000e+00,1.357719108660473684e-01
1.000000000000000000e+00,5.642875326542267089e-01
1.000000000000000000e+00,-4.215248086143852380e-02
1.000000000000000000e+00,9.804921319225603504e-01
1.000000000000000000e+00,1.773793931739336971e-01
1.000000000000000000e+00,1.097831230574668693e+00
1.000000000000000000e+00,-2.291537900695897190e-01
1.000000000000000000e+00,6.460667194277645020e-01
1.000000000000000000e+00,1.772739242707451479e-01
1.000000000000000000e+00,6.820456230037676981e-01
1.000000000000000000e+00,2.106096641565358585e+00
1.000000000000000000e+00,-8.627215590514808463e-01
1.000000000000000000e+00,-2.632091221261109726e-01
1.000000000000000000e+00,1.494096027321818454e+00
1.000000000000000000e+00,9.192460102506418984e-01
1.000000000000000000e+00,1.022520665867394651e+00
1.000000000000000000e+00,7.622353604472216215e-01
1.000000000000000000e+00,-8.082015518852515568e-01
1.000000000000000000e+00,-1.124690659031543083e+00
1.000000000000000000e+00,-1.305006737574873968e-02
1.000000000000000000e+00,-2.358514774099662870e-01
1.000000000000000000e+00,1.525217593520504789e+00
1.000000000000000000e+00,-6.456966314063522505e-01
1.000000000000000000e+00,-9.959741024479690230e-01
1.000000000000000000e+00,2.925320720243947958e-01
1.000000000000000000e+00,6.259650056606701485e-01
1.000000000000000000e+00,9.060574534972352101e-01
1.000000000000000000e+00,-4.892524649696674555e-01
1.000000000000000000e+00,-1.144423502633276218e-01
1.000000000000000000e+00,1.410778889706082007e+00
1.000000000000000000e+00,-7.131514107776909528e-01
1.000000000000000000e+00,-5.384034457829541820e-01
1.000000000000000000e+00,3.311287467365702786e-01
1.000000000000000000e+00,-3.548793144768007668e-01
1.000000000000000000e+00,8.000110842606625305e-02
1.000000000000000000e+00,2.542262607717940548e-01
1.000000000000000000e+00,1.936014851560909467e+00
1.000000000000000000e+00,1.149020315544493576e+00
1.000000000000000000e+00,5.389993031752544628e-01
1.000000000000000000e+00,5.097819450646051687e-01
1.000000000000000000e+00,5.883978887182924611e-01
1.000000000000000000e+00,1.626844297524936422e+00
1.000000000000000000e+00,-8.076161170749743823e-01
1.000000000000000000e+00,-4.034864712580215063e-01
1.000000000000000000e+00,1.584215909193217087e+00
1.000000000000000000e+00,-6.964278568237507183e-02
1.000000000000000000e+00,-1.383578360492363490e-01
1.000000000000000000e+00,-4.213247234855926338e-01
1.000000000000000000e+00,1.002577567442986428e+00
1.000000000000000000e+00,-1.265650672118857845e+00
1.000000000000000000e+00,-7.575946058224789503e-01
1.000000000000000000e+00,1.566642565187326586e+00
1.000000000000000000e+00,5.989068761500648819e-01
1.000000000000000000e+00,-1.839162823476628017e-01
1.000000000000000000e+00,3.515118482414684165e-01
1.000000000000000000e+00,2.070179536174817425e+00
1.000000000000000000e+00,2.065868635749089632e-01
1.000000000000000000e+00,1.713916292889346993e+00
1.000000000000000000e+00,1.335657427446321988e+00
1.000000000000000000e+00,1.485356115945872801e+00
1.000000000000000000e+00,1.371445992611102005e+00
1.000000000000000000e+00,1.330778254710141884e+00
1.000000000000000000e+00,-3.707334329631370995e-01
1.000000000000000000e+00,1.299213389527741125e+00
1.000000000000000000e+00,1.080793058854879529e+00
1.000000000000000000e+00,-6.325760526569537134e-01
1.000000000000000000e+00,1.597833898333738123e-01
1.000000000000000000e+00,7.371403532947939929e-01
1.000000000000000000e+00,-1.558117035632335390e-01
1.000000000000000000e+00,-3.306279175577771928e-02
1.000000000000000000e+00,4.160085544686904502e-01
1.000000000000000000e+00,2.094567713077663818e-01
1.000000000000000000e+00,2.103421333114859626e-01
1.000000000000000000e+00,-7.597859694789631524e-01
1.000000000000000000e+00,5.582506739103909599e-01
1.000000000000000000e+00,6.896781108962334317e-01
1.000000000000000000e+00,3.262083752100821687e-01
1.000000000000000000e+00,-4.687437071543297806e-01
1.000000000000000000e+00,1.361183926925378929e-01
1.000000000000000000e+00,1.007715880570204003e+00
1.000000000000000000e+00,4.252288437396277154e-01
1.000000000000000000e+00,-9.577263814897026828e-01
1.000000000000000000e+00,8.016452992800776611e-01
1.000000000000000000e+00,3.040718531896742238e-01
1.000000000000000000e+00,1.381952237119657145e-01
1.000000000000000000e+00,2.460594245690331527e-01
1.000000000000000000e+00,5.978155201948051056e-01
1.000000000000000000e+00,1.006926099759998916e+00
1.000000000000000000e+00,1.475346457852633852e+00
1.000000000000000000e+00,-3.487777736321814315e-01
1.000000000000000000e+00,1.105228202378676916e-01
1.000000000000000000e+00,6.491413851484528763e-01
1.000000000000000000e+00,-2.907109626083337339e-01
1.000000000000000000e+00,1.656725780135350989e+00
1.000000000000000000e+00,1.066533333553463914e+00
1.000000000000000000e+00,-3.554272583878975711e-01
1.000000000000000000e+00,1.242111042185004344e+00
1.000000000000000000e+00,-8.133170646856953401e-02
1.000000000000000000e+00,3.604948324802314530e-01
1.000000000000000000e+00,3.559563737398988015e-01
1.000000000000000000e+00,2.317926954732651978e-01
1.000000000000000000e+00,1.209755160228689341e+00
1.000000000000000000e+00,4.090760340235581327e-01
1.000000000000000000e+00,1.229630692636992650e+00
1.000000000000000000e+00,1.504459995011706797e+00
1.000000000000000000e+00,7.365198995127550941e-01
1.000000000000000000e+00,2.327105904221177024e+00
1.000000000000000000e+00,9.388853765520163708e-03
1.000000000000000000e+00,6.575150392785600317e-01
1.000000000000000000e+00,1.987976413849010138e+00
1.000000000000000000e+00,6.643017160060019632e-01
1.000000000000000000e+00,9.125207197207589882e-01
1.000000000000000000e+00,9.243011018214373209e-01
1.000000000000000000e+00,3.136353283838773653e-01
1.000000000000000000e+00,-2.856208520657765870e-01
1.000000000000000000e+00,1.426591397414207263e+00
1.000000000000000000e+00,1.088917601295727594e-01
1.000000000000000000e+00,4.420636344273996127e-02
1.000000000000000000e+00,1.105924320942778261e+00
1.000000000000000000e+00,8.432045790033035892e-01
1.000000000000000000e+00,-2.172209724447717316e-01
1.000000000000000000e+00,-7.449929908388572275e-02
1.000000000000000000e+00,-7.116690783024079980e-01
1.000000000000000000e+00,-2.002643743297924661e-01
1.000000000000000000e+00,-3.586078049996775374e-01
1.000000000000000000e+00,-7.766171822793015156e-02
1.000000000000000000e+00,-4.048509751930234879e-01
1.000000000000000000e+00,-3.361073566687452358e-02
1.000000000000000000e+00,5.050622116469172251e-01
1.000000000000000000e+00,1.272855227464469108e+00
1.000000000000000000e+00,2.449424288669913796e+00
1.000000000000000000e+00,-6.375520425503576893e-01
1.000000000000000000e+00,-8.966499988338533234e-01
1.000000000000000000e+00,-1.377721681454278091e+00
1.000000000000000000e+00,-2.400648776947685581e-01
1.000000000000000000e+00,7.914613703038355652e-01
1.000000000000000000e+00,3.507224794191665662e-01
1.000000000000000000e+00,2.028732046165430680e-01
1.000000000000000000e+00,-6.390873804730336227e-02
1.000000000000000000e+00,1.856298629210199058e-01
1.000000000000000000e+00,8.060778771293186651e-01
1.000000000000000000e+00,1.277482263603963997e+00
1.000000000000000000e+00,2.151154934549445841e+00
1.000000000000000000e+00,8.323989602813133271e-01
1.000000000000000000e+00,1.682497412416741056e-01
1.000000000000000000e+00,2.200547481266041938e-01
1.000000000000000000e+00,1.133706725186998776e+00
1.000000000000000000e+00,-3.554272583878975711e-01
1.000000000000000000e+00,1.445752542798569129e+00
1.000000000000000000e+00,1.352137355557437193e+00
1.000000000000000000e+00,-3.740367519700349974e-01
1.000000000000000000e+00,5.572149363220471052e-01
1.000000000000000000e+00,-1.989147019593013876e-01
1.000000000000000000e+00,-1.026230082062283611e+00
1.000000000000000000e+00,3.253077696539486419e-01
1.000000000000000000e+00,9.744787564892002374e-01
1.000000000000000000e+00,1.545870547101920733e+00
1.000000000000000000e+00,4.108644735108297197e-01
1.000000000000000000e+00,1.509945201953317939e+00
1.000000000000000000e+00,1.207633422527825795e+00
1.000000000000000000e+00,1.362002817884598205e+00
1.000000000000000000e+00,1.765987443959667003e+00
1.000000000000000000e+00,6.105302908596695888e-01
1.000000000000000000e+00,6.421075156791627991e-01
1.000000000000000000e+00,5.360586745151715848e-02
1.000000000000000000e+00,-2.692842957449331776e-01
1.000000000000000000e+00,1.651153231758286877e+00
1.000000000000000000e+00,-7.764674567131485058e-03
1.000000000000000000e+00,4.205404214025738052e-01
1.000000000000000000e+00,9.831696413046792093e-01
1.000000000000000000e+00,6.676393710009599636e-02
1.000000000000000000e+00,6.791338334969004853e-02
1.000000000000000000e+00,4.641971315403816134e-01
1.000000000000000000e+00,-3.902843189038130989e-01
1.000000000000000000e+00,9.237321465272834153e-01
1.000000000000000000e+00,3.621905746893099853e-01
1.000000000000000000e+00,6.105706656741713978e-01
1.000000000000000000e+00,-1.618199941496523131e-02
1.000000000000000000e+00,1.783468914663170590e+00
1.000000000000000000e+00,-3.607402543860211974e-01
1.000000000000000000e+00,-4.174543681319518168e-02
1.000000000000000000e+00,2.542859990177406826e-01
1.000000000000000000e+00,1.129113472055556233e+00
1.000000000000000000e+00,7.555281973850742627e-01
1.000000000000000000e+00,-1.003457862707422876e+00
1.000000000000000000e+00,5.139512626437778842e-01
1.000000000000000000e+00,8.042111599404617728e-01
1.000000000000000000e+00,1.195309357387185911e-01
1.000000000000000000e+00,-5.864383513667963399e-01
1.000000000000000000e+00,1.686427636020022769e+00
1.000000000000000000e+00,1.044122839577507511e+00
1.000000000000000000e+00,-1.077524906931096038e-01
1.000000000000000000e+00,3.765055063697383408e-01
1.000000000000000000e+00,-1.459746684013850382e-01
1.000000000000000000e+00,1.247811718799926473e+00
1.000000000000000000e+00,7.816692418234227890e-01
1.000000000000000000e+00,1.211541680768550011e-01
1.000000000000000000e+00,1.616029615069078496e+00
1.000000000000000000e+00,6.207591265173474371e-01
1.000000000000000000e+00,3.057576111922877704e+00
1.000000000000000000e+00,1.112130506714779976e+00
1.000000000000000000e+00,9.034417423005782766e-01
1.000000000000000000e+00,2.029601340640930229e-01
1.000000000000000000e+00,5.413691985858767181e-02
1.000000000000000000e+00,2.087240779217179210e+00
1.000000000000000000e+00,2.915395931658743556e-01
1.000000000000000000e+00,-5.395833791373761956e-01
1.000000000000000000e+00,1.736315392196121354e-01
1.000000000000000000e+00,-1.522176999911326156e+00
1.000000000000000000e+00,1.427232862579303152e+00
1.000000000000000000e+00,2.543086583524101219e-01
1.000000000000000000e+00,6.853505899622779340e-01
1.000000000000000000e+00,1.088787684114152832e+00
1.000000000000000000e+00,1.223492484868999197e+00
1.000000000000000000e+00,-1.503199048151730444e-01
1.000000000000000000e+00,-6.853142121423607680e-01
1.000000000000000000e+00,1.346471697914276788e+00
1.000000000000000000e+00,2.857338596356666649e-01
1.000000000000000000e+00,7.451844171024369912e-01
1.000000000000000000e+00,7.413595214102394193e-01
1.000000000000000000e+00,-3.486409936483587657e-01
1.000000000000000000e+00,9.719236075142960729e-01
1.000000000000000000e+00,1.027626160954470264e-01
1.000000000000000000e+00,4.971627555932554010e-01
1.000000000000000000e+00,1.523088852025288986e+00
1.000000000000000000e+00,1.404266184934188422e+00
1.000000000000000000e+00,1.346471697914276788e+00
1.000000000000000000e+00,4.911098293211995647e-01
1.000000000000000000e+00,7.113869894732440802e-01
1.000000000000000000e+00,1.219312867592249550e+00
1.000000000000000000e+00,9.820280228252437071e-01
1.000000000000000000e+00,6.658363709449760526e-01
1.000000000000000000e+00,5.928836130070308519e-01
1.000000000000000000e+00,6.479216299595365325e-02
1.000000000000000000e+00,4.041222914769205254e-01
1.000000000000000000e+00,1.195766663959605125e-01
1.000000000000000000e+00,1.365928238625147451e+00
1.000000000000000000e+00,1.352137355557437193e+00
1.000000000000000000e+00,2.207055925166800048e+00
1.000000000000000000e+00,2.950217149227091218e-01
1.000000000000000000e+00,2.481828102215090370e-01
1.000000000000000000e+00,-4.922657444927968085e-01
1.000000000000000000e+00,-7.688223711530221827e-02
1.000000000000000000e+00,2.238657869260478162e+00
1.000000000000000000e+00,3.924428464124969373e-01
1.000000000000000000e+00,1.035927576209433987e+00
1.000000000000000000e+00,5.837374815586480192e-01
1.000000000000000000e+00,-6.079387640648483693e-01
1.000000000000000000e+00,6.207591265173474371e-01
1.000000000000000000e+00,1.876387159364394930e-01
1.000000000000000000e+00,6.821086571529390019e-01
1.000000000000000000e+00,6.430929907433308168e-01
1.000000000000000000e+00,7.809239557067505499e-01
1.000000000000000000e+00,-4.689954317631118141e-01
1.000000000000000000e+00,6.588408163506724868e-01
1.000000000000000000e+00,9.166249432112449913e-01
1.000000000000000000e+00,9.859340801343481342e-01
1.000000000000000000e+00,1.311239316418655099e+00
1.000000000000000000e+00,-6.735707679608553267e-02
1.000000000000000000e+00,1.747374654474304734e+00
1.000000000000000000e+00,-6.566463049023162080e-02
1.000000000000000000e+00,7.044128582499006308e-01
1.000000000000000000e+00,4.000180679864345223e-01
1.000000000000000000e+00,2.818661172015487493e-01
1.000000000000000000e+00,1.227716325843482836e-01
1.000000000000000000e+00,1.549474617278067123e+00
1.000000000000000000e+00,6.089404295416827040e-01
1.000000000000000000e+00,1.249989486855609178e+00
1.000000000000000000e+00,2.734211891642086556e-01
1.000000000000000000e+00,1.131530193095025449e+00
1.000000000000000000e+00,4.975294248269969133e-01
1.000000000000000000e+00,1.027241223260888958e+00
1.000000000000000000e+00,5.422404120087871426e-01
1.000000000000000000e+00,3.449612405824915573e-01
1.000000000000000000e+00,2.265336698904450996e-01
1.000000000000000000e+00,3.643316758216183504e-01
1.000000000000000000e+00,7.259561176898728929e-01
1.000000000000000000e+00,4.157976166623133518e-01
1.000000000000000000e+00,7.982451631159558358e-01
1.000000000000000000e+00,-5.987267145519726830e-01
1.000000000000000000e+00,-3.717357995313315122e-01
1.000000000000000000e+00,-1.652326309429709150e-01
1.000000000000000000e+00,7.167420082374819090e-01
1.000000000000000000e+00,2.008911308148237096e-01
1.000000000000000000e+00,-4.183378111882604111e-01
1.000000000000000000e+00,9.973609766141835475e-01
1.000000000000000000e+00,6.181982097118002839e-01
1.000000000000000000e+00,1.348211110841081917e+00
1.000000000000000000e+00,-4.507307720558526021e-01
1.000000000000000000e+00,5.395237637758756311e-01
1.000000000000000000e+00,-3.526842429291888736e-01
1.000000000000000000e+00,1.426591397414207263e+00
1.000000000000000000e+00,7.461855477069221365e-01
1.000000000000000000e+00,4.154618465213029133e-01
1.000000000000000000e+00,5.802644235356809732e-01
1.000000000000000000e+00,-7.459547115967510855e-01
1.000000000000000000e+00,-5.372527635696509041e-01
1.000000000000000000e+00,7.743840597332537490e-01
1.000000000000000000e+00,4.541307601086218282e-02
1.000000000000000000e+00,6.160698802044873856e-01
1.000000000000000000e+00,5.390874685865135740e-01
1.000000000000000000e+00,-4.317462284898076347e-02
1.000000000000000000e+00,1.630180575564080803e+00
1.000000000000000000e+00,7.413595214102394193e-01
1.000000000000000000e+00,1.269491758223721511e+00
1.000000000000000000e+00,1.075124246300598885e-01
1.000000000000000000e+00,-2.168279359852331167e-01
1.000000000000000000e+00,1.147506400992777953e-01
1.000000000000000000e+00,1.865100197779502533e+00
1.000000000000000000e+00,-1.546243544265560876e-01
1.000000000000000000e+00,1.673005211129770797e-01
1.000000000000000000e+00,-4.421242037684005449e-02
1.000000000000000000e+00,6.740242185307940836e-01
1.000000000000000000e+00,9.100562080845325807e-01
1.000000000000000000e+00,9.176351375495979124e-01
1.000000000000000000e+00,1.233385138397763425e+00
1.000000000000000000e+00,5.553387434114194221e-01
1.000000000000000000e+00,1.514416506665448470e+00
1.000000000000000000e+00,1.312796630692298683e+00
1.000000000000000000e+00,6.269175216925918503e-01
1.000000000000000000e+00,-1.420356520600342398e-01
1.000000000000000000e+00,8.122906547077697326e-01
1.000000000000000000e+00,7.985281988053720692e-01
1.000000000000000000e+00,1.783468914663170590e+00
1.000000000000000000e+00,6.791338334969004853e-02
1.000000000000000000e+00,9.379601487601617604e-01
1.000000000000000000e+00,-4.149232554475308365e-01
1.000000000000000000e+00,5.713897921154281745e-01
1.000000000000000000e+00,6.325044896462639343e-01
1.000000000000000000e+00,1.605276730798682383e+00
1.000000000000000000e+00,1.185325513539736475e+00
1.000000000000000000e+00,1.129756585172264627e+00
1.000000000000000000e+00,4.611134020858255189e-01
1.000000000000000000e+00,-1.017601266428065365e-01
1.000000000000000000e+00,1.681504521570317545e-01
1.000000000000000000e+00,1.509870361147061801e-01
1.000000000000000000e+00,6.004646024116114811e-01
1.000000000000000000e+00,-6.203338321169225011e-01
1.000000000000000000e+00,-2.629297943278224858e-01
1.000000000000000000e+00,7.022935924764555082e-01
1.000000000000000000e+00,-8.672505420700427070e-01
1.000000000000000000e+00,5.623713769170002319e-01
1.000000000000000000e+00,1.163890606918274173e+00
1.000000000000000000e+00,-1.232765385707084604e+00
1.000000000000000000e+00,1.898712783832316731e-01
1.000000000000000000e+00,-1.304024049387563666e+00
1.000000000000000000e+00,2.345793816497004081e-01
1.000000000000000000e+00,1.018393512046440602e-01
1.000000000000000000e+00,-1.347235497640605385e-02
1.000000000000000000e+00,5.321697797058921875e-01
1.000000000000000000e+00,6.288538648370692874e-01
1.000000000000000000e+00,-2.421965031053060768e-01
1.000000000000000000e+00,1.064964483618534130e+00
1.000000000000000000e+00,2.472055749154025428e-01
1.000000000000000000e+00,2.334166552904167080e+00
1.000000000000000000e+00,1.016544369345311782e+00
1.000000000000000000e+00,5.432107845126456919e-02
1.000000000000000000e+00,-4.014343595127785047e-01
1.000000000000000000e+00,1.105924320942778261e+00
1.000000000000000000e+00,3.087161928210985229e-01
1.000000000000000000e+00,1.249098498013350850e-01
1.000000000000000000e+00,1.621364858413968379e+00
1.000000000000000000e+00,3.211611114094453101e-01
1.000000000000000000e+00,1.132735669699438397e+00
1.000000000000000000e+00,-1.655313221727041373e-01
1.000000000000000000e+00,8.884066557655655449e-01
1.000000000000000000e+00,1.124747224258711320e+00
1.000000000000000000e+00,4.411253969799813768e-01
1.000000000000000000e+00,7.760217116479979360e-01
1.000000000000000000e+00,1.282360612364338071e+00
1.000000000000000000e+00,-1.182146903983025688e+00
1.000000000000000000e+00,9.524218891261911069e-02
1.000000000000000000e+00,9.960982336912423962e-01
1.000000000000000000e+00,-5.438944205552085354e-01
1.000000000000000000e+00,1.146046998847963128e+00
1.000000000000000000e+00,-7.176699531065712512e-02
1.000000000000000000e+00,1.735260562172131538e+00
1.000000000000000000e+00,1.113091262504763312e+00
1.000000000000000000e+00,8.886361330275813764e-01
1.000000000000000000e+00,3.422433563858707783e-01
1.000000000000000000e+00,1.775466602625843104e-01
1.000000000000000000e+00,6.551246854648881124e-01
1.000000000000000000e+00,5.003680214792202152e-01
1.000000000000000000e+00,1.478700039383707532e+00
1.000000000000000000e+00,8.190633238465068189e-01
1.000000000000000000e+00,4.856600533392532726e-01
1.000000000000000000e+00,2.794815312185199296e-01
1.000000000000000000e+00,2.035403637275808642e+00
1.000000000000000000e+00,8.412113815282010743e-01
1.000000000000000000e+00,9.695447893619104640e-01
1.000000000000000000e+00,1.331211806976286827e-01
1.000000000000000000e+00,6.896781108962334317e-01
1.000000000000000000e+00,5.889973311172742587e-01
1.000000000000000000e+00,-2.195140971133167085e-01
1.000000000000000000e+00,1.841461979852366815e+00
1.000000000000000000e+00,-2.142687641697620278e-03
1.000000000000000000e+00,-1.079457130196542630e-01
1.000000000000000000e+00,3.879406426076353331e-01
1.000000000000000000e+00,1.546945152545258495e-01
1.000000000000000000e+00,-2.440710480643214775e-01
1.000000000000000000e+00,6.897621564284618367e-01
1.000000000000000000e+00,1.480816833229734009e+00
1.000000000000000000e+00,1.136065355932133425e+00
1.000000000000000000e+00,1.397501343565609844e+00
1.000000000000000000e+00,-1.119045047803529230e-01
1.000000000000000000e+00,8.478769338121373567e-01
1.000000000000000000e+00,9.306514833595171954e-01
1.000000000000000000e+00,3.937867509523448883e-01
1.000000000000000000e+00,1.231990971333739804e+00
1.000000000000000000e+00,2.794815312185199296e-01
1.000000000000000000e+00,-9.572814345543758652e-01
1.000000000000000000e+00,7.717172620366149483e-01
1.000000000000000000e+00,9.285915438441155745e-01
1.000000000000000000e+00,1.202734886360200983e+00
1.000000000000000000e+00,1.077240075178715006e+00
1.000000000000000000e+00,-5.409095681973916658e-01
1.000000000000000000e+00,-9.312924136522640062e-01
1.000000000000000000e+00,4.349698857200585134e-01
1.000000000000000000e+00,1.316146916320147797e+00
1.000000000000000000e+00,2.704977230039507519e-01
1.000000000000000000e+00,-4.138792781011253474e-01
1.000000000000000000e+00,6.299505766350690372e-01
1.000000000000000000e+00,-2.764005627948393218e-01
1.000000000000000000e+00,5.228930480922329149e-01
1.000000000000000000e+00,5.869423354567097073e-01
1.000000000000000000e+00,-6.500956972433394321e-02
1.000000000000000000e+00,6.150502101443636738e-01
1.000000000000000000e+00,9.165211222596687524e-01
1.000000000000000000e+00,9.031908416676024398e-01
1.000000000000000000e+00,1.600042012502143951e+00
1.000000000000000000e+00,3.198237986760466556e-01
1.000000000000000000e+00,1.101790434323270285e+00
1.000000000000000000e+00,8.190633238465068189e-01
1.000000000000000000e+00,1.092863480439326240e+00
1.000000000000000000e+00,-5.368889782512309417e-01
1.000000000000000000e+00,4.527586993992599451e-01
1.000000000000000000e+00,1.323304382160362058e+00
1.000000000000000000e+00,1.900562609517147394e-01
1.000000000000000000e+00,-1.617216700329205392e-01
1.000000000000000000e+00,4.039373089084374868e-01
1.000000000000000000e+00,5.546927463793894786e-01
1.000000000000000000e+00,-7.470497754431385529e-01
1.000000000000000000e+00,8.549095673177181665e-01
1.000000000000000000e+00,-7.856835290665912241e-01
1.000000000000000000e+00,5.709530849381629913e-01
1.000000000000000000e+00,-2.144243985586626045e-01
1.000000000000000000e+00,-7.289643304737192242e-01
1.000000000000000000e+00,2.131215544016165087e+00
1.000000000000000000e+00,7.703844811701501261e-01
1.000000000000000000e+00,1.022548681044804120e+00
1.000000000000000000e+00,-5.723075782790448818e-01
1.000000000000000000e+00,8.552939520312921040e-01
1.000000000000000000e+00,1.312178648837678319e+00
1.000000000000000000e+00,6.478131361489218865e-01
1.000000000000000000e+00,1.441335208501742127e+00
1.000000000000000000e+00,-8.070492217203358853e-01
1.000000000000000000e+00,-6.923835125713156957e-01
1.000000000000000000e+00,-5.866731844715521449e-01
1.000000000000000000e+00,5.404676280618325723e-01
1.000000000000000000e+00,-7.079974421101562498e-01
1.000000000000000000e+00,2.906356917065161527e-01
1.000000000000000000e+00,4.736543138555900367e-01
1.000000000000000000e+00,1.385103803586117177e+00
1.000000000000000000e+00,8.348323018290100539e-02
1.000000000000000000e+00,2.575493551980398421e-01
1.000000000000000000e+00,5.624492426306824111e-01
1.000000000000000000e+00,-4.875307675226948079e-01
1.000000000000000000e+00,-1.341914023853852111e-01
1.000000000000000000e+00,1.202500053255445289e+00
1.000000000000000000e+00,9.812819127327653268e-01
1.000000000000000000e+00,1.025324655535759355e+00
1.000000000000000000e+00,1.220608157559534002e+00
1.000000000000000000e+00,-4.132547044400555758e-01
1.000000000000000000e+00,5.745106004812614575e-01
1.000000000000000000e+00,2.075721597447053757e+00
1.000000000000000000e+00,-5.641797399349722519e-02
1.000000000000000000e+00,7.646030549262241571e-01
1.000000000000000000e+00,1.259096067465296231e+00
1.000000000000000000e+00,2.166307166641037452e-01
1.000000000000000000e+00,1.621715872107392764e+00
1.000000000000000000e+00,8.462376339457807761e-01
1.000000000000000000e+00,1.724108190627851867e-01
1.000000000000000000e+00,-5.678423123933561828e-02
1.000000000000000000e+00,-3.611933000873051441e-02
1.000000000000000000e+00,1.490710310734304489e+00
1.000000000000000000e+00,6.921652818671292229e-01
1.000000000000000000e+00,1.307425544399840822e+00
1.000000000000000000e+00,8.053189954118447069e-01
1.000000000000000000e+00,5.572149363220471052e-01
1.000000000000000000e+00,4.733333752790904736e-01
1.000000000000000000e+00,-5.122610243887919940e-02
1.000000000000000000e+00,7.417781011197690511e-01
1.000000000000000000e+00,1.246078073703764666e+00
1.000000000000000000e+00,2.916813170045339798e-01
1.000000000000000000e+00,-4.652784769015212984e-01
1.000000000000000000e+00,4.732909405250732005e-01
1.000000000000000000e+00,1.877604854613796004e+00
1.000000000000000000e+00,3.587216365453738121e-01
1.000000000000000000e+00,1.379391591309908849e+00
1.000000000000000000e+00,4.155611356059452643e-01
1.000000000000000000e+00,-9.439666685105221888e-02
1.000000000000000000e+00,4.869116725888112396e-01
1.000000000000000000e+00,1.570328620956186194e+00
1.000000000000000000e+00,-5.868721746287399732e-01
1.000000000000000000e+00,-4.887621993650018704e-01
1.000000000000000000e+00,-1.985439128465291136e-01
1.000000000000000000e+00,1.239852936488221147e+00
1.000000000000000000e+00,-8.870358491275712742e-01
1.000000000000000000e+00,5.911223647213624810e-01
1.000000000000000000e+00,8.180885604678188594e-01
1.000000000000000000e+00,-2.673537204310988402e-01
1.000000000000000000e+00,6.735570242487010084e-01
1.000000000000000000e+00,-2.437974880966761460e-01
1.000000000000000000e+00,1.364180997928183814e+00
1.000000000000000000e+00,9.503537098527280180e-02
1.000000000000000000e+00,3.765055063697383408e-01
1.000000000000000000e+00,5.670235443185830393e-01
1.000000000000000000e+00,-3.024958765759458990e-01
1.000000000000000000e+00,1.524417654004827372e-01
1.000000000000000000e+00,4.383374748398369269e-01
1.000000000000000000e+00,7.142222902222427061e-01
1.000000000000000000e+00,8.446893834060049677e-01
1.000000000000000000e+00,6.582858686452233155e-01
1.000000000000000000e+00,-5.930272739007597105e-01
1.000000000000000000e+00,1.077919855218797407e+00
1.000000000000000000e+00,5.247362819706141712e-01
1.000000000000000000e+00,4.573758478290809726e-01
1.000000000000000000e+00,1.985712952309486967e+00
1.000000000000000000e+00,-1.946530990898386881e-01
1.000000000000000000e+00,-3.775739391137781370e-02
1.000000000000000000e+00,1.213149116574264941e+00
1.000000000000000000e+00,3.181899229508003302e+00
1.000000000000000000e+00,1.695031591387951897e+00
1.000000000000000000e+00,-1.223756034242524438e+00
1.000000000000000000e+00,-3.332028419520290802e-02
1.000000000000000000e+00,8.394797963715545652e-01
1.000000000000000000e+00,8.639971964838635277e-01
1.000000000000000000e+00,8.082980799390184767e-01
1.000000000000000000e+00,2.406778596846264939e+00
1.000000000000000000e+00,-7.998460252228798417e-01
1.000000000000000000e+00,7.221196863363891216e-01
1.000000000000000000e+00,6.199541021547284592e-01
1.000000000000000000e+00,6.812603740604966651e-01
1.000000000000000000e+00,1.431606526158403669e+00
1.000000000000000000e+00,1.436293441535949622e-01
1.000000000000000000e+00,1.315736164380776785e+00
1.000000000000000000e+00,1.146871798629929939e+00
1.000000000000000000e+00,1.153204052700274262e+00
1.000000000000000000e+00,3.966401791690790657e-01
1.000000000000000000e+00,1.506472967906157034e+00
1.000000000000000000e+00,-1.815189247396385153e-01
1.000000000000000000e+00,2.049485383803093530e+00
1.000000000000000000e+00,-3.152731284099741238e-02
1.000000000000000000e+00,1.895605430075180786e+00
1.000000000000000000e+00,-5.109609315587749778e-01
1.000000000000000000e+00,1.136065355932133425e+00
1.000000000000000000e+00,3.422800233092449518e-01
1.000000000000000000e+00,8.078168780682206673e-01
1.000000000000000000e+00,3.601623582424456349e-01
1.000000000000000000e+00,5.496257071594047305e-01
1.000000000000000000e+00,1.276801247600172440e+00
1.000000000000000000e+00,1.427874327744399263e+00
1.000000000000000000e+00,6.022975365924158053e-01
1.000000000000000000e+00,1.192510994557359982e+00
1.000000000000000000e+00,-3.812621958142574652e-01
1.000000000000000000e+00,-1.414721079066211251e+00
1.000000000000000000e+00,3.283605029773099121e-03
1.000000000000000000e+00,1.117099904801734489e+00
1.000000000000000000e+00,1.790223868322075251e+00
1.000000000000000000e+00,1.270237868316199892e+00
1.000000000000000000e+00,1.037740463975091870e-01
1.000000000000000000e+00,1.833351585992327948e+00
1.000000000000000000e+00,7.565041967274714896e-01
1.000000000000000000e+00,6.153575531200615734e-01
1.000000000000000000e+00,6.797450825529672835e-01
1.000000000000000000e+00,1.070514101665130252e-01
1.000000000000000000e+00,4.399528794078148008e-01
1.000000000000000000e+00,1.136942890165694386e+00
1.000000000000000000e+00,5.410184558882510375e-01
1.000000000000000000e+00,1.594925263737990984e-01
1.000000000000000000e+00,-2.061540124001241120e-02
1.000000000000000000e+00,5.496372428206910410e-01
1.000000000000000000e+00,8.849607889442019371e-01
1.000000000000000000e+00,2.868655904054283057e-01
1.000000000000000000e+00,-7.565492515202598689e-02
1.000000000000000000e+00,-7.985639188684938716e-01
1.000000000000000000e+00,2.234021498391316751e-01
1.000000000000000000e+00,-1.393923929718717369e+00
1.000000000000000000e+00,1.267344065284963905e+00
1.000000000000000000e+00,5.246357569222626083e-01
1.000000000000000000e+00,3.644420885796438858e-01
1.000000000000000000e+00,7.051297172012603864e-01
1.000000000000000000e+00,1.894826772938358994e+00
1.000000000000000000e+00,1.127971441588217827e+00
1.000000000000000000e+00,1.611050470264554224e-01
1.000000000000000000e+00,3.764086892125144690e-01
1.000000000000000000e+00,1.510950040448930887e+00
1.000000000000000000e+00,-2.449794813906135404e-01
1.000000000000000000e+00,1.051003861534754780e+00
1.000000000000000000e+00,5.826634290953176532e-01
1.000000000000000000e+00,7.319447738490483246e-01
1.000000000000000000e+00,2.286166807284191194e-01
1.000000000000000000e+00,-5.866731844715521449e-01
1.000000000000000000e+00,9.078788520167532239e-01
1.000000000000000000e+00,6.986363758608116203e-01
1.000000000000000000e+00,-2.194753702504271542e-01
1.000000000000000000e+00,9.515009551707022117e-01
1.000000000000000000e+00,6.616773530633803801e-01
1.000000000000000000e+00,7.477193786700901956e-01
1.000000000000000000e+00,3.031934949803070101e-01
1.000000000000000000e+00,1.358322117958478792e+00
1.000000000000000000e+00,1.106137730676573838e+00
1.000000000000000000e+00,1.335229372015021454e+00
1.000000000000000000e+00,1.101748823545059208e+00
1.000000000000000000e+00,5.034068442523405018e-01
1.000000000000000000e+00,-1.291255991291097582e-01
1.000000000000000000e+00,2.500787785514846373e-01
1.000000000000000000e+00,1.360967492284157476e+00
1.000000000000000000e+00,-2.057998437955794735e-01
1.000000000000000000e+00,6.896669872228502474e-01
1.000000000000000000e+00,3.098113976595903707e-02
1.000000000000000000e+00,1.262406390266546330e+00
1.000000000000000000e+00,3.306827048296387406e-02
1.000000000000000000e+00,2.019017371410797013e-01
1.000000000000000000e+00,1.157428164670556647e+00
1.000000000000000000e+00,-4.317462284898076347e-02
1.000000000000000000e+00,-4.116763787833549459e-01
1.000000000000000000e+00,4.868539942823799649e-01
1.000000000000000000e+00,4.888834466929535827e-01
1.000000000000000000e+00,-2.549120977459766735e-01
1.000000000000000000e+00,8.201822829912729373e-01
1.000000000000000000e+00,3.160076957219181554e-02
1.000000000000000000e+00,3.686233538080059269e-01
1.000000000000000000e+00,3.144873193674474487e-01
1.000000000000000000e+00,2.859373816597883255e-01
1.000000000000000000e+00,-3.806586335362447948e-01
1.000000000000000000e+00,2.966251718414976701e-01
1.000000000000000000e+00,9.568757493542878745e-01
1.000000000000000000e+00,9.190302695815322220e-02
1.000000000000000000e+00,-7.159052349603434694e-03
1.000000000000000000e+00,1.099769362662862821e-01
1.000000000000000000e+00,6.385372285110688662e-01
1.000000000000000000e+00,3.035552203592115084e-01
1.000000000000000000e+00,7.315451455830603855e-01
1.000000000000000000e+00,1.030971502727482392e-01
1.000000000000000000e+00,-5.683366978770525157e-02
1.000000000000000000e+00,1.078583979718562791e+00
1.000000000000000000e+00,4.856600533392532726e-01
1.000000000000000000e+00,-1.687819067280077467e-01
1.000000000000000000e+00,1.684193013633715097e+00
1.000000000000000000e+00,2.431823341474516731e+00
1.000000000000000000e+00,6.439335870577191090e-02
1.000000000000000000e+00,6.385751313981522514e-01
1.000000000000000000e+00,-7.070489049651609847e-02
1.000000000000000000e+00,6.966242269421674127e-01
1.000000000000000000e+00,1.663056386254083030e+00
1.000000000000000000e+00,2.075839425987334952e+00
1.000000000000000000e+00,3.705885361056989735e-01
1.000000000000000000e+00,-3.119876658750130871e-01
1.000000000000000000e+00,1.922150775638555298e-01
1.000000000000000000e+00,1.173032206499723173e+00
1.000000000000000000e+00,2.333505627269162608e-02
1.000000000000000000e+00,-6.966208081544966735e-01
1.000000000000000000e+00,4.072439238185600052e-01
1.000000000000000000e+00,1.362855632843974485e+00
1.000000000000000000e+00,2.138922330723289633e-01
1.000000000000000000e+00,5.572149363220471052e-01
1.000000000000000000e+00,1.077919855218797407e+00
1.000000000000000000e+00,4.314906478785452970e-01
1.000000000000000000e+00,1.692805349751810295e-01
1.000000000000000000e+00,-7.093561782145151318e-01
1.000000000000000000e+00,8.082980799390184767e-01
1.000000000000000000e+00,9.699131065472642588e-01
1.000000000000000000e+00,8.497370591945448970e-01
1.000000000000000000e+00,1.103147934463919899e+00
1.000000000000000000e+00,1.476633096073953544e+00
1.000000000000000000e+00,-7.892816904199902173e-02
1.000000000000000000e+00,4.510473016498643961e-01
1.000000000000000000e+00,-3.795597208066252282e-02
1.000000000000000000e+00,2.234262782310417528e+00
1.000000000000000000e+00,-1.560148135994521290e-01
1.000000000000000000e+00,1.968474695460905033e-01
1.000000000000000000e+00,1.541597408571171668e+00
1.000000000000000000e+00,2.662979183199501443e-01
1.000000000000000000e+00,-7.551486336418912204e-01
1.000000000000000000e+00,1.343834563346659738e+00
1.000000000000000000e+00,1.258892545441174571e+00
1.000000000000000000e+00,-3.614472256277070361e-01
1.000000000000000000e+00,-5.984201955520809246e-01
1.000000000000000000e+00,-6.182792484442609648e-01
1.000000000000000000e+00,-4.879619778651154982e-02
1.000000000000000000e+00,9.852753114773227239e-01
1.000000000000000000e+00,1.589297367989809695e+00
1.000000000000000000e+00,-1.087758415447812155e+00
1.000000000000000000e+00,1.500087155408412309e+00
1.000000000000000000e+00,1.021033389537274738e+00
1.000000000000000000e+00,-6.795521493298796178e-01
1.000000000000000000e+00,5.064514348561039991e-01
1.000000000000000000e+00,-8.657138271915530980e-01
1.000000000000000000e+00,1.212358511788253823e+00
1.000000000000000000e+00,-1.649364116406561720e-01
1.000000000000000000e+00,3.072400401643617385e-01
1.000000000000000000e+00,1.187514405268802031e+00
1.000000000000000000e+00,-4.647011408572013919e-02
1.000000000000000000e+00,1.747759451175781908e+00
1.000000000000000000e+00,7.004857895577391025e-01
1.000000000000000000e+00,3.195597144301721704e-01
1.000000000000000000e+00,1.561675639027790385e+00
1.000000000000000000e+00,3.260398721577223435e-01
1.000000000000000000e+00,5.579013081685788578e-01
1.000000000000000000e+00,-5.210735866277841355e-01
1.000000000000000000e+00,-4.523025059061039355e-01
1.000000000000000000e+00,5.299722362308617596e-01
1.000000000000000000e+00,-4.884593882562378586e-01
1.000000000000000000e+00,5.396461241830904365e-01
1.000000000000000000e+00,-1.597610196021613527e-01
1.000000000000000000e+00,1.728364025666671577e-01
1.000000000000000000e+00,5.577361010194437085e-01
1.000000000000000000e+00,1.485888545308756969e-01
1.000000000000000000e+00,7.764485311155892022e-01
1.000000000000000000e+00,9.220710113020635923e-01
1.000000000000000000e+00,8.600491164086450091e-01
1.000000000000000000e+00,2.401980726719096237e-01
1.000000000000000000e+00,5.516184926466042304e-01
1.000000000000000000e+00,4.704688233889731119e-01
1.000000000000000000e+00,2.157161035192654841e-01
1.000000000000000000e+00,2.945697641930299926e-01
1.000000000000000000e+00,1.332431150177300072e+00
1.000000000000000000e+00,1.847682997188879295e+00
1.000000000000000000e+00,5.889973311172742587e-01
1.000000000000000000e+00,-3.543295816219872024e-02
1.000000000000000000e+00,-1.053228473326942360e+00
1.000000000000000000e+00,-1.147935016523333962e+00
1.000000000000000000e+00,-1.173832576110962034e+00
1.000000000000000000e+00,3.305494917448393855e-01
1.000000000000000000e+00,-2.244146932204569567e-01
1.000000000000000000e+00,5.572149363220471052e-01
1.000000000000000000e+00,-1.916867861876604684e-01
1.000000000000000000e+00,5.260968070186897855e-02
1.000000000000000000e+00,5.251400301156329276e-01
1.000000000000000000e+00,6.779562310777925704e-01
1.000000000000000000e+00,-4.374445741694157896e-01
1.000000000000000000e+00,6.343679109318961507e-01
1.000000000000000000e+00,-1.669510324867188589e-01
1.000000000000000000e+00,8.206351986888626993e-02
1.000000000000000000e+00,2.688164003714800243e-01
1.000000000000000000e+00,-1.164798093384314059e+00
1.000000000000000000e+00,-1.970245014599689426e-01
1.000000000000000000e+00,4.186708202983954186e-01
1.000000000000000000e+00,2.296575128675507838e+00
1.000000000000000000e+00,6.659434877997769675e-01
1.000000000000000000e+00,8.621910415167595154e-01
1.000000000000000000e+00,4.130863242721418138e-01
1.000000000000000000e+00,1.043822088408258963e+00
1.000000000000000000e+00,-8.627215590514808463e-01
1.000000000000000000e+00,6.231342367786053549e-01
1.000000000000000000e+00,5.039399565989264307e-01
1.000000000000000000e+00,2.066849849942122397e+00
1.000000000000000000e+00,-2.956951922597992888e-01
1.000000000000000000e+00,-1.000730502789031195e+00
1.000000000000000000e+00,7.949476119397010931e-01
1.000000000000000000e+00,1.422961512992270972e-01
1.000000000000000000e+00,-2.899632045642430156e-01
1.000000000000000000e+00,1.284311104089624622e-01
1.000000000000000000e+00,3.937867509523448883e-01
1.000000000000000000e+00,-8.175275810551760336e-02
1.000000000000000000e+00,6.081922595096888040e-01
1.000000000000000000e+00,3.331487234253729945e-01
1.000000000000000000e+00,4.734091810532572442e-01
1.000000000000000000e+00,2.178736841676970348e-01
1.000000000000000000e+00,1.089039408722934921e+00
1.000000000000000000e+00,1.982079945941660898e-02
1.000000000000000000e+00,-5.129325646708128572e-02
1.000000000000000000e+00,5.436028560042737157e-01
1.000000000000000000e+00,1.105187003588368883e-01
1.000000000000000000e+00,1.035396111814460562e+00
1.000000000000000000e+00,6.263543342290810445e-01
1.000000000000000000e+00,1.105777241261378441e+00
1.000000000000000000e+00,-6.725160789289696961e-02
1.000000000000000000e+00,-1.756415053142948435e-01
1.000000000000000000e+00,3.445628482802128856e-01
1.000000000000000000e+00,-9.455752102762521316e-01
1.000000000000000000e+00,6.792474011660462052e-01
1.000000000000000000e+00,-7.902026243754790569e-01
1.000000000000000000e+00,1.246281183739983200e+00
1.000000000000000000e+00,7.295652727129608994e-02
1.000000000000000000e+00,2.792372223919933338e-01
1.000000000000000000e+00,1.219596727257471702e+00
1.000000000000000000e+00,1.146871798629929939e+00
1.000000000000000000e+00,-5.122529256228347538e-01
1.000000000000000000e+00,1.843951210762778015e+00
1.000000000000000000e+00,5.526492863801111266e-01
1.000000000000000000e+00,9.162751654815298741e-01
1.000000000000000000e+00,1.182105828077163912e+00
1.000000000000000000e+00,-2.867826579524630493e-01
1.000000000000000000e+00,1.147506400992777953e-01
1.000000000000000000e+00,-3.927607781892287764e-01
1.000000000000000000e+00,8.136551586427717142e-01
1.000000000000000000e+00,-1.459272897925308066e-01
1.000000000000000000e+00,9.446804954352077122e-01
1.000000000000000000e+00,1.594008861649436115e+00
1.000000000000000000e+00,2.139747716450494247e-02
1.000000000000000000e+00,1.198938970813323429e-01
1.000000000000000000e+00,1.978481881626725780e-01
1.000000000000000000e+00,1.379099079898721714e+00
1.000000000000000000e+00,1.044841346480479549e+00
1.000000000000000000e+00,1.111528180400476629e+00
1.000000000000000000e+00,1.125781725883345796e+00
1.000000000000000000e+00,-7.300676340781683260e-01
1.000000000000000000e+00,2.719718157211721277e-01
1.000000000000000000e+00,-1.079321174188526133e-01
1.000000000000000000e+00,1.499806179658511596e+00
1.000000000000000000e+00,2.663189156037967908e+00
1.000000000000000000e+00,4.006521173692750848e-01
1.000000000000000000e+00,-1.034347067728771830e+00
1.000000000000000000e+00,-9.136585074246207361e-01
1.000000000000000000e+00,8.164780997546778885e-01
1.000000000000000000e+00,1.774454619343773354e+00
1.000000000000000000e+00,-2.003377081765407575e-01
1.000000000000000000e+00,1.345935289664466294e+00
1.000000000000000000e+00,-8.056999613377479053e-01
1.000000000000000000e+00,5.257522441396101920e-01
1.000000000000000000e+00,1.056282250549019697e+00
1.000000000000000000e+00,3.152832799961985955e-01
1.000000000000000000e+00,-8.801980859001474755e-01
1.000000000000000000e+00,1.425737346491121604e+00
1.000000000000000000e+00,-5.596669654367349978e-01
1.000000000000000000e+00,-8.802017937912751666e-01
1.000000000000000000e+00,8.000110842606625305e-02
1.000000000000000000e+00,9.930532310995757728e-01
1.000000000000000000e+00,-6.813490995710114184e-02
1.000000000000000000e+00,-2.899632045642430156e-01
1.000000000000000000e+00,1.036502299334231214e+00
1.000000000000000000e+00,6.047154935955941779e-01
1.000000000000000000e+00,9.957431001187870834e-01
1.000000000000000000e+00,1.340555692618148054e-01
1.000000000000000000e+00,1.854526940234849430e+00
1.000000000000000000e+00,-4.429178334618376622e-01
1.000000000000000000e+00,4.072439238185600052e-01
1.000000000000000000e+00,8.718669894085036010e-01
1.000000000000000000e+00,2.284687770712132970e-01
1.000000000000000000e+00,5.206518338994760020e-01
1.000000000000000000e+00,9.541376777504162465e-01
1.000000000000000000e+00,1.125805621181724447e+00
1.000000000000000000e+00,8.723865061542878108e-01
1.000000000000000000e+00,1.252391788318470311e+00
1.000000000000000000e+00,7.067129867127980303e-01
1.000000000000000000e+00,-1.026532893171047789e+00
1.000000000000000000e+00,4.007629421152036908e-01
1.000000000000000000e+00,2.575493551980398421e-01
1.000000000000000000e+00,7.015322388315631263e-01
1.000000000000000000e+00,4.676269308335251340e-01
1.000000000000000000e+00,2.504289541698924371e+00
1.000000000000000000e+00,1.895605430075180786e+00
1.000000000000000000e+00,-4.319832625261832426e-01
1.000000000000000000e+00,1.063103122272417211e+00
1.000000000000000000e+00,1.655331613071327368e+00
1.000000000000000000e+00,1.241423163378964634e-01
1.000000000000000000e+00,1.341002970488788915e+00
1.000000000000000000e+00,-7.320410615506503255e-04
1.000000000000000000e+00,-7.706583302412524095e-01
1.000000000000000000e+00,-6.603114902802230679e-01
1.000000000000000000e+00,2.549090754231489342e+00
1.000000000000000000e+00,-5.109179438247501981e-02
1.000000000000000000e+00,1.158653416694317428e+00
1.000000000000000000e+00,2.252729728078088911e+00
1.000000000000000000e+00,6.779562310777925704e-01
1.000000000000000000e+00,-6.603477452156941707e-01
1.000000000000000000e+00,5.764540884121956837e-02
1.000000000000000000e+00,-3.624055094902717822e-01
1.000000000000000000e+00,7.510339623424756861e-02
1.000000000000000000e+00,2.988268351955588042e-01
1.000000000000000000e+00,2.477971895442258876e-01
1.000000000000000000e+00,3.678735358243997444e-01
1.000000000000000000e+00,5.198801805570065770e-01
1.000000000000000000e+00,7.260294515366212398e-01
1.000000000000000000e+00,7.533030507205374926e-01
1.000000000000000000e+00,1.774454619343773354e+00
1.000000000000000000e+00,3.087450319743141325e-01
1.000000000000000000e+00,8.059864158148348778e-01
1.000000000000000000e+00,9.734681501629441902e-01
1.000000000000000000e+00,1.809051856484949483e-01
1.000000000000000000e+00,9.625080359772988370e-01
1.000000000000000000e+00,2.170727796841089297e-01
1.000000000000000000e+00,1.002460150890608359e+00
1.000000000000000000e+00,3.661754626800071272e-02
1.000000000000000000e+00,1.172223062258073378e+00
1.000000000000000000e+00,-1.152605582388451094e-01
1.000000000000000000e+00,6.795952599483504053e-02
1.000000000000000000e+00,-5.491357306581962083e-01
1.000000000000000000e+00,-2.097639913990181626e-01
1.000000000000000000e+00,5.682802484150823591e-02
1.000000000000000000e+00,1.157428164670556647e+00
1.000000000000000000e+00,4.331991617126193517e-01
1.000000000000000000e+00,-2.554361463586948267e-01
1.000000000000000000e+00,-1.166791702847319590e+00
1.000000000000000000e+00,9.762906792869473493e-01
1.000000000000000000e+00,6.982359236190175400e-01
1.000000000000000000e+00,1.547460137424108984e-01
1.000000000000000000e+00,7.454283139410605719e-01
1.000000000000000000e+00,8.504432064604245944e-01
1.000000000000000000e+00,1.843613521674356548e-01
1.000000000000000000e+00,2.846668109666886659e-01
1.000000000000000000e+00,5.686747918341289454e-01
1.000000000000000000e+00,2.811830412582416172e-01
1.000000000000000000e+00,5.444120002459235108e-01
1.000000000000000000e+00,-3.822376421766471993e-02
1.000000000000000000e+00,9.922981982653340804e-02
1.000000000000000000e+00,3.873045332852793066e-01
1.000000000000000000e+00,4.414842384435643252e-01
1.000000000000000000e+00,1.101188931984773189e+00
1.000000000000000000e+00,1.952097211345552363e+00
1.000000000000000000e+00,1.248632810690765593e+00
1.000000000000000000e+00,2.515825343977277084e-01
1.000000000000000000e+00,5.570307777293701523e-01
1.000000000000000000e+00,-4.612162761771494979e-01
1.000000000000000000e+00,8.700183996873822601e-01
1.000000000000000000e+00,9.515009551707022117e-01
1.000000000000000000e+00,2.300104358045398090e-01
1.000000000000000000e+00,-1.308835515115534254e-01
1.000000000000000000e+00,1.415569485043099762e+00
1.000000000000000000e+00,3.712744959643276554e-01
1.000000000000000000e+00,-1.128014024453587588e-01
1.000000000000000000e+00,-1.315987625113008153e-01
1.000000000000000000e+00,1.366159775826678580e+00
1.000000000000000000e+00,1.146109621009231416e+00
1.000000000000000000e+00,1.075380773772113496e+00
1.000000000000000000e+00,4.294352402300776750e-01
1.000000000000000000e+00,8.298990176854219580e-01
1.000000000000000000e+00,-4.775829076149177288e-01
1.000000000000000000e+00,-7.511778942320032071e-01
1.000000000000000000e+00,1.476195976908785346e+00
1.000000000000000000e+00,3.021540495008353533e-01
1.000000000000000000e+00,4.225043677365576400e-01
1.000000000000000000e+00,-2.568738431483406567e-02
1.000000000000000000e+00,1.395263425276077607e+00
1.000000000000000000e+00,1.204651454085330586e+00
1.000000000000000000e+00,1.334673600333766030e+00
1.000000000000000000e+00,7.773812717281629592e-01
1.000000000000000000e+00,6.305108801832582932e-01
1.000000000000000000e+00,1.797145406085928765e-01
1.000000000000000000e+00,1.254328131462947749e+00
1.000000000000000000e+00,-1.655313221727041373e-01
1.000000000000000000e+00,7.166453320723624454e-02
1.000000000000000000e+00,8.201822829912729373e-01
1.000000000000000000e+00,7.220397606831915338e-01
1.000000000000000000e+00,1.982079945941660898e-02
1.000000000000000000e+00,4.748325992583997124e-01
1.000000000000000000e+00,5.628740021587581577e-01
1.000000000000000000e+00,8.467283115383494874e-01
1.000000000000000000e+00,2.110816515975151020e-01
1.000000000000000000e+00,-5.523574760602841804e-01
1.000000000000000000e+00,1.524262605561164774e+00
1.000000000000000000e+00,2.180963083313112172e+00
1.000000000000000000e+00,5.373253963250391729e-01
1.000000000000000000e+00,2.632920545790762290e-01
1.000000000000000000e+00,-5.373675672025058497e-02
1.000000000000000000e+00,1.604809536516589308e+00
1.000000000000000000e+00,5.933899461399164688e-01
1.000000000000000000e+00,-4.262496268790146314e-01
1.000000000000000000e+00,-1.900989848091889645e-01
1.000000000000000000e+00,-8.631726858053537788e-01
1.000000000000000000e+00,-3.774750620170388288e-02
1.000000000000000000e+00,1.661326037061145788e+00
1.000000000000000000e+00,-3.543295816219872024e-02
1.000000000000000000e+00,-1.538955619252174722e+00
1.000000000000000000e+00,1.013063895540089465e+00
1.000000000000000000e+00,-5.596846809165674230e-01
1.000000000000000000e+00,8.649929712456086994e-01
1.000000000000000000e+00,1.229392975616915296e+00
1.000000000000000000e+00,-3.547054555817008570e-01
1.000000000000000000e+00,4.614730675252146086e-01
1.000000000000000000e+00,2.065868635749089632e-01
1.000000000000000000e+00,5.184831295776612947e-01
1.000000000000000000e+00,-3.032411626926181936e-01
1.000000000000000000e+00,3.356634975857751835e-01
1.000000000000000000e+00,-1.227097115144401285e-01
1.000000000000000000e+00,-3.056985295423878327e-02
1.000000000000000000e+00,-8.136665714196118504e-01
1.000000000000000000e+00,1.080809126383099672e+00
1.000000000000000000e+00,-2.550693361328489409e-02
1.000000000000000000e+00,9.957463960220117594e-01
1.000000000000000000e+00,3.572924505095882441e-01
1.000000000000000000e+00,2.019017371410797013e-01
1.000000000000000000e+00,1.244146262426221172e+00
1.000000000000000000e+00,-7.453515613066414858e-01
1.000000000000000000e+00,6.318102900295735624e-01
1.000000000000000000e+00,9.685757938138656042e-01
1.000000000000000000e+00,6.202338419409200165e-01
1.000000000000000000e+00,3.507224794191665662e-01
1.000000000000000000e+00,5.127408421845279785e-01
1.000000000000000000e+00,9.060133707916055990e-01
1.000000000000000000e+00,-3.408651339656210699e-01
1.000000000000000000e+00,-7.971392646996422471e-01
1.000000000000000000e+00,-1.344774596857043036e+00
1.000000000000000000e+00,6.190296013002163367e-01
1.000000000000000000e+00,1.451302843828867095e+00
1.000000000000000000e+00,1.007588576308152017e+00
1.000000000000000000e+00,4.345331785427933857e-01
1.000000000000000000e+00,1.404084227273131313e-01
1.000000000000000000e+00,1.006437070119042598e+00
1.000000000000000000e+00,1.146046998847963128e+00
1.000000000000000000e+00,-1.703161496790788210e-01
1.000000000000000000e+00,1.916844230454776588e+00
1.000000000000000000e+00,7.993855456316821817e-01
1.000000000000000000e+00,-4.673544839451429511e-01
1.000000000000000000e+00,-1.024106696409807782e+00
1.000000000000000000e+00,1.209883700454450484e+00
1.000000000000000000e+00,2.541129499992365481e+00
1.000000000000000000e+00,4.519989937059799012e-01
1.000000000000000000e+00,2.025172470682816972e-01
1.000000000000000000e+00,-5.598111612028130457e-01
1.000000000000000000e+00,2.632920545790762290e-01
1.000000000000000000e+00,9.625644783200207888e-01
1.000000000000000000e+00,3.580757805054483184e-02
1.000000000000000000e+00,1.421351323274928857e+00
1.000000000000000000e+00,-8.935403195581305674e-04
1.000000000000000000e+00,5.630008944329069065e-01
1.000000000000000000e+00,-1.177455282781211116e-02
1.000000000000000000e+00,1.522123976356274833e+00
1.000000000000000000e+00,-7.276908758652980147e-01
1.000000000000000000e+00,3.932717660734945109e-01
1.000000000000000000e+00,3.956779164195878967e-02
1.000000000000000000e+00,3.546054654056984834e-01
1.000000000000000000e+00,1.326635304356766243e+00
1.000000000000000000e+00,2.401607227648337381e-02
1.000000000000000000e+00,6.625042127848626006e-01
1.000000000000000000e+00,1.076828911251440868e+00
1.000000000000000000e+00,1.205591610480159837e+00
1.000000000000000000e+00,-1.157594896886857905e+00
1.000000000000000000e+00,3.356692654164183387e-01
1.000000000000000000e+00,8.992135104512650745e-01
1.000000000000000000e+00,7.690265690415974964e-01
1.000000000000000000e+00,-3.156634219462955970e-01
1.000000000000000000e+00,1.453937918456968736e+00
1.000000000000000000e+00,-7.761145570375435621e-02
1.000000000000000000e+00,9.174291435980578280e-01
1.000000000000000000e+00,1.312988617055134144e+00
1.000000000000000000e+00,1.463462666788282407e+00
1.000000000000000000e+00,1.628191497968008994e+00
1.000000000000000000e+00,2.019437599071939038e-01
1.000000000000000000e+00,-4.620377800558916337e-01
1.000000000000000000e+00,-8.971081293820786229e-01
1.000000000000000000e+00,1.006589917631085518e+00
1.000000000000000000e+00,9.695447893619104640e-01
1.000000000000000000e+00,3.016176412510248039e-01
1.000000000000000000e+00,-8.204816753123662654e-01
1.000000000000000000e+00,1.608448116638130920e-02
1.000000000000000000e+00,1.750071527287868411e+00
1.000000000000000000e+00,4.150543904851564658e-01
1.000000000000000000e+00,1.578517704505713493e+00
1.000000000000000000e+00,5.159337484334003410e-01
1.000000000000000000e+00,1.261791292327247627e+00
1.000000000000000000e+00,-7.159052349603434694e-03
1.000000000000000000e+00,1.347493839901819035e+00
1.000000000000000000e+00,-6.174746360695451131e-01
1.000000000000000000e+00,2.300907734456404674e-01
1.000000000000000000e+00,2.083140578567260065e-02
1.000000000000000000e+00,1.507150688006724248e+00
1.000000000000000000e+00,9.304215941095983489e-01
1.000000000000000000e+00,4.963004649121083300e-01
1.000000000000000000e+00,7.106820781710736501e-01
1.000000000000000000e+00,3.835109486737158790e-01
1.000000000000000000e+00,3.621580276449666291e-01
1.000000000000000000e+00,-6.514058187751348150e-02
1.000000000000000000e+00,1.403529550563480832e+00
1.000000000000000000e+00,3.391171921772974107e-01
1.000000000000000000e+00,-5.603830004122885011e-01
1.000000000000000000e+00,1.577050615582844317e+00
1.000000000000000000e+00,2.457397219562428292e-01
1.000000000000000000e+00,-9.278778579115344316e-01
1.000000000000000000e+00,1.695727026968351314e+00
1.000000000000000000e+00,5.401578131587162490e-01
1.000000000000000000e+00,-1.271587688798043736e-01
1.000000000000000000e+00,7.333686040420938079e-01
1.000000000000000000e+00,4.092465970154333665e-01
1.000000000000000000e+00,4.018617138527189048e-01
1.000000000000000000e+00,-3.100690382103681308e-01
1.000000000000000000e+00,9.873459626782042919e-01
1.000000000000000000e+00,1.698573039402830220e+00
1.000000000000000000e+00,-7.689625880321738771e-01
1.000000000000000000e+00,-3.615022910146153262e-02
1.000000000000000000e+00,-1.699813000106655814e+00
1.000000000000000000e+00,1.212229700566694185e-01
1.000000000000000000e+00,6.830096746969755994e-01
1.000000000000000000e+00,2.285936094058466095e-01
1.000000000000000000e+00,-7.774864767548010647e-02
1.000000000000000000e+00,4.522774975284621912e-01
1.000000000000000000e+00,2.606282817898633586e-02
1.000000000000000000e+00,1.142210979482382260e+00
1.000000000000000000e+00,1.326051929486004477e+00
1.000000000000000000e+00,1.369394292853762130e+00
1.000000000000000000e+00,6.640388677238366899e-01
