label,score
0.000000000000000000e+00,3.384760618209838867e-01
0.000000000000000000e+00,3.122091293334960938e-01
0.000000000000000000e+00,1.762828677892684937e-01
0.000000000000000000e+00,2.218873500823974609e-01
0.000000000000000000e+00,1.993280351161956787e-01
0.000000000000000000e+00,1.270341575145721436e-01
0.000000000000000000e+00,1.798008382320404053e-01
0.000000000000000000e+00,1.438018232583999634e-01
0.000000000000000000e+00,1.537965983152389526e-01
0.000000000000000000e+00,1.657190918922424316e-01
0.000000000000000000e+00,1.865588724613189697e-01
0.000000000000000000e+00,1.502868980169296265e-01
0.000000000000000000e+00,2.356151938438415527e-01
0.000000000000000000e+00,1.864792555570602417e-01
0.000000000000000000e+00,1.806607693433761597e-01
0.000000000000000000e+00,1.150470972061157227e-01
0.000000000000000000e+00,1.545086205005645752e-01
0.000000000000000000e+00,1.758699864149093628e-01
0.000000000000000000e+00,1.515439003705978394e-01
0.000000000000000000e+00,1.280277669429779053e-01
0.000000000000000000e+00,1.778287738561630249e-01
0.000000000000000000e+00,1.599246263504028320e-01
0.000000000000000000e+00,1.595072597265243530e-01
0.000000000000000000e+00,2.217440158128738403e-01
0.000000000000000000e+00,1.635023951530456543e-01
0.000000000000000000e+00,1.562067270278930664e-01
0.000000000000000000e+00,2.092855572700500488e-01
0.000000000000000000e+00,1.662575006484985352e-01
0.000000000000000000e+00,1.548028588294982910e-01
0.000000000000000000e+00,1.844520568847656250e-01
0.000000000000000000e+00,1.674719452857971191e-01
0.000000000000000000e+00,2.591475546360015869e-01
0.000000000000000000e+00,1.752752065658569336e-01
0.000000000000000000e+00,1.481565684080123901e-01
0.000000000000000000e+00,2.039861530065536499e-01
0.000000000000000000e+00,1.446229070425033569e-01
0.000000000000000000e+00,1.527272015810012817e-01
0.000000000000000000e+00,1.427281647920608521e-01
0.000000000000000000e+00,1.732031852006912231e-01
0.000000000000000000e+00,1.785588115453720093e-01
0.000000000000000000e+00,1.430646181106567383e-01
0.000000000000000000e+00,1.175006553530693054e-01
0.000000000000000000e+00,1.976308524608612061e-01
0.000000000000000000e+00,2.047927379608154297e-01
0.000000000000000000e+00,1.253241449594497681e-01
0.000000000000000000e+00,1.644164323806762695e-01
0.000000000000000000e+00,1.637914180755615234e-01
0.000000000000000000e+00,1.474622339010238647e-01
0.000000000000000000e+00,1.461051255464553833e-01
0.000000000000000000e+00,1.542076468467712402e-01
0.000000000000000000e+00,1.348647475242614746e-01
0.000000000000000000e+00,1.555326133966445923e-01
0.000000000000000000e+00,1.659554839134216309e-01
0.000000000000000000e+00,2.009116411209106445e-01
0.000000000000000000e+00,1.614952832460403442e-01
0.000000000000000000e+00,2.044641673564910889e-01
0.000000000000000000e+00,2.326896488666534424e-01
0.000000000000000000e+00,2.329157143831253052e-01
0.000000000000000000e+00,1.424860656261444092e-01
0.000000000000000000e+00,1.489576697349548340e-01
0.000000000000000000e+00,1.528778970241546631e-01
0.000000000000000000e+00,1.604860424995422363e-01
0.000000000000000000e+00,1.793182194232940674e-01
0.000000000000000000e+00,1.703207194805145264e-01
0.000000000000000000e+00,1.353016495704650879e-01
0.000000000000000000e+00,1.497475355863571167e-01
0.000000000000000000e+00,1.593658030033111572e-01
0.000000000000000000e+00,1.626957505941390991e-01
0.000000000000000000e+00,2.001942992210388184e-01
0.000000000000000000e+00,1.303430944681167603e-01
0.000000000000000000e+00,1.325400173664093018e-01
0.000000000000000000e+00,1.604848504066467285e-01
0.000000000000000000e+00,1.645709872245788574e-01
0.000000000000000000e+00,1.513182520866394043e-01
0.000000000000000000e+00,2.183512151241302490e-01
0.000000000000000000e+00,1.526534855365753174e-01
0.000000000000000000e+00,1.520878970623016357e-01
0.000000000000000000e+00,1.499227434396743774e-01
0.000000000000000000e+00,1.423362344503402710e-01
0.000000000000000000e+00,2.713950574398040771e-01
0.000000000000000000e+00,1.429836452007293701e-01
0.000000000000000000e+00,1.496772766113281250e-01
0.000000000000000000e+00,1.970948278903961182e-01
0.000000000000000000e+00,1.554928719997406006e-01
0.000000000000000000e+00,2.084081470966339111e-01
0.000000000000000000e+00,1.470566242933273315e-01
0.000000000000000000e+00,1.571954488754272461e-01
0.000000000000000000e+00,1.758309900760650635e-01
0.000000000000000000e+00,1.994279623031616211e-01
0.000000000000000000e+00,1.617096215486526489e-01
0.000000000000000000e+00,2.144692689180374146e-01
0.000000000000000000e+00,1.438134610652923584e-01
0.000000000000000000e+00,1.558098047971725464e-01
0.000000000000000000e+00,1.689089834690093994e-01
0.000000000000000000e+00,1.529233455657958984e-01
0.000000000000000000e+00,1.770333498716354370e-01
0.000000000000000000e+00,1.409660279750823975e-01
0.000000000000000000e+00,1.363972723484039307e-01
0.000000000000000000e+00,1.679242253303527832e-01
0.000000000000000000e+00,1.637267023324966431e-01
0.000000000000000000e+00,1.678489744663238525e-01
0.000000000000000000e+00,1.578942239284515381e-01
0.000000000000000000e+00,1.943015754222869873e-01
0.000000000000000000e+00,1.923937499523162842e-01
0.000000000000000000e+00,1.833460777997970581e-01
0.000000000000000000e+00,1.633094847202301025e-01
0.000000000000000000e+00,1.507284045219421387e-01
0.000000000000000000e+00,1.395073384046554565e-01
0.000000000000000000e+00,1.551117897033691406e-01
0.000000000000000000e+00,1.465999782085418701e-01
0.000000000000000000e+00,1.695345938205718994e-01
0.000000000000000000e+00,1.451840251684188843e-01
0.000000000000000000e+00,1.965652406215667725e-01
0.000000000000000000e+00,1.512213349342346191e-01
0.000000000000000000e+00,1.601577550172805786e-01
0.000000000000000000e+00,1.990465819835662842e-01
0.000000000000000000e+00,1.574715375900268555e-01
0.000000000000000000e+00,1.626319438219070435e-01
0.000000000000000000e+00,1.566379666328430176e-01
0.000000000000000000e+00,1.638047695159912109e-01
0.000000000000000000e+00,1.725314706563949585e-01
0.000000000000000000e+00,2.041836678981781006e-01
0.000000000000000000e+00,1.930528283119201660e-01
0.000000000000000000e+00,2.173075973987579346e-01
0.000000000000000000e+00,1.912557482719421387e-01
0.000000000000000000e+00,1.631169915199279785e-01
0.000000000000000000e+00,1.682713776826858521e-01
0.000000000000000000e+00,1.833458989858627319e-01
0.000000000000000000e+00,1.821221262216567993e-01
0.000000000000000000e+00,1.397859603166580200e-01
0.000000000000000000e+00,1.281211227178573608e-01
0.000000000000000000e+00,1.518387496471405029e-01
0.000000000000000000e+00,1.565034687519073486e-01
0.000000000000000000e+00,1.382431238889694214e-01
0.000000000000000000e+00,1.985531598329544067e-01
0.000000000000000000e+00,2.041177153587341309e-01
0.000000000000000000e+00,1.510905325412750244e-01
0.000000000000000000e+00,1.621377468109130859e-01
0.000000000000000000e+00,1.476419568061828613e-01
0.000000000000000000e+00,1.568848490715026855e-01
0.000000000000000000e+00,1.823302805423736572e-01
0.000000000000000000e+00,1.543473303318023682e-01
0.000000000000000000e+00,1.681692004203796387e-01
0.000000000000000000e+00,1.529377251863479614e-01
0.000000000000000000e+00,1.506852209568023682e-01
0.000000000000000000e+00,2.021362185478210449e-01
0.000000000000000000e+00,1.730278879404067993e-01
0.000000000000000000e+00,1.739094257354736328e-01
0.000000000000000000e+00,1.617038995027542114e-01
0.000000000000000000e+00,1.607281118631362915e-01
0.000000000000000000e+00,1.724275648593902588e-01
0.000000000000000000e+00,1.538033038377761841e-01
0.000000000000000000e+00,1.758157908916473389e-01
0.000000000000000000e+00,1.716608852148056030e-01
0.000000000000000000e+00,1.499643325805664062e-01
0.000000000000000000e+00,1.509306579828262329e-01
0.000000000000000000e+00,1.622031927108764648e-01
0.000000000000000000e+00,1.553616523742675781e-01
0.000000000000000000e+00,1.683719456195831299e-01
0.000000000000000000e+00,1.699847429990768433e-01
0.000000000000000000e+00,1.901121586561203003e-01
0.000000000000000000e+00,1.556921750307083130e-01
0.000000000000000000e+00,1.606175005435943604e-01
0.000000000000000000e+00,1.414325386285781860e-01
0.000000000000000000e+00,2.184526771306991577e-01
0.000000000000000000e+00,1.977087855339050293e-01
0.000000000000000000e+00,1.776600629091262817e-01
0.000000000000000000e+00,2.095592319965362549e-01
0.000000000000000000e+00,1.961580663919448853e-01
0.000000000000000000e+00,2.781499624252319336e-01
0.000000000000000000e+00,1.608529835939407349e-01
0.000000000000000000e+00,1.870868802070617676e-01
0.000000000000000000e+00,2.076807916164398193e-01
0.000000000000000000e+00,1.568441390991210938e-01
0.000000000000000000e+00,1.599450707435607910e-01
0.000000000000000000e+00,1.922450512647628784e-01
0.000000000000000000e+00,2.176266163587570190e-01
0.000000000000000000e+00,1.857161819934844971e-01
0.000000000000000000e+00,2.022190839052200317e-01
0.000000000000000000e+00,1.909100711345672607e-01
0.000000000000000000e+00,1.396961361169815063e-01
0.000000000000000000e+00,1.756619513034820557e-01
0.000000000000000000e+00,2.157735526561737061e-01
0.000000000000000000e+00,2.347882241010665894e-01
0.000000000000000000e+00,2.167701721191406250e-01
0.000000000000000000e+00,1.744814217090606689e-01
0.000000000000000000e+00,1.782987862825393677e-01
0.000000000000000000e+00,1.766435354948043823e-01
0.000000000000000000e+00,1.883760988712310791e-01
0.000000000000000000e+00,1.844879090785980225e-01
0.000000000000000000e+00,1.759057939052581787e-01
0.000000000000000000e+00,1.923243552446365356e-01
0.000000000000000000e+00,1.919862926006317139e-01
0.000000000000000000e+00,1.913426965475082397e-01
0.000000000000000000e+00,1.441449820995330811e-01
0.000000000000000000e+00,1.827505677938461304e-01
0.000000000000000000e+00,1.865304112434387207e-01
0.000000000000000000e+00,2.210835963487625122e-01
0.000000000000000000e+00,3.108863234519958496e-01
0.000000000000000000e+00,2.689998149871826172e-01
0.000000000000000000e+00,2.265132665634155273e-01
0.000000000000000000e+00,1.528488695621490479e-01
0.000000000000000000e+00,2.432151585817337036e-01
0.000000000000000000e+00,1.719177067279815674e-01
0.000000000000000000e+00,2.300067394971847534e-01
0.000000000000000000e+00,2.188919335603713989e-01
0.000000000000000000e+00,2.843376398086547852e-01
0.000000000000000000e+00,2.138409167528152466e-01
0.000000000000000000e+00,1.667744070291519165e-01
0.000000000000000000e+00,1.364337801933288574e-01
0.000000000000000000e+00,1.940435767173767090e-01
0.000000000000000000e+00,3.344386219978332520e-01
0.000000000000000000e+00,2.710909843444824219e-01
0.000000000000000000e+00,2.141384184360504150e-01
0.000000000000000000e+00,1.769377291202545166e-01
0.000000000000000000e+00,2.072505354881286621e-01
0.000000000000000000e+00,1.653275787830352783e-01
0.000000000000000000e+00,1.850581318140029907e-01
0.000000000000000000e+00,1.812750399112701416e-01
0.000000000000000000e+00,1.643367409706115723e-01
0.000000000000000000e+00,1.237021535634994507e-01
0.000000000000000000e+00,1.503932327032089233e-01
0.000000000000000000e+00,1.446296274662017822e-01
0.000000000000000000e+00,2.428417801856994629e-01
0.000000000000000000e+00,1.150735393166542053e-01
0.000000000000000000e+00,1.714095473289489746e-01
0.000000000000000000e+00,1.578967720270156860e-01
0.000000000000000000e+00,1.639266610145568848e-01
0.000000000000000000e+00,1.787971705198287964e-01
0.000000000000000000e+00,1.700173467397689819e-01
0.000000000000000000e+00,1.585876643657684326e-01
0.000000000000000000e+00,1.358886063098907471e-01
0.000000000000000000e+00,1.536559909582138062e-01
0.000000000000000000e+00,1.392801702022552490e-01
0.000000000000000000e+00,2.093647718429565430e-01
0.000000000000000000e+00,1.691093146800994873e-01
0.000000000000000000e+00,1.970380842685699463e-01
0.000000000000000000e+00,1.659611463546752930e-01
0.000000000000000000e+00,1.402462869882583618e-01
0.000000000000000000e+00,1.345696151256561279e-01
0.000000000000000000e+00,1.656122207641601562e-01
0.000000000000000000e+00,1.426678299903869629e-01
0.000000000000000000e+00,1.528633385896682739e-01
0.000000000000000000e+00,1.553359627723693848e-01
0.000000000000000000e+00,1.396082192659378052e-01
0.000000000000000000e+00,2.007511407136917114e-01
0.000000000000000000e+00,1.295685172080993652e-01
0.000000000000000000e+00,1.570603698492050171e-01
0.000000000000000000e+00,1.251536756753921509e-01
0.000000000000000000e+00,1.676397621631622314e-01
0.000000000000000000e+00,1.287341713905334473e-01
0.000000000000000000e+00,1.361903995275497437e-01
0.000000000000000000e+00,1.420791447162628174e-01
0.000000000000000000e+00,1.429480910301208496e-01
0.000000000000000000e+00,1.604945957660675049e-01
0.000000000000000000e+00,1.395332366228103638e-01
0.000000000000000000e+00,1.561783105134963989e-01
0.000000000000000000e+00,1.567175239324569702e-01
0.000000000000000000e+00,1.291161775588989258e-01
0.000000000000000000e+00,1.579499542713165283e-01
0.000000000000000000e+00,1.524525582790374756e-01
0.000000000000000000e+00,1.686493903398513794e-01
0.000000000000000000e+00,1.645100563764572144e-01
0.000000000000000000e+00,1.469648778438568115e-01
0.000000000000000000e+00,1.283068209886550903e-01
0.000000000000000000e+00,1.634413003921508789e-01
0.000000000000000000e+00,1.394411921501159668e-01
0.000000000000000000e+00,1.845944523811340332e-01
0.000000000000000000e+00,1.389596611261367798e-01
0.000000000000000000e+00,1.389169096946716309e-01
0.000000000000000000e+00,1.423928588628768921e-01
0.000000000000000000e+00,1.520870774984359741e-01
0.000000000000000000e+00,1.524169296026229858e-01
0.000000000000000000e+00,1.749880611896514893e-01
0.000000000000000000e+00,1.559277772903442383e-01
0.000000000000000000e+00,1.374293267726898193e-01
0.000000000000000000e+00,1.344321370124816895e-01
0.000000000000000000e+00,1.367633938789367676e-01
0.000000000000000000e+00,2.461861073970794678e-01
0.000000000000000000e+00,1.616614460945129395e-01
0.000000000000000000e+00,1.406581699848175049e-01
0.000000000000000000e+00,1.989721953868865967e-01
0.000000000000000000e+00,2.324073016643524170e-01
0.000000000000000000e+00,1.839209496974945068e-01
0.000000000000000000e+00,3.362855911254882812e-01
0.000000000000000000e+00,1.895886212587356567e-01
0.000000000000000000e+00,1.546600610017776489e-01
0.000000000000000000e+00,1.750266849994659424e-01
0.000000000000000000e+00,1.791064292192459106e-01
0.000000000000000000e+00,1.416309624910354614e-01
0.000000000000000000e+00,1.875964701175689697e-01
0.000000000000000000e+00,1.773517876863479614e-01
0.000000000000000000e+00,1.848904043436050415e-01
0.000000000000000000e+00,1.976312994956970215e-01
0.000000000000000000e+00,1.892891377210617065e-01
0.000000000000000000e+00,2.079074382781982422e-01
0.000000000000000000e+00,1.532891690731048584e-01
0.000000000000000000e+00,1.527121663093566895e-01
0.000000000000000000e+00,1.498823612928390503e-01
0.000000000000000000e+00,1.841299533843994141e-01
0.000000000000000000e+00,1.669138967990875244e-01
0.000000000000000000e+00,1.904590725898742676e-01
0.000000000000000000e+00,1.678640693426132202e-01
0.000000000000000000e+00,1.606539934873580933e-01
0.000000000000000000e+00,1.906722187995910645e-01
0.000000000000000000e+00,1.774620115756988525e-01
0.000000000000000000e+00,1.869130581617355347e-01
0.000000000000000000e+00,1.508198082447052002e-01
0.000000000000000000e+00,1.621531993150711060e-01
0.000000000000000000e+00,1.924281716346740723e-01
0.000000000000000000e+00,1.917474418878555298e-01
0.000000000000000000e+00,1.818345785140991211e-01
0.000000000000000000e+00,2.315545678138732910e-01
0.000000000000000000e+00,1.891808509826660156e-01
0.000000000000000000e+00,1.391985416412353516e-01
0.000000000000000000e+00,1.560263037681579590e-01
0.000000000000000000e+00,1.620200425386428833e-01
0.000000000000000000e+00,1.815136671066284180e-01
0.000000000000000000e+00,1.460501849651336670e-01
0.000000000000000000e+00,1.612497866153717041e-01
0.000000000000000000e+00,1.951533854007720947e-01
0.000000000000000000e+00,1.981201320886611938e-01
0.000000000000000000e+00,3.490904569625854492e-01
0.000000000000000000e+00,3.304096758365631104e-01
0.000000000000000000e+00,3.074502348899841309e-01
0.000000000000000000e+00,3.724270462989807129e-01
0.000000000000000000e+00,1.661314368247985840e-01
0.000000000000000000e+00,1.706875115633010864e-01
0.000000000000000000e+00,1.901983171701431274e-01
0.000000000000000000e+00,1.621765792369842529e-01
0.000000000000000000e+00,1.633791774511337280e-01
0.000000000000000000e+00,1.550341993570327759e-01
0.000000000000000000e+00,1.773670017719268799e-01
0.000000000000000000e+00,1.580774188041687012e-01
0.000000000000000000e+00,1.536884605884552002e-01
0.000000000000000000e+00,1.884125471115112305e-01
0.000000000000000000e+00,1.857810914516448975e-01
0.000000000000000000e+00,1.565252840518951416e-01
0.000000000000000000e+00,1.528391838073730469e-01
0.000000000000000000e+00,1.758145540952682495e-01
0.000000000000000000e+00,1.423278003931045532e-01
0.000000000000000000e+00,1.341877132654190063e-01
0.000000000000000000e+00,1.593097895383834839e-01
0.000000000000000000e+00,1.651095896959304810e-01
0.000000000000000000e+00,1.507461667060852051e-01
0.000000000000000000e+00,2.013265043497085571e-01
0.000000000000000000e+00,1.453681141138076782e-01
0.000000000000000000e+00,2.145377844572067261e-01
0.000000000000000000e+00,1.758384257555007935e-01
0.000000000000000000e+00,1.848694682121276855e-01
0.000000000000000000e+00,1.554198116064071655e-01
0.000000000000000000e+00,2.047348022460937500e-01
0.000000000000000000e+00,1.525917351245880127e-01
0.000000000000000000e+00,1.535009443759918213e-01
0.000000000000000000e+00,1.741550117731094360e-01
0.000000000000000000e+00,1.761319190263748169e-01
0.000000000000000000e+00,2.299549430608749390e-01
0.000000000000000000e+00,1.691697835922241211e-01
0.000000000000000000e+00,1.998792588710784912e-01
0.000000000000000000e+00,1.968083381652832031e-01
0.000000000000000000e+00,2.163669764995574951e-01
0.000000000000000000e+00,2.008545249700546265e-01
0.000000000000000000e+00,1.609269976615905762e-01
0.000000000000000000e+00,1.426602452993392944e-01
0.000000000000000000e+00,2.041710466146469116e-01
0.000000000000000000e+00,1.732608079910278320e-01
0.000000000000000000e+00,1.543262898921966553e-01
0.000000000000000000e+00,1.980862319469451904e-01
0.000000000000000000e+00,2.146858721971511841e-01
0.000000000000000000e+00,1.774092167615890503e-01
0.000000000000000000e+00,1.636302024126052856e-01
0.000000000000000000e+00,1.890834271907806396e-01
0.000000000000000000e+00,2.094342559576034546e-01
0.000000000000000000e+00,3.791349530220031738e-01
0.000000000000000000e+00,1.754118204116821289e-01
0.000000000000000000e+00,1.877184957265853882e-01
0.000000000000000000e+00,1.353956013917922974e-01
0.000000000000000000e+00,1.767528355121612549e-01
0.000000000000000000e+00,1.758121550083160400e-01
0.000000000000000000e+00,1.613617539405822754e-01
0.000000000000000000e+00,2.277151495218276978e-01
0.000000000000000000e+00,1.584891527891159058e-01
0.000000000000000000e+00,1.767850071191787720e-01
0.000000000000000000e+00,1.586349308490753174e-01
0.000000000000000000e+00,1.572340130805969238e-01
0.000000000000000000e+00,1.357717514038085938e-01
0.000000000000000000e+00,1.680262982845306396e-01
0.000000000000000000e+00,1.779972910881042480e-01
0.000000000000000000e+00,1.555049717426300049e-01
0.000000000000000000e+00,2.081791162490844727e-01
0.000000000000000000e+00,1.789045333862304688e-01
0.000000000000000000e+00,1.624734550714492798e-01
0.000000000000000000e+00,1.559423208236694336e-01
0.000000000000000000e+00,1.514594405889511108e-01
0.000000000000000000e+00,1.643133610486984253e-01
0.000000000000000000e+00,1.660829782485961914e-01
0.000000000000000000e+00,2.804758548736572266e-01
0.000000000000000000e+00,2.487360835075378418e-01
0.000000000000000000e+00,1.487398147583007812e-01
0.000000000000000000e+00,2.254848480224609375e-01
0.000000000000000000e+00,2.798868417739868164e-01
0.000000000000000000e+00,1.953269392251968384e-01
0.000000000000000000e+00,1.945589780807495117e-01
0.000000000000000000e+00,2.025673240423202515e-01
0.000000000000000000e+00,1.518933176994323730e-01
0.000000000000000000e+00,1.890666037797927856e-01
0.000000000000000000e+00,2.007604092359542847e-01
0.000000000000000000e+00,1.728823184967041016e-01
0.000000000000000000e+00,1.556446552276611328e-01
0.000000000000000000e+00,1.983126848936080933e-01
0.000000000000000000e+00,1.603785902261734009e-01
0.000000000000000000e+00,1.661136448383331299e-01
0.000000000000000000e+00,1.902859956026077271e-01
0.000000000000000000e+00,1.934061944484710693e-01
0.000000000000000000e+00,1.835954189300537109e-01
0.000000000000000000e+00,2.234717905521392822e-01
0.000000000000000000e+00,1.954569518566131592e-01
0.000000000000000000e+00,1.807038784027099609e-01
0.000000000000000000e+00,1.571694165468215942e-01
0.000000000000000000e+00,1.754224449396133423e-01
0.000000000000000000e+00,2.027516067028045654e-01
0.000000000000000000e+00,2.549111247062683105e-01
0.000000000000000000e+00,1.857344210147857666e-01
0.000000000000000000e+00,1.640546768903732300e-01
0.000000000000000000e+00,1.572359651327133179e-01
0.000000000000000000e+00,1.599891483783721924e-01
0.000000000000000000e+00,1.975063681602478027e-01
0.000000000000000000e+00,2.158367186784744263e-01
0.000000000000000000e+00,2.269680202007293701e-01
0.000000000000000000e+00,1.875098496675491333e-01
0.000000000000000000e+00,1.635205149650573730e-01
0.000000000000000000e+00,1.793899387121200562e-01
0.000000000000000000e+00,1.757913976907730103e-01
0.000000000000000000e+00,1.801368594169616699e-01
0.000000000000000000e+00,1.854369193315505981e-01
0.000000000000000000e+00,2.257038801908493042e-01
0.000000000000000000e+00,1.379204690456390381e-01
0.000000000000000000e+00,1.663551181554794312e-01
0.000000000000000000e+00,1.689918637275695801e-01
0.000000000000000000e+00,1.539538800716400146e-01
0.000000000000000000e+00,1.682920902967453003e-01
0.000000000000000000e+00,1.698438972234725952e-01
0.000000000000000000e+00,1.647157371044158936e-01
0.000000000000000000e+00,1.274559348821640015e-01
0.000000000000000000e+00,1.811736226081848145e-01
0.000000000000000000e+00,1.917909234762191772e-01
0.000000000000000000e+00,1.395351290702819824e-01
0.000000000000000000e+00,1.762494891881942749e-01
0.000000000000000000e+00,1.601292490959167480e-01
0.000000000000000000e+00,1.641473770141601562e-01
0.000000000000000000e+00,1.692766398191452026e-01
0.000000000000000000e+00,1.875901073217391968e-01
0.000000000000000000e+00,1.743932068347930908e-01
0.000000000000000000e+00,1.604387164115905762e-01
0.000000000000000000e+00,1.359725892543792725e-01
0.000000000000000000e+00,1.587860137224197388e-01
0.000000000000000000e+00,1.822165846824645996e-01
0.000000000000000000e+00,1.418548375368118286e-01
0.000000000000000000e+00,1.954505890607833862e-01
0.000000000000000000e+00,1.568475663661956787e-01
0.000000000000000000e+00,1.339057236909866333e-01
0.000000000000000000e+00,1.582644581794738770e-01
0.000000000000000000e+00,1.446745693683624268e-01
0.000000000000000000e+00,1.386089771986007690e-01
0.000000000000000000e+00,1.275137364864349365e-01
0.000000000000000000e+00,2.168971300125122070e-01
0.000000000000000000e+00,1.334674358367919922e-01
0.000000000000000000e+00,2.133172154426574707e-01
0.000000000000000000e+00,1.840668171644210815e-01
0.000000000000000000e+00,1.217049136757850647e-01
0.000000000000000000e+00,1.509331762790679932e-01
0.000000000000000000e+00,1.397256255149841309e-01
0.000000000000000000e+00,1.396516859531402588e-01
0.000000000000000000e+00,1.430664658546447754e-01
0.000000000000000000e+00,1.599269211292266846e-01
0.000000000000000000e+00,2.058727741241455078e-01
0.000000000000000000e+00,1.798637509346008301e-01
0.000000000000000000e+00,1.677433550357818604e-01
0.000000000000000000e+00,1.873377412557601929e-01
0.000000000000000000e+00,1.898045986890792847e-01
0.000000000000000000e+00,1.746803969144821167e-01
0.000000000000000000e+00,1.959909200668334961e-01
0.000000000000000000e+00,1.911492198705673218e-01
0.000000000000000000e+00,1.973563730716705322e-01
0.000000000000000000e+00,1.434883326292037964e-01
0.000000000000000000e+00,1.910007148981094360e-01
0.000000000000000000e+00,2.359960824251174927e-01
0.000000000000000000e+00,1.650374084711074829e-01
0.000000000000000000e+00,2.389691919088363647e-01
0.000000000000000000e+00,1.953346431255340576e-01
0.000000000000000000e+00,1.948847472667694092e-01
0.000000000000000000e+00,2.155929952859878540e-01
0.000000000000000000e+00,1.585850119590759277e-01
0.000000000000000000e+00,1.309313327074050903e-01
0.000000000000000000e+00,1.999584734439849854e-01
0.000000000000000000e+00,3.333509564399719238e-01
0.000000000000000000e+00,2.161345034837722778e-01
0.000000000000000000e+00,2.051825523376464844e-01
0.000000000000000000e+00,1.546646505594253540e-01
0.000000000000000000e+00,1.823700070381164551e-01
1.000000000000000000e+00,4.228680729866027832e-01
1.000000000000000000e+00,5.129253864288330078e-01
1.000000000000000000e+00,5.368275642395019531e-01
1.000000000000000000e+00,3.882341086864471436e-01
1.000000000000000000e+00,4.359143078327178955e-01
1.000000000000000000e+00,4.628858566284179688e-01
1.000000000000000000e+00,4.323663711547851562e-01
1.000000000000000000e+00,4.569121599197387695e-01
1.000000000000000000e+00,4.441464245319366455e-01
1.000000000000000000e+00,4.194870293140411377e-01
1.000000000000000000e+00,4.674562513828277588e-01
1.000000000000000000e+00,4.320040345191955566e-01
1.000000000000000000e+00,4.611549377441406250e-01
1.000000000000000000e+00,3.788270652294158936e-01
1.000000000000000000e+00,3.806661963462829590e-01
1.000000000000000000e+00,3.961097598075866699e-01
1.000000000000000000e+00,3.777749836444854736e-01
1.000000000000000000e+00,3.745115399360656738e-01
1.000000000000000000e+00,4.638961553573608398e-01
1.000000000000000000e+00,3.518874347209930420e-01
1.000000000000000000e+00,4.643961489200592041e-01
1.000000000000000000e+00,4.350916743278503418e-01
1.000000000000000000e+00,4.411161839962005615e-01
1.000000000000000000e+00,4.595605731010437012e-01
1.000000000000000000e+00,5.125920176506042480e-01
1.000000000000000000e+00,3.877940177917480469e-01
1.000000000000000000e+00,4.447937607765197754e-01
1.000000000000000000e+00,4.766229689121246338e-01
1.000000000000000000e+00,4.271594882011413574e-01
1.000000000000000000e+00,4.629000425338745117e-01
1.000000000000000000e+00,4.221526384353637695e-01
1.000000000000000000e+00,3.865106105804443359e-01
1.000000000000000000e+00,4.522724151611328125e-01
1.000000000000000000e+00,3.891060352325439453e-01
1.000000000000000000e+00,4.261748194694519043e-01
1.000000000000000000e+00,4.243347942829132080e-01
1.000000000000000000e+00,4.397439360618591309e-01
1.000000000000000000e+00,4.318245649337768555e-01
1.000000000000000000e+00,3.786829710006713867e-01
1.000000000000000000e+00,3.931735157966613770e-01
1.000000000000000000e+00,4.127219319343566895e-01
1.000000000000000000e+00,5.031570196151733398e-01
1.000000000000000000e+00,4.207609295845031738e-01
1.000000000000000000e+00,4.737484455108642578e-01
1.000000000000000000e+00,3.518736362457275391e-01
1.000000000000000000e+00,4.036605954170227051e-01
1.000000000000000000e+00,4.330580234527587891e-01
1.000000000000000000e+00,3.902714848518371582e-01
1.000000000000000000e+00,3.878633677959442139e-01
1.000000000000000000e+00,4.557006061077117920e-01
1.000000000000000000e+00,3.773180842399597168e-01
1.000000000000000000e+00,4.501407742500305176e-01
1.000000000000000000e+00,3.820085227489471436e-01
1.000000000000000000e+00,4.467909932136535645e-01
1.000000000000000000e+00,3.953699469566345215e-01
1.000000000000000000e+00,3.504776656627655029e-01
1.000000000000000000e+00,4.092770814895629883e-01
1.000000000000000000e+00,3.984594345092773438e-01
1.000000000000000000e+00,3.337348699569702148e-01
1.000000000000000000e+00,4.522636234760284424e-01
1.000000000000000000e+00,4.851279854774475098e-01
1.000000000000000000e+00,4.621347486972808838e-01
1.000000000000000000e+00,4.022143185138702393e-01
1.000000000000000000e+00,4.105244278907775879e-01
1.000000000000000000e+00,4.891539216041564941e-01
1.000000000000000000e+00,3.736819922924041748e-01
1.000000000000000000e+00,3.690345883369445801e-01
1.000000000000000000e+00,3.878172039985656738e-01
1.000000000000000000e+00,4.597480297088623047e-01
1.000000000000000000e+00,3.578332066535949707e-01
1.000000000000000000e+00,4.900541305541992188e-01
1.000000000000000000e+00,4.755882024765014648e-01
1.000000000000000000e+00,3.424326181411743164e-01
1.000000000000000000e+00,4.542148113250732422e-01
1.000000000000000000e+00,4.779862761497497559e-01
1.000000000000000000e+00,4.082273542881011963e-01
1.000000000000000000e+00,4.447244405746459961e-01
1.000000000000000000e+00,4.186712205410003662e-01
1.000000000000000000e+00,4.427928328514099121e-01
1.000000000000000000e+00,3.976704180240631104e-01
1.000000000000000000e+00,3.827930986881256104e-01
1.000000000000000000e+00,3.901426494121551514e-01
1.000000000000000000e+00,4.954068362712860107e-01
1.000000000000000000e+00,4.508820772171020508e-01
1.000000000000000000e+00,4.276371896266937256e-01
1.000000000000000000e+00,4.182237982749938965e-01
1.000000000000000000e+00,4.004237055778503418e-01
1.000000000000000000e+00,5.046429634094238281e-01
1.000000000000000000e+00,4.598679840564727783e-01
1.000000000000000000e+00,4.663750529289245605e-01
1.000000000000000000e+00,3.855434060096740723e-01
1.000000000000000000e+00,4.966732859611511230e-01
1.000000000000000000e+00,3.655422627925872803e-01
1.000000000000000000e+00,4.324623346328735352e-01
1.000000000000000000e+00,4.141478538513183594e-01
1.000000000000000000e+00,4.744856357574462891e-01
1.000000000000000000e+00,4.227311015129089355e-01
1.000000000000000000e+00,4.273500442504882812e-01
1.000000000000000000e+00,3.987919986248016357e-01
1.000000000000000000e+00,4.715670347213745117e-01
1.000000000000000000e+00,4.435120820999145508e-01
1.000000000000000000e+00,4.412063658237457275e-01
1.000000000000000000e+00,3.706728816032409668e-01
1.000000000000000000e+00,4.976738095283508301e-01
1.000000000000000000e+00,4.572455286979675293e-01
1.000000000000000000e+00,4.822328984737396240e-01
1.000000000000000000e+00,4.226940274238586426e-01
1.000000000000000000e+00,4.122413396835327148e-01
1.000000000000000000e+00,5.381990671157836914e-01
1.000000000000000000e+00,4.031978547573089600e-01
1.000000000000000000e+00,4.259350597858428955e-01
1.000000000000000000e+00,4.755171835422515869e-01
1.000000000000000000e+00,4.375619292259216309e-01
1.000000000000000000e+00,5.110986828804016113e-01
1.000000000000000000e+00,4.368424415588378906e-01
1.000000000000000000e+00,3.716335892677307129e-01
1.000000000000000000e+00,4.245371222496032715e-01
1.000000000000000000e+00,4.045517444610595703e-01
1.000000000000000000e+00,4.150053262710571289e-01
1.000000000000000000e+00,3.673723042011260986e-01
1.000000000000000000e+00,4.050986766815185547e-01
1.000000000000000000e+00,3.953610062599182129e-01
1.000000000000000000e+00,3.861899971961975098e-01
1.000000000000000000e+00,4.702839255332946777e-01
1.000000000000000000e+00,4.246667027473449707e-01
1.000000000000000000e+00,3.363035917282104492e-01
1.000000000000000000e+00,4.480041265487670898e-01
1.000000000000000000e+00,4.120540618896484375e-01
1.000000000000000000e+00,4.703389108180999756e-01
1.000000000000000000e+00,4.694741964340209961e-01
1.000000000000000000e+00,4.790042638778686523e-01
1.000000000000000000e+00,4.861656427383422852e-01
1.000000000000000000e+00,4.331809878349304199e-01
1.000000000000000000e+00,4.153677225112915039e-01
1.000000000000000000e+00,4.140446186065673828e-01
1.000000000000000000e+00,4.251095056533813477e-01
1.000000000000000000e+00,3.475041687488555908e-01
1.000000000000000000e+00,4.434850215911865234e-01
1.000000000000000000e+00,4.088702499866485596e-01
1.000000000000000000e+00,4.220549762248992920e-01
1.000000000000000000e+00,3.611856102943420410e-01
1.000000000000000000e+00,4.178282022476196289e-01
1.000000000000000000e+00,3.957310914993286133e-01
1.000000000000000000e+00,4.275798797607421875e-01
1.000000000000000000e+00,3.626857697963714600e-01
1.000000000000000000e+00,4.617927968502044678e-01
1.000000000000000000e+00,4.753534197807312012e-01
1.000000000000000000e+00,3.936713337898254395e-01
1.000000000000000000e+00,4.484547972679138184e-01
1.000000000000000000e+00,4.994090795516967773e-01
1.000000000000000000e+00,4.749723374843597412e-01
1.000000000000000000e+00,3.951872885227203369e-01
1.000000000000000000e+00,4.420294463634490967e-01
1.000000000000000000e+00,3.139964938163757324e-01
1.000000000000000000e+00,3.878792226314544678e-01
1.000000000000000000e+00,4.152411818504333496e-01
1.000000000000000000e+00,4.314723014831542969e-01
1.000000000000000000e+00,4.042361974716186523e-01
1.000000000000000000e+00,3.628013432025909424e-01
1.000000000000000000e+00,3.930473625659942627e-01
1.000000000000000000e+00,4.293590784072875977e-01
1.000000000000000000e+00,4.031422734260559082e-01
1.000000000000000000e+00,4.406276941299438477e-01
1.000000000000000000e+00,3.871487975120544434e-01
1.000000000000000000e+00,3.906906247138977051e-01
1.000000000000000000e+00,4.499672055244445801e-01
1.000000000000000000e+00,3.958464264869689941e-01
1.000000000000000000e+00,4.029991030693054199e-01
1.000000000000000000e+00,4.199798405170440674e-01
1.000000000000000000e+00,4.111001491546630859e-01
1.000000000000000000e+00,5.011976361274719238e-01
1.000000000000000000e+00,4.502688646316528320e-01
1.000000000000000000e+00,4.557923972606658936e-01
1.000000000000000000e+00,4.392707347869873047e-01
1.000000000000000000e+00,3.649696111679077148e-01
1.000000000000000000e+00,4.022613167762756348e-01
1.000000000000000000e+00,3.651683926582336426e-01
1.000000000000000000e+00,4.351807832717895508e-01
1.000000000000000000e+00,4.342596828937530518e-01
1.000000000000000000e+00,5.057343244552612305e-01
1.000000000000000000e+00,4.011172056198120117e-01
1.000000000000000000e+00,3.730916678905487061e-01
1.000000000000000000e+00,3.685137629508972168e-01
1.000000000000000000e+00,5.402715206146240234e-01
1.000000000000000000e+00,4.318968057632446289e-01
1.000000000000000000e+00,4.529221653938293457e-01
1.000000000000000000e+00,4.203383922576904297e-01
1.000000000000000000e+00,4.930578470230102539e-01
1.000000000000000000e+00,3.721471726894378662e-01
1.000000000000000000e+00,4.201590418815612793e-01
1.000000000000000000e+00,3.637592494487762451e-01
1.000000000000000000e+00,3.428070247173309326e-01
1.000000000000000000e+00,4.057726562023162842e-01
1.000000000000000000e+00,4.516049623489379883e-01
1.000000000000000000e+00,4.046068787574768066e-01
1.000000000000000000e+00,4.767747521400451660e-01
1.000000000000000000e+00,4.595393240451812744e-01
1.000000000000000000e+00,4.336318373680114746e-01
1.000000000000000000e+00,4.300416111946105957e-01
1.000000000000000000e+00,4.763388335704803467e-01
1.000000000000000000e+00,4.786575138568878174e-01
1.000000000000000000e+00,4.296521842479705811e-01
1.000000000000000000e+00,4.278641343116760254e-01
1.000000000000000000e+00,3.781479895114898682e-01
1.000000000000000000e+00,4.248858392238616943e-01
1.000000000000000000e+00,4.772133529186248779e-01
1.000000000000000000e+00,4.775014519691467285e-01
1.000000000000000000e+00,4.311354160308837891e-01
1.000000000000000000e+00,4.470266401767730713e-01
1.000000000000000000e+00,3.994137048721313477e-01
1.000000000000000000e+00,4.500725269317626953e-01
1.000000000000000000e+00,4.152736067771911621e-01
1.000000000000000000e+00,3.990056514739990234e-01
1.000000000000000000e+00,3.787933886051177979e-01
1.000000000000000000e+00,5.695653557777404785e-01
1.000000000000000000e+00,4.117466807365417480e-01
1.000000000000000000e+00,4.974176287651062012e-01
1.000000000000000000e+00,4.128251075744628906e-01
1.000000000000000000e+00,4.036562144756317139e-01
1.000000000000000000e+00,4.181775450706481934e-01
1.000000000000000000e+00,4.542179703712463379e-01
1.000000000000000000e+00,4.197783172130584717e-01
1.000000000000000000e+00,4.495449066162109375e-01
1.000000000000000000e+00,4.446520209312438965e-01
1.000000000000000000e+00,4.603087902069091797e-01
1.000000000000000000e+00,4.018683433532714844e-01
1.000000000000000000e+00,3.846718370914459229e-01
1.000000000000000000e+00,3.660519123077392578e-01
1.000000000000000000e+00,3.947201967239379883e-01
1.000000000000000000e+00,4.167551994323730469e-01
1.000000000000000000e+00,4.062873721122741699e-01
1.000000000000000000e+00,3.910947442054748535e-01
1.000000000000000000e+00,4.220646023750305176e-01
1.000000000000000000e+00,4.684263467788696289e-01
1.000000000000000000e+00,4.604738056659698486e-01
1.000000000000000000e+00,4.103849232196807861e-01
1.000000000000000000e+00,3.627192378044128418e-01
1.000000000000000000e+00,4.679081737995147705e-01
1.000000000000000000e+00,4.554080665111541748e-01
1.000000000000000000e+00,4.307571053504943848e-01
1.000000000000000000e+00,4.157366156578063965e-01
1.000000000000000000e+00,4.538107514381408691e-01
1.000000000000000000e+00,4.017314314842224121e-01
1.000000000000000000e+00,3.660855591297149658e-01
1.000000000000000000e+00,4.254734516143798828e-01
1.000000000000000000e+00,4.640344977378845215e-01
1.000000000000000000e+00,3.538733124732971191e-01
1.000000000000000000e+00,3.505635559558868408e-01
1.000000000000000000e+00,4.344218373298645020e-01
1.000000000000000000e+00,4.303077459335327148e-01
1.000000000000000000e+00,4.130146205425262451e-01
1.000000000000000000e+00,3.628564178943634033e-01
1.000000000000000000e+00,4.143201112747192383e-01
1.000000000000000000e+00,4.431132078170776367e-01
1.000000000000000000e+00,4.145530164241790771e-01
1.000000000000000000e+00,5.105255842208862305e-01
1.000000000000000000e+00,4.609819054603576660e-01
1.000000000000000000e+00,4.342641830444335938e-01
1.000000000000000000e+00,4.100151062011718750e-01
1.000000000000000000e+00,4.956204891204833984e-01
1.000000000000000000e+00,3.385505080223083496e-01
1.000000000000000000e+00,4.259532690048217773e-01
1.000000000000000000e+00,4.307630956172943115e-01
1.000000000000000000e+00,4.896981120109558105e-01
1.000000000000000000e+00,4.045056104660034180e-01
1.000000000000000000e+00,4.309009313583374023e-01
1.000000000000000000e+00,3.977438211441040039e-01
1.000000000000000000e+00,3.869510889053344727e-01
1.000000000000000000e+00,4.050714075565338135e-01
1.000000000000000000e+00,4.136369824409484863e-01
1.000000000000000000e+00,4.477578997611999512e-01
1.000000000000000000e+00,3.933107256889343262e-01
1.000000000000000000e+00,4.462914764881134033e-01
1.000000000000000000e+00,3.938919901847839355e-01
1.000000000000000000e+00,3.635978400707244873e-01
1.000000000000000000e+00,3.969280421733856201e-01
1.000000000000000000e+00,4.193769097328186035e-01
1.000000000000000000e+00,3.964887261390686035e-01
1.000000000000000000e+00,4.358045756816864014e-01
1.000000000000000000e+00,4.136141836643218994e-01
1.000000000000000000e+00,3.745639920234680176e-01
1.000000000000000000e+00,5.018080472946166992e-01
1.000000000000000000e+00,4.628237485885620117e-01
1.000000000000000000e+00,4.237900972366333008e-01
1.000000000000000000e+00,4.610188603401184082e-01
1.000000000000000000e+00,4.415613412857055664e-01
1.000000000000000000e+00,3.661412596702575684e-01
1.000000000000000000e+00,3.917030394077301025e-01
1.000000000000000000e+00,3.772350847721099854e-01
1.000000000000000000e+00,4.608168005943298340e-01
1.000000000000000000e+00,4.552420973777770996e-01
1.000000000000000000e+00,4.716323316097259521e-01
1.000000000000000000e+00,5.082622170448303223e-01
1.000000000000000000e+00,3.271146416664123535e-01
1.000000000000000000e+00,4.043824672698974609e-01
1.000000000000000000e+00,4.353266954421997070e-01
1.000000000000000000e+00,3.948796987533569336e-01
1.000000000000000000e+00,4.283945262432098389e-01
1.000000000000000000e+00,3.878462314605712891e-01
1.000000000000000000e+00,4.221271276473999023e-01
1.000000000000000000e+00,4.734512269496917725e-01
1.000000000000000000e+00,4.302678704261779785e-01
1.000000000000000000e+00,4.552332758903503418e-01
1.000000000000000000e+00,4.535048604011535645e-01
1.000000000000000000e+00,5.183936357498168945e-01
1.000000000000000000e+00,4.881220757961273193e-01
1.000000000000000000e+00,4.716474711894989014e-01
1.000000000000000000e+00,4.207334518432617188e-01
1.000000000000000000e+00,4.701467454433441162e-01
1.000000000000000000e+00,4.621604681015014648e-01
1.000000000000000000e+00,4.339998364448547363e-01
1.000000000000000000e+00,4.612049162387847900e-01
1.000000000000000000e+00,5.330979824066162109e-01
1.000000000000000000e+00,4.003154039382934570e-01
1.000000000000000000e+00,5.355435609817504883e-01
1.000000000000000000e+00,4.868940114974975586e-01
1.000000000000000000e+00,4.793504476547241211e-01
1.000000000000000000e+00,4.220260977745056152e-01
1.000000000000000000e+00,5.531358718872070312e-01
1.000000000000000000e+00,5.169818401336669922e-01
1.000000000000000000e+00,5.529752373695373535e-01
1.000000000000000000e+00,4.563434422016143799e-01
1.000000000000000000e+00,4.815368354320526123e-01
1.000000000000000000e+00,4.541509449481964111e-01
1.000000000000000000e+00,4.013765156269073486e-01
1.000000000000000000e+00,3.706961870193481445e-01
1.000000000000000000e+00,4.712920486927032471e-01
1.000000000000000000e+00,4.036095440387725830e-01
1.000000000000000000e+00,4.488112628459930420e-01
1.000000000000000000e+00,5.049823522567749023e-01
1.000000000000000000e+00,3.613210320472717285e-01
1.000000000000000000e+00,4.024521708488464355e-01
1.000000000000000000e+00,4.237408041954040527e-01
1.000000000000000000e+00,3.927896022796630859e-01
1.000000000000000000e+00,3.533582687377929688e-01
1.000000000000000000e+00,5.142478942871093750e-01
1.000000000000000000e+00,4.234991371631622314e-01
1.000000000000000000e+00,4.205996394157409668e-01
1.000000000000000000e+00,4.833616614341735840e-01
1.000000000000000000e+00,3.823588192462921143e-01
1.000000000000000000e+00,5.103557705879211426e-01
1.000000000000000000e+00,4.635889530181884766e-01
1.000000000000000000e+00,4.015551209449768066e-01
1.000000000000000000e+00,4.855523407459259033e-01
1.000000000000000000e+00,3.196432590484619141e-01
1.000000000000000000e+00,4.159295260906219482e-01
1.000000000000000000e+00,4.389126300811767578e-01
1.000000000000000000e+00,4.191162586212158203e-01
1.000000000000000000e+00,4.201890230178833008e-01
1.000000000000000000e+00,4.131776690483093262e-01
1.000000000000000000e+00,4.844784736633300781e-01
1.000000000000000000e+00,3.896989226341247559e-01
1.000000000000000000e+00,4.291610121726989746e-01
1.000000000000000000e+00,3.696644306182861328e-01
1.000000000000000000e+00,3.829406499862670898e-01
1.000000000000000000e+00,3.674669861793518066e-01
1.000000000000000000e+00,3.885846138000488281e-01
1.000000000000000000e+00,3.986732363700866699e-01
1.000000000000000000e+00,3.333292007446289062e-01
1.000000000000000000e+00,3.889335691928863525e-01
1.000000000000000000e+00,3.769203424453735352e-01
1.000000000000000000e+00,4.499288499355316162e-01
1.000000000000000000e+00,4.092205762863159180e-01
1.000000000000000000e+00,3.618226647377014160e-01
1.000000000000000000e+00,3.697696626186370850e-01
1.000000000000000000e+00,3.820518851280212402e-01
1.000000000000000000e+00,4.183336496353149414e-01
1.000000000000000000e+00,3.918507695198059082e-01
1.000000000000000000e+00,4.552521109580993652e-01
1.000000000000000000e+00,3.743672370910644531e-01
1.000000000000000000e+00,3.815422952175140381e-01
1.000000000000000000e+00,5.015296936035156250e-01
1.000000000000000000e+00,4.080401360988616943e-01
1.000000000000000000e+00,4.284624755382537842e-01
1.000000000000000000e+00,4.254693984985351562e-01
1.000000000000000000e+00,3.824291229248046875e-01
1.000000000000000000e+00,4.062309861183166504e-01
1.000000000000000000e+00,4.685698747634887695e-01
1.000000000000000000e+00,4.136823713779449463e-01
1.000000000000000000e+00,3.984388709068298340e-01
1.000000000000000000e+00,3.520009219646453857e-01
1.000000000000000000e+00,3.633758425712585449e-01
1.000000000000000000e+00,4.091633558273315430e-01
1.000000000000000000e+00,4.541772902011871338e-01
1.000000000000000000e+00,4.341267645359039307e-01
1.000000000000000000e+00,4.720353484153747559e-01
1.000000000000000000e+00,3.389989733695983887e-01
1.000000000000000000e+00,4.127250313758850098e-01
1.000000000000000000e+00,3.524149954319000244e-01
1.000000000000000000e+00,4.236262440681457520e-01
1.000000000000000000e+00,3.663792312145233154e-01
1.000000000000000000e+00,4.542124271392822266e-01
1.000000000000000000e+00,4.141270518302917480e-01
1.000000000000000000e+00,3.970253467559814453e-01
1.000000000000000000e+00,5.456655025482177734e-01
1.000000000000000000e+00,4.171016812324523926e-01
1.000000000000000000e+00,4.728121161460876465e-01
1.000000000000000000e+00,4.277618825435638428e-01
1.000000000000000000e+00,4.067528545856475830e-01
1.000000000000000000e+00,3.798829019069671631e-01
1.000000000000000000e+00,3.851847052574157715e-01
1.000000000000000000e+00,3.909414410591125488e-01
1.000000000000000000e+00,4.046325683593750000e-01
1.000000000000000000e+00,3.982205092906951904e-01
1.000000000000000000e+00,4.209095239639282227e-01
1.000000000000000000e+00,3.910524547100067139e-01
1.000000000000000000e+00,5.170881748199462891e-01
1.000000000000000000e+00,5.040203332901000977e-01
1.000000000000000000e+00,3.823277354240417480e-01
1.000000000000000000e+00,3.968870043754577637e-01
1.000000000000000000e+00,3.802637755870819092e-01
1.000000000000000000e+00,3.851512372493743896e-01
1.000000000000000000e+00,3.848633170127868652e-01
1.000000000000000000e+00,4.633408188819885254e-01
1.000000000000000000e+00,4.485741257667541504e-01
1.000000000000000000e+00,4.090137779712677002e-01
1.000000000000000000e+00,4.278145134449005127e-01
1.000000000000000000e+00,4.284927248954772949e-01
1.000000000000000000e+00,3.365316689014434814e-01
1.000000000000000000e+00,4.008346796035766602e-01
1.000000000000000000e+00,4.351472556591033936e-01
1.000000000000000000e+00,3.374715149402618408e-01
1.000000000000000000e+00,3.640649914741516113e-01
1.000000000000000000e+00,4.473842978477478027e-01
1.000000000000000000e+00,4.165684878826141357e-01
1.000000000000000000e+00,4.280318915843963623e-01
1.000000000000000000e+00,4.611891806125640869e-01
1.000000000000000000e+00,3.882349431514739990e-01
1.000000000000000000e+00,4.168775677680969238e-01
1.000000000000000000e+00,3.833674490451812744e-01
1.000000000000000000e+00,3.742808699607849121e-01
1.000000000000000000e+00,4.122102260589599609e-01
1.000000000000000000e+00,3.949732780456542969e-01
1.000000000000000000e+00,3.793214559555053711e-01
1.000000000000000000e+00,4.049071073532104492e-01
1.000000000000000000e+00,3.771116733551025391e-01
1.000000000000000000e+00,4.339563250541687012e-01
1.000000000000000000e+00,3.277304768562316895e-01
1.000000000000000000e+00,4.283104836940765381e-01
1.000000000000000000e+00,4.199130535125732422e-01
1.000000000000000000e+00,3.597757220268249512e-01
1.000000000000000000e+00,3.839641809463500977e-01
1.000000000000000000e+00,4.195207953453063965e-01
1.000000000000000000e+00,4.348026514053344727e-01
1.000000000000000000e+00,4.222044646739959717e-01
1.000000000000000000e+00,4.033239781856536865e-01
1.000000000000000000e+00,5.051604509353637695e-01
1.000000000000000000e+00,3.929253220558166504e-01
1.000000000000000000e+00,4.523665308952331543e-01
1.000000000000000000e+00,4.026805758476257324e-01
1.000000000000000000e+00,3.841248154640197754e-01
1.000000000000000000e+00,4.999907016754150391e-01
1.000000000000000000e+00,3.941367864608764648e-01
1.000000000000000000e+00,4.049906134605407715e-01
1.000000000000000000e+00,4.319668412208557129e-01
1.000000000000000000e+00,3.532364666461944580e-01
1.000000000000000000e+00,3.907487988471984863e-01
1.000000000000000000e+00,4.231537878513336182e-01
1.000000000000000000e+00,3.889030218124389648e-01
1.000000000000000000e+00,4.420961439609527588e-01
1.000000000000000000e+00,4.190302789211273193e-01
1.000000000000000000e+00,4.524509906768798828e-01
1.000000000000000000e+00,4.096931815147399902e-01
1.000000000000000000e+00,3.758502602577209473e-01
1.000000000000000000e+00,3.826129138469696045e-01
1.000000000000000000e+00,4.366014599800109863e-01
1.000000000000000000e+00,4.572302103042602539e-01
1.000000000000000000e+00,3.840598464012145996e-01
1.000000000000000000e+00,4.224895834922790527e-01
1.000000000000000000e+00,4.489141106605529785e-01
1.000000000000000000e+00,3.723960220813751221e-01
1.000000000000000000e+00,3.877446949481964111e-01
1.000000000000000000e+00,4.264855682849884033e-01
1.000000000000000000e+00,4.270253479480743408e-01
1.000000000000000000e+00,4.096748232841491699e-01
1.000000000000000000e+00,3.625964820384979248e-01
1.000000000000000000e+00,4.448108673095703125e-01
1.000000000000000000e+00,3.870349526405334473e-01
1.000000000000000000e+00,3.914933502674102783e-01
1.000000000000000000e+00,5.803450345993041992e-01
1.000000000000000000e+00,4.955357909202575684e-01
1.000000000000000000e+00,5.337247252464294434e-01
1.000000000000000000e+00,4.077690243721008301e-01
1.000000000000000000e+00,4.545902311801910400e-01
1.000000000000000000e+00,4.449846446514129639e-01
1.000000000000000000e+00,4.653524160385131836e-01
1.000000000000000000e+00,4.376686215400695801e-01
1.000000000000000000e+00,4.010822474956512451e-01
1.000000000000000000e+00,3.346458077430725098e-01
1.000000000000000000e+00,4.117158055305480957e-01
1.000000000000000000e+00,4.636279344558715820e-01
1.000000000000000000e+00,3.830051124095916748e-01
1.000000000000000000e+00,3.798086345195770264e-01
1.000000000000000000e+00,4.694357514381408691e-01
1.000000000000000000e+00,4.200672507286071777e-01
1.000000000000000000e+00,4.230897426605224609e-01
1.000000000000000000e+00,4.389332234859466553e-01
1.000000000000000000e+00,4.190461635589599609e-01
1.000000000000000000e+00,4.297325015068054199e-01
1.000000000000000000e+00,4.206652641296386719e-01
1.000000000000000000e+00,3.837119042873382568e-01
1.000000000000000000e+00,5.549829602241516113e-01
1.000000000000000000e+00,3.753367662429809570e-01
1.000000000000000000e+00,4.309942424297332764e-01
1.000000000000000000e+00,4.576662778854370117e-01
1.000000000000000000e+00,4.050852358341217041e-01
1.000000000000000000e+00,4.739926755428314209e-01
1.000000000000000000e+00,3.873474597930908203e-01
1.000000000000000000e+00,4.069822430610656738e-01
1.000000000000000000e+00,5.897697806358337402e-01
1.000000000000000000e+00,4.068640470504760742e-01
1.000000000000000000e+00,4.423403739929199219e-01
1.000000000000000000e+00,4.002398848533630371e-01
1.000000000000000000e+00,5.052398443222045898e-01
1.000000000000000000e+00,4.025595188140869141e-01
1.000000000000000000e+00,3.026391267776489258e-01
1.000000000000000000e+00,4.082127213478088379e-01
1.000000000000000000e+00,3.681629598140716553e-01
1.000000000000000000e+00,4.207898080348968506e-01
1.000000000000000000e+00,4.564088582992553711e-01
1.000000000000000000e+00,4.468938410282135010e-01
1.000000000000000000e+00,4.506182968616485596e-01
1.000000000000000000e+00,3.307649195194244385e-01
1.000000000000000000e+00,4.597559571266174316e-01
1.000000000000000000e+00,4.318295717239379883e-01
1.000000000000000000e+00,3.921374976634979248e-01
1.000000000000000000e+00,3.731537461280822754e-01
1.000000000000000000e+00,3.698630928993225098e-01
1.000000000000000000e+00,3.440357744693756104e-01
1.000000000000000000e+00,5.614994764328002930e-01
1.000000000000000000e+00,3.572054505348205566e-01
1.000000000000000000e+00,3.701138496398925781e-01
1.000000000000000000e+00,4.275192022323608398e-01
1.000000000000000000e+00,3.945457637310028076e-01
1.000000000000000000e+00,4.417361617088317871e-01
1.000000000000000000e+00,4.362105131149291992e-01
1.000000000000000000e+00,4.952318072319030762e-01
1.000000000000000000e+00,4.199137091636657715e-01
1.000000000000000000e+00,4.266492128372192383e-01
1.000000000000000000e+00,4.223232269287109375e-01
1.000000000000000000e+00,4.656245708465576172e-01
1.000000000000000000e+00,4.545410275459289551e-01
1.000000000000000000e+00,4.263271391391754150e-01
1.000000000000000000e+00,4.460192918777465820e-01
1.000000000000000000e+00,4.324462413787841797e-01
1.000000000000000000e+00,4.432828426361083984e-01
1.000000000000000000e+00,4.266955256462097168e-01
1.000000000000000000e+00,4.453924894332885742e-01
1.000000000000000000e+00,4.081959426403045654e-01
1.000000000000000000e+00,4.432195425033569336e-01
1.000000000000000000e+00,3.988471329212188721e-01
1.000000000000000000e+00,4.409792423248291016e-01
1.000000000000000000e+00,3.924579918384552002e-01
1.000000000000000000e+00,4.421515464782714844e-01
1.000000000000000000e+00,4.353007674217224121e-01
1.000000000000000000e+00,4.443035125732421875e-01
1.000000000000000000e+00,3.607122600078582764e-01
1.000000000000000000e+00,4.581273198127746582e-01
1.000000000000000000e+00,3.660833835601806641e-01
1.000000000000000000e+00,4.368560612201690674e-01
1.000000000000000000e+00,3.882758319377899170e-01
1.000000000000000000e+00,3.929319679737091064e-01
1.000000000000000000e+00,3.662592470645904541e-01
1.000000000000000000e+00,4.111073613166809082e-01
1.000000000000000000e+00,4.063039422035217285e-01
1.000000000000000000e+00,4.232032895088195801e-01
1.000000000000000000e+00,4.007227718830108643e-01
1.000000000000000000e+00,4.705326557159423828e-01
1.000000000000000000e+00,4.287790656089782715e-01
1.000000000000000000e+00,4.914978146553039551e-01
1.000000000000000000e+00,4.562295079231262207e-01
1.000000000000000000e+00,4.221720993518829346e-01
1.000000000000000000e+00,4.059883356094360352e-01
1.000000000000000000e+00,3.914228379726409912e-01
1.000000000000000000e+00,4.471675753593444824e-01
1.000000000000000000e+00,3.616408705711364746e-01
1.000000000000000000e+00,4.904043674468994141e-01
1.000000000000000000e+00,4.991455972194671631e-01
1.000000000000000000e+00,4.437959194183349609e-01
1.000000000000000000e+00,5.165678262710571289e-01
1.000000000000000000e+00,4.767436683177947998e-01
1.000000000000000000e+00,3.499597907066345215e-01
1.000000000000000000e+00,3.863662481307983398e-01
1.000000000000000000e+00,4.568219482898712158e-01
1.000000000000000000e+00,4.804789423942565918e-01
1.000000000000000000e+00,4.149526953697204590e-01
1.000000000000000000e+00,4.541293680667877197e-01
1.000000000000000000e+00,3.930728137493133545e-01
1.000000000000000000e+00,4.461156129837036133e-01
1.000000000000000000e+00,4.351459443569183350e-01
1.000000000000000000e+00,5.123587250709533691e-01
1.000000000000000000e+00,4.462332725524902344e-01
1.000000000000000000e+00,3.546936511993408203e-01
1.000000000000000000e+00,3.848818540573120117e-01
1.000000000000000000e+00,4.467139840126037598e-01
1.000000000000000000e+00,3.865288197994232178e-01
1.000000000000000000e+00,4.010353088378906250e-01
1.000000000000000000e+00,3.670096993446350098e-01
1.000000000000000000e+00,4.106197953224182129e-01
1.000000000000000000e+00,4.753684997558593750e-01
1.000000000000000000e+00,3.674043416976928711e-01
1.000000000000000000e+00,4.834350943565368652e-01
1.000000000000000000e+00,4.498243927955627441e-01
1.000000000000000000e+00,3.318655788898468018e-01
1.000000000000000000e+00,4.146826863288879395e-01
1.000000000000000000e+00,3.979842364788055420e-01
1.000000000000000000e+00,4.536538720130920410e-01
1.000000000000000000e+00,3.995485603809356689e-01
1.000000000000000000e+00,3.303496837615966797e-01
1.000000000000000000e+00,3.721340596675872803e-01
1.000000000000000000e+00,3.805484771728515625e-01
1.000000000000000000e+00,3.749858140945434570e-01
1.000000000000000000e+00,4.140005409717559814e-01
1.000000000000000000e+00,3.565016090869903564e-01
1.000000000000000000e+00,4.506942033767700195e-01
1.000000000000000000e+00,3.647815883159637451e-01
1.000000000000000000e+00,4.030519723892211914e-01
1.000000000000000000e+00,4.790146648883819580e-01
1.000000000000000000e+00,3.465988039970397949e-01
1.000000000000000000e+00,4.078711271286010742e-01
1.000000000000000000e+00,4.227920174598693848e-01
1.000000000000000000e+00,3.943695425987243652e-01
1.000000000000000000e+00,5.131472349166870117e-01
1.000000000000000000e+00,4.463185071945190430e-01
1.000000000000000000e+00,4.085939228534698486e-01
1.000000000000000000e+00,3.467444181442260742e-01
1.000000000000000000e+00,4.774081707000732422e-01
1.000000000000000000e+00,4.234231114387512207e-01
1.000000000000000000e+00,3.707686662673950195e-01
1.000000000000000000e+00,4.070076942443847656e-01
1.000000000000000000e+00,3.630998134613037109e-01
1.000000000000000000e+00,4.219973683357238770e-01
1.000000000000000000e+00,4.435825347900390625e-01
1.000000000000000000e+00,3.678143322467803955e-01
1.000000000000000000e+00,4.138424098491668701e-01
1.000000000000000000e+00,4.583275318145751953e-01
1.000000000000000000e+00,4.440003335475921631e-01
1.000000000000000000e+00,5.227865576744079590e-01
1.000000000000000000e+00,4.298886656761169434e-01
1.000000000000000000e+00,4.571393728256225586e-01
1.000000000000000000e+00,4.399935007095336914e-01
1.000000000000000000e+00,3.849254548549652100e-01
1.000000000000000000e+00,3.969206213951110840e-01
1.000000000000000000e+00,4.151780009269714355e-01
1.000000000000000000e+00,4.365079998970031738e-01
1.000000000000000000e+00,3.634276390075683594e-01
1.000000000000000000e+00,5.327205657958984375e-01
1.000000000000000000e+00,4.548566937446594238e-01
1.000000000000000000e+00,4.211431741714477539e-01
1.000000000000000000e+00,4.631962180137634277e-01
1.000000000000000000e+00,4.447289109230041504e-01
1.000000000000000000e+00,5.380762219429016113e-01
1.000000000000000000e+00,4.405190348625183105e-01
1.000000000000000000e+00,4.742304980754852295e-01
1.000000000000000000e+00,4.034989774227142334e-01
1.000000000000000000e+00,4.100825190544128418e-01
1.000000000000000000e+00,4.161441922187805176e-01
1.000000000000000000e+00,5.234934091567993164e-01
1.000000000000000000e+00,4.624322950839996338e-01
1.000000000000000000e+00,4.469300806522369385e-01
1.000000000000000000e+00,5.459873676300048828e-01
1.000000000000000000e+00,3.819137811660766602e-01
1.000000000000000000e+00,4.171607494354248047e-01
1.000000000000000000e+00,3.959420919418334961e-01
1.000000000000000000e+00,4.363439679145812988e-01
1.000000000000000000e+00,3.916348516941070557e-01
1.000000000000000000e+00,4.665715396404266357e-01
1.000000000000000000e+00,3.862648308277130127e-01
1.000000000000000000e+00,4.679293632507324219e-01
1.000000000000000000e+00,4.015654921531677246e-01
1.000000000000000000e+00,4.019950032234191895e-01
1.000000000000000000e+00,4.440920352935791016e-01
1.000000000000000000e+00,3.631074130535125732e-01
1.000000000000000000e+00,4.205649495124816895e-01
1.000000000000000000e+00,3.072212338447570801e-01
1.000000000000000000e+00,3.620546758174896240e-01
1.000000000000000000e+00,3.730144500732421875e-01
1.000000000000000000e+00,3.802392184734344482e-01
1.000000000000000000e+00,4.101817011833190918e-01
1.000000000000000000e+00,4.594154953956604004e-01
1.000000000000000000e+00,3.939026594161987305e-01
1.000000000000000000e+00,4.287994801998138428e-01
1.000000000000000000e+00,3.950505852699279785e-01
1.000000000000000000e+00,3.530044555664062500e-01
1.000000000000000000e+00,3.595611751079559326e-01
1.000000000000000000e+00,3.644558787345886230e-01
1.000000000000000000e+00,4.191325902938842773e-01
1.000000000000000000e+00,4.212857186794281006e-01
1.000000000000000000e+00,3.584657311439514160e-01
1.000000000000000000e+00,4.212190210819244385e-01
1.000000000000000000e+00,4.578594267368316650e-01
1.000000000000000000e+00,3.893832266330718994e-01
1.000000000000000000e+00,4.051521718502044678e-01
1.000000000000000000e+00,5.373739004135131836e-01
1.000000000000000000e+00,4.234864115715026855e-01
1.000000000000000000e+00,3.327492475509643555e-01
1.000000000000000000e+00,3.859907984733581543e-01
1.000000000000000000e+00,4.977373480796813965e-01
1.000000000000000000e+00,4.160192906856536865e-01
1.000000000000000000e+00,4.494500458240509033e-01
1.000000000000000000e+00,4.655941724777221680e-01
1.000000000000000000e+00,4.880140423774719238e-01
1.000000000000000000e+00,3.792377710342407227e-01
1.000000000000000000e+00,3.527205586433410645e-01
1.000000000000000000e+00,4.357340931892395020e-01
1.000000000000000000e+00,5.237340927124023438e-01
1.000000000000000000e+00,4.579354524612426758e-01
1.000000000000000000e+00,4.044018983840942383e-01
1.000000000000000000e+00,3.651451468467712402e-01
1.000000000000000000e+00,4.491081237792968750e-01
1.000000000000000000e+00,4.784530401229858398e-01
1.000000000000000000e+00,4.515919685363769531e-01
1.000000000000000000e+00,5.228058099746704102e-01
1.000000000000000000e+00,3.862612247467041016e-01
1.000000000000000000e+00,3.293778896331787109e-01
1.000000000000000000e+00,3.718164861202239990e-01
1.000000000000000000e+00,4.070644378662109375e-01
1.000000000000000000e+00,4.148393571376800537e-01
1.000000000000000000e+00,3.352521061897277832e-01
1.000000000000000000e+00,3.707275986671447754e-01
1.000000000000000000e+00,3.819828629493713379e-01
1.000000000000000000e+00,4.328468739986419678e-01
1.000000000000000000e+00,4.256794452667236328e-01
1.000000000000000000e+00,4.083709716796875000e-01
1.000000000000000000e+00,3.473568558692932129e-01
1.000000000000000000e+00,3.658414483070373535e-01
1.000000000000000000e+00,3.968162238597869873e-01
1.000000000000000000e+00,4.050439596176147461e-01
1.000000000000000000e+00,4.871955513954162598e-01
1.000000000000000000e+00,4.479535818099975586e-01
1.000000000000000000e+00,3.836759626865386963e-01
1.000000000000000000e+00,4.113537073135375977e-01
1.000000000000000000e+00,4.599096179008483887e-01
1.000000000000000000e+00,4.332345128059387207e-01
1.000000000000000000e+00,4.203597307205200195e-01
1.000000000000000000e+00,4.441259801387786865e-01
1.000000000000000000e+00,3.337583243846893311e-01
1.000000000000000000e+00,4.644985496997833252e-01
1.000000000000000000e+00,4.718899726867675781e-01
1.000000000000000000e+00,4.322479367256164551e-01
1.000000000000000000e+00,4.176971316337585449e-01
1.000000000000000000e+00,4.734307527542114258e-01
1.000000000000000000e+00,4.426172375679016113e-01
1.000000000000000000e+00,4.051756560802459717e-01
1.000000000000000000e+00,4.012414515018463135e-01
1.000000000000000000e+00,4.746304154396057129e-01
1.000000000000000000e+00,4.740091860294342041e-01
1.000000000000000000e+00,4.157889187335968018e-01
1.000000000000000000e+00,4.731859266757965088e-01
1.000000000000000000e+00,3.995584845542907715e-01
1.000000000000000000e+00,3.793259263038635254e-01
1.000000000000000000e+00,4.150665998458862305e-01
1.000000000000000000e+00,3.531687855720520020e-01
1.000000000000000000e+00,4.302170276641845703e-01
1.000000000000000000e+00,3.916069269180297852e-01
1.000000000000000000e+00,3.316925466060638428e-01
1.000000000000000000e+00,3.647614717483520508e-01
1.000000000000000000e+00,5.478416681289672852e-01
1.000000000000000000e+00,5.616458654403686523e-01
1.000000000000000000e+00,4.083592891693115234e-01
1.000000000000000000e+00,4.286873936653137207e-01
1.000000000000000000e+00,3.965584933757781982e-01
1.000000000000000000e+00,3.115150928497314453e-01
1.000000000000000000e+00,3.635729551315307617e-01
1.000000000000000000e+00,3.789080381393432617e-01
1.000000000000000000e+00,3.864942491054534912e-01
1.000000000000000000e+00,3.795858621597290039e-01
1.000000000000000000e+00,4.492361545562744141e-01
1.000000000000000000e+00,5.090110898017883301e-01
1.000000000000000000e+00,3.937118649482727051e-01
1.000000000000000000e+00,3.101337850093841553e-01
1.000000000000000000e+00,3.913870751857757568e-01
1.000000000000000000e+00,3.806782066822052002e-01
1.000000000000000000e+00,5.031418800354003906e-01
1.000000000000000000e+00,3.740139603614807129e-01
1.000000000000000000e+00,4.776040315628051758e-01
1.000000000000000000e+00,3.983770310878753662e-01
1.000000000000000000e+00,4.436493515968322754e-01
1.000000000000000000e+00,3.320567607879638672e-01
1.000000000000000000e+00,3.951945304870605469e-01
1.000000000000000000e+00,4.136670231819152832e-01
1.000000000000000000e+00,4.639533758163452148e-01
1.000000000000000000e+00,4.777570068836212158e-01
1.000000000000000000e+00,2.928268909454345703e-01
1.000000000000000000e+00,4.476858377456665039e-01
1.000000000000000000e+00,4.399727880954742432e-01
1.000000000000000000e+00,4.406732916831970215e-01
1.000000000000000000e+00,4.033833444118499756e-01
1.000000000000000000e+00,4.276144802570343018e-01
1.000000000000000000e+00,4.129096865653991699e-01
1.000000000000000000e+00,4.921298027038574219e-01
1.000000000000000000e+00,4.060538411140441895e-01
1.000000000000000000e+00,3.546108007431030273e-01
1.000000000000000000e+00,4.771793782711029053e-01
1.000000000000000000e+00,4.384894967079162598e-01
1.000000000000000000e+00,4.051103293895721436e-01
1.000000000000000000e+00,4.730157256126403809e-01
1.000000000000000000e+00,4.074989557266235352e-01
1.000000000000000000e+00,3.923299312591552734e-01
1.000000000000000000e+00,3.795498609542846680e-01
1.000000000000000000e+00,4.328317046165466309e-01
1.000000000000000000e+00,4.223296046257019043e-01
1.000000000000000000e+00,3.994762897491455078e-01
1.000000000000000000e+00,4.325483441352844238e-01
1.000000000000000000e+00,4.055846035480499268e-01
1.000000000000000000e+00,4.662072360515594482e-01
1.000000000000000000e+00,4.614194631576538086e-01
1.000000000000000000e+00,4.301716387271881104e-01
1.000000000000000000e+00,4.386744499206542969e-01
1.000000000000000000e+00,4.569228887557983398e-01
1.000000000000000000e+00,3.608378171920776367e-01
1.000000000000000000e+00,5.038979053497314453e-01
1.000000000000000000e+00,4.445921182632446289e-01
1.000000000000000000e+00,4.945872426033020020e-01
1.000000000000000000e+00,4.274969696998596191e-01
1.000000000000000000e+00,4.690744280815124512e-01
1.000000000000000000e+00,4.636210799217224121e-01
1.000000000000000000e+00,4.247366189956665039e-01
1.000000000000000000e+00,5.147753953933715820e-01
1.000000000000000000e+00,4.647790789604187012e-01
1.000000000000000000e+00,4.565270543098449707e-01
1.000000000000000000e+00,4.305397868156433105e-01
1.000000000000000000e+00,4.413211047649383545e-01
1.000000000000000000e+00,4.576032459735870361e-01
1.000000000000000000e+00,4.945988953113555908e-01
1.000000000000000000e+00,3.781721889972686768e-01
1.000000000000000000e+00,3.659117817878723145e-01
1.000000000000000000e+00,4.181165695190429688e-01
1.000000000000000000e+00,3.795971572399139404e-01
1.000000000000000000e+00,4.282330274581909180e-01
1.000000000000000000e+00,4.385421872138977051e-01
1.000000000000000000e+00,4.602524042129516602e-01
1.000000000000000000e+00,3.630659580230712891e-01
1.000000000000000000e+00,4.170457720756530762e-01
1.000000000000000000e+00,4.411434531211853027e-01
1.000000000000000000e+00,4.466635286808013916e-01
1.000000000000000000e+00,4.798195064067840576e-01
1.000000000000000000e+00,4.696692228317260742e-01
1.000000000000000000e+00,4.573954939842224121e-01
1.000000000000000000e+00,3.459612131118774414e-01
1.000000000000000000e+00,4.142208397388458252e-01
1.000000000000000000e+00,3.755202889442443848e-01
1.000000000000000000e+00,4.671436548233032227e-01
1.000000000000000000e+00,3.922595679759979248e-01
1.000000000000000000e+00,3.873633146286010742e-01
1.000000000000000000e+00,4.100574553012847900e-01
1.000000000000000000e+00,4.568316638469696045e-01
1.000000000000000000e+00,3.831653296947479248e-01
1.000000000000000000e+00,3.770136535167694092e-01
1.000000000000000000e+00,4.173962473869323730e-01
1.000000000000000000e+00,4.365419149398803711e-01
1.000000000000000000e+00,4.540597796440124512e-01
1.000000000000000000e+00,4.280373752117156982e-01
1.000000000000000000e+00,3.753142654895782471e-01
1.000000000000000000e+00,4.359300732612609863e-01
1.000000000000000000e+00,4.858547449111938477e-01
1.000000000000000000e+00,3.786419630050659180e-01
1.000000000000000000e+00,4.743008017539978027e-01
1.000000000000000000e+00,3.676552474498748779e-01
1.000000000000000000e+00,3.839161694049835205e-01
1.000000000000000000e+00,3.630995750427246094e-01
1.000000000000000000e+00,3.803547024726867676e-01
1.000000000000000000e+00,3.940317630767822266e-01
1.000000000000000000e+00,4.442933201789855957e-01
1.000000000000000000e+00,3.696508705615997314e-01
1.000000000000000000e+00,4.319742619991302490e-01
1.000000000000000000e+00,4.557030200958251953e-01
1.000000000000000000e+00,4.434858560562133789e-01
1.000000000000000000e+00,4.993475079536437988e-01
1.000000000000000000e+00,4.766583144664764404e-01
1.000000000000000000e+00,4.432213604450225830e-01
1.000000000000000000e+00,3.929674029350280762e-01
1.000000000000000000e+00,4.334341883659362793e-01
1.000000000000000000e+00,4.034293591976165771e-01
1.000000000000000000e+00,4.833513796329498291e-01
1.000000000000000000e+00,3.703514635562896729e-01
1.000000000000000000e+00,4.705089926719665527e-01
1.000000000000000000e+00,5.082708001136779785e-01
1.000000000000000000e+00,4.929583966732025146e-01
1.000000000000000000e+00,4.540437459945678711e-01
1.000000000000000000e+00,4.703154861927032471e-01
1.000000000000000000e+00,3.849000334739685059e-01
1.000000000000000000e+00,5.372222065925598145e-01
1.000000000000000000e+00,4.747827649116516113e-01
1.000000000000000000e+00,4.333272874355316162e-01
1.000000000000000000e+00,4.407224953174591064e-01
1.000000000000000000e+00,3.916562199592590332e-01
1.000000000000000000e+00,3.770033121109008789e-01
1.000000000000000000e+00,4.240844845771789551e-01
1.000000000000000000e+00,4.713527560234069824e-01
1.000000000000000000e+00,5.240445733070373535e-01
1.000000000000000000e+00,4.001116156578063965e-01
1.000000000000000000e+00,3.536899983882904053e-01
1.000000000000000000e+00,4.513469338417053223e-01
1.000000000000000000e+00,4.255897104740142822e-01
1.000000000000000000e+00,3.543730080127716064e-01
1.000000000000000000e+00,3.831472396850585938e-01
1.000000000000000000e+00,4.410781264305114746e-01
1.000000000000000000e+00,3.544183671474456787e-01
1.000000000000000000e+00,4.208493828773498535e-01
1.000000000000000000e+00,3.242694735527038574e-01
1.000000000000000000e+00,4.486810564994812012e-01
1.000000000000000000e+00,3.971832990646362305e-01
1.000000000000000000e+00,4.345271587371826172e-01
1.000000000000000000e+00,4.366260766983032227e-01
1.000000000000000000e+00,4.312394559383392334e-01
1.000000000000000000e+00,3.866093456745147705e-01
1.000000000000000000e+00,3.992849588394165039e-01
1.000000000000000000e+00,5.031088590621948242e-01
1.000000000000000000e+00,4.875394999980926514e-01
1.000000000000000000e+00,4.443532824516296387e-01
1.000000000000000000e+00,4.750639200210571289e-01
1.000000000000000000e+00,4.379992485046386719e-01
1.000000000000000000e+00,4.569064974784851074e-01
1.000000000000000000e+00,4.215871393680572510e-01
1.000000000000000000e+00,3.909968733787536621e-01
1.000000000000000000e+00,3.959319591522216797e-01
1.000000000000000000e+00,4.533776938915252686e-01
1.000000000000000000e+00,4.638105630874633789e-01
1.000000000000000000e+00,3.912671506404876709e-01
1.000000000000000000e+00,4.604949951171875000e-01
1.000000000000000000e+00,3.878606557846069336e-01
1.000000000000000000e+00,4.331906437873840332e-01
1.000000000000000000e+00,4.344488680362701416e-01
1.000000000000000000e+00,4.302121996879577637e-01
1.000000000000000000e+00,5.101630687713623047e-01
1.000000000000000000e+00,4.511127471923828125e-01
1.000000000000000000e+00,3.626928925514221191e-01
1.000000000000000000e+00,4.455064535140991211e-01
1.000000000000000000e+00,3.818695247173309326e-01
1.000000000000000000e+00,4.548475444316864014e-01
1.000000000000000000e+00,4.743488430976867676e-01
1.000000000000000000e+00,3.543261885643005371e-01
1.000000000000000000e+00,4.316007494926452637e-01
1.000000000000000000e+00,4.337051808834075928e-01
1.000000000000000000e+00,4.253368377685546875e-01
1.000000000000000000e+00,4.955923557281494141e-01
1.000000000000000000e+00,4.313293099403381348e-01
1.000000000000000000e+00,3.636651635169982910e-01
1.000000000000000000e+00,4.709307849407196045e-01
1.000000000000000000e+00,4.244763255119323730e-01
1.000000000000000000e+00,4.500499367713928223e-01
1.000000000000000000e+00,4.318023025989532471e-01
1.000000000000000000e+00,3.780322372913360596e-01
1.000000000000000000e+00,4.878280758857727051e-01
1.000000000000000000e+00,4.774016141891479492e-01
1.000000000000000000e+00,4.872063994407653809e-01
1.000000000000000000e+00,4.586672782897949219e-01
1.000000000000000000e+00,4.483188986778259277e-01
1.000000000000000000e+00,4.127330183982849121e-01
1.000000000000000000e+00,4.575616121292114258e-01
1.000000000000000000e+00,4.236499369144439697e-01
1.000000000000000000e+00,3.971655964851379395e-01
1.000000000000000000e+00,4.546268880367279053e-01
1.000000000000000000e+00,4.369921088218688965e-01
1.000000000000000000e+00,4.732037782669067383e-01
1.000000000000000000e+00,4.555408358573913574e-01
1.000000000000000000e+00,5.139501690864562988e-01
1.000000000000000000e+00,3.973706364631652832e-01
1.000000000000000000e+00,3.931007683277130127e-01
1.000000000000000000e+00,3.863549232482910156e-01
1.000000000000000000e+00,3.617135882377624512e-01
1.000000000000000000e+00,4.579857289791107178e-01
1.000000000000000000e+00,3.847018778324127197e-01
1.000000000000000000e+00,4.589693248271942139e-01
1.000000000000000000e+00,3.708819150924682617e-01
1.000000000000000000e+00,4.400472044944763184e-01
1.000000000000000000e+00,3.820884227752685547e-01
1.000000000000000000e+00,4.096173644065856934e-01
1.000000000000000000e+00,5.073814392089843750e-01
1.000000000000000000e+00,4.085186421871185303e-01
1.000000000000000000e+00,4.118865728378295898e-01
1.000000000000000000e+00,3.794396519660949707e-01
1.000000000000000000e+00,3.336063325405120850e-01
1.000000000000000000e+00,3.825616836547851562e-01
1.000000000000000000e+00,4.676677584648132324e-01
1.000000000000000000e+00,3.889355957508087158e-01
1.000000000000000000e+00,4.174073338508605957e-01
1.000000000000000000e+00,3.854895234107971191e-01
1.000000000000000000e+00,3.886928260326385498e-01
1.000000000000000000e+00,3.683142662048339844e-01
1.000000000000000000e+00,4.323865175247192383e-01
1.000000000000000000e+00,3.887754082679748535e-01
1.000000000000000000e+00,3.407292962074279785e-01
1.000000000000000000e+00,4.105377197265625000e-01
1.000000000000000000e+00,4.180276989936828613e-01
1.000000000000000000e+00,3.685932755470275879e-01
1.000000000000000000e+00,3.838567435741424561e-01
1.000000000000000000e+00,4.418105483055114746e-01
1.000000000000000000e+00,4.359266161918640137e-01
1.000000000000000000e+00,3.868336081504821777e-01
1.000000000000000000e+00,4.189108014106750488e-01
1.000000000000000000e+00,4.159100651741027832e-01
1.000000000000000000e+00,3.720100820064544678e-01
1.000000000000000000e+00,4.278392791748046875e-01
1.000000000000000000e+00,3.985627293586730957e-01
1.000000000000000000e+00,4.770500361919403076e-01
1.000000000000000000e+00,5.104704499244689941e-01
1.000000000000000000e+00,2.973307371139526367e-01
1.000000000000000000e+00,4.919897913932800293e-01
1.000000000000000000e+00,4.117638766765594482e-01
1.000000000000000000e+00,4.266893267631530762e-01
1.000000000000000000e+00,4.295409321784973145e-01
1.000000000000000000e+00,4.192842841148376465e-01
1.000000000000000000e+00,4.494045376777648926e-01
1.000000000000000000e+00,4.351314604282379150e-01
1.000000000000000000e+00,3.983691334724426270e-01
1.000000000000000000e+00,3.591357171535491943e-01
1.000000000000000000e+00,4.396294057369232178e-01
1.000000000000000000e+00,4.403539896011352539e-01
1.000000000000000000e+00,4.554720520973205566e-01
1.000000000000000000e+00,3.939328789710998535e-01
1.000000000000000000e+00,4.432551562786102295e-01
1.000000000000000000e+00,5.086126923561096191e-01
1.000000000000000000e+00,4.300729334354400635e-01
1.000000000000000000e+00,4.046270251274108887e-01
1.000000000000000000e+00,3.813034296035766602e-01
1.000000000000000000e+00,4.445313215255737305e-01
1.000000000000000000e+00,4.752213954925537109e-01
1.000000000000000000e+00,3.904376029968261719e-01
1.000000000000000000e+00,4.068417251110076904e-01
1.000000000000000000e+00,4.786114096641540527e-01
1.000000000000000000e+00,4.357744455337524414e-01
1.000000000000000000e+00,4.607141017913818359e-01
1.000000000000000000e+00,4.382626712322235107e-01
1.000000000000000000e+00,3.914904892444610596e-01
1.000000000000000000e+00,4.052831530570983887e-01
1.000000000000000000e+00,3.866457343101501465e-01
1.000000000000000000e+00,4.204086959362030029e-01
1.000000000000000000e+00,4.040313661098480225e-01
1.000000000000000000e+00,4.510912895202636719e-01
1.000000000000000000e+00,4.791748523712158203e-01
1.000000000000000000e+00,4.837998449802398682e-01
1.000000000000000000e+00,4.505321383476257324e-01
1.000000000000000000e+00,4.294770359992980957e-01
1.000000000000000000e+00,4.438710212707519531e-01
1.000000000000000000e+00,4.470952749252319336e-01
1.000000000000000000e+00,4.340961277484893799e-01
1.000000000000000000e+00,4.344915449619293213e-01
1.000000000000000000e+00,4.118045866489410400e-01
1.000000000000000000e+00,4.688218832015991211e-01
1.000000000000000000e+00,4.158808290958404541e-01
1.000000000000000000e+00,3.864815831184387207e-01
1.000000000000000000e+00,4.342907667160034180e-01
1.000000000000000000e+00,3.809553086757659912e-01
1.000000000000000000e+00,4.388985335826873779e-01
1.000000000000000000e+00,4.857072234153747559e-01
1.000000000000000000e+00,3.713612556457519531e-01
1.000000000000000000e+00,3.716640174388885498e-01
1.000000000000000000e+00,4.445967674255371094e-01
1.000000000000000000e+00,4.070084095001220703e-01
1.000000000000000000e+00,4.637887179851531982e-01
1.000000000000000000e+00,4.280297756195068359e-01
1.000000000000000000e+00,4.627930223941802979e-01
1.000000000000000000e+00,4.792914986610412598e-01
1.000000000000000000e+00,3.651759624481201172e-01
1.000000000000000000e+00,4.641624093055725098e-01
1.000000000000000000e+00,4.575753211975097656e-01
1.000000000000000000e+00,4.025816917419433594e-01
1.000000000000000000e+00,4.632356166839599609e-01
1.000000000000000000e+00,4.324946999549865723e-01
1.000000000000000000e+00,4.288014769554138184e-01
1.000000000000000000e+00,4.297117590904235840e-01
1.000000000000000000e+00,3.963944315910339355e-01
1.000000000000000000e+00,4.285104274749755859e-01
1.000000000000000000e+00,3.624089956283569336e-01
1.000000000000000000e+00,3.946808278560638428e-01
1.000000000000000000e+00,3.969960808753967285e-01
1.000000000000000000e+00,4.369216561317443848e-01
1.000000000000000000e+00,3.896228075027465820e-01
1.000000000000000000e+00,3.904052078723907471e-01
1.000000000000000000e+00,4.761655330657958984e-01
1.000000000000000000e+00,3.846326470375061035e-01
1.000000000000000000e+00,4.692775011062622070e-01
1.000000000000000000e+00,5.174075365066528320e-01
1.000000000000000000e+00,3.741528987884521484e-01
1.000000000000000000e+00,4.097741246223449707e-01
1.000000000000000000e+00,3.615818023681640625e-01
1.000000000000000000e+00,4.905199706554412842e-01
1.000000000000000000e+00,4.064877331256866455e-01
1.000000000000000000e+00,5.164489150047302246e-01
1.000000000000000000e+00,3.320991694927215576e-01
1.000000000000000000e+00,4.523033499717712402e-01
1.000000000000000000e+00,3.755920529365539551e-01
1.000000000000000000e+00,3.851641118526458740e-01
1.000000000000000000e+00,4.103238284587860107e-01
1.000000000000000000e+00,4.787691831588745117e-01
1.000000000000000000e+00,4.480215311050415039e-01
1.000000000000000000e+00,3.258644938468933105e-01
1.000000000000000000e+00,4.506339132785797119e-01
1.000000000000000000e+00,4.270006418228149414e-01
1.000000000000000000e+00,4.481850862503051758e-01
1.000000000000000000e+00,3.752086162567138672e-01
1.000000000000000000e+00,4.052452147006988525e-01
1.000000000000000000e+00,5.035823583602905273e-01
1.000000000000000000e+00,3.887208998203277588e-01
1.000000000000000000e+00,4.409720599651336670e-01
1.000000000000000000e+00,4.349576532840728760e-01
1.000000000000000000e+00,3.722040653228759766e-01
1.000000000000000000e+00,3.861175179481506348e-01
1.000000000000000000e+00,3.784023225307464600e-01
1.000000000000000000e+00,4.393576681613922119e-01
1.000000000000000000e+00,4.189624786376953125e-01
1.000000000000000000e+00,3.909232318401336670e-01
1.000000000000000000e+00,3.971704542636871338e-01
1.000000000000000000e+00,4.528805017471313477e-01
1.000000000000000000e+00,4.694362878799438477e-01
1.000000000000000000e+00,4.469519257545471191e-01
1.000000000000000000e+00,4.569224715232849121e-01
1.000000000000000000e+00,4.365952908992767334e-01
1.000000000000000000e+00,4.298073053359985352e-01
1.000000000000000000e+00,3.978955149650573730e-01
1.000000000000000000e+00,4.137555062770843506e-01
1.000000000000000000e+00,4.461208581924438477e-01
1.000000000000000000e+00,4.333806335926055908e-01
1.000000000000000000e+00,4.294903278350830078e-01
1.000000000000000000e+00,4.125659167766571045e-01
1.000000000000000000e+00,3.892595767974853516e-01
1.000000000000000000e+00,4.223480820655822754e-01
1.000000000000000000e+00,4.623665213584899902e-01
1.000000000000000000e+00,3.810278773307800293e-01
1.000000000000000000e+00,3.421705663204193115e-01
1.000000000000000000e+00,3.550169467926025391e-01
1.000000000000000000e+00,3.571765124797821045e-01
1.000000000000000000e+00,4.834722578525543213e-01
1.000000000000000000e+00,4.263026714324951172e-01
1.000000000000000000e+00,4.437344670295715332e-01
1.000000000000000000e+00,4.453320503234863281e-01
1.000000000000000000e+00,3.253647685050964355e-01
1.000000000000000000e+00,3.575271964073181152e-01
1.000000000000000000e+00,4.394443035125732422e-01
1.000000000000000000e+00,4.238147735595703125e-01
1.000000000000000000e+00,4.080803096294403076e-01
1.000000000000000000e+00,4.268989562988281250e-01
1.000000000000000000e+00,3.405454158782958984e-01
1.000000000000000000e+00,3.929947614669799805e-01
1.000000000000000000e+00,3.885803520679473877e-01
1.000000000000000000e+00,3.792202174663543701e-01
1.000000000000000000e+00,4.560986459255218506e-01
1.000000000000000000e+00,3.779079914093017578e-01
1.000000000000000000e+00,4.548456966876983643e-01
1.000000000000000000e+00,3.422768414020538330e-01
1.000000000000000000e+00,3.988853693008422852e-01
1.000000000000000000e+00,4.412482976913452148e-01
1.000000000000000000e+00,4.808734059333801270e-01
1.000000000000000000e+00,3.943795561790466309e-01
1.000000000000000000e+00,3.023648858070373535e-01
1.000000000000000000e+00,4.105985164642333984e-01
1.000000000000000000e+00,3.756236732006072998e-01
1.000000000000000000e+00,4.040286242961883545e-01
1.000000000000000000e+00,4.066915810108184814e-01
1.000000000000000000e+00,4.896689653396606445e-01
1.000000000000000000e+00,3.899075984954833984e-01
1.000000000000000000e+00,3.566458821296691895e-01
1.000000000000000000e+00,3.487324714660644531e-01
1.000000000000000000e+00,4.261966347694396973e-01
1.000000000000000000e+00,4.071531891822814941e-01
1.000000000000000000e+00,4.221989512443542480e-01
1.000000000000000000e+00,4.071254730224609375e-01
1.000000000000000000e+00,4.469237327575683594e-01
1.000000000000000000e+00,4.033817350864410400e-01
1.000000000000000000e+00,4.280161857604980469e-01
1.000000000000000000e+00,5.683199167251586914e-01
1.000000000000000000e+00,4.177801609039306641e-01
1.000000000000000000e+00,3.516788780689239502e-01
1.000000000000000000e+00,4.387778043746948242e-01
1.000000000000000000e+00,4.248385429382324219e-01
1.000000000000000000e+00,4.586139321327209473e-01
1.000000000000000000e+00,5.669505000114440918e-01
1.000000000000000000e+00,3.694312870502471924e-01
1.000000000000000000e+00,3.231507539749145508e-01
1.000000000000000000e+00,3.630090057849884033e-01
1.000000000000000000e+00,4.018095135688781738e-01
1.000000000000000000e+00,4.676841199398040771e-01
1.000000000000000000e+00,3.710355162620544434e-01
1.000000000000000000e+00,3.851805627346038818e-01
1.000000000000000000e+00,4.211778938770294189e-01
1.000000000000000000e+00,3.855424523353576660e-01
1.000000000000000000e+00,3.791539072990417480e-01
1.000000000000000000e+00,4.015904366970062256e-01
1.000000000000000000e+00,4.271139502525329590e-01
1.000000000000000000e+00,3.987063765525817871e-01
1.000000000000000000e+00,5.622721910476684570e-01
1.000000000000000000e+00,3.704922199249267578e-01
1.000000000000000000e+00,4.208480715751647949e-01
1.000000000000000000e+00,4.147939980030059814e-01
1.000000000000000000e+00,3.965280652046203613e-01
1.000000000000000000e+00,5.007634162902832031e-01
1.000000000000000000e+00,5.011622905731201172e-01
1.000000000000000000e+00,4.163748621940612793e-01
1.000000000000000000e+00,4.148474037647247314e-01
1.000000000000000000e+00,4.067358374595642090e-01
1.000000000000000000e+00,4.489466547966003418e-01
1.000000000000000000e+00,3.448947966098785400e-01
1.000000000000000000e+00,3.619993925094604492e-01
1.000000000000000000e+00,3.646833896636962891e-01
1.000000000000000000e+00,3.768990635871887207e-01
1.000000000000000000e+00,3.650166392326354980e-01
1.000000000000000000e+00,4.171500205993652344e-01
1.000000000000000000e+00,3.282804191112518311e-01
1.000000000000000000e+00,4.548244476318359375e-01
1.000000000000000000e+00,4.498295783996582031e-01
1.000000000000000000e+00,3.874242901802062988e-01
1.000000000000000000e+00,4.287488758563995361e-01
1.000000000000000000e+00,4.280501008033752441e-01
1.000000000000000000e+00,3.896286487579345703e-01
1.000000000000000000e+00,4.023890495300292969e-01
1.000000000000000000e+00,4.847842454910278320e-01
1.000000000000000000e+00,4.177151918411254883e-01
1.000000000000000000e+00,4.393594861030578613e-01
1.000000000000000000e+00,4.585412144660949707e-01
1.000000000000000000e+00,4.626374840736389160e-01
1.000000000000000000e+00,5.272950530052185059e-01
1.000000000000000000e+00,4.118165969848632812e-01
1.000000000000000000e+00,4.917151927947998047e-01
1.000000000000000000e+00,3.649166524410247803e-01
1.000000000000000000e+00,3.637350797653198242e-01
1.000000000000000000e+00,4.394068121910095215e-01
1.000000000000000000e+00,5.174747109413146973e-01
1.000000000000000000e+00,3.865335881710052490e-01
1.000000000000000000e+00,4.062766730785369873e-01
1.000000000000000000e+00,3.908693492412567139e-01
1.000000000000000000e+00,4.194761514663696289e-01
1.000000000000000000e+00,4.359163641929626465e-01
1.000000000000000000e+00,3.371619880199432373e-01
1.000000000000000000e+00,3.324880897998809814e-01
1.000000000000000000e+00,3.949687778949737549e-01
1.000000000000000000e+00,4.786807298660278320e-01
1.000000000000000000e+00,3.568245172500610352e-01
1.000000000000000000e+00,4.103404283523559570e-01
1.000000000000000000e+00,2.936204671859741211e-01
1.000000000000000000e+00,3.732605278491973877e-01
1.000000000000000000e+00,4.040571749210357666e-01
1.000000000000000000e+00,5.593671202659606934e-01
1.000000000000000000e+00,4.589288234710693359e-01
1.000000000000000000e+00,3.503432273864746094e-01
1.000000000000000000e+00,3.993451297283172607e-01
1.000000000000000000e+00,3.686079084873199463e-01
1.000000000000000000e+00,3.794105947017669678e-01
1.000000000000000000e+00,4.453244209289550781e-01
1.000000000000000000e+00,3.700282573699951172e-01
1.000000000000000000e+00,4.242121875286102295e-01
1.000000000000000000e+00,3.336133360862731934e-01
1.000000000000000000e+00,3.564645946025848389e-01
1.000000000000000000e+00,4.036565124988555908e-01
1.000000000000000000e+00,4.315149188041687012e-01
1.000000000000000000e+00,3.891734778881072998e-01
1.000000000000000000e+00,3.492093682289123535e-01
1.000000000000000000e+00,4.269483685493469238e-01
1.000000000000000000e+00,4.695174098014831543e-01
1.000000000000000000e+00,4.285299777984619141e-01
1.000000000000000000e+00,3.898472189903259277e-01
1.000000000000000000e+00,3.735240101814270020e-01
1.000000000000000000e+00,4.464704692363739014e-01
1.000000000000000000e+00,4.458138346672058105e-01
1.000000000000000000e+00,3.381759226322174072e-01
1.000000000000000000e+00,3.928585052490234375e-01
1.000000000000000000e+00,3.416363000869750977e-01
1.000000000000000000e+00,3.482577502727508545e-01
1.000000000000000000e+00,4.007364511489868164e-01
1.000000000000000000e+00,4.741269648075103760e-01
1.000000000000000000e+00,4.413270950317382812e-01
1.000000000000000000e+00,3.231405317783355713e-01
1.000000000000000000e+00,3.606432676315307617e-01
1.000000000000000000e+00,3.920363783836364746e-01
1.000000000000000000e+00,4.841791391372680664e-01
1.000000000000000000e+00,3.945843875408172607e-01
1.000000000000000000e+00,3.463064730167388916e-01
1.000000000000000000e+00,4.184667170047760010e-01
1.000000000000000000e+00,4.341560602188110352e-01
1.000000000000000000e+00,3.831406533718109131e-01
1.000000000000000000e+00,3.840529918670654297e-01
1.000000000000000000e+00,3.518358469009399414e-01
1.000000000000000000e+00,4.291407465934753418e-01
1.000000000000000000e+00,4.424082636833190918e-01
1.000000000000000000e+00,4.425441622734069824e-01
1.000000000000000000e+00,4.182822108268737793e-01
1.000000000000000000e+00,4.165109992027282715e-01
1.000000000000000000e+00,5.162816643714904785e-01
1.000000000000000000e+00,3.848448395729064941e-01
1.000000000000000000e+00,3.747552633285522461e-01
1.000000000000000000e+00,5.312782526016235352e-01
1.000000000000000000e+00,4.307914972305297852e-01
1.000000000000000000e+00,4.042861163616180420e-01
1.000000000000000000e+00,4.439079761505126953e-01
1.000000000000000000e+00,4.271649122238159180e-01
1.000000000000000000e+00,3.503850102424621582e-01
1.000000000000000000e+00,3.627985417842864990e-01
1.000000000000000000e+00,3.909377753734588623e-01
1.000000000000000000e+00,3.937863707542419434e-01
1.000000000000000000e+00,3.787814080715179443e-01
1.000000000000000000e+00,4.439944028854370117e-01
1.000000000000000000e+00,4.550588726997375488e-01
1.000000000000000000e+00,3.629582226276397705e-01
1.000000000000000000e+00,4.082202017307281494e-01
1.000000000000000000e+00,4.060198366641998291e-01
1.000000000000000000e+00,4.087415337562561035e-01
1.000000000000000000e+00,4.175885021686553955e-01
1.000000000000000000e+00,4.764845967292785645e-01
1.000000000000000000e+00,4.026786684989929199e-01
1.000000000000000000e+00,4.181601703166961670e-01
1.000000000000000000e+00,3.832957148551940918e-01
1.000000000000000000e+00,4.725788235664367676e-01
1.000000000000000000e+00,4.673867821693420410e-01
1.000000000000000000e+00,4.414746761322021484e-01
1.000000000000000000e+00,3.709529638290405273e-01
1.000000000000000000e+00,3.865950405597686768e-01
1.000000000000000000e+00,3.729636669158935547e-01
1.000000000000000000e+00,3.985809981822967529e-01
1.000000000000000000e+00,3.445912897586822510e-01
1.000000000000000000e+00,4.039947688579559326e-01
1.000000000000000000e+00,3.837385177612304688e-01
1.000000000000000000e+00,5.640850067138671875e-01
1.000000000000000000e+00,3.527414202690124512e-01
1.000000000000000000e+00,4.226698875427246094e-01
1.000000000000000000e+00,4.214714765548706055e-01
1.000000000000000000e+00,4.187527298927307129e-01
1.000000000000000000e+00,3.713911473751068115e-01
1.000000000000000000e+00,4.484150111675262451e-01
1.000000000000000000e+00,4.267984032630920410e-01
1.000000000000000000e+00,4.323542714118957520e-01
1.000000000000000000e+00,3.769454360008239746e-01
1.000000000000000000e+00,4.243988990783691406e-01
1.000000000000000000e+00,4.183693826198577881e-01
1.000000000000000000e+00,4.259309172630310059e-01
1.000000000000000000e+00,4.111176729202270508e-01
1.000000000000000000e+00,4.605550765991210938e-01
1.000000000000000000e+00,4.736836552619934082e-01
1.000000000000000000e+00,3.851047158241271973e-01
1.000000000000000000e+00,3.878082036972045898e-01
1.000000000000000000e+00,3.975147604942321777e-01
1.000000000000000000e+00,4.372287392616271973e-01
1.000000000000000000e+00,3.657642602920532227e-01
1.000000000000000000e+00,3.867338895797729492e-01
1.000000000000000000e+00,3.350751399993896484e-01
1.000000000000000000e+00,3.866212368011474609e-01
1.000000000000000000e+00,4.203593730926513672e-01
1.000000000000000000e+00,3.053890466690063477e-01
1.000000000000000000e+00,3.962086141109466553e-01
1.000000000000000000e+00,4.166001975536346436e-01
1.000000000000000000e+00,4.071410894393920898e-01
1.000000000000000000e+00,5.175991058349609375e-01
1.000000000000000000e+00,4.808393120765686035e-01
1.000000000000000000e+00,3.404353559017181396e-01
1.000000000000000000e+00,4.166572093963623047e-01
1.000000000000000000e+00,4.481259584426879883e-01
1.000000000000000000e+00,3.135451078414916992e-01
1.000000000000000000e+00,3.478831052780151367e-01
1.000000000000000000e+00,3.902788162231445312e-01
1.000000000000000000e+00,4.168612957000732422e-01
1.000000000000000000e+00,3.503972291946411133e-01
1.000000000000000000e+00,3.777232766151428223e-01
1.000000000000000000e+00,4.199324846267700195e-01
1.000000000000000000e+00,3.991730213165283203e-01
1.000000000000000000e+00,4.181159138679504395e-01
1.000000000000000000e+00,4.391652345657348633e-01
1.000000000000000000e+00,4.361644089221954346e-01
1.000000000000000000e+00,3.765068352222442627e-01
1.000000000000000000e+00,4.581171274185180664e-01
1.000000000000000000e+00,3.879967033863067627e-01
1.000000000000000000e+00,4.489950239658355713e-01
1.000000000000000000e+00,4.236478805541992188e-01
1.000000000000000000e+00,4.360095262527465820e-01
1.000000000000000000e+00,4.120302796363830566e-01
1.000000000000000000e+00,3.038232922554016113e-01
1.000000000000000000e+00,3.818314671516418457e-01
1.000000000000000000e+00,3.292825222015380859e-01
1.000000000000000000e+00,4.197086095809936523e-01
1.000000000000000000e+00,3.970136940479278564e-01
1.000000000000000000e+00,4.321427941322326660e-01
1.000000000000000000e+00,3.439894616603851318e-01
1.000000000000000000e+00,3.569914996623992920e-01
1.000000000000000000e+00,4.509269297122955322e-01
1.000000000000000000e+00,4.033297896385192871e-01
1.000000000000000000e+00,3.831124305725097656e-01
1.000000000000000000e+00,4.068270325660705566e-01
1.000000000000000000e+00,4.629398882389068604e-01
1.000000000000000000e+00,3.649019598960876465e-01
1.000000000000000000e+00,4.261462688446044922e-01
1.000000000000000000e+00,3.933686912059783936e-01
1.000000000000000000e+00,4.219830632209777832e-01
1.000000000000000000e+00,5.089068412780761719e-01
1.000000000000000000e+00,3.941668868064880371e-01
1.000000000000000000e+00,4.557755589485168457e-01
1.000000000000000000e+00,5.016315579414367676e-01
1.000000000000000000e+00,4.601446986198425293e-01
1.000000000000000000e+00,4.673091173171997070e-01
1.000000000000000000e+00,4.544167220592498779e-01
1.000000000000000000e+00,4.060842394828796387e-01
1.000000000000000000e+00,4.955793619155883789e-01
1.000000000000000000e+00,3.999529778957366943e-01
1.000000000000000000e+00,3.923121094703674316e-01
1.000000000000000000e+00,4.560973644256591797e-01
1.000000000000000000e+00,4.420633614063262939e-01
1.000000000000000000e+00,4.302594363689422607e-01
1.000000000000000000e+00,4.692763686180114746e-01
1.000000000000000000e+00,3.767922520637512207e-01
1.000000000000000000e+00,3.881364166736602783e-01
1.000000000000000000e+00,4.218751192092895508e-01
1.000000000000000000e+00,5.747512578964233398e-01
1.000000000000000000e+00,5.639507770538330078e-01
1.000000000000000000e+00,4.368717670440673828e-01
1.000000000000000000e+00,4.346329271793365479e-01
1.000000000000000000e+00,4.318777322769165039e-01
1.000000000000000000e+00,4.551264941692352295e-01
1.000000000000000000e+00,4.396091401576995850e-01
1.000000000000000000e+00,4.936449527740478516e-01
1.000000000000000000e+00,4.467247724533081055e-01
1.000000000000000000e+00,4.676384329795837402e-01
1.000000000000000000e+00,4.580087959766387939e-01
1.000000000000000000e+00,4.264142513275146484e-01
1.000000000000000000e+00,4.022274017333984375e-01
1.000000000000000000e+00,4.523993730545043945e-01
1.000000000000000000e+00,3.937013745307922363e-01
1.000000000000000000e+00,3.982330262660980225e-01
1.000000000000000000e+00,3.935412466526031494e-01
1.000000000000000000e+00,3.849576115608215332e-01
1.000000000000000000e+00,5.358443260192871094e-01
1.000000000000000000e+00,4.641094803810119629e-01
1.000000000000000000e+00,3.400751948356628418e-01
1.000000000000000000e+00,4.680138230323791504e-01
1.000000000000000000e+00,4.491647779941558838e-01
1.000000000000000000e+00,4.512550830841064453e-01
1.000000000000000000e+00,3.831965923309326172e-01
1.000000000000000000e+00,4.307385087013244629e-01
1.000000000000000000e+00,3.972231745719909668e-01
1.000000000000000000e+00,4.441756308078765869e-01
1.000000000000000000e+00,4.338238239288330078e-01
1.000000000000000000e+00,5.303854346275329590e-01
1.000000000000000000e+00,4.452503323554992676e-01
1.000000000000000000e+00,4.722978770732879639e-01
1.000000000000000000e+00,4.000440835952758789e-01
1.000000000000000000e+00,4.450266957283020020e-01
1.000000000000000000e+00,4.159858822822570801e-01
1.000000000000000000e+00,4.696866869926452637e-01
1.000000000000000000e+00,3.653479218482971191e-01
1.000000000000000000e+00,4.109224975109100342e-01
1.000000000000000000e+00,4.021797478199005127e-01
1.000000000000000000e+00,5.355691909790039062e-01
1.000000000000000000e+00,3.851296901702880859e-01
1.000000000000000000e+00,4.174052476882934570e-01
1.000000000000000000e+00,4.470997750759124756e-01
1.000000000000000000e+00,4.074625372886657715e-01
1.000000000000000000e+00,3.472289443016052246e-01
1.000000000000000000e+00,3.935243189334869385e-01
1.000000000000000000e+00,3.978983163833618164e-01
1.000000000000000000e+00,5.127995014190673828e-01
1.000000000000000000e+00,4.319289922714233398e-01
1.000000000000000000e+00,4.211887121200561523e-01
1.000000000000000000e+00,3.423599600791931152e-01
1.000000000000000000e+00,4.031445682048797607e-01
1.000000000000000000e+00,3.895443081855773926e-01
1.000000000000000000e+00,4.160414934158325195e-01
1.000000000000000000e+00,3.777078688144683838e-01
1.000000000000000000e+00,3.748303055763244629e-01
1.000000000000000000e+00,4.321550726890563965e-01
1.000000000000000000e+00,4.385616779327392578e-01
1.000000000000000000e+00,4.019718766212463379e-01
1.000000000000000000e+00,4.115740656852722168e-01
1.000000000000000000e+00,3.757911324501037598e-01
1.000000000000000000e+00,3.887002468109130859e-01
1.000000000000000000e+00,4.307811260223388672e-01
1.000000000000000000e+00,4.196127951145172119e-01
1.000000000000000000e+00,4.193003773689270020e-01
1.000000000000000000e+00,5.120282173156738281e-01
1.000000000000000000e+00,4.570614099502563477e-01
1.000000000000000000e+00,4.168981015682220459e-01
1.000000000000000000e+00,3.900355696678161621e-01
1.000000000000000000e+00,4.220830500125885010e-01
1.000000000000000000e+00,3.448924124240875244e-01
1.000000000000000000e+00,4.064569473266601562e-01
1.000000000000000000e+00,3.826338052749633789e-01
1.000000000000000000e+00,4.437905550003051758e-01
1.000000000000000000e+00,4.276102185249328613e-01
1.000000000000000000e+00,4.728644490242004395e-01
1.000000000000000000e+00,4.137743413448333740e-01
1.000000000000000000e+00,4.211835861206054688e-01
1.000000000000000000e+00,4.323077499866485596e-01
1.000000000000000000e+00,3.524544835090637207e-01
1.000000000000000000e+00,3.960031270980834961e-01
1.000000000000000000e+00,4.530798196792602539e-01
1.000000000000000000e+00,4.952872395515441895e-01
1.000000000000000000e+00,4.284138381481170654e-01
1.000000000000000000e+00,4.179487228393554688e-01
1.000000000000000000e+00,3.710789680480957031e-01
1.000000000000000000e+00,4.292086660861968994e-01
1.000000000000000000e+00,4.128114879131317139e-01
1.000000000000000000e+00,4.469979703426361084e-01
1.000000000000000000e+00,4.373143911361694336e-01
1.000000000000000000e+00,4.197211563587188721e-01
1.000000000000000000e+00,4.496754705905914307e-01
1.000000000000000000e+00,4.375513494014739990e-01
1.000000000000000000e+00,4.161995649337768555e-01
1.000000000000000000e+00,3.644890785217285156e-01
1.000000000000000000e+00,3.349511623382568359e-01
1.000000000000000000e+00,4.133125245571136475e-01
1.000000000000000000e+00,4.150211811065673828e-01
1.000000000000000000e+00,4.055179357528686523e-01
1.000000000000000000e+00,4.209256768226623535e-01
1.000000000000000000e+00,4.196009039878845215e-01
