label,score
0.000000000000000000e+00,-1.175871125552850449e+00
0.000000000000000000e+00,-1.379356797462145234e+00
0.000000000000000000e+00,-1.084604187743192671e+00
0.000000000000000000e+00,-1.013739321627082246e+00
0.000000000000000000e+00,-1.980379405245002111e+00
0.000000000000000000e+00,-9.478062849244496268e-01
0.000000000000000000e+00,-9.018273399265591683e-01
0.000000000000000000e+00,-2.022058248542441206e+00
0.000000000000000000e+00,-1.560975477804896316e+00
0.000000000000000000e+00,-1.664282194183739572e+00
0.000000000000000000e+00,-1.304753196659803827e+00
0.000000000000000000e+00,-1.391959461621784078e+00
0.000000000000000000e+00,-6.413641815541116786e-01
0.000000000000000000e+00,-1.142414360174237364e+00
0.000000000000000000e+00,-1.066860130649889049e+00
0.000000000000000000e+00,-5.219251236575076502e-01
0.000000000000000000e+00,-1.677705395701404534e+00
0.000000000000000000e+00,-1.767694704706831654e+00
0.000000000000000000e+00,-1.579479835398974297e+00
0.000000000000000000e+00,-1.917858609338454423e+00
0.000000000000000000e+00,-5.919390808909273938e-01
0.000000000000000000e+00,-1.394518262574789613e+00
0.000000000000000000e+00,-1.682920186486342340e+00
0.000000000000000000e+00,-5.878353817166416251e-01
0.000000000000000000e+00,-1.318258401294063464e+00
0.000000000000000000e+00,-1.002097916223082752e+00
0.000000000000000000e+00,-1.548810163600429890e+00
0.000000000000000000e+00,-1.395837399129395306e+00
0.000000000000000000e+00,-9.753213676944817445e-01
0.000000000000000000e+00,-1.028629467786054574e+00
0.000000000000000000e+00,-6.402272741474944739e-01
0.000000000000000000e+00,-8.255421690419458836e-01
0.000000000000000000e+00,-5.427979539833585054e-01
0.000000000000000000e+00,-3.744875695566241558e-01
0.000000000000000000e+00,-1.297797105127419970e+00
0.000000000000000000e+00,-1.263869581116503271e+00
0.000000000000000000e+00,-1.173505689973544097e+00
0.000000000000000000e+00,-9.138397841235463837e-01
0.000000000000000000e+00,-1.520896201473133980e+00
0.000000000000000000e+00,-1.568314250548055844e+00
0.000000000000000000e+00,-6.588176843947892714e-01
0.000000000000000000e+00,-1.912934372806142536e+00
0.000000000000000000e+00,-5.863871661822107617e-01
0.000000000000000000e+00,-1.591776253351576909e+00
0.000000000000000000e+00,-9.862454989243153447e-01
0.000000000000000000e+00,-4.198768007839406291e-01
0.000000000000000000e+00,-5.907191579835598949e-01
0.000000000000000000e+00,-1.425712349365878540e+00
0.000000000000000000e+00,-1.064308416385972178e+00
0.000000000000000000e+00,-1.409926243229296050e+00
0.000000000000000000e+00,-1.601092718542489468e+00
0.000000000000000000e+00,-1.323246418028171334e+00
0.000000000000000000e+00,-1.418794222239325942e+00
0.000000000000000000e+00,-1.103338356540567222e+00
0.000000000000000000e+00,-7.546145351081947616e-01
0.000000000000000000e+00,-1.294608601229698897e+00
0.000000000000000000e+00,-7.491046343419310860e-01
0.000000000000000000e+00,-1.976594607079696253e+00
0.000000000000000000e+00,-6.560700737967847251e-01
0.000000000000000000e+00,-1.733960039877536108e+00
0.000000000000000000e+00,-1.284403262750264396e+00
0.000000000000000000e+00,-1.149138615735013413e+00
0.000000000000000000e+00,-1.910066794685712388e+00
0.000000000000000000e+00,-9.233222803159597536e-01
0.000000000000000000e+00,-1.258705915731417546e+00
0.000000000000000000e+00,-1.345305762584258380e+00
0.000000000000000000e+00,-1.561210857121048123e+00
0.000000000000000000e+00,-5.035665493818205496e-01
0.000000000000000000e+00,-1.329659365461133724e+00
0.000000000000000000e+00,-1.142456880308768019e+00
0.000000000000000000e+00,-1.926036445651342910e-01
0.000000000000000000e+00,-1.401809453262641059e+00
0.000000000000000000e+00,-1.551504624030271007e+00
0.000000000000000000e+00,-1.044579580155826859e+00
0.000000000000000000e+00,-9.894734858041007719e-01
0.000000000000000000e+00,-1.042078485099684704e+00
0.000000000000000000e+00,-1.200133418031287702e+00
0.000000000000000000e+00,-9.833176839466332142e-01
0.000000000000000000e+00,-4.388873504557644911e-01
0.000000000000000000e+00,-8.851341375866559336e-01
0.000000000000000000e+00,-4.980632291125674516e-01
0.000000000000000000e+00,-3.912830226962320523e-01
0.000000000000000000e+00,-9.533187166511021271e-01
0.000000000000000000e+00,-1.410119102410917202e+00
0.000000000000000000e+00,-1.478531974102426760e+00
0.000000000000000000e+00,-5.612861134309485855e-01
0.000000000000000000e+00,-8.823369201650322902e-01
0.000000000000000000e+00,-1.038499200917943455e+00
0.000000000000000000e+00,-1.257825141516139889e+00
0.000000000000000000e+00,-9.493051196666550950e-01
0.000000000000000000e+00,-1.044729413010839769e+00
0.000000000000000000e+00,-2.412816057215657062e-01
0.000000000000000000e+00,-1.263502591860137469e+00
0.000000000000000000e+00,-1.332070864519514952e+00
0.000000000000000000e+00,-1.276026796247725636e+00
0.000000000000000000e+00,-2.207030451400258997e+00
0.000000000000000000e+00,-3.262955527948287471e-01
0.000000000000000000e+00,-3.997711547527787318e-02
0.000000000000000000e+00,-1.641606307676957810e+00
0.000000000000000000e+00,-8.117884240975128396e-01
0.000000000000000000e+00,-1.552157105618485522e+00
0.000000000000000000e+00,-9.053651163579250483e-01
0.000000000000000000e+00,-1.212686475367307448e+00
0.000000000000000000e+00,-1.363271531807614734e+00
0.000000000000000000e+00,-1.226314684676459432e+00
0.000000000000000000e+00,-1.690396643474648908e+00
0.000000000000000000e+00,-9.657685108032617594e-01
0.000000000000000000e+00,-1.767339864060331722e+00
0.000000000000000000e+00,-5.145615475025385743e-01
0.000000000000000000e+00,-9.144269669337315998e-01
0.000000000000000000e+00,-1.256973220249293588e+00
0.000000000000000000e+00,2.190793351131137823e-01
0.000000000000000000e+00,-1.157773240197202513e+00
0.000000000000000000e+00,-1.249113069666055731e+00
0.000000000000000000e+00,-1.191653182152811130e+00
0.000000000000000000e+00,-9.071575425052231800e-01
0.000000000000000000e+00,-9.276573092697752987e-01
0.000000000000000000e+00,-1.281440014327140053e+00
0.000000000000000000e+00,-7.049191278754941559e-01
0.000000000000000000e+00,-1.252352192771551520e+00
0.000000000000000000e+00,-1.067374421800878936e+00
0.000000000000000000e+00,-9.268939716165345288e-01
0.000000000000000000e+00,-1.117473264119542842e+00
0.000000000000000000e+00,-9.210788370273900183e-01
0.000000000000000000e+00,-1.865894955405374533e+00
0.000000000000000000e+00,-1.578038200361554066e+00
0.000000000000000000e+00,-3.403980640808286773e-01
0.000000000000000000e+00,-1.157934715470003484e+00
0.000000000000000000e+00,-1.182127659633789518e+00
0.000000000000000000e+00,-8.367553359481723074e-01
0.000000000000000000e+00,-7.405211352795944002e-01
0.000000000000000000e+00,-1.163270486161522621e+00
0.000000000000000000e+00,-1.850749182247140467e+00
0.000000000000000000e+00,-7.971604854348127711e-01
0.000000000000000000e+00,-1.343454618155941915e+00
0.000000000000000000e+00,-9.872548459273405852e-01
0.000000000000000000e+00,-1.021551383962934212e+00
0.000000000000000000e+00,-1.073664364558948980e+00
0.000000000000000000e+00,-5.673735793579204323e-01
0.000000000000000000e+00,-7.140270419303755833e-01
0.000000000000000000e+00,-5.569566525899881659e-01
0.000000000000000000e+00,-1.729471634724163431e+00
0.000000000000000000e+00,-1.564644357984398271e+00
0.000000000000000000e+00,-7.257899334330341068e-01
0.000000000000000000e+00,-1.153266105936953334e+00
0.000000000000000000e+00,-1.442431367501746831e+00
0.000000000000000000e+00,-4.329962870549580733e-01
0.000000000000000000e+00,-5.550796923657065340e-01
0.000000000000000000e+00,-1.243570266414738335e+00
0.000000000000000000e+00,8.100228491390686070e-02
0.000000000000000000e+00,-1.248824033989662796e+00
0.000000000000000000e+00,-1.762885879968245861e+00
0.000000000000000000e+00,-1.384638405601345656e+00
0.000000000000000000e+00,-9.305178007011172259e-01
0.000000000000000000e+00,-3.162405533624848553e-01
0.000000000000000000e+00,-1.250509653608556482e+00
0.000000000000000000e+00,-7.225335997968949098e-01
0.000000000000000000e+00,7.555214514250749858e-01
0.000000000000000000e+00,-8.246588638662792903e-01
0.000000000000000000e+00,-1.519143764499977678e+00
0.000000000000000000e+00,-6.755189858079364562e-01
0.000000000000000000e+00,-1.284733299984954558e+00
0.000000000000000000e+00,-2.847491289265851114e-02
0.000000000000000000e+00,-1.034462825289998111e+00
0.000000000000000000e+00,-1.175553236928026157e+00
0.000000000000000000e+00,-8.304886780256784951e-01
0.000000000000000000e+00,-7.501504271745540464e-01
0.000000000000000000e+00,-1.262164220006577464e+00
0.000000000000000000e+00,-1.179200350848184975e+00
0.000000000000000000e+00,-1.542853801421594229e+00
0.000000000000000000e+00,-1.173139713101333692e+00
0.000000000000000000e+00,-9.081127269559295945e-01
0.000000000000000000e+00,-1.315591781428498308e+00
0.000000000000000000e+00,-1.666419337135982559e+00
0.000000000000000000e+00,-1.863410564687797866e+00
0.000000000000000000e+00,-2.060049482553501843e+00
0.000000000000000000e+00,-1.178629872376565579e+00
0.000000000000000000e+00,-1.342468555988492795e+00
0.000000000000000000e+00,-8.618118437965928136e-01
0.000000000000000000e+00,-9.820117083860488982e-01
0.000000000000000000e+00,-1.229501163805869712e+00
0.000000000000000000e+00,-1.057178700970921481e+00
0.000000000000000000e+00,-8.696117575225789098e-01
0.000000000000000000e+00,-1.158767907629973060e+00
0.000000000000000000e+00,-1.461720322816330908e+00
0.000000000000000000e+00,-1.511777151192542190e+00
0.000000000000000000e+00,-3.879138082267555299e-01
0.000000000000000000e+00,-1.613943416820224019e+00
0.000000000000000000e+00,-9.424806380744853440e-01
0.000000000000000000e+00,-3.217686770435474464e-01
0.000000000000000000e+00,-6.012094826027652994e-01
0.000000000000000000e+00,-7.458265344464487523e-01
0.000000000000000000e+00,-1.808952902387664041e+00
0.000000000000000000e+00,-6.402561270959260531e-01
0.000000000000000000e+00,-8.657439438565226464e-01
0.000000000000000000e+00,-4.745490885250386315e-01
0.000000000000000000e+00,-1.319764828917435295e+00
0.000000000000000000e+00,-1.600669541965493936e+00
0.000000000000000000e+00,-9.902677011740840252e-01
0.000000000000000000e+00,-6.810228122692673081e-01
0.000000000000000000e+00,-3.469456586064714743e-01
0.000000000000000000e+00,-1.519890397814652960e+00
0.000000000000000000e+00,-1.384924910317349767e+00
0.000000000000000000e+00,-1.054007913795921514e+00
0.000000000000000000e+00,-1.131037187034821256e+00
0.000000000000000000e+00,-1.393550423322139409e+00
0.000000000000000000e+00,-1.592908605029494273e+00
0.000000000000000000e+00,-1.626482806970144468e+00
0.000000000000000000e+00,-1.683538247013270039e+00
0.000000000000000000e+00,-1.510104186375591961e+00
0.000000000000000000e+00,-1.535014910905621699e+00
0.000000000000000000e+00,5.595643742880945792e-01
0.000000000000000000e+00,-3.338261723354540300e-01
0.000000000000000000e+00,-1.317138704418089556e+00
0.000000000000000000e+00,-1.145584641157159744e+00
0.000000000000000000e+00,-1.508507656562381616e+00
0.000000000000000000e+00,-1.295498993094453821e+00
0.000000000000000000e+00,5.268387531649201816e-02
0.000000000000000000e+00,-1.239182593484837280e+00
0.000000000000000000e+00,-1.458334404008288843e+00
0.000000000000000000e+00,-5.136934280892043736e-01
0.000000000000000000e+00,-2.092380982943286227e+00
0.000000000000000000e+00,-2.008773237462000871e+00
0.000000000000000000e+00,-9.745509433521525322e-01
0.000000000000000000e+00,-1.398523254293914775e+00
0.000000000000000000e+00,-6.144605788139966274e-01
0.000000000000000000e+00,-2.299095654116521725e+00
0.000000000000000000e+00,-1.203385195938727170e+00
0.000000000000000000e+00,-8.007868454797841817e-01
0.000000000000000000e+00,-1.311772056009828047e+00
0.000000000000000000e+00,-6.516662027203956598e-01
0.000000000000000000e+00,-1.305885042145643604e+00
0.000000000000000000e+00,-7.556076839647322130e-01
0.000000000000000000e+00,-9.299113825919776977e-01
0.000000000000000000e+00,-1.858245886918556744e+00
0.000000000000000000e+00,4.749938514749368346e-01
0.000000000000000000e+00,-9.276578154618531080e-01
0.000000000000000000e+00,-9.211051590154327728e-01
0.000000000000000000e+00,-8.191520002524820265e-01
0.000000000000000000e+00,-1.110267619892830515e+00
0.000000000000000000e+00,-7.314770014265089548e-01
0.000000000000000000e+00,-6.548314217825405015e-01
0.000000000000000000e+00,-1.062757950051836486e+00
0.000000000000000000e+00,-6.028807259483083547e-02
0.000000000000000000e+00,-9.176691271916938009e-01
0.000000000000000000e+00,-1.610051812126513715e+00
0.000000000000000000e+00,-2.602638086370357429e-01
0.000000000000000000e+00,-3.665454158567914567e-01
0.000000000000000000e+00,-2.200243934213919950e+00
0.000000000000000000e+00,-1.750167804014880923e+00
0.000000000000000000e+00,-1.322081670057277947e+00
0.000000000000000000e+00,-1.136884717916941456e+00
0.000000000000000000e+00,-1.137108454815305203e+00
0.000000000000000000e+00,-4.966458912948790161e-01
0.000000000000000000e+00,-1.931576920837445144e+00
0.000000000000000000e+00,-1.581559778646431935e+00
0.000000000000000000e+00,-1.415535357642798031e+00
0.000000000000000000e+00,-5.255980533736316351e-01
0.000000000000000000e+00,-1.088462889951849588e+00
0.000000000000000000e+00,-1.573909191583380940e+00
0.000000000000000000e+00,-1.624685318902068909e+00
0.000000000000000000e+00,-5.882418539550715586e-01
0.000000000000000000e+00,-5.779203945946595478e-02
0.000000000000000000e+00,-1.435836697112873761e+00
0.000000000000000000e+00,-1.506007573890394635e+00
0.000000000000000000e+00,-1.546960031556268600e+00
0.000000000000000000e+00,5.394189419779644723e-01
0.000000000000000000e+00,-5.590948079263867720e-01
0.000000000000000000e+00,-1.113135704205338694e+00
0.000000000000000000e+00,-1.094968976727117127e+00
0.000000000000000000e+00,-7.488140800893049454e-01
0.000000000000000000e+00,-9.018739095977117426e-01
0.000000000000000000e+00,-1.025468804452609461e+00
0.000000000000000000e+00,-1.231601354736437282e+00
0.000000000000000000e+00,-6.164939523903016916e-01
0.000000000000000000e+00,-1.808503707119529791e-01
0.000000000000000000e+00,-1.018289988406017477e+00
0.000000000000000000e+00,-3.297867595550419972e-01
0.000000000000000000e+00,-1.607734970986670842e+00
0.000000000000000000e+00,-2.982003739036998557e-01
0.000000000000000000e+00,-8.574666910012223031e-01
0.000000000000000000e+00,-1.702598909700790752e+00
0.000000000000000000e+00,-1.125523742924013249e+00
0.000000000000000000e+00,-8.179999070835324293e-01
0.000000000000000000e+00,-1.039581439580164135e+00
0.000000000000000000e+00,-1.120629877916366146e+00
0.000000000000000000e+00,-6.943513558683936937e-01
0.000000000000000000e+00,-5.368724695212654385e-01
0.000000000000000000e+00,-6.958324738878781668e-01
0.000000000000000000e+00,-1.344868918821163772e+00
0.000000000000000000e+00,-1.581746563523120264e+00
0.000000000000000000e+00,-9.309546444642119445e-01
0.000000000000000000e+00,-6.372913600965685044e-01
0.000000000000000000e+00,-7.212833053648626258e-01
0.000000000000000000e+00,-1.713498237518814804e+00
0.000000000000000000e+00,-1.064798916509307913e+00
0.000000000000000000e+00,-1.459439927506085866e+00
0.000000000000000000e+00,-8.409840645656613267e-01
0.000000000000000000e+00,-1.238427861096918159e+00
0.000000000000000000e+00,-6.898725683644982842e-01
0.000000000000000000e+00,-1.151048984636426464e+00
0.000000000000000000e+00,-1.139779630409570199e+00
0.000000000000000000e+00,-1.484359763493514839e+00
0.000000000000000000e+00,-1.465223171994332274e+00
0.000000000000000000e+00,-8.692807079037331297e-01
0.000000000000000000e+00,2.978475810342443367e-02
0.000000000000000000e+00,-1.618624681155217626e+00
0.000000000000000000e+00,-6.806112781100598363e-01
0.000000000000000000e+00,-1.264250743751045736e+00
0.000000000000000000e+00,-1.376258395754262898e+00
0.000000000000000000e+00,-1.301620373890634452e+00
0.000000000000000000e+00,-7.785047764094887857e-01
0.000000000000000000e+00,6.695123307269635893e-01
0.000000000000000000e+00,-1.447830918395062172e+00
0.000000000000000000e+00,-1.388224776472175126e+00
0.000000000000000000e+00,-1.251473949516662465e+00
0.000000000000000000e+00,-1.673320759923969669e+00
0.000000000000000000e+00,-1.524585835527823674e+00
0.000000000000000000e+00,-1.506628671569788969e+00
0.000000000000000000e+00,-2.019575882593175553e+00
0.000000000000000000e+00,-1.225415687546382859e+00
0.000000000000000000e+00,-1.438512428435838375e+00
0.000000000000000000e+00,-1.528728511492095654e+00
0.000000000000000000e+00,-1.543795318686201457e+00
0.000000000000000000e+00,-1.020703006040632133e+00
0.000000000000000000e+00,-1.365696698052095259e+00
0.000000000000000000e+00,-2.686119283832206217e-01
0.000000000000000000e+00,-1.709225976382639622e+00
0.000000000000000000e+00,-1.134597742109685559e+00
0.000000000000000000e+00,6.373961648653952983e-02
0.000000000000000000e+00,-9.298481085822594139e-01
0.000000000000000000e+00,-8.118759953269628626e-01
0.000000000000000000e+00,-6.997053494747117464e-01
0.000000000000000000e+00,-1.248471218111473879e+00
0.000000000000000000e+00,-8.278878631302202251e-01
0.000000000000000000e+00,-6.892003452852517587e-01
0.000000000000000000e+00,-9.773425926609210501e-01
0.000000000000000000e+00,-6.913324263167173189e-01
0.000000000000000000e+00,-9.165605665414303660e-01
0.000000000000000000e+00,-9.617792110385465776e-01
0.000000000000000000e+00,-6.244335751297456216e-01
0.000000000000000000e+00,-1.924107853835131110e-01
0.000000000000000000e+00,-1.639438287007972228e+00
0.000000000000000000e+00,-1.477560085313154747e+00
0.000000000000000000e+00,-1.364887094024605785e-01
0.000000000000000000e+00,-1.179678196169577253e+00
0.000000000000000000e+00,-1.003490450628961472e+00
0.000000000000000000e+00,-1.826675193221624749e+00
0.000000000000000000e+00,-8.124753267470140594e-01
0.000000000000000000e+00,-9.214169733353242409e-01
0.000000000000000000e+00,-6.998531575614135303e-01
0.000000000000000000e+00,6.960990572264098564e-01
0.000000000000000000e+00,-1.766214599071502800e+00
0.000000000000000000e+00,-1.382255759491395786e+00
0.000000000000000000e+00,-1.189849619779802747e+00
0.000000000000000000e+00,-6.004395644525137854e-01
0.000000000000000000e+00,-9.195390007268871013e-01
0.000000000000000000e+00,-1.619224012575268823e+00
0.000000000000000000e+00,-8.011305499005736408e-01
0.000000000000000000e+00,-9.183261645086080449e-01
0.000000000000000000e+00,-1.515554862668759606e+00
0.000000000000000000e+00,-1.875035771945309460e+00
0.000000000000000000e+00,-1.164121901236291112e+00
0.000000000000000000e+00,-1.221746807366880683e+00
0.000000000000000000e+00,-1.335300876167611284e+00
0.000000000000000000e+00,-9.471214070432594223e-01
0.000000000000000000e+00,-1.425639963898760909e+00
0.000000000000000000e+00,-1.157092918044712038e+00
0.000000000000000000e+00,-1.252539483840317436e+00
0.000000000000000000e+00,-9.135568227520863838e-01
0.000000000000000000e+00,-1.276825567346408619e+00
0.000000000000000000e+00,-1.424330951185710070e+00
0.000000000000000000e+00,-1.026354134396586959e+00
0.000000000000000000e+00,-7.465645624958022752e-01
0.000000000000000000e+00,-1.190562844417346611e+00
0.000000000000000000e+00,-9.927870191450252069e-01
0.000000000000000000e+00,-6.971500918662506541e-01
0.000000000000000000e+00,-1.697855889932311957e+00
0.000000000000000000e+00,-5.633751681358057928e-01
0.000000000000000000e+00,-1.340064143619200010e+00
0.000000000000000000e+00,-9.060003874154961556e-01
0.000000000000000000e+00,-1.759748501470377091e+00
0.000000000000000000e+00,-6.388686546108246489e-01
0.000000000000000000e+00,-3.869644951858082493e-02
0.000000000000000000e+00,-1.597470914226217786e+00
0.000000000000000000e+00,-2.016608584633429402e+00
0.000000000000000000e+00,-1.609021711248300956e+00
0.000000000000000000e+00,-1.115401926137406852e+00
0.000000000000000000e+00,-1.499650307585984388e+00
0.000000000000000000e+00,-1.587692801860400849e+00
0.000000000000000000e+00,-4.164296327344912951e-01
0.000000000000000000e+00,-8.735884024853504126e-01
0.000000000000000000e+00,-1.187839024846996105e+00
0.000000000000000000e+00,-9.455871388556117418e-01
0.000000000000000000e+00,1.307194887356409430e+00
0.000000000000000000e+00,-1.275952386012296991e+00
0.000000000000000000e+00,-1.647313623353542589e+00
0.000000000000000000e+00,-1.828704517261307894e+00
0.000000000000000000e+00,-7.266504599652020557e-01
0.000000000000000000e+00,-1.315973956447196391e+00
0.000000000000000000e+00,-1.662382961508036994e+00
0.000000000000000000e+00,-7.903476462604310804e-01
0.000000000000000000e+00,-8.916032723402481652e-01
0.000000000000000000e+00,-1.434037690468564996e+00
0.000000000000000000e+00,-1.148216839961438307e+00
0.000000000000000000e+00,-7.153775623938015693e-01
0.000000000000000000e+00,-1.161241668313917064e+00
0.000000000000000000e+00,-1.776816792139889856e+00
0.000000000000000000e+00,-1.821456859092142500e+00
0.000000000000000000e+00,-7.850214932183890992e-01
0.000000000000000000e+00,-8.394462530334693140e-01
0.000000000000000000e+00,-1.388546208441543861e+00
0.000000000000000000e+00,-1.458771247771383450e+00
0.000000000000000000e+00,-1.367196545178456235e+00
0.000000000000000000e+00,-1.665642838488720523e+00
0.000000000000000000e+00,-8.287190305218788966e-01
0.000000000000000000e+00,-1.387115709629833882e+00
0.000000000000000000e+00,-1.196687262365993876e+00
0.000000000000000000e+00,-4.038902425845706246e-01
0.000000000000000000e+00,-9.255454759214195581e-01
0.000000000000000000e+00,-1.270173191060672391e+00
0.000000000000000000e+00,-1.102264216951590603e+00
0.000000000000000000e+00,-8.778485150116596136e-01
0.000000000000000000e+00,-1.479441095074058410e+00
0.000000000000000000e+00,-1.487336172910660670e+00
0.000000000000000000e+00,-6.527778005231256175e-01
0.000000000000000000e+00,1.204867855543178129e-01
0.000000000000000000e+00,-1.435219142778023871e+00
0.000000000000000000e+00,-7.306689159752527418e-02
0.000000000000000000e+00,-7.899325687566794985e-01
0.000000000000000000e+00,-1.778745383956101822e+00
0.000000000000000000e+00,-4.891188150987979544e-01
0.000000000000000000e+00,-9.301001922369769304e-01
0.000000000000000000e+00,-1.728776633001418261e+00
0.000000000000000000e+00,-1.432327773629939349e+00
0.000000000000000000e+00,-1.012931439070999806e+00
0.000000000000000000e+00,-1.325758649310023962e+00
0.000000000000000000e+00,-1.602650777757791412e+00
0.000000000000000000e+00,-1.156428287846631653e+00
0.000000000000000000e+00,-1.328854520057517696e+00
0.000000000000000000e+00,-9.597534303434075431e-01
0.000000000000000000e+00,-1.250114823787914720e+00
0.000000000000000000e+00,-1.526741707586943164e+00
0.000000000000000000e+00,-1.564958197072600754e+00
0.000000000000000000e+00,-5.513920830793278549e-01
0.000000000000000000e+00,-1.432069109478211200e+00
0.000000000000000000e+00,-3.955476909512409822e-01
0.000000000000000000e+00,-1.460919020757259323e+00
0.000000000000000000e+00,-1.543294188529233057e+00
0.000000000000000000e+00,-8.504017681721232069e-01
0.000000000000000000e+00,-2.366701958933008498e-01
0.000000000000000000e+00,-1.003495006357661312e+00
0.000000000000000000e+00,-1.226602201776619161e+00
0.000000000000000000e+00,-4.534849175937998300e-01
0.000000000000000000e+00,-1.239327870611150351e+00
0.000000000000000000e+00,-1.690973702443279159e+00
0.000000000000000000e+00,4.049991295404714586e-01
0.000000000000000000e+00,-1.826299598699937299e+00
0.000000000000000000e+00,-1.228369824512107744e+00
0.000000000000000000e+00,-1.577356865824907972e+00
0.000000000000000000e+00,-6.313906790462848750e-01
0.000000000000000000e+00,-1.274740055986095744e+00
0.000000000000000000e+00,-1.020103168428503126e+00
0.000000000000000000e+00,2.225568746872279013e-01
0.000000000000000000e+00,-1.222218072191262106e+00
0.000000000000000000e+00,-4.516636384980701746e-01
0.000000000000000000e+00,5.385064805569624719e-02
0.000000000000000000e+00,-9.667171147569575407e-01
0.000000000000000000e+00,-7.515211953210898521e-01
0.000000000000000000e+00,-4.919271687461320153e-01
0.000000000000000000e+00,-1.314764157381383747e+00
0.000000000000000000e+00,-7.087054446170333311e-01
0.000000000000000000e+00,-8.570789478696689834e-01
0.000000000000000000e+00,-1.313853517833518891e+00
0.000000000000000000e+00,-9.637260257695571264e-01
0.000000000000000000e+00,-7.912684096498509012e-01
0.000000000000000000e+00,9.024383367731318717e-02
0.000000000000000000e+00,-6.622957301609810887e-01
0.000000000000000000e+00,-2.125350285351029989e+00
0.000000000000000000e+00,-1.254486298571328096e+00
0.000000000000000000e+00,-1.457115999677154550e+00
0.000000000000000000e+00,-1.322309962684341533e+00
0.000000000000000000e+00,-1.309066965546354044e+00
0.000000000000000000e+00,-6.635850013829998062e-01
0.000000000000000000e+00,-1.348501859363145927e+00
0.000000000000000000e+00,-5.749735472131969338e-01
0.000000000000000000e+00,-1.974169947027293537e+00
0.000000000000000000e+00,-1.068950703930979573e+00
0.000000000000000000e+00,-1.137026957890788115e+00
0.000000000000000000e+00,-5.399273387104617239e-01
0.000000000000000000e+00,-5.040798281486548182e-01
0.000000000000000000e+00,-1.191331243991364808e+00
0.000000000000000000e+00,-6.929492038130377063e-01
0.000000000000000000e+00,-2.831477400877709383e-01
0.000000000000000000e+00,-1.256112187525047830e+00
0.000000000000000000e+00,-1.381313736034710749e+00
0.000000000000000000e+00,-1.890198755634187044e+00
0.000000000000000000e+00,-1.071552025018515542e+00
0.000000000000000000e+00,-1.566437290323774212e+00
0.000000000000000000e+00,-1.310123894604687367e+00
0.000000000000000000e+00,-5.370248333366669513e-01
0.000000000000000000e+00,-1.243522178167352443e+00
0.000000000000000000e+00,-1.282996048774130760e+00
0.000000000000000000e+00,-1.259780561512471975e+00
0.000000000000000000e+00,-1.005646828880158994e+00
0.000000000000000000e+00,-1.372644690511235055e+00
0.000000000000000000e+00,-1.760695586847839555e+00
0.000000000000000000e+00,-1.968196880509892388e+00
0.000000000000000000e+00,-1.111523482437718036e+00
0.000000000000000000e+00,-8.557355140953314399e-01
0.000000000000000000e+00,-1.151258851453517140e-01
0.000000000000000000e+00,-1.098079527044865555e+00
0.000000000000000000e+00,-5.752722005390669135e-01
0.000000000000000000e+00,-1.557820382584306218e+00
0.000000000000000000e+00,-1.575139238332303515e+00
0.000000000000000000e+00,-6.948717213243165158e-01
0.000000000000000000e+00,-1.100079491944039312e+00
0.000000000000000000e+00,-7.982558850910548287e-01
0.000000000000000000e+00,-1.178454729917665311e+00
0.000000000000000000e+00,-1.152984156949648842e+00
0.000000000000000000e+00,-1.052908970795135124e+00
0.000000000000000000e+00,-7.779580889655232090e-01
0.000000000000000000e+00,-9.526520616847108380e-01
0.000000000000000000e+00,-3.478071975227949308e-01
0.000000000000000000e+00,-9.323618584403454701e-01
0.000000000000000000e+00,-5.015195086194161878e-01
0.000000000000000000e+00,-1.333711433043489381e+00
0.000000000000000000e+00,-4.245965357168431376e-01
0.000000000000000000e+00,-5.563173319957951390e-01
0.000000000000000000e+00,-5.139920814150744643e-01
0.000000000000000000e+00,-9.015701943510642247e-01
0.000000000000000000e+00,-1.549120459344088152e+00
0.000000000000000000e+00,-1.357969675985304603e+00
0.000000000000000000e+00,-1.768054607274109014e+00
0.000000000000000000e+00,-1.324079610188140910e+00
0.000000000000000000e+00,9.101388339567059171e-01
0.000000000000000000e+00,-7.077282910118100345e-02
0.000000000000000000e+00,-1.762304771462993580e+00
0.000000000000000000e+00,-1.400855281196089930e+00
0.000000000000000000e+00,-1.153600192708265526e+00
0.000000000000000000e+00,-1.413665990299682429e+00
0.000000000000000000e+00,-5.343865602274554538e-01
0.000000000000000000e+00,-8.933344492461390285e-01
0.000000000000000000e+00,-6.702753420745669599e-01
0.000000000000000000e+00,-3.539306030872866882e-01
0.000000000000000000e+00,-1.157362212230072851e+00
0.000000000000000000e+00,-9.006215903973685544e-01
0.000000000000000000e+00,-5.012446463212002490e-01
0.000000000000000000e+00,-1.272339186961346957e+00
0.000000000000000000e+00,-1.327718118842978301e+00
0.000000000000000000e+00,-4.407951883967886619e-01
0.000000000000000000e+00,-1.380745788523479956e+00
0.000000000000000000e+00,-1.160806343127055662e+00
0.000000000000000000e+00,-2.378508079657449148e+00
0.000000000000000000e+00,-2.273643607360208152e-01
0.000000000000000000e+00,-1.747294151589517730e+00
0.000000000000000000e+00,-1.295068223636292037e+00
0.000000000000000000e+00,-1.158015200010364953e+00
0.000000000000000000e+00,-8.281313415196159822e-01
0.000000000000000000e+00,-2.722018425985943124e-01
0.000000000000000000e+00,-1.570774344045900772e+00
0.000000000000000000e+00,-1.532347784847978733e+00
0.000000000000000000e+00,-5.314013426498143122e-02
0.000000000000000000e+00,-8.672144318423744558e-01
0.000000000000000000e+00,-1.623824792369900960e+00
0.000000000000000000e+00,-2.781900948783279093e-01
0.000000000000000000e+00,-2.604080733791933056e-01
0.000000000000000000e+00,-1.820757807832775521e+00
0.000000000000000000e+00,-1.094819143872104439e+00
0.000000000000000000e+00,-1.984502339718242192e+00
0.000000000000000000e+00,-9.528383403693212461e-01
0.000000000000000000e+00,-4.741669135063404927e-01
0.000000000000000000e+00,-8.377024213256348828e-01
0.000000000000000000e+00,-1.374702158412098307e-01
0.000000000000000000e+00,-2.292053813227825365e-01
0.000000000000000000e+00,-1.290938202473963514e+00
0.000000000000000000e+00,-7.403844634186029783e-01
0.000000000000000000e+00,-1.522692677157053920e+00
0.000000000000000000e+00,-1.704913726072322611e+00
0.000000000000000000e+00,-1.750592499168109661e+00
0.000000000000000000e+00,1.233953652330455758e-01
0.000000000000000000e+00,-8.774038754722250644e-02
0.000000000000000000e+00,-5.955487365973332059e-01
0.000000000000000000e+00,-1.344896759385439733e+00
0.000000000000000000e+00,-1.100928882250497010e+00
0.000000000000000000e+00,-1.413380497967833715e+00
0.000000000000000000e+00,-1.344995973032677927e+00
0.000000000000000000e+00,-7.861275229082638205e-01
0.000000000000000000e+00,-1.050468618788322317e+00
0.000000000000000000e+00,1.196491186145465901e+00
0.000000000000000000e+00,-5.666532680312880155e-01
0.000000000000000000e+00,-1.115900019141908839e+00
0.000000000000000000e+00,-1.371405026112835435e+00
0.000000000000000000e+00,-9.089464253079770906e-01
0.000000000000000000e+00,-7.718716354227069809e-01
0.000000000000000000e+00,-1.489339174962301060e+00
0.000000000000000000e+00,-9.923780159462065598e-01
0.000000000000000000e+00,-1.589194167562995252e+00
0.000000000000000000e+00,-4.635044835807015096e-01
0.000000000000000000e+00,-1.285251134480488666e+00
0.000000000000000000e+00,-1.606123761603205802e+00
0.000000000000000000e+00,-4.778150398106549845e-01
0.000000000000000000e+00,-9.210788370273900183e-01
0.000000000000000000e+00,-1.121909531488907819e+00
0.000000000000000000e+00,-1.103977170942682662e+00
0.000000000000000000e+00,-1.260826354345095046e+00
0.000000000000000000e+00,-1.221118116806320320e+00
0.000000000000000000e+00,-9.412050340385657021e-01
0.000000000000000000e+00,-8.820129572352749525e-01
0.000000000000000000e+00,-1.587718617656366016e+00
0.000000000000000000e+00,-1.452880184370577199e+00
0.000000000000000000e+00,-1.668740734004525050e+00
0.000000000000000000e+00,-7.055194716797007493e-01
0.000000000000000000e+00,-2.510232722577849240e-01
0.000000000000000000e+00,1.430123633436993558e+00
0.000000000000000000e+00,-9.863178843914329752e-01
0.000000000000000000e+00,-2.991783369979048590e-01
0.000000000000000000e+00,-1.295082397014468922e+00
0.000000000000000000e+00,-1.602551057918475408e+00
0.000000000000000000e+00,-1.996093632106544780e+00
0.000000000000000000e+00,-1.359351580357550882e+00
0.000000000000000000e+00,-1.069203293777774677e+00
0.000000000000000000e+00,-4.065821720540231388e-01
0.000000000000000000e+00,-1.197335188225508551e+00
0.000000000000000000e+00,-1.063438272204326962e+00
0.000000000000000000e+00,-2.152772734970834545e+00
0.000000000000000000e+00,-8.825485084535300562e-01
0.000000000000000000e+00,-5.206773601858640799e-01
0.000000000000000000e+00,-7.483412966886903162e-01
0.000000000000000000e+00,-1.499770781300487910e+00
0.000000000000000000e+00,-1.652551698974056738e+00
0.000000000000000000e+00,-1.054692285485033798e+00
0.000000000000000000e+00,-2.058091834893684968e-01
0.000000000000000000e+00,-1.096304817620288530e+00
0.000000000000000000e+00,-4.062647896212764898e-01
0.000000000000000000e+00,-1.631707721596637350e+00
0.000000000000000000e+00,-2.734420131890716865e-01
0.000000000000000000e+00,-1.632368808450173514e+00
0.000000000000000000e+00,-1.396065691756458671e+00
0.000000000000000000e+00,-1.597772098512476591e+00
0.000000000000000000e+00,-1.213540724699368745e-01
0.000000000000000000e+00,-1.013629984138288975e+00
0.000000000000000000e+00,-1.068528539738139438e+00
0.000000000000000000e+00,-1.761884125846386873e+00
0.000000000000000000e+00,-7.755263422240321614e-01
0.000000000000000000e+00,-1.052833041983473272e+00
0.000000000000000000e+00,-1.273368275455404319e+00
0.000000000000000000e+00,-6.710928422801265558e-01
0.000000000000000000e+00,-1.076533967447690365e+00
0.000000000000000000e+00,-3.291788228696692076e-01
0.000000000000000000e+00,-1.048871379887860444e-01
0.000000000000000000e+00,-1.804260501826959961e+00
0.000000000000000000e+00,-1.050175027383229764e+00
0.000000000000000000e+00,-7.939279428263276150e-01
0.000000000000000000e+00,-7.555231498877486018e-01
0.000000000000000000e+00,-8.391992312995293357e-01
0.000000000000000000e+00,-2.903630019639605875e-01
0.000000000000000000e+00,-1.714142620033785258e+00
0.000000000000000000e+00,-1.166802188287955566e+00
0.000000000000000000e+00,-9.180143501887165769e-01
0.000000000000000000e+00,-1.606991374824462193e+00
0.000000000000000000e+00,-7.005253806406600559e-01
0.000000000000000000e+00,-9.050583639588110074e-01
0.000000000000000000e+00,-1.470555905533384999e+00
0.000000000000000000e+00,-1.562295626743657406e+00
0.000000000000000000e+00,-1.199539148532014154e+00
0.000000000000000000e+00,-5.420513206686833341e-01
0.000000000000000000e+00,-1.560708208387846518e+00
0.000000000000000000e+00,-3.334181815207908905e-01
0.000000000000000000e+00,-1.321583070860698372e+00
0.000000000000000000e+00,1.471798123900906752e-01
0.000000000000000000e+00,-1.057373078728776061e+00
0.000000000000000000e+00,-1.616887429944393828e+00
0.000000000000000000e+00,-7.611165723468404920e-01
0.000000000000000000e+00,-1.628562750217602328e+00
0.000000000000000000e+00,-8.026187546091464453e-01
0.000000000000000000e+00,-9.815713212784099584e-01
0.000000000000000000e+00,2.287891115484350368e-01
0.000000000000000000e+00,-1.410536204682979688e+00
0.000000000000000000e+00,-1.264426898594101401e+00
0.000000000000000000e+00,-1.236450168649164905e+00
0.000000000000000000e+00,-4.981472569974732534e-01
0.000000000000000000e+00,-1.491855961972853528e+00
0.000000000000000000e+00,-1.047762009748615109e+00
0.000000000000000000e+00,-8.308799645017760360e-01
0.000000000000000000e+00,-8.278493925323114899e-01
0.000000000000000000e+00,-5.946340475128464309e-01
0.000000000000000000e+00,-1.391348487783944821e+00
0.000000000000000000e+00,-6.288339028615904658e-01
0.000000000000000000e+00,-5.265815845806919304e-01
0.000000000000000000e+00,-1.574970676370414102e+00
0.000000000000000000e+00,-7.935538668808734819e-01
0.000000000000000000e+00,-1.553746042550529838e+00
0.000000000000000000e+00,-1.521130568405130168e+00
0.000000000000000000e+00,-1.134699486717312578e+00
0.000000000000000000e+00,-1.702722420567760686e+00
0.000000000000000000e+00,-1.174728143841300421e+00
0.000000000000000000e+00,-1.123687784258028843e+00
0.000000000000000000e+00,-5.834730183906278178e-01
0.000000000000000000e+00,-1.192079395882273296e+00
0.000000000000000000e+00,-1.202997958999251660e+00
0.000000000000000000e+00,-1.551654456885283917e+00
0.000000000000000000e+00,-3.326771163189709002e-01
0.000000000000000000e+00,-1.537143448592543038e+00
0.000000000000000000e+00,-9.326782284889365560e-01
0.000000000000000000e+00,-1.279443592772510296e+00
0.000000000000000000e+00,-1.651929082718429420e+00
0.000000000000000000e+00,-5.580520522462302235e-01
0.000000000000000000e+00,-9.985393859165292429e-01
0.000000000000000000e+00,-6.970883364327655762e-01
0.000000000000000000e+00,-6.843596304457679746e-01
0.000000000000000000e+00,-1.463317865013696872e+00
0.000000000000000000e+00,-5.880915149079810611e-01
0.000000000000000000e+00,-9.811729481132239750e-01
0.000000000000000000e+00,-1.469789024535600008e+00
0.000000000000000000e+00,-1.145225244781960194e+00
0.000000000000000000e+00,-3.774822018885686803e-01
0.000000000000000000e+00,-7.054582224382935918e-01
0.000000000000000000e+00,-1.992350341691614179e+00
0.000000000000000000e+00,-1.598730320115649528e+00
0.000000000000000000e+00,-1.235910061702210072e+00
0.000000000000000000e+00,-1.546264523641445843e+00
0.000000000000000000e+00,-1.610503335459863017e+00
0.000000000000000000e+00,-1.402501417832919595e+00
0.000000000000000000e+00,-2.014992313329186935e+00
0.000000000000000000e+00,-7.091083735109190433e-01
0.000000000000000000e+00,4.390319415035593975e-01
0.000000000000000000e+00,-1.077779706151023031e+00
0.000000000000000000e+00,2.138913725082964012e-01
0.000000000000000000e+00,-1.006876875629081347e+00
0.000000000000000000e+00,-1.539839933790695392e+00
0.000000000000000000e+00,-7.390911426599622303e-01
0.000000000000000000e+00,-3.119875275252640412e-01
0.000000000000000000e+00,-1.340481245891262496e+00
0.000000000000000000e+00,-6.452871701566421647e-01
0.000000000000000000e+00,-8.556109908442058876e-01
0.000000000000000000e+00,-1.295045951184871313e+00
0.000000000000000000e+00,-1.384248637701481321e+00
0.000000000000000000e+00,-7.136681517472538427e-01
0.000000000000000000e+00,-6.546540516601556670e-02
0.000000000000000000e+00,-7.429508572527745436e-01
0.000000000000000000e+00,-2.006571605220710541e-01
0.000000000000000000e+00,-6.177219743709132516e-01
0.000000000000000000e+00,-5.129842529882824298e-01
0.000000000000000000e+00,-8.049558434320991385e-01
0.000000000000000000e+00,-5.435516739871221192e-01
0.000000000000000000e+00,-5.103140897781729413e-01
0.000000000000000000e+00,5.149584251002246871e-02
0.000000000000000000e+00,-7.870958683529917232e-01
0.000000000000000000e+00,-1.557764494377153822e-02
0.000000000000000000e+00,-8.604365199213572790e-01
0.000000000000000000e+00,-1.177919684891488128e+00
0.000000000000000000e+00,-1.515403511237513490e+00
0.000000000000000000e+00,-7.968704373742644398e-01
0.000000000000000000e+00,-1.728752841973764331e+00
0.000000000000000000e+00,-1.344182522363740473e+00
0.000000000000000000e+00,-1.919197790680996218e-01
0.000000000000000000e+00,-1.463381645215492854e+00
0.000000000000000000e+00,-1.261177145454972948e+00
0.000000000000000000e+00,-5.847820311036785457e-01
0.000000000000000000e+00,-7.591414108594760624e-01
0.000000000000000000e+00,-7.891413905391627681e-01
0.000000000000000000e+00,-1.168348098893391418e+00
0.000000000000000000e+00,-1.787742948138034471e+00
0.000000000000000000e+00,-1.292009811102551531e+00
0.000000000000000000e+00,-3.819771875389519900e-01
0.000000000000000000e+00,-8.970114284988849329e-01
0.000000000000000000e+00,-1.306857437126993204e+00
0.000000000000000000e+00,-1.069445759783014926e+00
0.000000000000000000e+00,-3.728647177553708891e-01
0.000000000000000000e+00,-7.980432844184015551e-01
0.000000000000000000e+00,-1.194007481506407231e+00
0.000000000000000000e+00,-7.167204899760614145e-01
0.000000000000000000e+00,-7.403753519612035205e-01
0.000000000000000000e+00,-1.304776987687457757e+00
0.000000000000000000e+00,-1.026610773780004093e+00
0.000000000000000000e+00,-6.057768537202662396e-01
0.000000000000000000e+00,-1.070700103751669241e+00
0.000000000000000000e+00,-1.496299822223384535e+00
0.000000000000000000e+00,-1.192037888131898038e+00
0.000000000000000000e+00,-1.877628487767523779e+00
0.000000000000000000e+00,-1.557692315988636667e+00
0.000000000000000000e+00,-1.409141139316712144e+00
0.000000000000000000e+00,-7.358823910791312262e-01
0.000000000000000000e+00,3.142583281947654295e-02
0.000000000000000000e+00,-1.289379637066583983e+00
0.000000000000000000e+00,-2.015937880130416193e+00
0.000000000000000000e+00,-9.586605616475543101e-01
0.000000000000000000e+00,-7.296850814712885214e-01
0.000000000000000000e+00,-1.068551318381637971e+00
0.000000000000000000e+00,-6.829098963351039053e-01
0.000000000000000000e+00,-5.723595713237172866e-01
0.000000000000000000e+00,-1.229639354243094340e+00
0.000000000000000000e+00,-1.189416319361252139e+00
0.000000000000000000e+00,-9.697603415283656547e-01
0.000000000000000000e+00,-7.392460374357524566e-01
0.000000000000000000e+00,-1.992615586340352962e+00
0.000000000000000000e+00,-1.070777044947486489e+00
0.000000000000000000e+00,-6.383452520024354149e-01
0.000000000000000000e+00,-1.122726525502389494e+00
0.000000000000000000e+00,4.402569263317043791e-01
0.000000000000000000e+00,-1.272192897450878490e+00
0.000000000000000000e+00,-7.734676590438396282e-01
0.000000000000000000e+00,-3.408419945330117828e-01
0.000000000000000000e+00,-1.826321871151358023e+00
1.000000000000000000e+00,1.177526699952716749e+00
1.000000000000000000e+00,7.253065430075202047e-02
1.000000000000000000e+00,2.794680499881958546e-01
1.000000000000000000e+00,2.268534330431348500e-01
1.000000000000000000e+00,5.327918752961156024e-01
1.000000000000000000e+00,4.051018865322538742e-01
1.000000000000000000e+00,-1.146804057872449434e+00
1.000000000000000000e+00,6.488252728936454439e-01
1.000000000000000000e+00,1.377918019690751228e+00
1.000000000000000000e+00,7.882553745166670511e-01
1.000000000000000000e+00,-2.879261933016919461e-01
1.000000000000000000e+00,2.909606349213380572e-01
1.000000000000000000e+00,-1.818880644713320172e-01
1.000000000000000000e+00,7.284499958103220207e-02
1.000000000000000000e+00,1.251516289764752710e+00
1.000000000000000000e+00,5.926784476300737126e-01
1.000000000000000000e+00,-2.061746541695010093e-01
1.000000000000000000e+00,-7.477773987140813317e-01
1.000000000000000000e+00,3.262609518471016878e-01
1.000000000000000000e+00,6.990324403169471124e-01
1.000000000000000000e+00,-6.733337546083075775e-01
1.000000000000000000e+00,-8.178095788622999907e-01
1.000000000000000000e+00,-7.768318115925386680e-01
1.000000000000000000e+00,5.841491111200558528e-01
1.000000000000000000e+00,5.051340463601591280e-01
1.000000000000000000e+00,-3.662561772852248460e-02
1.000000000000000000e+00,1.213487091347861035e+00
1.000000000000000000e+00,4.292836944703294910e-01
1.000000000000000000e+00,-1.003146746208172235e+00
1.000000000000000000e+00,3.058828782598089178e-03
1.000000000000000000e+00,4.881806612922944821e-01
1.000000000000000000e+00,4.487650027744569670e-01
1.000000000000000000e+00,-3.248716344801296230e-01
1.000000000000000000e+00,-5.750945271197781539e-01
1.000000000000000000e+00,6.819231480891367880e-01
1.000000000000000000e+00,1.088412597049712272e+00
1.000000000000000000e+00,1.075895985543290134e+00
1.000000000000000000e+00,2.107221039095295012e-01
1.000000000000000000e+00,1.200363049348143862e+00
1.000000000000000000e+00,5.101342117041327562e-01
1.000000000000000000e+00,1.794065613494717715e+00
1.000000000000000000e+00,1.231100044693028472e+00
1.000000000000000000e+00,-6.829179954083477444e-01
1.000000000000000000e+00,1.455333011292893275e+00
1.000000000000000000e+00,3.569946366539635374e+00
1.000000000000000000e+00,-4.855947058535312055e-01
1.000000000000000000e+00,-1.561719883456086644e-01
1.000000000000000000e+00,-4.622177433190715057e-01
1.000000000000000000e+00,8.740083620234391226e-01
1.000000000000000000e+00,1.052027004309261438e+00
1.000000000000000000e+00,7.447076700681900530e-01
1.000000000000000000e+00,6.998737315501607492e-01
1.000000000000000000e+00,6.750166633803721394e-01
1.000000000000000000e+00,-2.232738225557564515e-01
1.000000000000000000e+00,-4.711492996357236063e-02
1.000000000000000000e+00,-3.714645904683258060e-01
1.000000000000000000e+00,1.722333134157350898e+00
1.000000000000000000e+00,1.541525373523148668e+00
1.000000000000000000e+00,-2.860532826140322338e-01
1.000000000000000000e+00,-7.410002962820459727e-02
1.000000000000000000e+00,5.438835561036829969e-01
1.000000000000000000e+00,3.070185662036702401e-01
1.000000000000000000e+00,1.477586227414757092e+00
1.000000000000000000e+00,5.301647384126144669e-01
1.000000000000000000e+00,3.791808026150434441e-01
1.000000000000000000e+00,1.647379248437209176e+00
1.000000000000000000e+00,-3.999424505702305899e-01
1.000000000000000000e+00,1.047055691913719278e+00
1.000000000000000000e+00,4.028655299327726369e-01
1.000000000000000000e+00,1.481749860149390585e-01
1.000000000000000000e+00,8.345441090661379624e-01
1.000000000000000000e+00,9.784033913694359930e-01
1.000000000000000000e+00,-1.205065247444765619e+00
1.000000000000000000e+00,7.874161080517644296e-01
1.000000000000000000e+00,-1.011175255858125649e-01
1.000000000000000000e+00,1.249165533755700830e+00
1.000000000000000000e+00,-6.789038922318230140e-01
1.000000000000000000e+00,5.135828983298154071e-01
1.000000000000000000e+00,8.213382710284263671e-03
1.000000000000000000e+00,6.460014301870750653e-02
1.000000000000000000e+00,8.169534281723913605e-01
1.000000000000000000e+00,6.802415780068650220e-01
1.000000000000000000e+00,-3.183473247900631686e-01
1.000000000000000000e+00,1.415157558466359156e+00
1.000000000000000000e+00,6.602459785517477142e-01
1.000000000000000000e+00,8.228414544207313108e-01
1.000000000000000000e+00,7.990397967330428175e-01
1.000000000000000000e+00,4.774640688143366729e-01
1.000000000000000000e+00,1.681372071226155063e+00
1.000000000000000000e+00,-6.123212081982688099e-02
1.000000000000000000e+00,4.583127977448995249e-01
1.000000000000000000e+00,-1.436653184934277849e+00
1.000000000000000000e+00,-2.553021138909707388e-01
1.000000000000000000e+00,-2.401963299068785584e-01
1.000000000000000000e+00,1.340768583104981815e+00
1.000000000000000000e+00,-2.447505400303581491e-01
1.000000000000000000e+00,8.974992177753916556e-01
1.000000000000000000e+00,-6.869389823787871996e-02
1.000000000000000000e+00,1.447453625410701106e+00
1.000000000000000000e+00,-1.036969488458995503e+00
1.000000000000000000e+00,3.797548244312072829e-01
1.000000000000000000e+00,2.138885681623514223e+00
1.000000000000000000e+00,1.366421385220986995e+00
1.000000000000000000e+00,6.817100412244058161e-01
1.000000000000000000e+00,1.591836513217562143e-01
1.000000000000000000e+00,8.266449816929136718e-01
1.000000000000000000e+00,1.521614814337092669e+00
1.000000000000000000e+00,6.478457912232071791e-01
1.000000000000000000e+00,1.301734087221686931e+00
1.000000000000000000e+00,8.838256540744161838e-02
1.000000000000000000e+00,-3.030661912684704754e-03
1.000000000000000000e+00,1.296227729799967365e+00
1.000000000000000000e+00,3.631972815681399069e-01
1.000000000000000000e+00,1.283500036197125382e+00
1.000000000000000000e+00,1.240954288765681174e-01
1.000000000000000000e+00,-4.873476490187651500e-01
1.000000000000000000e+00,-6.939041853685704031e-02
1.000000000000000000e+00,2.848387479330795058e-01
1.000000000000000000e+00,9.544326655277803884e-01
1.000000000000000000e+00,2.255980766903250834e-01
1.000000000000000000e+00,8.113534252162888372e-01
1.000000000000000000e+00,1.333125082731019262e+00
1.000000000000000000e+00,-4.579971137748264920e-01
1.000000000000000000e+00,4.305137412192519553e-01
1.000000000000000000e+00,1.212101340334166694e-01
1.000000000000000000e+00,5.933435840202317957e-01
1.000000000000000000e+00,8.759870668553476625e-01
1.000000000000000000e+00,1.490331131548242594e+00
1.000000000000000000e+00,-8.267499433394475128e-01
1.000000000000000000e+00,-2.252591078846757355e-01
1.000000000000000000e+00,9.027960116769243593e-01
1.000000000000000000e+00,-5.309404045621616275e-01
1.000000000000000000e+00,-1.004017699878799047e-01
1.000000000000000000e+00,2.610367156214192796e+00
1.000000000000000000e+00,5.051866903362446370e-01
1.000000000000000000e+00,1.241409861635652395e-01
1.000000000000000000e+00,4.710404913477416189e-01
1.000000000000000000e+00,6.977649353542714206e-01
1.000000000000000000e+00,1.102071684075606850e+00
1.000000000000000000e+00,1.305969599231360523e-01
1.000000000000000000e+00,1.201714278898821375e-01
1.000000000000000000e+00,-1.512366358771038310e+00
1.000000000000000000e+00,-8.055840278005818034e-01
1.000000000000000000e+00,7.697322878157125681e-01
1.000000000000000000e+00,9.001622942964125906e-01
1.000000000000000000e+00,1.336107566453097917e+00
1.000000000000000000e+00,1.729217346414694711e+00
1.000000000000000000e+00,-6.365320719799496541e-01
1.000000000000000000e+00,2.438824436257573669e-02
1.000000000000000000e+00,2.644716034928967785e-01
1.000000000000000000e+00,9.353755461848038966e-01
1.000000000000000000e+00,7.521436316902768704e-01
1.000000000000000000e+00,4.123323341707758605e-01
1.000000000000000000e+00,7.876292149164954015e-01
1.000000000000000000e+00,1.420208343018107389e+00
1.000000000000000000e+00,2.831698326527514187e-01
1.000000000000000000e+00,-1.521867381175154577e-01
1.000000000000000000e+00,1.626714463055311866e+00
1.000000000000000000e+00,-2.126589746854255780e-01
1.000000000000000000e+00,7.443092969030040695e-01
1.000000000000000000e+00,-2.973381259001248861e-02
1.000000000000000000e+00,1.667545940814604499e+00
1.000000000000000000e+00,9.668141237494443097e-01
1.000000000000000000e+00,-2.442595337149446322e-01
1.000000000000000000e+00,-4.922359459135570159e-01
1.000000000000000000e+00,5.326374867124030743e-01
1.000000000000000000e+00,1.397536713126548182e-02
1.000000000000000000e+00,1.904987180194265828e-01
1.000000000000000000e+00,7.712812355736148318e-01
1.000000000000000000e+00,1.276455867243213804e+00
1.000000000000000000e+00,8.184816220551061061e-01
1.000000000000000000e+00,3.314620045372153267e+00
1.000000000000000000e+00,6.058424788039328268e-01
1.000000000000000000e+00,6.943516821740310929e-01
1.000000000000000000e+00,1.140957359488044442e+00
1.000000000000000000e+00,-5.601922323509398449e-01
1.000000000000000000e+00,-4.713467145460444735e-02
1.000000000000000000e+00,-7.518077000370939622e-01
1.000000000000000000e+00,1.127565541879199662e+00
1.000000000000000000e+00,5.024051648690310845e-01
1.000000000000000000e+00,4.963761139261738120e-02
1.000000000000000000e+00,2.244952870480906165e-02
1.000000000000000000e+00,1.474749527011069317e+00
1.000000000000000000e+00,6.174747727505328632e-01
1.000000000000000000e+00,7.197513882511632488e-01
1.000000000000000000e+00,7.197513882511632488e-01
1.000000000000000000e+00,-1.215457121888021460e-03
1.000000000000000000e+00,-7.459080313709658405e-01
1.000000000000000000e+00,6.760680243258503364e-01
1.000000000000000000e+00,1.430928175543705327e-01
1.000000000000000000e+00,1.078530209115879712e+00
1.000000000000000000e+00,-2.148381315801215496e-01
1.000000000000000000e+00,1.514333747490796078e+00
1.000000000000000000e+00,3.258855602205879692e-02
1.000000000000000000e+00,7.503825894517989203e-01
1.000000000000000000e+00,1.046996670335796770e-01
1.000000000000000000e+00,1.808466474809683755e-01
1.000000000000000000e+00,1.368711398180709304e+00
1.000000000000000000e+00,3.927872456648524024e-01
1.000000000000000000e+00,-5.019700195686100930e-01
1.000000000000000000e+00,5.250096782928506123e-01
1.000000000000000000e+00,1.150930355803793548e+00
1.000000000000000000e+00,1.456996358460366237e+00
1.000000000000000000e+00,-1.023595387572872051e+00
1.000000000000000000e+00,7.218303191144654907e-01
1.000000000000000000e+00,-7.126737876113871384e-02
1.000000000000000000e+00,-3.640164802363731189e-01
1.000000000000000000e+00,6.180984013903157992e-01
1.000000000000000000e+00,9.537391823812685354e-01
1.000000000000000000e+00,-7.010771300054030597e-01
1.000000000000000000e+00,-1.472878111890909281e-01
1.000000000000000000e+00,5.430007571200942129e-01
1.000000000000000000e+00,6.452227038763280742e-01
1.000000000000000000e+00,-1.665408268661550395e-01
1.000000000000000000e+00,1.561009415682838575e-01
1.000000000000000000e+00,-9.734064430643691868e-01
1.000000000000000000e+00,-8.161343863818651401e-02
1.000000000000000000e+00,4.712632158619498024e-01
1.000000000000000000e+00,8.238852224850432560e-01
1.000000000000000000e+00,-1.242909989050184072e-01
1.000000000000000000e+00,1.577746453838331897e+00
1.000000000000000000e+00,-7.960638704992414882e-02
1.000000000000000000e+00,8.209059788106047584e-02
1.000000000000000000e+00,7.386713295410705094e-01
1.000000000000000000e+00,7.697322878157125681e-01
1.000000000000000000e+00,7.551215596836557964e-01
1.000000000000000000e+00,1.596723295719547353e-02
1.000000000000000000e+00,-3.414122701094576134e-02
1.000000000000000000e+00,-2.458368282292007767e-01
1.000000000000000000e+00,1.350332576221912273e+00
1.000000000000000000e+00,1.165065263382769167e+00
1.000000000000000000e+00,2.562257345464165614e-01
1.000000000000000000e+00,-2.879261933016919461e-01
1.000000000000000000e+00,6.946407178504239166e-01
1.000000000000000000e+00,-9.155656962134860188e-02
1.000000000000000000e+00,-3.321284041066944193e-01
1.000000000000000000e+00,-6.513483140955712569e-01
1.000000000000000000e+00,4.808859272598987600e-01
1.000000000000000000e+00,7.432817269851799136e-01
1.000000000000000000e+00,-1.002580114378000681e-01
1.000000000000000000e+00,1.533099300196991033e+00
1.000000000000000000e+00,2.855995546259315621e-01
1.000000000000000000e+00,9.710580381292657215e-01
1.000000000000000000e+00,-1.610233332187250566e-01
1.000000000000000000e+00,3.073943636205314286e-02
1.000000000000000000e+00,7.532081536297764446e-01
1.000000000000000000e+00,-2.557595086340792509e-02
1.000000000000000000e+00,6.712399642883102313e-01
1.000000000000000000e+00,1.152601802044510348e+00
1.000000000000000000e+00,-2.258736250670592138e-01
1.000000000000000000e+00,1.457536971599398656e+00
1.000000000000000000e+00,-3.602554730987213016e-01
1.000000000000000000e+00,-3.492063124256845064e-01
1.000000000000000000e+00,2.109498903445151397e-01
1.000000000000000000e+00,4.880614070405468914e-03
1.000000000000000000e+00,-1.100305759802791883e+00
1.000000000000000000e+00,1.508154154605674480e+00
1.000000000000000000e+00,2.618641371917026728e+00
1.000000000000000000e+00,1.231907927249110912e+00
1.000000000000000000e+00,-6.625230104038890566e-01
1.000000000000000000e+00,2.254102794294813583e-01
1.000000000000000000e+00,5.118041393686163509e-01
1.000000000000000000e+00,1.043083602679647504e+00
1.000000000000000000e+00,-3.680781654682059867e-01
1.000000000000000000e+00,5.989602913148999175e-01
1.000000000000000000e+00,6.428461320713112492e-01
1.000000000000000000e+00,3.385062443998519410e-01
1.000000000000000000e+00,4.784607610154182900e-01
1.000000000000000000e+00,6.241661258262555245e-01
1.000000000000000000e+00,6.883857023457182756e-01
1.000000000000000000e+00,1.772304112775519025e-01
1.000000000000000000e+00,1.167900648105397454e-01
1.000000000000000000e+00,8.774459124234113006e-01
1.000000000000000000e+00,2.197748430279366227e-01
1.000000000000000000e+00,-2.974071709178720546e-01
1.000000000000000000e+00,-1.917299570389449370e-01
1.000000000000000000e+00,1.180617508779433056e+00
1.000000000000000000e+00,-9.847618499444421580e-01
1.000000000000000000e+00,1.898963797765994110e+00
1.000000000000000000e+00,1.310001216235432420e+00
1.000000000000000000e+00,8.970001123867341608e-01
1.000000000000000000e+00,-5.941840427557303350e-01
1.000000000000000000e+00,2.572193895950317111e-01
1.000000000000000000e+00,3.698916717963290357e-01
1.000000000000000000e+00,1.043779616786548070e+00
1.000000000000000000e+00,-1.437768629378455842e-01
1.000000000000000000e+00,6.250474062336109915e-01
1.000000000000000000e+00,1.554607401580412773e+00
1.000000000000000000e+00,9.492522958041291758e-01
1.000000000000000000e+00,2.956248202937944214e+00
1.000000000000000000e+00,1.652034190784160028e+00
1.000000000000000000e+00,7.024603730674421342e-01
1.000000000000000000e+00,-6.186685535562980176e-01
1.000000000000000000e+00,7.005100149918872532e-01
1.000000000000000000e+00,6.754378151890567672e-01
1.000000000000000000e+00,-3.458208998097201392e-01
1.000000000000000000e+00,5.541369828305033884e-01
1.000000000000000000e+00,6.152060198580758810e-01
1.000000000000000000e+00,2.043812685581285038e+00
1.000000000000000000e+00,1.042018068355992533e+00
1.000000000000000000e+00,-7.338495236949038603e-01
1.000000000000000000e+00,-1.233727664759873971e-01
1.000000000000000000e+00,-1.429463738854053201e+00
1.000000000000000000e+00,1.135930872156027949e+00
1.000000000000000000e+00,-6.395391562186640566e-02
1.000000000000000000e+00,6.657730898486547977e-01
1.000000000000000000e+00,5.374316318807341730e-01
1.000000000000000000e+00,6.217470338867079338e-01
1.000000000000000000e+00,1.930484075150325218e-01
1.000000000000000000e+00,-1.477904599222925885e-01
1.000000000000000000e+00,1.030063836247945952e+00
1.000000000000000000e+00,2.090481267084239314e-01
1.000000000000000000e+00,5.101762256465857126e-01
1.000000000000000000e+00,9.936721692025622943e-01
1.000000000000000000e+00,8.372876701275205891e-01
1.000000000000000000e+00,9.830841495123520124e-01
1.000000000000000000e+00,-9.215590104139971539e-02
1.000000000000000000e+00,6.706512629018918092e-01
1.000000000000000000e+00,-1.188688921345531391e+00
1.000000000000000000e+00,-6.463370125258871557e-01
1.000000000000000000e+00,3.200879394589907778e-01
1.000000000000000000e+00,1.907680122047873961e-01
1.000000000000000000e+00,1.485673152048825107e+00
1.000000000000000000e+00,4.296195027130487315e-02
1.000000000000000000e+00,-4.225586064118382335e-01
1.000000000000000000e+00,5.636771849197796946e-01
1.000000000000000000e+00,1.233018512667685362e+00
1.000000000000000000e+00,2.176883192834681569e-01
1.000000000000000000e+00,-3.517408161589580806e-01
1.000000000000000000e+00,-6.610013970181849441e-01
1.000000000000000000e+00,7.669608861900538699e-01
1.000000000000000000e+00,8.771027141946996508e-01
1.000000000000000000e+00,1.104004022131536561e-01
1.000000000000000000e+00,8.674199688346725945e-02
1.000000000000000000e+00,2.176883192834681569e-01
1.000000000000000000e+00,3.866395428806287948e-01
1.000000000000000000e+00,-1.063728117369701631e-01
1.000000000000000000e+00,1.578897534623126209e+00
1.000000000000000000e+00,4.617366809587725718e-01
1.000000000000000000e+00,9.403205365923033021e-01
1.000000000000000000e+00,-2.575394828746074838e-01
1.000000000000000000e+00,9.845045244825069153e-01
1.000000000000000000e+00,-1.129544426597548723e+00
1.000000000000000000e+00,1.241409861635652395e-01
1.000000000000000000e+00,2.777171315912729255e-01
1.000000000000000000e+00,1.293532459881144570e-01
1.000000000000000000e+00,-7.707873719921752853e-01
1.000000000000000000e+00,-9.016491603151925993e-01
1.000000000000000000e+00,-2.913323597928438868e-01
1.000000000000000000e+00,5.954908508140297485e-01
1.000000000000000000e+00,-1.466014350211849226e+00
1.000000000000000000e+00,5.757372111720749919e-01
1.000000000000000000e+00,5.566233983163910715e-01
1.000000000000000000e+00,-6.726650748736052732e-01
1.000000000000000000e+00,-3.407589790322614332e-01
1.000000000000000000e+00,5.880923474056961586e-01
1.000000000000000000e+00,-2.942621995388369771e-01
1.000000000000000000e+00,5.636174542546057431e-01
1.000000000000000000e+00,6.393196947608295599e-02
1.000000000000000000e+00,1.345454909360753071e+00
1.000000000000000000e+00,3.383837459170374595e-01
1.000000000000000000e+00,1.517490361287619383e+00
1.000000000000000000e+00,2.296850715260452258e-01
1.000000000000000000e+00,1.635632555081038442e+00
1.000000000000000000e+00,8.003513404064823700e-01
1.000000000000000000e+00,-8.362795153950911553e-01
1.000000000000000000e+00,3.301277531290023326e-01
1.000000000000000000e+00,2.184676829360560735e+00
1.000000000000000000e+00,2.107221039095295012e-01
1.000000000000000000e+00,2.454367566013411495e-01
1.000000000000000000e+00,1.905847706726433721e-01
1.000000000000000000e+00,-5.206773601858640799e-01
1.000000000000000000e+00,-4.197988472039677621e-01
1.000000000000000000e+00,7.301829945893500984e-01
1.000000000000000000e+00,-1.767309795832570918e-01
1.000000000000000000e+00,1.008197047576575994e-01
1.000000000000000000e+00,-1.612931335961636237e-01
1.000000000000000000e+00,1.380727385722240630e+00
1.000000000000000000e+00,1.562803663703274060e+00
1.000000000000000000e+00,-6.266339920917070039e-01
1.000000000000000000e+00,1.724538106848011898e+00
1.000000000000000000e+00,1.000614290251942984e-01
1.000000000000000000e+00,9.546017336817474996e-01
1.000000000000000000e+00,8.389677216335591492e-01
1.000000000000000000e+00,1.333125082731019262e+00
1.000000000000000000e+00,-5.770610833418208241e-01
1.000000000000000000e+00,1.396287730192148580e+00
1.000000000000000000e+00,-1.275053185987046755e-01
1.000000000000000000e+00,9.334611277467690371e-01
1.000000000000000000e+00,-2.465004460431255984e-01
1.000000000000000000e+00,6.000222822940107781e-01
1.000000000000000000e+00,1.081470379782028049e-02
1.000000000000000000e+00,1.403792533936808917e+00
1.000000000000000000e+00,2.835274071548137334e-02
1.000000000000000000e+00,-1.020659473521945859e+00
1.000000000000000000e+00,2.118549617795247586e-01
1.000000000000000000e+00,3.484858212126117349e-01
1.000000000000000000e+00,3.856585426339573242e-01
1.000000000000000000e+00,8.270079214126575540e-01
1.000000000000000000e+00,-3.640164802363731189e-01
1.000000000000000000e+00,6.632390923074590328e-01
1.000000000000000000e+00,6.230342803404157470e-01
1.000000000000000000e+00,6.060216707994547924e-01
1.000000000000000000e+00,-9.839478930834268944e-01
1.000000000000000000e+00,4.057523433521573186e-01
1.000000000000000000e+00,-6.638971189997952549e-02
1.000000000000000000e+00,-8.033228677892909619e-01
1.000000000000000000e+00,1.626166459930286912e-01
1.000000000000000000e+00,4.211800654976958769e-01
1.000000000000000000e+00,5.541369828305033884e-01
1.000000000000000000e+00,7.453095324486298523e-01
1.000000000000000000e+00,-3.704861211820430489e-01
1.000000000000000000e+00,9.272455952241275279e-01
1.000000000000000000e+00,-1.884791915156609488e-01
1.000000000000000000e+00,3.162377716069305844e+00
1.000000000000000000e+00,6.511173106216787687e-01
1.000000000000000000e+00,2.022813510131171721e-01
1.000000000000000000e+00,9.215676386880521376e-01
1.000000000000000000e+00,5.582482748859552979e-01
1.000000000000000000e+00,1.542421333500758829e+00
1.000000000000000000e+00,9.702678722959043878e-01
1.000000000000000000e+00,-8.254065095651099693e-01
1.000000000000000000e+00,2.033742197089704884e-01
1.000000000000000000e+00,-1.282331924768128184e+00
1.000000000000000000e+00,-6.858852933680941177e-01
1.000000000000000000e+00,2.343379891046852570e-01
1.000000000000000000e+00,7.386713295410705094e-01
1.000000000000000000e+00,1.965644176870553206e-01
1.000000000000000000e+00,9.162121265055008790e-01
1.000000000000000000e+00,1.836868203204752970e+00
1.000000000000000000e+00,6.311713179901805582e-01
1.000000000000000000e+00,2.956778692235421779e+00
1.000000000000000000e+00,-6.372916633934724850e-02
1.000000000000000000e+00,1.162356629574750944e+00
1.000000000000000000e+00,2.573091171608986816e+00
1.000000000000000000e+00,7.833230389111113245e-01
1.000000000000000000e+00,1.640959720507235930e+00
1.000000000000000000e+00,2.434747561079981526e-01
1.000000000000000000e+00,-1.257463011285377685e-01
1.000000000000000000e+00,3.575844516629530290e+00
1.000000000000000000e+00,-6.194956714113347696e-01
1.000000000000000000e+00,1.651876258855903501e+00
1.000000000000000000e+00,8.163804187403830293e-01
1.000000000000000000e+00,-6.684130614205399112e-01
1.000000000000000000e+00,-1.028338200262750302e-02
1.000000000000000000e+00,1.515933011159568966e-01
1.000000000000000000e+00,-1.151344904106733902e-01
1.000000000000000000e+00,-1.472878111890909281e-01
1.000000000000000000e+00,-5.642937038617407836e-02
1.000000000000000000e+00,-7.694044552357736100e-01
1.000000000000000000e+00,6.474722214698307443e-01
1.000000000000000000e+00,1.651876258855903501e+00
1.000000000000000000e+00,3.893917092073331254e-01
1.000000000000000000e+00,4.734251622260023940e-01
1.000000000000000000e+00,-2.117928800404024203e-01
1.000000000000000000e+00,1.088399436055690783e+00
1.000000000000000000e+00,6.386174034538222299e-01
1.000000000000000000e+00,1.304290357214303642e+00
1.000000000000000000e+00,-1.871580301927442402e-01
1.000000000000000000e+00,-1.442238305424951850e-01
1.000000000000000000e+00,-8.976745401207321118e-01
1.000000000000000000e+00,1.271696649328247108e+00
1.000000000000000000e+00,9.146135719239794071e-01
1.000000000000000000e+00,5.064025637069902164e-01
1.000000000000000000e+00,5.221274206021656594e-01
1.000000000000000000e+00,7.990397967330428175e-01
1.000000000000000000e+00,1.046708140851481672e-01
1.000000000000000000e+00,-2.648645884316679355e-01
1.000000000000000000e+00,2.892856453360769797e-01
1.000000000000000000e+00,-3.353842315507558069e-01
1.000000000000000000e+00,2.083855212786545896e-01
1.000000000000000000e+00,7.409478782098674610e-02
1.000000000000000000e+00,-1.280808589911017203e-01
1.000000000000000000e+00,3.899900282432287035e-01
1.000000000000000000e+00,6.669925065639445982e-01
1.000000000000000000e+00,4.314977786183898933e-01
1.000000000000000000e+00,-1.298449383820460545e-01
1.000000000000000000e+00,7.898670900922099003e-01
1.000000000000000000e+00,8.658409528490095264e-01
1.000000000000000000e+00,8.527447514135684248e-01
1.000000000000000000e+00,1.308037190973778463e+00
1.000000000000000000e+00,2.647743063553887888e-01
1.000000000000000000e+00,2.661875946364552492e-01
1.000000000000000000e+00,-8.260665840344906252e-01
1.000000000000000000e+00,-7.103819527785275589e-01
1.000000000000000000e+00,1.528901955488322306e+00
1.000000000000000000e+00,1.257701450762729323e+00
1.000000000000000000e+00,6.595044071578499700e-01
1.000000000000000000e+00,-8.618941502100915808e-02
1.000000000000000000e+00,1.284108985266653624e+00
1.000000000000000000e+00,5.024821060648484439e-01
1.000000000000000000e+00,1.273463765871658104e+00
1.000000000000000000e+00,6.239418827358140796e-01
1.000000000000000000e+00,5.859273638891770997e-01
1.000000000000000000e+00,6.577281791570397385e-01
1.000000000000000000e+00,8.535323862865410449e-01
1.000000000000000000e+00,1.948550070405075385e-01
1.000000000000000000e+00,-9.442831880633383301e-01
1.000000000000000000e+00,1.283500036197125382e+00
1.000000000000000000e+00,-2.122231433064863948e-01
1.000000000000000000e+00,-1.120554961488859691e+00
1.000000000000000000e+00,1.428162645327806013e+00
1.000000000000000000e+00,1.777531355467226737e+00
1.000000000000000000e+00,7.906255687198469884e-02
1.000000000000000000e+00,4.225736122877302714e-01
1.000000000000000000e+00,1.086423971271422567e-01
1.000000000000000000e+00,1.147732234256594985e+00
1.000000000000000000e+00,1.561239530183039292e+00
1.000000000000000000e+00,2.330647438820137030e+00
1.000000000000000000e+00,2.385889901735950558e-01
1.000000000000000000e+00,9.446874556470169493e-01
1.000000000000000000e+00,1.453062233632125277e+00
1.000000000000000000e+00,7.578398111411510651e-01
1.000000000000000000e+00,9.646739436447347993e-01
1.000000000000000000e+00,-1.886667816979042652e-03
1.000000000000000000e+00,3.378441451621603808e-01
1.000000000000000000e+00,-3.211334059859763945e-01
1.000000000000000000e+00,-1.045130620433318419e-01
1.000000000000000000e+00,3.019196224958109465e+00
1.000000000000000000e+00,2.285613251134493984e-01
1.000000000000000000e+00,1.002539135828436789e+00
1.000000000000000000e+00,1.054380291278702142e+00
1.000000000000000000e+00,1.052903222795839699e+00
1.000000000000000000e+00,2.961597337518658835e-01
1.000000000000000000e+00,8.889331321388720120e-02
1.000000000000000000e+00,9.168823248164363893e-01
1.000000000000000000e+00,-3.234593585832186702e-01
1.000000000000000000e+00,3.885924319165723895e-01
1.000000000000000000e+00,3.042370407364566876e-01
1.000000000000000000e+00,4.955366445660974173e-01
1.000000000000000000e+00,-1.512695180726399413e-01
1.000000000000000000e+00,-6.473780425512099673e-03
1.000000000000000000e+00,7.835538624985634026e-01
1.000000000000000000e+00,2.455349578644238362e-01
1.000000000000000000e+00,8.044344886007542827e-02
1.000000000000000000e+00,1.969506422423754344e-01
1.000000000000000000e+00,1.177332322194862391e+00
1.000000000000000000e+00,1.013854047342290121e+00
1.000000000000000000e+00,-6.092473066052919162e-01
1.000000000000000000e+00,7.485673846610022553e-01
1.000000000000000000e+00,7.067437704293276779e-01
1.000000000000000000e+00,1.961604055002889702e+00
1.000000000000000000e+00,1.159351367209173755e+00
1.000000000000000000e+00,1.583821771155437874e+00
1.000000000000000000e+00,4.481039159209208589e-01
1.000000000000000000e+00,-3.855370335265649595e-02
1.000000000000000000e+00,1.010564305029019616e+00
1.000000000000000000e+00,6.005664387775876412e-01
1.000000000000000000e+00,1.191685904751424330e+00
1.000000000000000000e+00,4.534199451214079857e-01
1.000000000000000000e+00,9.128672092557561513e-01
1.000000000000000000e+00,-2.554463786331283570e-01
1.000000000000000000e+00,1.154297039312881301e+00
1.000000000000000000e+00,9.932454492810225410e-01
1.000000000000000000e+00,7.553407408533197032e-01
1.000000000000000000e+00,8.066667956636135173e-02
1.000000000000000000e+00,7.601505779760610038e-01
1.000000000000000000e+00,-6.123212081982688099e-02
1.000000000000000000e+00,9.962734902900983736e-01
1.000000000000000000e+00,1.648029199065034867e+00
1.000000000000000000e+00,-8.408666280036242169e-01
1.000000000000000000e+00,1.792901068418998323e-01
1.000000000000000000e+00,3.758632197374970341e-01
1.000000000000000000e+00,-8.623554940880918673e-01
1.000000000000000000e+00,-3.644085762014524082e-02
1.000000000000000000e+00,2.429538844599976599e-01
1.000000000000000000e+00,1.330408856041835008e+00
1.000000000000000000e+00,1.048255873330054877e+00
1.000000000000000000e+00,6.916673455857447195e-01
1.000000000000000000e+00,1.030844081134926205e-01
1.000000000000000000e+00,3.444757675727089796e-01
1.000000000000000000e+00,1.159463741850433216e+00
1.000000000000000000e+00,1.279936950161872256e+00
1.000000000000000000e+00,1.444182612204307325e+00
1.000000000000000000e+00,1.050814674283060191e+00
1.000000000000000000e+00,-5.813642221947384892e-01
1.000000000000000000e+00,-1.538506623857912592e+00
1.000000000000000000e+00,1.343919122596872073e+00
1.000000000000000000e+00,5.397783383531640222e-01
1.000000000000000000e+00,1.302823412572996054e+00
1.000000000000000000e+00,1.462625214364900117e+00
1.000000000000000000e+00,8.178848215954437340e-01
1.000000000000000000e+00,1.000062337992026151e+00
1.000000000000000000e+00,-5.227628715461770659e-01
1.000000000000000000e+00,1.704545544545361002e+00
1.000000000000000000e+00,6.387054808753500623e-01
1.000000000000000000e+00,4.118782798770377895e-01
1.000000000000000000e+00,1.620346566717268733e+00
1.000000000000000000e+00,-7.671777162857694732e-01
1.000000000000000000e+00,-4.008358795874520930e-01
1.000000000000000000e+00,2.107164648879491509e+00
1.000000000000000000e+00,-6.344971798274112729e-01
1.000000000000000000e+00,4.957730362664047319e-01
1.000000000000000000e+00,3.034193683837564048e+00
1.000000000000000000e+00,1.920831295524615623e+00
1.000000000000000000e+00,5.415702583083844557e-01
1.000000000000000000e+00,-2.822654472962599081e-01
1.000000000000000000e+00,2.394576157790069548e-01
1.000000000000000000e+00,1.721300199021845168e-01
1.000000000000000000e+00,1.516377751100733917e+00
1.000000000000000000e+00,-7.246560631788833140e-01
1.000000000000000000e+00,1.604891206902628042e-01
1.000000000000000000e+00,6.566246804275537308e-01
1.000000000000000000e+00,1.008895895940769227e+00
1.000000000000000000e+00,-1.723058484396027268e-01
1.000000000000000000e+00,1.034187783105341651e+00
1.000000000000000000e+00,5.191945437037061017e-01
1.000000000000000000e+00,1.113950696459242856e-01
1.000000000000000000e+00,-3.164850441360361200e-01
1.000000000000000000e+00,4.781727377231809184e-01
1.000000000000000000e+00,3.840584694762026463e-01
1.000000000000000000e+00,-3.648577714695867558e-01
1.000000000000000000e+00,-6.998468803613068501e-02
1.000000000000000000e+00,-5.413745418607371906e-01
1.000000000000000000e+00,1.145248855923173714e+00
1.000000000000000000e+00,-4.193994616546262710e-01
1.000000000000000000e+00,7.347878239206042661e-01
1.000000000000000000e+00,6.577281791570397385e-01
1.000000000000000000e+00,8.591855394108068866e-01
1.000000000000000000e+00,-8.075910793888441130e-01
1.000000000000000000e+00,5.813675856528423003e-01
1.000000000000000000e+00,1.213733100697645506e+00
1.000000000000000000e+00,6.941294638519006632e-01
1.000000000000000000e+00,-1.273575105120028639e-01
1.000000000000000000e+00,2.818248803021806137e-01
1.000000000000000000e+00,7.568760214251230023e-01
1.000000000000000000e+00,-1.815387919376873493e-01
1.000000000000000000e+00,-7.888810049160276117e-02
1.000000000000000000e+00,-1.056972174603201253e+00
1.000000000000000000e+00,2.650162661685513399e-01
1.000000000000000000e+00,6.664407571992017054e-01
1.000000000000000000e+00,6.632704762162793255e-01
1.000000000000000000e+00,1.899329268446126484e+00
1.000000000000000000e+00,4.683364132684231795e-01
1.000000000000000000e+00,-8.428428018751441542e-01
1.000000000000000000e+00,9.528796682332560941e-01
1.000000000000000000e+00,1.516617686145585564e+00
1.000000000000000000e+00,1.126486340369445394e+00
1.000000000000000000e+00,8.114779484674142784e-01
1.000000000000000000e+00,-2.438181342231502402e-01
1.000000000000000000e+00,1.114847465925834724e+00
1.000000000000000000e+00,4.373194937045451480e-01
1.000000000000000000e+00,5.151966386736691605e-01
1.000000000000000000e+00,1.410639997067651141e-01
1.000000000000000000e+00,3.558666078982242742e-01
1.000000000000000000e+00,-1.258056977487747474e+00
1.000000000000000000e+00,8.512623177130244911e-02
1.000000000000000000e+00,-8.070540095943558034e-01
1.000000000000000000e+00,-2.207671593867588933e-01
1.000000000000000000e+00,7.552096371051835177e-01
1.000000000000000000e+00,-1.476218979604032033e-01
1.000000000000000000e+00,1.243719413191233025e+00
1.000000000000000000e+00,2.795161382355817459e-01
1.000000000000000000e+00,8.813597895685423289e-01
1.000000000000000000e+00,3.672363910516479590e-02
1.000000000000000000e+00,3.565203047657679314e-02
1.000000000000000000e+00,1.115568283444544839e+00
1.000000000000000000e+00,5.291741205164658401e-01
1.000000000000000000e+00,2.181628241554897998e-02
1.000000000000000000e+00,1.004669698283669144e+00
1.000000000000000000e+00,-1.114390554366070596e+00
1.000000000000000000e+00,-1.169971456886722327e+00
1.000000000000000000e+00,9.190508516774996695e-01
1.000000000000000000e+00,4.039508057474597846e-01
1.000000000000000000e+00,4.181289425482175720e-02
1.000000000000000000e+00,-1.693643662758214929e-01
1.000000000000000000e+00,2.971721179073575914e-01
1.000000000000000000e+00,-5.453036047682006116e-01
1.000000000000000000e+00,-4.720662163836951697e-01
1.000000000000000000e+00,1.510326731003359901e+00
1.000000000000000000e+00,-2.126589746854255780e-01
1.000000000000000000e+00,3.753119765648317840e-01
1.000000000000000000e+00,8.925380292214043498e-01
1.000000000000000000e+00,-9.508414126226137908e-01
1.000000000000000000e+00,-4.232870168117145449e-01
1.000000000000000000e+00,-6.176409836384738616e-01
1.000000000000000000e+00,-7.007982181705650904e-01
1.000000000000000000e+00,-4.596083231582915873e-01
1.000000000000000000e+00,1.956198632699815421e-01
1.000000000000000000e+00,1.290874951472978649e-01
1.000000000000000000e+00,3.282444153028837158e-02
1.000000000000000000e+00,6.987307498386106097e-01
1.000000000000000000e+00,-2.626510104756852870e-01
1.000000000000000000e+00,-2.735078181591786284e-01
1.000000000000000000e+00,8.935900992541340182e-02
1.000000000000000000e+00,8.544445444106389953e-01
1.000000000000000000e+00,1.433484748833226075e+00
1.000000000000000000e+00,6.230342803404157470e-01
1.000000000000000000e+00,9.415880415549789939e-01
1.000000000000000000e+00,7.512993033045967106e-01
1.000000000000000000e+00,5.409410615557462831e-01
1.000000000000000000e+00,-2.600132435585515434e-01
1.000000000000000000e+00,-2.083897507017169470e-01
1.000000000000000000e+00,8.080611519426296185e-01
1.000000000000000000e+00,-1.718811532863739333e-01
1.000000000000000000e+00,5.971334441063150811e-01
1.000000000000000000e+00,-2.766497523857472385e-01
1.000000000000000000e+00,7.503825894517989203e-01
1.000000000000000000e+00,-1.462379688198460204e-01
1.000000000000000000e+00,-3.448910249629009717e-01
1.000000000000000000e+00,-1.400043349103385681e+00
1.000000000000000000e+00,1.049452005209768224e+00
1.000000000000000000e+00,4.618060292734237349e-01
1.000000000000000000e+00,5.212922036738849574e-01
1.000000000000000000e+00,1.063275604660930185e+00
1.000000000000000000e+00,5.768994281825795545e-01
1.000000000000000000e+00,1.522550257296767073e+00
1.000000000000000000e+00,1.901175553848839517e-01
1.000000000000000000e+00,-3.262135496782339605e-01
1.000000000000000000e+00,8.973974731677646366e-01
1.000000000000000000e+00,-1.790108687014244915e-01
1.000000000000000000e+00,1.024066169213909000e-01
1.000000000000000000e+00,4.122290709869156911e-01
1.000000000000000000e+00,-7.248109579546735404e-01
1.000000000000000000e+00,2.068755806404290798e+00
1.000000000000000000e+00,1.340228982350104792e+00
1.000000000000000000e+00,1.065452230595237415e+00
1.000000000000000000e+00,5.722925740830143715e-01
1.000000000000000000e+00,7.791884620200830724e-01
1.000000000000000000e+00,5.064896287443625411e-01
1.000000000000000000e+00,4.590417143368535902e-01
1.000000000000000000e+00,1.441656713736355400e+00
1.000000000000000000e+00,1.873879955545375342e+00
1.000000000000000000e+00,7.811297086382384958e-01
1.000000000000000000e+00,1.045597858729811147e+00
1.000000000000000000e+00,2.620833892700917822e-01
1.000000000000000000e+00,8.929617119904776912e-01
1.000000000000000000e+00,1.371536962358686607e+00
1.000000000000000000e+00,2.024148135745013732e+00
1.000000000000000000e+00,1.038305352360900241e-01
1.000000000000000000e+00,-9.844571223136392435e-01
1.000000000000000000e+00,7.511970525048921044e-01
1.000000000000000000e+00,6.551825391980558022e-01
1.000000000000000000e+00,4.567658747553081655e-01
1.000000000000000000e+00,6.598354567766958612e-01
1.000000000000000000e+00,1.206612496739994489e+00
1.000000000000000000e+00,3.843895190950484264e-01
1.000000000000000000e+00,5.547368204426321725e-01
1.000000000000000000e+00,-5.368172945847911048e-01
1.000000000000000000e+00,-3.879138082267555299e-01
1.000000000000000000e+00,6.525209812532680731e-01
1.000000000000000000e+00,5.473373046501430750e-01
1.000000000000000000e+00,2.139058799314103254e+00
1.000000000000000000e+00,6.827158448828868353e-01
1.000000000000000000e+00,7.761968668406049598e-01
1.000000000000000000e+00,-2.943720432197078352e-01
1.000000000000000000e+00,1.775350679996297476e+00
1.000000000000000000e+00,5.663837939594869031e-01
1.000000000000000000e+00,1.276962059320959630e+00
1.000000000000000000e+00,1.674138586435166776e+00
1.000000000000000000e+00,-7.991971994604883667e-02
1.000000000000000000e+00,1.902876359230065706e-01
1.000000000000000000e+00,9.459352191186605197e-01
1.000000000000000000e+00,3.996253944431213401e-01
1.000000000000000000e+00,4.104968816968693202e-01
1.000000000000000000e+00,1.045149069252024471e-01
1.000000000000000000e+00,-8.624582510798742829e-01
1.000000000000000000e+00,7.713855111416305643e-01
1.000000000000000000e+00,-6.443588138860563141e-01
1.000000000000000000e+00,-6.829179954083477444e-01
1.000000000000000000e+00,-1.946238571474180612e-01
1.000000000000000000e+00,3.394207613371980514e+00
1.000000000000000000e+00,-2.725954571399068216e-02
1.000000000000000000e+00,-2.684793060588511748e-01
1.000000000000000000e+00,2.956580974028197306e-01
1.000000000000000000e+00,4.557241314593071246e-01
1.000000000000000000e+00,2.856939092475660469e-02
1.000000000000000000e+00,1.028522987563287527e+00
1.000000000000000000e+00,2.902104582621186646e-01
1.000000000000000000e+00,2.069082806486514325e+00
1.000000000000000000e+00,-4.136111552456022689e-01
1.000000000000000000e+00,2.966669382137672173e-01
1.000000000000000000e+00,-2.880208512202304116e-01
1.000000000000000000e+00,4.305137412192519553e-01
1.000000000000000000e+00,2.706790672719847635e+00
1.000000000000000000e+00,-8.220317269827782658e-01
1.000000000000000000e+00,-6.624293648695059877e-01
1.000000000000000000e+00,1.780460182829064264e+00
1.000000000000000000e+00,8.778974357567606024e-01
1.000000000000000000e+00,1.605523946999810325e-01
1.000000000000000000e+00,7.514425556625987657e-01
1.000000000000000000e+00,-4.568743797463861722e-01
1.000000000000000000e+00,-9.486890839080384108e-01
1.000000000000000000e+00,-3.156319075898605248e-02
1.000000000000000000e+00,-1.528103667572983659e-01
1.000000000000000000e+00,1.386439257127525027e+00
1.000000000000000000e+00,6.952694084109842798e-01
1.000000000000000000e+00,-1.158618580967038181e+00
1.000000000000000000e+00,-3.248615106385747131e-01
1.000000000000000000e+00,1.683940190715160420e-02
1.000000000000000000e+00,2.615275903687268033e-01
1.000000000000000000e+00,-8.715155459269811056e-01
1.000000000000000000e+00,-5.466850029483690809e-01
1.000000000000000000e+00,1.176084052531141122e+00
1.000000000000000000e+00,-7.527482049175457934e-01
1.000000000000000000e+00,-4.458652082474912626e-01
1.000000000000000000e+00,-8.155350507783874422e-03
1.000000000000000000e+00,-6.474551908256277466e-01
1.000000000000000000e+00,-2.106355178720749430e-03
1.000000000000000000e+00,4.761312650736318486e-01
1.000000000000000000e+00,1.424502876605703294e+00
1.000000000000000000e+00,5.642026122964799439e-01
1.000000000000000000e+00,1.580659792140933217e-01
1.000000000000000000e+00,6.361740142945430110e-01
1.000000000000000000e+00,5.407492147582806385e-01
1.000000000000000000e+00,1.172666243622201065e+00
1.000000000000000000e+00,5.328779279493324195e-01
1.000000000000000000e+00,-7.599976849598483186e-02
1.000000000000000000e+00,1.551396119039193167e+00
1.000000000000000000e+00,-1.573595149600004739e-01
1.000000000000000000e+00,-2.684793060588511748e-01
1.000000000000000000e+00,-5.026351559587681761e-01
1.000000000000000000e+00,6.175233671899964527e-01
1.000000000000000000e+00,-1.582234532686067174e+00
1.000000000000000000e+00,-3.459514973657785708e-01
1.000000000000000000e+00,1.550388796804478719e+00
1.000000000000000000e+00,-2.699113234467942490e-01
1.000000000000000000e+00,-2.160133066894736817e-02
1.000000000000000000e+00,4.314679132858029176e-01
1.000000000000000000e+00,1.686992828057445326e+00
1.000000000000000000e+00,1.684965731681246914e-01
1.000000000000000000e+00,1.716810578589143432e+00
1.000000000000000000e+00,1.961604055002889702e+00
1.000000000000000000e+00,8.550970259988535105e-01
1.000000000000000000e+00,1.789835872493073410e+00
1.000000000000000000e+00,1.172185867340420184e+00
1.000000000000000000e+00,-2.301565162368670037e-01
1.000000000000000000e+00,9.990626086384780669e-01
1.000000000000000000e+00,6.888726591245097897e-01
1.000000000000000000e+00,-2.181172438597592800e-01
1.000000000000000000e+00,1.483546842025388335e-01
1.000000000000000000e+00,7.293508148135359193e-01
1.000000000000000000e+00,-7.161665129478336778e-02
1.000000000000000000e+00,2.746184265864864624e-02
1.000000000000000000e+00,2.381622702520552748e-01
1.000000000000000000e+00,8.115566111346386724e-02
1.000000000000000000e+00,-1.101247074172225365e-01
1.000000000000000000e+00,-9.396560862806634384e-01
1.000000000000000000e+00,5.227399130162381224e-01
1.000000000000000000e+00,4.773218288404901255e-01
1.000000000000000000e+00,1.128458161407439458e-01
1.000000000000000000e+00,-3.431649099777875911e-01
1.000000000000000000e+00,-6.350529787287761962e-01
1.000000000000000000e+00,9.752391846914465479e-01
1.000000000000000000e+00,1.008596736422821438e+00
1.000000000000000000e+00,-2.750441111151373796e-01
1.000000000000000000e+00,8.474282160210035997e-01
1.000000000000000000e+00,3.984869684602708739e-01
1.000000000000000000e+00,-2.648645884316679355e-01
1.000000000000000000e+00,4.120762009794364245e-01
1.000000000000000000e+00,2.483169895237151426e-01
1.000000000000000000e+00,7.511590880990611785e-01
1.000000000000000000e+00,1.551683636139352673e+00
1.000000000000000000e+00,4.332033426234895013e-02
1.000000000000000000e+00,6.247047141969770401e-01
1.000000000000000000e+00,1.034001504420731132e+00
1.000000000000000000e+00,-3.959971895162793243e-01
1.000000000000000000e+00,1.146118493912741121e+00
1.000000000000000000e+00,1.168131774989753513e+00
1.000000000000000000e+00,-4.506310066594685915e-01
1.000000000000000000e+00,9.157201078059318267e-01
1.000000000000000000e+00,4.448764352332131855e-01
1.000000000000000000e+00,2.888761359451805788e-01
1.000000000000000000e+00,-3.376897293862878707e-03
1.000000000000000000e+00,2.497495131037359428e-01
1.000000000000000000e+00,1.315451892528600064e+00
1.000000000000000000e+00,7.400266086283700806e-02
1.000000000000000000e+00,1.650215948840896951e+00
1.000000000000000000e+00,1.286569078764498553e+00
1.000000000000000000e+00,8.312310819172912257e-01
1.000000000000000000e+00,2.287493551808146286e+00
1.000000000000000000e+00,2.680200099578953221e-01
1.000000000000000000e+00,8.100757964120581800e-01
1.000000000000000000e+00,1.860527620918594804e+00
1.000000000000000000e+00,1.627604045431085000e-01
1.000000000000000000e+00,9.301253219544237671e-01
1.000000000000000000e+00,8.666123895754942463e-01
1.000000000000000000e+00,4.734251622260023940e-01
1.000000000000000000e+00,-2.482442777509601128e-01
1.000000000000000000e+00,1.382677237605717702e+00
1.000000000000000000e+00,7.303019497276204142e-01
1.000000000000000000e+00,5.400496573068358508e-01
1.000000000000000000e+00,1.346806442208334564e+00
1.000000000000000000e+00,9.204818566812872360e-01
1.000000000000000000e+00,-5.087826516643912701e-03
1.000000000000000000e+00,-3.554375369027361620e-01
1.000000000000000000e+00,-3.674494749076455680e-01
1.000000000000000000e+00,-3.337968131949448081e-01
1.000000000000000000e+00,-7.991971994604883667e-02
1.000000000000000000e+00,2.746531509446771824e-01
1.000000000000000000e+00,2.728794539042556644e-01
1.000000000000000000e+00,-5.810002700908392104e-01
1.000000000000000000e+00,1.152520811312071070e+00
1.000000000000000000e+00,7.978694806492943048e-01
1.000000000000000000e+00,3.099900452681444207e+00
1.000000000000000000e+00,-7.103819527785275589e-01
1.000000000000000000e+00,-8.303980696437619491e-01
1.000000000000000000e+00,-1.098547754716780345e+00
1.000000000000000000e+00,-8.425886934521157334e-01
1.000000000000000000e+00,3.337770947126460913e-02
1.000000000000000000e+00,5.814025129062068142e-01
1.000000000000000000e+00,-5.160320354883902727e-01
1.000000000000000000e+00,5.479391670305829853e-01
1.000000000000000000e+00,-2.414850949368195498e-01
1.000000000000000000e+00,3.864001140278550128e-01
1.000000000000000000e+00,2.391685091938889229e+00
1.000000000000000000e+00,1.964652343695075354e+00
1.000000000000000000e+00,7.553665566492847594e-01
1.000000000000000000e+00,2.511840614520677306e-01
1.000000000000000000e+00,1.918598685164852324e-01
1.000000000000000000e+00,5.421797135699903958e-01
1.000000000000000000e+00,-4.506310066594685915e-01
1.000000000000000000e+00,2.073673968631669418e+00
1.000000000000000000e+00,1.097871302214471489e+00
1.000000000000000000e+00,3.889371487215173007e-01
1.000000000000000000e+00,6.497080718772342278e-01
1.000000000000000000e+00,-7.380529427085055216e-01
1.000000000000000000e+00,-7.152054570873679351e-01
1.000000000000000000e+00,4.803119054437349766e-01
1.000000000000000000e+00,1.262709715179947123e+00
1.000000000000000000e+00,1.473967966443029631e+00
1.000000000000000000e+00,-9.494906892640141149e-02
1.000000000000000000e+00,1.432674841508832619e+00
1.000000000000000000e+00,1.419426782450067703e+00
1.000000000000000000e+00,1.333447020892465584e+00
1.000000000000000000e+00,1.750094732469245296e+00
1.000000000000000000e+00,4.057523433521573186e-01
1.000000000000000000e+00,-6.117998303581905634e-02
1.000000000000000000e+00,-1.966390078089243487e-01
1.000000000000000000e+00,-2.448915647248754712e-02
1.000000000000000000e+00,1.261248844843572359e+00
1.000000000000000000e+00,6.262399947687803392e-01
1.000000000000000000e+00,2.528924597144600606e-01
1.000000000000000000e+00,8.842131943107958136e-01
1.000000000000000000e+00,8.627123825116360389e-02
1.000000000000000000e+00,-4.162848618002559786e-01
1.000000000000000000e+00,1.967557582924432669e-01
1.000000000000000000e+00,-3.762840452405442071e-01
1.000000000000000000e+00,7.223425854971443627e-01
1.000000000000000000e+00,4.267770313013319328e-01
1.000000000000000000e+00,5.333471680054028274e-01
1.000000000000000000e+00,1.778606204143454994e-01
1.000000000000000000e+00,1.997339190923437036e+00
1.000000000000000000e+00,-3.309044316627048898e-01
1.000000000000000000e+00,4.880444956233808140e-01
1.000000000000000000e+00,-1.396190012112410450e-01
1.000000000000000000e+00,1.200271934774149729e+00
1.000000000000000000e+00,5.757711260412839982e-01
1.000000000000000000e+00,-1.097930200381930455e+00
1.000000000000000000e+00,-4.042445770389927473e-01
1.000000000000000000e+00,8.088594168492349024e-01
1.000000000000000000e+00,-3.845400380285793340e-01
1.000000000000000000e+00,-7.306362163853730163e-01
1.000000000000000000e+00,1.711273849642759082e+00
1.000000000000000000e+00,1.065901729160275702e+00
1.000000000000000000e+00,-7.265770621139289176e-01
1.000000000000000000e+00,4.915270971182724158e-01
1.000000000000000000e+00,6.607886164590912603e-01
1.000000000000000000e+00,6.538806131740934058e-01
1.000000000000000000e+00,4.116034175788217953e-01
1.000000000000000000e+00,5.496419971801200788e-01
1.000000000000000000e+00,8.571830435512441948e-01
1.000000000000000000e+00,5.984905450667518112e-01
1.000000000000000000e+00,3.525856024183814608e+00
1.000000000000000000e+00,9.667159224863616229e-01
1.000000000000000000e+00,1.030758837970691122e+00
1.000000000000000000e+00,-2.232738225557564515e-01
1.000000000000000000e+00,1.065568857668292707e-01
1.000000000000000000e+00,1.824890686261130268e+00
1.000000000000000000e+00,-2.143977444724826376e-01
1.000000000000000000e+00,7.084604706601377311e-02
1.000000000000000000e+00,-3.949519028757341177e-01
1.000000000000000000e+00,-1.666275578585902695e+00
1.000000000000000000e+00,1.514338809411573505e+00
1.000000000000000000e+00,1.813487900220922822e-01
1.000000000000000000e+00,7.624188246764401766e-01
1.000000000000000000e+00,1.193436316956269394e+00
1.000000000000000000e+00,1.044654316696892904e+00
1.000000000000000000e+00,-6.490653878249373898e-01
1.000000000000000000e+00,-9.521929454701952844e-01
1.000000000000000000e+00,1.707077517318245752e+00
1.000000000000000000e+00,6.776536208085241764e-02
1.000000000000000000e+00,5.442682620827699047e-01
1.000000000000000000e+00,6.860511444831542960e-01
1.000000000000000000e+00,-6.839399972133166639e-01
1.000000000000000000e+00,9.960770877639330001e-01
1.000000000000000000e+00,3.482448737836046915e-01
1.000000000000000000e+00,4.180219331246394221e-01
1.000000000000000000e+00,1.774656184465630115e+00
1.000000000000000000e+00,1.501024945382701814e+00
1.000000000000000000e+00,1.707077517318245752e+00
1.000000000000000000e+00,7.449481113051192871e-01
1.000000000000000000e+00,2.808226199882438157e-01
1.000000000000000000e+00,1.167502578237115340e+00
1.000000000000000000e+00,8.035347823834261272e-01
1.000000000000000000e+00,6.876304637657214558e-01
1.000000000000000000e+00,1.389841880274132802e+00
1.000000000000000000e+00,-4.549359673855234848e-02
1.000000000000000000e+00,2.596030480891370340e-01
1.000000000000000000e+00,1.528076559104692422e-01
1.000000000000000000e+00,1.368711398180709304e+00
1.000000000000000000e+00,1.097871302214471489e+00
1.000000000000000000e+00,2.067024629498399602e+00
1.000000000000000000e+00,7.577016207039264373e-01
1.000000000000000000e+00,-1.353229490474118502e-01
1.000000000000000000e+00,-9.363845668821918489e-01
1.000000000000000000e+00,1.354057846617217897e-01
1.000000000000000000e+00,2.541458216286492267e+00
1.000000000000000000e+00,3.230496693058818591e-01
1.000000000000000000e+00,6.746744775358159973e-01
1.000000000000000000e+00,2.981890577915490281e-01
1.000000000000000000e+00,-5.557832993537732413e-01
1.000000000000000000e+00,5.984905450667518112e-01
1.000000000000000000e+00,-2.837526396206772605e-01
1.000000000000000000e+00,3.070955073994875995e-01
1.000000000000000000e+00,9.184859413187352883e-01
1.000000000000000000e+00,1.296913113873235268e+00
1.000000000000000000e+00,-4.477426746638507038e-01
1.000000000000000000e+00,4.323714661445792751e-01
1.000000000000000000e+00,3.272465078224728874e-01
1.000000000000000000e+00,1.163974925647304426e+00
1.000000000000000000e+00,9.096903477758231382e-01
1.000000000000000000e+00,5.862796735752882071e-01
1.000000000000000000e+00,1.408328014953411866e+00
1.000000000000000000e+00,1.974775881953088619e-01
1.000000000000000000e+00,8.986740895878397861e-01
1.000000000000000000e+00,5.140506198096526091e-01
1.000000000000000000e+00,-1.019667843241641725e+00
1.000000000000000000e+00,3.385877413243690293e-01
1.000000000000000000e+00,1.323205742775511284e+00
1.000000000000000000e+00,1.904632845739843705e-01
1.000000000000000000e+00,1.451531508789021707e+00
1.000000000000000000e+00,1.293532459881144570e-01
1.000000000000000000e+00,1.116882358078373105e+00
1.000000000000000000e+00,1.097507856302649909e+00
1.000000000000000000e+00,2.287805062831133607e-01
1.000000000000000000e+00,7.272877829832441118e-03
1.000000000000000000e+00,1.102071684075606850e+00
1.000000000000000000e+00,2.954672629895095382e-01
1.000000000000000000e+00,3.113561261178745543e-01
1.000000000000000000e+00,8.244455771151079082e-01
1.000000000000000000e+00,3.213407648514118309e-01
1.000000000000000000e+00,1.265727329050563843e-01
1.000000000000000000e+00,-4.944890068516038517e-01
1.000000000000000000e+00,-6.816975663089025472e-01
1.000000000000000000e+00,-5.268873245956504636e-01
1.000000000000000000e+00,7.083787708404468697e-01
1.000000000000000000e+00,-3.402379044890872090e-02
1.000000000000000000e+00,-1.493758535097926554e-01
1.000000000000000000e+00,7.897152324688861968e-01
1.000000000000000000e+00,1.244664676695558386e-01
1.000000000000000000e+00,6.577281791570397385e-01
1.000000000000000000e+00,-6.416557481908933269e-01
1.000000000000000000e+00,-2.423606043361461321e-02
1.000000000000000000e+00,-9.240613207494686732e-01
1.000000000000000000e+00,1.382677237605717702e+00
1.000000000000000000e+00,8.466896817795723784e-01
1.000000000000000000e+00,-2.680161403077137017e-01
1.000000000000000000e+00,4.391392542240415420e-01
1.000000000000000000e+00,-1.292793396438902009e+00
1.000000000000000000e+00,-4.699518520749506600e-01
1.000000000000000000e+00,8.692866023222256544e-01
1.000000000000000000e+00,-2.663092606215546332e-01
1.000000000000000000e+00,9.882513582419818476e-01
1.000000000000000000e+00,8.178296466589694003e-01
1.000000000000000000e+00,-6.281151101111913659e-01
1.000000000000000000e+00,1.307272840936382297e+00
1.000000000000000000e+00,6.860511444831542960e-01
1.000000000000000000e+00,1.192645138738752664e+00
1.000000000000000000e+00,-5.065282792287115754e-01
1.000000000000000000e+00,-1.946385367176726722e-01
1.000000000000000000e+00,-3.774538551322149105e-01
1.000000000000000000e+00,2.162492455361270327e+00
1.000000000000000000e+00,-6.648560496902197192e-01
1.000000000000000000e+00,6.858375314263456257e-01
1.000000000000000000e+00,-9.887256372100963753e-02
1.000000000000000000e+00,1.371646299847479877e+00
1.000000000000000000e+00,1.564379945833374697e+00
1.000000000000000000e+00,3.849281074657700530e-01
1.000000000000000000e+00,1.289549031526188383e+00
1.000000000000000000e+00,3.167065763796483857e-01
1.000000000000000000e+00,1.913937971809872352e+00
1.000000000000000000e+00,3.101605004302388502e-01
1.000000000000000000e+00,-7.971977407533921423e-02
1.000000000000000000e+00,-1.272380491816548498e-01
1.000000000000000000e+00,4.835409047076758560e-01
1.000000000000000000e+00,6.420392618993843170e-01
1.000000000000000000e+00,1.997339190923437036e+00
1.000000000000000000e+00,-4.162848618002559786e-01
1.000000000000000000e+00,6.931869342031378167e-01
1.000000000000000000e+00,-8.631729942936514632e-01
1.000000000000000000e+00,3.282270018770666042e-01
1.000000000000000000e+00,3.750290151933718397e-01
1.000000000000000000e+00,7.709430992656806092e-01
1.000000000000000000e+00,6.760680243258503364e-01
1.000000000000000000e+00,7.371233941673236423e-01
1.000000000000000000e+00,1.688984896778548961e-01
1.000000000000000000e+00,-1.287306067237536412e-02
1.000000000000000000e+00,2.478725528794542554e-01
1.000000000000000000e+00,9.134675530599627447e-01
1.000000000000000000e+00,1.075380175816067041e+00
1.000000000000000000e+00,-6.869389823787871996e-02
1.000000000000000000e+00,-1.756487409210364392e-01
1.000000000000000000e+00,5.118036331765386526e-01
1.000000000000000000e+00,-5.227628715461770659e-01
1.000000000000000000e+00,2.371098969224216257e-01
1.000000000000000000e+00,9.164237147939986450e-01
1.000000000000000000e+00,-1.603940555171887938e+00
1.000000000000000000e+00,7.241911989650722248e-01
1.000000000000000000e+00,-1.525386631394817449e+00
1.000000000000000000e+00,1.164235817462517392e-01
1.000000000000000000e+00,-5.245120684716930021e-02
1.000000000000000000e+00,5.276992796970881444e-02
1.000000000000000000e+00,-2.354062342751694070e-01
1.000000000000000000e+00,1.039298804514341645e+00
1.000000000000000000e+00,-4.845802969297284823e-01
1.000000000000000000e+00,1.136153596670236077e+00
1.000000000000000000e+00,3.862993818043836125e-01
1.000000000000000000e+00,3.030233237021280335e+00
1.000000000000000000e+00,6.923431120095354663e-01
1.000000000000000000e+00,-5.925206955882573734e-01
1.000000000000000000e+00,-2.997027519904496007e-01
1.000000000000000000e+00,1.346806442208334564e+00
1.000000000000000000e+00,3.828881533924541891e-01
1.000000000000000000e+00,1.077336102004477159e+00
1.000000000000000000e+00,1.523750944905180260e+00
1.000000000000000000e+00,6.990324403169471124e-01
1.000000000000000000e+00,6.837849225510860274e-01
1.000000000000000000e+00,-3.911316712649860472e-01
1.000000000000000000e+00,6.200340798956159860e-01
1.000000000000000000e+00,1.008440323070798117e+00
1.000000000000000000e+00,7.379621544401485655e-01
1.000000000000000000e+00,2.778421610344761206e-01
1.000000000000000000e+00,1.516651094822716761e+00
1.000000000000000000e+00,-9.183433750392513417e-01
1.000000000000000000e+00,-2.518124257069907501e-01
1.000000000000000000e+00,7.967816738742184990e-01
1.000000000000000000e+00,-8.260473487355362021e-01
1.000000000000000000e+00,1.036677741935773556e+00
1.000000000000000000e+00,-1.783776224121644272e-01
1.000000000000000000e+00,1.550510282903137860e+00
1.000000000000000000e+00,1.197277302442205205e+00
1.000000000000000000e+00,9.405609778292326473e-01
1.000000000000000000e+00,3.401235280882500267e-01
1.000000000000000000e+00,-3.072247662657531797e-01
1.000000000000000000e+00,5.956062626077558431e-01
1.000000000000000000e+00,1.646206604288245612e-01
1.000000000000000000e+00,1.441042196553971921e+00
1.000000000000000000e+00,5.838828540871615624e-01
1.000000000000000000e+00,5.395239266332316208e-02
1.000000000000000000e+00,4.186890942831084650e-01
1.000000000000000000e+00,1.917416523768141978e+00
1.000000000000000000e+00,2.130409698176833344e-01
1.000000000000000000e+00,4.781727377231809184e-01
1.000000000000000000e+00,7.454229194740449316e-01
1.000000000000000000e+00,4.773218288404901255e-01
1.000000000000000000e+00,3.115155766223645095e-01
1.000000000000000000e+00,-6.860776463576374606e-01
1.000000000000000000e+00,1.177694249530450765e+00
1.000000000000000000e+00,-4.934447325952141528e-01
1.000000000000000000e+00,-4.081840670849151004e-02
1.000000000000000000e+00,2.317285689439052832e-01
1.000000000000000000e+00,-3.778739945567439751e-01
1.000000000000000000e+00,2.532726099648471840e-01
1.000000000000000000e+00,6.227725790362210745e-01
1.000000000000000000e+00,1.496780018618725006e+00
1.000000000000000000e+00,1.412109269774173503e+00
1.000000000000000000e+00,1.372466331013428187e+00
1.000000000000000000e+00,2.639542751894404793e-01
1.000000000000000000e+00,7.169324045701964687e-01
1.000000000000000000e+00,7.254298509793164484e-01
1.000000000000000000e+00,4.057255151720367548e-01
1.000000000000000000e+00,8.582612326768428446e-01
1.000000000000000000e+00,4.186890942831084650e-01
1.000000000000000000e+00,-6.323772474058115822e-01
1.000000000000000000e+00,9.398006773284582893e-01
1.000000000000000000e+00,3.861556232543037481e-01
1.000000000000000000e+00,6.817626852004913252e-01
1.000000000000000000e+00,1.198035578174668547e+00
1.000000000000000000e+00,-4.002419133850824290e-02
1.000000000000000000e+00,-7.244257457835089342e-01
1.000000000000000000e+00,1.217856744258137142e-01
1.000000000000000000e+00,1.038238838303541911e+00
1.000000000000000000e+00,4.033848830045398959e-01
1.000000000000000000e+00,-5.581208943688037438e-01
1.000000000000000000e+00,-1.758014080333419188e-02
1.000000000000000000e+00,-6.387674161952754393e-01
1.000000000000000000e+00,9.160238230525793446e-01
1.000000000000000000e+00,1.143384044308757952e+00
1.000000000000000000e+00,-2.892098964108554826e-01
1.000000000000000000e+00,5.360097383343460642e-01
1.000000000000000000e+00,1.374285282043942735e-01
1.000000000000000000e+00,9.065661302719756343e-01
1.000000000000000000e+00,1.640128553115577370e+00
1.000000000000000000e+00,9.642052097807420896e-01
1.000000000000000000e+00,1.243911766180776368e+00
1.000000000000000000e+00,5.838828540871615624e-01
1.000000000000000000e+00,1.103111908795374463e+00
1.000000000000000000e+00,-6.372916633934724850e-02
1.000000000000000000e+00,2.424077032081098648e-01
1.000000000000000000e+00,1.045597858729811147e+00
1.000000000000000000e+00,8.491512938536505128e-01
1.000000000000000000e+00,-3.526686662374662329e-01
1.000000000000000000e+00,2.863882018830596343e-01
1.000000000000000000e+00,5.582629544562098811e-01
1.000000000000000000e+00,-2.611309156662144360e-01
1.000000000000000000e+00,7.672686509733234184e-01
1.000000000000000000e+00,-7.602692068086939203e-01
1.000000000000000000e+00,4.190869612562166946e-01
1.000000000000000000e+00,-3.385003499813594163e-01
1.000000000000000000e+00,-1.314562186742363137e+00
1.000000000000000000e+00,2.315356388535589893e+00
1.000000000000000000e+00,6.820891790906373764e-01
1.000000000000000000e+00,6.491138023779605692e-01
1.000000000000000000e+00,-6.585463654411174428e-01
1.000000000000000000e+00,7.898670900922099003e-01
1.000000000000000000e+00,1.747860400638074907e+00
1.000000000000000000e+00,2.696884190461457109e-01
1.000000000000000000e+00,1.016209359080041619e+00
1.000000000000000000e+00,-1.068118524155165394e+00
1.000000000000000000e+00,-5.229719288742861183e-01
1.000000000000000000e+00,-2.458368282292007767e-01
1.000000000000000000e+00,7.104835174997141678e-01
1.000000000000000000e+00,-3.309570756387904544e-01
1.000000000000000000e+00,-2.181526773052014923e-01
1.000000000000000000e+00,4.435755215934062967e-01
1.000000000000000000e+00,1.480700321077049741e+00
1.000000000000000000e+00,6.034755246483931579e-01
1.000000000000000000e+00,4.399380253227245241e-01
1.000000000000000000e+00,5.430007571200942129e-01
1.000000000000000000e+00,-6.288774353802766282e-01
1.000000000000000000e+00,1.842123186059006490e-01
1.000000000000000000e+00,1.122422124177223868e+00
1.000000000000000000e+00,9.403433152358018354e-01
1.000000000000000000e+00,3.648520234702911647e-01
1.000000000000000000e+00,8.502937693731229540e-01
1.000000000000000000e+00,2.914592341179177426e-01
1.000000000000000000e+00,7.624107256031963376e-01
1.000000000000000000e+00,2.461010121754496627e+00
1.000000000000000000e+00,-2.215937710497179192e-01
1.000000000000000000e+00,4.565841517993973753e-01
1.000000000000000000e+00,1.626714463055311866e+00
1.000000000000000000e+00,5.020569047195420076e-01
1.000000000000000000e+00,9.581238181587032887e-01
1.000000000000000000e+00,4.729802193896637807e-01
1.000000000000000000e+00,-1.516117039171961389e-01
1.000000000000000000e+00,-1.665408268661550395e-01
1.000000000000000000e+00,6.338581855388556452e-01
1.000000000000000000e+00,1.565443961580796461e+00
1.000000000000000000e+00,8.727438942132299537e-01
1.000000000000000000e+00,1.471654668647730979e+00
1.000000000000000000e+00,8.824966969751595336e-01
1.000000000000000000e+00,6.497080718772342278e-01
1.000000000000000000e+00,7.253665769695981647e-01
1.000000000000000000e+00,6.255917656123616277e-02
1.000000000000000000e+00,3.709258222111638248e-01
1.000000000000000000e+00,4.936627214942821973e-01
1.000000000000000000e+00,-1.772326159323032724e-01
1.000000000000000000e+00,-3.292765179406741960e-01
1.000000000000000000e+00,2.505249993668426378e-01
1.000000000000000000e+00,2.220292503950759944e+00
1.000000000000000000e+00,3.383837459170374595e-01
1.000000000000000000e+00,1.230284063063702193e+00
1.000000000000000000e+00,-3.575883470410783360e-01
1.000000000000000000e+00,3.680602688590444704e-01
1.000000000000000000e+00,5.653304082456976909e-01
1.000000000000000000e+00,1.125306912828297534e+00
1.000000000000000000e+00,-3.898677096468545766e-01
1.000000000000000000e+00,2.620833892700917822e-01
1.000000000000000000e+00,3.448817336190611593e-01
1.000000000000000000e+00,1.437404700283290149e+00
1.000000000000000000e+00,-3.869272398672288782e-01
1.000000000000000000e+00,8.928240277453307616e-01
1.000000000000000000e+00,5.148838119696222959e-01
1.000000000000000000e+00,1.685816134371860009e-01
1.000000000000000000e+00,3.184337037489173294e-01
1.000000000000000000e+00,-6.362359496144683879e-01
1.000000000000000000e+00,1.536750969845849690e+00
1.000000000000000000e+00,5.109704410165689659e-01
1.000000000000000000e+00,4.915270971182724158e-01
1.000000000000000000e+00,6.859524370279939109e-01
1.000000000000000000e+00,9.505923891290962713e-02
1.000000000000000000e+00,-1.146242487963055612e-01
1.000000000000000000e+00,7.891867679397194246e-01
1.000000000000000000e+00,5.370175667611380987e-01
1.000000000000000000e+00,5.315304446383728454e-01
1.000000000000000000e+00,4.869298606681844444e-01
1.000000000000000000e+00,-4.730880152934902744e-02
1.000000000000000000e+00,8.797116281634017598e-01
1.000000000000000000e+00,3.788532963407418852e-01
1.000000000000000000e+00,2.755953772965359996e-02
1.000000000000000000e+00,2.149646312812235838e+00
1.000000000000000000e+00,1.620082031155781477e-01
1.000000000000000000e+00,-4.233786375777865429e-01
1.000000000000000000e+00,6.334451328034149675e-01
1.000000000000000000e+00,3.764132783788660674e+00
1.000000000000000000e+00,2.039379455364386917e+00
1.000000000000000000e+00,-8.139797296020747641e-01
1.000000000000000000e+00,2.727397448907977751e-01
1.000000000000000000e+00,1.101600925443303014e+00
1.000000000000000000e+00,8.854898107308708521e-01
1.000000000000000000e+00,1.423983523533936202e+00
1.000000000000000000e+00,2.747440933715307398e+00
1.000000000000000000e+00,-5.137352391364834875e-02
1.000000000000000000e+00,7.617962084208127482e-01
1.000000000000000000e+00,7.030617292558042353e-01
1.000000000000000000e+00,3.311846821873357105e-01
1.000000000000000000e+00,1.746334737715748986e+00
1.000000000000000000e+00,5.573317639283312946e-02
1.000000000000000000e+00,7.648566457228642701e-01
1.000000000000000000e+00,1.590791023681842997e+00
1.000000000000000000e+00,6.985880036726862530e-01
1.000000000000000000e+00,4.198761147054225207e-01
1.000000000000000000e+00,1.636225812196156593e+00
1.000000000000000000e+00,-4.302489797538574384e-02
1.000000000000000000e+00,2.526014295994465808e+00
1.000000000000000000e+00,-8.497151688195260510e-02
1.000000000000000000e+00,2.369880361997908302e+00
1.000000000000000000e+00,-9.731956642648531552e-02
1.000000000000000000e+00,1.412109269774173503e+00
1.000000000000000000e+00,2.142290026241528977e-01
1.000000000000000000e+00,1.427999651478771836e+00
1.000000000000000000e+00,4.085910685241561091e-01
1.000000000000000000e+00,5.547717476959966865e-01
1.000000000000000000e+00,1.335048612626453579e+00
1.000000000000000000e+00,1.460572099297563042e+00
1.000000000000000000e+00,4.197784196344175878e-01
1.000000000000000000e+00,1.050936666573796918e+00
1.000000000000000000e+00,-8.254065095651099693e-01
1.000000000000000000e+00,-1.005646322688081185e+00
1.000000000000000000e+00,-4.973353249047688940e-01
1.000000000000000000e+00,1.900121965239876642e+00
1.000000000000000000e+00,1.378797781521873489e+00
1.000000000000000000e+00,1.232152924214739986e+00
1.000000000000000000e+00,4.492698791711433742e-02
1.000000000000000000e+00,2.405257113927411261e+00
1.000000000000000000e+00,6.600769103977806029e-01
1.000000000000000000e+00,8.476964978222089053e-01
1.000000000000000000e+00,1.447389541912001143e-01
1.000000000000000000e+00,5.835194081753399820e-01
1.000000000000000000e+00,-4.191726876037961680e-01
1.000000000000000000e+00,9.981899334964442483e-01
1.000000000000000000e+00,3.083377027582759888e-01
1.000000000000000000e+00,3.906325888850619571e-02
1.000000000000000000e+00,7.067950987243537542e-02
1.000000000000000000e+00,1.343431153433925163e+00
1.000000000000000000e+00,6.928968861425894854e-01
1.000000000000000000e+00,1.696775192855057846e-01
1.000000000000000000e+00,-3.750347631926674308e-01
1.000000000000000000e+00,-1.944396032311185574e-01
1.000000000000000000e+00,5.528006357452542874e-01
1.000000000000000000e+00,-1.973137315188691954e+00
1.000000000000000000e+00,8.614046854796447716e-01
1.000000000000000000e+00,9.110747831084580195e-01
1.000000000000000000e+00,2.150905415404763543e-01
1.000000000000000000e+00,5.442854726134133125e-01
1.000000000000000000e+00,2.418349265826230443e+00
1.000000000000000000e+00,1.576558927223940199e+00
1.000000000000000000e+00,-3.798471312757973894e-01
1.000000000000000000e+00,5.868835607240390217e-01
1.000000000000000000e+00,1.864650049199757076e+00
1.000000000000000000e+00,-8.607147226689437769e-02
1.000000000000000000e+00,1.375799099653306934e+00
1.000000000000000000e+00,-4.862793808395476230e-02
1.000000000000000000e+00,7.167683983370068956e-01
1.000000000000000000e+00,4.526748303829660203e-01
1.000000000000000000e+00,-2.458368282292007767e-01
1.000000000000000000e+00,1.303063347617847700e+00
1.000000000000000000e+00,4.989509101304933081e-01
1.000000000000000000e+00,-4.703598428896137995e-01
1.000000000000000000e+00,4.151270206320107903e-01
1.000000000000000000e+00,5.757372111720749919e-01
1.000000000000000000e+00,8.306641467902159404e-01
1.000000000000000000e+00,3.039459802917527931e-01
1.000000000000000000e+00,1.208637771243055603e+00
1.000000000000000000e+00,8.402524371268781378e-01
1.000000000000000000e+00,1.480506955703350780e+00
1.000000000000000000e+00,2.909459553510834184e-01
1.000000000000000000e+00,3.887596781974022447e-02
1.000000000000000000e+00,1.404707425916469354e-01
1.000000000000000000e+00,5.638411911529693787e-01
1.000000000000000000e+00,6.158407847235691790e-01
1.000000000000000000e+00,2.637118091842002299e-01
1.000000000000000000e+00,3.046586987372190136e-01
1.000000000000000000e+00,-1.442941912413018835e-01
1.000000000000000000e+00,9.001622942964125906e-01
1.000000000000000000e+00,-6.371296819285937607e-02
1.000000000000000000e+00,-5.536937384568383358e-01
1.000000000000000000e+00,1.163215637530685687e+00
1.000000000000000000e+00,-5.648157907890705154e-01
1.000000000000000000e+00,-1.220688156837140409e-01
1.000000000000000000e+00,5.277785489581204859e-01
1.000000000000000000e+00,9.684710933150803003e-02
1.000000000000000000e+00,-3.905647361379106508e-01
1.000000000000000000e+00,1.072758607045421364e+00
1.000000000000000000e+00,2.417891364891044115e-01
1.000000000000000000e+00,4.910006573574167144e-01
1.000000000000000000e+00,2.960544457996946988e-01
1.000000000000000000e+00,8.600683383943956706e-01
1.000000000000000000e+00,1.492303964970392027e-01
1.000000000000000000e+00,-1.760693865376432576e-01
1.000000000000000000e+00,8.341178953366760185e-01
1.000000000000000000e+00,7.573796825424801149e-01
1.000000000000000000e+00,9.441888564504372638e-01
1.000000000000000000e+00,3.122389251014633937e-01
1.000000000000000000e+00,1.231907927249110912e+00
1.000000000000000000e+00,2.832164023239039929e-01
1.000000000000000000e+00,4.086573796863408603e-01
1.000000000000000000e+00,3.919588121287561483e-02
1.000000000000000000e+00,-1.064958164118624123e-01
1.000000000000000000e+00,1.466915698415874214e+00
1.000000000000000000e+00,5.395239266332316208e-02
1.000000000000000000e+00,-2.391687599890544580e-01
1.000000000000000000e+00,1.539714218268974033e+00
1.000000000000000000e+00,2.897526884766957078e+00
1.000000000000000000e+00,2.431229526139647990e-01
1.000000000000000000e+00,4.511511922289510035e-01
1.000000000000000000e+00,-1.047008593041755531e-01
1.000000000000000000e+00,5.282174174895262198e-01
1.000000000000000000e+00,1.772495756677810785e+00
1.000000000000000000e+00,2.293667070388334839e+00
1.000000000000000000e+00,1.141717153796740991e+00
1.000000000000000000e+00,3.663670563589845330e-01
1.000000000000000000e+00,7.269668530225266434e-02
1.000000000000000000e+00,1.042331401252117207e+00
1.000000000000000000e+00,-4.006344151405092369e-01
1.000000000000000000e+00,-1.332774268612408053e-01
1.000000000000000000e+00,2.995335039500420793e-01
1.000000000000000000e+00,1.741751674643837733e+00
1.000000000000000000e+00,2.384695288432470139e-01
1.000000000000000000e+00,6.497080718772342278e-01
1.000000000000000000e+00,8.797116281634017598e-01
1.000000000000000000e+00,4.666786342138055099e-01
1.000000000000000000e+00,3.341600792203259229e-01
1.000000000000000000e+00,-3.406850749889105412e-01
1.000000000000000000e+00,1.423983523533936202e+00
1.000000000000000000e+00,1.379743348323102747e+00
1.000000000000000000e+00,6.749994528497288426e-01
1.000000000000000000e+00,5.543101005210924193e-01
1.000000000000000000e+00,7.003293044201320816e-01
1.000000000000000000e+00,3.558666078982242742e-01
1.000000000000000000e+00,3.255927783044771373e-01
1.000000000000000000e+00,-1.597128019294410117e-01
1.000000000000000000e+00,2.093777893191424155e+00
1.000000000000000000e+00,1.162359873805817768e-02
1.000000000000000000e+00,4.712951059628477934e-01
1.000000000000000000e+00,1.165065263382769167e+00
1.000000000000000000e+00,-3.328461844729380670e-01
1.000000000000000000e+00,-1.157803105529789489e+00
1.000000000000000000e+00,1.392790955319080259e+00
1.000000000000000000e+00,1.278684124769451147e+00
1.000000000000000000e+00,-3.332334214124136329e-01
1.000000000000000000e+00,-1.775983899093397725e-02
1.000000000000000000e+00,-2.381558696414849685e-01
1.000000000000000000e+00,-1.039370154588570433e-01
1.000000000000000000e+00,1.107249522838869238e+00
1.000000000000000000e+00,1.646148189304131204e+00
1.000000000000000000e+00,-9.158680957790740207e-01
1.000000000000000000e+00,1.531897600204422227e+00
1.000000000000000000e+00,9.474694873063082001e-01
1.000000000000000000e+00,-3.514497557142541861e-01
1.000000000000000000e+00,7.514304070527328960e-01
1.000000000000000000e+00,-1.048765788638785335e+00
1.000000000000000000e+00,9.295548434828041495e-01
1.000000000000000000e+00,-4.783085770864571873e-01
1.000000000000000000e+00,1.390635286155134376e-01
1.000000000000000000e+00,7.889245604434471648e-01
1.000000000000000000e+00,-2.265402800334505307e-01
1.000000000000000000e+00,1.400670341201272429e+00
1.000000000000000000e+00,2.511997534064778770e-01
1.000000000000000000e+00,5.397783383531640222e-01
1.000000000000000000e+00,1.436631238788494302e+00
1.000000000000000000e+00,-5.118704233386410854e-03
1.000000000000000000e+00,7.281243114091576762e-01
1.000000000000000000e+00,-5.143403415645635413e-01
1.000000000000000000e+00,-5.860475112980432222e-01
1.000000000000000000e+00,3.898250096258835673e-01
1.000000000000000000e+00,-7.185179780441369735e-01
1.000000000000000000e+00,4.499641718066368923e-01
1.000000000000000000e+00,-1.773971283575706548e-01
1.000000000000000000e+00,-3.196365960120818861e-01
1.000000000000000000e+00,4.071676564015347388e-01
1.000000000000000000e+00,7.852253087392803144e-01
1.000000000000000000e+00,6.071838878099593551e-01
1.000000000000000000e+00,1.303915775076771588e+00
1.000000000000000000e+00,-3.635531115900619142e-02
1.000000000000000000e+00,2.698919082613995268e-01
1.000000000000000000e+00,5.051340463601591280e-01
1.000000000000000000e+00,5.595871529315931125e-01
1.000000000000000000e+00,3.791848521516654191e-01
1.000000000000000000e+00,-5.581029747509088507e-02
1.000000000000000000e+00,9.233539905304173345e-01
1.000000000000000000e+00,2.256033714176240323e+00
1.000000000000000000e+00,3.115155766223645095e-01
1.000000000000000000e+00,-3.227182933813987353e-01
1.000000000000000000e+00,-6.287387387509743020e-01
1.000000000000000000e+00,-1.146804057872449434e+00
1.000000000000000000e+00,-1.403227803464484946e+00
1.000000000000000000e+00,7.099891707349302583e-02
1.000000000000000000e+00,3.049899512512385669e-02
1.000000000000000000e+00,6.497080718772342278e-01
1.000000000000000000e+00,-2.093150698198363857e-01
1.000000000000000000e+00,4.510783005697555637e-01
1.000000000000000000e+00,9.638495596452605063e-02
1.000000000000000000e+00,5.074549370366239209e-01
1.000000000000000000e+00,6.990756695387292941e-02
1.000000000000000000e+00,2.883937348950887380e-01
1.000000000000000000e+00,2.909606349213380572e-01
1.000000000000000000e+00,-3.559882738833236582e-01
1.000000000000000000e+00,3.041317527842855584e-01
1.000000000000000000e+00,-3.961490471396030832e-01
1.000000000000000000e+00,-1.075274358663084878e-01
1.000000000000000000e+00,9.664861112830649414e-01
1.000000000000000000e+00,2.895160942995572917e+00
1.000000000000000000e+00,7.198015012668600443e-01
1.000000000000000000e+00,4.719101293373090256e-01
1.000000000000000000e+00,3.788897421703395496e-01
1.000000000000000000e+00,5.214359622239648218e-01
1.000000000000000000e+00,-8.220317269827782658e-01
1.000000000000000000e+00,6.537464722734908085e-01
1.000000000000000000e+00,1.124119386213905836e+00
1.000000000000000000e+00,1.489408849582589678e+00
1.000000000000000000e+00,-2.874116992555283967e-02
1.000000000000000000e+00,-9.885815753631125302e-01
1.000000000000000000e+00,9.488432926053105287e-01
1.000000000000000000e+00,-4.156202316021756493e-01
1.000000000000000000e+00,-2.715250637906481135e-01
1.000000000000000000e+00,3.374898107077382581e-01
1.000000000000000000e+00,4.057255151720367548e-01
1.000000000000000000e+00,-3.816494783694766857e-02
1.000000000000000000e+00,3.736147145281498716e-01
1.000000000000000000e+00,4.146182975938761950e-01
1.000000000000000000e+00,1.637522377185864075e-02
1.000000000000000000e+00,6.050396581686278141e-01
1.000000000000000000e+00,1.265197143049990203e+00
1.000000000000000000e+00,-1.008462066321407780e-01
1.000000000000000000e+00,2.558842577891118700e-02
1.000000000000000000e+00,6.025011048987323203e-01
1.000000000000000000e+00,-1.449360427958836239e-01
1.000000000000000000e+00,1.394242714198055344e+00
1.000000000000000000e+00,5.466068694819558038e-01
1.000000000000000000e+00,9.408434330086148378e-01
1.000000000000000000e+00,-1.135936417260149656e-01
1.000000000000000000e+00,-1.871580301927442402e-01
1.000000000000000000e+00,4.227441990179305886e-01
1.000000000000000000e+00,-7.034101692917337223e-01
1.000000000000000000e+00,9.374868733410819388e-01
1.000000000000000000e+00,-6.876195074264513929e-01
1.000000000000000000e+00,1.392295899467044684e+00
1.000000000000000000e+00,-2.576862785771538156e-01
1.000000000000000000e+00,-2.253836311358012323e-01
1.000000000000000000e+00,8.053560614791557271e-01
1.000000000000000000e+00,1.590791023681842997e+00
1.000000000000000000e+00,-8.394958598570884112e-01
1.000000000000000000e+00,2.141121025838840009e+00
1.000000000000000000e+00,5.578959651998441904e-01
1.000000000000000000e+00,1.085335658304268924e-01
1.000000000000000000e+00,4.856026250403347455e-01
1.000000000000000000e+00,5.222577148613200687e-02
1.000000000000000000e+00,-3.774538551322149105e-01
1.000000000000000000e+00,-7.379921996591759514e-01
1.000000000000000000e+00,1.113998075619377248e+00
1.000000000000000000e+00,-5.917285049865851354e-01
1.000000000000000000e+00,1.839188587689139842e+00
1.000000000000000000e+00,1.493056469694826305e+00
1.000000000000000000e+00,-4.168396483174654499e-01
1.000000000000000000e+00,-3.520895825005249669e-01
1.000000000000000000e+00,-1.441509388832998007e-01
1.000000000000000000e+00,2.260845576067292750e+00
1.000000000000000000e+00,7.474274401019186387e-01
1.000000000000000000e+00,8.432754162151764321e-01
1.000000000000000000e+00,1.743897929053480178e+00
1.000000000000000000e+00,-1.457347835648762135e+00
1.000000000000000000e+00,1.004526445925667089e+00
1.000000000000000000e+00,-1.026188912884068022e-01
1.000000000000000000e+00,1.150213081629627654e+00
1.000000000000000000e+00,3.700617826641420471e+00
1.000000000000000000e+00,2.982280345815354616e-01
1.000000000000000000e+00,-1.313618138517367084e+00
1.000000000000000000e+00,-5.627616633375778221e-01
1.000000000000000000e+00,5.881262622749051650e-01
1.000000000000000000e+00,1.975072813807551730e+00
1.000000000000000000e+00,-1.004017699878799047e-01
1.000000000000000000e+00,1.585002211080741352e+00
1.000000000000000000e+00,-8.888134449046168617e-02
1.000000000000000000e+00,2.006068676199338208e-01
1.000000000000000000e+00,1.692090182280346244e+00
1.000000000000000000e+00,2.414752974009019837e-01
1.000000000000000000e+00,-8.909113077699695182e-01
1.000000000000000000e+00,1.399770331687040237e+00
1.000000000000000000e+00,-6.671334078479983498e-01
1.000000000000000000e+00,-3.992548388334779541e-02
1.000000000000000000e+00,-2.106355178720749430e-03
1.000000000000000000e+00,1.352459595332600406e+00
1.000000000000000000e+00,-7.976611093997034718e-01
1.000000000000000000e+00,-2.715250637906481135e-01
1.000000000000000000e+00,8.011030356419349685e-01
1.000000000000000000e+00,5.833773752800938336e-03
1.000000000000000000e+00,4.906696077385708787e-01
1.000000000000000000e+00,3.213250728970016845e-01
1.000000000000000000e+00,1.565577596289321249e+00
1.000000000000000000e+00,-2.207539983927375160e-01
1.000000000000000000e+00,2.995335039500420793e-01
1.000000000000000000e+00,8.449898887825016969e-01
1.000000000000000000e+00,2.487993905738069556e-01
1.000000000000000000e+00,6.952177768190542784e-01
1.000000000000000000e+00,1.062555293334297879e+00
1.000000000000000000e+00,1.158911992485690323e+00
1.000000000000000000e+00,1.069716898850246345e+00
1.000000000000000000e+00,1.063688151204293053e+00
1.000000000000000000e+00,8.080915234672944036e-01
1.000000000000000000e+00,-1.460934206519591605e+00
1.000000000000000000e+00,6.188374418238247188e-01
1.000000000000000000e+00,4.399380253227245241e-01
1.000000000000000000e+00,1.512002226780698733e+00
1.000000000000000000e+00,2.697871265013061515e-01
1.000000000000000000e+00,2.326916803207149886e+00
1.000000000000000000e+00,2.369880361997908302e+00
1.000000000000000000e+00,-8.665725802877927153e-01
1.000000000000000000e+00,1.225503078889392583e+00
1.000000000000000000e+00,1.471286160815131971e+00
1.000000000000000000e+00,1.000218751344049695e+00
1.000000000000000000e+00,1.459373436457460649e+00
1.000000000000000000e+00,7.512825989660311121e-01
1.000000000000000000e+00,-9.321340720053598039e-01
1.000000000000000000e+00,-9.840157228218447960e-01
1.000000000000000000e+00,2.657671818263699581e+00
1.000000000000000000e+00,-5.734084013088066589e-01
1.000000000000000000e+00,6.393311342834439026e-01
1.000000000000000000e+00,2.506186752309159882e+00
1.000000000000000000e+00,5.074549370366239209e-01
1.000000000000000000e+00,-9.986318161715829200e-02
1.000000000000000000e+00,3.854110147079395920e-01
1.000000000000000000e+00,-2.734744094820474314e-01
1.000000000000000000e+00,-9.165628946066453620e-02
1.000000000000000000e+00,3.528061705961727523e-01
1.000000000000000000e+00,-7.471960873136553050e-02
1.000000000000000000e+00,2.385849406369730807e-01
1.000000000000000000e+00,6.426937682559097365e-01
1.000000000000000000e+00,7.633598357489698172e-01
1.000000000000000000e+00,3.976406153062797544e-01
1.000000000000000000e+00,1.975072813807551730e+00
1.000000000000000000e+00,1.237917136299205856e-01
1.000000000000000000e+00,6.480680095453376088e-01
1.000000000000000000e+00,1.263284243188188549e+00
1.000000000000000000e+00,2.544871676545332889e-02
1.000000000000000000e+00,1.065826306540691659e+00
1.000000000000000000e+00,5.584310102260215958e-01
1.000000000000000000e+00,1.522550257296767073e+00
1.000000000000000000e+00,-9.282458077610200586e-02
1.000000000000000000e+00,7.134604331089375862e-01
1.000000000000000000e+00,1.447875486306637038e-01
1.000000000000000000e+00,2.420399044627623980e-02
1.000000000000000000e+00,-8.404110551336529955e-01
1.000000000000000000e+00,7.143120510788798783e-02
1.000000000000000000e+00,1.308009553304676220e-01
1.000000000000000000e+00,1.163215637530685687e+00
1.000000000000000000e+00,4.849511558362758490e-01
1.000000000000000000e+00,-8.033481773931782088e-01
1.000000000000000000e+00,-1.429762898372000990e+00
1.000000000000000000e+00,5.885671555746218031e-01
1.000000000000000000e+00,6.905108995832691388e-02
1.000000000000000000e+00,1.345968897214838977e-01
1.000000000000000000e+00,7.593644616793217006e-01
1.000000000000000000e+00,5.283571265029840536e-01
1.000000000000000000e+00,5.955745754020316113e-02
1.000000000000000000e+00,1.196578757374915813e+00
1.000000000000000000e+00,-1.528463063948183043e-01
1.000000000000000000e+00,2.188714930643340106e-02
1.000000000000000000e+00,5.842731281791035958e-01
1.000000000000000000e+00,-1.506484203932457466e-01
1.000000000000000000e+00,-3.462455949629489327e-01
1.000000000000000000e+00,7.466134832409032640e-01
1.000000000000000000e+00,-5.612413656329331979e-02
1.000000000000000000e+00,8.985019842814061519e-01
1.000000000000000000e+00,2.434933130677340518e+00
1.000000000000000000e+00,3.181623847952455009e-01
1.000000000000000000e+00,-1.509187269627620398e-01
1.000000000000000000e+00,1.148855474477113114e+00
1.000000000000000000e+00,-2.069567209296183929e-01
1.000000000000000000e+00,9.001405280370695650e-01
1.000000000000000000e+00,4.151270206320107903e-01
1.000000000000000000e+00,-6.349631798358414125e-02
1.000000000000000000e+00,-1.159464225033777635e-01
1.000000000000000000e+00,1.823915760319391621e+00
1.000000000000000000e+00,-1.763401992992373046e-01
1.000000000000000000e+00,-6.473780425512099673e-03
1.000000000000000000e+00,-1.801047497814333154e-01
1.000000000000000000e+00,1.279230306021339025e+00
1.000000000000000000e+00,1.097016849987236586e+00
1.000000000000000000e+00,1.147732234256594985e+00
1.000000000000000000e+00,5.277162873325577097e-01
1.000000000000000000e+00,9.420218481656071896e-01
1.000000000000000000e+00,-7.369203881354141616e-02
1.000000000000000000e+00,-8.434107493863749472e-01
1.000000000000000000e+00,9.606132707970573836e-01
1.000000000000000000e+00,2.659522153203034422e-01
1.000000000000000000e+00,-8.740174504721051618e-02
1.000000000000000000e+00,-4.611719504864485453e-01
1.000000000000000000e+00,1.223993614113554340e+00
1.000000000000000000e+00,8.748612956744409308e-01
1.000000000000000000e+00,1.304531304643310685e+00
1.000000000000000000e+00,7.945276005520161000e-01
1.000000000000000000e+00,8.478640473999428107e-01
1.000000000000000000e+00,-1.466022200372226391e-03
1.000000000000000000e+00,6.806698165046379811e-01
1.000000000000000000e+00,-3.911316712649860472e-01
1.000000000000000000e+00,2.213339146273938796e-01
1.000000000000000000e+00,1.072758607045421364e+00
1.000000000000000000e+00,4.732297720839925281e-01
1.000000000000000000e+00,-1.008462066321407780e-01
1.000000000000000000e+00,5.581669808566119828e-02
1.000000000000000000e+00,-3.609909701876860555e-01
1.000000000000000000e+00,2.435157576662955736e-01
1.000000000000000000e+00,-1.167244397268731720e-01
1.000000000000000000e+00,-2.035429615573002560e-01
1.000000000000000000e+00,1.286799396159872932e+00
1.000000000000000000e+00,2.157388014449280966e+00
1.000000000000000000e+00,6.138570179708831009e-01
1.000000000000000000e+00,3.301960890594980436e-01
1.000000000000000000e+00,-2.655104895228717066e-01
1.000000000000000000e+00,1.821875806246075813e+00
1.000000000000000000e+00,4.270038053521620913e-01
1.000000000000000000e+00,-2.445581870408146952e-01
1.000000000000000000e+00,4.057422195106024088e-01
1.000000000000000000e+00,-5.739667311705604069e-01
1.000000000000000000e+00,3.810025879028508533e-01
1.000000000000000000e+00,1.369958655460275176e+00
1.000000000000000000e+00,-3.227182933813987353e-01
1.000000000000000000e+00,-1.717806438292509785e+00
1.000000000000000000e+00,9.563754307221690176e-01
1.000000000000000000e+00,-6.171803488477251021e-01
1.000000000000000000e+00,1.007117136979570393e+00
1.000000000000000000e+00,6.883857023457182756e-01
1.000000000000000000e+00,-6.539552032959624617e-01
1.000000000000000000e+00,-2.043726103727257215e-01
1.000000000000000000e+00,1.684965731681246914e-01
1.000000000000000000e+00,4.362934423629542535e-01
1.000000000000000000e+00,-4.940825346131739182e-01
1.000000000000000000e+00,3.360947453414706576e-01
1.000000000000000000e+00,2.104917865141551492e-01
1.000000000000000000e+00,-2.853233536379227164e-01
1.000000000000000000e+00,-2.917783150133380077e-01
1.000000000000000000e+00,1.920668301675581446e+00
1.000000000000000000e+00,-1.470043436255532576e-01
1.000000000000000000e+00,1.551260459562357141e+00
1.000000000000000000e+00,5.217411960468455456e-01
1.000000000000000000e+00,-5.536937384568383358e-01
1.000000000000000000e+00,1.064559813962171475e+00
1.000000000000000000e+00,-9.343734657573075086e-01
1.000000000000000000e+00,5.303798700456565651e-01
1.000000000000000000e+00,4.574755560483078631e-01
1.000000000000000000e+00,5.565515190413511393e-01
1.000000000000000000e+00,5.814025129062068142e-01
1.000000000000000000e+00,1.622612991544510885e-01
1.000000000000000000e+00,4.441090480433504406e-01
1.000000000000000000e+00,-7.940813190258846355e-01
1.000000000000000000e+00,-5.944396697549919617e-01
1.000000000000000000e+00,9.976885000425718408e-02
1.000000000000000000e+00,7.800829034214600277e-01
1.000000000000000000e+00,1.784190818442051407e+00
1.000000000000000000e+00,1.053094563401227646e+00
1.000000000000000000e+00,2.530488730664834929e-01
1.000000000000000000e+00,9.076544432391292494e-01
1.000000000000000000e+00,8.338455639988486823e-01
1.000000000000000000e+00,1.036677741935773556e+00
1.000000000000000000e+00,-2.524836364020817681e-01
1.000000000000000000e+00,1.525333301340213943e+00
1.000000000000000000e+00,1.293467970592097060e+00
1.000000000000000000e+00,7.879802131049737021e-03
1.000000000000000000e+00,-9.254457560821036655e-01
1.000000000000000000e+00,1.336107566453097917e+00
1.000000000000000000e+00,2.586204583575071325e+00
1.000000000000000000e+00,9.940918024350136051e-01
1.000000000000000000e+00,-4.696749650084236505e-01
1.000000000000000000e+00,-3.908760442657243650e-01
1.000000000000000000e+00,3.301960890594980436e-01
1.000000000000000000e+00,1.274210399186333165e+00
1.000000000000000000e+00,-3.630577524411224277e-01
1.000000000000000000e+00,7.160814956875056758e-01
1.000000000000000000e+00,-5.107853546025543645e-01
1.000000000000000000e+00,4.957406399734289870e-01
1.000000000000000000e+00,-2.497461496456321040e-01
1.000000000000000000e+00,1.307083525099305366e+00
1.000000000000000000e+00,-5.803158984017268152e-01
1.000000000000000000e+00,1.606323730482648870e-01
1.000000000000000000e+00,-2.375180676235251753e-01
1.000000000000000000e+00,-3.122659331680242567e-01
1.000000000000000000e+00,7.791884620200830724e-01
1.000000000000000000e+00,4.934637880077281102e-01
1.000000000000000000e+00,4.286104590069274578e-01
1.000000000000000000e+00,1.381503884369502888e+00
1.000000000000000000e+00,1.005805593306130730e+00
1.000000000000000000e+00,-1.475634530649409415e+00
1.000000000000000000e+00,1.467478584006327580e+00
1.000000000000000000e+00,6.994465054365431866e-01
1.000000000000000000e+00,4.727944468971310710e-01
1.000000000000000000e+00,-8.404771634006638625e-02
1.000000000000000000e+00,1.188618380760284365e+00
1.000000000000000000e+00,-7.648871971339694653e-01
1.000000000000000000e+00,8.635418284318877591e-01
1.000000000000000000e+00,1.849869240529577796e+00
1.000000000000000000e+00,1.350332576221912273e+00
1.000000000000000000e+00,1.124127991479227484e+00
1.000000000000000000e+00,7.174403181193493573e-02
1.000000000000000000e+00,-1.159325731299648998e+00
1.000000000000000000e+00,-1.214032440102033705e+00
1.000000000000000000e+00,6.977112789940304038e-01
1.000000000000000000e+00,4.781727377231809184e-01
1.000000000000000000e+00,2.615670733507909906e-01
1.000000000000000000e+00,-4.230050678244101081e-01
1.000000000000000000e+00,2.575904283880194323e-01
1.000000000000000000e+00,2.104968787646229966e+00
1.000000000000000000e+00,1.062831674208747135e+00
1.000000000000000000e+00,1.213551883933812636e+00
1.000000000000000000e+00,3.945305711806091353e-01
1.000000000000000000e+00,1.347266064614927927e+00
1.000000000000000000e+00,9.441888564504372638e-01
1.000000000000000000e+00,1.291853217864087577e+00
1.000000000000000000e+00,-6.626060259046393508e-01
1.000000000000000000e+00,1.502711274088847082e-01
1.000000000000000000e+00,-4.166731111238870522e-01
1.000000000000000000e+00,1.013662200544824366e+00
1.000000000000000000e+00,9.115931237960698263e-01
1.000000000000000000e+00,3.312246713614776517e-01
1.000000000000000000e+00,5.208396679563801479e-01
1.000000000000000000e+00,-2.710968252928750988e-01
1.000000000000000000e+00,-2.550407158836801372e-02
1.000000000000000000e+00,-1.249824572832192587e-01
1.000000000000000000e+00,1.125202637260281913e+00
1.000000000000000000e+00,8.574530468238565628e-02
1.000000000000000000e+00,-6.757558837003214691e-01
1.000000000000000000e+00,1.348545718187469378e+00
1.000000000000000000e+00,1.107754905427633385e-01
1.000000000000000000e+00,-7.142720388960046574e-01
1.000000000000000000e+00,1.852434621979593743e+00
1.000000000000000000e+00,1.207272571209375034e+00
1.000000000000000000e+00,-7.613087224412101728e-02
1.000000000000000000e+00,4.704438937832530060e-02
1.000000000000000000e+00,2.565056587654100384e-01
1.000000000000000000e+00,5.137048906205521348e-01
1.000000000000000000e+00,-1.026664733437149118e-01
1.000000000000000000e+00,1.187955269138437187e+00
1.000000000000000000e+00,1.900089568946900842e+00
1.000000000000000000e+00,-4.477669718835824986e-01
1.000000000000000000e+00,-3.774386693698825734e-01
1.000000000000000000e+00,-1.388237431274118805e+00
1.000000000000000000e+00,5.496242804573989726e-01
1.000000000000000000e+00,9.577335440667611444e-01
1.000000000000000000e+00,4.527254495907406251e-01
1.000000000000000000e+00,5.605266454278894361e-01
1.000000000000000000e+00,9.945625610673173300e-01
1.000000000000000000e+00,3.494572038098060496e-01
1.000000000000000000e+00,7.340133500416531342e-01
1.000000000000000000e+00,1.440737468923168896e+00
1.000000000000000000e+00,1.630388405155591247e+00
1.000000000000000000e+00,5.539127397400619435e-01
