label,score
0.000000000000000000e+00,4.162819385528564453e-01
0.000000000000000000e+00,3.434970378875732422e-01
0.000000000000000000e+00,2.297654002904891968e-01
0.000000000000000000e+00,2.511230111122131348e-01
0.000000000000000000e+00,2.683946788311004639e-01
0.000000000000000000e+00,1.958643347024917603e-01
0.000000000000000000e+00,2.260647118091583252e-01
0.000000000000000000e+00,2.026271522045135498e-01
0.000000000000000000e+00,2.359088361263275146e-01
0.000000000000000000e+00,2.071533948183059692e-01
0.000000000000000000e+00,2.146877050399780273e-01
0.000000000000000000e+00,2.214101254940032959e-01
0.000000000000000000e+00,3.501016795635223389e-01
0.000000000000000000e+00,2.287725955247879028e-01
0.000000000000000000e+00,2.315424829721450806e-01
0.000000000000000000e+00,1.668076515197753906e-01
0.000000000000000000e+00,1.796746850013732910e-01
0.000000000000000000e+00,2.512554228305816650e-01
0.000000000000000000e+00,2.017877399921417236e-01
0.000000000000000000e+00,2.063852548599243164e-01
0.000000000000000000e+00,2.092976570129394531e-01
0.000000000000000000e+00,2.145834118127822876e-01
0.000000000000000000e+00,2.147359699010848999e-01
0.000000000000000000e+00,2.831236124038696289e-01
0.000000000000000000e+00,2.475197464227676392e-01
0.000000000000000000e+00,2.049904614686965942e-01
0.000000000000000000e+00,2.644762396812438965e-01
0.000000000000000000e+00,2.089463025331497192e-01
0.000000000000000000e+00,1.895468533039093018e-01
0.000000000000000000e+00,2.330601364374160767e-01
0.000000000000000000e+00,1.976651102304458618e-01
0.000000000000000000e+00,2.680995762348175049e-01
0.000000000000000000e+00,2.205045968294143677e-01
0.000000000000000000e+00,2.213408350944519043e-01
0.000000000000000000e+00,2.319697737693786621e-01
0.000000000000000000e+00,1.984190046787261963e-01
0.000000000000000000e+00,2.099023014307022095e-01
0.000000000000000000e+00,2.278813868761062622e-01
0.000000000000000000e+00,2.196197211742401123e-01
0.000000000000000000e+00,1.896094679832458496e-01
0.000000000000000000e+00,2.113210856914520264e-01
0.000000000000000000e+00,1.672390252351760864e-01
0.000000000000000000e+00,2.106270343065261841e-01
0.000000000000000000e+00,2.738498747348785400e-01
0.000000000000000000e+00,2.000018656253814697e-01
0.000000000000000000e+00,2.296608388423919678e-01
0.000000000000000000e+00,2.109277248382568359e-01
0.000000000000000000e+00,2.027408331632614136e-01
0.000000000000000000e+00,1.877540349960327148e-01
0.000000000000000000e+00,2.057014703750610352e-01
0.000000000000000000e+00,2.069937437772750854e-01
0.000000000000000000e+00,1.942308098077774048e-01
0.000000000000000000e+00,2.381889671087265015e-01
0.000000000000000000e+00,2.863274216651916504e-01
0.000000000000000000e+00,2.202196568250656128e-01
0.000000000000000000e+00,2.784068584442138672e-01
0.000000000000000000e+00,2.431903183460235596e-01
0.000000000000000000e+00,2.825929224491119385e-01
0.000000000000000000e+00,2.045389115810394287e-01
0.000000000000000000e+00,1.883555948734283447e-01
0.000000000000000000e+00,2.227854281663894653e-01
0.000000000000000000e+00,2.112214118242263794e-01
0.000000000000000000e+00,2.435492277145385742e-01
0.000000000000000000e+00,1.953440755605697632e-01
0.000000000000000000e+00,1.705992221832275391e-01
0.000000000000000000e+00,2.093544304370880127e-01
0.000000000000000000e+00,1.775000244379043579e-01
0.000000000000000000e+00,2.108992189168930054e-01
0.000000000000000000e+00,2.709304094314575195e-01
0.000000000000000000e+00,2.217487543821334839e-01
0.000000000000000000e+00,1.772830337285995483e-01
0.000000000000000000e+00,2.181493639945983887e-01
0.000000000000000000e+00,2.210438549518585205e-01
0.000000000000000000e+00,1.953807324171066284e-01
0.000000000000000000e+00,2.298524826765060425e-01
0.000000000000000000e+00,2.392868697643280029e-01
0.000000000000000000e+00,2.406204044818878174e-01
0.000000000000000000e+00,2.115599811077117920e-01
0.000000000000000000e+00,2.160493731498718262e-01
0.000000000000000000e+00,3.806216418743133545e-01
0.000000000000000000e+00,2.182535976171493530e-01
0.000000000000000000e+00,2.036660909652709961e-01
0.000000000000000000e+00,2.781822085380554199e-01
0.000000000000000000e+00,2.110572904348373413e-01
0.000000000000000000e+00,2.449942976236343384e-01
0.000000000000000000e+00,2.047588378190994263e-01
0.000000000000000000e+00,2.338150888681411743e-01
0.000000000000000000e+00,2.115676701068878174e-01
0.000000000000000000e+00,2.100864797830581665e-01
0.000000000000000000e+00,2.520326077938079834e-01
0.000000000000000000e+00,2.191689759492874146e-01
0.000000000000000000e+00,1.798558384180068970e-01
0.000000000000000000e+00,2.039377540349960327e-01
0.000000000000000000e+00,2.003693282604217529e-01
0.000000000000000000e+00,2.115792036056518555e-01
0.000000000000000000e+00,2.168456166982650757e-01
0.000000000000000000e+00,2.006565332412719727e-01
0.000000000000000000e+00,1.993953287601470947e-01
0.000000000000000000e+00,1.931919902563095093e-01
0.000000000000000000e+00,2.213585376739501953e-01
0.000000000000000000e+00,2.416903823614120483e-01
0.000000000000000000e+00,2.276969701051712036e-01
0.000000000000000000e+00,2.509642839431762695e-01
0.000000000000000000e+00,2.968928813934326172e-01
0.000000000000000000e+00,2.460551559925079346e-01
0.000000000000000000e+00,2.314796745777130127e-01
0.000000000000000000e+00,1.988098621368408203e-01
0.000000000000000000e+00,1.845314204692840576e-01
0.000000000000000000e+00,1.850274056196212769e-01
0.000000000000000000e+00,1.801658421754837036e-01
0.000000000000000000e+00,2.530139684677124023e-01
0.000000000000000000e+00,1.875819265842437744e-01
0.000000000000000000e+00,2.840638160705566406e-01
0.000000000000000000e+00,2.347806543111801147e-01
0.000000000000000000e+00,2.250079065561294556e-01
0.000000000000000000e+00,3.000428080558776855e-01
0.000000000000000000e+00,2.284262627363204956e-01
0.000000000000000000e+00,2.081619650125503540e-01
0.000000000000000000e+00,2.149397581815719604e-01
0.000000000000000000e+00,2.040346711874008179e-01
0.000000000000000000e+00,2.314219027757644653e-01
0.000000000000000000e+00,2.381347417831420898e-01
0.000000000000000000e+00,2.627630829811096191e-01
0.000000000000000000e+00,2.981898188591003418e-01
0.000000000000000000e+00,2.582128942012786865e-01
0.000000000000000000e+00,2.210761606693267822e-01
0.000000000000000000e+00,2.155779153108596802e-01
0.000000000000000000e+00,2.089108526706695557e-01
0.000000000000000000e+00,2.664699256420135498e-01
0.000000000000000000e+00,1.961345970630645752e-01
0.000000000000000000e+00,1.861632317304611206e-01
0.000000000000000000e+00,2.047289907932281494e-01
0.000000000000000000e+00,1.989126354455947876e-01
0.000000000000000000e+00,1.883081346750259399e-01
0.000000000000000000e+00,2.292866855859756470e-01
0.000000000000000000e+00,2.063820213079452515e-01
0.000000000000000000e+00,1.919575780630111694e-01
0.000000000000000000e+00,2.509001791477203369e-01
0.000000000000000000e+00,1.974996626377105713e-01
0.000000000000000000e+00,2.489433437585830688e-01
0.000000000000000000e+00,2.246299684047698975e-01
0.000000000000000000e+00,2.336058318614959717e-01
0.000000000000000000e+00,1.963732689619064331e-01
0.000000000000000000e+00,1.920919865369796753e-01
0.000000000000000000e+00,2.104226201772689819e-01
0.000000000000000000e+00,2.797223627567291260e-01
0.000000000000000000e+00,2.125279009342193604e-01
0.000000000000000000e+00,2.156643569469451904e-01
0.000000000000000000e+00,2.226914316415786743e-01
0.000000000000000000e+00,2.120795845985412598e-01
0.000000000000000000e+00,2.194292396306991577e-01
0.000000000000000000e+00,2.014576494693756104e-01
0.000000000000000000e+00,2.271810770034790039e-01
0.000000000000000000e+00,2.506545186042785645e-01
0.000000000000000000e+00,1.837468147277832031e-01
0.000000000000000000e+00,2.223435640335083008e-01
0.000000000000000000e+00,2.275957167148590088e-01
0.000000000000000000e+00,2.221929579973220825e-01
0.000000000000000000e+00,2.174743711948394775e-01
0.000000000000000000e+00,2.469549775123596191e-01
0.000000000000000000e+00,2.800318598747253418e-01
0.000000000000000000e+00,2.237489074468612671e-01
0.000000000000000000e+00,2.250948995351791382e-01
0.000000000000000000e+00,1.932752877473831177e-01
0.000000000000000000e+00,2.731899321079254150e-01
0.000000000000000000e+00,2.896338999271392822e-01
0.000000000000000000e+00,2.269735336303710938e-01
0.000000000000000000e+00,2.849150002002716064e-01
0.000000000000000000e+00,2.253896445035934448e-01
0.000000000000000000e+00,3.029411733150482178e-01
0.000000000000000000e+00,2.390248626470565796e-01
0.000000000000000000e+00,2.059072256088256836e-01
0.000000000000000000e+00,2.502151131629943848e-01
0.000000000000000000e+00,2.064777314662933350e-01
0.000000000000000000e+00,2.280796617269515991e-01
0.000000000000000000e+00,2.229640781879425049e-01
0.000000000000000000e+00,3.262640237808227539e-01
0.000000000000000000e+00,2.569910883903503418e-01
0.000000000000000000e+00,2.385650277137756348e-01
0.000000000000000000e+00,2.322295308113098145e-01
0.000000000000000000e+00,2.033256739377975464e-01
0.000000000000000000e+00,2.068881541490554810e-01
0.000000000000000000e+00,2.421249002218246460e-01
0.000000000000000000e+00,2.935123443603515625e-01
0.000000000000000000e+00,2.407739460468292236e-01
0.000000000000000000e+00,2.391034066677093506e-01
0.000000000000000000e+00,2.333388328552246094e-01
0.000000000000000000e+00,2.238956689834594727e-01
0.000000000000000000e+00,2.695949673652648926e-01
0.000000000000000000e+00,2.646466195583343506e-01
0.000000000000000000e+00,2.259057164192199707e-01
0.000000000000000000e+00,2.100870311260223389e-01
0.000000000000000000e+00,2.364759147167205811e-01
0.000000000000000000e+00,2.824987471103668213e-01
0.000000000000000000e+00,2.343909442424774170e-01
0.000000000000000000e+00,2.419838309288024902e-01
0.000000000000000000e+00,2.470219135284423828e-01
0.000000000000000000e+00,2.861487567424774170e-01
0.000000000000000000e+00,3.423173427581787109e-01
0.000000000000000000e+00,4.367525577545166016e-01
0.000000000000000000e+00,2.875716984272003174e-01
0.000000000000000000e+00,2.409172356128692627e-01
0.000000000000000000e+00,2.416028082370758057e-01
0.000000000000000000e+00,2.390286922454833984e-01
0.000000000000000000e+00,2.857389450073242188e-01
0.000000000000000000e+00,3.081500828266143799e-01
0.000000000000000000e+00,3.717119395732879639e-01
0.000000000000000000e+00,2.254570722579956055e-01
0.000000000000000000e+00,2.318853884935379028e-01
0.000000000000000000e+00,1.957828104496002197e-01
0.000000000000000000e+00,2.779656052589416504e-01
0.000000000000000000e+00,3.768634200096130371e-01
0.000000000000000000e+00,2.960171103477478027e-01
0.000000000000000000e+00,2.953995466232299805e-01
0.000000000000000000e+00,2.544222474098205566e-01
0.000000000000000000e+00,2.872682809829711914e-01
0.000000000000000000e+00,2.202747464179992676e-01
0.000000000000000000e+00,2.243946045637130737e-01
0.000000000000000000e+00,2.229580134153366089e-01
0.000000000000000000e+00,2.616353034973144531e-01
0.000000000000000000e+00,1.751804947853088379e-01
0.000000000000000000e+00,1.776166856288909912e-01
0.000000000000000000e+00,2.084365487098693848e-01
0.000000000000000000e+00,2.845582962036132812e-01
0.000000000000000000e+00,1.766475588083267212e-01
0.000000000000000000e+00,2.279884815216064453e-01
0.000000000000000000e+00,2.085925340652465820e-01
0.000000000000000000e+00,2.069447040557861328e-01
0.000000000000000000e+00,2.105627655982971191e-01
0.000000000000000000e+00,2.163501083850860596e-01
0.000000000000000000e+00,2.265433669090270996e-01
0.000000000000000000e+00,1.813755184412002563e-01
0.000000000000000000e+00,2.146547436714172363e-01
0.000000000000000000e+00,2.039639353752136230e-01
0.000000000000000000e+00,2.465423941612243652e-01
0.000000000000000000e+00,2.799037694931030273e-01
0.000000000000000000e+00,2.927218079566955566e-01
0.000000000000000000e+00,2.116457670927047729e-01
0.000000000000000000e+00,1.856857836246490479e-01
0.000000000000000000e+00,2.008264362812042236e-01
0.000000000000000000e+00,2.040259093046188354e-01
0.000000000000000000e+00,2.025775164365768433e-01
0.000000000000000000e+00,2.204196900129318237e-01
0.000000000000000000e+00,1.892889291048049927e-01
0.000000000000000000e+00,1.993663311004638672e-01
0.000000000000000000e+00,2.434804886579513550e-01
0.000000000000000000e+00,1.703468859195709229e-01
0.000000000000000000e+00,2.093015313148498535e-01
0.000000000000000000e+00,1.745541542768478394e-01
0.000000000000000000e+00,2.011328935623168945e-01
0.000000000000000000e+00,1.814822256565093994e-01
0.000000000000000000e+00,1.955542862415313721e-01
0.000000000000000000e+00,1.997081935405731201e-01
0.000000000000000000e+00,2.300361394882202148e-01
0.000000000000000000e+00,2.227106392383575439e-01
0.000000000000000000e+00,2.148959934711456299e-01
0.000000000000000000e+00,1.886242032051086426e-01
0.000000000000000000e+00,1.851468533277511597e-01
0.000000000000000000e+00,1.934641599655151367e-01
0.000000000000000000e+00,1.896903514862060547e-01
0.000000000000000000e+00,1.940301656723022461e-01
0.000000000000000000e+00,2.206645160913467407e-01
0.000000000000000000e+00,2.405319064855575562e-01
0.000000000000000000e+00,1.864634603261947632e-01
0.000000000000000000e+00,1.650837957859039307e-01
0.000000000000000000e+00,1.988427937030792236e-01
0.000000000000000000e+00,1.705093085765838623e-01
0.000000000000000000e+00,2.224891036748886108e-01
0.000000000000000000e+00,2.302806079387664795e-01
0.000000000000000000e+00,1.742189526557922363e-01
0.000000000000000000e+00,2.103167176246643066e-01
0.000000000000000000e+00,2.088546156883239746e-01
0.000000000000000000e+00,1.797897219657897949e-01
0.000000000000000000e+00,2.099852859973907471e-01
0.000000000000000000e+00,2.346166372299194336e-01
0.000000000000000000e+00,2.148731946945190430e-01
0.000000000000000000e+00,1.902440190315246582e-01
0.000000000000000000e+00,2.152552753686904907e-01
0.000000000000000000e+00,3.215664029121398926e-01
0.000000000000000000e+00,2.015903592109680176e-01
0.000000000000000000e+00,1.767078042030334473e-01
0.000000000000000000e+00,2.471472620964050293e-01
0.000000000000000000e+00,2.597250342369079590e-01
0.000000000000000000e+00,2.375790476799011230e-01
0.000000000000000000e+00,4.346019029617309570e-01
0.000000000000000000e+00,2.342222779989242554e-01
0.000000000000000000e+00,2.150948941707611084e-01
0.000000000000000000e+00,2.151158452033996582e-01
0.000000000000000000e+00,2.268250137567520142e-01
0.000000000000000000e+00,1.945183724164962769e-01
0.000000000000000000e+00,2.492748349905014038e-01
0.000000000000000000e+00,2.221695482730865479e-01
0.000000000000000000e+00,2.331907749176025391e-01
0.000000000000000000e+00,2.411999106407165527e-01
0.000000000000000000e+00,2.475147396326065063e-01
0.000000000000000000e+00,2.129980623722076416e-01
0.000000000000000000e+00,1.931125670671463013e-01
0.000000000000000000e+00,2.070566117763519287e-01
0.000000000000000000e+00,1.914647966623306274e-01
0.000000000000000000e+00,2.655059099197387695e-01
0.000000000000000000e+00,2.304871678352355957e-01
0.000000000000000000e+00,2.328578829765319824e-01
0.000000000000000000e+00,1.963492184877395630e-01
0.000000000000000000e+00,2.312455922365188599e-01
0.000000000000000000e+00,2.310829013586044312e-01
0.000000000000000000e+00,2.313757687807083130e-01
0.000000000000000000e+00,2.550932765007019043e-01
0.000000000000000000e+00,2.013352811336517334e-01
0.000000000000000000e+00,1.830164790153503418e-01
0.000000000000000000e+00,2.335276007652282715e-01
0.000000000000000000e+00,2.514004111289978027e-01
0.000000000000000000e+00,2.565701007843017578e-01
0.000000000000000000e+00,2.414615899324417114e-01
0.000000000000000000e+00,2.095080614089965820e-01
0.000000000000000000e+00,1.736159026622772217e-01
0.000000000000000000e+00,2.040500938892364502e-01
0.000000000000000000e+00,1.849483251571655273e-01
0.000000000000000000e+00,2.477447390556335449e-01
0.000000000000000000e+00,2.393472194671630859e-01
0.000000000000000000e+00,2.384243458509445190e-01
0.000000000000000000e+00,2.522447407245635986e-01
0.000000000000000000e+00,2.565917372703552246e-01
0.000000000000000000e+00,4.215896427631378174e-01
0.000000000000000000e+00,3.927876353263854980e-01
0.000000000000000000e+00,3.386611938476562500e-01
0.000000000000000000e+00,4.010191261768341064e-01
0.000000000000000000e+00,2.400586754083633423e-01
0.000000000000000000e+00,2.379995733499526978e-01
0.000000000000000000e+00,2.208575159311294556e-01
0.000000000000000000e+00,1.917238235473632812e-01
0.000000000000000000e+00,2.197099477052688599e-01
0.000000000000000000e+00,2.015292495489120483e-01
0.000000000000000000e+00,2.203401625156402588e-01
0.000000000000000000e+00,2.117231190204620361e-01
0.000000000000000000e+00,2.054815441370010376e-01
0.000000000000000000e+00,2.191413044929504395e-01
0.000000000000000000e+00,1.994991004467010498e-01
0.000000000000000000e+00,2.542439699172973633e-01
0.000000000000000000e+00,2.003043740987777710e-01
0.000000000000000000e+00,2.217683047056198120e-01
0.000000000000000000e+00,2.068142890930175781e-01
0.000000000000000000e+00,2.355692982673645020e-01
0.000000000000000000e+00,1.946116387844085693e-01
0.000000000000000000e+00,2.202436029911041260e-01
0.000000000000000000e+00,2.248488068580627441e-01
0.000000000000000000e+00,2.909968495368957520e-01
0.000000000000000000e+00,1.991942673921585083e-01
0.000000000000000000e+00,3.185733556747436523e-01
0.000000000000000000e+00,2.535024881362915039e-01
0.000000000000000000e+00,2.389451563358306885e-01
0.000000000000000000e+00,2.032804638147354126e-01
0.000000000000000000e+00,2.318177670240402222e-01
0.000000000000000000e+00,2.080241888761520386e-01
0.000000000000000000e+00,2.203226536512374878e-01
0.000000000000000000e+00,2.085079252719879150e-01
0.000000000000000000e+00,2.121249288320541382e-01
0.000000000000000000e+00,2.948030233383178711e-01
0.000000000000000000e+00,2.307993769645690918e-01
0.000000000000000000e+00,2.880878150463104248e-01
0.000000000000000000e+00,2.481672763824462891e-01
0.000000000000000000e+00,3.044036626815795898e-01
0.000000000000000000e+00,2.640431225299835205e-01
0.000000000000000000e+00,2.141675353050231934e-01
0.000000000000000000e+00,1.913923621177673340e-01
0.000000000000000000e+00,2.625032067298889160e-01
0.000000000000000000e+00,2.506237030029296875e-01
0.000000000000000000e+00,1.948616951704025269e-01
0.000000000000000000e+00,2.475773096084594727e-01
0.000000000000000000e+00,2.493108659982681274e-01
0.000000000000000000e+00,2.490063607692718506e-01
0.000000000000000000e+00,2.677157819271087646e-01
0.000000000000000000e+00,2.439049631357192993e-01
0.000000000000000000e+00,3.005343675613403320e-01
0.000000000000000000e+00,4.143655002117156982e-01
0.000000000000000000e+00,2.270070314407348633e-01
0.000000000000000000e+00,2.148445844650268555e-01
0.000000000000000000e+00,1.858996450901031494e-01
0.000000000000000000e+00,2.576996982097625732e-01
0.000000000000000000e+00,2.396550029516220093e-01
0.000000000000000000e+00,2.116006463766098022e-01
0.000000000000000000e+00,3.501293659210205078e-01
0.000000000000000000e+00,1.991205811500549316e-01
0.000000000000000000e+00,2.121076881885528564e-01
0.000000000000000000e+00,2.348349243402481079e-01
0.000000000000000000e+00,2.009408324956893921e-01
0.000000000000000000e+00,1.806676089763641357e-01
0.000000000000000000e+00,2.565631270408630371e-01
0.000000000000000000e+00,2.189916670322418213e-01
0.000000000000000000e+00,2.013036608695983887e-01
0.000000000000000000e+00,2.438465058803558350e-01
0.000000000000000000e+00,2.365142703056335449e-01
0.000000000000000000e+00,2.507921755313873291e-01
0.000000000000000000e+00,1.998563259840011597e-01
0.000000000000000000e+00,2.043253183364868164e-01
0.000000000000000000e+00,2.288899123668670654e-01
0.000000000000000000e+00,2.076277583837509155e-01
0.000000000000000000e+00,2.736267149448394775e-01
0.000000000000000000e+00,2.846783101558685303e-01
0.000000000000000000e+00,2.105891853570938110e-01
0.000000000000000000e+00,3.076506257057189941e-01
0.000000000000000000e+00,3.453037738800048828e-01
0.000000000000000000e+00,2.264607399702072144e-01
0.000000000000000000e+00,2.582632899284362793e-01
0.000000000000000000e+00,2.471043169498443604e-01
0.000000000000000000e+00,2.278300672769546509e-01
0.000000000000000000e+00,2.453835457563400269e-01
0.000000000000000000e+00,2.603274881839752197e-01
0.000000000000000000e+00,2.219306826591491699e-01
0.000000000000000000e+00,2.155332863330841064e-01
0.000000000000000000e+00,2.644613981246948242e-01
0.000000000000000000e+00,2.264047712087631226e-01
0.000000000000000000e+00,2.391898185014724731e-01
0.000000000000000000e+00,2.573458254337310791e-01
0.000000000000000000e+00,2.201118022203445435e-01
0.000000000000000000e+00,2.772797942161560059e-01
0.000000000000000000e+00,2.656700909137725830e-01
0.000000000000000000e+00,2.800515294075012207e-01
0.000000000000000000e+00,2.279095947742462158e-01
0.000000000000000000e+00,2.408528178930282593e-01
0.000000000000000000e+00,2.056648135185241699e-01
0.000000000000000000e+00,2.483366578817367554e-01
0.000000000000000000e+00,2.944956719875335693e-01
0.000000000000000000e+00,2.482230663299560547e-01
0.000000000000000000e+00,2.194000184535980225e-01
0.000000000000000000e+00,2.067620009183883667e-01
0.000000000000000000e+00,2.297087013721466064e-01
0.000000000000000000e+00,2.329389154911041260e-01
0.000000000000000000e+00,2.470487058162689209e-01
0.000000000000000000e+00,3.196280896663665771e-01
0.000000000000000000e+00,2.530205547809600830e-01
0.000000000000000000e+00,2.259211689233779907e-01
0.000000000000000000e+00,2.068683207035064697e-01
0.000000000000000000e+00,2.158828079700469971e-01
0.000000000000000000e+00,2.013776004314422607e-01
0.000000000000000000e+00,2.480726242065429688e-01
0.000000000000000000e+00,3.406313359737396240e-01
0.000000000000000000e+00,2.149597704410552979e-01
0.000000000000000000e+00,2.097122520208358765e-01
0.000000000000000000e+00,2.267230600118637085e-01
0.000000000000000000e+00,2.000300437211990356e-01
0.000000000000000000e+00,2.202079743146896362e-01
0.000000000000000000e+00,2.243203073740005493e-01
0.000000000000000000e+00,2.287205159664154053e-01
0.000000000000000000e+00,1.750925332307815552e-01
0.000000000000000000e+00,2.235490828752517700e-01
0.000000000000000000e+00,2.266689538955688477e-01
0.000000000000000000e+00,2.026341855525970459e-01
0.000000000000000000e+00,2.272384911775588989e-01
0.000000000000000000e+00,2.058871835470199585e-01
0.000000000000000000e+00,2.125845849514007568e-01
0.000000000000000000e+00,2.341868132352828979e-01
0.000000000000000000e+00,2.192852050065994263e-01
0.000000000000000000e+00,2.208894193172454834e-01
0.000000000000000000e+00,2.583377361297607422e-01
0.000000000000000000e+00,1.841153204441070557e-01
0.000000000000000000e+00,2.152564525604248047e-01
0.000000000000000000e+00,2.257670611143112183e-01
0.000000000000000000e+00,2.038048803806304932e-01
0.000000000000000000e+00,2.701603472232818604e-01
0.000000000000000000e+00,1.891242116689682007e-01
0.000000000000000000e+00,1.880907118320465088e-01
0.000000000000000000e+00,2.132449746131896973e-01
0.000000000000000000e+00,1.790733337402343750e-01
0.000000000000000000e+00,2.022297084331512451e-01
0.000000000000000000e+00,1.689878553152084351e-01
0.000000000000000000e+00,2.653793990612030029e-01
0.000000000000000000e+00,2.161988615989685059e-01
0.000000000000000000e+00,2.582207322120666504e-01
0.000000000000000000e+00,2.061441540718078613e-01
0.000000000000000000e+00,1.750579029321670532e-01
0.000000000000000000e+00,2.287868559360504150e-01
0.000000000000000000e+00,1.984748244285583496e-01
0.000000000000000000e+00,2.416626811027526855e-01
0.000000000000000000e+00,2.016344517469406128e-01
0.000000000000000000e+00,1.964426487684249878e-01
0.000000000000000000e+00,2.294335067272186279e-01
0.000000000000000000e+00,2.469386011362075806e-01
0.000000000000000000e+00,2.303388714790344238e-01
0.000000000000000000e+00,2.454733103513717651e-01
0.000000000000000000e+00,2.322903871536254883e-01
0.000000000000000000e+00,2.568522393703460693e-01
0.000000000000000000e+00,2.117851525545120239e-01
0.000000000000000000e+00,2.406624108552932739e-01
0.000000000000000000e+00,2.570215761661529541e-01
0.000000000000000000e+00,2.378796488046646118e-01
0.000000000000000000e+00,2.405163496732711792e-01
0.000000000000000000e+00,3.468082249164581299e-01
0.000000000000000000e+00,2.393313646316528320e-01
0.000000000000000000e+00,2.841704189777374268e-01
0.000000000000000000e+00,3.196272850036621094e-01
0.000000000000000000e+00,2.951957285404205322e-01
0.000000000000000000e+00,2.366560250520706177e-01
0.000000000000000000e+00,2.332905530929565430e-01
0.000000000000000000e+00,2.001774609088897705e-01
0.000000000000000000e+00,2.811866104602813721e-01
0.000000000000000000e+00,3.779250383377075195e-01
0.000000000000000000e+00,3.002800047397613525e-01
0.000000000000000000e+00,2.758073806762695312e-01
0.000000000000000000e+00,2.259589433670043945e-01
0.000000000000000000e+00,2.282103896141052246e-01
1.000000000000000000e+00,4.673509895801544189e-01
1.000000000000000000e+00,6.264262199401855469e-01
1.000000000000000000e+00,5.977804064750671387e-01
1.000000000000000000e+00,4.854668974876403809e-01
1.000000000000000000e+00,4.486315250396728516e-01
1.000000000000000000e+00,5.171765089035034180e-01
1.000000000000000000e+00,5.025753378868103027e-01
1.000000000000000000e+00,4.337953627109527588e-01
1.000000000000000000e+00,5.359659194946289062e-01
1.000000000000000000e+00,4.549508988857269287e-01
1.000000000000000000e+00,5.249099731445312500e-01
1.000000000000000000e+00,5.291442871093750000e-01
1.000000000000000000e+00,4.694006741046905518e-01
1.000000000000000000e+00,4.760099649429321289e-01
1.000000000000000000e+00,4.408115744590759277e-01
1.000000000000000000e+00,4.471178352832794189e-01
1.000000000000000000e+00,4.385256469249725342e-01
1.000000000000000000e+00,4.659742414951324463e-01
1.000000000000000000e+00,4.734217524528503418e-01
1.000000000000000000e+00,3.984223604202270508e-01
1.000000000000000000e+00,4.818957448005676270e-01
1.000000000000000000e+00,4.830564260482788086e-01
1.000000000000000000e+00,5.179852247238159180e-01
1.000000000000000000e+00,5.082346796989440918e-01
1.000000000000000000e+00,6.120405793190002441e-01
1.000000000000000000e+00,4.523646831512451172e-01
1.000000000000000000e+00,4.509990215301513672e-01
1.000000000000000000e+00,4.960867166519165039e-01
1.000000000000000000e+00,4.690400063991546631e-01
1.000000000000000000e+00,5.098212957382202148e-01
1.000000000000000000e+00,5.377373099327087402e-01
1.000000000000000000e+00,4.734886586666107178e-01
1.000000000000000000e+00,4.751831889152526855e-01
1.000000000000000000e+00,4.229308962821960449e-01
1.000000000000000000e+00,4.473415017127990723e-01
1.000000000000000000e+00,4.984952211380004883e-01
1.000000000000000000e+00,5.574223399162292480e-01
1.000000000000000000e+00,4.888212680816650391e-01
1.000000000000000000e+00,4.401530027389526367e-01
1.000000000000000000e+00,4.315439462661743164e-01
1.000000000000000000e+00,4.538183212280273438e-01
1.000000000000000000e+00,5.901389718055725098e-01
1.000000000000000000e+00,4.882192015647888184e-01
1.000000000000000000e+00,5.523419380187988281e-01
1.000000000000000000e+00,3.910804390907287598e-01
1.000000000000000000e+00,4.854843914508819580e-01
1.000000000000000000e+00,4.465978145599365234e-01
1.000000000000000000e+00,4.764770269393920898e-01
1.000000000000000000e+00,4.926086366176605225e-01
1.000000000000000000e+00,4.369855523109436035e-01
1.000000000000000000e+00,4.123167395591735840e-01
1.000000000000000000e+00,4.815842211246490479e-01
1.000000000000000000e+00,4.578590691089630127e-01
1.000000000000000000e+00,4.992657899856567383e-01
1.000000000000000000e+00,4.012559354305267334e-01
1.000000000000000000e+00,4.741647839546203613e-01
1.000000000000000000e+00,4.473897814750671387e-01
1.000000000000000000e+00,4.261268675327301025e-01
1.000000000000000000e+00,4.076575636863708496e-01
1.000000000000000000e+00,4.808472990989685059e-01
1.000000000000000000e+00,5.469362139701843262e-01
1.000000000000000000e+00,4.645257592201232910e-01
1.000000000000000000e+00,4.507152438163757324e-01
1.000000000000000000e+00,5.502361059188842773e-01
1.000000000000000000e+00,4.651239216327667236e-01
1.000000000000000000e+00,4.448812305927276611e-01
1.000000000000000000e+00,4.410576820373535156e-01
1.000000000000000000e+00,4.257034063339233398e-01
1.000000000000000000e+00,4.827385842800140381e-01
1.000000000000000000e+00,4.146197438240051270e-01
1.000000000000000000e+00,5.177135467529296875e-01
1.000000000000000000e+00,5.322450399398803711e-01
1.000000000000000000e+00,4.366863667964935303e-01
1.000000000000000000e+00,5.140542387962341309e-01
1.000000000000000000e+00,5.004081130027770996e-01
1.000000000000000000e+00,4.798659384250640869e-01
1.000000000000000000e+00,4.560845494270324707e-01
1.000000000000000000e+00,4.644483327865600586e-01
1.000000000000000000e+00,4.908872842788696289e-01
1.000000000000000000e+00,4.494188427925109863e-01
1.000000000000000000e+00,4.108416736125946045e-01
1.000000000000000000e+00,4.766455292701721191e-01
1.000000000000000000e+00,5.435850024223327637e-01
1.000000000000000000e+00,4.771909713745117188e-01
1.000000000000000000e+00,4.940563440322875977e-01
1.000000000000000000e+00,5.620236992835998535e-01
1.000000000000000000e+00,4.568880796432495117e-01
1.000000000000000000e+00,4.680894911289215088e-01
1.000000000000000000e+00,5.418052673339843750e-01
1.000000000000000000e+00,5.143403410911560059e-01
1.000000000000000000e+00,4.498582780361175537e-01
1.000000000000000000e+00,5.650223493576049805e-01
1.000000000000000000e+00,4.104316830635070801e-01
1.000000000000000000e+00,4.985923171043395996e-01
1.000000000000000000e+00,4.758882820606231689e-01
1.000000000000000000e+00,6.180829405784606934e-01
1.000000000000000000e+00,4.578345417976379395e-01
1.000000000000000000e+00,5.179976224899291992e-01
1.000000000000000000e+00,4.852011799812316895e-01
1.000000000000000000e+00,5.157471895217895508e-01
1.000000000000000000e+00,4.407681226730346680e-01
1.000000000000000000e+00,4.488717913627624512e-01
1.000000000000000000e+00,4.460783600807189941e-01
1.000000000000000000e+00,5.568349361419677734e-01
1.000000000000000000e+00,5.149863958358764648e-01
1.000000000000000000e+00,5.148553848266601562e-01
1.000000000000000000e+00,4.729562401771545410e-01
1.000000000000000000e+00,5.050526857376098633e-01
1.000000000000000000e+00,5.852258205413818359e-01
1.000000000000000000e+00,4.624641537666320801e-01
1.000000000000000000e+00,5.359350442886352539e-01
1.000000000000000000e+00,5.326750278472900391e-01
1.000000000000000000e+00,5.041602253913879395e-01
1.000000000000000000e+00,5.075619220733642578e-01
1.000000000000000000e+00,4.805637300014495850e-01
1.000000000000000000e+00,4.401087760925292969e-01
1.000000000000000000e+00,4.897804856300354004e-01
1.000000000000000000e+00,4.051671028137207031e-01
1.000000000000000000e+00,4.522497057914733887e-01
1.000000000000000000e+00,4.120898842811584473e-01
1.000000000000000000e+00,5.021958947181701660e-01
1.000000000000000000e+00,4.306859076023101807e-01
1.000000000000000000e+00,4.580838680267333984e-01
1.000000000000000000e+00,4.927290976047515869e-01
1.000000000000000000e+00,4.989136457443237305e-01
1.000000000000000000e+00,3.792047798633575439e-01
1.000000000000000000e+00,4.413716495037078857e-01
1.000000000000000000e+00,4.480646848678588867e-01
1.000000000000000000e+00,4.674035608768463135e-01
1.000000000000000000e+00,4.833384156227111816e-01
1.000000000000000000e+00,4.739550054073333740e-01
1.000000000000000000e+00,5.196536183357238770e-01
1.000000000000000000e+00,4.827758073806762695e-01
1.000000000000000000e+00,4.711855649948120117e-01
1.000000000000000000e+00,4.490813612937927246e-01
1.000000000000000000e+00,4.975959360599517822e-01
1.000000000000000000e+00,4.307389557361602783e-01
1.000000000000000000e+00,4.522424936294555664e-01
1.000000000000000000e+00,4.940205812454223633e-01
1.000000000000000000e+00,4.662737846374511719e-01
1.000000000000000000e+00,4.103356003761291504e-01
1.000000000000000000e+00,5.189233422279357910e-01
1.000000000000000000e+00,4.900648891925811768e-01
1.000000000000000000e+00,4.809685945510864258e-01
1.000000000000000000e+00,4.248338639736175537e-01
1.000000000000000000e+00,4.965394139289855957e-01
1.000000000000000000e+00,5.007525682449340820e-01
1.000000000000000000e+00,4.368042647838592529e-01
1.000000000000000000e+00,4.570063352584838867e-01
1.000000000000000000e+00,5.256600379943847656e-01
1.000000000000000000e+00,5.276961326599121094e-01
1.000000000000000000e+00,4.943633377552032471e-01
1.000000000000000000e+00,4.497113525867462158e-01
1.000000000000000000e+00,4.131299257278442383e-01
1.000000000000000000e+00,4.749021530151367188e-01
1.000000000000000000e+00,4.449945092201232910e-01
1.000000000000000000e+00,4.606757462024688721e-01
1.000000000000000000e+00,4.950181245803833008e-01
1.000000000000000000e+00,4.714172184467315674e-01
1.000000000000000000e+00,4.281545281410217285e-01
1.000000000000000000e+00,4.507379233837127686e-01
1.000000000000000000e+00,4.625433981418609619e-01
1.000000000000000000e+00,4.371934533119201660e-01
1.000000000000000000e+00,4.490301907062530518e-01
1.000000000000000000e+00,4.390377998352050781e-01
1.000000000000000000e+00,5.047482848167419434e-01
1.000000000000000000e+00,4.863635897636413574e-01
1.000000000000000000e+00,4.788497090339660645e-01
1.000000000000000000e+00,4.576373696327209473e-01
1.000000000000000000e+00,4.899702370166778564e-01
1.000000000000000000e+00,5.316712856292724609e-01
1.000000000000000000e+00,5.021261572837829590e-01
1.000000000000000000e+00,4.844096004962921143e-01
1.000000000000000000e+00,4.788765907287597656e-01
1.000000000000000000e+00,4.243479967117309570e-01
1.000000000000000000e+00,4.695678949356079102e-01
1.000000000000000000e+00,4.873040616512298584e-01
1.000000000000000000e+00,4.743793010711669922e-01
1.000000000000000000e+00,4.977322220802307129e-01
1.000000000000000000e+00,5.357321500778198242e-01
1.000000000000000000e+00,4.207787513732910156e-01
1.000000000000000000e+00,4.103976786136627197e-01
1.000000000000000000e+00,3.734213113784790039e-01
1.000000000000000000e+00,5.248008966445922852e-01
1.000000000000000000e+00,4.727803468704223633e-01
1.000000000000000000e+00,4.680180549621582031e-01
1.000000000000000000e+00,4.549270868301391602e-01
1.000000000000000000e+00,4.762898385524749756e-01
1.000000000000000000e+00,5.147948861122131348e-01
1.000000000000000000e+00,4.662105143070220947e-01
1.000000000000000000e+00,4.135432839393615723e-01
1.000000000000000000e+00,3.987497985363006592e-01
1.000000000000000000e+00,4.519509971141815186e-01
1.000000000000000000e+00,5.118457078933715820e-01
1.000000000000000000e+00,4.362500607967376709e-01
1.000000000000000000e+00,4.753226041793823242e-01
1.000000000000000000e+00,5.243965387344360352e-01
1.000000000000000000e+00,4.840438067913055420e-01
1.000000000000000000e+00,4.474670886993408203e-01
1.000000000000000000e+00,5.512698888778686523e-01
1.000000000000000000e+00,4.563232362270355225e-01
1.000000000000000000e+00,4.610202908515930176e-01
1.000000000000000000e+00,5.120628476142883301e-01
1.000000000000000000e+00,4.387000501155853271e-01
1.000000000000000000e+00,4.555228948593139648e-01
1.000000000000000000e+00,4.640458822250366211e-01
1.000000000000000000e+00,4.348193109035491943e-01
1.000000000000000000e+00,4.443402290344238281e-01
1.000000000000000000e+00,5.198750495910644531e-01
1.000000000000000000e+00,4.705591499805450439e-01
1.000000000000000000e+00,5.134701132774353027e-01
1.000000000000000000e+00,4.129785299301147461e-01
1.000000000000000000e+00,4.339022338390350342e-01
1.000000000000000000e+00,4.522176086902618408e-01
1.000000000000000000e+00,5.548657774925231934e-01
1.000000000000000000e+00,4.490196406841278076e-01
1.000000000000000000e+00,5.257945060729980469e-01
1.000000000000000000e+00,4.272601008415222168e-01
1.000000000000000000e+00,4.109694361686706543e-01
1.000000000000000000e+00,4.644777178764343262e-01
1.000000000000000000e+00,4.753239154815673828e-01
1.000000000000000000e+00,4.471125602722167969e-01
1.000000000000000000e+00,5.016796588897705078e-01
1.000000000000000000e+00,4.758193492889404297e-01
1.000000000000000000e+00,4.590324163436889648e-01
1.000000000000000000e+00,4.164498746395111084e-01
1.000000000000000000e+00,4.235470294952392578e-01
1.000000000000000000e+00,4.400331377983093262e-01
1.000000000000000000e+00,3.946613073348999023e-01
1.000000000000000000e+00,4.334353208541870117e-01
1.000000000000000000e+00,5.387543439865112305e-01
1.000000000000000000e+00,3.557276725769042969e-01
1.000000000000000000e+00,4.130806624889373779e-01
1.000000000000000000e+00,4.662668108940124512e-01
1.000000000000000000e+00,5.069003105163574219e-01
1.000000000000000000e+00,4.933540225028991699e-01
1.000000000000000000e+00,4.459823071956634521e-01
1.000000000000000000e+00,5.073393583297729492e-01
1.000000000000000000e+00,5.043053627014160156e-01
1.000000000000000000e+00,5.421082973480224609e-01
1.000000000000000000e+00,4.092402160167694092e-01
1.000000000000000000e+00,4.484558701515197754e-01
1.000000000000000000e+00,5.377988815307617188e-01
1.000000000000000000e+00,3.792049288749694824e-01
1.000000000000000000e+00,4.619874358177185059e-01
1.000000000000000000e+00,5.175818204879760742e-01
1.000000000000000000e+00,4.483747482299804688e-01
1.000000000000000000e+00,4.631242752075195312e-01
1.000000000000000000e+00,5.300852060317993164e-01
1.000000000000000000e+00,5.336320996284484863e-01
1.000000000000000000e+00,4.969441294670104980e-01
1.000000000000000000e+00,4.079105854034423828e-01
1.000000000000000000e+00,4.734567105770111084e-01
1.000000000000000000e+00,5.789363980293273926e-01
1.000000000000000000e+00,4.527303874492645264e-01
1.000000000000000000e+00,5.957190990447998047e-01
1.000000000000000000e+00,5.317564010620117188e-01
1.000000000000000000e+00,4.539085030555725098e-01
1.000000000000000000e+00,4.715173244476318359e-01
1.000000000000000000e+00,4.820010662078857422e-01
1.000000000000000000e+00,4.111540317535400391e-01
1.000000000000000000e+00,4.815807342529296875e-01
1.000000000000000000e+00,4.523840546607971191e-01
1.000000000000000000e+00,5.547046065330505371e-01
1.000000000000000000e+00,4.427630603313446045e-01
1.000000000000000000e+00,4.811168909072875977e-01
1.000000000000000000e+00,4.848827719688415527e-01
1.000000000000000000e+00,4.381377696990966797e-01
1.000000000000000000e+00,4.380189180374145508e-01
1.000000000000000000e+00,3.964118957519531250e-01
1.000000000000000000e+00,4.724665284156799316e-01
1.000000000000000000e+00,4.210471212863922119e-01
1.000000000000000000e+00,4.731551706790924072e-01
1.000000000000000000e+00,4.934488832950592041e-01
1.000000000000000000e+00,4.120907783508300781e-01
1.000000000000000000e+00,4.492492675781250000e-01
1.000000000000000000e+00,5.284323692321777344e-01
1.000000000000000000e+00,4.338942468166351318e-01
1.000000000000000000e+00,4.899751842021942139e-01
1.000000000000000000e+00,4.241893887519836426e-01
1.000000000000000000e+00,4.003210663795471191e-01
1.000000000000000000e+00,5.379501581192016602e-01
1.000000000000000000e+00,5.280623435974121094e-01
1.000000000000000000e+00,5.056947469711303711e-01
1.000000000000000000e+00,4.628050923347473145e-01
1.000000000000000000e+00,5.047265291213989258e-01
1.000000000000000000e+00,4.090959429740905762e-01
1.000000000000000000e+00,4.820809662342071533e-01
1.000000000000000000e+00,4.680040180683135986e-01
1.000000000000000000e+00,4.619832038879394531e-01
1.000000000000000000e+00,5.136376619338989258e-01
1.000000000000000000e+00,5.519272685050964355e-01
1.000000000000000000e+00,5.612853765487670898e-01
1.000000000000000000e+00,4.093429446220397949e-01
1.000000000000000000e+00,4.206094443798065186e-01
1.000000000000000000e+00,4.687964022159576416e-01
1.000000000000000000e+00,4.138289093971252441e-01
1.000000000000000000e+00,4.812404215335845947e-01
1.000000000000000000e+00,4.537390768527984619e-01
1.000000000000000000e+00,5.313428044319152832e-01
1.000000000000000000e+00,4.795312583446502686e-01
1.000000000000000000e+00,4.726241827011108398e-01
1.000000000000000000e+00,5.189169049263000488e-01
1.000000000000000000e+00,4.347455501556396484e-01
1.000000000000000000e+00,6.296142339706420898e-01
1.000000000000000000e+00,5.070109963417053223e-01
1.000000000000000000e+00,5.162245631217956543e-01
1.000000000000000000e+00,4.543938040733337402e-01
1.000000000000000000e+00,5.242260098457336426e-01
1.000000000000000000e+00,5.695750117301940918e-01
1.000000000000000000e+00,4.827334880828857422e-01
1.000000000000000000e+00,5.445574522018432617e-01
1.000000000000000000e+00,5.295999646186828613e-01
1.000000000000000000e+00,5.427374839782714844e-01
1.000000000000000000e+00,6.134338378906250000e-01
1.000000000000000000e+00,4.603380262851715088e-01
1.000000000000000000e+00,5.182518362998962402e-01
1.000000000000000000e+00,4.993659555912017822e-01
1.000000000000000000e+00,5.204181075096130371e-01
1.000000000000000000e+00,5.490771532058715820e-01
1.000000000000000000e+00,5.428055524826049805e-01
1.000000000000000000e+00,4.750325679779052734e-01
1.000000000000000000e+00,4.998136162757873535e-01
1.000000000000000000e+00,5.767300128936767578e-01
1.000000000000000000e+00,5.504907369613647461e-01
1.000000000000000000e+00,4.613098800182342529e-01
1.000000000000000000e+00,5.429810285568237305e-01
1.000000000000000000e+00,4.764204919338226318e-01
1.000000000000000000e+00,4.659097194671630859e-01
1.000000000000000000e+00,4.531171917915344238e-01
1.000000000000000000e+00,4.225005209445953369e-01
1.000000000000000000e+00,5.236599445343017578e-01
1.000000000000000000e+00,5.087502002716064453e-01
1.000000000000000000e+00,4.933485984802246094e-01
1.000000000000000000e+00,3.612136840820312500e-01
1.000000000000000000e+00,6.322236657142639160e-01
1.000000000000000000e+00,4.958510100841522217e-01
1.000000000000000000e+00,4.324206411838531494e-01
1.000000000000000000e+00,5.266250967979431152e-01
1.000000000000000000e+00,4.367717206478118896e-01
1.000000000000000000e+00,5.489067435264587402e-01
1.000000000000000000e+00,5.408823490142822266e-01
1.000000000000000000e+00,5.252455472946166992e-01
1.000000000000000000e+00,5.043119192123413086e-01
1.000000000000000000e+00,3.850253224372863770e-01
1.000000000000000000e+00,4.685190320014953613e-01
1.000000000000000000e+00,5.225533843040466309e-01
1.000000000000000000e+00,5.572533011436462402e-01
1.000000000000000000e+00,4.048313796520233154e-01
1.000000000000000000e+00,4.310979247093200684e-01
1.000000000000000000e+00,5.550005435943603516e-01
1.000000000000000000e+00,4.305810928344726562e-01
1.000000000000000000e+00,4.596475362777709961e-01
1.000000000000000000e+00,4.140333831310272217e-01
1.000000000000000000e+00,4.360205233097076416e-01
1.000000000000000000e+00,4.533029496669769287e-01
1.000000000000000000e+00,4.281706809997558594e-01
1.000000000000000000e+00,4.287381470203399658e-01
1.000000000000000000e+00,4.068930745124816895e-01
1.000000000000000000e+00,4.217086136341094971e-01
1.000000000000000000e+00,4.404351115226745605e-01
1.000000000000000000e+00,5.606645941734313965e-01
1.000000000000000000e+00,4.412498474121093750e-01
1.000000000000000000e+00,4.046863317489624023e-01
1.000000000000000000e+00,4.683416187763214111e-01
1.000000000000000000e+00,5.130732059478759766e-01
1.000000000000000000e+00,4.585828781127929688e-01
1.000000000000000000e+00,4.343535304069519043e-01
1.000000000000000000e+00,4.714682102203369141e-01
1.000000000000000000e+00,4.366974234580993652e-01
1.000000000000000000e+00,4.100826680660247803e-01
1.000000000000000000e+00,5.163422226905822754e-01
1.000000000000000000e+00,4.475683271884918213e-01
1.000000000000000000e+00,4.772232770919799805e-01
1.000000000000000000e+00,5.332301855087280273e-01
1.000000000000000000e+00,5.136548876762390137e-01
1.000000000000000000e+00,4.583446979522705078e-01
1.000000000000000000e+00,4.953814744949340820e-01
1.000000000000000000e+00,5.025479197502136230e-01
1.000000000000000000e+00,4.519587457180023193e-01
1.000000000000000000e+00,4.266104400157928467e-01
1.000000000000000000e+00,4.401041865348815918e-01
1.000000000000000000e+00,4.900158643722534180e-01
1.000000000000000000e+00,5.645489692687988281e-01
1.000000000000000000e+00,5.100840330123901367e-01
1.000000000000000000e+00,5.492331385612487793e-01
1.000000000000000000e+00,4.485881924629211426e-01
1.000000000000000000e+00,4.667671918869018555e-01
1.000000000000000000e+00,3.861806392669677734e-01
1.000000000000000000e+00,4.720687270164489746e-01
1.000000000000000000e+00,4.177407920360565186e-01
1.000000000000000000e+00,4.533902704715728760e-01
1.000000000000000000e+00,5.262503027915954590e-01
1.000000000000000000e+00,4.602217972278594971e-01
1.000000000000000000e+00,5.673639178276062012e-01
1.000000000000000000e+00,4.953425526618957520e-01
1.000000000000000000e+00,5.044115781784057617e-01
1.000000000000000000e+00,4.409098625183105469e-01
1.000000000000000000e+00,3.853791356086730957e-01
1.000000000000000000e+00,4.065848886966705322e-01
1.000000000000000000e+00,5.018644332885742188e-01
1.000000000000000000e+00,4.514342844486236572e-01
1.000000000000000000e+00,4.990402758121490479e-01
1.000000000000000000e+00,4.534287154674530029e-01
1.000000000000000000e+00,4.697082936763763428e-01
1.000000000000000000e+00,4.635317027568817139e-01
1.000000000000000000e+00,5.435279011726379395e-01
1.000000000000000000e+00,5.768403410911560059e-01
1.000000000000000000e+00,4.836149513721466064e-01
1.000000000000000000e+00,4.568292200565338135e-01
1.000000000000000000e+00,4.862071275711059570e-01
1.000000000000000000e+00,5.068857073783874512e-01
1.000000000000000000e+00,4.717840850353240967e-01
1.000000000000000000e+00,5.027414560317993164e-01
1.000000000000000000e+00,4.774702191352844238e-01
1.000000000000000000e+00,4.177771508693695068e-01
1.000000000000000000e+00,4.649116396903991699e-01
1.000000000000000000e+00,4.409892857074737549e-01
1.000000000000000000e+00,4.076973795890808105e-01
1.000000000000000000e+00,4.482330083847045898e-01
1.000000000000000000e+00,5.067778229713439941e-01
1.000000000000000000e+00,4.310939908027648926e-01
1.000000000000000000e+00,5.074785351753234863e-01
1.000000000000000000e+00,5.277473330497741699e-01
1.000000000000000000e+00,4.530446231365203857e-01
1.000000000000000000e+00,4.529499709606170654e-01
1.000000000000000000e+00,5.160742402076721191e-01
1.000000000000000000e+00,4.447938203811645508e-01
1.000000000000000000e+00,5.091148614883422852e-01
1.000000000000000000e+00,4.363923370838165283e-01
1.000000000000000000e+00,4.150170683860778809e-01
1.000000000000000000e+00,4.793500900268554688e-01
1.000000000000000000e+00,5.616343021392822266e-01
1.000000000000000000e+00,4.050203561782836914e-01
1.000000000000000000e+00,4.297790825366973877e-01
1.000000000000000000e+00,4.786068201065063477e-01
1.000000000000000000e+00,4.553707838058471680e-01
1.000000000000000000e+00,4.302222728729248047e-01
1.000000000000000000e+00,4.667933881282806396e-01
1.000000000000000000e+00,4.563643634319305420e-01
1.000000000000000000e+00,3.946756124496459961e-01
1.000000000000000000e+00,3.971073329448699951e-01
1.000000000000000000e+00,4.974511265754699707e-01
1.000000000000000000e+00,4.507032036781311035e-01
1.000000000000000000e+00,5.725877881050109863e-01
1.000000000000000000e+00,4.660023450851440430e-01
1.000000000000000000e+00,5.538655519485473633e-01
1.000000000000000000e+00,4.979907274246215820e-01
1.000000000000000000e+00,5.838557481765747070e-01
1.000000000000000000e+00,5.078412294387817383e-01
1.000000000000000000e+00,4.114764034748077393e-01
1.000000000000000000e+00,5.878959298133850098e-01
1.000000000000000000e+00,4.963763058185577393e-01
1.000000000000000000e+00,5.240125060081481934e-01
1.000000000000000000e+00,4.414883852005004883e-01
1.000000000000000000e+00,3.837839961051940918e-01
1.000000000000000000e+00,3.916627764701843262e-01
1.000000000000000000e+00,4.709388613700866699e-01
1.000000000000000000e+00,4.621099829673767090e-01
1.000000000000000000e+00,5.508401989936828613e-01
1.000000000000000000e+00,5.274787545204162598e-01
1.000000000000000000e+00,5.389478206634521484e-01
1.000000000000000000e+00,4.899199604988098145e-01
1.000000000000000000e+00,4.280937314033508301e-01
1.000000000000000000e+00,4.438992738723754883e-01
1.000000000000000000e+00,4.608503282070159912e-01
1.000000000000000000e+00,4.802901744842529297e-01
1.000000000000000000e+00,4.116325378417968750e-01
1.000000000000000000e+00,4.589975476264953613e-01
1.000000000000000000e+00,4.608326852321624756e-01
1.000000000000000000e+00,4.512711763381958008e-01
1.000000000000000000e+00,5.067102313041687012e-01
1.000000000000000000e+00,4.762165844440460205e-01
1.000000000000000000e+00,4.824130535125732422e-01
1.000000000000000000e+00,4.581748247146606445e-01
1.000000000000000000e+00,3.855777680873870850e-01
1.000000000000000000e+00,4.622493386268615723e-01
1.000000000000000000e+00,5.344461202621459961e-01
1.000000000000000000e+00,5.057012438774108887e-01
1.000000000000000000e+00,6.038488149642944336e-01
1.000000000000000000e+00,3.882574439048767090e-01
1.000000000000000000e+00,6.037809848785400391e-01
1.000000000000000000e+00,4.959864616394042969e-01
1.000000000000000000e+00,5.046241283416748047e-01
1.000000000000000000e+00,4.734732806682586670e-01
1.000000000000000000e+00,5.226053595542907715e-01
1.000000000000000000e+00,4.782787561416625977e-01
1.000000000000000000e+00,4.103635847568511963e-01
1.000000000000000000e+00,4.101542830467224121e-01
1.000000000000000000e+00,4.600436985492706299e-01
1.000000000000000000e+00,5.150513648986816406e-01
1.000000000000000000e+00,4.844834208488464355e-01
1.000000000000000000e+00,4.402147531509399414e-01
1.000000000000000000e+00,5.651010274887084961e-01
1.000000000000000000e+00,4.411723911762237549e-01
1.000000000000000000e+00,4.446141421794891357e-01
1.000000000000000000e+00,5.328749418258666992e-01
1.000000000000000000e+00,4.070429205894470215e-01
1.000000000000000000e+00,4.539863467216491699e-01
1.000000000000000000e+00,4.006454050540924072e-01
1.000000000000000000e+00,4.327445924282073975e-01
1.000000000000000000e+00,5.591875314712524414e-01
1.000000000000000000e+00,4.731261134147644043e-01
1.000000000000000000e+00,4.952198266983032227e-01
1.000000000000000000e+00,5.514448881149291992e-01
1.000000000000000000e+00,4.550853967666625977e-01
1.000000000000000000e+00,5.178967118263244629e-01
1.000000000000000000e+00,4.344505071640014648e-01
1.000000000000000000e+00,4.237583279609680176e-01
1.000000000000000000e+00,6.368680596351623535e-01
1.000000000000000000e+00,4.453164935111999512e-01
1.000000000000000000e+00,4.773394763469696045e-01
1.000000000000000000e+00,4.381491243839263916e-01
1.000000000000000000e+00,4.917545318603515625e-01
1.000000000000000000e+00,4.430973529815673828e-01
1.000000000000000000e+00,3.316634595394134521e-01
1.000000000000000000e+00,4.910582900047302246e-01
1.000000000000000000e+00,4.672075510025024414e-01
1.000000000000000000e+00,5.679793953895568848e-01
1.000000000000000000e+00,5.069178342819213867e-01
1.000000000000000000e+00,4.755370020866394043e-01
1.000000000000000000e+00,4.625256657600402832e-01
1.000000000000000000e+00,4.207762479782104492e-01
1.000000000000000000e+00,4.619092941284179688e-01
1.000000000000000000e+00,4.627975225448608398e-01
1.000000000000000000e+00,4.084154367446899414e-01
1.000000000000000000e+00,4.158855676651000977e-01
1.000000000000000000e+00,4.203271865844726562e-01
1.000000000000000000e+00,3.843761980533599854e-01
1.000000000000000000e+00,6.266133785247802734e-01
1.000000000000000000e+00,4.372362494468688965e-01
1.000000000000000000e+00,3.593482971191406250e-01
1.000000000000000000e+00,4.441535174846649170e-01
1.000000000000000000e+00,3.551205694675445557e-01
1.000000000000000000e+00,4.795898497104644775e-01
1.000000000000000000e+00,5.442944765090942383e-01
1.000000000000000000e+00,5.545454621315002441e-01
1.000000000000000000e+00,4.952644705772399902e-01
1.000000000000000000e+00,4.948355257511138916e-01
1.000000000000000000e+00,5.239672064781188965e-01
1.000000000000000000e+00,4.466702938079833984e-01
1.000000000000000000e+00,5.599061846733093262e-01
1.000000000000000000e+00,4.370557665824890137e-01
1.000000000000000000e+00,4.963521957397460938e-01
1.000000000000000000e+00,5.082387924194335938e-01
1.000000000000000000e+00,5.124329328536987305e-01
1.000000000000000000e+00,4.012206792831420898e-01
1.000000000000000000e+00,4.675678014755249023e-01
1.000000000000000000e+00,4.511682987213134766e-01
1.000000000000000000e+00,5.348205566406250000e-01
1.000000000000000000e+00,4.511337578296661377e-01
1.000000000000000000e+00,4.932860732078552246e-01
1.000000000000000000e+00,4.326870441436767578e-01
1.000000000000000000e+00,4.442573785781860352e-01
1.000000000000000000e+00,5.079675912857055664e-01
1.000000000000000000e+00,5.010833144187927246e-01
1.000000000000000000e+00,3.815648555755615234e-01
1.000000000000000000e+00,5.776864290237426758e-01
1.000000000000000000e+00,4.452904462814331055e-01
1.000000000000000000e+00,4.761016368865966797e-01
1.000000000000000000e+00,4.573897123336791992e-01
1.000000000000000000e+00,4.390166103839874268e-01
1.000000000000000000e+00,4.719775915145874023e-01
1.000000000000000000e+00,5.104440450668334961e-01
1.000000000000000000e+00,4.704348742961883545e-01
1.000000000000000000e+00,4.627962112426757812e-01
1.000000000000000000e+00,5.099890828132629395e-01
1.000000000000000000e+00,5.630433559417724609e-01
1.000000000000000000e+00,5.281093716621398926e-01
1.000000000000000000e+00,5.396724343299865723e-01
1.000000000000000000e+00,5.462476015090942383e-01
1.000000000000000000e+00,4.510288834571838379e-01
1.000000000000000000e+00,4.190239012241363525e-01
1.000000000000000000e+00,3.961036205291748047e-01
1.000000000000000000e+00,4.347112774848937988e-01
1.000000000000000000e+00,4.632458984851837158e-01
1.000000000000000000e+00,5.145668387413024902e-01
1.000000000000000000e+00,5.593921542167663574e-01
1.000000000000000000e+00,4.478790760040283203e-01
1.000000000000000000e+00,5.263984799385070801e-01
1.000000000000000000e+00,5.244182944297790527e-01
1.000000000000000000e+00,3.731111288070678711e-01
1.000000000000000000e+00,4.710628390312194824e-01
1.000000000000000000e+00,5.110952258110046387e-01
1.000000000000000000e+00,6.204136610031127930e-01
1.000000000000000000e+00,5.022535920143127441e-01
1.000000000000000000e+00,5.148742198944091797e-01
1.000000000000000000e+00,4.443711936473846436e-01
1.000000000000000000e+00,5.129369497299194336e-01
1.000000000000000000e+00,5.439982414245605469e-01
1.000000000000000000e+00,5.106868147850036621e-01
1.000000000000000000e+00,5.187279582023620605e-01
1.000000000000000000e+00,4.353025853633880615e-01
1.000000000000000000e+00,4.385240375995635986e-01
1.000000000000000000e+00,5.169298648834228516e-01
1.000000000000000000e+00,4.261820912361145020e-01
1.000000000000000000e+00,4.688736796379089355e-01
1.000000000000000000e+00,4.246746301651000977e-01
1.000000000000000000e+00,4.473183453083038330e-01
1.000000000000000000e+00,4.958171844482421875e-01
1.000000000000000000e+00,4.724439978599548340e-01
1.000000000000000000e+00,4.805721938610076904e-01
1.000000000000000000e+00,4.871621727943420410e-01
1.000000000000000000e+00,3.456968963146209717e-01
1.000000000000000000e+00,4.445426762104034424e-01
1.000000000000000000e+00,4.642900228500366211e-01
1.000000000000000000e+00,4.817333221435546875e-01
1.000000000000000000e+00,4.353871047496795654e-01
1.000000000000000000e+00,3.748641014099121094e-01
1.000000000000000000e+00,5.158047676086425781e-01
1.000000000000000000e+00,4.238979220390319824e-01
1.000000000000000000e+00,5.104978084564208984e-01
1.000000000000000000e+00,4.787718057632446289e-01
1.000000000000000000e+00,4.589002728462219238e-01
1.000000000000000000e+00,5.280671119689941406e-01
1.000000000000000000e+00,4.415802061557769775e-01
1.000000000000000000e+00,4.647142887115478516e-01
1.000000000000000000e+00,5.342190861701965332e-01
1.000000000000000000e+00,3.781488537788391113e-01
1.000000000000000000e+00,5.130486488342285156e-01
1.000000000000000000e+00,4.810566306114196777e-01
1.000000000000000000e+00,5.028415322303771973e-01
1.000000000000000000e+00,4.198738634586334229e-01
1.000000000000000000e+00,4.647866785526275635e-01
1.000000000000000000e+00,5.500786900520324707e-01
1.000000000000000000e+00,4.602343440055847168e-01
1.000000000000000000e+00,5.712734460830688477e-01
1.000000000000000000e+00,4.921838641166687012e-01
1.000000000000000000e+00,4.106556773185729980e-01
1.000000000000000000e+00,4.906147718429565430e-01
1.000000000000000000e+00,4.152544140815734863e-01
1.000000000000000000e+00,4.178986847400665283e-01
1.000000000000000000e+00,5.094774961471557617e-01
1.000000000000000000e+00,3.914675116539001465e-01
1.000000000000000000e+00,4.636430740356445312e-01
1.000000000000000000e+00,5.788232684135437012e-01
1.000000000000000000e+00,4.970917701721191406e-01
1.000000000000000000e+00,6.191306114196777344e-01
1.000000000000000000e+00,5.632680058479309082e-01
1.000000000000000000e+00,4.836820960044860840e-01
1.000000000000000000e+00,5.233013033866882324e-01
1.000000000000000000e+00,4.769646227359771729e-01
1.000000000000000000e+00,4.777541160583496094e-01
1.000000000000000000e+00,4.566357731819152832e-01
1.000000000000000000e+00,4.373365342617034912e-01
1.000000000000000000e+00,3.937121033668518066e-01
1.000000000000000000e+00,6.010816693305969238e-01
1.000000000000000000e+00,4.759738445281982422e-01
1.000000000000000000e+00,4.590779542922973633e-01
1.000000000000000000e+00,5.480695366859436035e-01
1.000000000000000000e+00,5.661962032318115234e-01
1.000000000000000000e+00,6.311058998107910156e-01
1.000000000000000000e+00,4.756512939929962158e-01
1.000000000000000000e+00,5.827704668045043945e-01
1.000000000000000000e+00,4.877769351005554199e-01
1.000000000000000000e+00,4.620647430419921875e-01
1.000000000000000000e+00,5.013527870178222656e-01
1.000000000000000000e+00,5.461189746856689453e-01
1.000000000000000000e+00,5.453388094902038574e-01
1.000000000000000000e+00,5.820034742355346680e-01
1.000000000000000000e+00,6.174895763397216797e-01
1.000000000000000000e+00,4.828587770462036133e-01
1.000000000000000000e+00,4.779537320137023926e-01
1.000000000000000000e+00,4.277389645576477051e-01
1.000000000000000000e+00,4.475557208061218262e-01
1.000000000000000000e+00,4.098054766654968262e-01
1.000000000000000000e+00,4.693793654441833496e-01
1.000000000000000000e+00,4.504367411136627197e-01
1.000000000000000000e+00,5.480710268020629883e-01
1.000000000000000000e+00,4.051914215087890625e-01
1.000000000000000000e+00,4.577867984771728516e-01
1.000000000000000000e+00,4.976544678211212158e-01
1.000000000000000000e+00,5.007748007774353027e-01
1.000000000000000000e+00,4.914292991161346436e-01
1.000000000000000000e+00,3.603588044643402100e-01
1.000000000000000000e+00,4.208722114562988281e-01
1.000000000000000000e+00,4.571149349212646484e-01
1.000000000000000000e+00,3.780573606491088867e-01
1.000000000000000000e+00,4.613939523696899414e-01
1.000000000000000000e+00,5.392413139343261719e-01
1.000000000000000000e+00,4.230158329010009766e-01
1.000000000000000000e+00,4.735282063484191895e-01
1.000000000000000000e+00,4.160136580467224121e-01
1.000000000000000000e+00,3.705332279205322266e-01
1.000000000000000000e+00,4.702361822128295898e-01
1.000000000000000000e+00,3.966994881629943848e-01
1.000000000000000000e+00,4.773924946784973145e-01
1.000000000000000000e+00,5.408874154090881348e-01
1.000000000000000000e+00,4.617420136928558350e-01
1.000000000000000000e+00,5.263962149620056152e-01
1.000000000000000000e+00,5.295328497886657715e-01
1.000000000000000000e+00,4.480066597461700439e-01
1.000000000000000000e+00,4.530588984489440918e-01
1.000000000000000000e+00,5.821635723114013672e-01
1.000000000000000000e+00,4.902873039245605469e-01
1.000000000000000000e+00,4.102770686149597168e-01
1.000000000000000000e+00,4.878313541412353516e-01
1.000000000000000000e+00,4.890750646591186523e-01
1.000000000000000000e+00,4.910832643508911133e-01
1.000000000000000000e+00,4.325688481330871582e-01
1.000000000000000000e+00,4.911391437053680420e-01
1.000000000000000000e+00,5.210429430007934570e-01
1.000000000000000000e+00,4.626145064830780029e-01
1.000000000000000000e+00,4.495981931686401367e-01
1.000000000000000000e+00,4.545511007308959961e-01
1.000000000000000000e+00,4.817302823066711426e-01
1.000000000000000000e+00,5.225043296813964844e-01
1.000000000000000000e+00,5.113675594329833984e-01
1.000000000000000000e+00,4.446360468864440918e-01
1.000000000000000000e+00,4.860008955001831055e-01
1.000000000000000000e+00,5.363714694976806641e-01
1.000000000000000000e+00,5.031012296676635742e-01
1.000000000000000000e+00,5.541312694549560547e-01
1.000000000000000000e+00,4.375023841857910156e-01
1.000000000000000000e+00,3.648286461830139160e-01
1.000000000000000000e+00,4.170995056629180908e-01
1.000000000000000000e+00,4.856003224849700928e-01
1.000000000000000000e+00,4.493870437145233154e-01
1.000000000000000000e+00,4.608008265495300293e-01
1.000000000000000000e+00,3.650665283203125000e-01
1.000000000000000000e+00,4.864353835582733154e-01
1.000000000000000000e+00,4.229736328125000000e-01
1.000000000000000000e+00,4.718417227268218994e-01
1.000000000000000000e+00,4.841457009315490723e-01
1.000000000000000000e+00,4.123748242855072021e-01
1.000000000000000000e+00,4.484208822250366211e-01
1.000000000000000000e+00,4.749077856540679932e-01
1.000000000000000000e+00,4.988205730915069580e-01
1.000000000000000000e+00,5.834229588508605957e-01
1.000000000000000000e+00,4.423440694808959961e-01
1.000000000000000000e+00,4.500844180583953857e-01
1.000000000000000000e+00,4.687536656856536865e-01
1.000000000000000000e+00,4.857632815837860107e-01
1.000000000000000000e+00,4.630180597305297852e-01
1.000000000000000000e+00,4.225058555603027344e-01
1.000000000000000000e+00,4.971501231193542480e-01
1.000000000000000000e+00,3.827963769435882568e-01
1.000000000000000000e+00,4.593205153942108154e-01
1.000000000000000000e+00,5.358014106750488281e-01
1.000000000000000000e+00,4.634688496589660645e-01
1.000000000000000000e+00,4.731743335723876953e-01
1.000000000000000000e+00,5.872702598571777344e-01
1.000000000000000000e+00,5.220143795013427734e-01
1.000000000000000000e+00,5.220284461975097656e-01
1.000000000000000000e+00,5.000082254409790039e-01
1.000000000000000000e+00,4.681268930435180664e-01
1.000000000000000000e+00,5.656675696372985840e-01
1.000000000000000000e+00,5.240556597709655762e-01
1.000000000000000000e+00,5.461494922637939453e-01
1.000000000000000000e+00,4.542085528373718262e-01
1.000000000000000000e+00,4.896705746650695801e-01
1.000000000000000000e+00,4.459922909736633301e-01
1.000000000000000000e+00,3.957070112228393555e-01
1.000000000000000000e+00,5.102856159210205078e-01
1.000000000000000000e+00,4.993366003036499023e-01
1.000000000000000000e+00,4.159258604049682617e-01
1.000000000000000000e+00,3.925707042217254639e-01
1.000000000000000000e+00,5.562880039215087891e-01
1.000000000000000000e+00,5.118167996406555176e-01
1.000000000000000000e+00,5.184308886528015137e-01
1.000000000000000000e+00,5.334026813507080078e-01
1.000000000000000000e+00,4.465821981430053711e-01
1.000000000000000000e+00,3.844856619834899902e-01
1.000000000000000000e+00,3.892775774002075195e-01
1.000000000000000000e+00,4.164359569549560547e-01
1.000000000000000000e+00,5.465259552001953125e-01
1.000000000000000000e+00,4.909321963787078857e-01
1.000000000000000000e+00,4.660485386848449707e-01
1.000000000000000000e+00,5.072408318519592285e-01
1.000000000000000000e+00,4.198448657989501953e-01
1.000000000000000000e+00,3.699420690536499023e-01
1.000000000000000000e+00,4.467263817787170410e-01
1.000000000000000000e+00,4.497571289539337158e-01
1.000000000000000000e+00,4.721481800079345703e-01
1.000000000000000000e+00,4.971762895584106445e-01
1.000000000000000000e+00,5.507042407989501953e-01
1.000000000000000000e+00,4.362049698829650879e-01
1.000000000000000000e+00,5.034580826759338379e-01
1.000000000000000000e+00,4.142174124717712402e-01
1.000000000000000000e+00,4.799136519432067871e-01
1.000000000000000000e+00,4.957376420497894287e-01
1.000000000000000000e+00,5.255374312400817871e-01
1.000000000000000000e+00,4.981630146503448486e-01
1.000000000000000000e+00,3.312838673591613770e-01
1.000000000000000000e+00,4.970310330390930176e-01
1.000000000000000000e+00,4.662975668907165527e-01
1.000000000000000000e+00,4.640170335769653320e-01
1.000000000000000000e+00,5.120623111724853516e-01
1.000000000000000000e+00,4.800386428833007812e-01
1.000000000000000000e+00,4.950806796550750732e-01
1.000000000000000000e+00,5.263445377349853516e-01
1.000000000000000000e+00,4.799056649208068848e-01
1.000000000000000000e+00,4.648908078670501709e-01
1.000000000000000000e+00,4.943200349807739258e-01
1.000000000000000000e+00,4.820779263973236084e-01
1.000000000000000000e+00,3.976365625858306885e-01
1.000000000000000000e+00,5.140563845634460449e-01
1.000000000000000000e+00,4.350303411483764648e-01
1.000000000000000000e+00,4.354926347732543945e-01
1.000000000000000000e+00,4.622309505939483643e-01
1.000000000000000000e+00,4.585858285427093506e-01
1.000000000000000000e+00,4.499598145484924316e-01
1.000000000000000000e+00,4.385182857513427734e-01
1.000000000000000000e+00,4.576164484024047852e-01
1.000000000000000000e+00,4.802477061748504639e-01
1.000000000000000000e+00,5.304933786392211914e-01
1.000000000000000000e+00,4.691027104854583740e-01
1.000000000000000000e+00,4.491205513477325439e-01
1.000000000000000000e+00,4.493188261985778809e-01
1.000000000000000000e+00,4.561005234718322754e-01
1.000000000000000000e+00,4.467007219791412354e-01
1.000000000000000000e+00,4.925019741058349609e-01
1.000000000000000000e+00,5.048652291297912598e-01
1.000000000000000000e+00,5.699718594551086426e-01
1.000000000000000000e+00,4.760861694812774658e-01
1.000000000000000000e+00,4.419562816619873047e-01
1.000000000000000000e+00,4.776828885078430176e-01
1.000000000000000000e+00,4.573529064655303955e-01
1.000000000000000000e+00,6.095880866050720215e-01
1.000000000000000000e+00,5.422224998474121094e-01
1.000000000000000000e+00,4.967592954635620117e-01
1.000000000000000000e+00,3.938882350921630859e-01
1.000000000000000000e+00,5.196762084960937500e-01
1.000000000000000000e+00,5.077390074729919434e-01
1.000000000000000000e+00,5.316060185432434082e-01
1.000000000000000000e+00,4.144866168498992920e-01
1.000000000000000000e+00,4.612940847873687744e-01
1.000000000000000000e+00,4.994071722030639648e-01
1.000000000000000000e+00,4.256043434143066406e-01
1.000000000000000000e+00,4.905188679695129395e-01
1.000000000000000000e+00,4.864634275436401367e-01
1.000000000000000000e+00,4.940527081489562988e-01
1.000000000000000000e+00,4.474406242370605469e-01
1.000000000000000000e+00,4.286714792251586914e-01
1.000000000000000000e+00,4.611555933952331543e-01
1.000000000000000000e+00,4.887238740921020508e-01
1.000000000000000000e+00,4.977172017097473145e-01
1.000000000000000000e+00,4.586207270622253418e-01
1.000000000000000000e+00,4.670737087726593018e-01
1.000000000000000000e+00,3.984321355819702148e-01
1.000000000000000000e+00,4.319092631340026855e-01
1.000000000000000000e+00,4.342700242996215820e-01
1.000000000000000000e+00,4.733324944972991943e-01
1.000000000000000000e+00,4.133549332618713379e-01
1.000000000000000000e+00,4.893947243690490723e-01
1.000000000000000000e+00,4.390551447868347168e-01
1.000000000000000000e+00,5.360051393508911133e-01
1.000000000000000000e+00,4.080291390419006348e-01
1.000000000000000000e+00,4.845211505889892578e-01
1.000000000000000000e+00,5.280873179435729980e-01
1.000000000000000000e+00,5.199089646339416504e-01
1.000000000000000000e+00,5.604504346847534180e-01
1.000000000000000000e+00,4.855448603630065918e-01
1.000000000000000000e+00,4.581971168518066406e-01
1.000000000000000000e+00,5.397259593009948730e-01
1.000000000000000000e+00,4.394571781158447266e-01
1.000000000000000000e+00,4.323416352272033691e-01
1.000000000000000000e+00,4.812107086181640625e-01
1.000000000000000000e+00,4.875324368476867676e-01
1.000000000000000000e+00,4.462063610553741455e-01
1.000000000000000000e+00,4.141086935997009277e-01
1.000000000000000000e+00,4.300411343574523926e-01
1.000000000000000000e+00,4.813497662544250488e-01
1.000000000000000000e+00,4.586863517761230469e-01
1.000000000000000000e+00,4.156771600246429443e-01
1.000000000000000000e+00,4.810152649879455566e-01
1.000000000000000000e+00,4.724330306053161621e-01
1.000000000000000000e+00,5.700304508209228516e-01
1.000000000000000000e+00,5.092355608940124512e-01
1.000000000000000000e+00,5.810962915420532227e-01
1.000000000000000000e+00,4.770187139511108398e-01
1.000000000000000000e+00,4.599378407001495361e-01
1.000000000000000000e+00,4.489207863807678223e-01
1.000000000000000000e+00,4.234026074409484863e-01
1.000000000000000000e+00,4.226303696632385254e-01
1.000000000000000000e+00,4.102779328823089600e-01
1.000000000000000000e+00,5.063667297363281250e-01
1.000000000000000000e+00,5.334172248840332031e-01
1.000000000000000000e+00,5.471534132957458496e-01
1.000000000000000000e+00,5.474660396575927734e-01
1.000000000000000000e+00,5.578892230987548828e-01
1.000000000000000000e+00,4.196159839630126953e-01
1.000000000000000000e+00,6.116466522216796875e-01
1.000000000000000000e+00,4.911677539348602295e-01
1.000000000000000000e+00,4.648420214653015137e-01
1.000000000000000000e+00,5.610103607177734375e-01
1.000000000000000000e+00,4.693177938461303711e-01
1.000000000000000000e+00,4.962526559829711914e-01
1.000000000000000000e+00,4.453654289245605469e-01
1.000000000000000000e+00,4.309086203575134277e-01
1.000000000000000000e+00,5.046302676200866699e-01
1.000000000000000000e+00,4.259108901023864746e-01
1.000000000000000000e+00,4.285024702548980713e-01
1.000000000000000000e+00,5.442975163459777832e-01
1.000000000000000000e+00,5.316798686981201172e-01
1.000000000000000000e+00,3.581844568252563477e-01
1.000000000000000000e+00,4.105925261974334717e-01
1.000000000000000000e+00,4.601044058799743652e-01
1.000000000000000000e+00,4.859118759632110596e-01
1.000000000000000000e+00,4.680005609989166260e-01
1.000000000000000000e+00,3.839864730834960938e-01
1.000000000000000000e+00,4.537401199340820312e-01
1.000000000000000000e+00,4.112437963485717773e-01
1.000000000000000000e+00,4.759290814399719238e-01
1.000000000000000000e+00,5.440528392791748047e-01
1.000000000000000000e+00,4.788117706775665283e-01
1.000000000000000000e+00,4.153625369071960449e-01
1.000000000000000000e+00,5.076149106025695801e-01
1.000000000000000000e+00,5.709923505783081055e-01
1.000000000000000000e+00,5.234757065773010254e-01
1.000000000000000000e+00,4.723569452762603760e-01
1.000000000000000000e+00,4.681454896926879883e-01
1.000000000000000000e+00,5.352692604064941406e-01
1.000000000000000000e+00,4.465655684471130371e-01
1.000000000000000000e+00,4.445028901100158691e-01
1.000000000000000000e+00,4.240071773529052734e-01
1.000000000000000000e+00,4.813829362392425537e-01
1.000000000000000000e+00,4.736801981925964355e-01
1.000000000000000000e+00,4.268295764923095703e-01
1.000000000000000000e+00,4.216471016407012939e-01
1.000000000000000000e+00,4.901648461818695068e-01
1.000000000000000000e+00,3.988877832889556885e-01
1.000000000000000000e+00,4.939871728420257568e-01
1.000000000000000000e+00,5.143328905105590820e-01
1.000000000000000000e+00,4.876623749732971191e-01
1.000000000000000000e+00,5.200392007827758789e-01
1.000000000000000000e+00,4.529200792312622070e-01
1.000000000000000000e+00,4.959075748920440674e-01
1.000000000000000000e+00,5.208767056465148926e-01
1.000000000000000000e+00,3.829983770847320557e-01
1.000000000000000000e+00,5.038272738456726074e-01
1.000000000000000000e+00,4.167907536029815674e-01
1.000000000000000000e+00,3.790738582611083984e-01
1.000000000000000000e+00,4.815610647201538086e-01
1.000000000000000000e+00,4.957690834999084473e-01
1.000000000000000000e+00,5.103402733802795410e-01
1.000000000000000000e+00,5.590233206748962402e-01
1.000000000000000000e+00,4.777741432189941406e-01
1.000000000000000000e+00,4.533786773681640625e-01
1.000000000000000000e+00,5.148087739944458008e-01
1.000000000000000000e+00,4.736054241657257080e-01
1.000000000000000000e+00,4.424058794975280762e-01
1.000000000000000000e+00,4.144431054592132568e-01
1.000000000000000000e+00,4.023575186729431152e-01
1.000000000000000000e+00,5.301144123077392578e-01
1.000000000000000000e+00,5.227293968200683594e-01
1.000000000000000000e+00,5.458706617355346680e-01
1.000000000000000000e+00,5.425400733947753906e-01
1.000000000000000000e+00,4.789739847183227539e-01
1.000000000000000000e+00,4.590887129306793213e-01
1.000000000000000000e+00,4.443010091781616211e-01
1.000000000000000000e+00,5.336866974830627441e-01
1.000000000000000000e+00,4.510653913021087646e-01
1.000000000000000000e+00,4.740016460418701172e-01
1.000000000000000000e+00,5.203906297683715820e-01
1.000000000000000000e+00,4.984496831893920898e-01
1.000000000000000000e+00,5.194342136383056641e-01
1.000000000000000000e+00,5.385414958000183105e-01
1.000000000000000000e+00,4.796639084815979004e-01
1.000000000000000000e+00,4.953660368919372559e-01
1.000000000000000000e+00,4.217885136604309082e-01
1.000000000000000000e+00,4.019864797592163086e-01
1.000000000000000000e+00,5.355926752090454102e-01
1.000000000000000000e+00,4.750658273696899414e-01
1.000000000000000000e+00,5.398573875427246094e-01
1.000000000000000000e+00,4.353064298629760742e-01
1.000000000000000000e+00,4.236661791801452637e-01
1.000000000000000000e+00,4.326637685298919678e-01
1.000000000000000000e+00,5.114166736602783203e-01
1.000000000000000000e+00,5.006043314933776855e-01
1.000000000000000000e+00,5.276495814323425293e-01
1.000000000000000000e+00,4.777823686599731445e-01
1.000000000000000000e+00,4.788488149642944336e-01
1.000000000000000000e+00,4.008444845676422119e-01
1.000000000000000000e+00,3.914429247379302979e-01
1.000000000000000000e+00,4.674462080001831055e-01
1.000000000000000000e+00,4.094295799732208252e-01
1.000000000000000000e+00,4.792803227901458740e-01
1.000000000000000000e+00,4.043765068054199219e-01
1.000000000000000000e+00,4.381920695304870605e-01
1.000000000000000000e+00,4.539222121238708496e-01
1.000000000000000000e+00,4.828829169273376465e-01
1.000000000000000000e+00,4.055091142654418945e-01
1.000000000000000000e+00,3.867315649986267090e-01
1.000000000000000000e+00,4.632617831230163574e-01
1.000000000000000000e+00,5.000206232070922852e-01
1.000000000000000000e+00,3.950496315956115723e-01
1.000000000000000000e+00,4.648967683315277100e-01
1.000000000000000000e+00,5.016390681266784668e-01
1.000000000000000000e+00,5.382548570632934570e-01
1.000000000000000000e+00,4.517990052700042725e-01
1.000000000000000000e+00,4.615002572536468506e-01
1.000000000000000000e+00,4.816958904266357422e-01
1.000000000000000000e+00,4.314957559108734131e-01
1.000000000000000000e+00,4.712553620338439941e-01
1.000000000000000000e+00,4.990167319774627686e-01
1.000000000000000000e+00,5.342581272125244141e-01
1.000000000000000000e+00,5.047484636306762695e-01
1.000000000000000000e+00,3.478145301342010498e-01
1.000000000000000000e+00,5.180031061172485352e-01
1.000000000000000000e+00,4.608394205570220947e-01
1.000000000000000000e+00,4.717290401458740234e-01
1.000000000000000000e+00,4.845956265926361084e-01
1.000000000000000000e+00,5.173058509826660156e-01
1.000000000000000000e+00,5.159311294555664062e-01
1.000000000000000000e+00,4.852707982063293457e-01
1.000000000000000000e+00,4.701966047286987305e-01
1.000000000000000000e+00,4.359076321125030518e-01
1.000000000000000000e+00,4.330398440361022949e-01
1.000000000000000000e+00,4.951609671115875244e-01
1.000000000000000000e+00,4.578458666801452637e-01
1.000000000000000000e+00,4.213440418243408203e-01
1.000000000000000000e+00,5.618705749511718750e-01
1.000000000000000000e+00,5.452323555946350098e-01
1.000000000000000000e+00,4.470914900302886963e-01
1.000000000000000000e+00,4.780347943305969238e-01
1.000000000000000000e+00,4.272466897964477539e-01
1.000000000000000000e+00,4.473532736301422119e-01
1.000000000000000000e+00,4.358848631381988525e-01
1.000000000000000000e+00,4.377011656761169434e-01
1.000000000000000000e+00,4.975407123565673828e-01
1.000000000000000000e+00,5.238132476806640625e-01
1.000000000000000000e+00,4.916419684886932373e-01
1.000000000000000000e+00,5.314784646034240723e-01
1.000000000000000000e+00,4.260647594928741455e-01
1.000000000000000000e+00,4.228097796440124512e-01
1.000000000000000000e+00,4.421440362930297852e-01
1.000000000000000000e+00,3.998652398586273193e-01
1.000000000000000000e+00,4.682155251502990723e-01
1.000000000000000000e+00,4.030554890632629395e-01
1.000000000000000000e+00,4.521382749080657959e-01
1.000000000000000000e+00,5.088139772415161133e-01
1.000000000000000000e+00,5.069192647933959961e-01
1.000000000000000000e+00,4.528214633464813232e-01
1.000000000000000000e+00,5.123584270477294922e-01
1.000000000000000000e+00,4.780966341495513916e-01
1.000000000000000000e+00,4.060641825199127197e-01
1.000000000000000000e+00,5.193884968757629395e-01
1.000000000000000000e+00,4.655923843383789062e-01
1.000000000000000000e+00,4.933769106864929199e-01
1.000000000000000000e+00,5.501890778541564941e-01
1.000000000000000000e+00,3.977630436420440674e-01
1.000000000000000000e+00,4.549235701560974121e-01
1.000000000000000000e+00,5.045573711395263672e-01
1.000000000000000000e+00,4.410245418548583984e-01
1.000000000000000000e+00,5.024214982986450195e-01
1.000000000000000000e+00,5.170937776565551758e-01
1.000000000000000000e+00,4.945492446422576904e-01
1.000000000000000000e+00,4.070267081260681152e-01
1.000000000000000000e+00,4.604114890098571777e-01
1.000000000000000000e+00,4.673764109611511230e-01
1.000000000000000000e+00,4.996718764305114746e-01
1.000000000000000000e+00,5.108464956283569336e-01
1.000000000000000000e+00,5.090925693511962891e-01
1.000000000000000000e+00,4.579865932464599609e-01
1.000000000000000000e+00,3.818258643150329590e-01
1.000000000000000000e+00,5.401558876037597656e-01
1.000000000000000000e+00,4.982318580150604248e-01
1.000000000000000000e+00,4.265657365322113037e-01
1.000000000000000000e+00,4.430609643459320068e-01
1.000000000000000000e+00,3.897767364978790283e-01
1.000000000000000000e+00,4.261230230331420898e-01
1.000000000000000000e+00,3.893330693244934082e-01
1.000000000000000000e+00,3.947296142578125000e-01
1.000000000000000000e+00,4.426648616790771484e-01
1.000000000000000000e+00,4.331343173980712891e-01
1.000000000000000000e+00,4.848873913288116455e-01
1.000000000000000000e+00,4.597850143909454346e-01
1.000000000000000000e+00,4.838778674602508545e-01
1.000000000000000000e+00,4.448662698268890381e-01
1.000000000000000000e+00,3.865959048271179199e-01
1.000000000000000000e+00,5.570051074028015137e-01
1.000000000000000000e+00,4.817045331001281738e-01
1.000000000000000000e+00,4.561095237731933594e-01
1.000000000000000000e+00,5.260807275772094727e-01
1.000000000000000000e+00,4.085388481616973877e-01
1.000000000000000000e+00,4.515941739082336426e-01
1.000000000000000000e+00,4.242051839828491211e-01
1.000000000000000000e+00,5.897146463394165039e-01
1.000000000000000000e+00,4.125509560108184814e-01
1.000000000000000000e+00,5.604173541069030762e-01
1.000000000000000000e+00,4.085236787796020508e-01
1.000000000000000000e+00,4.952553212642669678e-01
1.000000000000000000e+00,3.970193862915039062e-01
1.000000000000000000e+00,4.458849132061004639e-01
1.000000000000000000e+00,4.565950334072113037e-01
1.000000000000000000e+00,4.797870218753814697e-01
1.000000000000000000e+00,4.373721778392791748e-01
1.000000000000000000e+00,4.133438169956207275e-01
1.000000000000000000e+00,5.029861330986022949e-01
1.000000000000000000e+00,4.556888043880462646e-01
1.000000000000000000e+00,4.890774786472320557e-01
1.000000000000000000e+00,3.832498788833618164e-01
1.000000000000000000e+00,4.300122559070587158e-01
1.000000000000000000e+00,4.837770462036132812e-01
1.000000000000000000e+00,4.855633974075317383e-01
1.000000000000000000e+00,5.345636010169982910e-01
1.000000000000000000e+00,4.967092573642730713e-01
1.000000000000000000e+00,3.991730511188507080e-01
1.000000000000000000e+00,4.215624928474426270e-01
1.000000000000000000e+00,4.263988137245178223e-01
1.000000000000000000e+00,5.135192871093750000e-01
1.000000000000000000e+00,4.120945334434509277e-01
1.000000000000000000e+00,3.974976539611816406e-01
1.000000000000000000e+00,5.038541555404663086e-01
1.000000000000000000e+00,4.802599549293518066e-01
1.000000000000000000e+00,4.991086125373840332e-01
1.000000000000000000e+00,4.971087574958801270e-01
1.000000000000000000e+00,5.536977052688598633e-01
1.000000000000000000e+00,4.738467335700988770e-01
1.000000000000000000e+00,4.908600151538848877e-01
1.000000000000000000e+00,4.912751019001007080e-01
1.000000000000000000e+00,4.305052757263183594e-01
1.000000000000000000e+00,4.421121478080749512e-01
1.000000000000000000e+00,5.138012766838073730e-01
1.000000000000000000e+00,5.227243304252624512e-01
1.000000000000000000e+00,4.008438289165496826e-01
1.000000000000000000e+00,4.523873329162597656e-01
1.000000000000000000e+00,5.261774659156799316e-01
1.000000000000000000e+00,4.985982775688171387e-01
1.000000000000000000e+00,4.671368300914764404e-01
1.000000000000000000e+00,3.767678737640380859e-01
1.000000000000000000e+00,4.603393673896789551e-01
1.000000000000000000e+00,4.191005527973175049e-01
1.000000000000000000e+00,5.237054824829101562e-01
1.000000000000000000e+00,5.062041282653808594e-01
1.000000000000000000e+00,5.147126317024230957e-01
1.000000000000000000e+00,5.135006904602050781e-01
1.000000000000000000e+00,3.835908472537994385e-01
1.000000000000000000e+00,4.151717424392700195e-01
1.000000000000000000e+00,4.676135778427124023e-01
1.000000000000000000e+00,3.898266553878784180e-01
1.000000000000000000e+00,4.866417646408081055e-01
1.000000000000000000e+00,3.924846649169921875e-01
1.000000000000000000e+00,4.255756735801696777e-01
1.000000000000000000e+00,4.408588707447052002e-01
1.000000000000000000e+00,4.825861454010009766e-01
1.000000000000000000e+00,4.285061359405517578e-01
1.000000000000000000e+00,4.781031906604766846e-01
1.000000000000000000e+00,4.729705452919006348e-01
1.000000000000000000e+00,4.940576553344726562e-01
1.000000000000000000e+00,3.749010562896728516e-01
1.000000000000000000e+00,4.896599054336547852e-01
1.000000000000000000e+00,5.120989084243774414e-01
1.000000000000000000e+00,5.075111985206604004e-01
1.000000000000000000e+00,4.602938592433929443e-01
1.000000000000000000e+00,3.436205983161926270e-01
1.000000000000000000e+00,4.432949423789978027e-01
1.000000000000000000e+00,4.216050207614898682e-01
1.000000000000000000e+00,4.784038960933685303e-01
1.000000000000000000e+00,4.465849101543426514e-01
1.000000000000000000e+00,4.840584397315979004e-01
1.000000000000000000e+00,4.285138845443725586e-01
1.000000000000000000e+00,4.546144604682922363e-01
1.000000000000000000e+00,4.543497562408447266e-01
1.000000000000000000e+00,5.287033319473266602e-01
1.000000000000000000e+00,5.141555666923522949e-01
1.000000000000000000e+00,5.261365771293640137e-01
1.000000000000000000e+00,4.655955731868743896e-01
1.000000000000000000e+00,5.389953851699829102e-01
1.000000000000000000e+00,3.935525119304656982e-01
1.000000000000000000e+00,4.458236098289489746e-01
1.000000000000000000e+00,6.338492035865783691e-01
1.000000000000000000e+00,4.235327243804931641e-01
1.000000000000000000e+00,3.919359743595123291e-01
1.000000000000000000e+00,4.777273833751678467e-01
1.000000000000000000e+00,4.765568971633911133e-01
1.000000000000000000e+00,5.274585485458374023e-01
1.000000000000000000e+00,6.146484017372131348e-01
1.000000000000000000e+00,4.131132662296295166e-01
1.000000000000000000e+00,3.808626830577850342e-01
1.000000000000000000e+00,4.137651622295379639e-01
1.000000000000000000e+00,4.626304507255554199e-01
1.000000000000000000e+00,4.950244426727294922e-01
1.000000000000000000e+00,4.729823768138885498e-01
1.000000000000000000e+00,5.025216341018676758e-01
1.000000000000000000e+00,4.998960494995117188e-01
1.000000000000000000e+00,3.934841454029083252e-01
1.000000000000000000e+00,4.171497821807861328e-01
1.000000000000000000e+00,4.322043061256408691e-01
1.000000000000000000e+00,4.383591115474700928e-01
1.000000000000000000e+00,4.921623170375823975e-01
1.000000000000000000e+00,5.958012342453002930e-01
1.000000000000000000e+00,4.453029334545135498e-01
1.000000000000000000e+00,4.637117683887481689e-01
1.000000000000000000e+00,4.830777645111083984e-01
1.000000000000000000e+00,4.268645048141479492e-01
1.000000000000000000e+00,4.902910590171813965e-01
1.000000000000000000e+00,5.895681381225585938e-01
1.000000000000000000e+00,4.988138675689697266e-01
1.000000000000000000e+00,4.766264557838439941e-01
1.000000000000000000e+00,5.081073641777038574e-01
1.000000000000000000e+00,4.673081934452056885e-01
1.000000000000000000e+00,4.812163114547729492e-01
1.000000000000000000e+00,4.077035188674926758e-01
1.000000000000000000e+00,4.740910828113555908e-01
1.000000000000000000e+00,4.713114798069000244e-01
1.000000000000000000e+00,4.123612046241760254e-01
1.000000000000000000e+00,4.075674414634704590e-01
1.000000000000000000e+00,4.087339043617248535e-01
1.000000000000000000e+00,4.965119957923889160e-01
1.000000000000000000e+00,4.468335509300231934e-01
1.000000000000000000e+00,4.877934455871582031e-01
1.000000000000000000e+00,5.150288343429565430e-01
1.000000000000000000e+00,5.094919204711914062e-01
1.000000000000000000e+00,4.364518523216247559e-01
1.000000000000000000e+00,5.248327255249023438e-01
1.000000000000000000e+00,6.019293069839477539e-01
1.000000000000000000e+00,4.614472389221191406e-01
1.000000000000000000e+00,4.984368085861206055e-01
1.000000000000000000e+00,4.572224915027618408e-01
1.000000000000000000e+00,5.200375914573669434e-01
1.000000000000000000e+00,5.690459012985229492e-01
1.000000000000000000e+00,5.832138061523437500e-01
1.000000000000000000e+00,6.008453965187072754e-01
1.000000000000000000e+00,4.100348353385925293e-01
1.000000000000000000e+00,4.345956444740295410e-01
1.000000000000000000e+00,4.181616902351379395e-01
1.000000000000000000e+00,5.438215732574462891e-01
1.000000000000000000e+00,4.262571930885314941e-01
1.000000000000000000e+00,4.294977784156799316e-01
1.000000000000000000e+00,4.658351838588714600e-01
1.000000000000000000e+00,4.887325167655944824e-01
1.000000000000000000e+00,5.499230623245239258e-01
1.000000000000000000e+00,4.154613018035888672e-01
1.000000000000000000e+00,4.643272161483764648e-01
1.000000000000000000e+00,4.407718479633331299e-01
1.000000000000000000e+00,5.560619831085205078e-01
1.000000000000000000e+00,4.111975729465484619e-01
1.000000000000000000e+00,5.352585911750793457e-01
1.000000000000000000e+00,3.519797325134277344e-01
1.000000000000000000e+00,4.163461923599243164e-01
1.000000000000000000e+00,4.368684291839599609e-01
1.000000000000000000e+00,5.718677043914794922e-01
1.000000000000000000e+00,4.977306127548217773e-01
1.000000000000000000e+00,4.710569381713867188e-01
1.000000000000000000e+00,4.660627543926239014e-01
1.000000000000000000e+00,4.022277593612670898e-01
1.000000000000000000e+00,4.380624890327453613e-01
1.000000000000000000e+00,4.964076280593872070e-01
1.000000000000000000e+00,4.197342395782470703e-01
1.000000000000000000e+00,4.860647320747375488e-01
1.000000000000000000e+00,4.226123094558715820e-01
1.000000000000000000e+00,4.225564002990722656e-01
1.000000000000000000e+00,4.793457388877868652e-01
1.000000000000000000e+00,5.502102375030517578e-01
1.000000000000000000e+00,4.578230977058410645e-01
1.000000000000000000e+00,4.054916799068450928e-01
1.000000000000000000e+00,4.933985471725463867e-01
1.000000000000000000e+00,5.231551527976989746e-01
1.000000000000000000e+00,5.037138462066650391e-01
1.000000000000000000e+00,4.501516819000244141e-01
1.000000000000000000e+00,5.080907344818115234e-01
1.000000000000000000e+00,4.783014059066772461e-01
1.000000000000000000e+00,5.370161533355712891e-01
1.000000000000000000e+00,4.166329503059387207e-01
1.000000000000000000e+00,4.563758671283721924e-01
1.000000000000000000e+00,4.492373466491699219e-01
1.000000000000000000e+00,4.285899102687835693e-01
1.000000000000000000e+00,4.688471853733062744e-01
1.000000000000000000e+00,5.359822511672973633e-01
1.000000000000000000e+00,4.660788476467132568e-01
1.000000000000000000e+00,4.128690063953399658e-01
1.000000000000000000e+00,4.218036830425262451e-01
1.000000000000000000e+00,5.344856381416320801e-01
1.000000000000000000e+00,5.145938396453857422e-01
1.000000000000000000e+00,4.781729280948638916e-01
1.000000000000000000e+00,4.044018387794494629e-01
1.000000000000000000e+00,4.450482726097106934e-01
1.000000000000000000e+00,4.844123125076293945e-01
1.000000000000000000e+00,4.725705087184906006e-01
1.000000000000000000e+00,3.919218182563781738e-01
1.000000000000000000e+00,4.342185258865356445e-01
1.000000000000000000e+00,5.253450274467468262e-01
1.000000000000000000e+00,4.384054541587829590e-01
1.000000000000000000e+00,4.741643667221069336e-01
1.000000000000000000e+00,4.990949928760528564e-01
1.000000000000000000e+00,5.361286401748657227e-01
1.000000000000000000e+00,5.867282152175903320e-01
1.000000000000000000e+00,4.443024098873138428e-01
1.000000000000000000e+00,4.288162589073181152e-01
1.000000000000000000e+00,5.466566085815429688e-01
1.000000000000000000e+00,4.456199407577514648e-01
1.000000000000000000e+00,4.857027530670166016e-01
1.000000000000000000e+00,5.322242379188537598e-01
1.000000000000000000e+00,5.238756537437438965e-01
1.000000000000000000e+00,4.482683241367340088e-01
1.000000000000000000e+00,4.390474557876586914e-01
1.000000000000000000e+00,5.178676843643188477e-01
1.000000000000000000e+00,4.884020686149597168e-01
1.000000000000000000e+00,4.390762448310852051e-01
1.000000000000000000e+00,5.721556544303894043e-01
1.000000000000000000e+00,5.375822186470031738e-01
1.000000000000000000e+00,4.033838212490081787e-01
1.000000000000000000e+00,4.856333732604980469e-01
1.000000000000000000e+00,4.052850902080535889e-01
1.000000000000000000e+00,4.184216260910034180e-01
1.000000000000000000e+00,4.866413176059722900e-01
1.000000000000000000e+00,5.081935524940490723e-01
1.000000000000000000e+00,4.943385124206542969e-01
1.000000000000000000e+00,4.971520900726318359e-01
1.000000000000000000e+00,3.851695656776428223e-01
1.000000000000000000e+00,4.421819448471069336e-01
1.000000000000000000e+00,5.308577418327331543e-01
1.000000000000000000e+00,4.689089059829711914e-01
1.000000000000000000e+00,4.571501612663269043e-01
1.000000000000000000e+00,4.527303278446197510e-01
1.000000000000000000e+00,4.259560108184814453e-01
1.000000000000000000e+00,4.392572641372680664e-01
1.000000000000000000e+00,3.885954916477203369e-01
1.000000000000000000e+00,4.710126519203186035e-01
1.000000000000000000e+00,4.285380542278289795e-01
1.000000000000000000e+00,6.147654652595520020e-01
1.000000000000000000e+00,3.937580883502960205e-01
1.000000000000000000e+00,4.953243434429168701e-01
1.000000000000000000e+00,4.778052866458892822e-01
1.000000000000000000e+00,4.769979715347290039e-01
1.000000000000000000e+00,4.517375826835632324e-01
1.000000000000000000e+00,4.219872057437896729e-01
1.000000000000000000e+00,5.599632859230041504e-01
1.000000000000000000e+00,5.162771344184875488e-01
1.000000000000000000e+00,4.586191773414611816e-01
1.000000000000000000e+00,4.887884259223937988e-01
1.000000000000000000e+00,4.589742720127105713e-01
1.000000000000000000e+00,4.473812878131866455e-01
1.000000000000000000e+00,4.972309768199920654e-01
1.000000000000000000e+00,4.777570664882659912e-01
1.000000000000000000e+00,5.241452455520629883e-01
1.000000000000000000e+00,3.946875035762786865e-01
1.000000000000000000e+00,4.842890799045562744e-01
1.000000000000000000e+00,4.467620849609375000e-01
1.000000000000000000e+00,5.068299174308776855e-01
1.000000000000000000e+00,4.061020910739898682e-01
1.000000000000000000e+00,4.931254088878631592e-01
1.000000000000000000e+00,3.930292725563049316e-01
1.000000000000000000e+00,4.770331382751464844e-01
1.000000000000000000e+00,4.696270227432250977e-01
1.000000000000000000e+00,4.096233546733856201e-01
1.000000000000000000e+00,4.560377597808837891e-01
1.000000000000000000e+00,5.144115686416625977e-01
1.000000000000000000e+00,4.329987168312072754e-01
1.000000000000000000e+00,4.941240549087524414e-01
1.000000000000000000e+00,5.350468754768371582e-01
1.000000000000000000e+00,5.012009739875793457e-01
1.000000000000000000e+00,4.328795671463012695e-01
1.000000000000000000e+00,5.220735073089599609e-01
1.000000000000000000e+00,4.018569290637969971e-01
1.000000000000000000e+00,3.962065279483795166e-01
1.000000000000000000e+00,4.516354501247406006e-01
1.000000000000000000e+00,4.481353759765625000e-01
1.000000000000000000e+00,5.113492608070373535e-01
1.000000000000000000e+00,4.796883761882781982e-01
1.000000000000000000e+00,4.534688591957092285e-01
1.000000000000000000e+00,4.790449738502502441e-01
1.000000000000000000e+00,4.734773337841033936e-01
1.000000000000000000e+00,4.927580952644348145e-01
1.000000000000000000e+00,5.200821757316589355e-01
1.000000000000000000e+00,4.648106694221496582e-01
1.000000000000000000e+00,4.784657061100006104e-01
1.000000000000000000e+00,4.736418426036834717e-01
1.000000000000000000e+00,4.789107441902160645e-01
1.000000000000000000e+00,4.934747815132141113e-01
1.000000000000000000e+00,4.900021851062774658e-01
1.000000000000000000e+00,4.908058047294616699e-01
1.000000000000000000e+00,4.099358618259429932e-01
1.000000000000000000e+00,4.487887620925903320e-01
1.000000000000000000e+00,4.042743146419525146e-01
1.000000000000000000e+00,4.785252511501312256e-01
1.000000000000000000e+00,4.901837110519409180e-01
1.000000000000000000e+00,4.976425468921661377e-01
1.000000000000000000e+00,3.886018991470336914e-01
1.000000000000000000e+00,3.912030458450317383e-01
1.000000000000000000e+00,5.266568064689636230e-01
1.000000000000000000e+00,4.424633681774139404e-01
1.000000000000000000e+00,4.518653750419616699e-01
1.000000000000000000e+00,4.447640180587768555e-01
1.000000000000000000e+00,4.779828190803527832e-01
1.000000000000000000e+00,4.846200942993164062e-01
1.000000000000000000e+00,4.489164650440216064e-01
1.000000000000000000e+00,4.544584751129150391e-01
1.000000000000000000e+00,5.049754977226257324e-01
1.000000000000000000e+00,5.107829570770263672e-01
1.000000000000000000e+00,4.797063469886779785e-01
1.000000000000000000e+00,4.663096666336059570e-01
1.000000000000000000e+00,4.826289117336273193e-01
1.000000000000000000e+00,5.204324722290039062e-01
1.000000000000000000e+00,5.023120641708374023e-01
1.000000000000000000e+00,5.006046891212463379e-01
1.000000000000000000e+00,4.791803061962127686e-01
1.000000000000000000e+00,5.986418128013610840e-01
1.000000000000000000e+00,5.648627281188964844e-01
1.000000000000000000e+00,4.264105856418609619e-01
1.000000000000000000e+00,5.263538360595703125e-01
1.000000000000000000e+00,4.804797768592834473e-01
1.000000000000000000e+00,4.600073695182800293e-01
1.000000000000000000e+00,5.616710186004638672e-01
1.000000000000000000e+00,4.300327897071838379e-01
1.000000000000000000e+00,5.015922784805297852e-01
1.000000000000000000e+00,5.090931653976440430e-01
1.000000000000000000e+00,5.542056560516357422e-01
1.000000000000000000e+00,5.669685602188110352e-01
1.000000000000000000e+00,5.039952397346496582e-01
1.000000000000000000e+00,4.683317542076110840e-01
1.000000000000000000e+00,4.522972106933593750e-01
1.000000000000000000e+00,4.920325279235839844e-01
1.000000000000000000e+00,4.549161791801452637e-01
1.000000000000000000e+00,5.102786421775817871e-01
1.000000000000000000e+00,4.468289017677307129e-01
1.000000000000000000e+00,5.266717672348022461e-01
1.000000000000000000e+00,5.066023468971252441e-01
1.000000000000000000e+00,4.763047099113464355e-01
1.000000000000000000e+00,4.533015489578247070e-01
1.000000000000000000e+00,5.083974003791809082e-01
1.000000000000000000e+00,4.335295855998992920e-01
1.000000000000000000e+00,4.561502337455749512e-01
1.000000000000000000e+00,4.439953267574310303e-01
1.000000000000000000e+00,4.357895255088806152e-01
1.000000000000000000e+00,5.904866456985473633e-01
1.000000000000000000e+00,4.734737873077392578e-01
1.000000000000000000e+00,4.348496198654174805e-01
1.000000000000000000e+00,5.335005521774291992e-01
1.000000000000000000e+00,5.198136568069458008e-01
1.000000000000000000e+00,4.494054317474365234e-01
1.000000000000000000e+00,4.891517758369445801e-01
1.000000000000000000e+00,4.506925344467163086e-01
1.000000000000000000e+00,4.762195944786071777e-01
1.000000000000000000e+00,5.598771572113037109e-01
1.000000000000000000e+00,4.988355338573455811e-01
1.000000000000000000e+00,5.584108233451843262e-01
1.000000000000000000e+00,5.100843310356140137e-01
1.000000000000000000e+00,5.077267289161682129e-01
1.000000000000000000e+00,4.133239388465881348e-01
1.000000000000000000e+00,5.170520544052124023e-01
1.000000000000000000e+00,5.343025326728820801e-01
1.000000000000000000e+00,5.119365453720092773e-01
1.000000000000000000e+00,4.078859984874725342e-01
1.000000000000000000e+00,4.558483064174652100e-01
1.000000000000000000e+00,4.939673244953155518e-01
1.000000000000000000e+00,6.002944707870483398e-01
1.000000000000000000e+00,4.397619068622589111e-01
1.000000000000000000e+00,4.561126530170440674e-01
1.000000000000000000e+00,5.277470946311950684e-01
1.000000000000000000e+00,5.121371746063232422e-01
1.000000000000000000e+00,4.223047196865081787e-01
1.000000000000000000e+00,4.130514264106750488e-01
1.000000000000000000e+00,4.385432004928588867e-01
1.000000000000000000e+00,5.545915365219116211e-01
1.000000000000000000e+00,4.537629485130310059e-01
1.000000000000000000e+00,4.493129253387451172e-01
1.000000000000000000e+00,4.428139030933380127e-01
1.000000000000000000e+00,4.368880689144134521e-01
1.000000000000000000e+00,4.880343973636627197e-01
1.000000000000000000e+00,5.123799443244934082e-01
1.000000000000000000e+00,4.454381465911865234e-01
1.000000000000000000e+00,4.170557260513305664e-01
1.000000000000000000e+00,4.852692186832427979e-01
1.000000000000000000e+00,5.107190012931823730e-01
1.000000000000000000e+00,5.325063467025756836e-01
1.000000000000000000e+00,4.559367895126342773e-01
1.000000000000000000e+00,4.669700562953948975e-01
1.000000000000000000e+00,4.716040194034576416e-01
1.000000000000000000e+00,5.461664199829101562e-01
1.000000000000000000e+00,4.179332852363586426e-01
1.000000000000000000e+00,4.049128890037536621e-01
1.000000000000000000e+00,6.022527813911437988e-01
1.000000000000000000e+00,5.235221982002258301e-01
1.000000000000000000e+00,5.448020696640014648e-01
1.000000000000000000e+00,5.102010369300842285e-01
1.000000000000000000e+00,5.464235544204711914e-01
1.000000000000000000e+00,4.169981479644775391e-01
1.000000000000000000e+00,4.444118142127990723e-01
1.000000000000000000e+00,4.481914937496185303e-01
1.000000000000000000e+00,4.701238870620727539e-01
1.000000000000000000e+00,4.952031373977661133e-01
1.000000000000000000e+00,5.410833358764648438e-01
1.000000000000000000e+00,4.120475351810455322e-01
1.000000000000000000e+00,4.789478778839111328e-01
1.000000000000000000e+00,5.195775628089904785e-01
1.000000000000000000e+00,4.064308404922485352e-01
1.000000000000000000e+00,4.566101729869842529e-01
1.000000000000000000e+00,4.623208642005920410e-01
1.000000000000000000e+00,4.229602217674255371e-01
1.000000000000000000e+00,4.904999434947967529e-01
1.000000000000000000e+00,4.670100808143615723e-01
1.000000000000000000e+00,5.072720050811767578e-01
1.000000000000000000e+00,5.233799815177917480e-01
1.000000000000000000e+00,5.062057971954345703e-01
1.000000000000000000e+00,4.876091778278350830e-01
1.000000000000000000e+00,4.239738881587982178e-01
1.000000000000000000e+00,4.401611685752868652e-01
1.000000000000000000e+00,4.723899066448211670e-01
1.000000000000000000e+00,5.439319610595703125e-01
1.000000000000000000e+00,4.812617003917694092e-01
1.000000000000000000e+00,4.371605813503265381e-01
1.000000000000000000e+00,3.994064033031463623e-01
1.000000000000000000e+00,4.853288233280181885e-01
1.000000000000000000e+00,4.501162767410278320e-01
1.000000000000000000e+00,4.629929959774017334e-01
1.000000000000000000e+00,4.873820543289184570e-01
1.000000000000000000e+00,4.672600328922271729e-01
