label,score
0.000000000000000000e+00,3.474773168563842773e-01
0.000000000000000000e+00,3.456186056137084961e-01
0.000000000000000000e+00,2.128046154975891113e-01
0.000000000000000000e+00,2.469715178012847900e-01
0.000000000000000000e+00,2.542698979377746582e-01
0.000000000000000000e+00,1.595391035079956055e-01
0.000000000000000000e+00,1.979905068874359131e-01
0.000000000000000000e+00,1.495854258537292480e-01
0.000000000000000000e+00,1.959917843341827393e-01
0.000000000000000000e+00,1.660259813070297241e-01
0.000000000000000000e+00,2.015669494867324829e-01
0.000000000000000000e+00,1.874534934759140015e-01
0.000000000000000000e+00,2.762793302536010742e-01
0.000000000000000000e+00,2.135655283927917480e-01
0.000000000000000000e+00,2.148481309413909912e-01
0.000000000000000000e+00,1.353355199098587036e-01
0.000000000000000000e+00,1.659652888774871826e-01
0.000000000000000000e+00,2.232598662376403809e-01
0.000000000000000000e+00,1.686011701822280884e-01
0.000000000000000000e+00,1.506538987159729004e-01
0.000000000000000000e+00,1.920878440141677856e-01
0.000000000000000000e+00,1.688456386327743530e-01
0.000000000000000000e+00,2.159502655267715454e-01
0.000000000000000000e+00,2.024624347686767578e-01
0.000000000000000000e+00,1.958453953266143799e-01
0.000000000000000000e+00,1.750999838113784790e-01
0.000000000000000000e+00,1.967638283967971802e-01
0.000000000000000000e+00,1.868979632854461670e-01
0.000000000000000000e+00,1.633241772651672363e-01
0.000000000000000000e+00,1.829188168048858643e-01
0.000000000000000000e+00,1.811548173427581787e-01
0.000000000000000000e+00,2.484039664268493652e-01
0.000000000000000000e+00,1.883365213871002197e-01
0.000000000000000000e+00,1.669604033231735229e-01
0.000000000000000000e+00,2.158620506525039673e-01
0.000000000000000000e+00,1.489731669425964355e-01
0.000000000000000000e+00,1.770979464054107666e-01
0.000000000000000000e+00,1.627995818853378296e-01
0.000000000000000000e+00,2.041749656200408936e-01
0.000000000000000000e+00,1.862051635980606079e-01
0.000000000000000000e+00,1.765022575855255127e-01
0.000000000000000000e+00,1.396579742431640625e-01
0.000000000000000000e+00,1.920589953660964966e-01
0.000000000000000000e+00,2.510800361633300781e-01
0.000000000000000000e+00,1.495471596717834473e-01
0.000000000000000000e+00,1.884033530950546265e-01
0.000000000000000000e+00,1.779228150844573975e-01
0.000000000000000000e+00,1.626655757427215576e-01
0.000000000000000000e+00,1.592105925083160400e-01
0.000000000000000000e+00,1.763858795166015625e-01
0.000000000000000000e+00,1.747395694255828857e-01
0.000000000000000000e+00,1.604971140623092651e-01
0.000000000000000000e+00,1.893806010484695435e-01
0.000000000000000000e+00,2.574938833713531494e-01
0.000000000000000000e+00,1.889106780290603638e-01
0.000000000000000000e+00,2.008655965328216553e-01
0.000000000000000000e+00,2.433492541313171387e-01
0.000000000000000000e+00,2.603146433830261230e-01
0.000000000000000000e+00,1.569341123104095459e-01
0.000000000000000000e+00,1.637911796569824219e-01
0.000000000000000000e+00,1.819034963846206665e-01
0.000000000000000000e+00,2.038293629884719849e-01
0.000000000000000000e+00,1.875266879796981812e-01
0.000000000000000000e+00,1.773473918437957764e-01
0.000000000000000000e+00,1.444194912910461426e-01
0.000000000000000000e+00,1.721630990505218506e-01
0.000000000000000000e+00,1.595879495143890381e-01
0.000000000000000000e+00,2.111163288354873657e-01
0.000000000000000000e+00,2.217814326286315918e-01
0.000000000000000000e+00,1.616097241640090942e-01
0.000000000000000000e+00,1.499340236186981201e-01
0.000000000000000000e+00,1.761361360549926758e-01
0.000000000000000000e+00,1.788919121026992798e-01
0.000000000000000000e+00,1.781881600618362427e-01
0.000000000000000000e+00,2.289802432060241699e-01
0.000000000000000000e+00,1.944822967052459717e-01
0.000000000000000000e+00,1.891317069530487061e-01
0.000000000000000000e+00,1.745443195104598999e-01
0.000000000000000000e+00,1.701466590166091919e-01
0.000000000000000000e+00,3.167097866535186768e-01
0.000000000000000000e+00,1.743551939725875854e-01
0.000000000000000000e+00,1.780771166086196899e-01
0.000000000000000000e+00,2.357027083635330200e-01
0.000000000000000000e+00,1.909598261117935181e-01
0.000000000000000000e+00,2.310971766710281372e-01
0.000000000000000000e+00,1.646337956190109253e-01
0.000000000000000000e+00,1.768336147069931030e-01
0.000000000000000000e+00,1.939140409231185913e-01
0.000000000000000000e+00,1.992867588996887207e-01
0.000000000000000000e+00,1.944258213043212891e-01
0.000000000000000000e+00,1.979478299617767334e-01
0.000000000000000000e+00,1.658158749341964722e-01
0.000000000000000000e+00,1.564389616250991821e-01
0.000000000000000000e+00,1.721377670764923096e-01
0.000000000000000000e+00,1.687278151512145996e-01
0.000000000000000000e+00,1.841985583305358887e-01
0.000000000000000000e+00,1.622357517480850220e-01
0.000000000000000000e+00,1.674720048904418945e-01
0.000000000000000000e+00,1.649457365274429321e-01
0.000000000000000000e+00,1.819518953561782837e-01
0.000000000000000000e+00,2.073472291231155396e-01
0.000000000000000000e+00,2.001818120479583740e-01
0.000000000000000000e+00,2.126867920160293579e-01
0.000000000000000000e+00,2.456596940755844116e-01
0.000000000000000000e+00,1.948814988136291504e-01
0.000000000000000000e+00,1.855822801589965820e-01
0.000000000000000000e+00,1.756436079740524292e-01
0.000000000000000000e+00,1.709286570549011230e-01
0.000000000000000000e+00,1.789720058441162109e-01
0.000000000000000000e+00,1.539714038372039795e-01
0.000000000000000000e+00,1.792858242988586426e-01
0.000000000000000000e+00,1.552980244159698486e-01
0.000000000000000000e+00,2.404224127531051636e-01
0.000000000000000000e+00,1.873096972703933716e-01
0.000000000000000000e+00,1.839076876640319824e-01
0.000000000000000000e+00,2.415408194065093994e-01
0.000000000000000000e+00,1.894371509552001953e-01
0.000000000000000000e+00,1.726750433444976807e-01
0.000000000000000000e+00,1.693422496318817139e-01
0.000000000000000000e+00,1.753890514373779297e-01
0.000000000000000000e+00,1.949795186519622803e-01
0.000000000000000000e+00,2.273776531219482422e-01
0.000000000000000000e+00,2.153072059154510498e-01
0.000000000000000000e+00,2.624908387660980225e-01
0.000000000000000000e+00,2.574107944965362549e-01
0.000000000000000000e+00,1.858554333448410034e-01
0.000000000000000000e+00,1.801596581935882568e-01
0.000000000000000000e+00,1.853306144475936890e-01
0.000000000000000000e+00,2.318639308214187622e-01
0.000000000000000000e+00,1.639510840177536011e-01
0.000000000000000000e+00,1.618427336215972900e-01
0.000000000000000000e+00,1.693030297756195068e-01
0.000000000000000000e+00,1.686353236436843872e-01
0.000000000000000000e+00,1.713629812002182007e-01
0.000000000000000000e+00,1.932913362979888916e-01
0.000000000000000000e+00,1.893678158521652222e-01
0.000000000000000000e+00,1.701536476612091064e-01
0.000000000000000000e+00,1.754897832870483398e-01
0.000000000000000000e+00,1.614092886447906494e-01
0.000000000000000000e+00,1.918186843395233154e-01
0.000000000000000000e+00,2.018828392028808594e-01
0.000000000000000000e+00,1.814645826816558838e-01
0.000000000000000000e+00,1.866974830627441406e-01
0.000000000000000000e+00,1.552171707153320312e-01
0.000000000000000000e+00,1.667178720235824585e-01
0.000000000000000000e+00,2.347488403320312500e-01
0.000000000000000000e+00,1.617330163717269897e-01
0.000000000000000000e+00,2.031803876161575317e-01
0.000000000000000000e+00,1.822690516710281372e-01
0.000000000000000000e+00,1.864505708217620850e-01
0.000000000000000000e+00,1.797410845756530762e-01
0.000000000000000000e+00,1.573520898818969727e-01
0.000000000000000000e+00,1.836224496364593506e-01
0.000000000000000000e+00,1.894833147525787354e-01
0.000000000000000000e+00,1.874830126762390137e-01
0.000000000000000000e+00,1.727085709571838379e-01
0.000000000000000000e+00,1.924421638250350952e-01
0.000000000000000000e+00,1.919485032558441162e-01
0.000000000000000000e+00,2.039802372455596924e-01
0.000000000000000000e+00,1.969504356384277344e-01
0.000000000000000000e+00,2.301247715950012207e-01
0.000000000000000000e+00,1.811995059251785278e-01
0.000000000000000000e+00,1.989673823118209839e-01
0.000000000000000000e+00,1.628139913082122803e-01
0.000000000000000000e+00,2.427819669246673584e-01
0.000000000000000000e+00,2.472893148660659790e-01
0.000000000000000000e+00,2.080639004707336426e-01
0.000000000000000000e+00,2.405359148979187012e-01
0.000000000000000000e+00,1.663663536310195923e-01
0.000000000000000000e+00,2.816724479198455811e-01
0.000000000000000000e+00,1.745322793722152710e-01
0.000000000000000000e+00,1.974139660596847534e-01
0.000000000000000000e+00,2.203688025474548340e-01
0.000000000000000000e+00,1.986297965049743652e-01
0.000000000000000000e+00,1.810259371995925903e-01
0.000000000000000000e+00,1.990292221307754517e-01
0.000000000000000000e+00,2.980714142322540283e-01
0.000000000000000000e+00,1.994044184684753418e-01
0.000000000000000000e+00,2.020853906869888306e-01
0.000000000000000000e+00,2.066011577844619751e-01
0.000000000000000000e+00,1.851292699575424194e-01
0.000000000000000000e+00,1.820659041404724121e-01
0.000000000000000000e+00,2.269917130470275879e-01
0.000000000000000000e+00,2.420977354049682617e-01
0.000000000000000000e+00,1.935092210769653320e-01
0.000000000000000000e+00,1.878461539745330811e-01
0.000000000000000000e+00,2.162126302719116211e-01
0.000000000000000000e+00,2.105233520269393921e-01
0.000000000000000000e+00,2.014652788639068604e-01
0.000000000000000000e+00,2.092503905296325684e-01
0.000000000000000000e+00,1.856720000505447388e-01
0.000000000000000000e+00,2.000395953655242920e-01
0.000000000000000000e+00,2.083963155746459961e-01
0.000000000000000000e+00,2.173099815845489502e-01
0.000000000000000000e+00,1.908518821001052856e-01
0.000000000000000000e+00,1.876542568206787109e-01
0.000000000000000000e+00,1.871678978204727173e-01
0.000000000000000000e+00,2.185287177562713623e-01
0.000000000000000000e+00,3.481085002422332764e-01
0.000000000000000000e+00,3.208084702491760254e-01
0.000000000000000000e+00,2.010520249605178833e-01
0.000000000000000000e+00,1.864855140447616577e-01
0.000000000000000000e+00,2.467070072889328003e-01
0.000000000000000000e+00,1.863592714071273804e-01
0.000000000000000000e+00,2.756460905075073242e-01
0.000000000000000000e+00,2.250550985336303711e-01
0.000000000000000000e+00,3.284438550472259521e-01
0.000000000000000000e+00,1.972110569477081299e-01
0.000000000000000000e+00,2.111635506153106689e-01
0.000000000000000000e+00,1.571750491857528687e-01
0.000000000000000000e+00,2.385152131319046021e-01
0.000000000000000000e+00,3.350233137607574463e-01
0.000000000000000000e+00,2.717067003250122070e-01
0.000000000000000000e+00,2.652908563613891602e-01
0.000000000000000000e+00,1.844538152217864990e-01
0.000000000000000000e+00,2.460743784904479980e-01
0.000000000000000000e+00,1.818701922893524170e-01
0.000000000000000000e+00,2.097211182117462158e-01
0.000000000000000000e+00,1.902764439582824707e-01
0.000000000000000000e+00,1.926584690809249878e-01
0.000000000000000000e+00,1.548468023538589478e-01
0.000000000000000000e+00,1.553552597761154175e-01
0.000000000000000000e+00,1.758307963609695435e-01
0.000000000000000000e+00,2.879980206489562988e-01
0.000000000000000000e+00,1.370582133531570435e-01
0.000000000000000000e+00,2.257586419582366943e-01
0.000000000000000000e+00,1.764656156301498413e-01
0.000000000000000000e+00,1.779303550720214844e-01
0.000000000000000000e+00,1.729066967964172363e-01
0.000000000000000000e+00,1.866491436958312988e-01
0.000000000000000000e+00,1.956132054328918457e-01
0.000000000000000000e+00,1.480244249105453491e-01
0.000000000000000000e+00,1.838921457529067993e-01
0.000000000000000000e+00,1.750704050064086914e-01
0.000000000000000000e+00,2.237787246704101562e-01
0.000000000000000000e+00,2.174663394689559937e-01
0.000000000000000000e+00,2.475697994232177734e-01
0.000000000000000000e+00,2.096251845359802246e-01
0.000000000000000000e+00,1.471116244792938232e-01
0.000000000000000000e+00,1.630851775407791138e-01
0.000000000000000000e+00,1.852630078792572021e-01
0.000000000000000000e+00,2.041822373867034912e-01
0.000000000000000000e+00,1.850346326828002930e-01
0.000000000000000000e+00,1.667626053094863892e-01
0.000000000000000000e+00,1.542990207672119141e-01
0.000000000000000000e+00,2.225895076990127563e-01
0.000000000000000000e+00,1.560387462377548218e-01
0.000000000000000000e+00,1.777653396129608154e-01
0.000000000000000000e+00,1.528330594301223755e-01
0.000000000000000000e+00,1.767706573009490967e-01
0.000000000000000000e+00,1.558378338813781738e-01
0.000000000000000000e+00,1.572992652654647827e-01
0.000000000000000000e+00,1.667594760656356812e-01
0.000000000000000000e+00,1.672632992267608643e-01
0.000000000000000000e+00,1.812637597322463989e-01
0.000000000000000000e+00,1.678574681282043457e-01
0.000000000000000000e+00,1.835553795099258423e-01
0.000000000000000000e+00,1.912892162799835205e-01
0.000000000000000000e+00,1.590503454208374023e-01
0.000000000000000000e+00,1.539075970649719238e-01
0.000000000000000000e+00,1.631670296192169189e-01
0.000000000000000000e+00,1.869998425245285034e-01
0.000000000000000000e+00,1.947320550680160522e-01
0.000000000000000000e+00,1.624789237976074219e-01
0.000000000000000000e+00,1.575585603713989258e-01
0.000000000000000000e+00,1.602511405944824219e-01
0.000000000000000000e+00,1.568974703550338745e-01
0.000000000000000000e+00,1.929198056459426880e-01
0.000000000000000000e+00,1.615358740091323853e-01
0.000000000000000000e+00,1.632304340600967407e-01
0.000000000000000000e+00,1.642587631940841675e-01
0.000000000000000000e+00,1.730059087276458740e-01
0.000000000000000000e+00,1.757062822580337524e-01
0.000000000000000000e+00,1.781701892614364624e-01
0.000000000000000000e+00,1.827774345874786377e-01
0.000000000000000000e+00,1.626527309417724609e-01
0.000000000000000000e+00,1.580591499805450439e-01
0.000000000000000000e+00,1.707499623298645020e-01
0.000000000000000000e+00,2.663981318473815918e-01
0.000000000000000000e+00,1.899156421422958374e-01
0.000000000000000000e+00,1.418528109788894653e-01
0.000000000000000000e+00,2.267491519451141357e-01
0.000000000000000000e+00,2.347694486379623413e-01
0.000000000000000000e+00,2.084359079599380493e-01
0.000000000000000000e+00,3.446536660194396973e-01
0.000000000000000000e+00,1.946294605731964111e-01
0.000000000000000000e+00,1.792097985744476318e-01
0.000000000000000000e+00,1.907993853092193604e-01
0.000000000000000000e+00,2.101450711488723755e-01
0.000000000000000000e+00,1.564176529645919800e-01
0.000000000000000000e+00,2.131412327289581299e-01
0.000000000000000000e+00,2.145262956619262695e-01
0.000000000000000000e+00,2.277885377407073975e-01
0.000000000000000000e+00,2.169463038444519043e-01
0.000000000000000000e+00,2.110097259283065796e-01
0.000000000000000000e+00,1.951948404312133789e-01
0.000000000000000000e+00,1.763432919979095459e-01
0.000000000000000000e+00,1.660180091857910156e-01
0.000000000000000000e+00,1.712959706783294678e-01
0.000000000000000000e+00,2.331256866455078125e-01
0.000000000000000000e+00,1.777107566595077515e-01
0.000000000000000000e+00,2.240106463432312012e-01
0.000000000000000000e+00,1.605470031499862671e-01
0.000000000000000000e+00,1.810524761676788330e-01
0.000000000000000000e+00,2.040876895189285278e-01
0.000000000000000000e+00,2.236529588699340820e-01
0.000000000000000000e+00,2.086341977119445801e-01
0.000000000000000000e+00,1.654658913612365723e-01
0.000000000000000000e+00,1.570424437522888184e-01
0.000000000000000000e+00,2.181121408939361572e-01
0.000000000000000000e+00,2.130744308233261108e-01
0.000000000000000000e+00,2.116748243570327759e-01
0.000000000000000000e+00,2.458456009626388550e-01
0.000000000000000000e+00,1.879740357398986816e-01
0.000000000000000000e+00,1.475788056850433350e-01
0.000000000000000000e+00,1.737372875213623047e-01
0.000000000000000000e+00,1.640824079513549805e-01
0.000000000000000000e+00,1.990399658679962158e-01
0.000000000000000000e+00,1.972707808017730713e-01
0.000000000000000000e+00,1.907981038093566895e-01
0.000000000000000000e+00,2.179691791534423828e-01
0.000000000000000000e+00,2.149638384580612183e-01
0.000000000000000000e+00,3.598670959472656250e-01
0.000000000000000000e+00,3.124498426914215088e-01
0.000000000000000000e+00,3.277299702167510986e-01
0.000000000000000000e+00,3.068551123142242432e-01
0.000000000000000000e+00,2.029064595699310303e-01
0.000000000000000000e+00,1.837634593248367310e-01
0.000000000000000000e+00,2.021422088146209717e-01
0.000000000000000000e+00,1.709841936826705933e-01
0.000000000000000000e+00,2.028636485338211060e-01
0.000000000000000000e+00,1.567562669515609741e-01
0.000000000000000000e+00,2.040680348873138428e-01
0.000000000000000000e+00,1.677278131246566772e-01
0.000000000000000000e+00,1.772452294826507568e-01
0.000000000000000000e+00,2.008654624223709106e-01
0.000000000000000000e+00,1.786222457885742188e-01
0.000000000000000000e+00,1.795179992914199829e-01
0.000000000000000000e+00,1.719100177288055420e-01
0.000000000000000000e+00,1.915760338306427002e-01
0.000000000000000000e+00,1.633604764938354492e-01
0.000000000000000000e+00,1.735025346279144287e-01
0.000000000000000000e+00,1.695337891578674316e-01
0.000000000000000000e+00,1.790703386068344116e-01
0.000000000000000000e+00,1.841645836830139160e-01
0.000000000000000000e+00,2.352707684040069580e-01
0.000000000000000000e+00,1.790589839220046997e-01
0.000000000000000000e+00,2.397802025079727173e-01
0.000000000000000000e+00,2.070380747318267822e-01
0.000000000000000000e+00,2.048053294420242310e-01
0.000000000000000000e+00,2.100825309753417969e-01
0.000000000000000000e+00,2.157976627349853516e-01
0.000000000000000000e+00,1.607794016599655151e-01
0.000000000000000000e+00,1.738299429416656494e-01
0.000000000000000000e+00,1.854553073644638062e-01
0.000000000000000000e+00,1.916448622941970825e-01
0.000000000000000000e+00,2.755901217460632324e-01
0.000000000000000000e+00,1.956104189157485962e-01
0.000000000000000000e+00,2.351699024438858032e-01
0.000000000000000000e+00,2.110203206539154053e-01
0.000000000000000000e+00,2.651463747024536133e-01
0.000000000000000000e+00,2.244758903980255127e-01
0.000000000000000000e+00,1.947689205408096313e-01
0.000000000000000000e+00,1.515274792909622192e-01
0.000000000000000000e+00,2.310270965099334717e-01
0.000000000000000000e+00,2.159550786018371582e-01
0.000000000000000000e+00,1.766927242279052734e-01
0.000000000000000000e+00,2.466093301773071289e-01
0.000000000000000000e+00,2.289741933345794678e-01
0.000000000000000000e+00,2.011072635650634766e-01
0.000000000000000000e+00,2.102921307086944580e-01
0.000000000000000000e+00,2.172762155532836914e-01
0.000000000000000000e+00,2.598447501659393311e-01
0.000000000000000000e+00,3.138108551502227783e-01
0.000000000000000000e+00,1.865343749523162842e-01
0.000000000000000000e+00,2.124644815921783447e-01
0.000000000000000000e+00,1.691862940788269043e-01
0.000000000000000000e+00,2.426562160253524780e-01
0.000000000000000000e+00,2.037143260240554810e-01
0.000000000000000000e+00,1.944785267114639282e-01
0.000000000000000000e+00,2.533853352069854736e-01
0.000000000000000000e+00,1.624483168125152588e-01
0.000000000000000000e+00,1.767686009407043457e-01
0.000000000000000000e+00,1.895663589239120483e-01
0.000000000000000000e+00,1.753010898828506470e-01
0.000000000000000000e+00,1.644246280193328857e-01
0.000000000000000000e+00,2.127991616725921631e-01
0.000000000000000000e+00,2.092509716749191284e-01
0.000000000000000000e+00,1.719614416360855103e-01
0.000000000000000000e+00,2.236821353435516357e-01
0.000000000000000000e+00,2.158620655536651611e-01
0.000000000000000000e+00,1.750607043504714966e-01
0.000000000000000000e+00,1.847637444734573364e-01
0.000000000000000000e+00,1.650763601064682007e-01
0.000000000000000000e+00,2.024531960487365723e-01
0.000000000000000000e+00,1.858749687671661377e-01
0.000000000000000000e+00,2.309308052062988281e-01
0.000000000000000000e+00,2.614140510559082031e-01
0.000000000000000000e+00,1.869213730096817017e-01
0.000000000000000000e+00,2.234353870153427124e-01
0.000000000000000000e+00,3.041456937789916992e-01
0.000000000000000000e+00,2.075238972902297974e-01
0.000000000000000000e+00,1.835670173168182373e-01
0.000000000000000000e+00,2.362772226333618164e-01
0.000000000000000000e+00,2.033169716596603394e-01
0.000000000000000000e+00,2.206058949232101440e-01
0.000000000000000000e+00,2.238605916500091553e-01
0.000000000000000000e+00,1.946534067392349243e-01
0.000000000000000000e+00,1.830515563488006592e-01
0.000000000000000000e+00,2.385096549987792969e-01
0.000000000000000000e+00,1.903359889984130859e-01
0.000000000000000000e+00,2.035449892282485962e-01
0.000000000000000000e+00,2.110779136419296265e-01
0.000000000000000000e+00,1.870693564414978027e-01
0.000000000000000000e+00,2.307062596082687378e-01
0.000000000000000000e+00,2.490708231925964355e-01
0.000000000000000000e+00,2.382156252861022949e-01
0.000000000000000000e+00,2.100826501846313477e-01
0.000000000000000000e+00,1.688967645168304443e-01
0.000000000000000000e+00,2.152847051620483398e-01
0.000000000000000000e+00,2.159902155399322510e-01
0.000000000000000000e+00,2.299564480781555176e-01
0.000000000000000000e+00,2.020237743854522705e-01
0.000000000000000000e+00,1.847475171089172363e-01
0.000000000000000000e+00,1.942251771688461304e-01
0.000000000000000000e+00,1.792142689228057861e-01
0.000000000000000000e+00,2.038692533969879150e-01
0.000000000000000000e+00,2.193914204835891724e-01
0.000000000000000000e+00,2.297678440809249878e-01
0.000000000000000000e+00,2.199355959892272949e-01
0.000000000000000000e+00,1.699976027011871338e-01
0.000000000000000000e+00,1.820439994335174561e-01
0.000000000000000000e+00,2.024509757757186890e-01
0.000000000000000000e+00,1.927228420972824097e-01
0.000000000000000000e+00,1.950246542692184448e-01
0.000000000000000000e+00,2.732665836811065674e-01
0.000000000000000000e+00,1.659879982471466064e-01
0.000000000000000000e+00,1.783646047115325928e-01
0.000000000000000000e+00,1.952551454305648804e-01
0.000000000000000000e+00,1.640719473361968994e-01
0.000000000000000000e+00,1.715492159128189087e-01
0.000000000000000000e+00,1.878870725631713867e-01
0.000000000000000000e+00,1.813974827527999878e-01
0.000000000000000000e+00,1.403693705797195435e-01
0.000000000000000000e+00,2.021197527647018433e-01
0.000000000000000000e+00,1.968152374029159546e-01
0.000000000000000000e+00,1.802567690610885620e-01
0.000000000000000000e+00,2.429652065038681030e-01
0.000000000000000000e+00,1.786588281393051147e-01
0.000000000000000000e+00,1.825174540281295776e-01
0.000000000000000000e+00,2.012070417404174805e-01
0.000000000000000000e+00,1.783969998359680176e-01
0.000000000000000000e+00,1.828388273715972900e-01
0.000000000000000000e+00,1.867689788341522217e-01
0.000000000000000000e+00,1.519659608602523804e-01
0.000000000000000000e+00,1.871709227561950684e-01
0.000000000000000000e+00,2.100137174129486084e-01
0.000000000000000000e+00,1.711802184581756592e-01
0.000000000000000000e+00,2.034174352884292603e-01
0.000000000000000000e+00,1.690462678670883179e-01
0.000000000000000000e+00,1.524728238582611084e-01
0.000000000000000000e+00,1.871528029441833496e-01
0.000000000000000000e+00,1.627850234508514404e-01
0.000000000000000000e+00,1.653434485197067261e-01
0.000000000000000000e+00,1.589418947696685791e-01
0.000000000000000000e+00,2.234254181385040283e-01
0.000000000000000000e+00,1.575873196125030518e-01
0.000000000000000000e+00,2.212786972522735596e-01
0.000000000000000000e+00,1.868480890989303589e-01
0.000000000000000000e+00,1.569572687149047852e-01
0.000000000000000000e+00,1.588389873504638672e-01
0.000000000000000000e+00,1.573797166347503662e-01
0.000000000000000000e+00,1.727327406406402588e-01
0.000000000000000000e+00,1.902592629194259644e-01
0.000000000000000000e+00,1.738209426403045654e-01
0.000000000000000000e+00,2.052042484283447266e-01
0.000000000000000000e+00,1.876268088817596436e-01
0.000000000000000000e+00,1.990479081869125366e-01
0.000000000000000000e+00,2.000109106302261353e-01
0.000000000000000000e+00,2.062335014343261719e-01
0.000000000000000000e+00,1.988770365715026855e-01
0.000000000000000000e+00,2.040297687053680420e-01
0.000000000000000000e+00,2.070636600255966187e-01
0.000000000000000000e+00,2.047239542007446289e-01
0.000000000000000000e+00,1.878000050783157349e-01
0.000000000000000000e+00,2.023877501487731934e-01
0.000000000000000000e+00,2.910519540309906006e-01
0.000000000000000000e+00,1.927248686552047729e-01
0.000000000000000000e+00,2.623206377029418945e-01
0.000000000000000000e+00,2.109363526105880737e-01
0.000000000000000000e+00,2.277191281318664551e-01
0.000000000000000000e+00,2.026167958974838257e-01
0.000000000000000000e+00,2.039200663566589355e-01
0.000000000000000000e+00,1.659306138753890991e-01
0.000000000000000000e+00,2.377191036939620972e-01
0.000000000000000000e+00,3.383420705795288086e-01
0.000000000000000000e+00,2.616593539714813232e-01
0.000000000000000000e+00,2.459141016006469727e-01
0.000000000000000000e+00,1.892800480127334595e-01
0.000000000000000000e+00,1.899355947971343994e-01
1.000000000000000000e+00,3.971766233444213867e-01
1.000000000000000000e+00,5.375202894210815430e-01
1.000000000000000000e+00,5.372996330261230469e-01
1.000000000000000000e+00,4.397138059139251709e-01
1.000000000000000000e+00,4.706279337406158447e-01
1.000000000000000000e+00,4.542853534221649170e-01
1.000000000000000000e+00,4.353987574577331543e-01
1.000000000000000000e+00,4.087921380996704102e-01
1.000000000000000000e+00,4.084202647209167480e-01
1.000000000000000000e+00,4.327633380889892578e-01
1.000000000000000000e+00,4.452847540378570557e-01
1.000000000000000000e+00,5.028437376022338867e-01
1.000000000000000000e+00,4.365000724792480469e-01
1.000000000000000000e+00,4.103578329086303711e-01
1.000000000000000000e+00,3.615934550762176514e-01
1.000000000000000000e+00,4.287842512130737305e-01
1.000000000000000000e+00,4.174298346042633057e-01
1.000000000000000000e+00,3.626722693443298340e-01
1.000000000000000000e+00,4.143819808959960938e-01
1.000000000000000000e+00,3.529064953327178955e-01
1.000000000000000000e+00,4.524785578250885010e-01
1.000000000000000000e+00,4.454911947250366211e-01
1.000000000000000000e+00,3.978791534900665283e-01
1.000000000000000000e+00,4.475968778133392334e-01
1.000000000000000000e+00,5.284514427185058594e-01
1.000000000000000000e+00,3.526510596275329590e-01
1.000000000000000000e+00,4.336023330688476562e-01
1.000000000000000000e+00,4.657737910747528076e-01
1.000000000000000000e+00,4.238091707229614258e-01
1.000000000000000000e+00,4.542037248611450195e-01
1.000000000000000000e+00,4.290397465229034424e-01
1.000000000000000000e+00,4.169821739196777344e-01
1.000000000000000000e+00,4.184959232807159424e-01
1.000000000000000000e+00,3.748813867568969727e-01
1.000000000000000000e+00,4.231286346912384033e-01
1.000000000000000000e+00,3.535302579402923584e-01
1.000000000000000000e+00,3.595784306526184082e-01
1.000000000000000000e+00,4.188820421695709229e-01
1.000000000000000000e+00,3.471993505954742432e-01
1.000000000000000000e+00,3.736608624458312988e-01
1.000000000000000000e+00,4.434420764446258545e-01
1.000000000000000000e+00,5.034519433975219727e-01
1.000000000000000000e+00,4.017312526702880859e-01
1.000000000000000000e+00,4.843046665191650391e-01
1.000000000000000000e+00,3.649901151657104492e-01
1.000000000000000000e+00,3.841071128845214844e-01
1.000000000000000000e+00,4.402259588241577148e-01
1.000000000000000000e+00,4.043174982070922852e-01
1.000000000000000000e+00,4.564507603645324707e-01
1.000000000000000000e+00,4.355987310409545898e-01
1.000000000000000000e+00,3.734854459762573242e-01
1.000000000000000000e+00,4.462847709655761719e-01
1.000000000000000000e+00,3.938322365283966064e-01
1.000000000000000000e+00,4.343532621860504150e-01
1.000000000000000000e+00,3.871168494224548340e-01
1.000000000000000000e+00,3.905126154422760010e-01
1.000000000000000000e+00,4.399070441722869873e-01
1.000000000000000000e+00,3.989477455615997314e-01
1.000000000000000000e+00,3.304318785667419434e-01
1.000000000000000000e+00,4.187640845775604248e-01
1.000000000000000000e+00,5.106363296508789062e-01
1.000000000000000000e+00,4.574968814849853516e-01
1.000000000000000000e+00,4.532368779182434082e-01
1.000000000000000000e+00,4.178947210311889648e-01
1.000000000000000000e+00,4.801140427589416504e-01
1.000000000000000000e+00,3.472558259963989258e-01
1.000000000000000000e+00,4.120645523071289062e-01
1.000000000000000000e+00,3.890360295772552490e-01
1.000000000000000000e+00,4.221667647361755371e-01
1.000000000000000000e+00,3.896883130073547363e-01
1.000000000000000000e+00,4.608319997787475586e-01
1.000000000000000000e+00,4.657300114631652832e-01
1.000000000000000000e+00,3.232791423797607422e-01
1.000000000000000000e+00,4.049026072025299072e-01
1.000000000000000000e+00,4.969912171363830566e-01
1.000000000000000000e+00,4.097382426261901855e-01
1.000000000000000000e+00,4.333485364913940430e-01
1.000000000000000000e+00,4.079655408859252930e-01
1.000000000000000000e+00,4.208280146121978760e-01
1.000000000000000000e+00,4.098556339740753174e-01
1.000000000000000000e+00,3.791994452476501465e-01
1.000000000000000000e+00,3.885967731475830078e-01
1.000000000000000000e+00,5.223770141601562500e-01
1.000000000000000000e+00,4.112292230129241943e-01
1.000000000000000000e+00,3.911281228065490723e-01
1.000000000000000000e+00,4.649776220321655273e-01
1.000000000000000000e+00,4.153750538825988770e-01
1.000000000000000000e+00,4.405075013637542725e-01
1.000000000000000000e+00,4.654207825660705566e-01
1.000000000000000000e+00,4.027476310729980469e-01
1.000000000000000000e+00,4.322651326656341553e-01
1.000000000000000000e+00,4.878041744232177734e-01
1.000000000000000000e+00,3.907809853553771973e-01
1.000000000000000000e+00,4.719227552413940430e-01
1.000000000000000000e+00,4.147607684135437012e-01
1.000000000000000000e+00,5.059515833854675293e-01
1.000000000000000000e+00,4.083739221096038818e-01
1.000000000000000000e+00,4.077463150024414062e-01
1.000000000000000000e+00,3.834416866302490234e-01
1.000000000000000000e+00,4.528324604034423828e-01
1.000000000000000000e+00,4.464427828788757324e-01
1.000000000000000000e+00,4.052201509475708008e-01
1.000000000000000000e+00,4.076220989227294922e-01
1.000000000000000000e+00,5.024472475051879883e-01
1.000000000000000000e+00,4.153546392917633057e-01
1.000000000000000000e+00,5.002684593200683594e-01
1.000000000000000000e+00,4.431394934654235840e-01
1.000000000000000000e+00,4.410656988620758057e-01
1.000000000000000000e+00,4.962053298950195312e-01
1.000000000000000000e+00,4.464091658592224121e-01
1.000000000000000000e+00,4.417386353015899658e-01
1.000000000000000000e+00,4.542599320411682129e-01
1.000000000000000000e+00,4.455462396144866943e-01
1.000000000000000000e+00,4.622321724891662598e-01
1.000000000000000000e+00,4.390121698379516602e-01
1.000000000000000000e+00,3.996060192584991455e-01
1.000000000000000000e+00,3.893114030361175537e-01
1.000000000000000000e+00,3.830896615982055664e-01
1.000000000000000000e+00,4.158710539340972900e-01
1.000000000000000000e+00,3.738395869731903076e-01
1.000000000000000000e+00,4.202673733234405518e-01
1.000000000000000000e+00,3.469465970993041992e-01
1.000000000000000000e+00,3.754954338073730469e-01
1.000000000000000000e+00,4.725974798202514648e-01
1.000000000000000000e+00,4.373682141304016113e-01
1.000000000000000000e+00,3.357056081295013428e-01
1.000000000000000000e+00,4.389522969722747803e-01
1.000000000000000000e+00,4.105276763439178467e-01
1.000000000000000000e+00,4.724857211112976074e-01
1.000000000000000000e+00,4.278415143489837646e-01
1.000000000000000000e+00,5.241119861602783203e-01
1.000000000000000000e+00,4.620840549468994141e-01
1.000000000000000000e+00,4.659244716167449951e-01
1.000000000000000000e+00,4.055515527725219727e-01
1.000000000000000000e+00,4.361396729946136475e-01
1.000000000000000000e+00,4.337127208709716797e-01
1.000000000000000000e+00,3.789173364639282227e-01
1.000000000000000000e+00,4.267587661743164062e-01
1.000000000000000000e+00,3.977738618850708008e-01
1.000000000000000000e+00,4.712934494018554688e-01
1.000000000000000000e+00,3.626976013183593750e-01
1.000000000000000000e+00,4.394791722297668457e-01
1.000000000000000000e+00,4.123068451881408691e-01
1.000000000000000000e+00,4.396228194236755371e-01
1.000000000000000000e+00,3.686029911041259766e-01
1.000000000000000000e+00,3.880469202995300293e-01
1.000000000000000000e+00,5.533123016357421875e-01
1.000000000000000000e+00,4.133767485618591309e-01
1.000000000000000000e+00,4.114291965961456299e-01
1.000000000000000000e+00,5.074713230133056641e-01
1.000000000000000000e+00,5.032475590705871582e-01
1.000000000000000000e+00,3.789516389369964600e-01
1.000000000000000000e+00,4.812628626823425293e-01
1.000000000000000000e+00,3.371614515781402588e-01
1.000000000000000000e+00,3.874266147613525391e-01
1.000000000000000000e+00,4.571475982666015625e-01
1.000000000000000000e+00,4.374114274978637695e-01
1.000000000000000000e+00,4.120329022407531738e-01
1.000000000000000000e+00,4.146575629711151123e-01
1.000000000000000000e+00,3.880317807197570801e-01
1.000000000000000000e+00,4.359190464019775391e-01
1.000000000000000000e+00,4.267400205135345459e-01
1.000000000000000000e+00,4.066561758518218994e-01
1.000000000000000000e+00,3.876665830612182617e-01
1.000000000000000000e+00,3.992363214492797852e-01
1.000000000000000000e+00,4.622383415699005127e-01
1.000000000000000000e+00,4.400918483734130859e-01
1.000000000000000000e+00,4.232506752014160156e-01
1.000000000000000000e+00,4.061910510063171387e-01
1.000000000000000000e+00,3.928449451923370361e-01
1.000000000000000000e+00,4.871901273727416992e-01
1.000000000000000000e+00,4.744080305099487305e-01
1.000000000000000000e+00,4.547433853149414062e-01
1.000000000000000000e+00,4.813198447227478027e-01
1.000000000000000000e+00,3.662438392639160156e-01
1.000000000000000000e+00,3.559986948966979980e-01
1.000000000000000000e+00,3.784599304199218750e-01
1.000000000000000000e+00,4.420516490936279297e-01
1.000000000000000000e+00,4.482086896896362305e-01
1.000000000000000000e+00,5.123591423034667969e-01
1.000000000000000000e+00,4.069920778274536133e-01
1.000000000000000000e+00,3.879704773426055908e-01
1.000000000000000000e+00,3.334314823150634766e-01
1.000000000000000000e+00,4.850934743881225586e-01
1.000000000000000000e+00,4.185275435447692871e-01
1.000000000000000000e+00,4.894958436489105225e-01
1.000000000000000000e+00,4.352761805057525635e-01
1.000000000000000000e+00,4.393226504325866699e-01
1.000000000000000000e+00,4.216157197952270508e-01
1.000000000000000000e+00,3.933745622634887695e-01
1.000000000000000000e+00,4.257381856441497803e-01
1.000000000000000000e+00,3.584581911563873291e-01
1.000000000000000000e+00,3.944315016269683838e-01
1.000000000000000000e+00,4.869143366813659668e-01
1.000000000000000000e+00,4.006530344486236572e-01
1.000000000000000000e+00,3.924825787544250488e-01
1.000000000000000000e+00,4.653980731964111328e-01
1.000000000000000000e+00,4.231259226799011230e-01
1.000000000000000000e+00,4.467093050479888916e-01
1.000000000000000000e+00,4.691367149353027344e-01
1.000000000000000000e+00,4.115932285785675049e-01
1.000000000000000000e+00,4.389020800590515137e-01
1.000000000000000000e+00,4.164839982986450195e-01
1.000000000000000000e+00,3.760901987552642822e-01
1.000000000000000000e+00,4.696201086044311523e-01
1.000000000000000000e+00,4.550580084323883057e-01
1.000000000000000000e+00,4.208129942417144775e-01
1.000000000000000000e+00,4.443030953407287598e-01
1.000000000000000000e+00,4.251058697700500488e-01
1.000000000000000000e+00,3.677988052368164062e-01
1.000000000000000000e+00,4.115003943443298340e-01
1.000000000000000000e+00,4.796426296234130859e-01
1.000000000000000000e+00,4.002833962440490723e-01
1.000000000000000000e+00,3.617976307868957520e-01
1.000000000000000000e+00,5.472905635833740234e-01
1.000000000000000000e+00,3.916170001029968262e-01
1.000000000000000000e+00,5.138344764709472656e-01
1.000000000000000000e+00,4.106697738170623779e-01
1.000000000000000000e+00,4.015663266181945801e-01
1.000000000000000000e+00,4.106092453002929688e-01
1.000000000000000000e+00,4.687553048133850098e-01
1.000000000000000000e+00,4.284195303916931152e-01
1.000000000000000000e+00,4.823998510837554932e-01
1.000000000000000000e+00,4.353715479373931885e-01
1.000000000000000000e+00,4.820050001144409180e-01
1.000000000000000000e+00,3.790741562843322754e-01
1.000000000000000000e+00,3.747610449790954590e-01
1.000000000000000000e+00,3.714879453182220459e-01
1.000000000000000000e+00,3.741960525512695312e-01
1.000000000000000000e+00,4.197746813297271729e-01
1.000000000000000000e+00,4.664043188095092773e-01
1.000000000000000000e+00,3.500472605228424072e-01
1.000000000000000000e+00,3.849812150001525879e-01
1.000000000000000000e+00,4.613860845565795898e-01
1.000000000000000000e+00,5.060194134712219238e-01
1.000000000000000000e+00,4.379179477691650391e-01
1.000000000000000000e+00,4.354575872421264648e-01
1.000000000000000000e+00,4.914711117744445801e-01
1.000000000000000000e+00,4.726579189300537109e-01
1.000000000000000000e+00,4.260376691818237305e-01
1.000000000000000000e+00,4.132781028747558594e-01
1.000000000000000000e+00,3.911153972148895264e-01
1.000000000000000000e+00,4.350306987762451172e-01
1.000000000000000000e+00,3.697334229946136475e-01
1.000000000000000000e+00,4.378909468650817871e-01
1.000000000000000000e+00,4.488423764705657959e-01
1.000000000000000000e+00,4.042518138885498047e-01
1.000000000000000000e+00,3.489973545074462891e-01
1.000000000000000000e+00,4.179996848106384277e-01
1.000000000000000000e+00,3.551229238510131836e-01
1.000000000000000000e+00,4.662421941757202148e-01
1.000000000000000000e+00,3.427089750766754150e-01
1.000000000000000000e+00,4.169895052909851074e-01
1.000000000000000000e+00,5.176203250885009766e-01
1.000000000000000000e+00,3.791661262512207031e-01
1.000000000000000000e+00,5.267344713211059570e-01
1.000000000000000000e+00,4.589179456233978271e-01
1.000000000000000000e+00,4.504826068878173828e-01
1.000000000000000000e+00,4.090660810470581055e-01
1.000000000000000000e+00,4.789828062057495117e-01
1.000000000000000000e+00,3.600651621818542480e-01
1.000000000000000000e+00,3.753409087657928467e-01
1.000000000000000000e+00,4.002735614776611328e-01
1.000000000000000000e+00,5.079360008239746094e-01
1.000000000000000000e+00,3.995063900947570801e-01
1.000000000000000000e+00,4.297739863395690918e-01
1.000000000000000000e+00,3.967291116714477539e-01
1.000000000000000000e+00,3.534759581089019775e-01
1.000000000000000000e+00,3.939138650894165039e-01
1.000000000000000000e+00,3.682667016983032227e-01
1.000000000000000000e+00,4.177185893058776855e-01
1.000000000000000000e+00,3.812361359596252441e-01
1.000000000000000000e+00,4.468905329704284668e-01
1.000000000000000000e+00,4.558494091033935547e-01
1.000000000000000000e+00,3.740887343883514404e-01
1.000000000000000000e+00,4.019712507724761963e-01
1.000000000000000000e+00,4.356184005737304688e-01
1.000000000000000000e+00,3.951512575149536133e-01
1.000000000000000000e+00,4.646848440170288086e-01
1.000000000000000000e+00,4.005520939826965332e-01
1.000000000000000000e+00,3.942154049873352051e-01
1.000000000000000000e+00,5.489790439605712891e-01
1.000000000000000000e+00,4.472494423389434814e-01
1.000000000000000000e+00,4.745712876319885254e-01
1.000000000000000000e+00,4.284782707691192627e-01
1.000000000000000000e+00,5.016244053840637207e-01
1.000000000000000000e+00,3.421811461448669434e-01
1.000000000000000000e+00,3.964501023292541504e-01
1.000000000000000000e+00,3.756652474403381348e-01
1.000000000000000000e+00,4.534914195537567139e-01
1.000000000000000000e+00,4.308462142944335938e-01
1.000000000000000000e+00,4.757683873176574707e-01
1.000000000000000000e+00,4.908562004566192627e-01
1.000000000000000000e+00,3.500864207744598389e-01
1.000000000000000000e+00,3.600595593452453613e-01
1.000000000000000000e+00,4.347927570343017578e-01
1.000000000000000000e+00,4.144637584686279297e-01
1.000000000000000000e+00,4.140879213809967041e-01
1.000000000000000000e+00,4.095067381858825684e-01
1.000000000000000000e+00,4.328404664993286133e-01
1.000000000000000000e+00,4.685752987861633301e-01
1.000000000000000000e+00,4.670600295066833496e-01
1.000000000000000000e+00,4.349529147148132324e-01
1.000000000000000000e+00,4.708580672740936279e-01
1.000000000000000000e+00,5.039073824882507324e-01
1.000000000000000000e+00,4.754513502120971680e-01
1.000000000000000000e+00,5.143831372261047363e-01
1.000000000000000000e+00,4.423775374889373779e-01
1.000000000000000000e+00,4.653518795967102051e-01
1.000000000000000000e+00,5.127282738685607910e-01
1.000000000000000000e+00,4.561036229133605957e-01
1.000000000000000000e+00,4.850873053073883057e-01
1.000000000000000000e+00,5.000136494636535645e-01
1.000000000000000000e+00,3.978246450424194336e-01
1.000000000000000000e+00,5.434589982032775879e-01
1.000000000000000000e+00,4.291962385177612305e-01
1.000000000000000000e+00,4.531577825546264648e-01
1.000000000000000000e+00,4.263409674167633057e-01
1.000000000000000000e+00,4.822483658790588379e-01
1.000000000000000000e+00,5.328220129013061523e-01
1.000000000000000000e+00,5.107896924018859863e-01
1.000000000000000000e+00,4.260946214199066162e-01
1.000000000000000000e+00,4.448504149913787842e-01
1.000000000000000000e+00,4.673404693603515625e-01
1.000000000000000000e+00,4.223774075508117676e-01
1.000000000000000000e+00,3.576401472091674805e-01
1.000000000000000000e+00,4.681434631347656250e-01
1.000000000000000000e+00,4.316990971565246582e-01
1.000000000000000000e+00,4.243151843547821045e-01
1.000000000000000000e+00,5.274173617362976074e-01
1.000000000000000000e+00,4.005329906940460205e-01
1.000000000000000000e+00,4.069879651069641113e-01
1.000000000000000000e+00,3.403881788253784180e-01
1.000000000000000000e+00,4.653526246547698975e-01
1.000000000000000000e+00,3.261900544166564941e-01
1.000000000000000000e+00,5.494672656059265137e-01
1.000000000000000000e+00,4.130844175815582275e-01
1.000000000000000000e+00,3.813281953334808350e-01
1.000000000000000000e+00,5.179457068443298340e-01
1.000000000000000000e+00,3.498880863189697266e-01
1.000000000000000000e+00,4.759715199470520020e-01
1.000000000000000000e+00,4.498894214630126953e-01
1.000000000000000000e+00,4.406294822692871094e-01
1.000000000000000000e+00,4.537806212902069092e-01
1.000000000000000000e+00,3.215286433696746826e-01
1.000000000000000000e+00,4.360036253929138184e-01
1.000000000000000000e+00,4.196184575557708740e-01
1.000000000000000000e+00,4.591750502586364746e-01
1.000000000000000000e+00,3.573208451271057129e-01
1.000000000000000000e+00,4.020805656909942627e-01
1.000000000000000000e+00,5.165525078773498535e-01
1.000000000000000000e+00,3.690018653869628906e-01
1.000000000000000000e+00,3.846842050552368164e-01
1.000000000000000000e+00,3.896777629852294922e-01
1.000000000000000000e+00,3.428871631622314453e-01
1.000000000000000000e+00,3.995921611785888672e-01
1.000000000000000000e+00,3.686470091342926025e-01
1.000000000000000000e+00,3.588899374008178711e-01
1.000000000000000000e+00,3.292610943317413330e-01
1.000000000000000000e+00,3.939232826232910156e-01
1.000000000000000000e+00,4.036130309104919434e-01
1.000000000000000000e+00,4.563699364662170410e-01
1.000000000000000000e+00,3.635940551757812500e-01
1.000000000000000000e+00,3.349649906158447266e-01
1.000000000000000000e+00,3.784234523773193359e-01
1.000000000000000000e+00,4.290738403797149658e-01
1.000000000000000000e+00,4.092069566249847412e-01
1.000000000000000000e+00,4.042907953262329102e-01
1.000000000000000000e+00,4.410609602928161621e-01
1.000000000000000000e+00,3.637609779834747314e-01
1.000000000000000000e+00,3.694494366645812988e-01
1.000000000000000000e+00,5.281181335449218750e-01
1.000000000000000000e+00,4.531749486923217773e-01
1.000000000000000000e+00,3.835248351097106934e-01
1.000000000000000000e+00,4.453229904174804688e-01
1.000000000000000000e+00,4.288558363914489746e-01
1.000000000000000000e+00,3.856629729270935059e-01
1.000000000000000000e+00,4.666985273361206055e-01
1.000000000000000000e+00,4.230336546897888184e-01
1.000000000000000000e+00,3.766823410987854004e-01
1.000000000000000000e+00,3.776895403861999512e-01
1.000000000000000000e+00,3.732279241085052490e-01
1.000000000000000000e+00,4.233939945697784424e-01
1.000000000000000000e+00,4.721196591854095459e-01
1.000000000000000000e+00,4.375798106193542480e-01
1.000000000000000000e+00,4.860663414001464844e-01
1.000000000000000000e+00,3.638068735599517822e-01
1.000000000000000000e+00,3.859958648681640625e-01
1.000000000000000000e+00,3.480487763881683350e-01
1.000000000000000000e+00,3.920088708400726318e-01
1.000000000000000000e+00,3.711556494235992432e-01
1.000000000000000000e+00,4.072462320327758789e-01
1.000000000000000000e+00,4.229479730129241943e-01
1.000000000000000000e+00,3.961126506328582764e-01
1.000000000000000000e+00,5.528244972229003906e-01
1.000000000000000000e+00,4.348124861717224121e-01
1.000000000000000000e+00,4.511511921882629395e-01
1.000000000000000000e+00,4.057514667510986328e-01
1.000000000000000000e+00,3.826023340225219727e-01
1.000000000000000000e+00,3.811028003692626953e-01
1.000000000000000000e+00,4.306256771087646484e-01
1.000000000000000000e+00,4.378237128257751465e-01
1.000000000000000000e+00,4.331015646457672119e-01
1.000000000000000000e+00,4.290226101875305176e-01
1.000000000000000000e+00,4.390244185924530029e-01
1.000000000000000000e+00,4.087989628314971924e-01
1.000000000000000000e+00,5.382515192031860352e-01
1.000000000000000000e+00,5.584893822669982910e-01
1.000000000000000000e+00,3.677914142608642578e-01
1.000000000000000000e+00,4.168687760829925537e-01
1.000000000000000000e+00,3.994436860084533691e-01
1.000000000000000000e+00,4.157038033008575439e-01
1.000000000000000000e+00,4.113839864730834961e-01
1.000000000000000000e+00,4.891307353973388672e-01
1.000000000000000000e+00,4.257669448852539062e-01
1.000000000000000000e+00,3.674310445785522461e-01
1.000000000000000000e+00,4.433341622352600098e-01
1.000000000000000000e+00,4.005196690559387207e-01
1.000000000000000000e+00,4.075694978237152100e-01
1.000000000000000000e+00,4.057483673095703125e-01
1.000000000000000000e+00,4.627540111541748047e-01
1.000000000000000000e+00,3.659844696521759033e-01
1.000000000000000000e+00,3.550285398960113525e-01
1.000000000000000000e+00,4.748576283454895020e-01
1.000000000000000000e+00,2.866705060005187988e-01
1.000000000000000000e+00,3.998949229717254639e-01
1.000000000000000000e+00,4.667971134185791016e-01
1.000000000000000000e+00,3.830973803997039795e-01
1.000000000000000000e+00,4.656485021114349365e-01
1.000000000000000000e+00,4.152362942695617676e-01
1.000000000000000000e+00,3.883984386920928955e-01
1.000000000000000000e+00,4.378790557384490967e-01
1.000000000000000000e+00,3.934346139430999756e-01
1.000000000000000000e+00,3.568042218685150146e-01
1.000000000000000000e+00,4.222777783870697021e-01
1.000000000000000000e+00,3.814750015735626221e-01
1.000000000000000000e+00,3.962998390197753906e-01
1.000000000000000000e+00,3.835826516151428223e-01
1.000000000000000000e+00,4.731239378452301025e-01
1.000000000000000000e+00,4.029676914215087891e-01
1.000000000000000000e+00,3.279389739036560059e-01
1.000000000000000000e+00,3.737622201442718506e-01
1.000000000000000000e+00,4.584935903549194336e-01
1.000000000000000000e+00,3.996392786502838135e-01
1.000000000000000000e+00,5.110886693000793457e-01
1.000000000000000000e+00,4.067943692207336426e-01
1.000000000000000000e+00,5.135389566421508789e-01
1.000000000000000000e+00,4.305095672607421875e-01
1.000000000000000000e+00,4.442390799522399902e-01
1.000000000000000000e+00,4.682704210281372070e-01
1.000000000000000000e+00,3.939849138259887695e-01
1.000000000000000000e+00,4.807624816894531250e-01
1.000000000000000000e+00,4.610115587711334229e-01
1.000000000000000000e+00,4.117859005928039551e-01
1.000000000000000000e+00,4.210138916969299316e-01
1.000000000000000000e+00,3.482091426849365234e-01
1.000000000000000000e+00,3.645904064178466797e-01
1.000000000000000000e+00,4.229756593704223633e-01
1.000000000000000000e+00,4.182562232017517090e-01
1.000000000000000000e+00,4.787358045578002930e-01
1.000000000000000000e+00,4.202247560024261475e-01
1.000000000000000000e+00,4.381251931190490723e-01
1.000000000000000000e+00,4.731815159320831299e-01
1.000000000000000000e+00,4.031840860843658447e-01
1.000000000000000000e+00,3.959825336933135986e-01
1.000000000000000000e+00,3.942620456218719482e-01
1.000000000000000000e+00,4.292401671409606934e-01
1.000000000000000000e+00,3.813277184963226318e-01
1.000000000000000000e+00,4.188594222068786621e-01
1.000000000000000000e+00,4.183372557163238525e-01
1.000000000000000000e+00,4.053270518779754639e-01
1.000000000000000000e+00,4.309617578983306885e-01
1.000000000000000000e+00,4.404180645942687988e-01
1.000000000000000000e+00,4.044821858406066895e-01
1.000000000000000000e+00,3.780744671821594238e-01
1.000000000000000000e+00,4.150406718254089355e-01
1.000000000000000000e+00,3.979256153106689453e-01
1.000000000000000000e+00,4.082386493682861328e-01
1.000000000000000000e+00,3.938827812671661377e-01
1.000000000000000000e+00,5.738956928253173828e-01
1.000000000000000000e+00,4.421693682670593262e-01
1.000000000000000000e+00,5.489051342010498047e-01
1.000000000000000000e+00,4.711718857288360596e-01
1.000000000000000000e+00,4.546576440334320068e-01
1.000000000000000000e+00,4.308994412422180176e-01
1.000000000000000000e+00,4.685963392257690430e-01
1.000000000000000000e+00,4.272629320621490479e-01
1.000000000000000000e+00,3.930488824844360352e-01
1.000000000000000000e+00,3.664966523647308350e-01
1.000000000000000000e+00,4.131842255592346191e-01
1.000000000000000000e+00,4.152086377143859863e-01
1.000000000000000000e+00,3.819681704044342041e-01
1.000000000000000000e+00,3.793702125549316406e-01
1.000000000000000000e+00,5.002633333206176758e-01
1.000000000000000000e+00,3.675044775009155273e-01
1.000000000000000000e+00,4.438595175743103027e-01
1.000000000000000000e+00,4.312307536602020264e-01
1.000000000000000000e+00,3.604891598224639893e-01
1.000000000000000000e+00,3.987552523612976074e-01
1.000000000000000000e+00,4.387772679328918457e-01
1.000000000000000000e+00,4.166574180126190186e-01
1.000000000000000000e+00,5.557779073715209961e-01
1.000000000000000000e+00,3.548541665077209473e-01
1.000000000000000000e+00,4.829264283180236816e-01
1.000000000000000000e+00,4.914346635341644287e-01
1.000000000000000000e+00,4.311424195766448975e-01
1.000000000000000000e+00,4.729685783386230469e-01
1.000000000000000000e+00,4.047749638557434082e-01
1.000000000000000000e+00,4.044864773750305176e-01
1.000000000000000000e+00,5.890587568283081055e-01
1.000000000000000000e+00,3.710235655307769775e-01
1.000000000000000000e+00,4.664903879165649414e-01
1.000000000000000000e+00,4.066208004951477051e-01
1.000000000000000000e+00,5.103840827941894531e-01
1.000000000000000000e+00,4.245451092720031738e-01
1.000000000000000000e+00,3.092539310455322266e-01
1.000000000000000000e+00,4.248266816139221191e-01
1.000000000000000000e+00,3.898606896400451660e-01
1.000000000000000000e+00,4.804399907588958740e-01
1.000000000000000000e+00,4.476647377014160156e-01
1.000000000000000000e+00,4.000234603881835938e-01
1.000000000000000000e+00,4.488579332828521729e-01
1.000000000000000000e+00,3.939441740512847900e-01
1.000000000000000000e+00,4.289557337760925293e-01
1.000000000000000000e+00,3.948371410369873047e-01
1.000000000000000000e+00,3.314443826675415039e-01
1.000000000000000000e+00,3.900799751281738281e-01
1.000000000000000000e+00,3.713844120502471924e-01
1.000000000000000000e+00,3.397544920444488525e-01
1.000000000000000000e+00,5.797743797302246094e-01
1.000000000000000000e+00,4.472270309925079346e-01
1.000000000000000000e+00,3.423934578895568848e-01
1.000000000000000000e+00,4.689509868621826172e-01
1.000000000000000000e+00,3.724023997783660889e-01
1.000000000000000000e+00,4.331226348876953125e-01
1.000000000000000000e+00,4.037070572376251221e-01
1.000000000000000000e+00,5.007845163345336914e-01
1.000000000000000000e+00,5.364109277725219727e-01
1.000000000000000000e+00,4.292362630367279053e-01
1.000000000000000000e+00,4.225683808326721191e-01
1.000000000000000000e+00,4.286056756973266602e-01
1.000000000000000000e+00,4.574511349201202393e-01
1.000000000000000000e+00,4.365254640579223633e-01
1.000000000000000000e+00,4.631881117820739746e-01
1.000000000000000000e+00,4.376786947250366211e-01
1.000000000000000000e+00,4.225922822952270508e-01
1.000000000000000000e+00,3.609718382358551025e-01
1.000000000000000000e+00,4.137707948684692383e-01
1.000000000000000000e+00,3.800671398639678955e-01
1.000000000000000000e+00,4.273990988731384277e-01
1.000000000000000000e+00,3.873823881149291992e-01
1.000000000000000000e+00,4.344687461853027344e-01
1.000000000000000000e+00,3.993673920631408691e-01
1.000000000000000000e+00,3.898996710777282715e-01
1.000000000000000000e+00,4.672042131423950195e-01
1.000000000000000000e+00,4.478984475135803223e-01
1.000000000000000000e+00,3.309085965156555176e-01
1.000000000000000000e+00,5.335380434989929199e-01
1.000000000000000000e+00,3.746380805969238281e-01
1.000000000000000000e+00,4.073547124862670898e-01
1.000000000000000000e+00,4.267939329147338867e-01
1.000000000000000000e+00,3.516083955764770508e-01
1.000000000000000000e+00,3.817556202411651611e-01
1.000000000000000000e+00,4.271170496940612793e-01
1.000000000000000000e+00,4.169982075691223145e-01
1.000000000000000000e+00,4.421508312225341797e-01
1.000000000000000000e+00,4.326125681400299072e-01
1.000000000000000000e+00,4.576386213302612305e-01
1.000000000000000000e+00,4.486672878265380859e-01
1.000000000000000000e+00,4.438480138778686523e-01
1.000000000000000000e+00,4.378271102905273438e-01
1.000000000000000000e+00,3.563281595706939697e-01
1.000000000000000000e+00,3.987928032875061035e-01
1.000000000000000000e+00,3.981958031654357910e-01
1.000000000000000000e+00,4.029213190078735352e-01
1.000000000000000000e+00,3.711668848991394043e-01
1.000000000000000000e+00,4.666091799736022949e-01
1.000000000000000000e+00,5.020185708999633789e-01
1.000000000000000000e+00,4.582949280738830566e-01
1.000000000000000000e+00,4.580934643745422363e-01
1.000000000000000000e+00,4.257776141166687012e-01
1.000000000000000000e+00,3.703024089336395264e-01
1.000000000000000000e+00,3.971506059169769287e-01
1.000000000000000000e+00,4.765155911445617676e-01
1.000000000000000000e+00,4.962158799171447754e-01
1.000000000000000000e+00,4.797968864440917969e-01
1.000000000000000000e+00,4.927608668804168701e-01
1.000000000000000000e+00,4.178874194622039795e-01
1.000000000000000000e+00,4.542664289474487305e-01
1.000000000000000000e+00,4.569029211997985840e-01
1.000000000000000000e+00,4.536295831203460693e-01
1.000000000000000000e+00,4.696627557277679443e-01
1.000000000000000000e+00,3.733859956264495850e-01
1.000000000000000000e+00,3.692398667335510254e-01
1.000000000000000000e+00,4.269156455993652344e-01
1.000000000000000000e+00,3.672308921813964844e-01
1.000000000000000000e+00,4.201828241348266602e-01
1.000000000000000000e+00,3.335378170013427734e-01
1.000000000000000000e+00,3.503007888793945312e-01
1.000000000000000000e+00,4.860886335372924805e-01
1.000000000000000000e+00,3.974274992942810059e-01
1.000000000000000000e+00,4.630291759967803955e-01
1.000000000000000000e+00,4.448463618755340576e-01
1.000000000000000000e+00,3.527955710887908936e-01
1.000000000000000000e+00,4.260695278644561768e-01
1.000000000000000000e+00,4.409859776496887207e-01
1.000000000000000000e+00,3.922916054725646973e-01
1.000000000000000000e+00,4.156215488910675049e-01
1.000000000000000000e+00,3.392311632633209229e-01
1.000000000000000000e+00,3.851169943809509277e-01
1.000000000000000000e+00,3.599770367145538330e-01
1.000000000000000000e+00,3.827307224273681641e-01
1.000000000000000000e+00,4.283321797847747803e-01
1.000000000000000000e+00,3.715018630027770996e-01
1.000000000000000000e+00,4.347823858261108398e-01
1.000000000000000000e+00,4.047885239124298096e-01
1.000000000000000000e+00,4.803503453731536865e-01
1.000000000000000000e+00,5.142831802368164062e-01
1.000000000000000000e+00,3.305286467075347900e-01
1.000000000000000000e+00,3.887419104576110840e-01
1.000000000000000000e+00,4.037944376468658447e-01
1.000000000000000000e+00,4.373365044593811035e-01
1.000000000000000000e+00,4.569650888442993164e-01
1.000000000000000000e+00,3.969361782073974609e-01
1.000000000000000000e+00,4.558430314064025879e-01
1.000000000000000000e+00,3.836807608604431152e-01
1.000000000000000000e+00,4.706051349639892578e-01
1.000000000000000000e+00,4.303207397460937500e-01
1.000000000000000000e+00,3.696039617061614990e-01
1.000000000000000000e+00,4.100911617279052734e-01
1.000000000000000000e+00,3.741938471794128418e-01
1.000000000000000000e+00,4.667750597000122070e-01
1.000000000000000000e+00,4.774973690509796143e-01
1.000000000000000000e+00,3.395341634750366211e-01
1.000000000000000000e+00,4.466949999332427979e-01
1.000000000000000000e+00,4.222058653831481934e-01
1.000000000000000000e+00,3.859809637069702148e-01
1.000000000000000000e+00,5.772777795791625977e-01
1.000000000000000000e+00,4.510630965232849121e-01
1.000000000000000000e+00,4.522531628608703613e-01
1.000000000000000000e+00,4.645755887031555176e-01
1.000000000000000000e+00,4.139164388179779053e-01
1.000000000000000000e+00,4.266988933086395264e-01
1.000000000000000000e+00,4.896855354309082031e-01
1.000000000000000000e+00,3.839673697948455811e-01
1.000000000000000000e+00,3.498161733150482178e-01
1.000000000000000000e+00,5.370063781738281250e-01
1.000000000000000000e+00,4.362478256225585938e-01
1.000000000000000000e+00,5.349711179733276367e-01
1.000000000000000000e+00,5.016027092933654785e-01
1.000000000000000000e+00,4.426914751529693604e-01
1.000000000000000000e+00,5.555441379547119141e-01
1.000000000000000000e+00,4.573173522949218750e-01
1.000000000000000000e+00,5.043338537216186523e-01
1.000000000000000000e+00,4.145378172397613525e-01
1.000000000000000000e+00,4.544095695018768311e-01
1.000000000000000000e+00,5.066955089569091797e-01
1.000000000000000000e+00,5.306358933448791504e-01
1.000000000000000000e+00,4.907103776931762695e-01
1.000000000000000000e+00,5.192531943321228027e-01
1.000000000000000000e+00,6.049857139587402344e-01
1.000000000000000000e+00,3.845540285110473633e-01
1.000000000000000000e+00,4.354524016380310059e-01
1.000000000000000000e+00,3.762809038162231445e-01
1.000000000000000000e+00,3.950307369232177734e-01
1.000000000000000000e+00,3.726568222045898438e-01
1.000000000000000000e+00,4.824979901313781738e-01
1.000000000000000000e+00,3.388095796108245850e-01
1.000000000000000000e+00,4.462089836597442627e-01
1.000000000000000000e+00,3.781602978706359863e-01
1.000000000000000000e+00,4.010045528411865234e-01
1.000000000000000000e+00,4.743568897247314453e-01
1.000000000000000000e+00,3.789530396461486816e-01
1.000000000000000000e+00,4.186614453792572021e-01
1.000000000000000000e+00,3.088144958019256592e-01
1.000000000000000000e+00,4.172265529632568359e-01
1.000000000000000000e+00,4.212123453617095947e-01
1.000000000000000000e+00,3.331792950630187988e-01
1.000000000000000000e+00,4.240693151950836182e-01
1.000000000000000000e+00,4.643450975418090820e-01
1.000000000000000000e+00,3.650212883949279785e-01
1.000000000000000000e+00,3.809680342674255371e-01
1.000000000000000000e+00,3.511284589767456055e-01
1.000000000000000000e+00,3.555799126625061035e-01
1.000000000000000000e+00,3.994841575622558594e-01
1.000000000000000000e+00,3.992358446121215820e-01
1.000000000000000000e+00,3.601749241352081299e-01
1.000000000000000000e+00,4.463270306587219238e-01
1.000000000000000000e+00,3.985114693641662598e-01
1.000000000000000000e+00,4.676895439624786377e-01
1.000000000000000000e+00,4.856513142585754395e-01
1.000000000000000000e+00,3.399827182292938232e-01
1.000000000000000000e+00,4.090782999992370605e-01
1.000000000000000000e+00,4.746213555335998535e-01
1.000000000000000000e+00,4.443625807762145996e-01
1.000000000000000000e+00,3.302260637283325195e-01
1.000000000000000000e+00,4.028568863868713379e-01
1.000000000000000000e+00,4.967441856861114502e-01
1.000000000000000000e+00,4.163540005683898926e-01
1.000000000000000000e+00,3.981328308582305908e-01
1.000000000000000000e+00,4.086603224277496338e-01
1.000000000000000000e+00,4.605491757392883301e-01
1.000000000000000000e+00,3.991080224514007568e-01
1.000000000000000000e+00,3.547686934471130371e-01
1.000000000000000000e+00,4.859719276428222656e-01
1.000000000000000000e+00,4.640542268753051758e-01
1.000000000000000000e+00,4.780524671077728271e-01
1.000000000000000000e+00,4.467323124408721924e-01
1.000000000000000000e+00,3.751033544540405273e-01
1.000000000000000000e+00,4.718060493469238281e-01
1.000000000000000000e+00,5.043693184852600098e-01
1.000000000000000000e+00,4.648516178131103516e-01
1.000000000000000000e+00,5.110421776771545410e-01
1.000000000000000000e+00,4.251019656658172607e-01
1.000000000000000000e+00,3.522812128067016602e-01
1.000000000000000000e+00,3.966308832168579102e-01
1.000000000000000000e+00,4.119407534599304199e-01
1.000000000000000000e+00,4.328015446662902832e-01
1.000000000000000000e+00,3.977836072444915771e-01
1.000000000000000000e+00,4.037291705608367920e-01
1.000000000000000000e+00,4.169737398624420166e-01
1.000000000000000000e+00,3.824032843112945557e-01
1.000000000000000000e+00,4.452024996280670166e-01
1.000000000000000000e+00,4.246716499328613281e-01
1.000000000000000000e+00,3.656626641750335693e-01
1.000000000000000000e+00,3.281645774841308594e-01
1.000000000000000000e+00,4.087387919425964355e-01
1.000000000000000000e+00,4.447002410888671875e-01
1.000000000000000000e+00,4.872187077999114990e-01
1.000000000000000000e+00,4.885716140270233154e-01
1.000000000000000000e+00,4.461295008659362793e-01
1.000000000000000000e+00,4.246892631053924561e-01
1.000000000000000000e+00,3.819268047809600830e-01
1.000000000000000000e+00,4.018518030643463135e-01
1.000000000000000000e+00,3.816242218017578125e-01
1.000000000000000000e+00,4.423161149024963379e-01
1.000000000000000000e+00,3.702370822429656982e-01
1.000000000000000000e+00,4.363267421722412109e-01
1.000000000000000000e+00,5.069817304611206055e-01
1.000000000000000000e+00,4.599357247352600098e-01
1.000000000000000000e+00,4.806875884532928467e-01
1.000000000000000000e+00,5.356236100196838379e-01
1.000000000000000000e+00,4.815830588340759277e-01
1.000000000000000000e+00,4.374867975711822510e-01
1.000000000000000000e+00,4.060524702072143555e-01
1.000000000000000000e+00,4.663113951683044434e-01
1.000000000000000000e+00,4.996430277824401855e-01
1.000000000000000000e+00,4.221546947956085205e-01
1.000000000000000000e+00,4.683053493499755859e-01
1.000000000000000000e+00,4.320330321788787842e-01
1.000000000000000000e+00,4.012028574943542480e-01
1.000000000000000000e+00,3.977217078208923340e-01
1.000000000000000000e+00,3.489836156368255615e-01
1.000000000000000000e+00,4.474833309650421143e-01
1.000000000000000000e+00,3.679836690425872803e-01
1.000000000000000000e+00,4.020451009273529053e-01
1.000000000000000000e+00,3.736231923103332520e-01
1.000000000000000000e+00,5.649266242980957031e-01
1.000000000000000000e+00,4.790419042110443115e-01
1.000000000000000000e+00,4.657837748527526855e-01
1.000000000000000000e+00,3.607473373413085938e-01
1.000000000000000000e+00,4.376173615455627441e-01
1.000000000000000000e+00,3.331270217895507812e-01
1.000000000000000000e+00,3.913666307926177979e-01
1.000000000000000000e+00,3.995554745197296143e-01
1.000000000000000000e+00,4.097722172737121582e-01
1.000000000000000000e+00,4.139142632484436035e-01
1.000000000000000000e+00,4.152360856533050537e-01
1.000000000000000000e+00,4.481702148914337158e-01
1.000000000000000000e+00,3.641272187232971191e-01
1.000000000000000000e+00,3.346785902976989746e-01
1.000000000000000000e+00,4.021095335483551025e-01
1.000000000000000000e+00,3.932977914810180664e-01
1.000000000000000000e+00,4.427638649940490723e-01
1.000000000000000000e+00,3.968303203582763672e-01
1.000000000000000000e+00,4.711924195289611816e-01
1.000000000000000000e+00,4.051945507526397705e-01
1.000000000000000000e+00,4.820286035537719727e-01
1.000000000000000000e+00,3.994270563125610352e-01
1.000000000000000000e+00,3.823485076427459717e-01
1.000000000000000000e+00,4.044345319271087646e-01
1.000000000000000000e+00,4.690334796905517578e-01
1.000000000000000000e+00,4.995599091053009033e-01
1.000000000000000000e+00,3.039271831512451172e-01
1.000000000000000000e+00,4.159348011016845703e-01
1.000000000000000000e+00,3.781484961509704590e-01
1.000000000000000000e+00,4.738015532493591309e-01
1.000000000000000000e+00,4.351644814014434814e-01
1.000000000000000000e+00,4.205036759376525879e-01
1.000000000000000000e+00,4.441169500350952148e-01
1.000000000000000000e+00,4.965741932392120361e-01
1.000000000000000000e+00,3.837719857692718506e-01
1.000000000000000000e+00,3.761835992336273193e-01
1.000000000000000000e+00,4.714315533638000488e-01
1.000000000000000000e+00,4.596673846244812012e-01
1.000000000000000000e+00,3.767867684364318848e-01
1.000000000000000000e+00,4.792361557483673096e-01
1.000000000000000000e+00,4.448546171188354492e-01
1.000000000000000000e+00,3.934913575649261475e-01
1.000000000000000000e+00,4.092897772789001465e-01
1.000000000000000000e+00,4.499223828315734863e-01
1.000000000000000000e+00,3.827127814292907715e-01
1.000000000000000000e+00,3.778417408466339111e-01
1.000000000000000000e+00,4.420956373214721680e-01
1.000000000000000000e+00,4.414525628089904785e-01
1.000000000000000000e+00,4.551942348480224609e-01
1.000000000000000000e+00,4.275529682636260986e-01
1.000000000000000000e+00,4.333814680576324463e-01
1.000000000000000000e+00,4.088768959045410156e-01
1.000000000000000000e+00,4.330335855484008789e-01
1.000000000000000000e+00,3.679339885711669922e-01
1.000000000000000000e+00,4.464584589004516602e-01
1.000000000000000000e+00,4.252415895462036133e-01
1.000000000000000000e+00,5.220366716384887695e-01
1.000000000000000000e+00,4.351521730422973633e-01
1.000000000000000000e+00,4.349675178527832031e-01
1.000000000000000000e+00,4.662318825721740723e-01
1.000000000000000000e+00,4.406083226203918457e-01
1.000000000000000000e+00,4.863516986370086670e-01
1.000000000000000000e+00,4.369519948959350586e-01
1.000000000000000000e+00,4.791035354137420654e-01
1.000000000000000000e+00,4.146382510662078857e-01
1.000000000000000000e+00,4.569545388221740723e-01
1.000000000000000000e+00,4.263938069343566895e-01
1.000000000000000000e+00,4.362532496452331543e-01
1.000000000000000000e+00,4.008029997348785400e-01
1.000000000000000000e+00,3.742392659187316895e-01
1.000000000000000000e+00,4.544549286365509033e-01
1.000000000000000000e+00,3.912295103073120117e-01
1.000000000000000000e+00,4.334908127784729004e-01
1.000000000000000000e+00,3.906472325325012207e-01
1.000000000000000000e+00,4.654904305934906006e-01
1.000000000000000000e+00,3.464898765087127686e-01
1.000000000000000000e+00,3.907626867294311523e-01
1.000000000000000000e+00,4.193178117275238037e-01
1.000000000000000000e+00,4.694588780403137207e-01
1.000000000000000000e+00,5.039232373237609863e-01
1.000000000000000000e+00,4.263856112957000732e-01
1.000000000000000000e+00,4.004707932472229004e-01
1.000000000000000000e+00,3.732118010520935059e-01
1.000000000000000000e+00,3.726957142353057861e-01
1.000000000000000000e+00,3.999872803688049316e-01
1.000000000000000000e+00,4.014898240566253662e-01
1.000000000000000000e+00,3.586485981941223145e-01
1.000000000000000000e+00,3.719595670700073242e-01
1.000000000000000000e+00,3.758571147918701172e-01
1.000000000000000000e+00,4.744083881378173828e-01
1.000000000000000000e+00,3.742156922817230225e-01
1.000000000000000000e+00,3.804382085800170898e-01
1.000000000000000000e+00,4.271211028099060059e-01
1.000000000000000000e+00,4.436917304992675781e-01
1.000000000000000000e+00,4.860191345214843750e-01
1.000000000000000000e+00,3.926946818828582764e-01
1.000000000000000000e+00,4.120768308639526367e-01
1.000000000000000000e+00,4.700499475002288818e-01
1.000000000000000000e+00,4.134852886199951172e-01
1.000000000000000000e+00,4.075527787208557129e-01
1.000000000000000000e+00,4.659280776977539062e-01
1.000000000000000000e+00,3.739429712295532227e-01
1.000000000000000000e+00,3.808225691318511963e-01
1.000000000000000000e+00,3.764582276344299316e-01
1.000000000000000000e+00,3.865489661693572998e-01
1.000000000000000000e+00,4.001410603523254395e-01
1.000000000000000000e+00,4.732768833637237549e-01
1.000000000000000000e+00,3.504326939582824707e-01
1.000000000000000000e+00,4.614741504192352295e-01
1.000000000000000000e+00,3.962687551975250244e-01
1.000000000000000000e+00,5.039002299308776855e-01
1.000000000000000000e+00,4.511308670043945312e-01
1.000000000000000000e+00,4.906632304191589355e-01
1.000000000000000000e+00,4.119784235954284668e-01
1.000000000000000000e+00,4.038895666599273682e-01
1.000000000000000000e+00,4.547331333160400391e-01
1.000000000000000000e+00,4.379535317420959473e-01
1.000000000000000000e+00,4.411243498325347900e-01
1.000000000000000000e+00,3.801298439502716064e-01
1.000000000000000000e+00,4.707029461860656738e-01
1.000000000000000000e+00,5.411536693572998047e-01
1.000000000000000000e+00,4.544581174850463867e-01
1.000000000000000000e+00,4.421342611312866211e-01
1.000000000000000000e+00,4.539988040924072266e-01
1.000000000000000000e+00,4.099882245063781738e-01
1.000000000000000000e+00,5.283536911010742188e-01
1.000000000000000000e+00,4.348699748516082764e-01
1.000000000000000000e+00,4.556642770767211914e-01
1.000000000000000000e+00,4.731835126876831055e-01
1.000000000000000000e+00,3.916740715503692627e-01
1.000000000000000000e+00,3.955797851085662842e-01
1.000000000000000000e+00,4.585782289505004883e-01
1.000000000000000000e+00,4.500531852245330811e-01
1.000000000000000000e+00,4.948044419288635254e-01
1.000000000000000000e+00,3.435000181198120117e-01
1.000000000000000000e+00,3.620287775993347168e-01
1.000000000000000000e+00,4.406364560127258301e-01
1.000000000000000000e+00,4.450743496417999268e-01
1.000000000000000000e+00,3.262481689453125000e-01
1.000000000000000000e+00,3.998224139213562012e-01
1.000000000000000000e+00,4.515351653099060059e-01
1.000000000000000000e+00,4.099123179912567139e-01
1.000000000000000000e+00,4.407192468643188477e-01
1.000000000000000000e+00,3.611145615577697754e-01
1.000000000000000000e+00,4.347511529922485352e-01
1.000000000000000000e+00,4.659665226936340332e-01
1.000000000000000000e+00,3.802964687347412109e-01
1.000000000000000000e+00,4.645379185676574707e-01
1.000000000000000000e+00,4.663497805595397949e-01
1.000000000000000000e+00,3.650947511196136475e-01
1.000000000000000000e+00,4.128155112266540527e-01
1.000000000000000000e+00,4.564472436904907227e-01
1.000000000000000000e+00,4.789141714572906494e-01
1.000000000000000000e+00,4.128754138946533203e-01
1.000000000000000000e+00,4.674806594848632812e-01
1.000000000000000000e+00,4.686037898063659668e-01
1.000000000000000000e+00,3.931447267532348633e-01
1.000000000000000000e+00,4.122513532638549805e-01
1.000000000000000000e+00,3.833865225315093994e-01
1.000000000000000000e+00,3.850463628768920898e-01
1.000000000000000000e+00,4.687270224094390869e-01
1.000000000000000000e+00,4.393976330757141113e-01
1.000000000000000000e+00,3.978495895862579346e-01
1.000000000000000000e+00,5.267320275306701660e-01
1.000000000000000000e+00,3.596998155117034912e-01
1.000000000000000000e+00,3.874125778675079346e-01
1.000000000000000000e+00,4.366031587123870850e-01
1.000000000000000000e+00,4.526115059852600098e-01
1.000000000000000000e+00,5.538898110389709473e-01
1.000000000000000000e+00,4.463232457637786865e-01
1.000000000000000000e+00,4.159378409385681152e-01
1.000000000000000000e+00,4.546885490417480469e-01
1.000000000000000000e+00,4.588152468204498291e-01
1.000000000000000000e+00,4.560805559158325195e-01
1.000000000000000000e+00,3.695814013481140137e-01
1.000000000000000000e+00,3.430531024932861328e-01
1.000000000000000000e+00,4.201020300388336182e-01
1.000000000000000000e+00,4.324193894863128662e-01
1.000000000000000000e+00,4.274925589561462402e-01
1.000000000000000000e+00,5.029122233390808105e-01
1.000000000000000000e+00,4.627007842063903809e-01
1.000000000000000000e+00,4.009583294391632080e-01
1.000000000000000000e+00,4.570613801479339600e-01
1.000000000000000000e+00,3.737069070339202881e-01
1.000000000000000000e+00,3.796724677085876465e-01
1.000000000000000000e+00,3.733595013618469238e-01
1.000000000000000000e+00,3.916528820991516113e-01
1.000000000000000000e+00,5.174587368965148926e-01
1.000000000000000000e+00,5.044231414794921875e-01
1.000000000000000000e+00,5.394757390022277832e-01
1.000000000000000000e+00,4.993025064468383789e-01
1.000000000000000000e+00,4.224427938461303711e-01
1.000000000000000000e+00,4.315783381462097168e-01
1.000000000000000000e+00,5.043232440948486328e-01
1.000000000000000000e+00,4.510128498077392578e-01
1.000000000000000000e+00,3.836972117424011230e-01
1.000000000000000000e+00,4.585556387901306152e-01
1.000000000000000000e+00,4.300621747970581055e-01
1.000000000000000000e+00,4.763045012950897217e-01
1.000000000000000000e+00,4.755629003047943115e-01
1.000000000000000000e+00,4.682523310184478760e-01
1.000000000000000000e+00,4.386600553989410400e-01
1.000000000000000000e+00,3.893104791641235352e-01
1.000000000000000000e+00,3.895637392997741699e-01
1.000000000000000000e+00,3.819366097450256348e-01
1.000000000000000000e+00,4.669585824012756348e-01
1.000000000000000000e+00,3.930490612983703613e-01
1.000000000000000000e+00,5.200924277305603027e-01
1.000000000000000000e+00,3.847243189811706543e-01
1.000000000000000000e+00,3.874636888504028320e-01
1.000000000000000000e+00,3.793596923351287842e-01
1.000000000000000000e+00,4.385855495929718018e-01
1.000000000000000000e+00,4.901694059371948242e-01
1.000000000000000000e+00,4.542056918144226074e-01
1.000000000000000000e+00,4.066146910190582275e-01
1.000000000000000000e+00,4.506046772003173828e-01
1.000000000000000000e+00,3.421429991722106934e-01
1.000000000000000000e+00,4.261298775672912598e-01
1.000000000000000000e+00,4.446156620979309082e-01
1.000000000000000000e+00,4.028635323047637939e-01
1.000000000000000000e+00,3.975217938423156738e-01
1.000000000000000000e+00,4.021574258804321289e-01
1.000000000000000000e+00,3.534235060214996338e-01
1.000000000000000000e+00,4.249797761440277100e-01
1.000000000000000000e+00,4.022839367389678955e-01
1.000000000000000000e+00,3.854675292968750000e-01
1.000000000000000000e+00,3.769227266311645508e-01
1.000000000000000000e+00,4.152483940124511719e-01
1.000000000000000000e+00,4.358074069023132324e-01
1.000000000000000000e+00,4.076274633407592773e-01
1.000000000000000000e+00,4.255960583686828613e-01
1.000000000000000000e+00,5.001764893531799316e-01
1.000000000000000000e+00,4.333804845809936523e-01
1.000000000000000000e+00,4.271640181541442871e-01
1.000000000000000000e+00,4.116428792476654053e-01
1.000000000000000000e+00,4.833093285560607910e-01
1.000000000000000000e+00,3.893516361713409424e-01
1.000000000000000000e+00,3.922338485717773438e-01
1.000000000000000000e+00,4.261556267738342285e-01
1.000000000000000000e+00,4.696963429450988770e-01
1.000000000000000000e+00,5.046525001525878906e-01
1.000000000000000000e+00,3.402951657772064209e-01
1.000000000000000000e+00,4.552229940891265869e-01
1.000000000000000000e+00,3.648199141025543213e-01
1.000000000000000000e+00,4.411075711250305176e-01
1.000000000000000000e+00,4.743620455265045166e-01
1.000000000000000000e+00,4.415874779224395752e-01
1.000000000000000000e+00,4.421525001525878906e-01
1.000000000000000000e+00,3.995299041271209717e-01
1.000000000000000000e+00,3.755776882171630859e-01
1.000000000000000000e+00,3.884507417678833008e-01
1.000000000000000000e+00,4.630193710327148438e-01
1.000000000000000000e+00,4.203452765941619873e-01
1.000000000000000000e+00,4.511850476264953613e-01
1.000000000000000000e+00,3.516292870044708252e-01
1.000000000000000000e+00,4.289677143096923828e-01
1.000000000000000000e+00,5.019804239273071289e-01
1.000000000000000000e+00,4.548653960227966309e-01
1.000000000000000000e+00,4.102076292037963867e-01
1.000000000000000000e+00,3.860473930835723877e-01
1.000000000000000000e+00,4.570729136466979980e-01
1.000000000000000000e+00,4.793956875801086426e-01
1.000000000000000000e+00,3.778266310691833496e-01
1.000000000000000000e+00,4.208888411521911621e-01
1.000000000000000000e+00,4.874562919139862061e-01
1.000000000000000000e+00,4.194733500480651855e-01
1.000000000000000000e+00,4.559740424156188965e-01
1.000000000000000000e+00,4.246068596839904785e-01
1.000000000000000000e+00,4.466786086559295654e-01
1.000000000000000000e+00,4.024149775505065918e-01
1.000000000000000000e+00,3.701049089431762695e-01
1.000000000000000000e+00,4.490399360656738281e-01
1.000000000000000000e+00,3.500493764877319336e-01
1.000000000000000000e+00,4.044562578201293945e-01
1.000000000000000000e+00,5.035121440887451172e-01
1.000000000000000000e+00,4.898852705955505371e-01
1.000000000000000000e+00,4.341788887977600098e-01
1.000000000000000000e+00,4.514258801937103271e-01
1.000000000000000000e+00,4.622640907764434814e-01
1.000000000000000000e+00,4.794950783252716064e-01
1.000000000000000000e+00,4.359495341777801514e-01
1.000000000000000000e+00,4.221874475479125977e-01
1.000000000000000000e+00,4.630776047706604004e-01
1.000000000000000000e+00,4.467029571533203125e-01
1.000000000000000000e+00,4.063863754272460938e-01
1.000000000000000000e+00,4.332591891288757324e-01
1.000000000000000000e+00,4.692062139511108398e-01
1.000000000000000000e+00,4.137227237224578857e-01
1.000000000000000000e+00,4.166650176048278809e-01
1.000000000000000000e+00,4.291168153285980225e-01
1.000000000000000000e+00,3.618165850639343262e-01
1.000000000000000000e+00,3.781402409076690674e-01
1.000000000000000000e+00,3.975926637649536133e-01
1.000000000000000000e+00,3.957569599151611328e-01
1.000000000000000000e+00,4.822412729263305664e-01
1.000000000000000000e+00,4.372137784957885742e-01
1.000000000000000000e+00,4.364002645015716553e-01
1.000000000000000000e+00,4.188958406448364258e-01
1.000000000000000000e+00,3.494737744331359863e-01
1.000000000000000000e+00,5.073010325431823730e-01
1.000000000000000000e+00,4.859448075294494629e-01
1.000000000000000000e+00,4.071995913982391357e-01
1.000000000000000000e+00,4.598076045513153076e-01
1.000000000000000000e+00,3.835784792900085449e-01
1.000000000000000000e+00,4.096203446388244629e-01
1.000000000000000000e+00,3.809624016284942627e-01
1.000000000000000000e+00,3.794438838958740234e-01
1.000000000000000000e+00,4.231651425361633301e-01
1.000000000000000000e+00,3.541670143604278564e-01
1.000000000000000000e+00,4.101723432540893555e-01
1.000000000000000000e+00,4.235082864761352539e-01
1.000000000000000000e+00,4.594861268997192383e-01
1.000000000000000000e+00,4.069990813732147217e-01
1.000000000000000000e+00,3.767945170402526855e-01
1.000000000000000000e+00,5.018105506896972656e-01
1.000000000000000000e+00,4.024544358253479004e-01
1.000000000000000000e+00,4.213337302207946777e-01
1.000000000000000000e+00,4.393180012702941895e-01
1.000000000000000000e+00,3.763366639614105225e-01
1.000000000000000000e+00,3.803297877311706543e-01
1.000000000000000000e+00,3.856164813041687012e-01
1.000000000000000000e+00,4.319750368595123291e-01
1.000000000000000000e+00,3.633878827095031738e-01
1.000000000000000000e+00,5.002690553665161133e-01
1.000000000000000000e+00,3.059089779853820801e-01
1.000000000000000000e+00,4.397684931755065918e-01
1.000000000000000000e+00,3.711713552474975586e-01
1.000000000000000000e+00,3.989582657814025879e-01
1.000000000000000000e+00,4.184321463108062744e-01
1.000000000000000000e+00,4.669098854064941406e-01
1.000000000000000000e+00,4.315749704837799072e-01
1.000000000000000000e+00,3.622263669967651367e-01
1.000000000000000000e+00,4.692688584327697754e-01
1.000000000000000000e+00,3.805131614208221436e-01
1.000000000000000000e+00,4.488453269004821777e-01
1.000000000000000000e+00,3.867586553096771240e-01
1.000000000000000000e+00,3.786050975322723389e-01
1.000000000000000000e+00,4.479135870933532715e-01
1.000000000000000000e+00,4.110416173934936523e-01
1.000000000000000000e+00,4.611193537712097168e-01
1.000000000000000000e+00,4.344735145568847656e-01
1.000000000000000000e+00,4.390668869018554688e-01
1.000000000000000000e+00,3.883079886436462402e-01
1.000000000000000000e+00,3.453842997550964355e-01
1.000000000000000000e+00,4.842316210269927979e-01
1.000000000000000000e+00,4.479221701622009277e-01
1.000000000000000000e+00,3.453910052776336670e-01
1.000000000000000000e+00,4.042356610298156738e-01
1.000000000000000000e+00,4.477883577346801758e-01
1.000000000000000000e+00,5.265344381332397461e-01
1.000000000000000000e+00,4.781780242919921875e-01
1.000000000000000000e+00,4.782866537570953369e-01
1.000000000000000000e+00,4.229194521903991699e-01
1.000000000000000000e+00,3.946238756179809570e-01
1.000000000000000000e+00,3.940507769584655762e-01
1.000000000000000000e+00,3.980875015258789062e-01
1.000000000000000000e+00,4.222100973129272461e-01
1.000000000000000000e+00,4.657436609268188477e-01
1.000000000000000000e+00,4.495937228202819824e-01
1.000000000000000000e+00,3.953536450862884521e-01
1.000000000000000000e+00,4.349901974201202393e-01
1.000000000000000000e+00,4.991592168807983398e-01
1.000000000000000000e+00,4.139119088649749756e-01
1.000000000000000000e+00,3.463411331176757812e-01
1.000000000000000000e+00,3.757191896438598633e-01
1.000000000000000000e+00,3.627822399139404297e-01
1.000000000000000000e+00,3.828428387641906738e-01
1.000000000000000000e+00,4.444382190704345703e-01
1.000000000000000000e+00,4.384675025939941406e-01
1.000000000000000000e+00,4.723103046417236328e-01
1.000000000000000000e+00,4.619814157485961914e-01
1.000000000000000000e+00,3.149222731590270996e-01
1.000000000000000000e+00,3.709114193916320801e-01
1.000000000000000000e+00,4.304401576519012451e-01
1.000000000000000000e+00,3.629487752914428711e-01
1.000000000000000000e+00,4.336511194705963135e-01
1.000000000000000000e+00,3.631165027618408203e-01
1.000000000000000000e+00,3.971270918846130371e-01
1.000000000000000000e+00,4.072119891643524170e-01
1.000000000000000000e+00,4.137018620967864990e-01
1.000000000000000000e+00,4.126077294349670410e-01
1.000000000000000000e+00,4.299554824829101562e-01
1.000000000000000000e+00,4.132108390331268311e-01
1.000000000000000000e+00,4.561096131801605225e-01
1.000000000000000000e+00,3.757757544517517090e-01
1.000000000000000000e+00,3.498607277870178223e-01
1.000000000000000000e+00,4.385398030281066895e-01
1.000000000000000000e+00,4.789043068885803223e-01
1.000000000000000000e+00,4.133945107460021973e-01
1.000000000000000000e+00,2.893784344196319580e-01
1.000000000000000000e+00,4.023602008819580078e-01
1.000000000000000000e+00,3.502236306667327881e-01
1.000000000000000000e+00,4.018882811069488525e-01
1.000000000000000000e+00,4.131937325000762939e-01
1.000000000000000000e+00,4.844492673873901367e-01
1.000000000000000000e+00,3.751312196254730225e-01
1.000000000000000000e+00,4.065979123115539551e-01
1.000000000000000000e+00,4.158182144165039062e-01
1.000000000000000000e+00,4.563668668270111084e-01
1.000000000000000000e+00,4.424287080764770508e-01
1.000000000000000000e+00,3.909210860729217529e-01
1.000000000000000000e+00,4.361879229545593262e-01
1.000000000000000000e+00,4.690053462982177734e-01
1.000000000000000000e+00,3.854504823684692383e-01
1.000000000000000000e+00,4.372769892215728760e-01
1.000000000000000000e+00,5.076788663864135742e-01
1.000000000000000000e+00,3.707698285579681396e-01
1.000000000000000000e+00,3.769814968109130859e-01
1.000000000000000000e+00,4.295289516448974609e-01
1.000000000000000000e+00,4.491378664970397949e-01
1.000000000000000000e+00,4.865500032901763916e-01
1.000000000000000000e+00,5.572667717933654785e-01
1.000000000000000000e+00,3.922279775142669678e-01
1.000000000000000000e+00,3.867520391941070557e-01
1.000000000000000000e+00,3.805971741676330566e-01
1.000000000000000000e+00,3.756028115749359131e-01
1.000000000000000000e+00,4.711172878742218018e-01
1.000000000000000000e+00,3.754711151123046875e-01
1.000000000000000000e+00,4.059637784957885742e-01
1.000000000000000000e+00,4.361215829849243164e-01
1.000000000000000000e+00,3.774533569812774658e-01
1.000000000000000000e+00,3.914463520050048828e-01
1.000000000000000000e+00,3.947844505310058594e-01
1.000000000000000000e+00,4.405472576618194580e-01
1.000000000000000000e+00,4.163372516632080078e-01
1.000000000000000000e+00,5.786840915679931641e-01
1.000000000000000000e+00,4.218422770500183105e-01
1.000000000000000000e+00,4.376966655254364014e-01
1.000000000000000000e+00,3.874391317367553711e-01
1.000000000000000000e+00,3.992373049259185791e-01
1.000000000000000000e+00,4.761208295822143555e-01
1.000000000000000000e+00,5.295299291610717773e-01
1.000000000000000000e+00,4.539435505867004395e-01
1.000000000000000000e+00,3.785921335220336914e-01
1.000000000000000000e+00,5.077642202377319336e-01
1.000000000000000000e+00,4.325948357582092285e-01
1.000000000000000000e+00,3.747488558292388916e-01
1.000000000000000000e+00,3.789905905723571777e-01
1.000000000000000000e+00,3.707137703895568848e-01
1.000000000000000000e+00,3.968369066715240479e-01
1.000000000000000000e+00,3.390213549137115479e-01
1.000000000000000000e+00,3.841479420661926270e-01
1.000000000000000000e+00,3.137874305248260498e-01
1.000000000000000000e+00,4.331535100936889648e-01
1.000000000000000000e+00,3.989303112030029297e-01
1.000000000000000000e+00,4.658050537109375000e-01
1.000000000000000000e+00,4.681931734085083008e-01
1.000000000000000000e+00,3.983592987060546875e-01
1.000000000000000000e+00,3.665740787982940674e-01
1.000000000000000000e+00,4.277507960796356201e-01
1.000000000000000000e+00,5.025049448013305664e-01
1.000000000000000000e+00,3.814561963081359863e-01
1.000000000000000000e+00,4.878066778182983398e-01
1.000000000000000000e+00,4.854740500450134277e-01
1.000000000000000000e+00,4.468487203121185303e-01
1.000000000000000000e+00,4.497772753238677979e-01
1.000000000000000000e+00,4.832381606101989746e-01
1.000000000000000000e+00,5.929365754127502441e-01
1.000000000000000000e+00,3.688415288925170898e-01
1.000000000000000000e+00,3.917018771171569824e-01
1.000000000000000000e+00,3.851403892040252686e-01
1.000000000000000000e+00,4.586933851242065430e-01
1.000000000000000000e+00,3.575731515884399414e-01
1.000000000000000000e+00,3.787104487419128418e-01
1.000000000000000000e+00,3.499527871608734131e-01
1.000000000000000000e+00,3.900209069252014160e-01
1.000000000000000000e+00,4.021700024604797363e-01
1.000000000000000000e+00,3.249194920063018799e-01
1.000000000000000000e+00,3.541535735130310059e-01
1.000000000000000000e+00,4.343585669994354248e-01
1.000000000000000000e+00,4.836710095405578613e-01
1.000000000000000000e+00,3.435968756675720215e-01
1.000000000000000000e+00,4.314955472946166992e-01
1.000000000000000000e+00,3.004621267318725586e-01
1.000000000000000000e+00,3.501146733760833740e-01
1.000000000000000000e+00,4.164047539234161377e-01
1.000000000000000000e+00,5.480815768241882324e-01
1.000000000000000000e+00,4.269804358482360840e-01
1.000000000000000000e+00,3.920145034790039062e-01
1.000000000000000000e+00,4.186565876007080078e-01
1.000000000000000000e+00,3.794630765914916992e-01
1.000000000000000000e+00,4.206748008728027344e-01
1.000000000000000000e+00,4.430657625198364258e-01
1.000000000000000000e+00,3.727782368659973145e-01
1.000000000000000000e+00,4.198642671108245850e-01
1.000000000000000000e+00,3.494399785995483398e-01
1.000000000000000000e+00,3.642109334468841553e-01
1.000000000000000000e+00,4.123424887657165527e-01
1.000000000000000000e+00,4.525512456893920898e-01
1.000000000000000000e+00,4.258442223072052002e-01
1.000000000000000000e+00,3.853551149368286133e-01
1.000000000000000000e+00,3.962850868701934814e-01
1.000000000000000000e+00,5.011175870895385742e-01
1.000000000000000000e+00,4.282093048095703125e-01
1.000000000000000000e+00,4.300236105918884277e-01
1.000000000000000000e+00,4.103938341140747070e-01
1.000000000000000000e+00,4.822908341884613037e-01
1.000000000000000000e+00,4.715502858161926270e-01
1.000000000000000000e+00,3.253149688243865967e-01
1.000000000000000000e+00,3.258969187736511230e-01
1.000000000000000000e+00,4.079533517360687256e-01
1.000000000000000000e+00,3.868512809276580811e-01
1.000000000000000000e+00,3.834263384342193604e-01
1.000000000000000000e+00,4.491404294967651367e-01
1.000000000000000000e+00,4.523466229438781738e-01
1.000000000000000000e+00,3.225053846836090088e-01
1.000000000000000000e+00,3.539205789566040039e-01
1.000000000000000000e+00,3.985583484172821045e-01
1.000000000000000000e+00,5.088565349578857422e-01
1.000000000000000000e+00,4.027967453002929688e-01
1.000000000000000000e+00,3.521332442760467529e-01
1.000000000000000000e+00,4.105645418167114258e-01
1.000000000000000000e+00,3.962029218673706055e-01
1.000000000000000000e+00,3.642366230487823486e-01
1.000000000000000000e+00,3.510543107986450195e-01
1.000000000000000000e+00,3.395382165908813477e-01
1.000000000000000000e+00,4.779087901115417480e-01
1.000000000000000000e+00,4.159949421882629395e-01
1.000000000000000000e+00,4.184275269508361816e-01
1.000000000000000000e+00,4.160708189010620117e-01
1.000000000000000000e+00,4.713187813758850098e-01
1.000000000000000000e+00,4.836946129798889160e-01
1.000000000000000000e+00,3.679091036319732666e-01
1.000000000000000000e+00,3.615631461143493652e-01
1.000000000000000000e+00,4.933503568172454834e-01
1.000000000000000000e+00,4.095950126647949219e-01
1.000000000000000000e+00,4.323821663856506348e-01
1.000000000000000000e+00,4.643506407737731934e-01
1.000000000000000000e+00,4.134594202041625977e-01
1.000000000000000000e+00,4.082228541374206543e-01
1.000000000000000000e+00,3.850993514060974121e-01
1.000000000000000000e+00,4.155550897121429443e-01
1.000000000000000000e+00,3.771609067916870117e-01
1.000000000000000000e+00,4.011959731578826904e-01
1.000000000000000000e+00,5.590530037879943848e-01
1.000000000000000000e+00,4.105157256126403809e-01
1.000000000000000000e+00,3.578928411006927490e-01
1.000000000000000000e+00,4.275625944137573242e-01
1.000000000000000000e+00,4.363538026809692383e-01
1.000000000000000000e+00,3.890656232833862305e-01
1.000000000000000000e+00,4.130179584026336670e-01
1.000000000000000000e+00,4.732232689857482910e-01
1.000000000000000000e+00,4.045521318912506104e-01
1.000000000000000000e+00,4.459956586360931396e-01
1.000000000000000000e+00,3.356674611568450928e-01
1.000000000000000000e+00,4.003761708736419678e-01
1.000000000000000000e+00,4.336697459220886230e-01
1.000000000000000000e+00,4.614194631576538086e-01
1.000000000000000000e+00,3.927270174026489258e-01
1.000000000000000000e+00,3.670576810836791992e-01
1.000000000000000000e+00,3.604148924350738525e-01
1.000000000000000000e+00,3.964083492755889893e-01
1.000000000000000000e+00,3.334082663059234619e-01
1.000000000000000000e+00,3.966795206069946289e-01
1.000000000000000000e+00,3.512815833091735840e-01
1.000000000000000000e+00,5.222922563552856445e-01
1.000000000000000000e+00,3.442406058311462402e-01
1.000000000000000000e+00,4.225070476531982422e-01
1.000000000000000000e+00,4.222651422023773193e-01
1.000000000000000000e+00,4.038187265396118164e-01
1.000000000000000000e+00,4.206397235393524170e-01
1.000000000000000000e+00,4.728794991970062256e-01
1.000000000000000000e+00,4.628203511238098145e-01
1.000000000000000000e+00,4.417435526847839355e-01
1.000000000000000000e+00,4.215236902236938477e-01
1.000000000000000000e+00,4.453438520431518555e-01
1.000000000000000000e+00,4.195472598075866699e-01
1.000000000000000000e+00,3.979400396347045898e-01
1.000000000000000000e+00,4.436340332031250000e-01
1.000000000000000000e+00,4.412682950496673584e-01
1.000000000000000000e+00,4.852350354194641113e-01
1.000000000000000000e+00,3.999793529510498047e-01
1.000000000000000000e+00,3.981208503246307373e-01
1.000000000000000000e+00,4.496415853500366211e-01
1.000000000000000000e+00,4.693082571029663086e-01
1.000000000000000000e+00,3.549827933311462402e-01
1.000000000000000000e+00,4.126969277858734131e-01
1.000000000000000000e+00,3.214615583419799805e-01
1.000000000000000000e+00,3.950698971748352051e-01
1.000000000000000000e+00,4.665148854255676270e-01
1.000000000000000000e+00,3.575148284435272217e-01
1.000000000000000000e+00,3.664152026176452637e-01
1.000000000000000000e+00,5.035063624382019043e-01
1.000000000000000000e+00,3.833509981632232666e-01
1.000000000000000000e+00,4.840202331542968750e-01
1.000000000000000000e+00,5.129160881042480469e-01
1.000000000000000000e+00,3.424756228923797607e-01
1.000000000000000000e+00,4.109278321266174316e-01
1.000000000000000000e+00,4.427637755870819092e-01
1.000000000000000000e+00,3.173578977584838867e-01
1.000000000000000000e+00,3.486582040786743164e-01
1.000000000000000000e+00,3.922249078750610352e-01
1.000000000000000000e+00,4.275563657283782959e-01
1.000000000000000000e+00,3.904442787170410156e-01
1.000000000000000000e+00,3.719092011451721191e-01
1.000000000000000000e+00,4.280086755752563477e-01
1.000000000000000000e+00,4.132659733295440674e-01
1.000000000000000000e+00,3.658803105354309082e-01
1.000000000000000000e+00,4.175696671009063721e-01
1.000000000000000000e+00,4.735823869705200195e-01
1.000000000000000000e+00,4.051116704940795898e-01
1.000000000000000000e+00,4.400530755519866943e-01
1.000000000000000000e+00,4.206503927707672119e-01
1.000000000000000000e+00,5.035982131958007812e-01
1.000000000000000000e+00,4.794252514839172363e-01
1.000000000000000000e+00,4.275082349777221680e-01
1.000000000000000000e+00,4.574717283248901367e-01
1.000000000000000000e+00,3.561332821846008301e-01
1.000000000000000000e+00,3.703103065490722656e-01
1.000000000000000000e+00,3.574008345603942871e-01
1.000000000000000000e+00,4.472646415233612061e-01
1.000000000000000000e+00,4.066345095634460449e-01
1.000000000000000000e+00,4.691808223724365234e-01
1.000000000000000000e+00,3.538113832473754883e-01
1.000000000000000000e+00,3.273685872554779053e-01
1.000000000000000000e+00,4.144766926765441895e-01
1.000000000000000000e+00,3.931398391723632812e-01
1.000000000000000000e+00,4.562030732631683350e-01
1.000000000000000000e+00,4.385735392570495605e-01
1.000000000000000000e+00,4.348985850811004639e-01
1.000000000000000000e+00,4.285680353641510010e-01
1.000000000000000000e+00,4.001305997371673584e-01
1.000000000000000000e+00,3.671868741512298584e-01
1.000000000000000000e+00,4.005259275436401367e-01
1.000000000000000000e+00,4.548974633216857910e-01
1.000000000000000000e+00,4.348634183406829834e-01
1.000000000000000000e+00,4.523161649703979492e-01
1.000000000000000000e+00,4.892612695693969727e-01
1.000000000000000000e+00,4.441746175289154053e-01
1.000000000000000000e+00,4.957948923110961914e-01
1.000000000000000000e+00,4.577255845069885254e-01
1.000000000000000000e+00,3.869930803775787354e-01
1.000000000000000000e+00,5.637988448143005371e-01
1.000000000000000000e+00,4.385564327239990234e-01
1.000000000000000000e+00,4.092468619346618652e-01
1.000000000000000000e+00,5.062958598136901855e-01
1.000000000000000000e+00,4.271005988121032715e-01
1.000000000000000000e+00,4.619661867618560791e-01
1.000000000000000000e+00,4.349372386932373047e-01
1.000000000000000000e+00,3.837783932685852051e-01
1.000000000000000000e+00,4.191896319389343262e-01
1.000000000000000000e+00,4.378497600555419922e-01
1.000000000000000000e+00,5.360158085823059082e-01
1.000000000000000000e+00,5.362554192543029785e-01
1.000000000000000000e+00,4.522438049316406250e-01
1.000000000000000000e+00,4.137303233146667480e-01
1.000000000000000000e+00,4.110563099384307861e-01
1.000000000000000000e+00,4.103863835334777832e-01
1.000000000000000000e+00,4.145517051219940186e-01
1.000000000000000000e+00,5.084756612777709961e-01
1.000000000000000000e+00,4.037740528583526611e-01
1.000000000000000000e+00,4.129758477210998535e-01
1.000000000000000000e+00,4.277440905570983887e-01
1.000000000000000000e+00,4.484773278236389160e-01
1.000000000000000000e+00,4.000751972198486328e-01
1.000000000000000000e+00,5.039730668067932129e-01
1.000000000000000000e+00,3.928308784961700439e-01
1.000000000000000000e+00,4.009174406528472900e-01
1.000000000000000000e+00,4.119507372379302979e-01
1.000000000000000000e+00,3.587631285190582275e-01
1.000000000000000000e+00,5.221578478813171387e-01
1.000000000000000000e+00,4.677476286888122559e-01
1.000000000000000000e+00,3.454544842243194580e-01
1.000000000000000000e+00,4.523180425167083740e-01
1.000000000000000000e+00,4.925351738929748535e-01
1.000000000000000000e+00,4.664804041385650635e-01
1.000000000000000000e+00,4.171983599662780762e-01
1.000000000000000000e+00,4.211835861206054688e-01
1.000000000000000000e+00,3.855570256710052490e-01
1.000000000000000000e+00,4.569171965122222900e-01
1.000000000000000000e+00,4.631736874580383301e-01
1.000000000000000000e+00,5.527902245521545410e-01
1.000000000000000000e+00,4.473630189895629883e-01
1.000000000000000000e+00,4.787980914115905762e-01
1.000000000000000000e+00,3.960311710834503174e-01
1.000000000000000000e+00,4.291567206382751465e-01
1.000000000000000000e+00,4.198245704174041748e-01
1.000000000000000000e+00,4.815603494644165039e-01
1.000000000000000000e+00,3.717514574527740479e-01
1.000000000000000000e+00,4.551730155944824219e-01
1.000000000000000000e+00,4.556851387023925781e-01
1.000000000000000000e+00,5.199795365333557129e-01
1.000000000000000000e+00,3.988239169120788574e-01
1.000000000000000000e+00,3.755887746810913086e-01
1.000000000000000000e+00,4.047041833400726318e-01
1.000000000000000000e+00,4.162111282348632812e-01
1.000000000000000000e+00,3.363265395164489746e-01
1.000000000000000000e+00,4.086190164089202881e-01
1.000000000000000000e+00,3.782408237457275391e-01
1.000000000000000000e+00,5.319531559944152832e-01
1.000000000000000000e+00,4.302339553833007812e-01
1.000000000000000000e+00,4.416924118995666504e-01
1.000000000000000000e+00,3.616959452629089355e-01
1.000000000000000000e+00,3.891363143920898438e-01
1.000000000000000000e+00,4.186279177665710449e-01
1.000000000000000000e+00,4.023628234863281250e-01
1.000000000000000000e+00,3.738776445388793945e-01
1.000000000000000000e+00,3.858844637870788574e-01
1.000000000000000000e+00,4.353078007698059082e-01
1.000000000000000000e+00,4.141007363796234131e-01
1.000000000000000000e+00,4.205244183540344238e-01
1.000000000000000000e+00,3.860728740692138672e-01
1.000000000000000000e+00,4.277469217777252197e-01
1.000000000000000000e+00,3.819081783294677734e-01
1.000000000000000000e+00,4.353023469448089600e-01
1.000000000000000000e+00,4.195884466171264648e-01
1.000000000000000000e+00,4.110646247863769531e-01
1.000000000000000000e+00,5.612728595733642578e-01
1.000000000000000000e+00,4.423045217990875244e-01
1.000000000000000000e+00,4.352102279663085938e-01
1.000000000000000000e+00,4.254768192768096924e-01
1.000000000000000000e+00,4.709068536758422852e-01
1.000000000000000000e+00,3.347126245498657227e-01
1.000000000000000000e+00,4.234777092933654785e-01
1.000000000000000000e+00,4.285404086112976074e-01
1.000000000000000000e+00,4.120398759841918945e-01
1.000000000000000000e+00,4.868274927139282227e-01
1.000000000000000000e+00,4.941575825214385986e-01
1.000000000000000000e+00,3.218740820884704590e-01
1.000000000000000000e+00,3.898290395736694336e-01
1.000000000000000000e+00,4.413220882415771484e-01
1.000000000000000000e+00,3.438455760478973389e-01
1.000000000000000000e+00,4.448546767234802246e-01
1.000000000000000000e+00,4.778540134429931641e-01
1.000000000000000000e+00,4.446210861206054688e-01
1.000000000000000000e+00,4.365161657333374023e-01
1.000000000000000000e+00,4.084229171276092529e-01
1.000000000000000000e+00,4.644231200218200684e-01
1.000000000000000000e+00,4.062260985374450684e-01
1.000000000000000000e+00,4.178766608238220215e-01
1.000000000000000000e+00,4.649656414985656738e-01
1.000000000000000000e+00,4.019027948379516602e-01
1.000000000000000000e+00,4.144088923931121826e-01
1.000000000000000000e+00,4.118279814720153809e-01
1.000000000000000000e+00,4.451663494110107422e-01
1.000000000000000000e+00,4.351754188537597656e-01
1.000000000000000000e+00,3.965907990932464600e-01
1.000000000000000000e+00,4.105472266674041748e-01
1.000000000000000000e+00,4.376024305820465088e-01
1.000000000000000000e+00,3.950618505477905273e-01
1.000000000000000000e+00,4.233063161373138428e-01
1.000000000000000000e+00,4.603555500507354736e-01
1.000000000000000000e+00,4.078446626663208008e-01
