label,score
0.000000000000000000e+00,-1.180208055791699406e+00
0.000000000000000000e+00,-1.599037142950259449e+00
0.000000000000000000e+00,-1.458123783007563512e+00
0.000000000000000000e+00,-1.358649060093091165e+00
0.000000000000000000e+00,-1.870531091904962029e+00
0.000000000000000000e+00,-1.009964869166440016e+00
0.000000000000000000e+00,-5.175036611864042291e-01
0.000000000000000000e+00,-1.783185320404589103e+00
0.000000000000000000e+00,-1.001120523193408829e+00
0.000000000000000000e+00,-1.689137809791749323e+00
0.000000000000000000e+00,-1.502075622555633316e+00
0.000000000000000000e+00,-9.303166112021686862e-01
0.000000000000000000e+00,-8.002617040764258283e-01
0.000000000000000000e+00,-1.263027726392410566e+00
0.000000000000000000e+00,-8.987229284270366048e-01
0.000000000000000000e+00,-9.853303283584278205e-01
0.000000000000000000e+00,-1.384986729648323811e+00
0.000000000000000000e+00,-1.672630995741700710e+00
0.000000000000000000e+00,-1.470622121616838252e+00
0.000000000000000000e+00,-1.522201383782841200e+00
0.000000000000000000e+00,-1.274123843816946655e+00
0.000000000000000000e+00,-1.428680763520371544e+00
0.000000000000000000e+00,-1.336218757815067493e+00
0.000000000000000000e+00,-1.325085580824603149e+00
0.000000000000000000e+00,-1.507632543338014441e+00
0.000000000000000000e+00,-9.039060309791859815e-01
0.000000000000000000e+00,-1.678815109395279448e+00
0.000000000000000000e+00,-1.210373333993121969e+00
0.000000000000000000e+00,-1.796040558746606619e+00
0.000000000000000000e+00,-1.238013727855003632e+00
0.000000000000000000e+00,-1.201718314063419557e+00
0.000000000000000000e+00,-1.022675494637063975e+00
0.000000000000000000e+00,-1.078208448537686381e+00
0.000000000000000000e+00,-1.420931286027696583e+00
0.000000000000000000e+00,-1.203483477301432902e+00
0.000000000000000000e+00,-1.119259974230508048e+00
0.000000000000000000e+00,-1.159326198855283208e+00
0.000000000000000000e+00,-7.522260614916195243e-01
0.000000000000000000e+00,-1.077588103629758320e+00
0.000000000000000000e+00,-1.507985414857069717e+00
0.000000000000000000e+00,-9.023882000616062493e-01
0.000000000000000000e+00,-1.850638765660964635e+00
0.000000000000000000e+00,-2.000119429515757608e-01
0.000000000000000000e+00,-9.325622379632469983e-02
0.000000000000000000e+00,-1.556106052750689583e+00
0.000000000000000000e+00,-3.860705997881549306e-02
0.000000000000000000e+00,-8.475497102007683026e-01
0.000000000000000000e+00,-1.361711710959959243e+00
0.000000000000000000e+00,-1.256407760017807185e+00
0.000000000000000000e+00,-1.175891824825174181e+00
0.000000000000000000e+00,-1.453742697800664008e+00
0.000000000000000000e+00,-1.132636463423732920e+00
0.000000000000000000e+00,-1.503933031887098259e+00
0.000000000000000000e+00,-1.205052466532848365e+00
0.000000000000000000e+00,-8.073658617363081991e-01
0.000000000000000000e+00,-1.313471032298441532e+00
0.000000000000000000e+00,-8.557515560905881724e-01
0.000000000000000000e+00,-1.810279488490398991e+00
0.000000000000000000e+00,-5.810785408934389107e-01
0.000000000000000000e+00,-1.565702869040609846e+00
0.000000000000000000e+00,-1.237663676085529962e+00
0.000000000000000000e+00,-1.303935847677945237e+00
0.000000000000000000e+00,-1.971938954568230873e+00
0.000000000000000000e+00,-1.106976742232164357e+00
0.000000000000000000e+00,-1.552060114922618750e+00
0.000000000000000000e+00,-1.355618634935725764e+00
0.000000000000000000e+00,-7.116095828770848675e-01
0.000000000000000000e+00,-8.756626135282340462e-01
0.000000000000000000e+00,-1.629077949348727516e+00
0.000000000000000000e+00,-6.341579098367952083e-01
0.000000000000000000e+00,-4.987893860354168929e-01
0.000000000000000000e+00,-1.503336453439928500e+00
0.000000000000000000e+00,-1.638790375371489194e+00
0.000000000000000000e+00,-1.358298202680879863e+00
0.000000000000000000e+00,-1.327744604679949258e+00
0.000000000000000000e+00,-1.433108576006050017e+00
0.000000000000000000e+00,-1.230648541948148988e+00
0.000000000000000000e+00,-1.160344128454201540e+00
0.000000000000000000e+00,5.532539461410987958e-01
0.000000000000000000e+00,-1.329467068852871581e+00
0.000000000000000000e+00,-1.219281325742420874e+00
0.000000000000000000e+00,-1.272286172732552068e+00
0.000000000000000000e+00,-7.377873323489102519e-01
0.000000000000000000e+00,-1.177629999031479135e+00
0.000000000000000000e+00,-1.569988485583107662e+00
0.000000000000000000e+00,-1.068904886204240956e+00
0.000000000000000000e+00,-7.666962107010940608e-01
0.000000000000000000e+00,-1.119717579305447241e+00
0.000000000000000000e+00,-9.809991930012575967e-01
0.000000000000000000e+00,-1.326532515181276795e+00
0.000000000000000000e+00,-1.157685104598855430e+00
0.000000000000000000e+00,-6.733254399878121355e-01
0.000000000000000000e+00,-9.282328162614468248e-01
0.000000000000000000e+00,-1.087962767982801449e+00
0.000000000000000000e+00,-1.656308673878555515e+00
0.000000000000000000e+00,-2.148050442893941980e+00
0.000000000000000000e+00,-1.217297833322526390e+00
0.000000000000000000e+00,-6.178327682240684071e-01
0.000000000000000000e+00,-1.903473017801415645e+00
0.000000000000000000e+00,-8.877798831226386689e-01
0.000000000000000000e+00,-1.443519494282283766e+00
0.000000000000000000e+00,-7.470945200746745840e-01
0.000000000000000000e+00,-5.478026760822630736e-01
0.000000000000000000e+00,-1.112298415335175372e+00
0.000000000000000000e+00,-1.016080503187325235e+00
0.000000000000000000e+00,-1.416499848149699092e+00
0.000000000000000000e+00,-6.466812233709344770e-01
0.000000000000000000e+00,-1.695362205582206405e+00
0.000000000000000000e+00,-8.400378973156761298e-01
0.000000000000000000e+00,-1.360586630876944314e+00
0.000000000000000000e+00,-1.300961817512209739e+00
0.000000000000000000e+00,3.938555164062537695e-01
0.000000000000000000e+00,-1.722785881547681974e+00
0.000000000000000000e+00,-1.317505288306817679e+00
0.000000000000000000e+00,-1.303943904105320906e+00
0.000000000000000000e+00,-6.985199024984346527e-01
0.000000000000000000e+00,-7.831579087578387499e-01
0.000000000000000000e+00,-1.284073531625922193e+00
0.000000000000000000e+00,-5.573370550600218465e-01
0.000000000000000000e+00,-1.373433409970217456e+00
0.000000000000000000e+00,-8.656855338661811894e-01
0.000000000000000000e+00,-6.379101908870221660e-01
0.000000000000000000e+00,-1.586884425075401950e+00
0.000000000000000000e+00,-8.197244213306146277e-01
0.000000000000000000e+00,-1.752003723889723474e+00
0.000000000000000000e+00,-1.373426562006948126e+00
0.000000000000000000e+00,-7.214070042086599965e-01
0.000000000000000000e+00,-1.039276166066039453e+00
0.000000000000000000e+00,-9.029271750530397656e-01
0.000000000000000000e+00,-1.997960306979073009e-01
0.000000000000000000e+00,-9.319206458926683201e-01
0.000000000000000000e+00,-1.422324242320953225e+00
0.000000000000000000e+00,-1.617864610905875189e+00
0.000000000000000000e+00,-1.300969068296847775e+00
0.000000000000000000e+00,-1.450580550055706075e+00
0.000000000000000000e+00,-1.093667927028895370e+00
0.000000000000000000e+00,-1.288537195213422581e+00
0.000000000000000000e+00,-7.047640365359622017e-01
0.000000000000000000e+00,-7.474477944150985653e-01
0.000000000000000000e+00,-1.292290684727755989e+00
0.000000000000000000e+00,-7.277586915516529587e-01
0.000000000000000000e+00,-1.240312629406656431e+00
0.000000000000000000e+00,-1.816996937636248255e+00
0.000000000000000000e+00,-1.123349416766407760e+00
0.000000000000000000e+00,-1.083289637283533224e+00
0.000000000000000000e+00,-1.297354552154745155e+00
0.000000000000000000e+00,-5.862991058328851368e-01
0.000000000000000000e+00,-8.612488593103894141e-01
0.000000000000000000e+00,-1.298516288982319411e+00
0.000000000000000000e+00,-4.967503042666300828e-01
0.000000000000000000e+00,-8.777419774338992564e-01
0.000000000000000000e+00,-1.550916102235270877e+00
0.000000000000000000e+00,-1.283067686668067475e+00
0.000000000000000000e+00,-1.235234663231759678e+00
0.000000000000000000e+00,-5.909033540780912475e-01
0.000000000000000000e+00,-1.451975117634437984e+00
0.000000000000000000e+00,-6.586450180238322405e-01
0.000000000000000000e+00,-1.039827628519905289e+00
0.000000000000000000e+00,-9.934677228292422280e-01
0.000000000000000000e+00,-1.785828231405183653e+00
0.000000000000000000e+00,-1.545930784975194650e+00
0.000000000000000000e+00,-1.272995943984350342e+00
0.000000000000000000e+00,-6.118702063233211197e-01
0.000000000000000000e+00,-1.365225521759865890e+00
0.000000000000000000e+00,-1.136961153639002520e+00
0.000000000000000000e+00,-9.964937169515508675e-01
0.000000000000000000e+00,-6.801677637579846003e-01
0.000000000000000000e+00,-1.297627665042780931e+00
0.000000000000000000e+00,-8.364088796042972174e-01
0.000000000000000000e+00,-1.291510822557789373e+00
0.000000000000000000e+00,-1.154400499157787197e+00
0.000000000000000000e+00,-1.005644609986226845e+00
0.000000000000000000e+00,-9.883478632319919743e-01
0.000000000000000000e+00,-1.700324159202893037e+00
0.000000000000000000e+00,-1.542070144976764645e+00
0.000000000000000000e+00,-1.502962635209696529e+00
0.000000000000000000e+00,-1.215446869132961849e+00
0.000000000000000000e+00,-1.804074025304274631e+00
0.000000000000000000e+00,-1.384936779798594531e+00
0.000000000000000000e+00,-9.839345523155896833e-01
0.000000000000000000e+00,-1.676171392751947264e+00
0.000000000000000000e+00,-1.289958751823862881e+00
0.000000000000000000e+00,-7.444918912109583786e-01
0.000000000000000000e+00,-8.309909321941465477e-01
0.000000000000000000e+00,-1.005560823141519622e+00
0.000000000000000000e+00,-1.563188458056657515e+00
0.000000000000000000e+00,-7.141242943125111764e-02
0.000000000000000000e+00,-1.674802202919448924e+00
0.000000000000000000e+00,-1.168465410070264499e+00
0.000000000000000000e+00,-6.506175937866960357e-01
0.000000000000000000e+00,-7.800424882916598968e-01
0.000000000000000000e+00,-9.440576537341432983e-01
0.000000000000000000e+00,-1.230142598308955781e+00
0.000000000000000000e+00,-7.551022060647404333e-01
0.000000000000000000e+00,-1.097976907210782338e+00
0.000000000000000000e+00,-7.022681553349738870e-01
0.000000000000000000e+00,-1.332314613108808610e+00
0.000000000000000000e+00,-1.365921999906493989e+00
0.000000000000000000e+00,-7.236833477636608336e-01
0.000000000000000000e+00,-5.023672454329601855e-01
0.000000000000000000e+00,-6.281961535787855544e-01
0.000000000000000000e+00,-1.097825446376119451e+00
0.000000000000000000e+00,-1.663838210903874071e+00
0.000000000000000000e+00,-1.018336302852518083e+00
0.000000000000000000e+00,-1.415343750821287605e+00
0.000000000000000000e+00,-1.799445204955572697e+00
0.000000000000000000e+00,-1.253542894443012257e+00
0.000000000000000000e+00,-1.056504433187580805e+00
0.000000000000000000e+00,-1.512097818210990097e+00
0.000000000000000000e+00,-1.162415033111122264e+00
0.000000000000000000e+00,-1.739639927617622872e+00
0.000000000000000000e+00,-1.330461231991031390e+00
0.000000000000000000e+00,-4.092438070401120398e-01
0.000000000000000000e+00,-1.396225848658778412e+00
0.000000000000000000e+00,-1.020225937893485924e+00
0.000000000000000000e+00,-1.417114956379832869e+00
0.000000000000000000e+00,-1.071581231378444743e+00
0.000000000000000000e+00,-6.544766224996508841e-01
0.000000000000000000e+00,-1.795988594790033588e+00
0.000000000000000000e+00,-9.547743134292844269e-01
0.000000000000000000e+00,-8.343480454815960234e-01
0.000000000000000000e+00,-1.784758740671060995e+00
0.000000000000000000e+00,-1.570339745816687671e+00
0.000000000000000000e+00,-9.914383087733061872e-01
0.000000000000000000e+00,-1.414765702157082083e+00
0.000000000000000000e+00,-1.490633481575311281e+00
0.000000000000000000e+00,-2.059744949482440024e+00
0.000000000000000000e+00,-7.171564331252465729e-01
0.000000000000000000e+00,-4.848868121345596416e-01
0.000000000000000000e+00,-1.700077632525196947e+00
0.000000000000000000e+00,-4.984526273711130662e-01
0.000000000000000000e+00,-1.590903373871764170e+00
0.000000000000000000e+00,-1.008275436345758003e+00
0.000000000000000000e+00,-7.873903528796568629e-01
0.000000000000000000e+00,-1.845405914669770553e+00
0.000000000000000000e+00,-1.227202405138198005e+00
0.000000000000000000e+00,-1.385607074556251872e+00
0.000000000000000000e+00,-1.066762682165045328e+00
0.000000000000000000e+00,-7.790310038346421884e-01
0.000000000000000000e+00,-1.481815721812620001e+00
0.000000000000000000e+00,-9.996901045128553376e-01
0.000000000000000000e+00,-1.387206678211694966e+00
0.000000000000000000e+00,-1.120861591992794892e+00
0.000000000000000000e+00,-9.073586129310373671e-01
0.000000000000000000e+00,-1.441593202496756598e+00
0.000000000000000000e+00,-7.718213069761383771e-01
0.000000000000000000e+00,-3.764130598414429651e-01
0.000000000000000000e+00,-1.024966742582709811e+00
0.000000000000000000e+00,-1.845247203050469409e+00
0.000000000000000000e+00,-1.573126061224569439e+00
0.000000000000000000e+00,-1.611017856100646295e+00
0.000000000000000000e+00,-1.829751067814700871e+00
0.000000000000000000e+00,-1.295420203941842319e+00
0.000000000000000000e+00,-1.169412845929645339e+00
0.000000000000000000e+00,-1.967994729135778220e+00
0.000000000000000000e+00,-1.671613871785520011e+00
0.000000000000000000e+00,-1.727711178423809280e+00
0.000000000000000000e+00,3.637563009093119915e-01
0.000000000000000000e+00,-1.614756844045703410e+00
0.000000000000000000e+00,-1.607713915233876190e+00
0.000000000000000000e+00,-1.367139728904329443e+00
0.000000000000000000e+00,-1.119582231325535693e+00
0.000000000000000000e+00,-1.264191074505460088e+00
0.000000000000000000e+00,-1.290011521423173546e+00
0.000000000000000000e+00,-1.203478643445007545e+00
0.000000000000000000e+00,-1.312649276706121304e+00
0.000000000000000000e+00,-9.563710973351459144e-01
0.000000000000000000e+00,-8.750471024767314532e-01
0.000000000000000000e+00,-7.613435203526864870e-01
0.000000000000000000e+00,-1.598007128710277724e+00
0.000000000000000000e+00,-1.139999635223743590e+00
0.000000000000000000e+00,-1.117894812611697652e+00
0.000000000000000000e+00,-9.203266412563146925e-01
0.000000000000000000e+00,-1.127554469035148443e+00
0.000000000000000000e+00,-1.213872643223752323e+00
0.000000000000000000e+00,-8.350404954145365100e-01
0.000000000000000000e+00,-1.033314409808029799e+00
0.000000000000000000e+00,-8.457776989994856276e-01
0.000000000000000000e+00,-1.444283646418867972e+00
0.000000000000000000e+00,-1.223726862368325952e+00
0.000000000000000000e+00,-1.111511705201939426e+00
0.000000000000000000e+00,-1.299435527345885522e+00
0.000000000000000000e+00,-5.544762176989147529e-01
0.000000000000000000e+00,-1.666881929166409204e+00
0.000000000000000000e+00,-4.810024056753713362e-01
0.000000000000000000e+00,-1.533467491825004192e+00
0.000000000000000000e+00,-1.474834424670216970e+00
0.000000000000000000e+00,-1.300270978864744409e+00
0.000000000000000000e+00,-8.390429285347785759e-01
0.000000000000000000e+00,-1.645858279108180833e+00
0.000000000000000000e+00,-1.470846493119251086e+00
0.000000000000000000e+00,-1.507742814023166622e-01
0.000000000000000000e+00,-5.937130331253627213e-01
0.000000000000000000e+00,-1.025423139193542665e+00
0.000000000000000000e+00,-1.849123150260913340e+00
0.000000000000000000e+00,-1.175783868698339951e+00
0.000000000000000000e+00,-1.113432760309672531e+00
0.000000000000000000e+00,-7.716593727858870322e-01
0.000000000000000000e+00,-7.480238289724603362e-01
0.000000000000000000e+00,-1.430134948661683447e+00
0.000000000000000000e+00,-1.358966483331693231e+00
0.000000000000000000e+00,-1.075764934114639804e+00
0.000000000000000000e+00,-1.557958225404360464e+00
0.000000000000000000e+00,-1.458629323825388013e+00
0.000000000000000000e+00,-4.241018732277259118e-01
0.000000000000000000e+00,-4.295198206378765815e-01
0.000000000000000000e+00,-1.540571246663517746e+00
0.000000000000000000e+00,-1.041412628236177140e-01
0.000000000000000000e+00,-1.297003694742533852e+00
0.000000000000000000e+00,-1.452522954695984803e+00
0.000000000000000000e+00,-7.879869313268265119e-01
0.000000000000000000e+00,-1.267745167442245080e+00
0.000000000000000000e+00,-5.191415328718816946e-01
0.000000000000000000e+00,-8.549527613162886119e-01
0.000000000000000000e+00,-1.193908413365426968e+00
0.000000000000000000e+00,-1.447022831726602066e+00
0.000000000000000000e+00,-1.025913372799353240e+00
0.000000000000000000e+00,-1.233071109660018427e+00
0.000000000000000000e+00,-1.102439362334176387e+00
0.000000000000000000e+00,-1.736323499288420447e+00
0.000000000000000000e+00,-8.786229477674308841e-01
0.000000000000000000e+00,-1.227069876907868062e+00
0.000000000000000000e+00,-1.102174708694884986e+00
0.000000000000000000e+00,-1.104250447208231289e+00
0.000000000000000000e+00,-1.201615594614379612e+00
0.000000000000000000e+00,-1.205294562175487805e+00
0.000000000000000000e+00,-6.496302786118053341e-01
0.000000000000000000e+00,-1.521165327222327557e+00
0.000000000000000000e+00,-1.087605868250058450e+00
0.000000000000000000e+00,1.090866192884075492e+00
0.000000000000000000e+00,-1.604765262814374260e+00
0.000000000000000000e+00,-1.219418285007807690e+00
0.000000000000000000e+00,-7.774402622493125081e-01
0.000000000000000000e+00,-1.623221732289339414e+00
0.000000000000000000e+00,-9.960635037296891037e-01
0.000000000000000000e+00,-1.507100416309850255e+00
0.000000000000000000e+00,-8.042838754437384718e-01
0.000000000000000000e+00,-6.464020681623668940e-01
0.000000000000000000e+00,-1.568649910174636952e+00
0.000000000000000000e+00,-1.201464133779716503e+00
0.000000000000000000e+00,-5.083966756809256138e-01
0.000000000000000000e+00,-1.503026280985964469e+00
0.000000000000000000e+00,-1.466394511351445606e+00
0.000000000000000000e+00,-1.150309848157781145e+00
0.000000000000000000e+00,-1.057136862736572480e+00
0.000000000000000000e+00,-1.277582468089329959e+00
0.000000000000000000e+00,-1.233572622264155205e+00
0.000000000000000000e+00,-1.443637520943337638e+00
0.000000000000000000e+00,-1.065682315253965395e+00
0.000000000000000000e+00,-1.632949868345483502e+00
0.000000000000000000e+00,-1.398241566788175794e+00
0.000000000000000000e+00,3.487803104305391838e-02
0.000000000000000000e+00,-1.529540789122093569e+00
0.000000000000000000e+00,-1.660805771639664918e+00
0.000000000000000000e+00,-1.608230332228657966e+00
0.000000000000000000e+00,-1.077195352795193406e+00
0.000000000000000000e+00,-1.182553281800762468e+00
0.000000000000000000e+00,-1.612892183929600209e+00
0.000000000000000000e+00,-1.721689401781850703e+00
0.000000000000000000e+00,-8.584436112981745914e-01
0.000000000000000000e+00,-1.378224970151908257e+00
0.000000000000000000e+00,-1.711036790684346443e+00
0.000000000000000000e+00,-1.206781778669040017e+00
0.000000000000000000e+00,-1.430388726124017573e+00
0.000000000000000000e+00,-1.657806363727695853e+00
0.000000000000000000e+00,-6.242267518107836866e-01
0.000000000000000000e+00,-1.259237580133517831e+00
0.000000000000000000e+00,-1.141697124471801050e+00
0.000000000000000000e+00,-1.331929113058881953e+00
0.000000000000000000e+00,-6.651094953500847895e-01
0.000000000000000000e+00,-1.002896159787010744e+00
0.000000000000000000e+00,-1.052902807329279211e+00
0.000000000000000000e+00,-1.392458260396537639e+00
0.000000000000000000e+00,-8.543698787956576224e-01
0.000000000000000000e+00,-1.478932729276229763e+00
0.000000000000000000e+00,-4.614196476532848035e-01
0.000000000000000000e+00,-1.401096361828751080e+00
0.000000000000000000e+00,-1.587932969098347913e+00
0.000000000000000000e+00,-7.525289831609454083e-01
0.000000000000000000e+00,-1.554514908343991086e+00
0.000000000000000000e+00,-1.294858268132387913e+00
0.000000000000000000e+00,-1.611936691642843478e+00
0.000000000000000000e+00,-1.294436111337901929e+00
0.000000000000000000e+00,-7.117437223928900769e-01
0.000000000000000000e+00,-1.692835709957190460e+00
0.000000000000000000e+00,-1.851043802547277517e+00
0.000000000000000000e+00,-1.483410491611637738e+00
0.000000000000000000e+00,-1.280244714515626159e+00
0.000000000000000000e+00,-1.450885888653244749e+00
0.000000000000000000e+00,-1.231386510695761993e+00
0.000000000000000000e+00,-4.448310608653729958e-01
0.000000000000000000e+00,-9.842918548697014991e-01
0.000000000000000000e+00,-1.294313250820422700e+00
0.000000000000000000e+00,-1.215628541570283661e+00
0.000000000000000000e+00,-9.933198873868982481e-01
0.000000000000000000e+00,-1.354759014134739870e+00
0.000000000000000000e+00,-1.534049971524266587e+00
0.000000000000000000e+00,-1.837319678512791654e+00
0.000000000000000000e+00,-9.819019156887034416e-01
0.000000000000000000e+00,-8.746160836121320559e-01
0.000000000000000000e+00,-1.770682147938889006e+00
0.000000000000000000e+00,-7.578421970152121601e-01
0.000000000000000000e+00,-1.183333949613466718e+00
0.000000000000000000e+00,-1.586371633472939413e+00
0.000000000000000000e+00,-1.926601812332911612e+00
0.000000000000000000e+00,-2.622994055639754074e-01
0.000000000000000000e+00,-1.181115612335570830e+00
0.000000000000000000e+00,-2.056276858907890581e+00
0.000000000000000000e+00,-1.611101642945353296e+00
0.000000000000000000e+00,-5.578091617042372219e-01
0.000000000000000000e+00,-8.184756750873829478e-01
0.000000000000000000e+00,-1.095062494607627057e+00
0.000000000000000000e+00,-1.826734539994558704e+00
0.000000000000000000e+00,-1.411852498018032920e+00
0.000000000000000000e+00,-1.294105797815498615e+00
0.000000000000000000e+00,-9.724005680631849780e-01
0.000000000000000000e+00,-1.346776705890907477e+00
0.000000000000000000e+00,-1.559560648809384942e+00
0.000000000000000000e+00,-7.523565756151057160e-01
0.000000000000000000e+00,-1.345427657126848420e+00
0.000000000000000000e+00,-1.453325374862603381e+00
0.000000000000000000e+00,-1.358938688657247207e+00
0.000000000000000000e+00,-1.340168824157367489e+00
0.000000000000000000e+00,-1.843529169912603738e+00
0.000000000000000000e+00,-1.376199584309660162e+00
0.000000000000000000e+00,-1.290238309853799281e+00
0.000000000000000000e+00,-4.946806080738156419e-01
0.000000000000000000e+00,-1.663158248433366015e+00
0.000000000000000000e+00,-4.838773417843858504e-01
0.000000000000000000e+00,-8.908969148742925670e-01
0.000000000000000000e+00,-1.907890155520821418e+00
0.000000000000000000e+00,-1.667388978899813912e-01
0.000000000000000000e+00,-1.514076476774459223e+00
0.000000000000000000e+00,-1.228566358292902283e+00
0.000000000000000000e+00,-1.164456934629490625e+00
0.000000000000000000e+00,-6.209727607937430838e-01
0.000000000000000000e+00,-1.528059614949073275e+00
0.000000000000000000e+00,-1.455000708935377807e+00
0.000000000000000000e+00,-8.440693335744707815e-01
0.000000000000000000e+00,-1.351305626540150850e+00
0.000000000000000000e+00,-1.517310729544429471e+00
0.000000000000000000e+00,-1.107825084034824270e+00
0.000000000000000000e+00,-1.505453682554259487e+00
0.000000000000000000e+00,-1.661758846998208750e+00
0.000000000000000000e+00,-1.103630505121671934e+00
0.000000000000000000e+00,-2.044985574530178596e+00
0.000000000000000000e+00,-4.444383100308081369e-01
0.000000000000000000e+00,-1.659432150772109926e+00
0.000000000000000000e+00,-1.528776234164140657e+00
0.000000000000000000e+00,-1.184077960681611641e+00
0.000000000000000000e+00,-1.325693035448730184e+00
0.000000000000000000e+00,-1.213202751287463910e+00
0.000000000000000000e+00,-1.364910112628107575e+00
0.000000000000000000e+00,-1.213415038148813130e+00
0.000000000000000000e+00,-9.483138643167197124e-01
0.000000000000000000e+00,-1.368813451691628824e+00
0.000000000000000000e+00,2.927981083338273005e-01
0.000000000000000000e+00,-1.993082242572988383e+00
0.000000000000000000e+00,-1.164487549053518034e+00
0.000000000000000000e+00,-1.923960512617792107e+00
0.000000000000000000e+00,-5.128752436590710007e-01
0.000000000000000000e+00,-1.602682676337758627e+00
0.000000000000000000e+00,-1.005160821522316672e+00
0.000000000000000000e+00,-3.969295577963718458e-01
0.000000000000000000e+00,-1.715129052969827539e+00
0.000000000000000000e+00,-6.670704297733274224e-01
0.000000000000000000e+00,-6.934657027842964228e-01
0.000000000000000000e+00,-7.294843782955254818e-01
0.000000000000000000e+00,-1.197304197504279744e+00
0.000000000000000000e+00,-1.274326060144076456e+00
0.000000000000000000e+00,-1.487457235082445983e+00
0.000000000000000000e+00,-9.336124956415629006e-01
0.000000000000000000e+00,-7.435537202430594350e-01
0.000000000000000000e+00,-1.324403201425882415e+00
0.000000000000000000e+00,-1.151245602197467299e+00
0.000000000000000000e+00,-1.089924105227412898e+00
0.000000000000000000e+00,3.427693075956428914e-01
0.000000000000000000e+00,-4.457837334025481768e-01
0.000000000000000000e+00,-1.882045740731665084e+00
0.000000000000000000e+00,-1.269578407491583016e+00
0.000000000000000000e+00,-1.228532118476555413e+00
0.000000000000000000e+00,-1.474386890129497418e+00
0.000000000000000000e+00,-1.266886352283996819e+00
0.000000000000000000e+00,-8.225711599438142452e-01
0.000000000000000000e+00,-1.345992009864515282e+00
0.000000000000000000e+00,-1.344810131968501743e+00
0.000000000000000000e+00,-1.791957964173976459e+00
0.000000000000000000e+00,-1.277484582496715149e+00
0.000000000000000000e+00,-8.578442131014233363e-01
0.000000000000000000e+00,-1.185943829261821181e+00
0.000000000000000000e+00,-7.094552941968257365e-01
0.000000000000000000e+00,-1.603573717205509785e+00
0.000000000000000000e+00,-9.647489761631246052e-01
0.000000000000000000e+00,-8.352467399553540339e-01
0.000000000000000000e+00,-2.015706301929397259e+00
0.000000000000000000e+00,-1.177285586761168457e+00
0.000000000000000000e+00,-1.869956870043759878e+00
0.000000000000000000e+00,-1.441103774533683435e+00
0.000000000000000000e+00,-1.734271527235832666e+00
0.000000000000000000e+00,-1.664043649801954183e+00
0.000000000000000000e+00,-9.916590548834001151e-01
0.000000000000000000e+00,-1.558957625220314558e+00
0.000000000000000000e+00,-1.573426163144313827e+00
0.000000000000000000e+00,-4.524681511961570757e-01
0.000000000000000000e+00,-1.060087932084287310e+00
0.000000000000000000e+00,-1.399083866270304011e+00
0.000000000000000000e+00,-1.930274938984172461e+00
0.000000000000000000e+00,-1.957023284924880979e+00
0.000000000000000000e+00,-1.341122705158649175e+00
0.000000000000000000e+00,-1.200848622728214021e+00
0.000000000000000000e+00,-7.734914043711186293e-01
0.000000000000000000e+00,-1.343525131802079553e+00
0.000000000000000000e+00,-1.420796340869153740e+00
0.000000000000000000e+00,-1.525537953180482686e+00
0.000000000000000000e+00,-2.065865417359750822e+00
0.000000000000000000e+00,-1.158300615650357912e+00
0.000000000000000000e+00,-5.290050169079373310e-01
0.000000000000000000e+00,-1.351371286423262763e+00
0.000000000000000000e+00,-1.382949259165012101e+00
0.000000000000000000e+00,-1.689509211093768615e+00
0.000000000000000000e+00,-1.468396533554304106e+00
0.000000000000000000e+00,-1.106587213968549754e+00
0.000000000000000000e+00,-1.153610969274969644e+00
0.000000000000000000e+00,-7.791216386426187412e-01
0.000000000000000000e+00,-1.411578176665890805e+00
0.000000000000000000e+00,-6.395331581818546329e-01
0.000000000000000000e+00,-8.280040117446099135e-01
0.000000000000000000e+00,-7.814132894096333937e-01
0.000000000000000000e+00,-1.119349803395746967e+00
0.000000000000000000e+00,-8.710463630372266425e-03
0.000000000000000000e+00,-9.990580777852325900e-01
0.000000000000000000e+00,-1.885541021748607715e+00
0.000000000000000000e+00,-1.451288710022029305e+00
0.000000000000000000e+00,-1.379679155293220161e+00
0.000000000000000000e+00,-1.287210301624646558e+00
0.000000000000000000e+00,5.103583042219818067e-01
0.000000000000000000e+00,-4.558352326479312572e-02
0.000000000000000000e+00,-1.667102675276503243e+00
0.000000000000000000e+00,-1.587512826410705680e+00
0.000000000000000000e+00,-1.540917270219303692e+00
0.000000000000000000e+00,-1.272158881180016188e+00
0.000000000000000000e+00,-1.433176652817374608e+00
0.000000000000000000e+00,-1.055913897060942963e+00
0.000000000000000000e+00,-6.808142920548836408e-01
0.000000000000000000e+00,-9.722120476625938368e-01
0.000000000000000000e+00,-1.139842534889917491e+00
0.000000000000000000e+00,-9.989517329438735160e-01
0.000000000000000000e+00,-1.147884057874961172e+00
0.000000000000000000e+00,-1.100884069029299805e+00
0.000000000000000000e+00,-1.600049433050014791e+00
0.000000000000000000e+00,-7.346848021665325357e-01
0.000000000000000000e+00,-9.967438690215659758e-01
0.000000000000000000e+00,-1.356396080177479702e+00
0.000000000000000000e+00,-1.790375279016022336e+00
0.000000000000000000e+00,1.042539412819532968e-01
0.000000000000000000e+00,-1.568330070007821986e+00
0.000000000000000000e+00,-1.596381744487232579e+00
0.000000000000000000e+00,-9.185759795875775291e-01
0.000000000000000000e+00,-1.057965063470793332e+00
0.000000000000000000e+00,-1.509682501283758471e+00
0.000000000000000000e+00,-1.686353911312080012e+00
0.000000000000000000e+00,-1.315915755185594227e+00
0.000000000000000000e+00,-4.532464020806485916e-01
0.000000000000000000e+00,-1.133277352221468970e+00
0.000000000000000000e+00,-1.732435870258282051e+00
0.000000000000000000e+00,-4.295944249863638785e-03
0.000000000000000000e+00,-8.721351068017887398e-01
0.000000000000000000e+00,-1.923275313469489767e+00
0.000000000000000000e+00,-1.429967374972269001e+00
0.000000000000000000e+00,-1.798229490064581437e+00
0.000000000000000000e+00,-1.525495254115391441e+00
0.000000000000000000e+00,-5.488391354641454223e-01
0.000000000000000000e+00,-1.223664425056164351e+00
0.000000000000000000e+00,-1.066271240095128414e+00
0.000000000000000000e+00,-3.248926095952824888e-01
0.000000000000000000e+00,-8.688706424291596786e-01
0.000000000000000000e+00,-9.667505955446145105e-01
0.000000000000000000e+00,-1.281695274264619044e+00
0.000000000000000000e+00,-1.717734904404494056e+00
0.000000000000000000e+00,-1.689360972830055818e+00
0.000000000000000000e+00,-2.025287708637409090e-01
0.000000000000000000e+00,-1.172152031237379655e+00
0.000000000000000000e+00,-4.595183307926222760e-01
0.000000000000000000e+00,-1.182316825657286019e+00
0.000000000000000000e+00,-1.351405929060978117e+00
0.000000000000000000e+00,-1.725679750261029488e+00
0.000000000000000000e+00,-1.183441502918932242e+00
0.000000000000000000e+00,-4.345949670631916728e-01
0.000000000000000000e+00,-1.215970939733750367e+00
0.000000000000000000e+00,7.541171962931384476e-01
0.000000000000000000e+00,-1.147800271030254171e+00
0.000000000000000000e+00,-5.607030304175846247e-01
0.000000000000000000e+00,-8.302130841310237930e-01
0.000000000000000000e+00,-6.981392363049333527e-01
0.000000000000000000e+00,-5.327254750700304298e-01
0.000000000000000000e+00,-1.184317639396038402e+00
0.000000000000000000e+00,-9.488701606270110167e-01
0.000000000000000000e+00,-1.647180741661900205e+00
0.000000000000000000e+00,-8.460451723883584130e-01
0.000000000000000000e+00,-8.221147633329815019e-01
0.000000000000000000e+00,-1.543667734525363766e+00
0.000000000000000000e+00,-6.939394207139868431e-01
0.000000000000000000e+00,-8.197244213306146277e-01
0.000000000000000000e+00,-1.624907539717702409e+00
0.000000000000000000e+00,-1.336441518032005282e+00
0.000000000000000000e+00,-1.276609251662346622e+00
0.000000000000000000e+00,-1.204216209371251844e+00
0.000000000000000000e+00,-9.904304497086074965e-01
0.000000000000000000e+00,-1.143756347309027088e+00
0.000000000000000000e+00,-1.411252696999913070e+00
0.000000000000000000e+00,-1.003893545496120865e+00
0.000000000000000000e+00,-1.173113565844668083e+00
0.000000000000000000e+00,-9.341067574610614210e-01
0.000000000000000000e+00,-1.118798743763249837e+00
0.000000000000000000e+00,1.944180422520371376e+00
0.000000000000000000e+00,-8.406691184005613549e-01
0.000000000000000000e+00,-7.607324403362404341e-01
0.000000000000000000e+00,-1.041521089554275026e+00
0.000000000000000000e+00,-1.390044554754781281e+00
0.000000000000000000e+00,-1.487635282127448777e+00
0.000000000000000000e+00,-1.133433646912557213e+00
0.000000000000000000e+00,-1.368642252609895360e+00
0.000000000000000000e+00,-1.766793713266012755e+00
0.000000000000000000e+00,-1.264353814338448956e+00
0.000000000000000000e+00,-1.009383195109915254e+00
0.000000000000000000e+00,-1.788055833574561548e+00
0.000000000000000000e+00,-1.664062179584918200e+00
0.000000000000000000e+00,-8.634825038002991171e-01
0.000000000000000000e+00,-1.042989776264863000e+00
0.000000000000000000e+00,-1.091626831153264643e+00
0.000000000000000000e+00,-1.368336511190987981e+00
0.000000000000000000e+00,-1.225718008394227398e+00
0.000000000000000000e+00,-8.511734912343530413e-01
0.000000000000000000e+00,-1.237483614933683196e+00
0.000000000000000000e+00,-5.442393182539959628e-01
0.000000000000000000e+00,-1.346166431517199058e+00
0.000000000000000000e+00,-1.244297338386672003e+00
0.000000000000000000e+00,-1.632737178662765354e+00
0.000000000000000000e+00,-1.019377596090825788e+00
0.000000000000000000e+00,-1.334497502106251510e+00
0.000000000000000000e+00,-3.361690886231390174e-02
0.000000000000000000e+00,-1.730252175618101518e+00
0.000000000000000000e+00,-1.204678648302616395e+00
0.000000000000000000e+00,-1.766510127022388632e+00
0.000000000000000000e+00,-1.163742732342635700e+00
0.000000000000000000e+00,-1.272166534786023151e+00
0.000000000000000000e+00,-9.540532631791602824e-01
0.000000000000000000e+00,-6.778732932413884527e-01
0.000000000000000000e+00,-1.409012607368102632e+00
0.000000000000000000e+00,-4.783184068951606416e-01
0.000000000000000000e+00,-1.147462303901843894e+00
0.000000000000000000e+00,-1.409786427217537552e+00
0.000000000000000000e+00,-6.766813448111552720e-01
0.000000000000000000e+00,-9.456600771391677762e-01
0.000000000000000000e+00,-8.949251285621370178e-01
0.000000000000000000e+00,-1.395993823550358615e+00
0.000000000000000000e+00,-1.148480636322130932e+00
0.000000000000000000e+00,-1.725004621646946790e+00
0.000000000000000000e+00,-1.139688657127041926e+00
0.000000000000000000e+00,-1.335249569601772102e+00
0.000000000000000000e+00,-1.297186575643962003e+00
0.000000000000000000e+00,-4.833339357578956830e-01
0.000000000000000000e+00,-1.054054473622634047e+00
0.000000000000000000e+00,-1.353580761631045348e+00
0.000000000000000000e+00,-1.440398434316942033e+00
0.000000000000000000e+00,-1.269237217792222649e+00
0.000000000000000000e+00,-1.230911987123334050e+00
0.000000000000000000e+00,-1.439518269626147928e+00
0.000000000000000000e+00,-5.264487125016313884e-01
0.000000000000000000e+00,-1.087852797749123246e+00
0.000000000000000000e+00,-1.698486788569972261e-01
0.000000000000000000e+00,-1.389461269412781252e+00
0.000000000000000000e+00,-1.238534173063473132e+00
0.000000000000000000e+00,-1.348720318995292322e+00
0.000000000000000000e+00,-8.973827417330908496e-01
0.000000000000000000e+00,-8.455573557107605165e-01
0.000000000000000000e+00,-1.201432310891582533e+00
0.000000000000000000e+00,-9.222541415059481995e-01
0.000000000000000000e+00,-1.361835377120176105e+00
0.000000000000000000e+00,-9.719022780299986231e-01
0.000000000000000000e+00,-8.202642019647857774e-01
0.000000000000000000e+00,3.989479841504265933e-01
0.000000000000000000e+00,-1.662978187281519249e+00
0.000000000000000000e+00,-1.101932613052245546e+00
0.000000000000000000e+00,-1.177556685542360260e+00
0.000000000000000000e+00,-1.345060686859885779e+00
0.000000000000000000e+00,-1.448124548170227399e+00
0.000000000000000000e+00,-1.234690048741163171e+00
0.000000000000000000e+00,-1.524060404399781410e+00
0.000000000000000000e+00,-4.648089866502370660e-01
0.000000000000000000e+00,-1.409245438119260063e+00
0.000000000000000000e+00,-9.307129874290525073e-01
0.000000000000000000e+00,-1.486536788254773755e+00
0.000000000000000000e+00,-1.441684240126101857e+00
0.000000000000000000e+00,-9.586123954310625805e-01
0.000000000000000000e+00,-1.652087105933694566e+00
0.000000000000000000e+00,-1.107693764268600667e+00
0.000000000000000000e+00,-1.250698572758025318e+00
0.000000000000000000e+00,-7.487714654329241659e-01
0.000000000000000000e+00,-1.094135602638053983e+00
0.000000000000000000e+00,-8.933198854075310447e-01
0.000000000000000000e+00,-1.200291117953816267e+00
0.000000000000000000e+00,-1.034297293947863849e+00
0.000000000000000000e+00,-1.541511834559629479e+00
0.000000000000000000e+00,-3.820001922264831262e-01
0.000000000000000000e+00,-1.515777994236204629e+00
0.000000000000000000e+00,-1.369016070840127330e+00
0.000000000000000000e+00,-3.368882271363141667e-01
0.000000000000000000e+00,-7.910596527279142309e-01
0.000000000000000000e+00,-1.420686370635475759e+00
0.000000000000000000e+00,-1.365989271075081168e+00
0.000000000000000000e+00,-1.512334677175835251e+00
0.000000000000000000e+00,-1.210173534594204847e+00
0.000000000000000000e+00,-1.516948995955260893e+00
0.000000000000000000e+00,-1.242310623395827207e+00
0.000000000000000000e+00,-1.276674508724089829e+00
0.000000000000000000e+00,-9.378606497967635347e-01
0.000000000000000000e+00,-8.846809783325799703e-01
0.000000000000000000e+00,-1.497315885262076263e+00
0.000000000000000000e+00,-1.312758441297061873e+00
0.000000000000000000e+00,-1.036719458838364583e+00
0.000000000000000000e+00,-1.270939943718074616e+00
0.000000000000000000e+00,-1.168485953960072488e+00
0.000000000000000000e+00,-1.063036584503789239e+00
0.000000000000000000e+00,-1.479487011479677205e+00
0.000000000000000000e+00,-4.323427927903178980e-01
0.000000000000000000e+00,2.259966294628292793e-01
0.000000000000000000e+00,-9.798789467746680248e-01
0.000000000000000000e+00,-7.298481259915378105e-01
0.000000000000000000e+00,-1.531770808219684366e+00
0.000000000000000000e+00,-1.569345985499896345e+00
0.000000000000000000e+00,-6.480165762084548753e-01
0.000000000000000000e+00,-7.407690161206526014e-01
0.000000000000000000e+00,-1.091933378214909656e+00
0.000000000000000000e+00,-5.236619942723805821e-01
0.000000000000000000e+00,-1.227404621465327805e+00
0.000000000000000000e+00,-1.218541745709332824e+00
0.000000000000000000e+00,-1.048730786412778837e+00
0.000000000000000000e+00,-1.334402839084587233e+00
0.000000000000000000e+00,-5.709064956888942888e-01
0.000000000000000000e+00,-1.118173967820265347e+00
0.000000000000000000e+00,-4.448254213662100054e-01
0.000000000000000000e+00,-9.203439625751723696e-01
0.000000000000000000e+00,-7.218533302852730982e-01
0.000000000000000000e+00,-3.141711160437159478e-01
0.000000000000000000e+00,-6.856332440896517610e-01
0.000000000000000000e+00,-5.311725986933664156e-01
0.000000000000000000e+00,-3.615062522682061519e-01
0.000000000000000000e+00,-1.513868620948166432e+00
0.000000000000000000e+00,-6.380274119053384041e-01
0.000000000000000000e+00,-1.014262973171369930e+00
0.000000000000000000e+00,-1.335890055578139224e+00
0.000000000000000000e+00,-1.732223986218301315e+00
0.000000000000000000e+00,-7.987910032589938814e-01
0.000000000000000000e+00,-1.663866005578320317e+00
0.000000000000000000e+00,-1.095148295559178031e+00
0.000000000000000000e+00,2.025065041635337182e-01
0.000000000000000000e+00,-1.201199077319056396e+00
0.000000000000000000e+00,-1.219963705141141830e+00
0.000000000000000000e+00,-1.228024966373255866e+00
0.000000000000000000e+00,-1.237329334349438703e+00
0.000000000000000000e+00,-1.015350590867087899e+00
0.000000000000000000e+00,-1.089450790119091073e+00
0.000000000000000000e+00,-1.754369493788594525e+00
0.000000000000000000e+00,-9.144140292052966856e-01
0.000000000000000000e+00,-1.030866464349926792e+00
0.000000000000000000e+00,-1.091761776311807486e+00
0.000000000000000000e+00,-1.242425024664561839e+00
0.000000000000000000e+00,-1.278148834933840794e+00
0.000000000000000000e+00,-1.139622594422561308e+00
0.000000000000000000e+00,-1.375275109268299989e+00
0.000000000000000000e+00,-1.379631622371703559e+00
0.000000000000000000e+00,-9.628730370486955348e-01
0.000000000000000000e+00,-1.468492405040074944e+00
0.000000000000000000e+00,-1.025704711330323038e+00
0.000000000000000000e+00,-1.538903163375381578e+00
0.000000000000000000e+00,-1.235146445351996025e+00
0.000000000000000000e+00,-1.633582297894475177e+00
0.000000000000000000e+00,-1.043801461322963808e+00
0.000000000000000000e+00,-1.397460496154102616e+00
0.000000000000000000e+00,-1.931096493165808337e+00
0.000000000000000000e+00,-1.433235061915848485e+00
0.000000000000000000e+00,-1.627034033723515405e+00
0.000000000000000000e+00,-1.337326113757855817e+00
0.000000000000000000e+00,-5.292092473419111043e-01
0.000000000000000000e+00,-1.127255978400879100e+00
0.000000000000000000e+00,-1.747533212338953756e+00
0.000000000000000000e+00,-1.398801085669417299e+00
0.000000000000000000e+00,-1.532450367868823493e+00
0.000000000000000000e+00,-9.897549182731559814e-01
0.000000000000000000e+00,-1.066254724419008149e+00
0.000000000000000000e+00,-1.347085267059396241e+00
0.000000000000000000e+00,-1.048229676630010987e+00
0.000000000000000000e+00,-1.007817025628081398e+00
0.000000000000000000e+00,-1.480577851746345486e+00
0.000000000000000000e+00,-8.802426924913130390e-01
0.000000000000000000e+00,-1.810583215802462398e+00
0.000000000000000000e+00,-8.259230365534695473e-01
0.000000000000000000e+00,-9.637745512720350405e-01
0.000000000000000000e+00,-1.192256845753410843e+00
0.000000000000000000e+00,8.862853043195243474e-01
0.000000000000000000e+00,-1.262227723154004666e+00
0.000000000000000000e+00,-1.181576439981460336e+00
0.000000000000000000e+00,-5.511541498705495590e-01
0.000000000000000000e+00,-1.502670589717327809e+00
1.000000000000000000e+00,1.365007081053060567e+00
1.000000000000000000e+00,3.479854415000325218e-01
1.000000000000000000e+00,6.672117085488467048e-01
1.000000000000000000e+00,6.321118685798149395e-01
1.000000000000000000e+00,6.213392167144128342e-01
1.000000000000000000e+00,8.651847153798580825e-01
1.000000000000000000e+00,-9.285466141077298730e-01
1.000000000000000000e+00,1.137599111162233001e+00
1.000000000000000000e+00,1.346819293431074538e+00
1.000000000000000000e+00,3.667214690049341863e-01
1.000000000000000000e+00,-3.187886573940919566e-01
1.000000000000000000e+00,5.849111922972365790e-03
1.000000000000000000e+00,-4.701358964310424216e-01
1.000000000000000000e+00,-2.470324756870453387e-01
1.000000000000000000e+00,1.192586242108152339e+00
1.000000000000000000e+00,5.194624699778788157e-01
1.000000000000000000e+00,6.725922959415953084e-02
1.000000000000000000e+00,-8.011209220560431277e-01
1.000000000000000000e+00,5.437292348761907368e-01
1.000000000000000000e+00,1.984521070867183712e-01
1.000000000000000000e+00,3.204579399913055210e-02
1.000000000000000000e+00,1.386967795984976604e-01
1.000000000000000000e+00,-3.356858053504926387e-01
1.000000000000000000e+00,3.756673259628989237e-01
1.000000000000000000e+00,5.598340332001925379e-01
1.000000000000000000e+00,-8.449035766292233296e-01
1.000000000000000000e+00,9.518440792678224405e-01
1.000000000000000000e+00,1.799323946568539556e-01
1.000000000000000000e+00,-6.192426430148139094e-01
1.000000000000000000e+00,-3.475460749116127679e-01
1.000000000000000000e+00,1.017916048639951887e+00
1.000000000000000000e+00,4.095566877187334920e-01
1.000000000000000000e+00,-3.259492100456040653e-01
1.000000000000000000e+00,-1.255077138666817194e-01
1.000000000000000000e+00,6.313807477954712644e-01
1.000000000000000000e+00,6.085073420117845799e-01
1.000000000000000000e+00,1.418705989261607403e+00
1.000000000000000000e+00,1.777426576961417537e-01
1.000000000000000000e+00,6.708991353586994943e-01
1.000000000000000000e+00,1.741929452752869478e+00
1.000000000000000000e+00,2.198033615271897112e+00
1.000000000000000000e+00,7.293928263198873330e-01
1.000000000000000000e+00,-7.853005156184031943e-01
1.000000000000000000e+00,1.128319718110914804e+00
1.000000000000000000e+00,2.508789354577912523e+00
1.000000000000000000e+00,-3.249908980092658939e-01
1.000000000000000000e+00,-6.651371876546360862e-02
1.000000000000000000e+00,-4.582861002255106952e-01
1.000000000000000000e+00,1.131186194971184777e+00
1.000000000000000000e+00,1.433245020925143942e+00
1.000000000000000000e+00,7.445203800032179631e-01
1.000000000000000000e+00,9.589881162432143391e-01
1.000000000000000000e+00,1.140547763581735152e+00
1.000000000000000000e+00,1.970257166198526866e-01
1.000000000000000000e+00,-3.840086595712423057e-01
1.000000000000000000e+00,-2.324261728549217032e-01
1.000000000000000000e+00,1.388325604449254014e+00
1.000000000000000000e+00,1.634950570559311922e+00
1.000000000000000000e+00,1.135510584734980705e-01
1.000000000000000000e+00,6.327652448399833096e-01
1.000000000000000000e+00,5.302097440970475750e-01
1.000000000000000000e+00,-3.833717989871940901e-01
1.000000000000000000e+00,9.952984344254434124e-01
1.000000000000000000e+00,5.115583090795906562e-01
1.000000000000000000e+00,4.341215404299459402e-01
1.000000000000000000e+00,1.392610415349013975e+00
1.000000000000000000e+00,4.201169703275240384e-03
1.000000000000000000e+00,8.652330539441122070e-01
1.000000000000000000e+00,8.453795999622024659e-01
1.000000000000000000e+00,1.210185104888975571e+00
1.000000000000000000e+00,9.866063549298128565e-01
1.000000000000000000e+00,8.642364738777394972e-01
1.000000000000000000e+00,-7.605966895349600687e-01
1.000000000000000000e+00,3.215075901084628041e-01
1.000000000000000000e+00,8.026069209304596830e-02
1.000000000000000000e+00,6.052183055356596952e-01
1.000000000000000000e+00,-1.367653626601003369e-01
1.000000000000000000e+00,8.779710712678135964e-01
1.000000000000000000e+00,-6.714160666997739391e-01
1.000000000000000000e+00,3.541848623656250195e-01
1.000000000000000000e+00,4.036771070199558498e-01
1.000000000000000000e+00,6.898397961189436378e-01
1.000000000000000000e+00,9.535924263782417920e-02
1.000000000000000000e+00,1.661980690047484943e+00
1.000000000000000000e+00,7.871807742429648425e-01
1.000000000000000000e+00,6.463584519296140529e-01
1.000000000000000000e+00,-4.786636248082088985e-01
1.000000000000000000e+00,6.775585782274436975e-01
1.000000000000000000e+00,1.111172015263130142e+00
1.000000000000000000e+00,-4.387444299830401406e-01
1.000000000000000000e+00,3.664825959332450034e-01
1.000000000000000000e+00,-8.042629287325616660e-01
1.000000000000000000e+00,7.087095603182816950e-01
1.000000000000000000e+00,1.310564666967632685e-01
1.000000000000000000e+00,1.420386962833544819e+00
1.000000000000000000e+00,2.151241802678634935e-02
1.000000000000000000e+00,9.115873201356122779e-01
1.000000000000000000e+00,-6.395053635074084974e-01
1.000000000000000000e+00,1.171149297325551064e+00
1.000000000000000000e+00,-5.462002526772385957e-01
1.000000000000000000e+00,3.005081093323614394e-01
1.000000000000000000e+00,1.619740035674011480e+00
1.000000000000000000e+00,1.011227199811286281e+00
1.000000000000000000e+00,9.382573173200922101e-01
1.000000000000000000e+00,2.048001690373922878e-01
1.000000000000000000e+00,1.038516333439587935e+00
1.000000000000000000e+00,1.787855922650720464e+00
1.000000000000000000e+00,9.019196072847858181e-01
1.000000000000000000e+00,1.411262253187839821e+00
1.000000000000000000e+00,9.108227651776594769e-01
1.000000000000000000e+00,-3.539146807520947013e-01
1.000000000000000000e+00,1.890340929654118929e+00
1.000000000000000000e+00,3.578956528148672378e-01
1.000000000000000000e+00,1.212496493903060690e+00
1.000000000000000000e+00,-9.357364703492683511e-02
1.000000000000000000e+00,-2.925907668538273998e-01
1.000000000000000000e+00,3.036280632034918034e-02
1.000000000000000000e+00,8.876908504451082316e-02
1.000000000000000000e+00,9.988344004006332044e-01
1.000000000000000000e+00,4.808145793925937550e-01
1.000000000000000000e+00,4.868274939644390287e-01
1.000000000000000000e+00,1.061494472779158427e+00
1.000000000000000000e+00,2.030801217926827551e-01
1.000000000000000000e+00,6.809845739689553978e-01
1.000000000000000000e+00,3.193923751009757339e-01
1.000000000000000000e+00,8.251140597200263826e-01
1.000000000000000000e+00,1.553112575634328474e+00
1.000000000000000000e+00,8.994833436463776088e-01
1.000000000000000000e+00,-2.351395775950536615e-01
1.000000000000000000e+00,3.849169102329271230e-01
1.000000000000000000e+00,8.519053061365103874e-01
1.000000000000000000e+00,-4.722277477991400074e-01
1.000000000000000000e+00,-7.183378058299963453e-02
1.000000000000000000e+00,2.422566246232341403e+00
1.000000000000000000e+00,9.293952472068346404e-01
1.000000000000000000e+00,-3.090085573813746156e-01
1.000000000000000000e+00,6.725249224031134565e-01
1.000000000000000000e+00,1.073122314410489997e+00
1.000000000000000000e+00,3.013254338896250162e-01
1.000000000000000000e+00,7.980879684455409739e-01
1.000000000000000000e+00,-2.429164469408059690e-01
1.000000000000000000e+00,-3.515609954942872650e-01
1.000000000000000000e+00,-7.487787162175623124e-01
1.000000000000000000e+00,7.686542138498311250e-01
1.000000000000000000e+00,6.600942577837946024e-01
1.000000000000000000e+00,1.346909525417682163e+00
1.000000000000000000e+00,1.519661483527731338e+00
1.000000000000000000e+00,-4.427077894305102013e-01
1.000000000000000000e+00,5.466698308683172192e-01
1.000000000000000000e+00,9.493582686010536564e-01
1.000000000000000000e+00,1.170315054270798516e+00
1.000000000000000000e+00,5.783622048788014114e-01
1.000000000000000000e+00,2.179768588316999545e-01
1.000000000000000000e+00,2.941258075653408466e-01
1.000000000000000000e+00,1.666807295688260027e+00
1.000000000000000000e+00,7.803670507899761466e-01
1.000000000000000000e+00,2.567879944412376422e-02
1.000000000000000000e+00,1.561599216231878806e+00
1.000000000000000000e+00,1.245674172670147989e-01
1.000000000000000000e+00,2.390665715944090552e-01
1.000000000000000000e+00,-7.413623719968720494e-01
1.000000000000000000e+00,1.294477087592593723e+00
1.000000000000000000e+00,8.499234250020909487e-01
1.000000000000000000e+00,3.411970957932772275e-01
1.000000000000000000e+00,2.786091284397643753e-01
1.000000000000000000e+00,5.201142349525720299e-01
1.000000000000000000e+00,7.451854380830811309e-01
1.000000000000000000e+00,3.808892017363464666e-02
1.000000000000000000e+00,9.602094706333688112e-01
1.000000000000000000e+00,6.592342341614397805e-01
1.000000000000000000e+00,1.216637497574164728e+00
1.000000000000000000e+00,2.192460178813395721e+00
1.000000000000000000e+00,1.117190972155507112e+00
1.000000000000000000e+00,6.579500396377550020e-01
1.000000000000000000e+00,6.823747105126304335e-01
1.000000000000000000e+00,4.812133725476903656e-01
1.000000000000000000e+00,-1.928610580129144492e-01
1.000000000000000000e+00,-5.003785163352715282e-01
1.000000000000000000e+00,7.564890085125411945e-01
1.000000000000000000e+00,5.415403035582161406e-01
1.000000000000000000e+00,-3.878902462808491158e-01
1.000000000000000000e+00,-9.209690389696309487e-02
1.000000000000000000e+00,1.285470404607942596e+00
1.000000000000000000e+00,9.175813021031247185e-01
1.000000000000000000e+00,-3.514582760452472088e-01
1.000000000000000000e+00,-3.514582760452472088e-01
1.000000000000000000e+00,3.597550762531761537e-01
1.000000000000000000e+00,-5.249695524354549558e-01
1.000000000000000000e+00,1.161239086010716459e+00
1.000000000000000000e+00,6.662388949432322960e-01
1.000000000000000000e+00,1.582965667274942811e+00
1.000000000000000000e+00,4.213529086822168646e-01
1.000000000000000000e+00,1.164863672687038720e+00
1.000000000000000000e+00,3.426657825038653127e-01
1.000000000000000000e+00,6.644060577152631764e-01
1.000000000000000000e+00,9.052118663318610148e-01
1.000000000000000000e+00,5.330146916577885308e-02
1.000000000000000000e+00,1.194054525997371607e+00
1.000000000000000000e+00,1.400305211505429304e-01
1.000000000000000000e+00,-1.027237344268652763e-01
1.000000000000000000e+00,7.382637585032582050e-01
1.000000000000000000e+00,6.453586492922911422e-01
1.000000000000000000e+00,1.111517635997547160e+00
1.000000000000000000e+00,-9.299709904677516681e-01
1.000000000000000000e+00,3.466670071600010949e-01
1.000000000000000000e+00,7.476701426556384145e-02
1.000000000000000000e+00,-2.686655944762446624e-01
1.000000000000000000e+00,5.410762533413765452e-01
1.000000000000000000e+00,1.308272108187985561e+00
1.000000000000000000e+00,-6.656084886561138003e-02
1.000000000000000000e+00,9.303657462541312095e-02
1.000000000000000000e+00,-3.216514064921480176e-02
1.000000000000000000e+00,4.518617935112124728e-01
1.000000000000000000e+00,3.693000309564183070e-02
1.000000000000000000e+00,1.767037813860466988e-01
1.000000000000000000e+00,-4.658361811406373509e-01
1.000000000000000000e+00,-2.691932904693522532e-01
1.000000000000000000e+00,1.010279361130536513e+00
1.000000000000000000e+00,6.119297123609771516e-01
1.000000000000000000e+00,4.874426021945728604e-01
1.000000000000000000e+00,1.438716140755974093e+00
1.000000000000000000e+00,-1.162516844547529793e-01
1.000000000000000000e+00,2.271068051551991818e-01
1.000000000000000000e+00,9.791461031799251202e-01
1.000000000000000000e+00,7.686542138498311250e-01
1.000000000000000000e+00,1.336779776456860080e+00
1.000000000000000000e+00,6.123140039467975804e-01
1.000000000000000000e+00,6.573417793708905554e-01
1.000000000000000000e+00,-4.413502814177066580e-01
1.000000000000000000e+00,1.619216367894591890e+00
1.000000000000000000e+00,1.152614277683672750e+00
1.000000000000000000e+00,-3.242138555888807172e-01
1.000000000000000000e+00,-3.187886573940919566e-01
1.000000000000000000e+00,1.026405106165715120e+00
1.000000000000000000e+00,-2.467678220477539652e-01
1.000000000000000000e+00,-2.724605745915628097e-01
1.000000000000000000e+00,-1.101867758811871267e+00
1.000000000000000000e+00,3.803706682648260173e-01
1.000000000000000000e+00,1.799185676469151618e+00
1.000000000000000000e+00,5.858345412697526511e-01
1.000000000000000000e+00,9.790510373368919161e-01
1.000000000000000000e+00,5.378053438268468600e-01
1.000000000000000000e+00,7.429252073828316316e-01
1.000000000000000000e+00,-3.198335760247187909e-01
1.000000000000000000e+00,2.876508568834998392e-01
1.000000000000000000e+00,1.038586021536387571e+00
1.000000000000000000e+00,4.849661587891810482e-02
1.000000000000000000e+00,7.530255503837325337e-01
1.000000000000000000e+00,9.479137511725926890e-01
1.000000000000000000e+00,3.001769901672206031e-01
1.000000000000000000e+00,9.499721683670810934e-01
1.000000000000000000e+00,-1.059209276309073522e-01
1.000000000000000000e+00,-8.242497165875389831e-01
1.000000000000000000e+00,5.830437948268141213e-01
1.000000000000000000e+00,3.756584638927856767e-01
1.000000000000000000e+00,-1.123079526449322074e+00
1.000000000000000000e+00,2.546703707450641119e+00
1.000000000000000000e+00,1.292039615490079285e+00
1.000000000000000000e+00,6.754316814002618852e-01
1.000000000000000000e+00,-1.355689831948105606e-01
1.000000000000000000e+00,4.233385175788503124e-02
1.000000000000000000e+00,4.697808992802192662e-01
1.000000000000000000e+00,1.097220297155281132e+00
1.000000000000000000e+00,9.358360604422238938e-02
1.000000000000000000e+00,1.138628722580846020e+00
1.000000000000000000e+00,1.073347491555640465e+00
1.000000000000000000e+00,1.266506783029677674e+00
1.000000000000000000e+00,5.504821323024930990e-01
1.000000000000000000e+00,5.299801359168404558e-01
1.000000000000000000e+00,1.310423174297294491e+00
1.000000000000000000e+00,1.135087622297756976e-01
1.000000000000000000e+00,5.160437250210053728e-01
1.000000000000000000e+00,1.025246591909090954e+00
1.000000000000000000e+00,2.658356628356099427e-01
1.000000000000000000e+00,2.848182170182076423e-01
1.000000000000000000e+00,-7.165412225252178191e-02
1.000000000000000000e+00,1.217569223400162937e+00
1.000000000000000000e+00,-8.285155948829662220e-01
1.000000000000000000e+00,1.565936796730949654e+00
1.000000000000000000e+00,1.745077098928551118e+00
1.000000000000000000e+00,-5.453219997233935828e-02
1.000000000000000000e+00,-7.850866174715785961e-01
1.000000000000000000e+00,7.500785092497056494e-01
1.000000000000000000e+00,6.568237510906337340e-01
1.000000000000000000e+00,7.366597238127585712e-01
1.000000000000000000e+00,-7.711062990465460398e-01
1.000000000000000000e+00,5.888226701833956245e-01
1.000000000000000000e+00,1.300753850160992764e+00
1.000000000000000000e+00,5.410887408038088653e-01
1.000000000000000000e+00,1.950814084821513639e+00
1.000000000000000000e+00,1.860375853672982416e+00
1.000000000000000000e+00,4.876258859173697724e-01
1.000000000000000000e+00,-1.236442622146849274e-01
1.000000000000000000e+00,1.143704271827529872e+00
1.000000000000000000e+00,7.143466425530511366e-01
1.000000000000000000e+00,2.932524908378161821e-01
1.000000000000000000e+00,6.370009115327516236e-01
1.000000000000000000e+00,8.315587987992085761e-01
1.000000000000000000e+00,1.884649869355932372e+00
1.000000000000000000e+00,1.119405281219715276e+00
1.000000000000000000e+00,-6.677487809583604328e-01
1.000000000000000000e+00,-1.049021923892515112e-01
1.000000000000000000e+00,-1.302475217394732709e+00
1.000000000000000000e+00,3.066358279943102727e-01
1.000000000000000000e+00,-1.619715069904175964e-01
1.000000000000000000e+00,2.764048899097759637e-01
1.000000000000000000e+00,3.604849885734135451e-01
1.000000000000000000e+00,1.553888914781871022e-01
1.000000000000000000e+00,1.725261209703833343e-01
1.000000000000000000e+00,-2.888944779738614188e-01
1.000000000000000000e+00,1.166793589864884906e+00
1.000000000000000000e+00,5.098430956913064804e-01
1.000000000000000000e+00,1.159023268030928144e-01
1.000000000000000000e+00,6.018068113634242877e-01
1.000000000000000000e+00,3.319015898872075820e-01
1.000000000000000000e+00,8.563959587557192776e-01
1.000000000000000000e+00,1.956440393249220810e-01
1.000000000000000000e+00,9.586183262266703142e-01
1.000000000000000000e+00,-1.286990361157290375e+00
1.000000000000000000e+00,7.283680487576996709e-01
1.000000000000000000e+00,3.076001823511801958e-01
1.000000000000000000e+00,1.958934881220945542e-02
1.000000000000000000e+00,1.495809624639267366e+00
1.000000000000000000e+00,-6.843699962771437884e-01
1.000000000000000000e+00,5.435404140241258120e-02
1.000000000000000000e+00,3.936964019655839198e-01
1.000000000000000000e+00,3.613877112608595010e-01
1.000000000000000000e+00,-9.611172210974263524e-03
1.000000000000000000e+00,-4.954527142678804424e-02
1.000000000000000000e+00,-7.933972251309703294e-01
1.000000000000000000e+00,7.857934574488713020e-01
1.000000000000000000e+00,1.531383585359358257e+00
1.000000000000000000e+00,1.318524417214813060e-01
1.000000000000000000e+00,-1.632617438346341543e-01
1.000000000000000000e+00,-9.611172210974263524e-03
1.000000000000000000e+00,5.573695720659693764e-01
1.000000000000000000e+00,-2.224466762646561124e-01
1.000000000000000000e+00,1.477420829154257875e+00
1.000000000000000000e+00,-4.682933914902224215e-01
1.000000000000000000e+00,5.678445389398397714e-01
1.000000000000000000e+00,8.043200178420050195e-01
1.000000000000000000e+00,6.983207972173310907e-01
1.000000000000000000e+00,-2.767828478786197866e-01
1.000000000000000000e+00,-3.090085573813746156e-01
1.000000000000000000e+00,3.020279543567850888e-01
1.000000000000000000e+00,5.171921687434097858e-01
1.000000000000000000e+00,-6.876284183292411534e-01
1.000000000000000000e+00,-8.151129223007704816e-01
1.000000000000000000e+00,-4.849331365919698489e-01
1.000000000000000000e+00,2.776218132648737291e-01
1.000000000000000000e+00,-6.393845170967732416e-01
1.000000000000000000e+00,4.728934999968166242e-01
1.000000000000000000e+00,4.921540009238756230e-01
1.000000000000000000e+00,-3.496313787679148494e-02
1.000000000000000000e+00,9.912521961458986564e-02
1.000000000000000000e+00,6.049697647511197429e-01
1.000000000000000000e+00,-4.464757805141198466e-01
1.000000000000000000e+00,1.218790174968948703e+00
1.000000000000000000e+00,-1.642220699778162429e-01
1.000000000000000000e+00,8.982265409757701491e-01
1.000000000000000000e+00,2.082531538106124624e-01
1.000000000000000000e+00,1.141977779440919827e+00
1.000000000000000000e+00,3.304884925255118233e-01
1.000000000000000000e+00,2.027740075975539735e+00
1.000000000000000000e+00,6.118539819436457083e-01
1.000000000000000000e+00,-9.471443715132435437e-02
1.000000000000000000e+00,7.761289671689950431e-01
1.000000000000000000e+00,1.535091958880387963e+00
1.000000000000000000e+00,1.777426576961417537e-01
1.000000000000000000e+00,5.123212527520684123e-01
1.000000000000000000e+00,-5.404406286863479856e-04
1.000000000000000000e+00,-8.634825038002991171e-01
1.000000000000000000e+00,-5.892203663993098584e-01
1.000000000000000000e+00,5.410174414215339622e-01
1.000000000000000000e+00,-1.094496428214589978e-01
1.000000000000000000e+00,5.675718288731727013e-01
1.000000000000000000e+00,4.313058190621427146e-01
1.000000000000000000e+00,1.496146383303571081e+00
1.000000000000000000e+00,1.728937657966833852e+00
1.000000000000000000e+00,-4.617644627449642991e-01
1.000000000000000000e+00,1.356820945196623329e+00
1.000000000000000000e+00,1.322238430235005702e-01
1.000000000000000000e+00,7.379596283698258707e-01
1.000000000000000000e+00,4.200147360951149711e-01
1.000000000000000000e+00,1.061494472779158427e+00
1.000000000000000000e+00,-2.427069798290380498e-01
1.000000000000000000e+00,1.664464486607409865e+00
1.000000000000000000e+00,1.539254414453932462e-01
1.000000000000000000e+00,1.697543371769250076e+00
1.000000000000000000e+00,-2.277071205196120329e-01
1.000000000000000000e+00,7.044541553784429144e-01
1.000000000000000000e+00,-1.969702387958844891e-01
1.000000000000000000e+00,1.849593131273360669e+00
1.000000000000000000e+00,1.194865002591365855e+00
1.000000000000000000e+00,-8.881013345749286803e-01
1.000000000000000000e+00,1.887376164379865440e+00
1.000000000000000000e+00,1.101414070425696057e+00
1.000000000000000000e+00,8.524692560528085439e-01
1.000000000000000000e+00,1.179827278073274144e+00
1.000000000000000000e+00,-2.686655944762446624e-01
1.000000000000000000e+00,6.655770594343195512e-01
1.000000000000000000e+00,6.928810974532660927e-01
1.000000000000000000e+00,1.047274475639698998e+00
1.000000000000000000e+00,-1.443555748205474387e+00
1.000000000000000000e+00,7.539415661763483323e-01
1.000000000000000000e+00,-3.318722954522104196e-01
1.000000000000000000e+00,-8.476838497165735120e-01
1.000000000000000000e+00,4.865390738643893820e-01
1.000000000000000000e+00,1.016595197371707782e+00
1.000000000000000000e+00,6.370009115327516236e-01
1.000000000000000000e+00,9.417425278028150881e-01
1.000000000000000000e+00,1.097073369725569819e-01
1.000000000000000000e+00,1.506990334551248090e+00
1.000000000000000000e+00,2.663395923679592325e-01
1.000000000000000000e+00,2.295924041742940513e+00
1.000000000000000000e+00,1.175177913834764221e+00
1.000000000000000000e+00,5.949536114162947698e-01
1.000000000000000000e+00,4.270649156915801714e-01
1.000000000000000000e+00,9.016086291880842651e-01
1.000000000000000000e+00,1.875425260010768813e+00
1.000000000000000000e+00,9.337179233152603786e-01
1.000000000000000000e+00,4.243012606502451212e-02
1.000000000000000000e+00,4.864423967358810774e-01
1.000000000000000000e+00,-1.415311927933153635e+00
1.000000000000000000e+00,-6.801045208030854772e-01
1.000000000000000000e+00,7.130511690310403772e-01
1.000000000000000000e+00,9.791461031799251202e-01
1.000000000000000000e+00,7.153283182287787367e-01
1.000000000000000000e+00,8.095703915627413538e-01
1.000000000000000000e+00,1.424678621696574110e+00
1.000000000000000000e+00,1.245643053054856786e+00
1.000000000000000000e+00,2.150716606009002163e+00
1.000000000000000000e+00,-3.997766992309402245e-01
1.000000000000000000e+00,4.473703352492660046e-01
1.000000000000000000e+00,2.097296853009023021e+00
1.000000000000000000e+00,1.286466179031577672e+00
1.000000000000000000e+00,1.785866790731662990e+00
1.000000000000000000e+00,1.429171390792521867e-01
1.000000000000000000e+00,1.339245548425084531e-01
1.000000000000000000e+00,2.441879113937342360e+00
1.000000000000000000e+00,4.889995067849247090e-01
1.000000000000000000e+00,1.217074155937927005e+00
1.000000000000000000e+00,9.525260558451744686e-01
1.000000000000000000e+00,1.700484691008851898e-02
1.000000000000000000e+00,2.401521751832831064e-01
1.000000000000000000e+00,9.612000083792097138e-01
1.000000000000000000e+00,3.813664426884611491e-01
1.000000000000000000e+00,9.303657462541312095e-02
1.000000000000000000e+00,-2.572367466010926362e-01
1.000000000000000000e+00,-9.399206782767272061e-01
1.000000000000000000e+00,1.285489337212275540e+00
1.000000000000000000e+00,1.217074155937927005e+00
1.000000000000000000e+00,6.241295603359825472e-01
1.000000000000000000e+00,5.674969040985787805e-01
1.000000000000000000e+00,-3.002403446470437998e-01
1.000000000000000000e+00,1.560297297567967645e+00
1.000000000000000000e+00,9.278186043694123253e-01
1.000000000000000000e+00,1.686211201022606465e+00
1.000000000000000000e+00,-2.457587545189489353e-01
1.000000000000000000e+00,1.427415089624621825e-01
1.000000000000000000e+00,-8.168285385104233631e-01
1.000000000000000000e+00,6.807771209640314236e-01
1.000000000000000000e+00,6.675871380645538311e-01
1.000000000000000000e+00,1.902075621318073395e-01
1.000000000000000000e+00,1.017621989040739194e+00
1.000000000000000000e+00,-4.786636248082088985e-01
1.000000000000000000e+00,-6.071832773276193002e-02
1.000000000000000000e+00,1.312038993177383761e-01
1.000000000000000000e+00,8.404732356904081048e-01
1.000000000000000000e+00,-1.024158682916928242e+00
1.000000000000000000e+00,4.460941971529568950e-01
1.000000000000000000e+00,2.038088256488137795e-01
1.000000000000000000e+00,-6.653506829800917566e-02
1.000000000000000000e+00,3.074648343712686471e-01
1.000000000000000000e+00,9.732681337666225785e-01
1.000000000000000000e+00,3.519709561227857275e-01
1.000000000000000000e+00,-1.606925491445270193e-01
1.000000000000000000e+00,5.699529059840575673e-01
1.000000000000000000e+00,7.579778362915684520e-01
1.000000000000000000e+00,9.212252242051487405e-01
1.000000000000000000e+00,1.250450726091298925e+00
1.000000000000000000e+00,4.989330817391488537e-01
1.000000000000000000e+00,1.560338084896109589e-01
1.000000000000000000e+00,-2.607327308908778327e-02
1.000000000000000000e+00,-5.411879463854538663e-01
1.000000000000000000e+00,1.059879561911701629e+00
1.000000000000000000e+00,9.151732359605313505e-01
1.000000000000000000e+00,4.225710405014210247e-01
1.000000000000000000e+00,-4.652246983028225924e-01
1.000000000000000000e+00,1.221551112630597125e+00
1.000000000000000000e+00,1.038326925000996985e-02
1.000000000000000000e+00,9.616709065593187500e-01
1.000000000000000000e+00,5.166682005125161625e-02
1.000000000000000000e+00,9.822574954324160279e-01
1.000000000000000000e+00,1.417300545505918441e+00
1.000000000000000000e+00,1.126985170916132040e+00
1.000000000000000000e+00,1.309042002193627485e-01
1.000000000000000000e+00,-4.153546072045719018e-01
1.000000000000000000e+00,1.212496493903060690e+00
1.000000000000000000e+00,-4.583971765534002735e-02
1.000000000000000000e+00,-5.807905236147580252e-01
1.000000000000000000e+00,1.756536561227730608e+00
1.000000000000000000e+00,1.031645812173600518e+00
1.000000000000000000e+00,-1.363162168339057123e-01
1.000000000000000000e+00,4.070366372356180595e-01
1.000000000000000000e+00,2.334109595766755973e-01
1.000000000000000000e+00,1.244613038814874839e+00
1.000000000000000000e+00,1.748278723167649762e+00
1.000000000000000000e+00,1.647515374694435986e+00
1.000000000000000000e+00,1.606175128450090528e-01
1.000000000000000000e+00,1.050526855371264556e+00
1.000000000000000000e+00,1.332052264872805925e+00
1.000000000000000000e+00,3.749378164640303490e-01
1.000000000000000000e+00,4.735674201467929834e-01
1.000000000000000000e+00,3.041802289302003581e-01
1.000000000000000000e+00,1.086672016792292084e+00
1.000000000000000000e+00,-4.213255259841686834e-02
1.000000000000000000e+00,3.348426910705976783e-02
1.000000000000000000e+00,1.569111029116970979e+00
1.000000000000000000e+00,-4.228930063000038708e-01
1.000000000000000000e+00,1.467257243198457628e+00
1.000000000000000000e+00,9.740979457863185864e-01
1.000000000000000000e+00,1.279633120152887438e+00
1.000000000000000000e+00,3.018680342733776611e-01
1.000000000000000000e+00,1.688741424409836434e-01
1.000000000000000000e+00,7.109480386646168659e-01
1.000000000000000000e+00,-2.920691131812515606e-01
1.000000000000000000e+00,5.567705766905868270e-01
1.000000000000000000e+00,3.045641176946519146e-01
1.000000000000000000e+00,5.461449546247910680e-01
1.000000000000000000e+00,3.893841992127465290e-01
1.000000000000000000e+00,-4.127373744016845508e-02
1.000000000000000000e+00,8.095526674225148600e-01
1.000000000000000000e+00,5.030587781982390760e-01
1.000000000000000000e+00,4.846228526130818004e-01
1.000000000000000000e+00,-1.902564150423542988e-01
1.000000000000000000e+00,1.079575833164523116e-02
1.000000000000000000e+00,9.290302910467159725e-01
1.000000000000000000e+00,-1.071712851596142296e-01
1.000000000000000000e+00,1.273913056716148295e+00
1.000000000000000000e+00,5.852460192499586711e-01
1.000000000000000000e+00,9.452096113239427666e-01
1.000000000000000000e+00,8.118245799424590459e-01
1.000000000000000000e+00,1.455896472134630359e+00
1.000000000000000000e+00,-9.553116771352428982e-01
1.000000000000000000e+00,4.445642815943136039e-01
1.000000000000000000e+00,1.180568872213206388e+00
1.000000000000000000e+00,2.789035908603457736e-01
1.000000000000000000e+00,1.356094255447336083e+00
1.000000000000000000e+00,2.925966976494351335e-01
1.000000000000000000e+00,1.006212476591288763e+00
1.000000000000000000e+00,-1.018853122668668565e+00
1.000000000000000000e+00,1.355941586148566858e+00
1.000000000000000000e+00,6.924867353332261333e-01
1.000000000000000000e+00,7.348490417600724856e-01
1.000000000000000000e+00,4.958406220909907791e-01
1.000000000000000000e+00,7.419096947121260888e-01
1.000000000000000000e+00,-4.387444299830401406e-01
1.000000000000000000e+00,1.483273017999958032e+00
1.000000000000000000e+00,1.506131922214368535e+00
1.000000000000000000e+00,-3.629580204813052657e-01
1.000000000000000000e+00,-5.764279681908226483e-01
1.000000000000000000e+00,4.259531287137351407e-01
1.000000000000000000e+00,-5.302763211478210836e-01
1.000000000000000000e+00,4.132320298875226672e-01
1.000000000000000000e+00,7.640652728166388297e-01
1.000000000000000000e+00,1.430161826168467876e+00
1.000000000000000000e+00,5.179821014475960439e-01
1.000000000000000000e+00,8.892895460879186587e-01
1.000000000000000000e+00,5.021467906193111119e-01
1.000000000000000000e+00,1.077017999868004283e+00
1.000000000000000000e+00,9.417344713754394192e-01
1.000000000000000000e+00,9.718099204116229517e-01
1.000000000000000000e+00,1.242059151336781575e+00
1.000000000000000000e+00,1.139343327689069651e+00
1.000000000000000000e+00,-2.809822606481975349e-01
1.000000000000000000e+00,-1.183637676925530124e+00
1.000000000000000000e+00,1.665614944436658140e+00
1.000000000000000000e+00,4.374375659377793824e-01
1.000000000000000000e+00,8.703231047600723524e-01
1.000000000000000000e+00,1.545155242315360722e+00
1.000000000000000000e+00,3.746497991853494636e-01
1.000000000000000000e+00,2.140129654794609593e+00
1.000000000000000000e+00,-3.703147471394154233e-01
1.000000000000000000e+00,1.307118830609155680e+00
1.000000000000000000e+00,1.164664678930859232e+00
1.000000000000000000e+00,9.026954412410647111e-01
1.000000000000000000e+00,1.428679443531341242e+00
1.000000000000000000e+00,-3.175648860757248060e-01
1.000000000000000000e+00,-3.608942642391276684e-02
1.000000000000000000e+00,2.164554325669485024e+00
1.000000000000000000e+00,1.374713969946554093e-01
1.000000000000000000e+00,1.180698983515323652e+00
1.000000000000000000e+00,3.251559732906908362e+00
1.000000000000000000e+00,1.401594137515644434e+00
1.000000000000000000e+00,-1.682398103100722075e-01
1.000000000000000000e+00,1.743009519212475322e-01
1.000000000000000000e+00,-2.323101603007117766e-01
1.000000000000000000e+00,3.208578392406135071e-01
1.000000000000000000e+00,8.951465687900443946e-01
1.000000000000000000e+00,4.849922398082571195e-01
1.000000000000000000e+00,-1.420672975160410800e-01
1.000000000000000000e+00,6.830208359881606572e-01
1.000000000000000000e+00,4.479604685545351961e-01
1.000000000000000000e+00,4.103719981691532070e-01
1.000000000000000000e+00,1.358329108401352237e+00
1.000000000000000000e+00,9.398234868019260668e-01
1.000000000000000000e+00,5.522352108994429409e-01
1.000000000000000000e+00,-5.625245886472277634e-01
1.000000000000000000e+00,9.554263697004223843e-01
1.000000000000000000e+00,3.370117817716069553e-01
1.000000000000000000e+00,-4.276503266653480240e-01
1.000000000000000000e+00,-5.858906449649378123e-01
1.000000000000000000e+00,-1.811667508557335271e-01
1.000000000000000000e+00,1.103059595717180486e+00
1.000000000000000000e+00,-5.706030688283047353e-02
1.000000000000000000e+00,1.381999697673863103e+00
1.000000000000000000e+00,1.417300545505918441e+00
1.000000000000000000e+00,9.155341639069621840e-01
1.000000000000000000e+00,-1.105933032065643751e+00
1.000000000000000000e+00,9.790389526958284128e-01
1.000000000000000000e+00,7.144304293977582487e-01
1.000000000000000000e+00,6.389835983099086958e-01
1.000000000000000000e+00,-2.806318060573551043e-01
1.000000000000000000e+00,4.212232002014683063e-01
1.000000000000000000e+00,1.414332557660714640e+00
1.000000000000000000e+00,8.523274629309964823e-01
1.000000000000000000e+00,3.079280789453707201e-01
1.000000000000000000e+00,-7.041964612273449164e-01
1.000000000000000000e+00,1.949608542834636582e-01
1.000000000000000000e+00,9.142757499508795682e-01
1.000000000000000000e+00,8.884794723152931173e-01
1.000000000000000000e+00,1.597436622127154981e+00
1.000000000000000000e+00,1.403455274609323455e-01
1.000000000000000000e+00,-1.014711716176195822e+00
1.000000000000000000e+00,7.148010250570399071e-01
1.000000000000000000e+00,1.458006450464323089e+00
1.000000000000000000e+00,6.190685126585749876e-01
1.000000000000000000e+00,4.324385527511645511e-01
1.000000000000000000e+00,1.967953027969079893e-01
1.000000000000000000e+00,1.313883812676521545e+00
1.000000000000000000e+00,-1.062746047927000809e-01
1.000000000000000000e+00,4.479870547648749923e-01
1.000000000000000000e+00,5.015880773808071291e-01
1.000000000000000000e+00,-3.326851889744174007e-01
1.000000000000000000e+00,-5.658949950398471929e-01
1.000000000000000000e+00,6.983683301388476927e-01
1.000000000000000000e+00,-7.846185390410511662e-01
1.000000000000000000e+00,1.072794014994930656e+00
1.000000000000000000e+00,7.707670119291054611e-01
1.000000000000000000e+00,-4.196497890900253991e-02
1.000000000000000000e+00,9.910970075490217468e-01
1.000000000000000000e+00,1.971868451673664535e-01
1.000000000000000000e+00,1.829124671431212046e-01
1.000000000000000000e+00,5.677639746660828601e-01
1.000000000000000000e+00,4.120839889864870154e-01
1.000000000000000000e+00,7.401610471502328981e-01
1.000000000000000000e+00,8.510738828313393345e-01
1.000000000000000000e+00,-2.325043202004658804e-01
1.000000000000000000e+00,9.864323360984980082e-01
1.000000000000000000e+00,-1.231896885370011852e+00
1.000000000000000000e+00,-1.137538396660470630e+00
1.000000000000000000e+00,4.733249216827847272e-01
1.000000000000000000e+00,2.613450102164010524e-01
1.000000000000000000e+00,3.740274401705774854e-01
1.000000000000000000e+00,-4.723373152114493378e-01
1.000000000000000000e+00,9.215168668761486437e-01
1.000000000000000000e+00,-1.593036210649582951e-01
1.000000000000000000e+00,4.654630570282189406e-01
1.000000000000000000e+00,5.815622178324250102e-01
1.000000000000000000e+00,1.245674172670147989e-01
1.000000000000000000e+00,1.102938448855071141e-01
1.000000000000000000e+00,2.804911098747252529e-01
1.000000000000000000e+00,-9.456987479905710758e-01
1.000000000000000000e+00,-1.542735906329470441e-01
1.000000000000000000e+00,1.193252023435490902e-02
1.000000000000000000e+00,-9.037811563548627802e-01
1.000000000000000000e+00,-2.878108884918312849e-01
1.000000000000000000e+00,1.868879112316547964e-01
1.000000000000000000e+00,1.329610061283760802e-01
1.000000000000000000e+00,2.252812187118681253e-01
1.000000000000000000e+00,6.136050464337516885e-01
1.000000000000000000e+00,5.043590855766751924e-01
1.000000000000000000e+00,5.756251360478061019e-02
1.000000000000000000e+00,-3.544974609028308382e-02
1.000000000000000000e+00,1.716836098405811750e+00
1.000000000000000000e+00,1.392631764881559597e+00
1.000000000000000000e+00,6.928810974532660927e-01
1.000000000000000000e+00,1.050165927424833834e+00
1.000000000000000000e+00,1.953024468041928696e-01
1.000000000000000000e+00,1.416884833853332859e+00
1.000000000000000000e+00,-3.333474273046990177e-01
1.000000000000000000e+00,9.294218334171744367e-01
1.000000000000000000e+00,9.854478406731888018e-01
1.000000000000000000e+00,-5.423460578207091043e-01
1.000000000000000000e+00,1.192584228001308366e+00
1.000000000000000000e+00,-5.473221101893032126e-01
1.000000000000000000e+00,6.644060577152631764e-01
1.000000000000000000e+00,1.568910123623842578e-01
1.000000000000000000e+00,-4.116744311793573141e-01
1.000000000000000000e+00,-5.908332631599227946e-01
1.000000000000000000e+00,1.663939207542515009e+00
1.000000000000000000e+00,1.466460564900897157e-01
1.000000000000000000e+00,9.156888473125753825e-01
1.000000000000000000e+00,9.467741695203014674e-01
1.000000000000000000e+00,2.847630304906841880e-01
1.000000000000000000e+00,1.171602874186802312e+00
1.000000000000000000e+00,4.646876258933088644e-01
1.000000000000000000e+00,-4.109246782421545341e-02
1.000000000000000000e+00,6.827690726326703929e-01
1.000000000000000000e+00,-8.487505207011146746e-01
1.000000000000000000e+00,-1.480367073800576416e-01
1.000000000000000000e+00,1.008782476924133586e+00
1.000000000000000000e+00,-6.785862870641369282e-01
1.000000000000000000e+00,1.379026473150865240e+00
1.000000000000000000e+00,1.712619364317376380e+00
1.000000000000000000e+00,6.219023609879734682e-01
1.000000000000000000e+00,7.416442354300971651e-01
1.000000000000000000e+00,1.082869383070967029e+00
1.000000000000000000e+00,1.668258981506097124e-02
1.000000000000000000e+00,1.887437092776446945e-01
1.000000000000000000e+00,1.336614619695658535e+00
1.000000000000000000e+00,1.787776164019701186e+00
1.000000000000000000e+00,6.484772923294201963e-01
1.000000000000000000e+00,1.097697237655921976e+00
1.000000000000000000e+00,-8.869145204525948067e-02
1.000000000000000000e+00,9.399411106416111217e-01
1.000000000000000000e+00,6.895892412275597128e-01
1.000000000000000000e+00,2.326142089543673741e+00
1.000000000000000000e+00,-1.127160189310370646e-02
1.000000000000000000e+00,-6.690071949144430485e-01
1.000000000000000000e+00,4.951014448792713241e-01
1.000000000000000000e+00,6.543733887043180486e-01
1.000000000000000000e+00,6.589844849127933779e-01
1.000000000000000000e+00,9.159506812022852884e-01
1.000000000000000000e+00,7.037725816224597031e-01
1.000000000000000000e+00,3.409674876130701082e-01
1.000000000000000000e+00,5.915707175612430202e-01
1.000000000000000000e+00,-6.360286122734301051e-01
1.000000000000000000e+00,-7.141242943125111764e-02
1.000000000000000000e+00,1.115942628733644248e+00
1.000000000000000000e+00,1.165984021283523187e-01
1.000000000000000000e+00,1.922065529374106019e+00
1.000000000000000000e+00,4.135172274166220574e-01
1.000000000000000000e+00,2.671061614327560618e-01
1.000000000000000000e+00,-1.622152139185321917e-01
1.000000000000000000e+00,1.330847023337402790e+00
1.000000000000000000e+00,6.783021864742198037e-01
1.000000000000000000e+00,9.842595176352747499e-01
1.000000000000000000e+00,7.079490335740167284e-01
1.000000000000000000e+00,-2.924433342328522922e-01
1.000000000000000000e+00,9.897214749445178150e-02
1.000000000000000000e+00,1.068612326365579346e+00
1.000000000000000000e+00,7.426899597034615219e-01
1.000000000000000000e+00,7.895272087161341323e-01
1.000000000000000000e+00,4.265525269104863959e-01
1.000000000000000000e+00,-3.303153908618585710e-01
1.000000000000000000e+00,3.700801935778588181e-01
1.000000000000000000e+00,-1.151720125769895464e+00
1.000000000000000000e+00,-7.853005156184031943e-01
1.000000000000000000e+00,-1.526381358756822293e-01
1.000000000000000000e+00,2.815467735989091391e+00
1.000000000000000000e+00,3.974180685917833022e-01
1.000000000000000000e+00,4.173082816881473062e-02
1.000000000000000000e+00,2.830272732125920787e-01
1.000000000000000000e+00,5.874703988483862549e-01
1.000000000000000000e+00,1.381795569609784446e-01
1.000000000000000000e+00,1.283324172355059245e+00
1.000000000000000000e+00,1.584011896739571101e-01
1.000000000000000000e+00,8.246786098203703341e-01
1.000000000000000000e+00,-4.720259342933789681e-01
1.000000000000000000e+00,3.140896346022974406e-01
1.000000000000000000e+00,2.270665230183207262e-01
1.000000000000000000e+00,6.809845739689553978e-01
1.000000000000000000e+00,1.714542433531953236e+00
1.000000000000000000e+00,-6.126782659891026883e-01
1.000000000000000000e+00,-4.529797343345133287e-01
1.000000000000000000e+00,8.671045620234846263e-01
1.000000000000000000e+00,1.048905096540538429e+00
1.000000000000000000e+00,1.072861688984886319e+00
1.000000000000000000e+00,9.648108991289934266e-01
1.000000000000000000e+00,-7.451670198250410770e-01
1.000000000000000000e+00,-9.820662668071674650e-01
1.000000000000000000e+00,-6.827968764621457354e-02
1.000000000000000000e+00,-5.694026611493271245e-02
1.000000000000000000e+00,9.807815579371899073e-01
1.000000000000000000e+00,-5.751163818140604400e-01
1.000000000000000000e+00,-6.064047259916539589e-01
1.000000000000000000e+00,4.541957405219494981e-01
1.000000000000000000e+00,6.387205559560924506e-01
1.000000000000000000e+00,8.902079788087471357e-01
1.000000000000000000e+00,-8.438501987498520096e-01
1.000000000000000000e+00,-9.916158506270451867e-02
1.000000000000000000e+00,1.181248029040976810e+00
1.000000000000000000e+00,-3.550192169453016411e-01
1.000000000000000000e+00,-6.909375958738052104e-01
1.000000000000000000e+00,3.864564935044212390e-01
1.000000000000000000e+00,-5.001976495406872392e-01
1.000000000000000000e+00,4.098399735108838871e-02
1.000000000000000000e+00,2.324449939343305183e-01
1.000000000000000000e+00,1.648648108383457878e+00
1.000000000000000000e+00,1.684893975146681155e+00
1.000000000000000000e+00,5.450420297170592843e-01
1.000000000000000000e+00,2.770864636657592306e-01
1.000000000000000000e+00,1.071099748317823286e+00
1.000000000000000000e+00,1.384031528658011823e+00
1.000000000000000000e+00,-7.257739906676520247e-01
1.000000000000000000e+00,-2.019938240859951717e-01
1.000000000000000000e+00,8.890571181581300442e-01
1.000000000000000000e+00,2.261010625672393512e-02
1.000000000000000000e+00,4.173082816881473062e-02
1.000000000000000000e+00,-3.737125453851121160e-01
1.000000000000000000e+00,8.789487187298534732e-01
1.000000000000000000e+00,-1.101547113002318889e+00
1.000000000000000000e+00,-7.000075218133555710e-01
1.000000000000000000e+00,1.778702209866463102e+00
1.000000000000000000e+00,9.481622919571326413e-01
1.000000000000000000e+00,2.634412926195552340e-01
1.000000000000000000e+00,3.232900746653339374e-01
1.000000000000000000e+00,2.032649662818284408e+00
1.000000000000000000e+00,2.006105263505603142e-02
1.000000000000000000e+00,1.748629983401229770e+00
1.000000000000000000e+00,9.452096113239427666e-01
1.000000000000000000e+00,9.527641232741260735e-01
1.000000000000000000e+00,1.490167305726703750e+00
1.000000000000000000e+00,1.245084339816352692e+00
1.000000000000000000e+00,-5.153646797181588024e-01
1.000000000000000000e+00,9.796117646822398717e-01
1.000000000000000000e+00,7.705921874550529793e-01
1.000000000000000000e+00,-4.891675948206318791e-01
1.000000000000000000e+00,2.117641448609376142e-01
1.000000000000000000e+00,6.007558504122657572e-01
1.000000000000000000e+00,-2.081138891419370973e-01
1.000000000000000000e+00,2.756991468716656346e-01
1.000000000000000000e+00,5.560362333352928399e-01
1.000000000000000000e+00,8.507400462865119528e-02
1.000000000000000000e+00,2.130966779488765173e-01
1.000000000000000000e+00,-9.371492672594902151e-01
1.000000000000000000e+00,5.560257599797044925e-01
1.000000000000000000e+00,9.559842772961888446e-01
1.000000000000000000e+00,4.935231907563739084e-01
1.000000000000000000e+00,-3.815973708576986811e-01
1.000000000000000000e+00,-2.410344655058450913e-01
1.000000000000000000e+00,8.836911347045526277e-01
1.000000000000000000e+00,1.017120073615233711e+00
1.000000000000000000e+00,-1.061965079662822609e+00
1.000000000000000000e+00,7.982043838211196896e-01
1.000000000000000000e+00,9.438243086366930878e-01
1.000000000000000000e+00,1.312038993177383761e-01
1.000000000000000000e+00,4.930502784694209550e-01
1.000000000000000000e+00,5.983941087270825410e-01
1.000000000000000000e+00,7.629820861559775125e-01
1.000000000000000000e+00,1.415813731833735156e+00
1.000000000000000000e+00,-3.395959923772831623e-01
1.000000000000000000e+00,2.630090652908495530e-01
1.000000000000000000e+00,4.172670915386363921e-01
1.000000000000000000e+00,-7.594900368650142619e-02
1.000000000000000000e+00,1.710015526989553836e+00
1.000000000000000000e+00,1.160482587480139216e+00
1.000000000000000000e+00,-2.992002598728424334e-01
1.000000000000000000e+00,1.172666725421761980e+00
1.000000000000000000e+00,-2.188168529105395665e-01
1.000000000000000000e+00,6.595609222915239656e-01
1.000000000000000000e+00,3.667246915758844983e-01
1.000000000000000000e+00,5.379511651623468671e-01
1.000000000000000000e+00,9.961016602347995130e-01
1.000000000000000000e+00,6.328695755744985219e-01
1.000000000000000000e+00,1.128335830965666142e+00
1.000000000000000000e+00,1.427939057855515337e+00
1.000000000000000000e+00,6.209621759132305518e-01
1.000000000000000000e+00,2.150001195258041342e+00
1.000000000000000000e+00,4.067865875354978455e-02
1.000000000000000000e+00,1.427408944934195123e+00
1.000000000000000000e+00,1.517043950273370134e+00
1.000000000000000000e+00,9.352237719616715572e-02
1.000000000000000000e+00,1.235230523493147770e+00
1.000000000000000000e+00,1.071087663676759671e+00
1.000000000000000000e+00,5.674969040985787805e-01
1.000000000000000000e+00,-5.198717456435929252e-02
1.000000000000000000e+00,1.501203402767290918e+00
1.000000000000000000e+00,-2.823719943705038649e-01
1.000000000000000000e+00,1.176485574367733405e-01
1.000000000000000000e+00,1.189206973645419829e+00
1.000000000000000000e+00,6.877016202934358446e-01
1.000000000000000000e+00,-1.803980653141978863e-02
1.000000000000000000e+00,1.091212318809756249e-01
1.000000000000000000e+00,-5.220490975117677568e-01
1.000000000000000000e+00,-2.291214263454141864e-01
1.000000000000000000e+00,-2.924433342328522922e-01
1.000000000000000000e+00,3.342528582168023399e-01
1.000000000000000000e+00,-3.570155996489972616e-01
1.000000000000000000e+00,2.913842053293939638e-01
1.000000000000000000e+00,5.828371474646276695e-01
1.000000000000000000e+00,1.190639406432817182e+00
1.000000000000000000e+00,2.252580462461735156e+00
1.000000000000000000e+00,-5.411879463854538663e-01
1.000000000000000000e+00,-7.104994071847150483e-01
1.000000000000000000e+00,-1.511668813453234561e+00
1.000000000000000000e+00,3.298839600208612610e-02
1.000000000000000000e+00,5.652419100761235660e-01
1.000000000000000000e+00,5.845696821717695224e-01
1.000000000000000000e+00,-3.738068055854076865e-01
1.000000000000000000e+00,-1.214008476420294809e-02
1.000000000000000000e+00,7.136239810174518361e-01
1.000000000000000000e+00,2.156586218543455336e-01
1.000000000000000000e+00,1.575701992353021996e+00
1.000000000000000000e+00,1.746144575555829803e+00
1.000000000000000000e+00,1.188325600490519385e+00
1.000000000000000000e+00,4.008907916120739157e-01
1.000000000000000000e+00,7.888062608359049099e-02
1.000000000000000000e+00,8.273485098526736081e-01
1.000000000000000000e+00,-2.992002598728424334e-01
1.000000000000000000e+00,1.320792199151174628e+00
1.000000000000000000e+00,1.508488024400388650e+00
1.000000000000000000e+00,-2.567730992056217465e-01
1.000000000000000000e+00,4.550799334264313267e-01
1.000000000000000000e+00,-2.829875054220064579e-01
1.000000000000000000e+00,-1.083551471173243019e+00
1.000000000000000000e+00,4.702409212833710828e-01
1.000000000000000000e+00,1.201185269867593775e+00
1.000000000000000000e+00,1.851638658184048047e+00
1.000000000000000000e+00,7.165130158743737709e-01
1.000000000000000000e+00,1.269496926050164509e+00
1.000000000000000000e+00,1.519695320522709281e+00
1.000000000000000000e+00,1.283681877730539656e+00
1.000000000000000000e+00,1.874406121947744364e+00
1.000000000000000000e+00,7.539415661763483323e-01
1.000000000000000000e+00,7.090229553431960374e-01
1.000000000000000000e+00,-3.403738404404059170e-01
1.000000000000000000e+00,-2.211979300214243493e-01
1.000000000000000000e+00,1.270505993578969539e+00
1.000000000000000000e+00,1.575709748328923687e-01
1.000000000000000000e+00,4.683802893809557721e-01
1.000000000000000000e+00,9.949201851601547908e-01
1.000000000000000000e+00,4.085673584369989286e-01
1.000000000000000000e+00,4.233183765104110707e-02
1.000000000000000000e+00,4.401590271052870373e-01
1.000000000000000000e+00,-2.252112393186236905e-01
1.000000000000000000e+00,9.341686804269301314e-01
1.000000000000000000e+00,6.693188671289581615e-01
1.000000000000000000e+00,6.115538800239013195e-01
1.000000000000000000e+00,1.892939632674042194e-01
1.000000000000000000e+00,1.541651502049673716e+00
1.000000000000000000e+00,-2.666478622400034193e-01
1.000000000000000000e+00,1.851352354560737157e-01
1.000000000000000000e+00,3.772721662961361355e-01
1.000000000000000000e+00,1.285949359215427412e+00
1.000000000000000000e+00,8.217521125761514389e-01
1.000000000000000000e+00,-7.973827397537235351e-01
1.000000000000000000e+00,4.406722215291183908e-01
1.000000000000000000e+00,9.548281799677774684e-01
1.000000000000000000e+00,-7.204284487339876475e-02
1.000000000000000000e+00,-5.724041855380348487e-01
1.000000000000000000e+00,1.372412549096793555e+00
1.000000000000000000e+00,8.364538840726769564e-01
1.000000000000000000e+00,-1.965025631867257649e-01
1.000000000000000000e+00,3.150507663882171072e-01
1.000000000000000000e+00,1.095416949947244012e-03
1.000000000000000000e+00,1.485885717397893879e+00
1.000000000000000000e+00,7.752524278705201777e-01
1.000000000000000000e+00,4.046877858342360357e-01
1.000000000000000000e+00,1.324417591470234523e+00
1.000000000000000000e+00,6.527552552659109386e-01
1.000000000000000000e+00,2.686945966992942303e+00
1.000000000000000000e+00,1.346864812245747167e+00
1.000000000000000000e+00,8.377848058751407034e-01
1.000000000000000000e+00,1.970257166198526866e-01
1.000000000000000000e+00,6.632428119721085757e-02
1.000000000000000000e+00,1.797387481878897741e+00
1.000000000000000000e+00,1.314641219219731261e-01
1.000000000000000000e+00,-4.660392031105047295e-01
1.000000000000000000e+00,-2.371415997979123003e-01
1.000000000000000000e+00,-1.266889574854946909e+00
1.000000000000000000e+00,1.505522856304766455e+00
1.000000000000000000e+00,5.190548147526690137e-01
1.000000000000000000e+00,1.226179530157930353e+00
1.000000000000000000e+00,7.222798065898917708e-01
1.000000000000000000e+00,6.961487843968454658e-01
1.000000000000000000e+00,-5.223853509848078169e-02
1.000000000000000000e+00,-6.977807252867151977e-01
1.000000000000000000e+00,1.112902133042059205e+00
1.000000000000000000e+00,1.176739351830067559e-01
1.000000000000000000e+00,7.652004234338734001e-01
1.000000000000000000e+00,9.084283949616047682e-01
1.000000000000000000e+00,-3.648581288778614540e-01
1.000000000000000000e+00,9.370013202922222728e-01
1.000000000000000000e+00,4.290774112500272408e-01
1.000000000000000000e+00,4.514412480022015339e-01
1.000000000000000000e+00,1.823498363003504874e+00
1.000000000000000000e+00,1.552754870258847841e+00
1.000000000000000000e+00,1.112902133042059205e+00
1.000000000000000000e+00,1.631798595718468581e-01
1.000000000000000000e+00,7.223184774412950704e-01
1.000000000000000000e+00,1.419050401531918082e+00
1.000000000000000000e+00,9.920557224067286795e-01
1.000000000000000000e+00,7.117419995824909584e-01
1.000000000000000000e+00,7.212824208807815385e-01
1.000000000000000000e+00,-1.064832662617304221e-01
1.000000000000000000e+00,4.946615639445587354e-01
1.000000000000000000e+00,9.822330256988151542e-02
1.000000000000000000e+00,1.194054525997371607e+00
1.000000000000000000e+00,1.508488024400388650e+00
1.000000000000000000e+00,1.652375011687451378e+00
1.000000000000000000e+00,8.509796226310437639e-01
1.000000000000000000e+00,3.969048741679519487e-01
1.000000000000000000e+00,-6.771812461298167829e-01
1.000000000000000000e+00,3.519464863891848261e-02
1.000000000000000000e+00,1.698885572570039804e+00
1.000000000000000000e+00,1.316985639586056578e-01
1.000000000000000000e+00,1.190275255915436148e+00
1.000000000000000000e+00,7.520491113857991072e-01
1.000000000000000000e+00,-4.459343885944735408e-01
1.000000000000000000e+00,6.527552552659109386e-01
1.000000000000000000e+00,3.039385361089296800e-01
1.000000000000000000e+00,6.872069556525685075e-01
1.000000000000000000e+00,7.088690775803203614e-01
1.000000000000000000e+00,1.040931247545450633e+00
1.000000000000000000e+00,-6.050339248736804620e-01
1.000000000000000000e+00,4.701494808326570629e-01
1.000000000000000000e+00,1.105517611709502912e+00
1.000000000000000000e+00,8.645635648291924991e-01
1.000000000000000000e+00,1.208388521584196962e+00
1.000000000000000000e+00,1.524188895261394394e-01
1.000000000000000000e+00,1.547559683065634850e+00
1.000000000000000000e+00,-1.224357981083316199e-01
1.000000000000000000e+00,8.508950301435990182e-01
1.000000000000000000e+00,1.106700295248254085e+00
1.000000000000000000e+00,3.432415166097532028e-02
1.000000000000000000e+00,-1.831780379500742018e-01
1.000000000000000000e+00,1.299363310795949022e+00
1.000000000000000000e+00,4.446279273705815438e-01
1.000000000000000000e+00,1.023420199823022347e+00
1.000000000000000000e+00,5.171921687434097858e-01
1.000000000000000000e+00,1.013159533917345145e+00
1.000000000000000000e+00,5.454182648755039331e-01
1.000000000000000000e+00,1.246057153421967101e+00
1.000000000000000000e+00,3.675911603401397776e-01
1.000000000000000000e+00,3.013254338896250162e-01
1.000000000000000000e+00,3.191788797755200080e-01
1.000000000000000000e+00,5.438989250423439253e-02
1.000000000000000000e+00,7.292421711279619689e-01
1.000000000000000000e+00,2.590320099168408330e-01
1.000000000000000000e+00,8.194387094552224582e-01
1.000000000000000000e+00,3.440893532211494743e-01
1.000000000000000000e+00,7.639303276580959867e-01
1.000000000000000000e+00,3.588165024639084488e-01
1.000000000000000000e+00,1.428476824382842514e+00
1.000000000000000000e+00,8.413543083938346268e-02
1.000000000000000000e+00,-3.129026315534137459e-01
1.000000000000000000e+00,1.263960146336222445e+00
1.000000000000000000e+00,5.674900561353094508e-01
1.000000000000000000e+00,1.417300545505918441e+00
1.000000000000000000e+00,-3.528302856273269894e-01
1.000000000000000000e+00,8.623496585863531516e-01
1.000000000000000000e+00,9.953891716033147485e-02
1.000000000000000000e+00,1.501203402767290918e+00
1.000000000000000000e+00,1.510345030910484887e+00
1.000000000000000000e+00,5.999203988934067588e-01
1.000000000000000000e+00,3.159232774730041937e-01
1.000000000000000000e+00,-8.665362925970538921e-01
1.000000000000000000e+00,-5.472125427769938266e-01
1.000000000000000000e+00,8.917016404441998612e-01
1.000000000000000000e+00,2.561945361951232791e-01
1.000000000000000000e+00,4.950539119577547775e-01
1.000000000000000000e+00,7.292128675379355718e-02
1.000000000000000000e+00,1.683646757793662643e-02
1.000000000000000000e+00,1.548923636220339128e+00
1.000000000000000000e+00,9.084283949616047682e-01
1.000000000000000000e+00,1.644064001206690939e+00
1.000000000000000000e+00,-3.214859492794724938e-01
1.000000000000000000e+00,-4.171522966035619284e-02
1.000000000000000000e+00,1.552088303263404467e-01
1.000000000000000000e+00,2.007941405699784632e+00
1.000000000000000000e+00,-8.287269737316831086e-02
1.000000000000000000e+00,1.763674255431116888e-01
1.000000000000000000e+00,-7.011333051692131280e-02
1.000000000000000000e+00,7.993201990126526102e-01
1.000000000000000000e+00,1.101273888589358929e+00
1.000000000000000000e+00,8.293932311206233532e-01
1.000000000000000000e+00,1.196732885278419367e+00
1.000000000000000000e+00,3.017073085472327110e-01
1.000000000000000000e+00,1.555598789122465853e+00
1.000000000000000000e+00,1.091062366890673596e+00
1.000000000000000000e+00,4.019900911274866262e-01
1.000000000000000000e+00,4.489217027103498125e-02
1.000000000000000000e+00,7.704556310110350914e-01
1.000000000000000000e+00,5.994926025997577845e-01
1.000000000000000000e+00,1.541651502049673716e+00
1.000000000000000000e+00,4.233183765104110707e-02
1.000000000000000000e+00,8.189758677024890909e-01
1.000000000000000000e+00,8.067156988920609617e-02
1.000000000000000000e+00,2.062978588865328200e-01
1.000000000000000000e+00,6.688101037401833482e-01
1.000000000000000000e+00,2.109749672803625131e+00
1.000000000000000000e+00,1.161239086010716459e+00
1.000000000000000000e+00,1.327540665542420228e+00
1.000000000000000000e+00,3.077339190456166440e-01
1.000000000000000000e+00,-1.019877797860961194e-01
1.000000000000000000e+00,2.391886264691507613e-01
1.000000000000000000e+00,2.191192602335726158e-01
1.000000000000000000e+00,5.359136946790351574e-01
1.000000000000000000e+00,-6.395053635074084974e-01
1.000000000000000000e+00,-1.717669142151487249e-01
1.000000000000000000e+00,7.601341390786715557e-01
1.000000000000000000e+00,-3.703147471394154233e-01
1.000000000000000000e+00,6.683915723380163820e-01
1.000000000000000000e+00,1.228900991325438063e+00
1.000000000000000000e+00,-1.193787566954791712e+00
1.000000000000000000e+00,3.194149330976276957e-01
1.000000000000000000e+00,-1.103210765255398629e+00
1.000000000000000000e+00,1.446041549717214103e-01
1.000000000000000000e+00,4.142487510223346048e-01
1.000000000000000000e+00,-1.266613942668803616e-01
1.000000000000000000e+00,2.197895549912299018e-01
1.000000000000000000e+00,5.834587008366620697e-01
1.000000000000000000e+00,-2.174911677858699655e-01
1.000000000000000000e+00,1.010631427006854155e+00
1.000000000000000000e+00,2.060166895711212920e-01
1.000000000000000000e+00,2.033386825923159780e+00
1.000000000000000000e+00,1.007735947008031596e+00
1.000000000000000000e+00,2.187772648914746154e-01
1.000000000000000000e+00,-3.059003876998339089e-01
1.000000000000000000e+00,1.189206973645419829e+00
1.000000000000000000e+00,3.972875544682971660e-01
1.000000000000000000e+00,-7.772061206641538156e-02
1.000000000000000000e+00,1.727590623309618767e+00
1.000000000000000000e+00,1.984521070867183712e-01
1.000000000000000000e+00,1.212376453135162846e+00
1.000000000000000000e+00,9.624262989956844372e-02
1.000000000000000000e+00,8.614944688204237977e-01
1.000000000000000000e+00,1.287716939381653436e+00
1.000000000000000000e+00,5.739605757820939180e-01
1.000000000000000000e+00,5.719069924440308705e-01
1.000000000000000000e+00,1.808963762375024986e+00
1.000000000000000000e+00,-1.218486559181809259e+00
1.000000000000000000e+00,1.512942122644932996e-01
1.000000000000000000e+00,5.641160243503711147e-01
1.000000000000000000e+00,-3.527839611699167821e-01
1.000000000000000000e+00,9.799235484216790582e-01
1.000000000000000000e+00,-1.723252246322839465e-01
1.000000000000000000e+00,1.136203737940763681e+00
1.000000000000000000e+00,9.783042065191656089e-01
1.000000000000000000e+00,7.364945670515569143e-01
1.000000000000000000e+00,5.558569778261838179e-01
1.000000000000000000e+00,3.775400425063777932e-01
1.000000000000000000e+00,6.724580540558952046e-01
1.000000000000000000e+00,4.938148334273738116e-01
1.000000000000000000e+00,2.015242945830371113e+00
1.000000000000000000e+00,6.493687360185401714e-01
1.000000000000000000e+00,5.062301908346789059e-01
1.000000000000000000e+00,2.618561905333884887e-01
1.000000000000000000e+00,2.012722895347256014e+00
1.000000000000000000e+00,1.203189306177296247e+00
1.000000000000000000e+00,9.554263697004223843e-01
1.000000000000000000e+00,3.322319034096108403e-01
1.000000000000000000e+00,9.559842772961888446e-01
1.000000000000000000e+00,4.491101207410460039e-01
1.000000000000000000e+00,-1.691368934983551453e-01
1.000000000000000000e+00,1.664352502266887690e+00
1.000000000000000000e+00,6.408701131498210912e-02
1.000000000000000000e+00,-8.066765320044230747e-02
1.000000000000000000e+00,2.317251521483127408e-01
1.000000000000000000e+00,1.031801218826689133e-02
1.000000000000000000e+00,-4.451315656064861459e-01
1.000000000000000000e+00,1.129450840514461429e+00
1.000000000000000000e+00,1.699716995875210968e+00
1.000000000000000000e+00,1.174684457658003334e+00
1.000000000000000000e+00,1.726435331623944913e+00
1.000000000000000000e+00,1.186527911091529441e-01
1.000000000000000000e+00,5.297360261673570436e-01
1.000000000000000000e+00,7.758159749654496284e-01
1.000000000000000000e+00,3.318713782845487681e-01
1.000000000000000000e+00,1.342828944951895975e+00
1.000000000000000000e+00,2.618561905333884887e-01
1.000000000000000000e+00,-9.310312163103923178e-01
1.000000000000000000e+00,8.822425890624037148e-01
1.000000000000000000e+00,6.762921078439855238e-01
1.000000000000000000e+00,1.138260946671145746e+00
1.000000000000000000e+00,1.130840574236767759e+00
1.000000000000000000e+00,-4.495283608467682823e-01
1.000000000000000000e+00,-7.248599889818800879e-01
1.000000000000000000e+00,2.558279687495293997e-01
1.000000000000000000e+00,9.944138386995927670e-01
1.000000000000000000e+00,3.259180812752835998e-01
1.000000000000000000e+00,-2.842737140525351536e-01
1.000000000000000000e+00,6.544889984371591307e-01
1.000000000000000000e+00,-5.621878299829240477e-01
1.000000000000000000e+00,2.069689592869276840e-01
1.000000000000000000e+00,5.723110222769216548e-01
1.000000000000000000e+00,5.104003000142302848e-02
1.000000000000000000e+00,5.218085016296793999e-01
1.000000000000000000e+00,9.041572799883833556e-01
1.000000000000000000e+00,1.074578513658645651e+00
1.000000000000000000e+00,2.113049585456707291e+00
1.000000000000000000e+00,5.843819674139160147e-01
1.000000000000000000e+00,1.726730196865895239e+00
1.000000000000000000e+00,6.493687360185401714e-01
1.000000000000000000e+00,9.387564129960160875e-01
1.000000000000000000e+00,-3.997766992309402245e-01
1.000000000000000000e+00,1.111953891539940731e+00
1.000000000000000000e+00,1.097697237655921976e+00
1.000000000000000000e+00,1.466637806303162095e-01
1.000000000000000000e+00,-7.756995687449000365e-02
1.000000000000000000e+00,2.547351143760172576e-01
1.000000000000000000e+00,6.512438694902317193e-01
1.000000000000000000e+00,-7.458888757179027440e-01
1.000000000000000000e+00,1.015011706571016026e+00
1.000000000000000000e+00,-6.239185934636636288e-01
1.000000000000000000e+00,4.962607647786329013e-01
1.000000000000000000e+00,-3.990306740559514398e-01
1.000000000000000000e+00,-9.545012005412486511e-01
1.000000000000000000e+00,1.802844905783189455e+00
1.000000000000000000e+00,8.319519524551420853e-01
1.000000000000000000e+00,4.917427203063466923e-01
1.000000000000000000e+00,-7.590667739763168331e-01
1.000000000000000000e+00,5.699529059840575673e-01
1.000000000000000000e+00,8.481131457707736798e-01
1.000000000000000000e+00,3.430162370947077433e-01
1.000000000000000000e+00,1.551835631895281731e+00
1.000000000000000000e+00,-1.018246473687279163e+00
1.000000000000000000e+00,-5.493438706392322901e-01
1.000000000000000000e+00,-4.413502814177066580e-01
1.000000000000000000e+00,3.451753596313923422e-01
1.000000000000000000e+00,-9.459549423811179913e-01
1.000000000000000000e+00,2.803501223956507138e-01
1.000000000000000000e+00,6.385763459060675995e-01
1.000000000000000000e+00,1.473216582528254603e+00
1.000000000000000000e+00,2.897278038609523709e-01
1.000000000000000000e+00,4.920319460491339170e-01
1.000000000000000000e+00,-3.216514064921480176e-02
1.000000000000000000e+00,-4.431662001481869173e-01
1.000000000000000000e+00,-1.464338811536643747e-01
1.000000000000000000e+00,7.006676345118691973e-01
1.000000000000000000e+00,1.285967888998391429e+00
1.000000000000000000e+00,1.442302056580893277e+00
1.000000000000000000e+00,1.014736579576136277e+00
1.000000000000000000e+00,-3.508145674979296635e-01
1.000000000000000000e+00,4.635822840573644021e-01
1.000000000000000000e+00,2.217562395230566530e+00
1.000000000000000000e+00,-1.265252406442312072e-01
1.000000000000000000e+00,7.549913186634006346e-01
1.000000000000000000e+00,1.561599216231878806e+00
1.000000000000000000e+00,4.582013962131418761e-01
1.000000000000000000e+00,1.509719046503393836e+00
1.000000000000000000e+00,7.495105311197195475e-01
1.000000000000000000e+00,1.954953982398406065e-01
1.000000000000000000e+00,3.693000309564183070e-02
1.000000000000000000e+00,2.467403186697525452e-01
1.000000000000000000e+00,1.183963045066583897e+00
1.000000000000000000e+00,2.803396490400623109e-01
1.000000000000000000e+00,1.216403861180269663e+00
1.000000000000000000e+00,7.777354187877073555e-01
1.000000000000000000e+00,4.550799334264313267e-01
1.000000000000000000e+00,8.357400846071909584e-01
1.000000000000000000e+00,1.820806410165813349e-01
1.000000000000000000e+00,7.727581579550069080e-01
1.000000000000000000e+00,4.274496100987693059e-01
1.000000000000000000e+00,1.001085065757926773e-01
1.000000000000000000e+00,-3.573982799493424789e-01
1.000000000000000000e+00,2.305235360052287630e-01
1.000000000000000000e+00,1.669574678491809294e+00
1.000000000000000000e+00,2.082531538106124624e-01
1.000000000000000000e+00,1.255249537057627984e+00
1.000000000000000000e+00,4.063756073694427817e-01
1.000000000000000000e+00,-1.355822762999804587e-01
1.000000000000000000e+00,5.944766709156539264e-01
1.000000000000000000e+00,1.526989609868657727e+00
1.000000000000000000e+00,-5.412991250832382972e-01
1.000000000000000000e+00,-8.869145204525948067e-02
1.000000000000000000e+00,-1.935096004166574069e-01
1.000000000000000000e+00,7.665466524483509625e-01
1.000000000000000000e+00,-6.764521394523169695e-01
1.000000000000000000e+00,5.111264845722537364e-01
1.000000000000000000e+00,8.043486181591886774e-01
1.000000000000000000e+00,5.781951363806507593e-02
1.000000000000000000e+00,8.618501600890604575e-01
1.000000000000000000e+00,-1.699816099086960963e-01
1.000000000000000000e+00,1.259048142565265094e+00
1.000000000000000000e+00,-1.072639340744346581e-01
1.000000000000000000e+00,3.150507663882171072e-01
1.000000000000000000e+00,3.857306093978716821e-01
1.000000000000000000e+00,-3.677019453715846264e-02
1.000000000000000000e+00,2.151474415373580695e-01
1.000000000000000000e+00,7.857946659129776412e-01
1.000000000000000000e+00,5.737265365668301476e-01
1.000000000000000000e+00,8.222854480684220757e-01
1.000000000000000000e+00,7.318665523455925026e-01
1.000000000000000000e+00,-3.234299652052262108e-01
1.000000000000000000e+00,6.687665990323546916e-01
1.000000000000000000e+00,6.150922629273037900e-01
1.000000000000000000e+00,2.865596137954627975e-01
1.000000000000000000e+00,1.483647641872927636e+00
1.000000000000000000e+00,-4.365647635565476081e-01
1.000000000000000000e+00,6.256152679139545536e-02
1.000000000000000000e+00,1.406108959416980442e+00
1.000000000000000000e+00,3.077785011341515720e+00
1.000000000000000000e+00,2.118416777374390936e+00
1.000000000000000000e+00,-6.400789811365575899e-01
1.000000000000000000e+00,1.007781868644072931e+00
1.000000000000000000e+00,7.765527352489562940e-01
1.000000000000000000e+00,1.016638702079536438e+00
1.000000000000000000e+00,1.052770570395394012e+00
1.000000000000000000e+00,2.508782909436011899e+00
1.000000000000000000e+00,-6.256358209587916663e-01
1.000000000000000000e+00,6.316075362260968884e-01
1.000000000000000000e+00,6.086422871703274229e-01
1.000000000000000000e+00,8.206258240290301709e-01
1.000000000000000000e+00,1.300010241914216769e+00
1.000000000000000000e+00,-1.407126092528190320e-01
1.000000000000000000e+00,9.719259329658328506e-01
1.000000000000000000e+00,1.534502631217856239e+00
1.000000000000000000e+00,1.406417923406838133e+00
1.000000000000000000e+00,6.766703571092740344e-01
1.000000000000000000e+00,1.348752433179871035e+00
1.000000000000000000e+00,-3.265187994610652678e-01
1.000000000000000000e+00,1.666619580930406519e+00
1.000000000000000000e+00,2.148296154773871591e-01
1.000000000000000000e+00,1.369502567528694925e+00
1.000000000000000000e+00,-3.143241881638540458e-01
1.000000000000000000e+00,1.174684457658003334e+00
1.000000000000000000e+00,1.931880374394433775e-01
1.000000000000000000e+00,7.834538709389712308e-01
1.000000000000000000e+00,1.138065495912023162e-02
1.000000000000000000e+00,6.081806538817003949e-01
1.000000000000000000e+00,1.323659078832813529e+00
1.000000000000000000e+00,1.539656730631453030e+00
1.000000000000000000e+00,5.803029982336047610e-01
1.000000000000000000e+00,1.151727667850978243e+00
1.000000000000000000e+00,4.243012606502451212e-02
1.000000000000000000e+00,-1.067306491012904424e+00
1.000000000000000000e+00,1.730997385995323712e-01
1.000000000000000000e+00,1.701986491466942475e+00
1.000000000000000000e+00,2.324185183334118943e+00
1.000000000000000000e+00,1.351696251742947608e+00
1.000000000000000000e+00,1.516656135665125638e-01
1.000000000000000000e+00,1.519642953744767100e+00
1.000000000000000000e+00,6.609897296866023009e-01
1.000000000000000000e+00,5.744939112743644438e-01
1.000000000000000000e+00,1.826526473602552436e-01
1.000000000000000000e+00,1.212993275020666784e-01
1.000000000000000000e+00,5.863715021543423056e-01
1.000000000000000000e+00,1.111829822558355163e+00
1.000000000000000000e+00,5.342846850636708833e-01
1.000000000000000000e+00,-1.826390629586406300e-01
1.000000000000000000e+00,1.472059781927000655e-01
1.000000000000000000e+00,4.203321593337171480e-01
1.000000000000000000e+00,9.479882731258177930e-01
1.000000000000000000e+00,3.973395184248703638e-01
1.000000000000000000e+00,-1.900034432227576675e-01
1.000000000000000000e+00,-5.003672373369455473e-01
1.000000000000000000e+00,5.610631435662487287e-02
1.000000000000000000e+00,-1.320801978388949527e+00
1.000000000000000000e+00,1.309149453129198060e+00
1.000000000000000000e+00,5.303152832956691265e-01
1.000000000000000000e+00,1.974035630637724914e-01
1.000000000000000000e+00,5.838079469633982166e-01
1.000000000000000000e+00,1.568410925578023640e+00
1.000000000000000000e+00,1.041520575207982136e+00
1.000000000000000000e+00,2.425622554327203917e-01
1.000000000000000000e+00,-1.991050896805470621e-02
1.000000000000000000e+00,1.377498168877697049e+00
1.000000000000000000e+00,-3.660661901628459725e-01
1.000000000000000000e+00,1.125996647277134999e+00
1.000000000000000000e+00,6.304889012849824725e-01
1.000000000000000000e+00,1.415532159696954784e+00
1.000000000000000000e+00,3.697039584194141693e-01
1.000000000000000000e+00,-4.413502814177066580e-01
1.000000000000000000e+00,1.459789337842563040e+00
1.000000000000000000e+00,5.168481592944678127e-01
1.000000000000000000e+00,-3.394618528614779529e-01
1.000000000000000000e+00,8.565490308758573201e-01
1.000000000000000000e+00,4.728934999968166242e-01
1.000000000000000000e+00,5.298407597232410726e-01
1.000000000000000000e+00,4.771340005460103506e-01
1.000000000000000000e+00,1.144003165283167922e+00
1.000000000000000000e+00,1.015378274016609961e+00
1.000000000000000000e+00,1.306523057804723553e+00
1.000000000000000000e+00,8.136711130969669359e-01
1.000000000000000000e+00,-1.615137995455835640e-02
1.000000000000000000e+00,1.836407681778834677e-01
1.000000000000000000e+00,4.990080065137427745e-01
1.000000000000000000e+00,1.459097290730991370e+00
1.000000000000000000e+00,-4.625717167680082897e-01
1.000000000000000000e+00,3.102958629510856325e-01
1.000000000000000000e+00,-3.139604404678417171e-01
1.000000000000000000e+00,6.600942577837946024e-01
1.000000000000000000e+00,2.242814160745451590e-01
1.000000000000000000e+00,1.273094223243304568e-01
1.000000000000000000e+00,1.072231676364107544e+00
1.000000000000000000e+00,-6.430022558098262841e-01
1.000000000000000000e+00,1.353368465614666893e-01
1.000000000000000000e+00,5.505248313675842331e-01
1.000000000000000000e+00,2.683097916826839291e-01
1.000000000000000000e+00,2.718767749032701131e-01
1.000000000000000000e+00,8.969117320280577399e-01
1.000000000000000000e+00,2.373183268538846258e-01
1.000000000000000000e+00,3.050350158747608953e-01
1.000000000000000000e+00,6.792447884771753985e-01
1.000000000000000000e+00,6.022805292931148191e-01
1.000000000000000000e+00,-2.897460423474716995e-01
1.000000000000000000e+00,4.532201071667535941e-01
1.000000000000000000e+00,1.068298931340665003e+00
1.000000000000000000e+00,4.499408407733743870e-02
1.000000000000000000e+00,5.344729050127881853e-02
1.000000000000000000e+00,1.165734272034876784e-01
1.000000000000000000e+00,6.754316814002618852e-01
1.000000000000000000e+00,1.950551144837592288e-01
1.000000000000000000e+00,7.742510139477219999e-01
1.000000000000000000e+00,2.973561344915181398e-02
1.000000000000000000e+00,-8.039363229977397260e-03
1.000000000000000000e+00,1.519726740589474323e+00
1.000000000000000000e+00,5.062301908346789059e-01
1.000000000000000000e+00,-8.423785899197876181e-02
1.000000000000000000e+00,1.694379612738817098e+00
1.000000000000000000e+00,2.241983037891754460e+00
1.000000000000000000e+00,1.083518430665973559e-01
1.000000000000000000e+00,6.559093465834930914e-01
1.000000000000000000e+00,1.032223157564963606e-01
1.000000000000000000e+00,8.007876772591342451e-01
1.000000000000000000e+00,1.625047610029115353e+00
1.000000000000000000e+00,1.386531438072688083e+00
1.000000000000000000e+00,4.348478273578642583e-01
1.000000000000000000e+00,-1.317562789392658917e-01
1.000000000000000000e+00,2.075639264486222879e-01
1.000000000000000000e+00,1.045081918929405385e+00
1.000000000000000000e+00,-2.646655782842152194e-01
1.000000000000000000e+00,-5.728835429668883705e-01
1.000000000000000000e+00,4.936428287029028805e-01
1.000000000000000000e+00,1.309247741543181576e+00
1.000000000000000000e+00,9.399279015964520255e-04
1.000000000000000000e+00,4.550799334264313267e-01
1.000000000000000000e+00,6.687665990323546916e-01
1.000000000000000000e+00,6.571427856147109559e-01
1.000000000000000000e+00,3.347624272483146757e-01
1.000000000000000000e+00,-8.337216582531362663e-01
1.000000000000000000e+00,1.052770570395394012e+00
1.000000000000000000e+00,1.075456664242595783e+00
1.000000000000000000e+00,1.272096735164299330e+00
1.000000000000000000e+00,7.950523066103815095e-01
1.000000000000000000e+00,1.675264127504520584e+00
1.000000000000000000e+00,-3.326851889744174007e-01
1.000000000000000000e+00,4.670695086469312529e-01
1.000000000000000000e+00,3.742465749951962573e-01
1.000000000000000000e+00,2.071237533019620436e+00
1.000000000000000000e+00,6.427512889420443354e-02
1.000000000000000000e+00,3.104175150044585219e-01
1.000000000000000000e+00,1.152614277683672750e+00
1.000000000000000000e+00,3.694058706065136977e-01
1.000000000000000000e+00,-9.412507944364534307e-01
1.000000000000000000e+00,1.048972770530494314e+00
1.000000000000000000e+00,1.073058668634222057e+00
1.000000000000000000e+00,-4.075535685766925598e-01
1.000000000000000000e+00,4.618361557935787842e-02
1.000000000000000000e+00,-5.342602244850991333e-01
1.000000000000000000e+00,1.339938401179393834e-01
1.000000000000000000e+00,1.387388641945461298e+00
1.000000000000000000e+00,1.717525728589170742e+00
1.000000000000000000e+00,-1.013832759949508056e+00
1.000000000000000000e+00,1.239682102439584543e+00
1.000000000000000000e+00,1.168156334555482623e+00
1.000000000000000000e+00,-6.714136497715612606e-01
1.000000000000000000e+00,3.390903400345346430e-01
1.000000000000000000e+00,-6.567420898776945570e-01
1.000000000000000000e+00,1.211940197592769275e+00
1.000000000000000000e+00,-1.643678913133162223e-01
1.000000000000000000e+00,2.104751164808274233e-01
1.000000000000000000e+00,1.205387502386752852e+00
1.000000000000000000e+00,1.415205573936765548e-01
1.000000000000000000e+00,1.857238680852889123e+00
1.000000000000000000e+00,3.918373813486437651e-01
1.000000000000000000e+00,4.374375659377793824e-01
1.000000000000000000e+00,1.506094459827071574e+00
1.000000000000000000e+00,2.336300944012943137e-01
1.000000000000000000e+00,8.918808959533088832e-01
1.000000000000000000e+00,-2.264338021728844463e-01
1.000000000000000000e+00,-4.434667048893001229e-01
1.000000000000000000e+00,5.430931799348801547e-01
1.000000000000000000e+00,-2.756154715518824849e-01
1.000000000000000000e+00,5.879259898164814757e-01
1.000000000000000000e+00,-1.041896013878718386e-01
1.000000000000000000e+00,1.648153143291116729e-01
1.000000000000000000e+00,8.937721422797518800e-01
1.000000000000000000e+00,2.688109014654517792e-01
1.000000000000000000e+00,5.894784633717766731e-01
1.000000000000000000e+00,1.401977623458727340e+00
1.000000000000000000e+00,9.644604445381509406e-01
1.000000000000000000e+00,4.382718089925319860e-01
1.000000000000000000e+00,5.598340332001925379e-01
1.000000000000000000e+00,4.604354435244203958e-01
1.000000000000000000e+00,3.387962804353220059e-01
1.000000000000000000e+00,2.296896957718449761e-01
1.000000000000000000e+00,1.280312276980657860e+00
1.000000000000000000e+00,1.170754532384142399e+00
1.000000000000000000e+00,4.491101207410460039e-01
1.000000000000000000e+00,-1.669681032488197492e-01
1.000000000000000000e+00,-1.050206723908005069e+00
1.000000000000000000e+00,-9.285466141077298730e-01
1.000000000000000000e+00,-1.217715156260587017e+00
1.000000000000000000e+00,2.332788341677143051e-01
1.000000000000000000e+00,-6.032099497158245338e-01
1.000000000000000000e+00,4.550799334264313267e-01
1.000000000000000000e+00,3.402807795491875897e-02
1.000000000000000000e+00,-4.500829435016895363e-02
1.000000000000000000e+00,5.917028429702043679e-01
1.000000000000000000e+00,4.922253003061504706e-01
1.000000000000000000e+00,-3.163677009676975072e-01
1.000000000000000000e+00,6.980646028267841752e-01
1.000000000000000000e+00,5.849111922972365790e-03
1.000000000000000000e+00,2.267603787780445579e-01
1.000000000000000000e+00,4.412828987241956269e-01
1.000000000000000000e+00,-1.457226296997911730e+00
1.000000000000000000e+00,-3.358892301417287785e-01
1.000000000000000000e+00,3.900706068251552083e-01
1.000000000000000000e+00,2.160925710779475040e+00
1.000000000000000000e+00,5.853096650262266110e-01
1.000000000000000000e+00,8.447439478422607007e-01
1.000000000000000000e+00,5.276695525454929703e-01
1.000000000000000000e+00,9.100372635085297590e-01
1.000000000000000000e+00,-6.126782659891026883e-01
1.000000000000000000e+00,5.899086765936384369e-01
1.000000000000000000e+00,6.875888303101761467e-01
1.000000000000000000e+00,1.703612278511356326e+00
1.000000000000000000e+00,-1.899671892995670741e-01
1.000000000000000000e+00,-1.032974025751406844e+00
1.000000000000000000e+00,9.389832014266417115e-01
1.000000000000000000e+00,3.902675864744907797e-01
1.000000000000000000e+00,-5.070520579519232074e-01
1.000000000000000000e+00,-8.691098159523227840e-02
1.000000000000000000e+00,3.318713782845487681e-01
1.000000000000000000e+00,7.707397224459230922e-02
1.000000000000000000e+00,5.506182859251421702e-01
1.000000000000000000e+00,3.708246074673724468e-01
1.000000000000000000e+00,4.751468827337967382e-01
1.000000000000000000e+00,2.413183430459140688e-01
1.000000000000000000e+00,1.096602369175565972e+00
1.000000000000000000e+00,-9.631041541444829157e-02
1.000000000000000000e+00,-5.961298589681744003e-02
1.000000000000000000e+00,5.506754865595095971e-01
1.000000000000000000e+00,3.141911455872311021e-01
1.000000000000000000e+00,1.080287700918427518e+00
1.000000000000000000e+00,4.279422606327926704e-01
1.000000000000000000e+00,1.203014078881875060e+00
1.000000000000000000e+00,-4.059680636691569977e-01
1.000000000000000000e+00,-2.457587545189489353e-01
1.000000000000000000e+00,3.851175152745817676e-01
1.000000000000000000e+00,-7.131201630100265643e-01
1.000000000000000000e+00,9.032908112241280207e-01
1.000000000000000000e+00,-6.141960969066824205e-01
1.000000000000000000e+00,1.162219553222337609e+00
1.000000000000000000e+00,6.857041314955288069e-02
1.000000000000000000e+00,3.525010690441060524e-01
1.000000000000000000e+00,1.087624286508098503e+00
1.000000000000000000e+00,1.534502631217856239e+00
1.000000000000000000e+00,-4.354058464785547367e-01
1.000000000000000000e+00,2.180676848133713541e+00
1.000000000000000000e+00,1.155608448917847531e+00
1.000000000000000000e+00,9.169879462269052706e-01
1.000000000000000000e+00,1.381952970395084135e+00
1.000000000000000000e+00,-1.638018249202791501e-02
1.000000000000000000e+00,1.552088303263404467e-01
1.000000000000000000e+00,-3.888155269649469781e-01
1.000000000000000000e+00,6.887554009941758704e-01
1.000000000000000000e+00,2.149738255274119825e-01
1.000000000000000000e+00,6.801068262063740821e-01
1.000000000000000000e+00,1.037806965009158588e+00
1.000000000000000000e+00,-2.228857515566311231e-01
1.000000000000000000e+00,2.522791124905385263e-01
1.000000000000000000e+00,2.521759902201297088e-01
1.000000000000000000e+00,6.347136918007936224e-01
1.000000000000000000e+00,1.055793341946752228e+00
1.000000000000000000e+00,1.066870929588324302e+00
1.000000000000000000e+00,8.861805707636404295e-01
1.000000000000000000e+00,-8.970838482774528000e-01
1.000000000000000000e+00,4.426412123797367482e-01
1.000000000000000000e+00,-1.174085874259018780e-01
1.000000000000000000e+00,1.319951510954521456e+00
1.000000000000000000e+00,2.200808248860084415e+00
1.000000000000000000e+00,4.419588329810159033e-01
1.000000000000000000e+00,-6.323105710395497958e-01
1.000000000000000000e+00,-9.700513138404341928e-01
1.000000000000000000e+00,9.449389153641196692e-01
1.000000000000000000e+00,1.742657753787631769e+00
1.000000000000000000e+00,-7.183378058299963453e-02
1.000000000000000000e+00,1.432943710541293214e+00
1.000000000000000000e+00,5.610349460704338459e-02
1.000000000000000000e+00,7.873584184665988195e-01
1.000000000000000000e+00,1.026519507434449752e+00
1.000000000000000000e+00,4.762767966732370795e-01
1.000000000000000000e+00,-5.990451795839623061e-01
1.000000000000000000e+00,1.496864210982745025e+00
1.000000000000000000e+00,-6.934141416490919863e-01
1.000000000000000000e+00,-3.633721208484156917e-01
1.000000000000000000e+00,4.098399735108838871e-02
1.000000000000000000e+00,1.246405996727334431e+00
1.000000000000000000e+00,1.395398847233634831e-01
1.000000000000000000e+00,-5.070520579519232074e-01
1.000000000000000000e+00,7.044259578826279622e-01
1.000000000000000000e+00,5.665450372041411775e-01
1.000000000000000000e+00,9.782796344156697854e-01
1.000000000000000000e+00,1.642002060989778411e-01
1.000000000000000000e+00,1.805964354463055921e+00
1.000000000000000000e+00,-3.453700338774392531e-01
1.000000000000000000e+00,4.936428287029028805e-01
1.000000000000000000e+00,6.191522995032820997e-01
1.000000000000000000e+00,3.759863604869762010e-01
1.000000000000000000e+00,5.640145133654373977e-01
1.000000000000000000e+00,6.535484105410475086e-01
1.000000000000000000e+00,1.232186402409243930e+00
1.000000000000000000e+00,9.944307571970817383e-01
1.000000000000000000e+00,1.479169879537519883e+00
1.000000000000000000e+00,4.754558467236544295e-01
1.000000000000000000e+00,-7.389543058542786813e-01
1.000000000000000000e+00,2.703956007302497633e-01
1.000000000000000000e+00,4.920319460491339170e-01
1.000000000000000000e+00,9.417803930114808653e-01
1.000000000000000000e+00,3.775533356115476913e-01
1.000000000000000000e+00,2.154186509279711448e+00
1.000000000000000000e+00,1.369502567528694925e+00
1.000000000000000000e+00,-5.821065410265767737e-01
1.000000000000000000e+00,1.443422705628851554e+00
1.000000000000000000e+00,1.444657755945544464e+00
1.000000000000000000e+00,9.558965646076887646e-02
1.000000000000000000e+00,1.250248912585537830e+00
1.000000000000000000e+00,5.053046096991072045e-02
1.000000000000000000e+00,-7.429474740830388502e-01
1.000000000000000000e+00,-8.007853718558456402e-01
1.000000000000000000e+00,2.258211905197341718e+00
1.000000000000000000e+00,-1.371350503067495299e-02
1.000000000000000000e+00,1.435459329989351884e+00
1.000000000000000000e+00,2.095879727433639594e+00
1.000000000000000000e+00,4.922253003061504706e-01
1.000000000000000000e+00,-4.119942713461721695e-01
1.000000000000000000e+00,6.482377159848884407e-02
1.000000000000000000e+00,-2.990536328946049038e-01
1.000000000000000000e+00,1.329727903179657618e-02
1.000000000000000000e+00,3.010068021869165555e-01
1.000000000000000000e+00,1.389719065933774367e-01
1.000000000000000000e+00,3.775565581824979478e-01
1.000000000000000000e+00,7.122982958927822628e-01
1.000000000000000000e+00,6.897116989236701246e-01
1.000000000000000000e+00,7.509191974463587105e-01
1.000000000000000000e+00,1.742657753787631769e+00
1.000000000000000000e+00,2.705369910306930636e-01
1.000000000000000000e+00,9.003502152320016494e-01
1.000000000000000000e+00,9.697168605794190821e-01
1.000000000000000000e+00,3.026825390810597982e-01
1.000000000000000000e+00,9.815944514593969439e-01
1.000000000000000000e+00,3.539133607630642886e-01
1.000000000000000000e+00,1.171602874186802312e+00
1.000000000000000000e+00,1.984275349832225199e-01
1.000000000000000000e+00,6.849874099105662806e-01
1.000000000000000000e+00,3.343878033753451273e-01
1.000000000000000000e+00,2.711375976915506580e-01
1.000000000000000000e+00,-2.106407875883218594e-01
1.000000000000000000e+00,-2.134379791731609854e-01
1.000000000000000000e+00,5.063836657761857651e-01
1.000000000000000000e+00,1.072231676364107544e+00
1.000000000000000000e+00,5.947614656233844999e-01
1.000000000000000000e+00,-1.465297526394350458e-01
1.000000000000000000e+00,-1.329409062575766631e+00
1.000000000000000000e+00,1.097596532313725781e+00
1.000000000000000000e+00,7.421356775000141903e-01
1.000000000000000000e+00,3.945636763725767771e-01
1.000000000000000000e+00,9.091139969312758140e-01
1.000000000000000000e+00,6.940867418100379327e-01
1.000000000000000000e+00,-2.131302236474096889e-01
1.000000000000000000e+00,7.063055223893761614e-01
1.000000000000000000e+00,5.612596180243206723e-01
1.000000000000000000e+00,2.481066887526693632e-01
1.000000000000000000e+00,5.678869375534571079e-02
1.000000000000000000e+00,-1.307766173703821533e-01
1.000000000000000000e+00,1.051288692949530895e-01
1.000000000000000000e+00,2.858156027273179300e-01
1.000000000000000000e+00,6.457880568714153835e-01
1.000000000000000000e+00,1.161081180034152949e+00
1.000000000000000000e+00,2.059422782273172992e+00
1.000000000000000000e+00,6.761809291462009819e-01
1.000000000000000000e+00,2.435193590049522239e-01
1.000000000000000000e+00,5.568019967573520912e-01
1.000000000000000000e+00,-4.566663555016284848e-01
1.000000000000000000e+00,1.281938064025071933e+00
1.000000000000000000e+00,8.565490308758573201e-01
1.000000000000000000e+00,2.509993490019103990e-01
1.000000000000000000e+00,-1.467835301017692551e-01
1.000000000000000000e+00,1.478965649103546109e+00
1.000000000000000000e+00,4.797700635833356819e-01
1.000000000000000000e+00,-4.127373744016845508e-02
1.000000000000000000e+00,-5.356241776398031895e-01
1.000000000000000000e+00,1.150735115998293479e+00
1.000000000000000000e+00,1.222131175401646841e+00
1.000000000000000000e+00,1.244613038814874839e+00
1.000000000000000000e+00,6.498621921953010583e-01
1.000000000000000000e+00,1.154472895479244254e+00
1.000000000000000000e+00,-2.281949371972099849e-01
1.000000000000000000e+00,-8.761451935280377690e-01
1.000000000000000000e+00,1.184273217520547927e+00
1.000000000000000000e+00,6.196844265314463973e-01
1.000000000000000000e+00,3.284284640455482074e-01
1.000000000000000000e+00,1.793214170103028804e-02
1.000000000000000000e+00,1.008112182166476245e+00
1.000000000000000000e+00,1.347921009874699871e+00
1.000000000000000000e+00,1.165209293421455738e+00
1.000000000000000000e+00,9.570718949919068130e-01
1.000000000000000000e+00,6.463459644671817328e-01
1.000000000000000000e+00,3.303652291866637780e-01
1.000000000000000000e+00,1.248183647427780096e+00
1.000000000000000000e+00,9.624262989956844372e-02
1.000000000000000000e+00,-1.903195556273585415e-02
1.000000000000000000e+00,8.969117320280577399e-01
1.000000000000000000e+00,6.428966050862806592e-01
1.000000000000000000e+00,-9.631041541444829157e-02
1.000000000000000000e+00,6.584406760649343937e-01
1.000000000000000000e+00,5.740584613747085063e-01
1.000000000000000000e+00,5.581985784429277508e-01
1.000000000000000000e+00,3.417827980634898233e-01
1.000000000000000000e+00,-5.262142704649988012e-01
1.000000000000000000e+00,1.417707797909759426e+00
1.000000000000000000e+00,1.649470669618515517e+00
1.000000000000000000e+00,7.215909820492704130e-01
1.000000000000000000e+00,7.374444198391506555e-01
1.000000000000000000e+00,-3.312068345509784906e-01
1.000000000000000000e+00,1.300391310929086774e+00
1.000000000000000000e+00,4.959497866819313483e-01
1.000000000000000000e+00,-6.110677861567025415e-01
1.000000000000000000e+00,6.029767069882692454e-02
1.000000000000000000e+00,-8.593833935515486910e-01
1.000000000000000000e+00,2.079539599035005668e-02
1.000000000000000000e+00,1.296276893468322644e+00
1.000000000000000000e+00,-1.669681032488197492e-01
1.000000000000000000e+00,-1.421148406745471382e+00
1.000000000000000000e+00,1.106118621191729323e+00
1.000000000000000000e+00,-8.226040889261596045e-02
1.000000000000000000e+00,6.705470694823818523e-01
1.000000000000000000e+00,1.310423174297294491e+00
1.000000000000000000e+00,-5.011370289726925220e-01
1.000000000000000000e+00,8.899485618472500192e-01
1.000000000000000000e+00,2.006105263505603142e-02
1.000000000000000000e+00,6.023973474900623515e-01
1.000000000000000000e+00,-1.429587412051610273e-01
1.000000000000000000e+00,2.175913587817732420e-01
1.000000000000000000e+00,-2.559988765348180650e-01
1.000000000000000000e+00,7.237670230834438723e-01
1.000000000000000000e+00,-1.006333434526848203e+00
1.000000000000000000e+00,1.049357867759052265e+00
1.000000000000000000e+00,2.695453471906407092e-02
1.000000000000000000e+00,8.710369042255583505e-01
1.000000000000000000e+00,4.489574514422766671e-01
1.000000000000000000e+00,1.273094223243304568e-01
1.000000000000000000e+00,9.268139678756639466e-01
1.000000000000000000e+00,-7.117167333611815749e-01
1.000000000000000000e+00,6.853773409955495888e-01
1.000000000000000000e+00,9.026048064330881582e-01
1.000000000000000000e+00,6.609035259136825102e-01
1.000000000000000000e+00,5.845696821717695224e-01
1.000000000000000000e+00,4.780363204120874898e-01
1.000000000000000000e+00,8.571290936469069255e-01
1.000000000000000000e+00,-3.118093743585327871e-01
1.000000000000000000e+00,-7.664005398164062122e-01
1.000000000000000000e+00,-1.446068950725320601e+00
1.000000000000000000e+00,5.036444804684516718e-01
1.000000000000000000e+00,1.450913168981398105e+00
1.000000000000000000e+00,1.098018689108211987e+00
1.000000000000000000e+00,6.284747944410602472e-01
1.000000000000000000e+00,3.982317677567278613e-01
1.000000000000000000e+00,1.011364964719410509e+00
1.000000000000000000e+00,9.799235484216790582e-01
1.000000000000000000e+00,-2.036590876245500392e-01
1.000000000000000000e+00,1.356153067367178666e+00
1.000000000000000000e+00,6.825156979917049727e-01
1.000000000000000000e+00,-1.430645808552564145e-02
1.000000000000000000e+00,-7.352648649375821410e-01
1.000000000000000000e+00,1.346909525417682163e+00
1.000000000000000000e+00,2.439599144990022506e+00
1.000000000000000000e+00,1.244325021536194065e+00
1.000000000000000000e+00,8.244801212554545011e-02
1.000000000000000000e+00,-3.819627298391861658e-01
1.000000000000000000e+00,7.374444198391506555e-01
1.000000000000000000e+00,9.632334506488335890e-01
1.000000000000000000e+00,-1.882987031900619501e-01
1.000000000000000000e+00,6.870796641000326277e-01
1.000000000000000000e+00,-1.422828069483407509e-01
1.000000000000000000e+00,6.920972070696116418e-01
1.000000000000000000e+00,-1.129375706838684976e-02
1.000000000000000000e+00,1.525023841588989626e+00
1.000000000000000000e+00,-7.150267165484832654e-01
1.000000000000000000e+00,-2.163157350317569949e-01
1.000000000000000000e+00,-2.557136790057186748e-01
1.000000000000000000e+00,5.183526971068777023e-01
1.000000000000000000e+00,1.082869383070967029e+00
1.000000000000000000e+00,-2.020832504298653298e-01
1.000000000000000000e+00,7.398162320585534024e-01
1.000000000000000000e+00,1.660530533119860985e+00
1.000000000000000000e+00,1.114327315044818523e+00
1.000000000000000000e+00,-7.409776775896829148e-01
1.000000000000000000e+00,4.411620523135602601e-01
1.000000000000000000e+00,7.324663533637125745e-01
1.000000000000000000e+00,8.235007601380446296e-01
1.000000000000000000e+00,-1.955100113340409174e-01
1.000000000000000000e+00,1.028780140956068179e+00
1.000000000000000000e+00,1.017431556903199141e-01
1.000000000000000000e+00,8.752254408181788792e-01
1.000000000000000000e+00,1.154442683876585329e+00
1.000000000000000000e+00,1.619216367894591890e+00
1.000000000000000000e+00,1.863228634606713729e+00
1.000000000000000000e+00,4.153170332923509234e-01
1.000000000000000000e+00,-4.874858156059568293e-01
1.000000000000000000e+00,-8.914942989641999604e-01
1.000000000000000000e+00,1.075087277047420464e+00
1.000000000000000000e+00,9.554263697004223843e-01
1.000000000000000000e+00,8.205118255816641337e-01
1.000000000000000000e+00,-9.028099540347235274e-01
1.000000000000000000e+00,1.368486351585146699e-01
1.000000000000000000e+00,1.719348092461551625e+00
1.000000000000000000e+00,2.957556228234426432e-01
1.000000000000000000e+00,1.114328120687556156e+00
1.000000000000000000e+00,4.125109796373985227e-01
1.000000000000000000e+00,1.077940863623889411e+00
1.000000000000000000e+00,5.344729050127881853e-02
1.000000000000000000e+00,1.298527053634352502e+00
1.000000000000000000e+00,-8.449785014038172504e-01
1.000000000000000000e+00,2.309416645860269957e-01
1.000000000000000000e+00,-2.232253299705164173e-01
1.000000000000000000e+00,1.421606705938224025e+00
1.000000000000000000e+00,1.097251717222046397e+00
1.000000000000000000e+00,7.002487002883334144e-01
1.000000000000000000e+00,9.078910312556462969e-01
1.000000000000000000e+00,3.557776180577986724e-01
1.000000000000000000e+00,2.731492876072601494e-01
1.000000000000000000e+00,1.575399575874959768e-01
1.000000000000000000e+00,9.755231277890779040e-01
1.000000000000000000e+00,3.860625342057500964e-01
1.000000000000000000e+00,-6.942230069576110774e-01
1.000000000000000000e+00,1.817883033122649872e+00
1.000000000000000000e+00,-7.893834106425072494e-02
1.000000000000000000e+00,-9.778015969758466763e-01
1.000000000000000000e+00,1.854943404693555564e+00
1.000000000000000000e+00,7.046962510210823538e-01
1.000000000000000000e+00,7.587557867245861565e-02
1.000000000000000000e+00,8.003441709321026387e-01
1.000000000000000000e+00,4.983304609714473421e-01
1.000000000000000000e+00,8.782715760089268020e-01
1.000000000000000000e+00,-3.533128656271307677e-01
1.000000000000000000e+00,8.704536188835584332e-01
1.000000000000000000e+00,1.597522825900074883e+00
1.000000000000000000e+00,-7.396250034333048395e-01
1.000000000000000000e+00,-2.988033784546948249e-02
1.000000000000000000e+00,-1.577438263977406940e+00
1.000000000000000000e+00,4.048090350662401082e-01
1.000000000000000000e+00,1.153836840537933561e+00
1.000000000000000000e+00,3.693406135447706018e-01
1.000000000000000000e+00,-2.301228402682123086e-01
1.000000000000000000e+00,1.243826328681638893e+00
1.000000000000000000e+00,1.416313332700922800e-01
1.000000000000000000e+00,1.267880403897232666e+00
1.000000000000000000e+00,1.568225627748382811e+00
1.000000000000000000e+00,1.269314447970105286e+00
1.000000000000000000e+00,6.649591314546041687e-01
