label,score
0.000000000000000000e+00,3.391443789005279541e-01
0.000000000000000000e+00,3.622354567050933838e-01
0.000000000000000000e+00,1.881692260503768921e-01
0.000000000000000000e+00,2.630361616611480713e-01
0.000000000000000000e+00,2.374625951051712036e-01
0.000000000000000000e+00,1.517225354909896851e-01
0.000000000000000000e+00,2.093422412872314453e-01
0.000000000000000000e+00,1.467474550008773804e-01
0.000000000000000000e+00,1.743317693471908569e-01
0.000000000000000000e+00,1.658740937709808350e-01
0.000000000000000000e+00,1.764455437660217285e-01
0.000000000000000000e+00,1.643472909927368164e-01
0.000000000000000000e+00,2.608832120895385742e-01
0.000000000000000000e+00,2.151690125465393066e-01
0.000000000000000000e+00,2.134127467870712280e-01
0.000000000000000000e+00,1.276820898056030273e-01
0.000000000000000000e+00,1.680235713720321655e-01
0.000000000000000000e+00,1.901387721300125122e-01
0.000000000000000000e+00,1.670064032077789307e-01
0.000000000000000000e+00,1.482853740453720093e-01
0.000000000000000000e+00,1.890300363302230835e-01
0.000000000000000000e+00,1.656733006238937378e-01
0.000000000000000000e+00,1.737594604492187500e-01
0.000000000000000000e+00,2.038610130548477173e-01
0.000000000000000000e+00,1.923125833272933960e-01
0.000000000000000000e+00,1.778877675533294678e-01
0.000000000000000000e+00,1.908284127712249756e-01
0.000000000000000000e+00,1.821875721216201782e-01
0.000000000000000000e+00,1.730996072292327881e-01
0.000000000000000000e+00,1.820862591266632080e-01
0.000000000000000000e+00,1.785766184329986572e-01
0.000000000000000000e+00,2.888311743736267090e-01
0.000000000000000000e+00,1.771150827407836914e-01
0.000000000000000000e+00,1.771379560232162476e-01
0.000000000000000000e+00,2.172063887119293213e-01
0.000000000000000000e+00,1.594116687774658203e-01
0.000000000000000000e+00,1.765162497758865356e-01
0.000000000000000000e+00,1.612709164619445801e-01
0.000000000000000000e+00,2.102357745170593262e-01
0.000000000000000000e+00,1.775950193405151367e-01
0.000000000000000000e+00,1.577540189027786255e-01
0.000000000000000000e+00,1.325875818729400635e-01
0.000000000000000000e+00,1.775140762329101562e-01
0.000000000000000000e+00,2.404201775789260864e-01
0.000000000000000000e+00,1.437444984912872314e-01
0.000000000000000000e+00,2.019238770008087158e-01
0.000000000000000000e+00,1.806252151727676392e-01
0.000000000000000000e+00,1.649805009365081787e-01
0.000000000000000000e+00,1.705650538206100464e-01
0.000000000000000000e+00,1.675381809473037720e-01
0.000000000000000000e+00,1.638518571853637695e-01
0.000000000000000000e+00,1.711437106132507324e-01
0.000000000000000000e+00,1.818729341030120850e-01
0.000000000000000000e+00,2.203761339187622070e-01
0.000000000000000000e+00,1.823761463165283203e-01
0.000000000000000000e+00,2.049368768930435181e-01
0.000000000000000000e+00,2.043053954839706421e-01
0.000000000000000000e+00,2.569704651832580566e-01
0.000000000000000000e+00,1.660294979810714722e-01
0.000000000000000000e+00,1.365571916103363037e-01
0.000000000000000000e+00,1.849831789731979370e-01
0.000000000000000000e+00,1.814508289098739624e-01
0.000000000000000000e+00,1.844519972801208496e-01
0.000000000000000000e+00,1.860779076814651489e-01
0.000000000000000000e+00,1.396421939134597778e-01
0.000000000000000000e+00,1.664114296436309814e-01
0.000000000000000000e+00,1.481186449527740479e-01
0.000000000000000000e+00,2.080865651369094849e-01
0.000000000000000000e+00,2.062637507915496826e-01
0.000000000000000000e+00,1.638341844081878662e-01
0.000000000000000000e+00,1.430042535066604614e-01
0.000000000000000000e+00,1.753154695034027100e-01
0.000000000000000000e+00,1.677225083112716675e-01
0.000000000000000000e+00,1.596310287714004517e-01
0.000000000000000000e+00,2.143684178590774536e-01
0.000000000000000000e+00,1.796332597732543945e-01
0.000000000000000000e+00,1.777503788471221924e-01
0.000000000000000000e+00,1.692706495523452759e-01
0.000000000000000000e+00,1.534136235713958740e-01
0.000000000000000000e+00,3.017181158065795898e-01
0.000000000000000000e+00,1.672963500022888184e-01
0.000000000000000000e+00,1.733671724796295166e-01
0.000000000000000000e+00,2.318340688943862915e-01
0.000000000000000000e+00,1.916520595550537109e-01
0.000000000000000000e+00,2.211628109216690063e-01
0.000000000000000000e+00,1.605486869812011719e-01
0.000000000000000000e+00,1.669612973928451538e-01
0.000000000000000000e+00,1.842434853315353394e-01
0.000000000000000000e+00,1.857949644327163696e-01
0.000000000000000000e+00,1.753627806901931763e-01
0.000000000000000000e+00,1.813871264457702637e-01
0.000000000000000000e+00,1.390556097030639648e-01
0.000000000000000000e+00,1.665031015872955322e-01
0.000000000000000000e+00,1.731541901826858521e-01
0.000000000000000000e+00,1.741525977849960327e-01
0.000000000000000000e+00,1.897222995758056641e-01
0.000000000000000000e+00,1.784826815128326416e-01
0.000000000000000000e+00,1.512717753648757935e-01
0.000000000000000000e+00,1.838025003671646118e-01
0.000000000000000000e+00,1.797371357679367065e-01
0.000000000000000000e+00,1.791697591543197632e-01
0.000000000000000000e+00,1.785093247890472412e-01
0.000000000000000000e+00,2.122635245323181152e-01
0.000000000000000000e+00,2.320875674486160278e-01
0.000000000000000000e+00,1.879543066024780273e-01
0.000000000000000000e+00,1.860106736421585083e-01
0.000000000000000000e+00,1.643021255731582642e-01
0.000000000000000000e+00,1.509838253259658813e-01
0.000000000000000000e+00,1.719560921192169189e-01
0.000000000000000000e+00,1.538080573081970215e-01
0.000000000000000000e+00,1.881725192070007324e-01
0.000000000000000000e+00,1.552915573120117188e-01
0.000000000000000000e+00,2.237210720777511597e-01
0.000000000000000000e+00,1.774686127901077271e-01
0.000000000000000000e+00,1.733255237340927124e-01
0.000000000000000000e+00,2.254588603973388672e-01
0.000000000000000000e+00,1.817922592163085938e-01
0.000000000000000000e+00,1.811877042055130005e-01
0.000000000000000000e+00,1.691975295543670654e-01
0.000000000000000000e+00,1.965354532003402710e-01
0.000000000000000000e+00,2.001833319664001465e-01
0.000000000000000000e+00,2.274588346481323242e-01
0.000000000000000000e+00,2.037281841039657593e-01
0.000000000000000000e+00,2.299667000770568848e-01
0.000000000000000000e+00,2.380598187446594238e-01
0.000000000000000000e+00,1.933290064334869385e-01
0.000000000000000000e+00,1.885402202606201172e-01
0.000000000000000000e+00,1.755456030368804932e-01
0.000000000000000000e+00,2.161803245544433594e-01
0.000000000000000000e+00,1.542638242244720459e-01
0.000000000000000000e+00,1.584059298038482666e-01
0.000000000000000000e+00,1.728159934282302856e-01
0.000000000000000000e+00,1.710936725139617920e-01
0.000000000000000000e+00,1.569368988275527954e-01
0.000000000000000000e+00,1.995117664337158203e-01
0.000000000000000000e+00,1.907872259616851807e-01
0.000000000000000000e+00,1.678163856267929077e-01
0.000000000000000000e+00,1.752836257219314575e-01
0.000000000000000000e+00,1.651433408260345459e-01
0.000000000000000000e+00,1.791371405124664307e-01
0.000000000000000000e+00,2.006019949913024902e-01
0.000000000000000000e+00,1.731487512588500977e-01
0.000000000000000000e+00,2.018804550170898438e-01
0.000000000000000000e+00,1.531603932380676270e-01
0.000000000000000000e+00,1.573088169097900391e-01
0.000000000000000000e+00,2.297080159187316895e-01
0.000000000000000000e+00,1.670492440462112427e-01
0.000000000000000000e+00,1.815428733825683594e-01
0.000000000000000000e+00,1.679434776306152344e-01
0.000000000000000000e+00,1.629206091165542603e-01
0.000000000000000000e+00,1.709223985671997070e-01
0.000000000000000000e+00,1.602479219436645508e-01
0.000000000000000000e+00,1.880819797515869141e-01
0.000000000000000000e+00,1.930896639823913574e-01
0.000000000000000000e+00,1.651378124952316284e-01
0.000000000000000000e+00,1.673674881458282471e-01
0.000000000000000000e+00,1.745161563158035278e-01
0.000000000000000000e+00,1.904347240924835205e-01
0.000000000000000000e+00,1.801569461822509766e-01
0.000000000000000000e+00,1.792896538972854614e-01
0.000000000000000000e+00,2.360555231571197510e-01
0.000000000000000000e+00,1.652940511703491211e-01
0.000000000000000000e+00,1.758564114570617676e-01
0.000000000000000000e+00,1.515451818704605103e-01
0.000000000000000000e+00,2.440341264009475708e-01
0.000000000000000000e+00,2.361684739589691162e-01
0.000000000000000000e+00,2.129498869180679321e-01
0.000000000000000000e+00,2.571498155593872070e-01
0.000000000000000000e+00,1.979352086782455444e-01
0.000000000000000000e+00,2.731112837791442871e-01
0.000000000000000000e+00,1.859453916549682617e-01
0.000000000000000000e+00,2.020496428012847900e-01
0.000000000000000000e+00,2.344578951597213745e-01
0.000000000000000000e+00,1.747665256261825562e-01
0.000000000000000000e+00,1.839845627546310425e-01
0.000000000000000000e+00,2.067756652832031250e-01
0.000000000000000000e+00,2.452905923128128052e-01
0.000000000000000000e+00,1.914447098970413208e-01
0.000000000000000000e+00,2.118768990039825439e-01
0.000000000000000000e+00,1.904882490634918213e-01
0.000000000000000000e+00,1.570198684930801392e-01
0.000000000000000000e+00,1.744719743728637695e-01
0.000000000000000000e+00,2.190492749214172363e-01
0.000000000000000000e+00,2.547724545001983643e-01
0.000000000000000000e+00,1.894182711839675903e-01
0.000000000000000000e+00,1.939533203840255737e-01
0.000000000000000000e+00,1.932632327079772949e-01
0.000000000000000000e+00,2.035434097051620483e-01
0.000000000000000000e+00,1.934584528207778931e-01
0.000000000000000000e+00,1.897477954626083374e-01
0.000000000000000000e+00,1.828266680240631104e-01
0.000000000000000000e+00,1.817511469125747681e-01
0.000000000000000000e+00,1.948144882917404175e-01
0.000000000000000000e+00,2.081873416900634766e-01
0.000000000000000000e+00,1.805128008127212524e-01
0.000000000000000000e+00,2.133067250251770020e-01
0.000000000000000000e+00,2.147867530584335327e-01
0.000000000000000000e+00,2.398772388696670532e-01
0.000000000000000000e+00,3.628646433353424072e-01
0.000000000000000000e+00,3.001878559589385986e-01
0.000000000000000000e+00,2.054393440485000610e-01
0.000000000000000000e+00,1.824999153614044189e-01
0.000000000000000000e+00,2.162879109382629395e-01
0.000000000000000000e+00,1.856006681919097900e-01
0.000000000000000000e+00,2.643703818321228027e-01
0.000000000000000000e+00,2.313867211341857910e-01
0.000000000000000000e+00,2.955947816371917725e-01
0.000000000000000000e+00,1.978925019502639771e-01
0.000000000000000000e+00,1.848041117191314697e-01
0.000000000000000000e+00,1.539068371057510376e-01
0.000000000000000000e+00,2.182104140520095825e-01
0.000000000000000000e+00,3.390123844146728516e-01
0.000000000000000000e+00,2.890655100345611572e-01
0.000000000000000000e+00,2.320081293582916260e-01
0.000000000000000000e+00,1.953102052211761475e-01
0.000000000000000000e+00,2.295971363782882690e-01
0.000000000000000000e+00,1.755513250827789307e-01
0.000000000000000000e+00,1.888208389282226562e-01
0.000000000000000000e+00,1.810531914234161377e-01
0.000000000000000000e+00,1.884646266698837280e-01
0.000000000000000000e+00,1.472715139389038086e-01
0.000000000000000000e+00,1.498326957225799561e-01
0.000000000000000000e+00,1.638804972171783447e-01
0.000000000000000000e+00,2.895168364048004150e-01
0.000000000000000000e+00,1.356327533721923828e-01
0.000000000000000000e+00,2.007262706756591797e-01
0.000000000000000000e+00,1.648882329463958740e-01
0.000000000000000000e+00,1.715312302112579346e-01
0.000000000000000000e+00,1.710616350173950195e-01
0.000000000000000000e+00,1.763031929731369019e-01
0.000000000000000000e+00,1.696942448616027832e-01
0.000000000000000000e+00,1.469742953777313232e-01
0.000000000000000000e+00,1.727587133646011353e-01
0.000000000000000000e+00,1.869168132543563843e-01
0.000000000000000000e+00,2.174005061388015747e-01
0.000000000000000000e+00,1.864762902259826660e-01
0.000000000000000000e+00,2.207606881856918335e-01
0.000000000000000000e+00,1.953948140144348145e-01
0.000000000000000000e+00,1.514808833599090576e-01
0.000000000000000000e+00,1.483505666255950928e-01
0.000000000000000000e+00,1.708033978939056396e-01
0.000000000000000000e+00,1.667337119579315186e-01
0.000000000000000000e+00,1.681845784187316895e-01
0.000000000000000000e+00,1.686556488275527954e-01
0.000000000000000000e+00,1.653521358966827393e-01
0.000000000000000000e+00,2.131518125534057617e-01
0.000000000000000000e+00,1.474878638982772827e-01
0.000000000000000000e+00,1.882158219814300537e-01
0.000000000000000000e+00,1.384226530790328979e-01
0.000000000000000000e+00,1.721710115671157837e-01
0.000000000000000000e+00,1.460445225238800049e-01
0.000000000000000000e+00,1.634792536497116089e-01
0.000000000000000000e+00,1.657597571611404419e-01
0.000000000000000000e+00,1.560293138027191162e-01
0.000000000000000000e+00,1.817369610071182251e-01
0.000000000000000000e+00,1.535574942827224731e-01
0.000000000000000000e+00,1.698871850967407227e-01
0.000000000000000000e+00,1.818722486495971680e-01
0.000000000000000000e+00,1.505563110113143921e-01
0.000000000000000000e+00,1.470426023006439209e-01
0.000000000000000000e+00,1.540462076663970947e-01
0.000000000000000000e+00,1.794596314430236816e-01
0.000000000000000000e+00,1.745230406522750854e-01
0.000000000000000000e+00,1.652741879224777222e-01
0.000000000000000000e+00,1.428407281637191772e-01
0.000000000000000000e+00,1.577929109334945679e-01
0.000000000000000000e+00,1.556833833456039429e-01
0.000000000000000000e+00,1.945902258157730103e-01
0.000000000000000000e+00,1.639947593212127686e-01
0.000000000000000000e+00,1.547313928604125977e-01
0.000000000000000000e+00,1.555304825305938721e-01
0.000000000000000000e+00,1.571235656738281250e-01
0.000000000000000000e+00,1.664793640375137329e-01
0.000000000000000000e+00,1.814704239368438721e-01
0.000000000000000000e+00,1.598051637411117554e-01
0.000000000000000000e+00,1.723410934209823608e-01
0.000000000000000000e+00,1.569643467664718628e-01
0.000000000000000000e+00,1.544686555862426758e-01
0.000000000000000000e+00,2.593895196914672852e-01
0.000000000000000000e+00,1.660123467445373535e-01
0.000000000000000000e+00,1.468119770288467407e-01
0.000000000000000000e+00,2.165127098560333252e-01
0.000000000000000000e+00,2.430802583694458008e-01
0.000000000000000000e+00,2.350416183471679688e-01
0.000000000000000000e+00,3.647782206535339355e-01
0.000000000000000000e+00,2.066473364830017090e-01
0.000000000000000000e+00,1.883519738912582397e-01
0.000000000000000000e+00,2.040973752737045288e-01
0.000000000000000000e+00,1.961919665336608887e-01
0.000000000000000000e+00,1.565660834312438965e-01
0.000000000000000000e+00,1.962520778179168701e-01
0.000000000000000000e+00,2.024547904729843140e-01
0.000000000000000000e+00,2.099021226167678833e-01
0.000000000000000000e+00,2.185847908258438110e-01
0.000000000000000000e+00,2.088555395603179932e-01
0.000000000000000000e+00,1.794987767934799194e-01
0.000000000000000000e+00,1.686607599258422852e-01
0.000000000000000000e+00,1.670144349336624146e-01
0.000000000000000000e+00,1.548792719841003418e-01
0.000000000000000000e+00,2.342217564582824707e-01
0.000000000000000000e+00,1.824186742305755615e-01
0.000000000000000000e+00,2.165590524673461914e-01
0.000000000000000000e+00,1.803268343210220337e-01
0.000000000000000000e+00,1.835120767354965210e-01
0.000000000000000000e+00,1.984367072582244873e-01
0.000000000000000000e+00,2.078026682138442993e-01
0.000000000000000000e+00,2.051680386066436768e-01
0.000000000000000000e+00,1.911374926567077637e-01
0.000000000000000000e+00,1.598382294178009033e-01
0.000000000000000000e+00,2.003983110189437866e-01
0.000000000000000000e+00,2.075520157814025879e-01
0.000000000000000000e+00,2.320174276828765869e-01
0.000000000000000000e+00,2.118732929229736328e-01
0.000000000000000000e+00,1.887030750513076782e-01
0.000000000000000000e+00,1.446658223867416382e-01
0.000000000000000000e+00,1.646897792816162109e-01
0.000000000000000000e+00,1.690614819526672363e-01
0.000000000000000000e+00,1.962787508964538574e-01
0.000000000000000000e+00,2.080708146095275879e-01
0.000000000000000000e+00,1.861315220594406128e-01
0.000000000000000000e+00,1.983062773942947388e-01
0.000000000000000000e+00,2.422851771116256714e-01
0.000000000000000000e+00,3.829911947250366211e-01
0.000000000000000000e+00,3.539165854454040527e-01
0.000000000000000000e+00,3.236952424049377441e-01
0.000000000000000000e+00,3.415687084197998047e-01
0.000000000000000000e+00,2.046108394861221313e-01
0.000000000000000000e+00,1.788182407617568970e-01
0.000000000000000000e+00,1.867833435535430908e-01
0.000000000000000000e+00,1.642094105482101440e-01
0.000000000000000000e+00,1.884620189666748047e-01
0.000000000000000000e+00,1.651823818683624268e-01
0.000000000000000000e+00,1.848540455102920532e-01
0.000000000000000000e+00,1.698022484779357910e-01
0.000000000000000000e+00,1.635335981845855713e-01
0.000000000000000000e+00,2.017687857151031494e-01
0.000000000000000000e+00,1.893681883811950684e-01
0.000000000000000000e+00,2.000189423561096191e-01
0.000000000000000000e+00,1.576003283262252808e-01
0.000000000000000000e+00,1.885494738817214966e-01
0.000000000000000000e+00,1.805310100317001343e-01
0.000000000000000000e+00,1.587853431701660156e-01
0.000000000000000000e+00,1.793148666620254517e-01
0.000000000000000000e+00,1.680947989225387573e-01
0.000000000000000000e+00,1.749411374330520630e-01
0.000000000000000000e+00,2.077728658914566040e-01
0.000000000000000000e+00,1.740474998950958252e-01
0.000000000000000000e+00,2.237386405467987061e-01
0.000000000000000000e+00,1.960799694061279297e-01
0.000000000000000000e+00,1.970385909080505371e-01
0.000000000000000000e+00,1.666972041130065918e-01
0.000000000000000000e+00,2.031628638505935669e-01
0.000000000000000000e+00,1.644379794597625732e-01
0.000000000000000000e+00,1.704679727554321289e-01
0.000000000000000000e+00,1.782511621713638306e-01
0.000000000000000000e+00,1.775443255901336670e-01
0.000000000000000000e+00,2.379872500896453857e-01
0.000000000000000000e+00,1.916369646787643433e-01
0.000000000000000000e+00,2.171044498682022095e-01
0.000000000000000000e+00,2.112368196249008179e-01
0.000000000000000000e+00,2.422393709421157837e-01
0.000000000000000000e+00,2.321225851774215698e-01
0.000000000000000000e+00,1.983633041381835938e-01
0.000000000000000000e+00,1.686084419488906860e-01
0.000000000000000000e+00,2.333276867866516113e-01
0.000000000000000000e+00,2.033705711364746094e-01
0.000000000000000000e+00,1.758187115192413330e-01
0.000000000000000000e+00,2.254147529602050781e-01
0.000000000000000000e+00,2.201988995075225830e-01
0.000000000000000000e+00,1.945378035306930542e-01
0.000000000000000000e+00,2.080871611833572388e-01
0.000000000000000000e+00,2.045809030532836914e-01
0.000000000000000000e+00,2.460913360118865967e-01
0.000000000000000000e+00,3.464314937591552734e-01
0.000000000000000000e+00,1.960572153329849243e-01
0.000000000000000000e+00,1.826056391000747681e-01
0.000000000000000000e+00,1.635725349187850952e-01
0.000000000000000000e+00,2.056524902582168579e-01
0.000000000000000000e+00,1.852123439311981201e-01
0.000000000000000000e+00,1.914760470390319824e-01
0.000000000000000000e+00,2.377869933843612671e-01
0.000000000000000000e+00,1.617418527603149414e-01
0.000000000000000000e+00,2.043614685535430908e-01
0.000000000000000000e+00,1.867183297872543335e-01
0.000000000000000000e+00,1.642736792564392090e-01
0.000000000000000000e+00,1.632301062345504761e-01
0.000000000000000000e+00,2.011097371578216553e-01
0.000000000000000000e+00,2.022598534822463989e-01
0.000000000000000000e+00,1.796756386756896973e-01
0.000000000000000000e+00,2.088518440723419189e-01
0.000000000000000000e+00,2.199043035507202148e-01
0.000000000000000000e+00,1.761539727449417114e-01
0.000000000000000000e+00,1.849464178085327148e-01
0.000000000000000000e+00,1.634923517704010010e-01
0.000000000000000000e+00,1.801929920911788940e-01
0.000000000000000000e+00,1.969899535179138184e-01
0.000000000000000000e+00,2.334704995155334473e-01
0.000000000000000000e+00,2.807287573814392090e-01
0.000000000000000000e+00,1.813042014837265015e-01
0.000000000000000000e+00,2.184692919254302979e-01
0.000000000000000000e+00,2.756111919879913330e-01
0.000000000000000000e+00,2.065055519342422485e-01
0.000000000000000000e+00,1.917056143283843994e-01
0.000000000000000000e+00,2.188888788223266602e-01
0.000000000000000000e+00,1.877612769603729248e-01
0.000000000000000000e+00,2.128886580467224121e-01
0.000000000000000000e+00,2.079979479312896729e-01
0.000000000000000000e+00,1.736224144697189331e-01
0.000000000000000000e+00,1.658901721239089966e-01
0.000000000000000000e+00,2.373720556497573853e-01
0.000000000000000000e+00,1.896877437829971313e-01
0.000000000000000000e+00,1.880837976932525635e-01
0.000000000000000000e+00,2.099966704845428467e-01
0.000000000000000000e+00,1.922358721494674683e-01
0.000000000000000000e+00,2.113228887319564819e-01
0.000000000000000000e+00,2.478992044925689697e-01
0.000000000000000000e+00,2.359336614608764648e-01
0.000000000000000000e+00,2.114018350839614868e-01
0.000000000000000000e+00,1.782809048891067505e-01
0.000000000000000000e+00,1.945339143276214600e-01
0.000000000000000000e+00,2.372442036867141724e-01
0.000000000000000000e+00,2.276339083909988403e-01
0.000000000000000000e+00,1.923166215419769287e-01
0.000000000000000000e+00,1.809300780296325684e-01
0.000000000000000000e+00,1.769547313451766968e-01
0.000000000000000000e+00,1.884893476963043213e-01
0.000000000000000000e+00,2.376891821622848511e-01
0.000000000000000000e+00,2.179013639688491821e-01
0.000000000000000000e+00,2.335587292909622192e-01
0.000000000000000000e+00,2.120156288146972656e-01
0.000000000000000000e+00,1.871359050273895264e-01
0.000000000000000000e+00,1.894448101520538330e-01
0.000000000000000000e+00,1.989425271749496460e-01
0.000000000000000000e+00,2.000217586755752563e-01
0.000000000000000000e+00,1.962189823389053345e-01
0.000000000000000000e+00,2.443775385618209839e-01
0.000000000000000000e+00,1.599036902189254761e-01
0.000000000000000000e+00,1.711086034774780273e-01
0.000000000000000000e+00,1.825874447822570801e-01
0.000000000000000000e+00,1.587169170379638672e-01
0.000000000000000000e+00,1.667107939720153809e-01
0.000000000000000000e+00,1.872940808534622192e-01
0.000000000000000000e+00,1.695351302623748779e-01
0.000000000000000000e+00,1.337765902280807495e-01
0.000000000000000000e+00,2.211604118347167969e-01
0.000000000000000000e+00,1.914805769920349121e-01
0.000000000000000000e+00,1.613381654024124146e-01
0.000000000000000000e+00,1.954502165317535400e-01
0.000000000000000000e+00,1.618693917989730835e-01
0.000000000000000000e+00,1.715014874935150146e-01
0.000000000000000000e+00,2.060477882623672485e-01
0.000000000000000000e+00,1.768227517604827881e-01
0.000000000000000000e+00,1.789937466382980347e-01
0.000000000000000000e+00,1.773346662521362305e-01
0.000000000000000000e+00,1.535764634609222412e-01
0.000000000000000000e+00,1.748194396495819092e-01
0.000000000000000000e+00,2.105987966060638428e-01
0.000000000000000000e+00,1.741557419300079346e-01
0.000000000000000000e+00,2.075771391391754150e-01
0.000000000000000000e+00,1.711046099662780762e-01
0.000000000000000000e+00,1.506384462118148804e-01
0.000000000000000000e+00,1.838650703430175781e-01
0.000000000000000000e+00,1.519558578729629517e-01
0.000000000000000000e+00,1.683956682682037354e-01
0.000000000000000000e+00,1.408399641513824463e-01
0.000000000000000000e+00,2.121512889862060547e-01
0.000000000000000000e+00,1.600700765848159790e-01
0.000000000000000000e+00,2.110214531421661377e-01
0.000000000000000000e+00,1.789677441120147705e-01
0.000000000000000000e+00,1.527880579233169556e-01
0.000000000000000000e+00,1.638642996549606323e-01
0.000000000000000000e+00,1.618755012750625610e-01
0.000000000000000000e+00,1.525205224752426147e-01
0.000000000000000000e+00,1.619199961423873901e-01
0.000000000000000000e+00,1.542963683605194092e-01
0.000000000000000000e+00,1.862574368715286255e-01
0.000000000000000000e+00,1.945531219244003296e-01
0.000000000000000000e+00,1.900024414062500000e-01
0.000000000000000000e+00,1.963230967521667480e-01
0.000000000000000000e+00,2.020198553800582886e-01
0.000000000000000000e+00,1.961693465709686279e-01
0.000000000000000000e+00,1.836580932140350342e-01
0.000000000000000000e+00,1.952665299177169800e-01
0.000000000000000000e+00,2.295679599046707153e-01
0.000000000000000000e+00,1.800747811794281006e-01
0.000000000000000000e+00,2.108949124813079834e-01
0.000000000000000000e+00,2.621087729930877686e-01
0.000000000000000000e+00,1.920180469751358032e-01
0.000000000000000000e+00,2.603959441184997559e-01
0.000000000000000000e+00,2.201710790395736694e-01
0.000000000000000000e+00,2.194231450557708740e-01
0.000000000000000000e+00,1.787079125642776489e-01
0.000000000000000000e+00,1.808708012104034424e-01
0.000000000000000000e+00,1.569346934556961060e-01
0.000000000000000000e+00,2.207988798618316650e-01
0.000000000000000000e+00,3.406729698181152344e-01
0.000000000000000000e+00,2.297596037387847900e-01
0.000000000000000000e+00,2.313525676727294922e-01
0.000000000000000000e+00,1.749260723590850830e-01
0.000000000000000000e+00,1.875898540019989014e-01
1.000000000000000000e+00,3.944404423236846924e-01
1.000000000000000000e+00,5.247058868408203125e-01
1.000000000000000000e+00,5.457965731620788574e-01
1.000000000000000000e+00,3.925738632678985596e-01
1.000000000000000000e+00,4.545629620552062988e-01
1.000000000000000000e+00,4.342343807220458984e-01
1.000000000000000000e+00,4.338251948356628418e-01
1.000000000000000000e+00,3.940844535827636719e-01
1.000000000000000000e+00,4.264994859695434570e-01
1.000000000000000000e+00,4.400660395622253418e-01
1.000000000000000000e+00,4.641049504280090332e-01
1.000000000000000000e+00,4.312779605388641357e-01
1.000000000000000000e+00,4.442174434661865234e-01
1.000000000000000000e+00,3.957059979438781738e-01
1.000000000000000000e+00,3.641605079174041748e-01
1.000000000000000000e+00,3.899637460708618164e-01
1.000000000000000000e+00,4.134339094161987305e-01
1.000000000000000000e+00,3.730090856552124023e-01
1.000000000000000000e+00,4.682971835136413574e-01
1.000000000000000000e+00,3.469797074794769287e-01
1.000000000000000000e+00,4.702444970607757568e-01
1.000000000000000000e+00,4.882331192493438721e-01
1.000000000000000000e+00,4.560769200325012207e-01
1.000000000000000000e+00,4.115478694438934326e-01
1.000000000000000000e+00,5.401312708854675293e-01
1.000000000000000000e+00,4.142712950706481934e-01
1.000000000000000000e+00,4.338318705558776855e-01
1.000000000000000000e+00,4.449640810489654541e-01
1.000000000000000000e+00,4.217056334018707275e-01
1.000000000000000000e+00,4.511163234710693359e-01
1.000000000000000000e+00,4.250349402427673340e-01
1.000000000000000000e+00,3.711055517196655273e-01
1.000000000000000000e+00,4.589446485042572021e-01
1.000000000000000000e+00,3.925215303897857666e-01
1.000000000000000000e+00,4.111042618751525879e-01
1.000000000000000000e+00,3.930344581604003906e-01
1.000000000000000000e+00,4.668290615081787109e-01
1.000000000000000000e+00,4.379722774028778076e-01
1.000000000000000000e+00,3.336921036243438721e-01
1.000000000000000000e+00,3.839313983917236328e-01
1.000000000000000000e+00,4.171817898750305176e-01
1.000000000000000000e+00,5.019713044166564941e-01
1.000000000000000000e+00,4.004182815551757812e-01
1.000000000000000000e+00,5.261936187744140625e-01
1.000000000000000000e+00,3.300683200359344482e-01
1.000000000000000000e+00,4.192860722541809082e-01
1.000000000000000000e+00,4.164019227027893066e-01
1.000000000000000000e+00,3.992207348346710205e-01
1.000000000000000000e+00,4.609586298465728760e-01
1.000000000000000000e+00,3.863852620124816895e-01
1.000000000000000000e+00,4.061639606952667236e-01
1.000000000000000000e+00,4.608758091926574707e-01
1.000000000000000000e+00,4.411720037460327148e-01
1.000000000000000000e+00,4.031775891780853271e-01
1.000000000000000000e+00,3.981117606163024902e-01
1.000000000000000000e+00,3.799574971199035645e-01
1.000000000000000000e+00,4.333985745906829834e-01
1.000000000000000000e+00,3.965443968772888184e-01
1.000000000000000000e+00,3.329729437828063965e-01
1.000000000000000000e+00,3.978301882743835449e-01
1.000000000000000000e+00,4.972290992736816406e-01
1.000000000000000000e+00,4.544397294521331787e-01
1.000000000000000000e+00,4.243483841419219971e-01
1.000000000000000000e+00,4.759828746318817139e-01
1.000000000000000000e+00,4.453850388526916504e-01
1.000000000000000000e+00,3.298850953578948975e-01
1.000000000000000000e+00,4.127262234687805176e-01
1.000000000000000000e+00,3.777131140232086182e-01
1.000000000000000000e+00,4.336980283260345459e-01
1.000000000000000000e+00,3.581305444240570068e-01
1.000000000000000000e+00,4.761298000812530518e-01
1.000000000000000000e+00,4.600259065628051758e-01
1.000000000000000000e+00,3.846504092216491699e-01
1.000000000000000000e+00,4.659685492515563965e-01
1.000000000000000000e+00,4.690800905227661133e-01
1.000000000000000000e+00,4.155095219612121582e-01
1.000000000000000000e+00,4.196209609508514404e-01
1.000000000000000000e+00,3.882579803466796875e-01
1.000000000000000000e+00,3.783397674560546875e-01
1.000000000000000000e+00,4.320343136787414551e-01
1.000000000000000000e+00,4.141928851604461670e-01
1.000000000000000000e+00,4.028912186622619629e-01
1.000000000000000000e+00,5.127579569816589355e-01
1.000000000000000000e+00,4.157645404338836670e-01
1.000000000000000000e+00,4.166178703308105469e-01
1.000000000000000000e+00,4.925445318222045898e-01
1.000000000000000000e+00,3.815335631370544434e-01
1.000000000000000000e+00,4.644174277782440186e-01
1.000000000000000000e+00,4.562459588050842285e-01
1.000000000000000000e+00,4.352063834667205811e-01
1.000000000000000000e+00,4.045093059539794922e-01
1.000000000000000000e+00,5.095135569572448730e-01
1.000000000000000000e+00,3.783493638038635254e-01
1.000000000000000000e+00,4.600084125995635986e-01
1.000000000000000000e+00,4.160397350788116455e-01
1.000000000000000000e+00,5.465908050537109375e-01
1.000000000000000000e+00,4.274342656135559082e-01
1.000000000000000000e+00,4.455582201480865479e-01
1.000000000000000000e+00,3.942473232746124268e-01
1.000000000000000000e+00,4.772003293037414551e-01
1.000000000000000000e+00,4.309747815132141113e-01
1.000000000000000000e+00,4.308348894119262695e-01
1.000000000000000000e+00,3.937923312187194824e-01
1.000000000000000000e+00,4.872617721557617188e-01
1.000000000000000000e+00,4.226954877376556396e-01
1.000000000000000000e+00,4.742285013198852539e-01
1.000000000000000000e+00,4.635851979255676270e-01
1.000000000000000000e+00,4.156259298324584961e-01
1.000000000000000000e+00,5.033373832702636719e-01
1.000000000000000000e+00,3.881357908248901367e-01
1.000000000000000000e+00,4.492155909538269043e-01
1.000000000000000000e+00,4.487398266792297363e-01
1.000000000000000000e+00,4.672846198081970215e-01
1.000000000000000000e+00,4.880822896957397461e-01
1.000000000000000000e+00,4.484659731388092041e-01
1.000000000000000000e+00,3.655020594596862793e-01
1.000000000000000000e+00,3.991815447807312012e-01
1.000000000000000000e+00,3.707616627216339111e-01
1.000000000000000000e+00,4.131149649620056152e-01
1.000000000000000000e+00,4.011774361133575439e-01
1.000000000000000000e+00,4.489426016807556152e-01
1.000000000000000000e+00,4.077637195587158203e-01
1.000000000000000000e+00,3.920105993747711182e-01
1.000000000000000000e+00,4.997520446777343750e-01
1.000000000000000000e+00,4.325650334358215332e-01
1.000000000000000000e+00,3.451153039932250977e-01
1.000000000000000000e+00,4.499394297599792480e-01
1.000000000000000000e+00,3.895015418529510498e-01
1.000000000000000000e+00,4.774271249771118164e-01
1.000000000000000000e+00,4.164597690105438232e-01
1.000000000000000000e+00,5.374724268913269043e-01
1.000000000000000000e+00,4.792453944683074951e-01
1.000000000000000000e+00,4.572354555130004883e-01
1.000000000000000000e+00,4.454593062400817871e-01
1.000000000000000000e+00,4.644178748130798340e-01
1.000000000000000000e+00,4.697505831718444824e-01
1.000000000000000000e+00,3.816252350807189941e-01
1.000000000000000000e+00,4.640205502510070801e-01
1.000000000000000000e+00,4.152245819568634033e-01
1.000000000000000000e+00,4.151012599468231201e-01
1.000000000000000000e+00,3.642634749412536621e-01
1.000000000000000000e+00,4.244483411312103271e-01
1.000000000000000000e+00,4.361801743507385254e-01
1.000000000000000000e+00,4.293049871921539307e-01
1.000000000000000000e+00,3.468441665172576904e-01
1.000000000000000000e+00,4.172452688217163086e-01
1.000000000000000000e+00,5.266829729080200195e-01
1.000000000000000000e+00,3.920347094535827637e-01
1.000000000000000000e+00,4.359470009803771973e-01
1.000000000000000000e+00,5.039636492729187012e-01
1.000000000000000000e+00,4.789460003376007080e-01
1.000000000000000000e+00,4.273543357849121094e-01
1.000000000000000000e+00,4.805920422077178955e-01
1.000000000000000000e+00,3.252828121185302734e-01
1.000000000000000000e+00,4.302009642124176025e-01
1.000000000000000000e+00,4.144822955131530762e-01
1.000000000000000000e+00,4.212961196899414062e-01
1.000000000000000000e+00,4.118294119834899902e-01
1.000000000000000000e+00,4.261609911918640137e-01
1.000000000000000000e+00,3.528690636157989502e-01
1.000000000000000000e+00,4.222171604633331299e-01
1.000000000000000000e+00,4.642898440361022949e-01
1.000000000000000000e+00,3.797009587287902832e-01
1.000000000000000000e+00,3.772469758987426758e-01
1.000000000000000000e+00,4.006755948066711426e-01
1.000000000000000000e+00,4.384525120258331299e-01
1.000000000000000000e+00,4.382774829864501953e-01
1.000000000000000000e+00,4.214717447757720947e-01
1.000000000000000000e+00,4.529532492160797119e-01
1.000000000000000000e+00,4.249451458454132080e-01
1.000000000000000000e+00,5.219947099685668945e-01
1.000000000000000000e+00,4.358104765415191650e-01
1.000000000000000000e+00,4.357537925243377686e-01
1.000000000000000000e+00,4.325391054153442383e-01
1.000000000000000000e+00,3.493100702762603760e-01
1.000000000000000000e+00,4.130873680114746094e-01
1.000000000000000000e+00,3.988772034645080566e-01
1.000000000000000000e+00,4.423502087593078613e-01
1.000000000000000000e+00,4.330843687057495117e-01
1.000000000000000000e+00,4.801430702209472656e-01
1.000000000000000000e+00,3.930143117904663086e-01
1.000000000000000000e+00,3.761879205703735352e-01
1.000000000000000000e+00,3.695801198482513428e-01
1.000000000000000000e+00,4.862661957740783691e-01
1.000000000000000000e+00,4.247066974639892578e-01
1.000000000000000000e+00,4.420653581619262695e-01
1.000000000000000000e+00,4.266166985034942627e-01
1.000000000000000000e+00,4.297511279582977295e-01
1.000000000000000000e+00,4.198233485221862793e-01
1.000000000000000000e+00,4.386891126632690430e-01
1.000000000000000000e+00,4.154751300811767578e-01
1.000000000000000000e+00,3.628359436988830566e-01
1.000000000000000000e+00,3.911029994487762451e-01
1.000000000000000000e+00,4.707056283950805664e-01
1.000000000000000000e+00,4.030952751636505127e-01
1.000000000000000000e+00,4.207971096038818359e-01
1.000000000000000000e+00,5.177793502807617188e-01
1.000000000000000000e+00,4.660153985023498535e-01
1.000000000000000000e+00,4.640422463417053223e-01
1.000000000000000000e+00,5.072758197784423828e-01
1.000000000000000000e+00,4.347012341022491455e-01
1.000000000000000000e+00,3.916627764701843262e-01
1.000000000000000000e+00,4.302249252796173096e-01
1.000000000000000000e+00,3.899560570716857910e-01
1.000000000000000000e+00,4.131277501583099365e-01
1.000000000000000000e+00,4.274685084819793701e-01
1.000000000000000000e+00,4.184336066246032715e-01
1.000000000000000000e+00,4.417731165885925293e-01
1.000000000000000000e+00,4.605883359909057617e-01
1.000000000000000000e+00,4.389734864234924316e-01
1.000000000000000000e+00,4.777887463569641113e-01
1.000000000000000000e+00,4.271822571754455566e-01
1.000000000000000000e+00,3.985023498535156250e-01
1.000000000000000000e+00,3.962572515010833740e-01
1.000000000000000000e+00,5.773472785949707031e-01
1.000000000000000000e+00,4.711175560951232910e-01
1.000000000000000000e+00,5.112780928611755371e-01
1.000000000000000000e+00,4.481175541877746582e-01
1.000000000000000000e+00,4.322369694709777832e-01
1.000000000000000000e+00,4.370420575141906738e-01
1.000000000000000000e+00,4.554073512554168701e-01
1.000000000000000000e+00,4.041546881198883057e-01
1.000000000000000000e+00,4.846605658531188965e-01
1.000000000000000000e+00,4.176863729953765869e-01
1.000000000000000000e+00,5.243969559669494629e-01
1.000000000000000000e+00,3.811846971511840820e-01
1.000000000000000000e+00,3.647831976413726807e-01
1.000000000000000000e+00,3.573289513587951660e-01
1.000000000000000000e+00,3.823865056037902832e-01
1.000000000000000000e+00,3.659268617630004883e-01
1.000000000000000000e+00,3.884139358997344971e-01
1.000000000000000000e+00,3.550125956535339355e-01
1.000000000000000000e+00,3.895971179008483887e-01
1.000000000000000000e+00,4.403842687606811523e-01
1.000000000000000000e+00,4.546621441841125488e-01
1.000000000000000000e+00,4.503685534000396729e-01
1.000000000000000000e+00,3.834178745746612549e-01
1.000000000000000000e+00,4.321364164352416992e-01
1.000000000000000000e+00,4.543333649635314941e-01
1.000000000000000000e+00,4.449360370635986328e-01
1.000000000000000000e+00,4.155447781085968018e-01
1.000000000000000000e+00,4.821845591068267822e-01
1.000000000000000000e+00,4.421641528606414795e-01
1.000000000000000000e+00,3.617760539054870605e-01
1.000000000000000000e+00,3.997237682342529297e-01
1.000000000000000000e+00,4.470216631889343262e-01
1.000000000000000000e+00,3.637811541557312012e-01
1.000000000000000000e+00,3.574447035789489746e-01
1.000000000000000000e+00,4.645712971687316895e-01
1.000000000000000000e+00,4.623191356658935547e-01
1.000000000000000000e+00,4.271749854087829590e-01
1.000000000000000000e+00,3.368526101112365723e-01
1.000000000000000000e+00,4.232532382011413574e-01
1.000000000000000000e+00,4.862473607063293457e-01
1.000000000000000000e+00,4.235367774963378906e-01
1.000000000000000000e+00,5.319453477859497070e-01
1.000000000000000000e+00,5.354569554328918457e-01
1.000000000000000000e+00,4.180849194526672363e-01
1.000000000000000000e+00,3.920519948005676270e-01
1.000000000000000000e+00,4.551891386508941650e-01
1.000000000000000000e+00,3.340730071067810059e-01
1.000000000000000000e+00,4.423966407775878906e-01
1.000000000000000000e+00,4.088797569274902344e-01
1.000000000000000000e+00,4.832912981510162354e-01
1.000000000000000000e+00,4.002528786659240723e-01
1.000000000000000000e+00,4.093169569969177246e-01
1.000000000000000000e+00,4.082926809787750244e-01
1.000000000000000000e+00,3.965946435928344727e-01
1.000000000000000000e+00,4.016671478748321533e-01
1.000000000000000000e+00,3.835514485836029053e-01
1.000000000000000000e+00,4.412791728973388672e-01
1.000000000000000000e+00,4.117476940155029297e-01
1.000000000000000000e+00,4.465938210487365723e-01
1.000000000000000000e+00,4.379112124443054199e-01
1.000000000000000000e+00,4.127157330513000488e-01
1.000000000000000000e+00,4.176183938980102539e-01
1.000000000000000000e+00,4.375770986080169678e-01
1.000000000000000000e+00,4.193169474601745605e-01
1.000000000000000000e+00,4.799643754959106445e-01
1.000000000000000000e+00,4.068779945373535156e-01
1.000000000000000000e+00,3.596246838569641113e-01
1.000000000000000000e+00,5.702613592147827148e-01
1.000000000000000000e+00,4.486826062202453613e-01
1.000000000000000000e+00,4.416136145591735840e-01
1.000000000000000000e+00,4.344016015529632568e-01
1.000000000000000000e+00,4.271556138992309570e-01
1.000000000000000000e+00,3.395018577575683594e-01
1.000000000000000000e+00,4.259306490421295166e-01
1.000000000000000000e+00,4.156682193279266357e-01
1.000000000000000000e+00,4.386637806892395020e-01
1.000000000000000000e+00,4.672331809997558594e-01
1.000000000000000000e+00,5.199998021125793457e-01
1.000000000000000000e+00,4.469457864761352539e-01
1.000000000000000000e+00,4.060334563255310059e-01
1.000000000000000000e+00,4.061361551284790039e-01
1.000000000000000000e+00,4.742296338081359863e-01
1.000000000000000000e+00,3.674994707107543945e-01
1.000000000000000000e+00,4.613583087921142578e-01
1.000000000000000000e+00,4.406776726245880127e-01
1.000000000000000000e+00,4.718203544616699219e-01
1.000000000000000000e+00,4.010475873947143555e-01
1.000000000000000000e+00,4.367449879646301270e-01
1.000000000000000000e+00,4.266406893730163574e-01
1.000000000000000000e+00,4.547814726829528809e-01
1.000000000000000000e+00,5.386321544647216797e-01
1.000000000000000000e+00,4.338084459304809570e-01
1.000000000000000000e+00,4.831644892692565918e-01
1.000000000000000000e+00,4.136684238910675049e-01
1.000000000000000000e+00,5.278456807136535645e-01
1.000000000000000000e+00,4.580116868019104004e-01
1.000000000000000000e+00,4.526547789573669434e-01
1.000000000000000000e+00,4.646016955375671387e-01
1.000000000000000000e+00,4.790308177471160889e-01
1.000000000000000000e+00,3.994339108467102051e-01
1.000000000000000000e+00,5.263917446136474609e-01
1.000000000000000000e+00,4.288409054279327393e-01
1.000000000000000000e+00,4.599932432174682617e-01
1.000000000000000000e+00,4.700829684734344482e-01
1.000000000000000000e+00,5.423576831817626953e-01
1.000000000000000000e+00,5.093032717704772949e-01
1.000000000000000000e+00,5.090370774269104004e-01
1.000000000000000000e+00,4.385055899620056152e-01
1.000000000000000000e+00,4.597162604331970215e-01
1.000000000000000000e+00,4.485386013984680176e-01
1.000000000000000000e+00,4.510802030563354492e-01
1.000000000000000000e+00,3.416001498699188232e-01
1.000000000000000000e+00,4.999989271163940430e-01
1.000000000000000000e+00,3.907428979873657227e-01
1.000000000000000000e+00,4.247391223907470703e-01
1.000000000000000000e+00,4.943018555641174316e-01
1.000000000000000000e+00,3.734886944293975830e-01
1.000000000000000000e+00,4.374204277992248535e-01
1.000000000000000000e+00,4.767274260520935059e-01
1.000000000000000000e+00,4.380867481231689453e-01
1.000000000000000000e+00,3.311265110969543457e-01
1.000000000000000000e+00,5.693832039833068848e-01
1.000000000000000000e+00,4.901665151119232178e-01
1.000000000000000000e+00,3.651047646999359131e-01
1.000000000000000000e+00,5.090866088867187500e-01
1.000000000000000000e+00,3.741447329521179199e-01
1.000000000000000000e+00,4.942079782485961914e-01
1.000000000000000000e+00,5.340770483016967773e-01
1.000000000000000000e+00,4.406587779521942139e-01
1.000000000000000000e+00,4.753516316413879395e-01
1.000000000000000000e+00,3.177399337291717529e-01
1.000000000000000000e+00,4.074030220508575439e-01
1.000000000000000000e+00,4.622900784015655518e-01
1.000000000000000000e+00,4.344361424446105957e-01
1.000000000000000000e+00,4.053926765918731689e-01
1.000000000000000000e+00,4.080256223678588867e-01
1.000000000000000000e+00,4.695792496204376221e-01
1.000000000000000000e+00,3.860683143138885498e-01
1.000000000000000000e+00,4.066737890243530273e-01
1.000000000000000000e+00,3.654488623142242432e-01
1.000000000000000000e+00,3.814235925674438477e-01
1.000000000000000000e+00,4.084045290946960449e-01
1.000000000000000000e+00,3.814139664173126221e-01
1.000000000000000000e+00,3.646772503852844238e-01
1.000000000000000000e+00,3.339677453041076660e-01
1.000000000000000000e+00,4.087486565113067627e-01
1.000000000000000000e+00,3.728418946266174316e-01
1.000000000000000000e+00,5.237152576446533203e-01
1.000000000000000000e+00,4.083436131477355957e-01
1.000000000000000000e+00,3.750706315040588379e-01
1.000000000000000000e+00,4.088401496410369873e-01
1.000000000000000000e+00,4.037761986255645752e-01
1.000000000000000000e+00,4.140986502170562744e-01
1.000000000000000000e+00,4.077318906784057617e-01
1.000000000000000000e+00,4.872095882892608643e-01
1.000000000000000000e+00,3.635218739509582520e-01
1.000000000000000000e+00,4.023054838180541992e-01
1.000000000000000000e+00,5.669897198677062988e-01
1.000000000000000000e+00,4.736087024211883545e-01
1.000000000000000000e+00,4.530025720596313477e-01
1.000000000000000000e+00,4.573482871055603027e-01
1.000000000000000000e+00,4.021604061126708984e-01
1.000000000000000000e+00,4.701384305953979492e-01
1.000000000000000000e+00,4.472664296627044678e-01
1.000000000000000000e+00,4.504813551902770996e-01
1.000000000000000000e+00,3.999361991882324219e-01
1.000000000000000000e+00,3.760645985603332520e-01
1.000000000000000000e+00,3.602028489112854004e-01
1.000000000000000000e+00,3.907318711280822754e-01
1.000000000000000000e+00,4.730930924415588379e-01
1.000000000000000000e+00,4.733917713165283203e-01
1.000000000000000000e+00,4.343135952949523926e-01
1.000000000000000000e+00,4.101137220859527588e-01
1.000000000000000000e+00,3.977825045585632324e-01
1.000000000000000000e+00,3.281645178794860840e-01
1.000000000000000000e+00,4.393454790115356445e-01
1.000000000000000000e+00,3.858304619789123535e-01
1.000000000000000000e+00,4.437876641750335693e-01
1.000000000000000000e+00,4.472892880439758301e-01
1.000000000000000000e+00,4.164144992828369141e-01
1.000000000000000000e+00,5.666260123252868652e-01
1.000000000000000000e+00,4.270547032356262207e-01
1.000000000000000000e+00,4.059425294399261475e-01
1.000000000000000000e+00,4.260184168815612793e-01
1.000000000000000000e+00,4.247923791408538818e-01
1.000000000000000000e+00,3.621800541877746582e-01
1.000000000000000000e+00,4.164198040962219238e-01
1.000000000000000000e+00,4.633854031562805176e-01
1.000000000000000000e+00,4.687435328960418701e-01
1.000000000000000000e+00,4.125784039497375488e-01
1.000000000000000000e+00,4.515700042247772217e-01
1.000000000000000000e+00,3.638017773628234863e-01
1.000000000000000000e+00,5.543009042739868164e-01
1.000000000000000000e+00,4.856258630752563477e-01
1.000000000000000000e+00,3.886328935623168945e-01
1.000000000000000000e+00,3.844181299209594727e-01
1.000000000000000000e+00,3.975121080875396729e-01
1.000000000000000000e+00,4.229916930198669434e-01
1.000000000000000000e+00,3.885953426361083984e-01
1.000000000000000000e+00,4.532257914543151855e-01
1.000000000000000000e+00,4.555535912513732910e-01
1.000000000000000000e+00,4.190684556961059570e-01
1.000000000000000000e+00,3.956935703754425049e-01
1.000000000000000000e+00,4.095375537872314453e-01
1.000000000000000000e+00,3.800572752952575684e-01
1.000000000000000000e+00,4.482931494712829590e-01
1.000000000000000000e+00,4.339136183261871338e-01
1.000000000000000000e+00,3.936839401721954346e-01
1.000000000000000000e+00,3.602201938629150391e-01
1.000000000000000000e+00,4.736640453338623047e-01
1.000000000000000000e+00,3.108397722244262695e-01
1.000000000000000000e+00,3.760126829147338867e-01
1.000000000000000000e+00,4.859089851379394531e-01
1.000000000000000000e+00,3.961059451103210449e-01
1.000000000000000000e+00,4.775593280792236328e-01
1.000000000000000000e+00,3.993927538394927979e-01
1.000000000000000000e+00,3.619244098663330078e-01
1.000000000000000000e+00,4.180324673652648926e-01
1.000000000000000000e+00,4.279847741127014160e-01
1.000000000000000000e+00,3.997918963432312012e-01
1.000000000000000000e+00,4.132714867591857910e-01
1.000000000000000000e+00,3.544866740703582764e-01
1.000000000000000000e+00,3.988760113716125488e-01
1.000000000000000000e+00,3.731465935707092285e-01
1.000000000000000000e+00,4.292359948158264160e-01
1.000000000000000000e+00,3.804579377174377441e-01
1.000000000000000000e+00,3.593026697635650635e-01
1.000000000000000000e+00,3.616718053817749023e-01
1.000000000000000000e+00,4.236131012439727783e-01
1.000000000000000000e+00,4.235898852348327637e-01
1.000000000000000000e+00,4.874267578125000000e-01
1.000000000000000000e+00,4.120023250579833984e-01
1.000000000000000000e+00,5.143880844116210938e-01
1.000000000000000000e+00,4.356475472450256348e-01
1.000000000000000000e+00,4.949252009391784668e-01
1.000000000000000000e+00,4.838740825653076172e-01
1.000000000000000000e+00,3.660081923007965088e-01
1.000000000000000000e+00,5.141005516052246094e-01
1.000000000000000000e+00,4.276177883148193359e-01
1.000000000000000000e+00,3.990380764007568359e-01
1.000000000000000000e+00,4.481757879257202148e-01
1.000000000000000000e+00,3.331930637359619141e-01
1.000000000000000000e+00,3.564370870590209961e-01
1.000000000000000000e+00,4.381654858589172363e-01
1.000000000000000000e+00,4.158748984336853027e-01
1.000000000000000000e+00,4.775909185409545898e-01
1.000000000000000000e+00,4.525555372238159180e-01
1.000000000000000000e+00,4.424043297767639160e-01
1.000000000000000000e+00,4.523907303810119629e-01
1.000000000000000000e+00,3.791236579418182373e-01
1.000000000000000000e+00,3.776093721389770508e-01
1.000000000000000000e+00,3.896262943744659424e-01
1.000000000000000000e+00,4.455708265304565430e-01
1.000000000000000000e+00,3.634594380855560303e-01
1.000000000000000000e+00,4.760302901268005371e-01
1.000000000000000000e+00,4.556173980236053467e-01
1.000000000000000000e+00,3.979736864566802979e-01
1.000000000000000000e+00,4.133694469928741455e-01
1.000000000000000000e+00,4.420488774776458740e-01
1.000000000000000000e+00,4.429065585136413574e-01
1.000000000000000000e+00,4.108592271804809570e-01
1.000000000000000000e+00,3.756133913993835449e-01
1.000000000000000000e+00,4.120346307754516602e-01
1.000000000000000000e+00,4.319969117641448975e-01
1.000000000000000000e+00,4.000325798988342285e-01
1.000000000000000000e+00,5.585142374038696289e-01
1.000000000000000000e+00,3.639557957649230957e-01
1.000000000000000000e+00,5.605411529541015625e-01
1.000000000000000000e+00,4.831928610801696777e-01
1.000000000000000000e+00,4.771909713745117188e-01
1.000000000000000000e+00,4.398038089275360107e-01
1.000000000000000000e+00,4.506047964096069336e-01
1.000000000000000000e+00,4.532870352268218994e-01
1.000000000000000000e+00,3.639441430568695068e-01
1.000000000000000000e+00,3.789243102073669434e-01
1.000000000000000000e+00,4.518508911132812500e-01
1.000000000000000000e+00,4.619593024253845215e-01
1.000000000000000000e+00,4.278328120708465576e-01
1.000000000000000000e+00,3.512305617332458496e-01
1.000000000000000000e+00,5.004281997680664062e-01
1.000000000000000000e+00,3.950544893741607666e-01
1.000000000000000000e+00,4.101857542991638184e-01
1.000000000000000000e+00,4.556344151496887207e-01
1.000000000000000000e+00,3.931493163108825684e-01
1.000000000000000000e+00,4.410814940929412842e-01
1.000000000000000000e+00,4.255514144897460938e-01
1.000000000000000000e+00,4.133364260196685791e-01
1.000000000000000000e+00,5.932589769363403320e-01
1.000000000000000000e+00,3.561630845069885254e-01
1.000000000000000000e+00,4.620650410652160645e-01
1.000000000000000000e+00,5.723147988319396973e-01
1.000000000000000000e+00,4.436497986316680908e-01
1.000000000000000000e+00,4.950765371322631836e-01
1.000000000000000000e+00,4.308481514453887939e-01
1.000000000000000000e+00,3.988539874553680420e-01
1.000000000000000000e+00,6.069728732109069824e-01
1.000000000000000000e+00,3.914538025856018066e-01
1.000000000000000000e+00,5.077443718910217285e-01
1.000000000000000000e+00,3.958075940608978271e-01
1.000000000000000000e+00,4.892401993274688721e-01
1.000000000000000000e+00,3.724828362464904785e-01
1.000000000000000000e+00,3.418554961681365967e-01
1.000000000000000000e+00,4.133184254169464111e-01
1.000000000000000000e+00,3.984592556953430176e-01
1.000000000000000000e+00,4.893789887428283691e-01
1.000000000000000000e+00,4.896782636642456055e-01
1.000000000000000000e+00,4.136751294136047363e-01
1.000000000000000000e+00,4.282851815223693848e-01
1.000000000000000000e+00,4.015704989433288574e-01
1.000000000000000000e+00,4.230809807777404785e-01
1.000000000000000000e+00,4.245083332061767578e-01
1.000000000000000000e+00,3.703290820121765137e-01
1.000000000000000000e+00,3.899921774864196777e-01
1.000000000000000000e+00,3.814890086650848389e-01
1.000000000000000000e+00,3.297181725502014160e-01
1.000000000000000000e+00,5.864444971084594727e-01
1.000000000000000000e+00,3.663481175899505615e-01
1.000000000000000000e+00,3.497849404811859131e-01
1.000000000000000000e+00,4.060049653053283691e-01
1.000000000000000000e+00,3.726835846900939941e-01
1.000000000000000000e+00,4.231094419956207275e-01
1.000000000000000000e+00,4.710270762443542480e-01
1.000000000000000000e+00,4.999901652336120605e-01
1.000000000000000000e+00,4.465401172637939453e-01
1.000000000000000000e+00,4.496667087078094482e-01
1.000000000000000000e+00,4.634689688682556152e-01
1.000000000000000000e+00,4.204043149948120117e-01
1.000000000000000000e+00,4.555188715457916260e-01
1.000000000000000000e+00,4.467442929744720459e-01
1.000000000000000000e+00,4.575474858283996582e-01
1.000000000000000000e+00,4.321339428424835205e-01
1.000000000000000000e+00,4.527041316032409668e-01
1.000000000000000000e+00,4.013714790344238281e-01
1.000000000000000000e+00,4.171411693096160889e-01
1.000000000000000000e+00,4.120330810546875000e-01
1.000000000000000000e+00,4.422819018363952637e-01
1.000000000000000000e+00,4.067206978797912598e-01
1.000000000000000000e+00,4.814377725124359131e-01
1.000000000000000000e+00,4.140465855598449707e-01
1.000000000000000000e+00,4.715769290924072266e-01
1.000000000000000000e+00,4.430890381336212158e-01
1.000000000000000000e+00,4.189023077487945557e-01
1.000000000000000000e+00,3.575902581214904785e-01
1.000000000000000000e+00,5.267217159271240234e-01
1.000000000000000000e+00,3.748577237129211426e-01
1.000000000000000000e+00,4.283587038516998291e-01
1.000000000000000000e+00,3.914900422096252441e-01
1.000000000000000000e+00,3.931239843368530273e-01
1.000000000000000000e+00,3.719419836997985840e-01
1.000000000000000000e+00,4.451217651367187500e-01
1.000000000000000000e+00,4.693966507911682129e-01
1.000000000000000000e+00,4.089533388614654541e-01
1.000000000000000000e+00,4.015013575553894043e-01
1.000000000000000000e+00,4.371803998947143555e-01
1.000000000000000000e+00,3.845173716545104980e-01
1.000000000000000000e+00,4.693044722080230713e-01
1.000000000000000000e+00,4.708946943283081055e-01
1.000000000000000000e+00,4.237165153026580811e-01
1.000000000000000000e+00,4.085825979709625244e-01
1.000000000000000000e+00,4.349879026412963867e-01
1.000000000000000000e+00,3.783768713474273682e-01
1.000000000000000000e+00,3.821068108081817627e-01
1.000000000000000000e+00,4.231245517730712891e-01
1.000000000000000000e+00,5.000853538513183594e-01
1.000000000000000000e+00,4.731760025024414062e-01
1.000000000000000000e+00,4.957903027534484863e-01
1.000000000000000000e+00,4.627659618854522705e-01
1.000000000000000000e+00,3.771716356277465820e-01
1.000000000000000000e+00,4.254598617553710938e-01
1.000000000000000000e+00,4.489496350288391113e-01
1.000000000000000000e+00,4.989248514175415039e-01
1.000000000000000000e+00,4.750458598136901855e-01
1.000000000000000000e+00,4.763874709606170654e-01
1.000000000000000000e+00,4.080560803413391113e-01
1.000000000000000000e+00,4.425663948059082031e-01
1.000000000000000000e+00,4.532512724399566650e-01
1.000000000000000000e+00,4.866338670253753662e-01
1.000000000000000000e+00,4.298308491706848145e-01
1.000000000000000000e+00,4.021221995353698730e-01
1.000000000000000000e+00,4.353601634502410889e-01
1.000000000000000000e+00,4.329367280006408691e-01
1.000000000000000000e+00,3.825435638427734375e-01
1.000000000000000000e+00,4.413076043128967285e-01
1.000000000000000000e+00,3.412963449954986572e-01
1.000000000000000000e+00,3.927062451839447021e-01
1.000000000000000000e+00,4.800438582897186279e-01
1.000000000000000000e+00,4.294153749942779541e-01
1.000000000000000000e+00,4.738892614841461182e-01
1.000000000000000000e+00,4.296311736106872559e-01
1.000000000000000000e+00,3.371736407279968262e-01
1.000000000000000000e+00,4.290125966072082520e-01
1.000000000000000000e+00,3.904641568660736084e-01
1.000000000000000000e+00,4.309345483779907227e-01
1.000000000000000000e+00,3.759434819221496582e-01
1.000000000000000000e+00,3.461318910121917725e-01
1.000000000000000000e+00,4.162243008613586426e-01
1.000000000000000000e+00,4.148911237716674805e-01
1.000000000000000000e+00,4.057401418685913086e-01
1.000000000000000000e+00,4.034177958965301514e-01
1.000000000000000000e+00,3.770720660686492920e-01
1.000000000000000000e+00,4.987165331840515137e-01
1.000000000000000000e+00,3.730143308639526367e-01
1.000000000000000000e+00,4.526298344135284424e-01
1.000000000000000000e+00,5.012795925140380859e-01
1.000000000000000000e+00,3.030319511890411377e-01
1.000000000000000000e+00,4.068687856197357178e-01
1.000000000000000000e+00,4.376886188983917236e-01
1.000000000000000000e+00,4.168647229671478271e-01
1.000000000000000000e+00,3.588826060295104980e-01
1.000000000000000000e+00,4.229394793510437012e-01
1.000000000000000000e+00,4.320550858974456787e-01
1.000000000000000000e+00,3.681275248527526855e-01
1.000000000000000000e+00,4.648070931434631348e-01
1.000000000000000000e+00,4.383058845996856689e-01
1.000000000000000000e+00,3.747789859771728516e-01
1.000000000000000000e+00,4.411771893501281738e-01
1.000000000000000000e+00,4.063944816589355469e-01
1.000000000000000000e+00,3.819483816623687744e-01
1.000000000000000000e+00,4.484668970108032227e-01
1.000000000000000000e+00,3.480468988418579102e-01
1.000000000000000000e+00,4.124622344970703125e-01
1.000000000000000000e+00,5.093334913253784180e-01
1.000000000000000000e+00,4.184717833995819092e-01
1.000000000000000000e+00,5.271345376968383789e-01
1.000000000000000000e+00,4.587585330009460449e-01
1.000000000000000000e+00,4.547128677368164062e-01
1.000000000000000000e+00,4.449534416198730469e-01
1.000000000000000000e+00,4.090445935726165771e-01
1.000000000000000000e+00,4.189707934856414795e-01
1.000000000000000000e+00,3.962091505527496338e-01
1.000000000000000000e+00,4.531454443931579590e-01
1.000000000000000000e+00,4.027324914932250977e-01
1.000000000000000000e+00,5.371247529983520508e-01
1.000000000000000000e+00,4.899793565273284912e-01
1.000000000000000000e+00,4.813241064548492432e-01
1.000000000000000000e+00,4.645556807518005371e-01
1.000000000000000000e+00,4.226677119731903076e-01
1.000000000000000000e+00,5.702656507492065430e-01
1.000000000000000000e+00,4.592230916023254395e-01
1.000000000000000000e+00,5.032190084457397461e-01
1.000000000000000000e+00,4.619986414909362793e-01
1.000000000000000000e+00,4.151821732521057129e-01
1.000000000000000000e+00,4.344264268875122070e-01
1.000000000000000000e+00,5.466811656951904297e-01
1.000000000000000000e+00,4.709845185279846191e-01
1.000000000000000000e+00,4.627715945243835449e-01
1.000000000000000000e+00,6.047958135604858398e-01
1.000000000000000000e+00,3.594447970390319824e-01
1.000000000000000000e+00,4.370495378971099854e-01
1.000000000000000000e+00,3.990451991558074951e-01
1.000000000000000000e+00,4.071674942970275879e-01
1.000000000000000000e+00,3.911823630332946777e-01
1.000000000000000000e+00,4.129385352134704590e-01
1.000000000000000000e+00,3.757644891738891602e-01
1.000000000000000000e+00,4.529798626899719238e-01
1.000000000000000000e+00,4.094095528125762939e-01
1.000000000000000000e+00,3.953062593936920166e-01
1.000000000000000000e+00,4.459163546562194824e-01
1.000000000000000000e+00,3.749771416187286377e-01
1.000000000000000000e+00,4.929683208465576172e-01
1.000000000000000000e+00,3.210655450820922852e-01
1.000000000000000000e+00,4.011074900627136230e-01
1.000000000000000000e+00,3.799092173576354980e-01
1.000000000000000000e+00,3.897664844989776611e-01
1.000000000000000000e+00,4.558580517768859863e-01
1.000000000000000000e+00,4.633943438529968262e-01
1.000000000000000000e+00,3.633526563644409180e-01
1.000000000000000000e+00,3.782406151294708252e-01
1.000000000000000000e+00,4.188227653503417969e-01
1.000000000000000000e+00,3.336932063102722168e-01
1.000000000000000000e+00,4.258067607879638672e-01
1.000000000000000000e+00,3.909150362014770508e-01
1.000000000000000000e+00,3.797070384025573730e-01
1.000000000000000000e+00,5.161375999450683594e-01
1.000000000000000000e+00,4.261611104011535645e-01
1.000000000000000000e+00,4.914810359477996826e-01
1.000000000000000000e+00,4.395828247070312500e-01
1.000000000000000000e+00,3.746954202651977539e-01
1.000000000000000000e+00,3.580855727195739746e-01
1.000000000000000000e+00,4.932104051113128662e-01
1.000000000000000000e+00,4.468898177146911621e-01
1.000000000000000000e+00,3.358227312564849854e-01
1.000000000000000000e+00,4.269862174987792969e-01
1.000000000000000000e+00,4.915382266044616699e-01
1.000000000000000000e+00,4.418549537658691406e-01
1.000000000000000000e+00,4.095299541950225830e-01
1.000000000000000000e+00,3.971841633319854736e-01
1.000000000000000000e+00,4.460844695568084717e-01
1.000000000000000000e+00,4.063762724399566650e-01
1.000000000000000000e+00,3.494330048561096191e-01
1.000000000000000000e+00,4.699547290802001953e-01
1.000000000000000000e+00,5.048874020576477051e-01
1.000000000000000000e+00,4.807264804840087891e-01
1.000000000000000000e+00,4.869993925094604492e-01
1.000000000000000000e+00,3.738811016082763672e-01
1.000000000000000000e+00,4.900850653648376465e-01
1.000000000000000000e+00,5.202043056488037109e-01
1.000000000000000000e+00,4.510625600814819336e-01
1.000000000000000000e+00,5.332040786743164062e-01
1.000000000000000000e+00,3.753856122493743896e-01
1.000000000000000000e+00,3.604179024696350098e-01
1.000000000000000000e+00,3.989125490188598633e-01
1.000000000000000000e+00,4.169690310955047607e-01
1.000000000000000000e+00,3.969734311103820801e-01
1.000000000000000000e+00,3.911928832530975342e-01
1.000000000000000000e+00,3.613724112510681152e-01
1.000000000000000000e+00,3.981915414333343506e-01
1.000000000000000000e+00,3.867981731891632080e-01
1.000000000000000000e+00,4.238343238830566406e-01
1.000000000000000000e+00,4.111431241035461426e-01
1.000000000000000000e+00,3.737015724182128906e-01
1.000000000000000000e+00,3.581008911132812500e-01
1.000000000000000000e+00,4.034246802330017090e-01
1.000000000000000000e+00,4.355987012386322021e-01
1.000000000000000000e+00,4.984490573406219482e-01
1.000000000000000000e+00,4.385422468185424805e-01
1.000000000000000000e+00,3.731603026390075684e-01
1.000000000000000000e+00,4.415580630302429199e-01
1.000000000000000000e+00,3.539812862873077393e-01
1.000000000000000000e+00,4.141361117362976074e-01
1.000000000000000000e+00,3.662350773811340332e-01
1.000000000000000000e+00,4.577461779117584229e-01
1.000000000000000000e+00,3.916308283805847168e-01
1.000000000000000000e+00,4.754234552383422852e-01
1.000000000000000000e+00,4.390237927436828613e-01
1.000000000000000000e+00,4.836395382881164551e-01
1.000000000000000000e+00,4.524133205413818359e-01
1.000000000000000000e+00,5.261994600296020508e-01
1.000000000000000000e+00,4.216243922710418701e-01
1.000000000000000000e+00,4.395781755447387695e-01
1.000000000000000000e+00,4.216116368770599365e-01
1.000000000000000000e+00,4.405020773410797119e-01
1.000000000000000000e+00,4.992664158344268799e-01
1.000000000000000000e+00,5.012663006782531738e-01
1.000000000000000000e+00,4.556114375591278076e-01
1.000000000000000000e+00,4.260520935058593750e-01
1.000000000000000000e+00,4.169989228248596191e-01
1.000000000000000000e+00,4.091780185699462891e-01
1.000000000000000000e+00,3.771026432514190674e-01
1.000000000000000000e+00,4.339272379875183105e-01
1.000000000000000000e+00,4.079764783382415771e-01
1.000000000000000000e+00,3.656029403209686279e-01
1.000000000000000000e+00,3.561111092567443848e-01
1.000000000000000000e+00,5.617517828941345215e-01
1.000000000000000000e+00,5.087895989418029785e-01
1.000000000000000000e+00,4.549127519130706787e-01
1.000000000000000000e+00,4.140809178352355957e-01
1.000000000000000000e+00,4.440366923809051514e-01
1.000000000000000000e+00,2.944904267787933350e-01
1.000000000000000000e+00,3.579061329364776611e-01
1.000000000000000000e+00,3.829703927040100098e-01
1.000000000000000000e+00,3.912602663040161133e-01
1.000000000000000000e+00,4.224174916744232178e-01
1.000000000000000000e+00,3.841486275196075439e-01
1.000000000000000000e+00,4.677916765213012695e-01
1.000000000000000000e+00,4.122009277343750000e-01
1.000000000000000000e+00,4.133697748184204102e-01
1.000000000000000000e+00,4.201093912124633789e-01
1.000000000000000000e+00,4.010826349258422852e-01
1.000000000000000000e+00,4.496174156665802002e-01
1.000000000000000000e+00,4.017404317855834961e-01
1.000000000000000000e+00,4.872482120990753174e-01
1.000000000000000000e+00,4.246829748153686523e-01
1.000000000000000000e+00,4.705551266670227051e-01
1.000000000000000000e+00,3.701109588146209717e-01
1.000000000000000000e+00,4.086201190948486328e-01
1.000000000000000000e+00,4.356120824813842773e-01
1.000000000000000000e+00,4.821504056453704834e-01
1.000000000000000000e+00,4.932313561439514160e-01
1.000000000000000000e+00,3.039926290512084961e-01
1.000000000000000000e+00,4.306561350822448730e-01
1.000000000000000000e+00,3.684617578983306885e-01
1.000000000000000000e+00,4.510307312011718750e-01
1.000000000000000000e+00,4.346336424350738525e-01
1.000000000000000000e+00,4.478402733802795410e-01
1.000000000000000000e+00,4.306220114231109619e-01
1.000000000000000000e+00,5.027789473533630371e-01
1.000000000000000000e+00,3.836976885795593262e-01
1.000000000000000000e+00,3.525443077087402344e-01
1.000000000000000000e+00,4.653743505477905273e-01
1.000000000000000000e+00,4.513738155364990234e-01
1.000000000000000000e+00,3.785197734832763672e-01
1.000000000000000000e+00,4.400591254234313965e-01
1.000000000000000000e+00,3.793752789497375488e-01
1.000000000000000000e+00,3.965227603912353516e-01
1.000000000000000000e+00,3.938380181789398193e-01
1.000000000000000000e+00,4.864471554756164551e-01
1.000000000000000000e+00,3.859135508537292480e-01
1.000000000000000000e+00,3.861059844493865967e-01
1.000000000000000000e+00,4.454969167709350586e-01
1.000000000000000000e+00,4.162073433399200439e-01
1.000000000000000000e+00,4.815037250518798828e-01
1.000000000000000000e+00,4.287397861480712891e-01
1.000000000000000000e+00,4.313012063503265381e-01
1.000000000000000000e+00,3.940113782882690430e-01
1.000000000000000000e+00,3.844978213310241699e-01
1.000000000000000000e+00,3.710110187530517578e-01
1.000000000000000000e+00,4.455828666687011719e-01
1.000000000000000000e+00,4.568362236022949219e-01
1.000000000000000000e+00,4.998681843280792236e-01
1.000000000000000000e+00,4.317076504230499268e-01
1.000000000000000000e+00,4.547778964042663574e-01
1.000000000000000000e+00,4.513983726501464844e-01
1.000000000000000000e+00,4.646072685718536377e-01
1.000000000000000000e+00,5.163258314132690430e-01
1.000000000000000000e+00,4.494322240352630615e-01
1.000000000000000000e+00,4.662328064441680908e-01
1.000000000000000000e+00,4.362432062625885010e-01
1.000000000000000000e+00,4.362753033638000488e-01
1.000000000000000000e+00,4.019276499748229980e-01
1.000000000000000000e+00,4.598241448402404785e-01
1.000000000000000000e+00,3.883717060089111328e-01
1.000000000000000000e+00,3.816764950752258301e-01
1.000000000000000000e+00,4.525344371795654297e-01
1.000000000000000000e+00,3.940579593181610107e-01
1.000000000000000000e+00,4.486891627311706543e-01
1.000000000000000000e+00,4.374605417251586914e-01
1.000000000000000000e+00,4.377516508102416992e-01
1.000000000000000000e+00,3.542329668998718262e-01
1.000000000000000000e+00,4.043455123901367188e-01
1.000000000000000000e+00,4.201479554176330566e-01
1.000000000000000000e+00,4.580214619636535645e-01
1.000000000000000000e+00,4.813216328620910645e-01
1.000000000000000000e+00,4.430332183837890625e-01
1.000000000000000000e+00,4.011361598968505859e-01
1.000000000000000000e+00,3.583195209503173828e-01
1.000000000000000000e+00,3.725661933422088623e-01
1.000000000000000000e+00,4.116444885730743408e-01
1.000000000000000000e+00,4.236463010311126709e-01
1.000000000000000000e+00,3.748125731945037842e-01
1.000000000000000000e+00,3.986589908599853516e-01
1.000000000000000000e+00,4.074137210845947266e-01
1.000000000000000000e+00,4.516414105892181396e-01
1.000000000000000000e+00,3.694560527801513672e-01
1.000000000000000000e+00,4.005285203456878662e-01
1.000000000000000000e+00,4.719678163528442383e-01
1.000000000000000000e+00,5.001721382141113281e-01
1.000000000000000000e+00,5.014994144439697266e-01
1.000000000000000000e+00,4.103369116783142090e-01
1.000000000000000000e+00,4.029304087162017822e-01
1.000000000000000000e+00,4.867303669452667236e-01
1.000000000000000000e+00,3.934245705604553223e-01
1.000000000000000000e+00,3.849438428878784180e-01
1.000000000000000000e+00,4.594252109527587891e-01
1.000000000000000000e+00,3.686838150024414062e-01
1.000000000000000000e+00,4.277524054050445557e-01
1.000000000000000000e+00,3.562720417976379395e-01
1.000000000000000000e+00,3.997708559036254883e-01
1.000000000000000000e+00,3.819666802883148193e-01
1.000000000000000000e+00,4.233672618865966797e-01
1.000000000000000000e+00,3.919491767883300781e-01
1.000000000000000000e+00,4.562712311744689941e-01
1.000000000000000000e+00,4.388864934444427490e-01
1.000000000000000000e+00,4.680649042129516602e-01
1.000000000000000000e+00,4.680209457874298096e-01
1.000000000000000000e+00,4.842550754547119141e-01
1.000000000000000000e+00,4.088381528854370117e-01
1.000000000000000000e+00,4.123144745826721191e-01
1.000000000000000000e+00,4.064905345439910889e-01
1.000000000000000000e+00,3.864751458168029785e-01
1.000000000000000000e+00,4.611476063728332520e-01
1.000000000000000000e+00,3.559185266494750977e-01
1.000000000000000000e+00,4.983867406845092773e-01
1.000000000000000000e+00,4.830065369606018066e-01
1.000000000000000000e+00,4.662294983863830566e-01
1.000000000000000000e+00,4.482489228248596191e-01
1.000000000000000000e+00,4.547416269779205322e-01
1.000000000000000000e+00,4.190733432769775391e-01
1.000000000000000000e+00,5.351043343544006348e-01
1.000000000000000000e+00,4.618633091449737549e-01
1.000000000000000000e+00,4.307677745819091797e-01
1.000000000000000000e+00,4.783294200897216797e-01
1.000000000000000000e+00,3.949127793312072754e-01
1.000000000000000000e+00,3.798913061618804932e-01
1.000000000000000000e+00,4.481506049633026123e-01
1.000000000000000000e+00,4.366549253463745117e-01
1.000000000000000000e+00,4.974464178085327148e-01
1.000000000000000000e+00,4.097352921962738037e-01
1.000000000000000000e+00,3.572937250137329102e-01
1.000000000000000000e+00,4.559097290039062500e-01
1.000000000000000000e+00,5.177752971649169922e-01
1.000000000000000000e+00,3.160403370857238770e-01
1.000000000000000000e+00,4.172091782093048096e-01
1.000000000000000000e+00,4.647223949432373047e-01
1.000000000000000000e+00,4.052795171737670898e-01
1.000000000000000000e+00,4.730090200901031494e-01
1.000000000000000000e+00,3.397727608680725098e-01
1.000000000000000000e+00,4.202748239040374756e-01
1.000000000000000000e+00,4.221009910106658936e-01
1.000000000000000000e+00,3.834318220615386963e-01
1.000000000000000000e+00,4.861511588096618652e-01
1.000000000000000000e+00,4.312193691730499268e-01
1.000000000000000000e+00,4.099232554435729980e-01
1.000000000000000000e+00,4.954857230186462402e-01
1.000000000000000000e+00,4.586289227008819580e-01
1.000000000000000000e+00,4.617525935173034668e-01
1.000000000000000000e+00,4.448534846305847168e-01
1.000000000000000000e+00,4.611250758171081543e-01
1.000000000000000000e+00,4.525452256202697754e-01
1.000000000000000000e+00,4.097909629344940186e-01
1.000000000000000000e+00,3.816626965999603271e-01
1.000000000000000000e+00,3.942976891994476318e-01
1.000000000000000000e+00,3.967434763908386230e-01
1.000000000000000000e+00,4.785118699073791504e-01
1.000000000000000000e+00,4.541986882686614990e-01
1.000000000000000000e+00,4.041988253593444824e-01
1.000000000000000000e+00,4.938160479068756104e-01
1.000000000000000000e+00,3.842836618423461914e-01
1.000000000000000000e+00,4.418343603610992432e-01
1.000000000000000000e+00,4.178094863891601562e-01
1.000000000000000000e+00,3.967190980911254883e-01
1.000000000000000000e+00,5.617718696594238281e-01
1.000000000000000000e+00,4.254499375820159912e-01
1.000000000000000000e+00,3.984633088111877441e-01
1.000000000000000000e+00,4.834692478179931641e-01
1.000000000000000000e+00,3.647769093513488770e-01
1.000000000000000000e+00,4.404124021530151367e-01
1.000000000000000000e+00,4.133531153202056885e-01
1.000000000000000000e+00,3.549370765686035156e-01
1.000000000000000000e+00,4.133808016777038574e-01
1.000000000000000000e+00,4.135737419128417969e-01
1.000000000000000000e+00,3.965342044830322266e-01
1.000000000000000000e+00,5.045815706253051758e-01
1.000000000000000000e+00,4.179077148437500000e-01
1.000000000000000000e+00,3.792761862277984619e-01
1.000000000000000000e+00,4.454749226570129395e-01
1.000000000000000000e+00,3.595110774040222168e-01
1.000000000000000000e+00,4.396018981933593750e-01
1.000000000000000000e+00,3.765365481376647949e-01
1.000000000000000000e+00,3.835291266441345215e-01
1.000000000000000000e+00,4.898059964179992676e-01
1.000000000000000000e+00,4.859874546527862549e-01
1.000000000000000000e+00,4.741203784942626953e-01
1.000000000000000000e+00,4.705376029014587402e-01
1.000000000000000000e+00,4.374373555183410645e-01
1.000000000000000000e+00,4.295046925544738770e-01
1.000000000000000000e+00,4.983663558959960938e-01
1.000000000000000000e+00,4.429399669170379639e-01
1.000000000000000000e+00,3.810820281505584717e-01
1.000000000000000000e+00,4.366050958633422852e-01
1.000000000000000000e+00,5.023530721664428711e-01
1.000000000000000000e+00,4.447999000549316406e-01
1.000000000000000000e+00,4.772586822509765625e-01
1.000000000000000000e+00,4.687312841415405273e-01
1.000000000000000000e+00,4.294379949569702148e-01
1.000000000000000000e+00,3.884089291095733643e-01
1.000000000000000000e+00,4.037205576896667480e-01
1.000000000000000000e+00,3.559508025646209717e-01
1.000000000000000000e+00,4.488761723041534424e-01
1.000000000000000000e+00,3.854653835296630859e-01
1.000000000000000000e+00,4.852011501789093018e-01
1.000000000000000000e+00,3.654536604881286621e-01
1.000000000000000000e+00,3.811294436454772949e-01
1.000000000000000000e+00,3.880751729011535645e-01
1.000000000000000000e+00,4.178283810615539551e-01
1.000000000000000000e+00,4.543121755123138428e-01
1.000000000000000000e+00,4.470125436782836914e-01
1.000000000000000000e+00,3.986057639122009277e-01
1.000000000000000000e+00,4.433124661445617676e-01
1.000000000000000000e+00,3.200075924396514893e-01
1.000000000000000000e+00,3.703942894935607910e-01
1.000000000000000000e+00,4.022126495838165283e-01
1.000000000000000000e+00,3.787967562675476074e-01
1.000000000000000000e+00,4.020283222198486328e-01
1.000000000000000000e+00,3.836510777473449707e-01
1.000000000000000000e+00,3.972533643245697021e-01
1.000000000000000000e+00,4.636701941490173340e-01
1.000000000000000000e+00,3.839110434055328369e-01
1.000000000000000000e+00,3.868280053138732910e-01
1.000000000000000000e+00,3.977740108966827393e-01
1.000000000000000000e+00,4.309768080711364746e-01
1.000000000000000000e+00,4.134488999843597412e-01
1.000000000000000000e+00,3.621786236763000488e-01
1.000000000000000000e+00,4.391450583934783936e-01
1.000000000000000000e+00,5.244726538658142090e-01
1.000000000000000000e+00,4.484265446662902832e-01
1.000000000000000000e+00,4.178831875324249268e-01
1.000000000000000000e+00,4.137965738773345947e-01
1.000000000000000000e+00,4.508552551269531250e-01
1.000000000000000000e+00,3.670162260532379150e-01
1.000000000000000000e+00,4.206635355949401855e-01
1.000000000000000000e+00,3.805890083312988281e-01
1.000000000000000000e+00,4.552664160728454590e-01
1.000000000000000000e+00,5.049756765365600586e-01
1.000000000000000000e+00,3.010770678520202637e-01
1.000000000000000000e+00,4.456400573253631592e-01
1.000000000000000000e+00,3.615632653236389160e-01
1.000000000000000000e+00,4.260653853416442871e-01
1.000000000000000000e+00,4.154708683490753174e-01
1.000000000000000000e+00,4.481949806213378906e-01
1.000000000000000000e+00,4.728879332542419434e-01
1.000000000000000000e+00,3.815919160842895508e-01
1.000000000000000000e+00,3.768762052059173584e-01
1.000000000000000000e+00,3.658773005008697510e-01
1.000000000000000000e+00,4.099969863891601562e-01
1.000000000000000000e+00,4.288015365600585938e-01
1.000000000000000000e+00,4.580785036087036133e-01
1.000000000000000000e+00,3.855521678924560547e-01
1.000000000000000000e+00,4.394609630107879639e-01
1.000000000000000000e+00,5.130714178085327148e-01
1.000000000000000000e+00,4.232316613197326660e-01
1.000000000000000000e+00,4.030476510524749756e-01
1.000000000000000000e+00,3.893769979476928711e-01
1.000000000000000000e+00,4.293278455734252930e-01
1.000000000000000000e+00,4.490581750869750977e-01
1.000000000000000000e+00,3.943436443805694580e-01
1.000000000000000000e+00,4.460219144821166992e-01
1.000000000000000000e+00,4.996535480022430420e-01
1.000000000000000000e+00,4.248569011688232422e-01
1.000000000000000000e+00,4.732638597488403320e-01
1.000000000000000000e+00,4.138321280479431152e-01
1.000000000000000000e+00,4.122845530509948730e-01
1.000000000000000000e+00,3.768734037876129150e-01
1.000000000000000000e+00,3.654788136482238770e-01
1.000000000000000000e+00,3.957886397838592529e-01
1.000000000000000000e+00,3.742929697036743164e-01
1.000000000000000000e+00,4.280488789081573486e-01
1.000000000000000000e+00,4.855622649192810059e-01
1.000000000000000000e+00,4.651312828063964844e-01
1.000000000000000000e+00,4.655724167823791504e-01
1.000000000000000000e+00,4.597952961921691895e-01
1.000000000000000000e+00,5.123215317726135254e-01
1.000000000000000000e+00,4.225784540176391602e-01
1.000000000000000000e+00,4.628819823265075684e-01
1.000000000000000000e+00,4.406456351280212402e-01
1.000000000000000000e+00,4.287885725498199463e-01
1.000000000000000000e+00,4.429329633712768555e-01
1.000000000000000000e+00,3.793684244155883789e-01
1.000000000000000000e+00,4.208119511604309082e-01
1.000000000000000000e+00,4.580677151679992676e-01
1.000000000000000000e+00,3.779168725013732910e-01
1.000000000000000000e+00,4.159120321273803711e-01
1.000000000000000000e+00,4.541351199150085449e-01
1.000000000000000000e+00,4.372577071189880371e-01
1.000000000000000000e+00,3.702515065670013428e-01
1.000000000000000000e+00,4.281139373779296875e-01
1.000000000000000000e+00,4.050191342830657959e-01
1.000000000000000000e+00,4.832574129104614258e-01
1.000000000000000000e+00,4.783296585083007812e-01
1.000000000000000000e+00,4.275490641593933105e-01
1.000000000000000000e+00,4.414461553096771240e-01
1.000000000000000000e+00,3.390724360942840576e-01
1.000000000000000000e+00,4.944522380828857422e-01
1.000000000000000000e+00,4.668779075145721436e-01
1.000000000000000000e+00,3.721628785133361816e-01
1.000000000000000000e+00,4.720032513141632080e-01
1.000000000000000000e+00,3.834638297557830811e-01
1.000000000000000000e+00,4.005170464515686035e-01
1.000000000000000000e+00,3.844114542007446289e-01
1.000000000000000000e+00,3.833070993423461914e-01
1.000000000000000000e+00,4.116824865341186523e-01
1.000000000000000000e+00,3.599733412265777588e-01
1.000000000000000000e+00,3.877938985824584961e-01
1.000000000000000000e+00,4.285322427749633789e-01
1.000000000000000000e+00,4.563702940940856934e-01
1.000000000000000000e+00,4.007331132888793945e-01
1.000000000000000000e+00,3.726682960987091064e-01
1.000000000000000000e+00,5.661421418190002441e-01
1.000000000000000000e+00,3.800620138645172119e-01
1.000000000000000000e+00,4.523037075996398926e-01
1.000000000000000000e+00,4.511919617652893066e-01
1.000000000000000000e+00,3.706114888191223145e-01
1.000000000000000000e+00,3.947956562042236328e-01
1.000000000000000000e+00,3.859085440635681152e-01
1.000000000000000000e+00,4.484720230102539062e-01
1.000000000000000000e+00,3.602965474128723145e-01
1.000000000000000000e+00,4.984230697154998779e-01
1.000000000000000000e+00,3.769656121730804443e-01
1.000000000000000000e+00,4.614081978797912598e-01
1.000000000000000000e+00,3.712441325187683105e-01
1.000000000000000000e+00,4.224346876144409180e-01
1.000000000000000000e+00,4.666392803192138672e-01
1.000000000000000000e+00,3.976141512393951416e-01
1.000000000000000000e+00,4.373256564140319824e-01
1.000000000000000000e+00,3.512057960033416748e-01
1.000000000000000000e+00,4.241558313369750977e-01
1.000000000000000000e+00,3.762331306934356689e-01
1.000000000000000000e+00,4.764367938041687012e-01
1.000000000000000000e+00,3.938859105110168457e-01
1.000000000000000000e+00,3.938379287719726562e-01
1.000000000000000000e+00,4.693229496479034424e-01
1.000000000000000000e+00,3.741257786750793457e-01
1.000000000000000000e+00,4.798926115036010742e-01
1.000000000000000000e+00,4.307833015918731689e-01
1.000000000000000000e+00,4.334824383258819580e-01
1.000000000000000000e+00,3.784618675708770752e-01
1.000000000000000000e+00,4.166463017463684082e-01
1.000000000000000000e+00,4.871722459793090820e-01
1.000000000000000000e+00,3.903926610946655273e-01
1.000000000000000000e+00,3.909382522106170654e-01
1.000000000000000000e+00,4.198311567306518555e-01
1.000000000000000000e+00,4.823112189769744873e-01
1.000000000000000000e+00,4.654739499092102051e-01
1.000000000000000000e+00,4.915650486946105957e-01
1.000000000000000000e+00,5.151712894439697266e-01
1.000000000000000000e+00,4.394943118095397949e-01
1.000000000000000000e+00,4.581444263458251953e-01
1.000000000000000000e+00,4.383140802383422852e-01
1.000000000000000000e+00,4.125472009181976318e-01
1.000000000000000000e+00,4.383505880832672119e-01
1.000000000000000000e+00,4.302448332309722900e-01
1.000000000000000000e+00,4.500579833984375000e-01
1.000000000000000000e+00,3.824738860130310059e-01
1.000000000000000000e+00,4.340342879295349121e-01
1.000000000000000000e+00,4.887476265430450439e-01
1.000000000000000000e+00,4.403647482395172119e-01
1.000000000000000000e+00,4.543171525001525879e-01
1.000000000000000000e+00,3.496755957603454590e-01
1.000000000000000000e+00,3.897702693939208984e-01
1.000000000000000000e+00,3.680567145347595215e-01
1.000000000000000000e+00,4.959544241428375244e-01
1.000000000000000000e+00,4.828689098358154297e-01
1.000000000000000000e+00,4.579880833625793457e-01
1.000000000000000000e+00,4.602228403091430664e-01
1.000000000000000000e+00,3.464644849300384521e-01
1.000000000000000000e+00,3.431043028831481934e-01
1.000000000000000000e+00,4.271131157875061035e-01
1.000000000000000000e+00,3.913643956184387207e-01
1.000000000000000000e+00,3.982369303703308105e-01
1.000000000000000000e+00,3.905133008956909180e-01
1.000000000000000000e+00,3.792104721069335938e-01
1.000000000000000000e+00,4.003511667251586914e-01
1.000000000000000000e+00,3.888542056083679199e-01
1.000000000000000000e+00,3.846534490585327148e-01
1.000000000000000000e+00,4.217783212661743164e-01
1.000000000000000000e+00,3.942067921161651611e-01
1.000000000000000000e+00,4.408704638481140137e-01
1.000000000000000000e+00,3.515195548534393311e-01
1.000000000000000000e+00,3.753688335418701172e-01
1.000000000000000000e+00,4.737260341644287109e-01
1.000000000000000000e+00,4.631625413894653320e-01
1.000000000000000000e+00,3.846431374549865723e-01
1.000000000000000000e+00,3.085880279541015625e-01
1.000000000000000000e+00,4.012317061424255371e-01
1.000000000000000000e+00,3.998403847217559814e-01
1.000000000000000000e+00,4.128523468971252441e-01
1.000000000000000000e+00,4.524771571159362793e-01
1.000000000000000000e+00,4.109839200973510742e-01
1.000000000000000000e+00,4.259031116962432861e-01
1.000000000000000000e+00,3.799557387828826904e-01
1.000000000000000000e+00,3.613367676734924316e-01
1.000000000000000000e+00,4.495155215263366699e-01
1.000000000000000000e+00,4.324713051319122314e-01
1.000000000000000000e+00,4.035211801528930664e-01
1.000000000000000000e+00,4.877936840057373047e-01
1.000000000000000000e+00,4.809509813785552979e-01
1.000000000000000000e+00,4.036579728126525879e-01
1.000000000000000000e+00,4.120538532733917236e-01
1.000000000000000000e+00,5.847178697586059570e-01
1.000000000000000000e+00,4.307599067687988281e-01
1.000000000000000000e+00,3.625065982341766357e-01
1.000000000000000000e+00,4.518576264381408691e-01
1.000000000000000000e+00,4.712712168693542480e-01
1.000000000000000000e+00,4.471527636051177979e-01
1.000000000000000000e+00,5.772404670715332031e-01
1.000000000000000000e+00,3.796904087066650391e-01
1.000000000000000000e+00,3.748776912689208984e-01
1.000000000000000000e+00,3.906932771205902100e-01
1.000000000000000000e+00,4.283110499382019043e-01
1.000000000000000000e+00,4.838981032371520996e-01
1.000000000000000000e+00,4.031031727790832520e-01
1.000000000000000000e+00,4.122904539108276367e-01
1.000000000000000000e+00,4.329512715339660645e-01
1.000000000000000000e+00,3.908981680870056152e-01
1.000000000000000000e+00,4.229860901832580566e-01
1.000000000000000000e+00,3.899673223495483398e-01
1.000000000000000000e+00,3.849315047264099121e-01
1.000000000000000000e+00,4.601206779479980469e-01
1.000000000000000000e+00,5.559127330780029297e-01
1.000000000000000000e+00,3.807563781738281250e-01
1.000000000000000000e+00,4.541677534580230713e-01
1.000000000000000000e+00,3.800017237663269043e-01
1.000000000000000000e+00,3.918471038341522217e-01
1.000000000000000000e+00,4.403965473175048828e-01
1.000000000000000000e+00,5.011068582534790039e-01
1.000000000000000000e+00,4.507465660572052002e-01
1.000000000000000000e+00,4.041214585304260254e-01
1.000000000000000000e+00,4.428674280643463135e-01
1.000000000000000000e+00,4.602249264717102051e-01
1.000000000000000000e+00,3.494532108306884766e-01
1.000000000000000000e+00,3.684813380241394043e-01
1.000000000000000000e+00,4.141729176044464111e-01
1.000000000000000000e+00,3.976450860500335693e-01
1.000000000000000000e+00,3.738966286182403564e-01
1.000000000000000000e+00,4.465273618698120117e-01
1.000000000000000000e+00,3.179062604904174805e-01
1.000000000000000000e+00,4.734482169151306152e-01
1.000000000000000000e+00,3.980794847011566162e-01
1.000000000000000000e+00,4.660588800907135010e-01
1.000000000000000000e+00,4.806799292564392090e-01
1.000000000000000000e+00,4.234527349472045898e-01
1.000000000000000000e+00,4.287475645542144775e-01
1.000000000000000000e+00,4.047608375549316406e-01
1.000000000000000000e+00,5.291458964347839355e-01
1.000000000000000000e+00,4.078858494758605957e-01
1.000000000000000000e+00,4.710666537284851074e-01
1.000000000000000000e+00,4.074302315711975098e-01
1.000000000000000000e+00,4.524402022361755371e-01
1.000000000000000000e+00,4.754664897918701172e-01
1.000000000000000000e+00,4.486728310585021973e-01
1.000000000000000000e+00,5.860369801521301270e-01
1.000000000000000000e+00,3.542747497558593750e-01
1.000000000000000000e+00,3.821105360984802246e-01
1.000000000000000000e+00,4.446710348129272461e-01
1.000000000000000000e+00,4.955917000770568848e-01
1.000000000000000000e+00,3.876486718654632568e-01
1.000000000000000000e+00,3.783834874629974365e-01
1.000000000000000000e+00,3.795065283775329590e-01
1.000000000000000000e+00,4.282685518264770508e-01
1.000000000000000000e+00,4.071980714797973633e-01
1.000000000000000000e+00,3.258244991302490234e-01
1.000000000000000000e+00,3.670797049999237061e-01
1.000000000000000000e+00,3.849399089813232422e-01
1.000000000000000000e+00,4.920922517776489258e-01
1.000000000000000000e+00,3.608309030532836914e-01
1.000000000000000000e+00,5.011110901832580566e-01
1.000000000000000000e+00,3.168259263038635254e-01
1.000000000000000000e+00,3.819596767425537109e-01
1.000000000000000000e+00,3.991920650005340576e-01
1.000000000000000000e+00,5.134263634681701660e-01
1.000000000000000000e+00,4.488233327865600586e-01
1.000000000000000000e+00,3.932136893272399902e-01
1.000000000000000000e+00,3.560877442359924316e-01
1.000000000000000000e+00,3.830399215221405029e-01
1.000000000000000000e+00,3.895018696784973145e-01
1.000000000000000000e+00,4.517034888267517090e-01
1.000000000000000000e+00,4.036974906921386719e-01
1.000000000000000000e+00,3.837821483612060547e-01
1.000000000000000000e+00,3.710061311721801758e-01
1.000000000000000000e+00,3.872519135475158691e-01
1.000000000000000000e+00,4.133593142032623291e-01
1.000000000000000000e+00,4.416134953498840332e-01
1.000000000000000000e+00,4.287156462669372559e-01
1.000000000000000000e+00,3.803382217884063721e-01
1.000000000000000000e+00,3.761669993400573730e-01
1.000000000000000000e+00,4.999694526195526123e-01
1.000000000000000000e+00,4.352340698242187500e-01
1.000000000000000000e+00,4.287639856338500977e-01
1.000000000000000000e+00,4.244887828826904297e-01
1.000000000000000000e+00,4.605891108512878418e-01
1.000000000000000000e+00,4.596150219440460205e-01
1.000000000000000000e+00,3.230980336666107178e-01
1.000000000000000000e+00,4.270156323909759521e-01
1.000000000000000000e+00,3.703591823577880859e-01
1.000000000000000000e+00,3.674651384353637695e-01
1.000000000000000000e+00,4.129516482353210449e-01
1.000000000000000000e+00,4.539334774017333984e-01
1.000000000000000000e+00,4.365598857402801514e-01
1.000000000000000000e+00,3.773451149463653564e-01
1.000000000000000000e+00,3.874359130859375000e-01
1.000000000000000000e+00,4.376782178878784180e-01
1.000000000000000000e+00,4.815689921379089355e-01
1.000000000000000000e+00,4.144943952560424805e-01
1.000000000000000000e+00,3.557569086551666260e-01
1.000000000000000000e+00,4.255595207214355469e-01
1.000000000000000000e+00,3.789905607700347900e-01
1.000000000000000000e+00,3.732814788818359375e-01
1.000000000000000000e+00,3.907142579555511475e-01
1.000000000000000000e+00,3.740209341049194336e-01
1.000000000000000000e+00,4.997069239616394043e-01
1.000000000000000000e+00,4.314654171466827393e-01
1.000000000000000000e+00,4.187958240509033203e-01
1.000000000000000000e+00,4.268001317977905273e-01
1.000000000000000000e+00,4.705570340156555176e-01
1.000000000000000000e+00,5.045968294143676758e-01
1.000000000000000000e+00,3.796541392803192139e-01
1.000000000000000000e+00,3.864565491676330566e-01
1.000000000000000000e+00,5.671091079711914062e-01
1.000000000000000000e+00,3.814950883388519287e-01
1.000000000000000000e+00,4.418279826641082764e-01
1.000000000000000000e+00,4.386794567108154297e-01
1.000000000000000000e+00,4.234827160835266113e-01
1.000000000000000000e+00,4.110175073146820068e-01
1.000000000000000000e+00,3.421698808670043945e-01
1.000000000000000000e+00,4.085198044776916504e-01
1.000000000000000000e+00,3.878058493137359619e-01
1.000000000000000000e+00,3.969504833221435547e-01
1.000000000000000000e+00,5.282418727874755859e-01
1.000000000000000000e+00,4.588369131088256836e-01
1.000000000000000000e+00,3.939354419708251953e-01
1.000000000000000000e+00,4.335659146308898926e-01
1.000000000000000000e+00,3.982257246971130371e-01
1.000000000000000000e+00,4.136535227298736572e-01
1.000000000000000000e+00,4.064645469188690186e-01
1.000000000000000000e+00,4.688675701618194580e-01
1.000000000000000000e+00,4.030379354953765869e-01
1.000000000000000000e+00,4.619481563568115234e-01
1.000000000000000000e+00,3.644326925277709961e-01
1.000000000000000000e+00,4.291799962520599365e-01
1.000000000000000000e+00,4.668868780136108398e-01
1.000000000000000000e+00,4.547047615051269531e-01
1.000000000000000000e+00,3.686322867870330811e-01
1.000000000000000000e+00,3.709377944469451904e-01
1.000000000000000000e+00,3.917265832424163818e-01
1.000000000000000000e+00,3.865712583065032959e-01
1.000000000000000000e+00,3.569486141204833984e-01
1.000000000000000000e+00,3.879395127296447754e-01
1.000000000000000000e+00,3.895378410816192627e-01
1.000000000000000000e+00,5.974298715591430664e-01
1.000000000000000000e+00,3.906043767929077148e-01
1.000000000000000000e+00,4.899869561195373535e-01
1.000000000000000000e+00,4.388624131679534912e-01
1.000000000000000000e+00,4.365538358688354492e-01
1.000000000000000000e+00,4.075778424739837646e-01
1.000000000000000000e+00,4.596050083637237549e-01
1.000000000000000000e+00,4.625939130783081055e-01
1.000000000000000000e+00,4.590381383895874023e-01
1.000000000000000000e+00,4.125349521636962891e-01
1.000000000000000000e+00,4.444791674613952637e-01
1.000000000000000000e+00,4.384635686874389648e-01
1.000000000000000000e+00,4.382999837398529053e-01
1.000000000000000000e+00,4.687051177024841309e-01
1.000000000000000000e+00,4.694997370243072510e-01
1.000000000000000000e+00,4.792184233665466309e-01
1.000000000000000000e+00,3.673099279403686523e-01
1.000000000000000000e+00,3.857978582382202148e-01
1.000000000000000000e+00,4.002110660076141357e-01
1.000000000000000000e+00,4.445071816444396973e-01
1.000000000000000000e+00,3.602030575275421143e-01
1.000000000000000000e+00,3.920949995517730713e-01
1.000000000000000000e+00,3.556690812110900879e-01
1.000000000000000000e+00,4.374893307685852051e-01
1.000000000000000000e+00,4.455497860908508301e-01
1.000000000000000000e+00,3.215205371379852295e-01
1.000000000000000000e+00,3.950061202049255371e-01
1.000000000000000000e+00,5.128800868988037109e-01
1.000000000000000000e+00,4.102430343627929688e-01
1.000000000000000000e+00,4.935384988784790039e-01
1.000000000000000000e+00,4.783304929733276367e-01
1.000000000000000000e+00,3.602571785449981689e-01
1.000000000000000000e+00,4.859542846679687500e-01
1.000000000000000000e+00,4.176807105541229248e-01
1.000000000000000000e+00,3.308013975620269775e-01
1.000000000000000000e+00,4.062095880508422852e-01
1.000000000000000000e+00,3.826210498809814453e-01
1.000000000000000000e+00,4.167483448982238770e-01
1.000000000000000000e+00,4.116170108318328857e-01
1.000000000000000000e+00,3.881489932537078857e-01
1.000000000000000000e+00,4.141100347042083740e-01
1.000000000000000000e+00,4.343388676643371582e-01
1.000000000000000000e+00,3.602688908576965332e-01
1.000000000000000000e+00,4.364327788352966309e-01
1.000000000000000000e+00,4.372370839118957520e-01
1.000000000000000000e+00,4.251293540000915527e-01
1.000000000000000000e+00,4.785168766975402832e-01
1.000000000000000000e+00,4.215548038482666016e-01
1.000000000000000000e+00,5.384933948516845703e-01
1.000000000000000000e+00,4.391710758209228516e-01
1.000000000000000000e+00,4.426193833351135254e-01
1.000000000000000000e+00,4.231963157653808594e-01
1.000000000000000000e+00,3.213717639446258545e-01
1.000000000000000000e+00,3.920174539089202881e-01
1.000000000000000000e+00,3.621068596839904785e-01
1.000000000000000000e+00,4.286679327487945557e-01
1.000000000000000000e+00,4.388395547866821289e-01
1.000000000000000000e+00,4.316820204257965088e-01
1.000000000000000000e+00,3.746370673179626465e-01
1.000000000000000000e+00,3.573585748672485352e-01
1.000000000000000000e+00,4.697876572608947754e-01
1.000000000000000000e+00,3.873271942138671875e-01
1.000000000000000000e+00,4.057211279869079590e-01
1.000000000000000000e+00,4.279934167861938477e-01
1.000000000000000000e+00,4.232516884803771973e-01
1.000000000000000000e+00,4.348047375679016113e-01
1.000000000000000000e+00,4.160430729389190674e-01
1.000000000000000000e+00,3.942765593528747559e-01
1.000000000000000000e+00,4.252893924713134766e-01
1.000000000000000000e+00,4.717654585838317871e-01
1.000000000000000000e+00,4.126078486442565918e-01
1.000000000000000000e+00,4.316175282001495361e-01
1.000000000000000000e+00,4.805151224136352539e-01
1.000000000000000000e+00,4.691148102283477783e-01
1.000000000000000000e+00,4.871397912502288818e-01
1.000000000000000000e+00,4.993662238121032715e-01
1.000000000000000000e+00,4.083644449710845947e-01
1.000000000000000000e+00,4.782201349735260010e-01
1.000000000000000000e+00,4.788493514060974121e-01
1.000000000000000000e+00,3.853538334369659424e-01
1.000000000000000000e+00,5.110836029052734375e-01
1.000000000000000000e+00,4.386739134788513184e-01
1.000000000000000000e+00,4.244016110897064209e-01
1.000000000000000000e+00,4.514458775520324707e-01
1.000000000000000000e+00,3.872587382793426514e-01
1.000000000000000000e+00,4.058046638965606689e-01
1.000000000000000000e+00,4.644932150840759277e-01
1.000000000000000000e+00,5.528328418731689453e-01
1.000000000000000000e+00,5.808908939361572266e-01
1.000000000000000000e+00,4.386293888092041016e-01
1.000000000000000000e+00,4.099969863891601562e-01
1.000000000000000000e+00,4.138978719711303711e-01
1.000000000000000000e+00,4.339842200279235840e-01
1.000000000000000000e+00,4.286033809185028076e-01
1.000000000000000000e+00,4.952675402164459229e-01
1.000000000000000000e+00,4.190183281898498535e-01
1.000000000000000000e+00,4.308749437332153320e-01
1.000000000000000000e+00,4.430314898490905762e-01
1.000000000000000000e+00,4.363106787204742432e-01
1.000000000000000000e+00,4.066569805145263672e-01
1.000000000000000000e+00,4.734250307083129883e-01
1.000000000000000000e+00,3.869422674179077148e-01
1.000000000000000000e+00,3.732706010341644287e-01
1.000000000000000000e+00,4.134495258331298828e-01
1.000000000000000000e+00,3.443965315818786621e-01
1.000000000000000000e+00,5.700540542602539062e-01
1.000000000000000000e+00,3.784303069114685059e-01
1.000000000000000000e+00,3.461762964725494385e-01
1.000000000000000000e+00,4.390231072902679443e-01
1.000000000000000000e+00,4.547056555747985840e-01
1.000000000000000000e+00,4.471384286880493164e-01
1.000000000000000000e+00,3.977410793304443359e-01
1.000000000000000000e+00,4.317138791084289551e-01
1.000000000000000000e+00,4.472242593765258789e-01
1.000000000000000000e+00,5.017813444137573242e-01
1.000000000000000000e+00,4.395214617252349854e-01
1.000000000000000000e+00,5.085767507553100586e-01
1.000000000000000000e+00,4.320326447486877441e-01
1.000000000000000000e+00,4.705728888511657715e-01
1.000000000000000000e+00,4.184002280235290527e-01
1.000000000000000000e+00,4.743774831295013428e-01
1.000000000000000000e+00,4.438740611076354980e-01
1.000000000000000000e+00,4.914664626121520996e-01
1.000000000000000000e+00,3.593059480190277100e-01
1.000000000000000000e+00,4.491632580757141113e-01
1.000000000000000000e+00,4.175267219543457031e-01
1.000000000000000000e+00,5.871696472167968750e-01
1.000000000000000000e+00,3.965871930122375488e-01
1.000000000000000000e+00,4.168031811714172363e-01
1.000000000000000000e+00,4.510909914970397949e-01
1.000000000000000000e+00,4.107934236526489258e-01
1.000000000000000000e+00,3.653259873390197754e-01
1.000000000000000000e+00,3.920346498489379883e-01
1.000000000000000000e+00,3.952673077583312988e-01
1.000000000000000000e+00,5.068771243095397949e-01
1.000000000000000000e+00,4.108886122703552246e-01
1.000000000000000000e+00,4.295351505279541016e-01
1.000000000000000000e+00,3.750428259372711182e-01
1.000000000000000000e+00,3.857329487800598145e-01
1.000000000000000000e+00,4.142314195632934570e-01
1.000000000000000000e+00,4.551469683647155762e-01
1.000000000000000000e+00,3.995262980461120605e-01
1.000000000000000000e+00,3.733263909816741943e-01
1.000000000000000000e+00,4.299893379211425781e-01
1.000000000000000000e+00,4.548881053924560547e-01
1.000000000000000000e+00,4.304049611091613770e-01
1.000000000000000000e+00,3.883899450302124023e-01
1.000000000000000000e+00,4.179751276969909668e-01
1.000000000000000000e+00,4.079165160655975342e-01
1.000000000000000000e+00,4.387091696262359619e-01
1.000000000000000000e+00,3.845049142837524414e-01
1.000000000000000000e+00,4.054325222969055176e-01
1.000000000000000000e+00,5.451876521110534668e-01
1.000000000000000000e+00,4.750732183456420898e-01
1.000000000000000000e+00,4.340581297874450684e-01
1.000000000000000000e+00,4.269382953643798828e-01
1.000000000000000000e+00,4.987716376781463623e-01
1.000000000000000000e+00,3.673217296600341797e-01
1.000000000000000000e+00,3.674061894416809082e-01
1.000000000000000000e+00,4.139503836631774902e-01
1.000000000000000000e+00,4.228450655937194824e-01
1.000000000000000000e+00,4.619153738021850586e-01
1.000000000000000000e+00,4.671747088432312012e-01
1.000000000000000000e+00,3.068224191665649414e-01
1.000000000000000000e+00,4.146279394626617432e-01
1.000000000000000000e+00,4.571779370307922363e-01
1.000000000000000000e+00,3.621010184288024902e-01
1.000000000000000000e+00,4.210943579673767090e-01
1.000000000000000000e+00,4.587597250938415527e-01
1.000000000000000000e+00,3.515611290931701660e-01
1.000000000000000000e+00,4.242663085460662842e-01
1.000000000000000000e+00,4.103296101093292236e-01
1.000000000000000000e+00,4.282812774181365967e-01
1.000000000000000000e+00,4.150004982948303223e-01
1.000000000000000000e+00,4.907062351703643799e-01
1.000000000000000000e+00,4.553800821304321289e-01
1.000000000000000000e+00,4.393793344497680664e-01
1.000000000000000000e+00,4.166600108146667480e-01
1.000000000000000000e+00,4.109174311161041260e-01
1.000000000000000000e+00,4.543219804763793945e-01
1.000000000000000000e+00,4.915099740028381348e-01
1.000000000000000000e+00,4.082198441028594971e-01
1.000000000000000000e+00,4.019975066184997559e-01
1.000000000000000000e+00,4.211282432079315186e-01
1.000000000000000000e+00,4.075041115283966064e-01
1.000000000000000000e+00,3.936177194118499756e-01
1.000000000000000000e+00,4.375548660755157471e-01
1.000000000000000000e+00,4.142253696918487549e-01
