label,score
0.000000000000000000e+00,4.295633137226104736e-01
0.000000000000000000e+00,3.886385858058929443e-01
0.000000000000000000e+00,1.875799298286437988e-01
0.000000000000000000e+00,2.240773439407348633e-01
0.000000000000000000e+00,2.389860451221466064e-01
0.000000000000000000e+00,1.564801931381225586e-01
0.000000000000000000e+00,2.098467051982879639e-01
0.000000000000000000e+00,1.604603677988052368e-01
0.000000000000000000e+00,1.997701078653335571e-01
0.000000000000000000e+00,1.679012030363082886e-01
0.000000000000000000e+00,1.911514103412628174e-01
0.000000000000000000e+00,1.747825592756271362e-01
0.000000000000000000e+00,3.147822916507720947e-01
0.000000000000000000e+00,2.036069929599761963e-01
0.000000000000000000e+00,2.146259397268295288e-01
0.000000000000000000e+00,1.382409036159515381e-01
0.000000000000000000e+00,1.585807502269744873e-01
0.000000000000000000e+00,1.990426033735275269e-01
0.000000000000000000e+00,1.661909818649291992e-01
0.000000000000000000e+00,1.713658571243286133e-01
0.000000000000000000e+00,1.883569955825805664e-01
0.000000000000000000e+00,1.772900074720382690e-01
0.000000000000000000e+00,1.898992508649826050e-01
0.000000000000000000e+00,2.389834523200988770e-01
0.000000000000000000e+00,1.887969225645065308e-01
0.000000000000000000e+00,1.805808544158935547e-01
0.000000000000000000e+00,2.098321318626403809e-01
0.000000000000000000e+00,1.862875819206237793e-01
0.000000000000000000e+00,1.562049984931945801e-01
0.000000000000000000e+00,1.896845400333404541e-01
0.000000000000000000e+00,1.935139149427413940e-01
0.000000000000000000e+00,2.576097249984741211e-01
0.000000000000000000e+00,2.165665328502655029e-01
0.000000000000000000e+00,1.747785061597824097e-01
0.000000000000000000e+00,2.352407872676849365e-01
0.000000000000000000e+00,1.827247440814971924e-01
0.000000000000000000e+00,1.828136146068572998e-01
0.000000000000000000e+00,1.784422248601913452e-01
0.000000000000000000e+00,1.915039867162704468e-01
0.000000000000000000e+00,1.901928335428237915e-01
0.000000000000000000e+00,1.832339018583297729e-01
0.000000000000000000e+00,1.393999010324478149e-01
0.000000000000000000e+00,2.009027749300003052e-01
0.000000000000000000e+00,2.435611635446548462e-01
0.000000000000000000e+00,1.772177666425704956e-01
0.000000000000000000e+00,1.893260776996612549e-01
0.000000000000000000e+00,1.761640608310699463e-01
0.000000000000000000e+00,1.662006527185440063e-01
0.000000000000000000e+00,1.597025394439697266e-01
0.000000000000000000e+00,1.732082217931747437e-01
0.000000000000000000e+00,1.762818992137908936e-01
0.000000000000000000e+00,1.593409478664398193e-01
0.000000000000000000e+00,1.886346340179443359e-01
0.000000000000000000e+00,2.484152317047119141e-01
0.000000000000000000e+00,1.777261197566986084e-01
0.000000000000000000e+00,2.414647489786148071e-01
0.000000000000000000e+00,2.053765356540679932e-01
0.000000000000000000e+00,2.884871661663055420e-01
0.000000000000000000e+00,1.635028868913650513e-01
0.000000000000000000e+00,1.517218351364135742e-01
0.000000000000000000e+00,1.694745421409606934e-01
0.000000000000000000e+00,1.770186424255371094e-01
0.000000000000000000e+00,2.020856440067291260e-01
0.000000000000000000e+00,1.661666184663772583e-01
0.000000000000000000e+00,1.558660417795181274e-01
0.000000000000000000e+00,1.793663352727890015e-01
0.000000000000000000e+00,1.494582146406173706e-01
0.000000000000000000e+00,1.852532178163528442e-01
0.000000000000000000e+00,2.339198589324951172e-01
0.000000000000000000e+00,1.924854218959808350e-01
0.000000000000000000e+00,1.575454920530319214e-01
0.000000000000000000e+00,1.829227954149246216e-01
0.000000000000000000e+00,1.832608580589294434e-01
0.000000000000000000e+00,1.850324124097824097e-01
0.000000000000000000e+00,2.108465284109115601e-01
0.000000000000000000e+00,1.841617673635482788e-01
0.000000000000000000e+00,2.126362323760986328e-01
0.000000000000000000e+00,2.127813249826431274e-01
0.000000000000000000e+00,1.623573005199432373e-01
0.000000000000000000e+00,3.155341148376464844e-01
0.000000000000000000e+00,1.689623594284057617e-01
0.000000000000000000e+00,1.693329960107803345e-01
0.000000000000000000e+00,2.183512151241302490e-01
0.000000000000000000e+00,1.962875574827194214e-01
0.000000000000000000e+00,2.250178009271621704e-01
0.000000000000000000e+00,1.747210770845413208e-01
0.000000000000000000e+00,2.111554443836212158e-01
0.000000000000000000e+00,1.895825862884521484e-01
0.000000000000000000e+00,1.928879767656326294e-01
0.000000000000000000e+00,2.053821533918380737e-01
0.000000000000000000e+00,1.990915685892105103e-01
0.000000000000000000e+00,1.615858376026153564e-01
0.000000000000000000e+00,1.656964123249053955e-01
0.000000000000000000e+00,1.912916153669357300e-01
0.000000000000000000e+00,1.783899366855621338e-01
0.000000000000000000e+00,1.967944949865341187e-01
0.000000000000000000e+00,1.754584610462188721e-01
0.000000000000000000e+00,1.723602116107940674e-01
0.000000000000000000e+00,1.714022159576416016e-01
0.000000000000000000e+00,1.734559535980224609e-01
0.000000000000000000e+00,2.090767621994018555e-01
0.000000000000000000e+00,2.114215046167373657e-01
0.000000000000000000e+00,1.981766968965530396e-01
0.000000000000000000e+00,3.159775733947753906e-01
0.000000000000000000e+00,2.128747254610061646e-01
0.000000000000000000e+00,1.869400143623352051e-01
0.000000000000000000e+00,1.872165650129318237e-01
0.000000000000000000e+00,1.684427559375762939e-01
0.000000000000000000e+00,1.704044491052627563e-01
0.000000000000000000e+00,1.494051814079284668e-01
0.000000000000000000e+00,2.191953063011169434e-01
0.000000000000000000e+00,1.568515449762344360e-01
0.000000000000000000e+00,2.323675155639648438e-01
0.000000000000000000e+00,1.969180554151535034e-01
0.000000000000000000e+00,1.937562376260757446e-01
0.000000000000000000e+00,2.845804691314697266e-01
0.000000000000000000e+00,2.102466970682144165e-01
0.000000000000000000e+00,1.735811084508895874e-01
0.000000000000000000e+00,1.683912426233291626e-01
0.000000000000000000e+00,1.793924570083618164e-01
0.000000000000000000e+00,1.876141726970672607e-01
0.000000000000000000e+00,2.186573147773742676e-01
0.000000000000000000e+00,2.252037674188613892e-01
0.000000000000000000e+00,2.468377649784088135e-01
0.000000000000000000e+00,2.294915616512298584e-01
0.000000000000000000e+00,1.807958185672760010e-01
0.000000000000000000e+00,1.954000294208526611e-01
0.000000000000000000e+00,2.053515464067459106e-01
0.000000000000000000e+00,2.219863235950469971e-01
0.000000000000000000e+00,1.728427559137344360e-01
0.000000000000000000e+00,1.484829187393188477e-01
0.000000000000000000e+00,1.723376810550689697e-01
0.000000000000000000e+00,1.873040050268173218e-01
0.000000000000000000e+00,1.520591527223587036e-01
0.000000000000000000e+00,2.177478075027465820e-01
0.000000000000000000e+00,1.788361221551895142e-01
0.000000000000000000e+00,1.750683188438415527e-01
0.000000000000000000e+00,1.815595179796218872e-01
0.000000000000000000e+00,1.676158905029296875e-01
0.000000000000000000e+00,1.833527237176895142e-01
0.000000000000000000e+00,1.938567906618118286e-01
0.000000000000000000e+00,2.042336165904998779e-01
0.000000000000000000e+00,1.857628226280212402e-01
0.000000000000000000e+00,1.566833406686782837e-01
0.000000000000000000e+00,1.739983111619949341e-01
0.000000000000000000e+00,2.401292026042938232e-01
0.000000000000000000e+00,1.626922190189361572e-01
0.000000000000000000e+00,2.067118585109710693e-01
0.000000000000000000e+00,1.717516183853149414e-01
0.000000000000000000e+00,1.698089540004730225e-01
0.000000000000000000e+00,1.874529421329498291e-01
0.000000000000000000e+00,1.645665764808654785e-01
0.000000000000000000e+00,1.785555630922317505e-01
0.000000000000000000e+00,2.270821183919906616e-01
0.000000000000000000e+00,1.694445461034774780e-01
0.000000000000000000e+00,1.869444847106933594e-01
0.000000000000000000e+00,1.747830808162689209e-01
0.000000000000000000e+00,1.977040171623229980e-01
0.000000000000000000e+00,1.948302686214447021e-01
0.000000000000000000e+00,1.797729134559631348e-01
0.000000000000000000e+00,2.651203274726867676e-01
0.000000000000000000e+00,1.694207489490509033e-01
0.000000000000000000e+00,1.943589895963668823e-01
0.000000000000000000e+00,1.605586707592010498e-01
0.000000000000000000e+00,2.835178077220916748e-01
0.000000000000000000e+00,2.732236981391906738e-01
0.000000000000000000e+00,2.008742541074752808e-01
0.000000000000000000e+00,2.496097683906555176e-01
0.000000000000000000e+00,2.042502164840698242e-01
0.000000000000000000e+00,3.378520607948303223e-01
0.000000000000000000e+00,1.871981918811798096e-01
0.000000000000000000e+00,2.136898189783096313e-01
0.000000000000000000e+00,2.773385643959045410e-01
0.000000000000000000e+00,1.858503073453903198e-01
0.000000000000000000e+00,1.967379301786422729e-01
0.000000000000000000e+00,2.018899768590927124e-01
0.000000000000000000e+00,2.366901040077209473e-01
0.000000000000000000e+00,2.200588136911392212e-01
0.000000000000000000e+00,2.012741565704345703e-01
0.000000000000000000e+00,1.924806237220764160e-01
0.000000000000000000e+00,1.797400116920471191e-01
0.000000000000000000e+00,1.837711036205291748e-01
0.000000000000000000e+00,2.577807009220123291e-01
0.000000000000000000e+00,2.517799735069274902e-01
0.000000000000000000e+00,2.208711057901382446e-01
0.000000000000000000e+00,1.885034888982772827e-01
0.000000000000000000e+00,2.174111008644104004e-01
0.000000000000000000e+00,2.177356779575347900e-01
0.000000000000000000e+00,2.203046232461929321e-01
0.000000000000000000e+00,2.075228095054626465e-01
0.000000000000000000e+00,1.921042799949645996e-01
0.000000000000000000e+00,1.992887407541275024e-01
0.000000000000000000e+00,2.199347615242004395e-01
0.000000000000000000e+00,2.456894218921661377e-01
0.000000000000000000e+00,1.854217946529388428e-01
0.000000000000000000e+00,2.445791959762573242e-01
0.000000000000000000e+00,1.984102129936218262e-01
0.000000000000000000e+00,2.519184947013854980e-01
0.000000000000000000e+00,3.991834819316864014e-01
0.000000000000000000e+00,4.109512269496917725e-01
0.000000000000000000e+00,2.464696764945983887e-01
0.000000000000000000e+00,2.040450572967529297e-01
0.000000000000000000e+00,2.436704486608505249e-01
0.000000000000000000e+00,1.880174726247787476e-01
0.000000000000000000e+00,2.637389302253723145e-01
0.000000000000000000e+00,2.322445213794708252e-01
0.000000000000000000e+00,3.189013898372650146e-01
0.000000000000000000e+00,2.074247598648071289e-01
0.000000000000000000e+00,2.223480045795440674e-01
0.000000000000000000e+00,1.582422107458114624e-01
0.000000000000000000e+00,2.317940443754196167e-01
0.000000000000000000e+00,3.767759501934051514e-01
0.000000000000000000e+00,2.743369638919830322e-01
0.000000000000000000e+00,2.495989501476287842e-01
0.000000000000000000e+00,2.081847935914993286e-01
0.000000000000000000e+00,2.365121990442276001e-01
0.000000000000000000e+00,1.813078224658966064e-01
0.000000000000000000e+00,1.916154026985168457e-01
0.000000000000000000e+00,1.965901106595993042e-01
0.000000000000000000e+00,2.181067615747451782e-01
0.000000000000000000e+00,1.609927564859390259e-01
0.000000000000000000e+00,1.552440822124481201e-01
0.000000000000000000e+00,1.819392442703247070e-01
0.000000000000000000e+00,2.988545298576354980e-01
0.000000000000000000e+00,1.410284638404846191e-01
0.000000000000000000e+00,2.066411226987838745e-01
0.000000000000000000e+00,1.821219623088836670e-01
0.000000000000000000e+00,1.827710270881652832e-01
0.000000000000000000e+00,1.856371015310287476e-01
0.000000000000000000e+00,1.955251842737197876e-01
0.000000000000000000e+00,2.099075168371200562e-01
0.000000000000000000e+00,1.646264940500259399e-01
0.000000000000000000e+00,1.828723847866058350e-01
0.000000000000000000e+00,1.854573190212249756e-01
0.000000000000000000e+00,2.049597203731536865e-01
0.000000000000000000e+00,2.422102391719818115e-01
0.000000000000000000e+00,2.707877755165100098e-01
0.000000000000000000e+00,1.852584034204483032e-01
0.000000000000000000e+00,1.563859283924102783e-01
0.000000000000000000e+00,1.629534959793090820e-01
0.000000000000000000e+00,1.956700682640075684e-01
0.000000000000000000e+00,1.864951848983764648e-01
0.000000000000000000e+00,1.795833110809326172e-01
0.000000000000000000e+00,1.708671450614929199e-01
0.000000000000000000e+00,1.851438730955123901e-01
0.000000000000000000e+00,2.167998701333999634e-01
0.000000000000000000e+00,1.415758430957794189e-01
0.000000000000000000e+00,1.888393610715866089e-01
0.000000000000000000e+00,1.681399643421173096e-01
0.000000000000000000e+00,1.788149774074554443e-01
0.000000000000000000e+00,1.649605035781860352e-01
0.000000000000000000e+00,1.583706587553024292e-01
0.000000000000000000e+00,1.741242408752441406e-01
0.000000000000000000e+00,1.735443770885467529e-01
0.000000000000000000e+00,1.763432621955871582e-01
0.000000000000000000e+00,1.629194915294647217e-01
0.000000000000000000e+00,1.576683223247528076e-01
0.000000000000000000e+00,1.680827885866165161e-01
0.000000000000000000e+00,1.507849544286727905e-01
0.000000000000000000e+00,1.761142909526824951e-01
0.000000000000000000e+00,1.590653359889984131e-01
0.000000000000000000e+00,1.944353282451629639e-01
0.000000000000000000e+00,2.025706470012664795e-01
0.000000000000000000e+00,1.627087891101837158e-01
0.000000000000000000e+00,1.479227840900421143e-01
0.000000000000000000e+00,1.605320870876312256e-01
0.000000000000000000e+00,1.618913710117340088e-01
0.000000000000000000e+00,1.947816461324691772e-01
0.000000000000000000e+00,2.011932432651519775e-01
0.000000000000000000e+00,1.520384848117828369e-01
0.000000000000000000e+00,1.823453307151794434e-01
0.000000000000000000e+00,1.856783926486968994e-01
0.000000000000000000e+00,1.696942895650863647e-01
0.000000000000000000e+00,1.813367009162902832e-01
0.000000000000000000e+00,1.964440494775772095e-01
0.000000000000000000e+00,1.926390528678894043e-01
0.000000000000000000e+00,1.572200059890747070e-01
0.000000000000000000e+00,1.670082360506057739e-01
0.000000000000000000e+00,2.951545715332031250e-01
0.000000000000000000e+00,1.630729287862777710e-01
0.000000000000000000e+00,1.541184484958648682e-01
0.000000000000000000e+00,2.090395092964172363e-01
0.000000000000000000e+00,2.237633168697357178e-01
0.000000000000000000e+00,2.020300477743148804e-01
0.000000000000000000e+00,3.733640909194946289e-01
0.000000000000000000e+00,2.127484083175659180e-01
0.000000000000000000e+00,1.814382076263427734e-01
0.000000000000000000e+00,1.889197528362274170e-01
0.000000000000000000e+00,1.906418204307556152e-01
0.000000000000000000e+00,1.602439880371093750e-01
0.000000000000000000e+00,2.000048905611038208e-01
0.000000000000000000e+00,2.344118505716323853e-01
0.000000000000000000e+00,2.214031219482421875e-01
0.000000000000000000e+00,2.206215560436248779e-01
0.000000000000000000e+00,2.134293615818023682e-01
0.000000000000000000e+00,1.928042322397232056e-01
0.000000000000000000e+00,1.693620681762695312e-01
0.000000000000000000e+00,1.852611899375915527e-01
0.000000000000000000e+00,1.667763292789459229e-01
0.000000000000000000e+00,2.153198868036270142e-01
0.000000000000000000e+00,2.185812145471572876e-01
0.000000000000000000e+00,1.933803409337997437e-01
0.000000000000000000e+00,1.808614134788513184e-01
0.000000000000000000e+00,1.844698041677474976e-01
0.000000000000000000e+00,2.093583047389984131e-01
0.000000000000000000e+00,2.197926193475723267e-01
0.000000000000000000e+00,2.308134138584136963e-01
0.000000000000000000e+00,1.989942640066146851e-01
0.000000000000000000e+00,1.646685302257537842e-01
0.000000000000000000e+00,2.226774096488952637e-01
0.000000000000000000e+00,2.234672755002975464e-01
0.000000000000000000e+00,2.370987385511398315e-01
0.000000000000000000e+00,2.062969356775283813e-01
0.000000000000000000e+00,1.891050636768341064e-01
0.000000000000000000e+00,1.648470759391784668e-01
0.000000000000000000e+00,1.705345809459686279e-01
0.000000000000000000e+00,1.629027277231216431e-01
0.000000000000000000e+00,2.074813544750213623e-01
0.000000000000000000e+00,2.028083801269531250e-01
0.000000000000000000e+00,1.968771666288375854e-01
0.000000000000000000e+00,2.175656855106353760e-01
0.000000000000000000e+00,2.488061189651489258e-01
0.000000000000000000e+00,4.380517899990081787e-01
0.000000000000000000e+00,3.537340760231018066e-01
0.000000000000000000e+00,3.596423268318176270e-01
0.000000000000000000e+00,3.626239597797393799e-01
0.000000000000000000e+00,2.101244032382965088e-01
0.000000000000000000e+00,2.038678228855133057e-01
0.000000000000000000e+00,1.846688985824584961e-01
0.000000000000000000e+00,1.740728169679641724e-01
0.000000000000000000e+00,1.819155812263488770e-01
0.000000000000000000e+00,1.596973091363906860e-01
0.000000000000000000e+00,2.068885117769241333e-01
0.000000000000000000e+00,1.675527393817901611e-01
0.000000000000000000e+00,1.717316359281539917e-01
0.000000000000000000e+00,2.059803605079650879e-01
0.000000000000000000e+00,1.816076189279556274e-01
0.000000000000000000e+00,2.536236047744750977e-01
0.000000000000000000e+00,1.665205061435699463e-01
0.000000000000000000e+00,1.940955072641372681e-01
0.000000000000000000e+00,1.700565218925476074e-01
0.000000000000000000e+00,2.030826210975646973e-01
0.000000000000000000e+00,1.711569875478744507e-01
0.000000000000000000e+00,1.678131371736526489e-01
0.000000000000000000e+00,1.931646764278411865e-01
0.000000000000000000e+00,2.665640711784362793e-01
0.000000000000000000e+00,1.658638715744018555e-01
0.000000000000000000e+00,2.658455073833465576e-01
0.000000000000000000e+00,2.132820338010787964e-01
0.000000000000000000e+00,2.252345830202102661e-01
0.000000000000000000e+00,1.922840774059295654e-01
0.000000000000000000e+00,2.181013822555541992e-01
0.000000000000000000e+00,1.770824790000915527e-01
0.000000000000000000e+00,1.902592629194259644e-01
0.000000000000000000e+00,1.884855031967163086e-01
0.000000000000000000e+00,1.922255158424377441e-01
0.000000000000000000e+00,2.901391088962554932e-01
0.000000000000000000e+00,1.983936727046966553e-01
0.000000000000000000e+00,2.183699607849121094e-01
0.000000000000000000e+00,2.173638939857482910e-01
0.000000000000000000e+00,2.700206041336059570e-01
0.000000000000000000e+00,2.095551937818527222e-01
0.000000000000000000e+00,1.897920668125152588e-01
0.000000000000000000e+00,1.611384898424148560e-01
0.000000000000000000e+00,2.251207083463668823e-01
0.000000000000000000e+00,2.226961851119995117e-01
0.000000000000000000e+00,1.774849444627761841e-01
0.000000000000000000e+00,2.182555347681045532e-01
0.000000000000000000e+00,2.197046279907226562e-01
0.000000000000000000e+00,2.118040025234222412e-01
0.000000000000000000e+00,2.080448120832443237e-01
0.000000000000000000e+00,2.123728841543197632e-01
0.000000000000000000e+00,2.302194684743881226e-01
0.000000000000000000e+00,3.640012145042419434e-01
0.000000000000000000e+00,2.178275287151336670e-01
0.000000000000000000e+00,1.852855533361434937e-01
0.000000000000000000e+00,1.501187980175018311e-01
0.000000000000000000e+00,2.255208045244216919e-01
0.000000000000000000e+00,2.040107548236846924e-01
0.000000000000000000e+00,1.883929967880249023e-01
0.000000000000000000e+00,2.616461515426635742e-01
0.000000000000000000e+00,1.690716296434402466e-01
0.000000000000000000e+00,1.957302540540695190e-01
0.000000000000000000e+00,1.959743201732635498e-01
0.000000000000000000e+00,1.651151925325393677e-01
0.000000000000000000e+00,1.449916660785675049e-01
0.000000000000000000e+00,2.342261672019958496e-01
0.000000000000000000e+00,1.919218599796295166e-01
0.000000000000000000e+00,1.904816180467605591e-01
0.000000000000000000e+00,2.106269001960754395e-01
0.000000000000000000e+00,2.172129750251770020e-01
0.000000000000000000e+00,1.819144636392593384e-01
0.000000000000000000e+00,1.650501936674118042e-01
0.000000000000000000e+00,1.721540391445159912e-01
0.000000000000000000e+00,2.024554908275604248e-01
0.000000000000000000e+00,1.899400800466537476e-01
0.000000000000000000e+00,2.481917887926101685e-01
0.000000000000000000e+00,2.652023434638977051e-01
0.000000000000000000e+00,1.809754520654678345e-01
0.000000000000000000e+00,2.208155840635299683e-01
0.000000000000000000e+00,3.431333303451538086e-01
0.000000000000000000e+00,2.107798159122467041e-01
0.000000000000000000e+00,2.119286805391311646e-01
0.000000000000000000e+00,2.017138749361038208e-01
0.000000000000000000e+00,1.903564333915710449e-01
0.000000000000000000e+00,2.226966172456741333e-01
0.000000000000000000e+00,2.529050707817077637e-01
0.000000000000000000e+00,1.911798268556594849e-01
0.000000000000000000e+00,1.786178052425384521e-01
0.000000000000000000e+00,2.250285148620605469e-01
0.000000000000000000e+00,1.740839332342147827e-01
0.000000000000000000e+00,1.805178970098495483e-01
0.000000000000000000e+00,2.219913154840469360e-01
0.000000000000000000e+00,2.026042938232421875e-01
0.000000000000000000e+00,2.284639477729797363e-01
0.000000000000000000e+00,2.621243894100189209e-01
0.000000000000000000e+00,2.513521015644073486e-01
0.000000000000000000e+00,2.116686552762985229e-01
0.000000000000000000e+00,1.944234669208526611e-01
0.000000000000000000e+00,1.937233954668045044e-01
0.000000000000000000e+00,2.627951800823211670e-01
0.000000000000000000e+00,2.366578280925750732e-01
0.000000000000000000e+00,2.010476142168045044e-01
0.000000000000000000e+00,1.831868141889572144e-01
0.000000000000000000e+00,1.846369653940200806e-01
0.000000000000000000e+00,1.982236951589584351e-01
0.000000000000000000e+00,2.081261873245239258e-01
0.000000000000000000e+00,2.344006597995758057e-01
0.000000000000000000e+00,2.731374204158782959e-01
0.000000000000000000e+00,2.094207853078842163e-01
0.000000000000000000e+00,1.879147291183471680e-01
0.000000000000000000e+00,1.883864700794219971e-01
0.000000000000000000e+00,1.876181513071060181e-01
0.000000000000000000e+00,1.811596155166625977e-01
0.000000000000000000e+00,2.311878204345703125e-01
0.000000000000000000e+00,3.457297980785369873e-01
0.000000000000000000e+00,1.679087430238723755e-01
0.000000000000000000e+00,1.743546426296234131e-01
0.000000000000000000e+00,2.181159853935241699e-01
0.000000000000000000e+00,1.693937480449676514e-01
0.000000000000000000e+00,1.747652739286422729e-01
0.000000000000000000e+00,1.865447163581848145e-01
0.000000000000000000e+00,1.963948905467987061e-01
0.000000000000000000e+00,1.458116918802261353e-01
0.000000000000000000e+00,2.282041013240814209e-01
0.000000000000000000e+00,1.940228790044784546e-01
0.000000000000000000e+00,1.757162213325500488e-01
0.000000000000000000e+00,2.127068340778350830e-01
0.000000000000000000e+00,1.754957586526870728e-01
0.000000000000000000e+00,1.929231435060501099e-01
0.000000000000000000e+00,1.915221661329269409e-01
0.000000000000000000e+00,1.850330084562301636e-01
0.000000000000000000e+00,1.975492537021636963e-01
0.000000000000000000e+00,2.039959579706192017e-01
0.000000000000000000e+00,1.611116379499435425e-01
0.000000000000000000e+00,1.884207725524902344e-01
0.000000000000000000e+00,2.018137723207473755e-01
0.000000000000000000e+00,1.738932728767395020e-01
0.000000000000000000e+00,2.301635146141052246e-01
0.000000000000000000e+00,1.547643840312957764e-01
0.000000000000000000e+00,1.498183310031890869e-01
0.000000000000000000e+00,1.789383143186569214e-01
0.000000000000000000e+00,1.642692983150482178e-01
0.000000000000000000e+00,1.747370064258575439e-01
0.000000000000000000e+00,1.433431953191757202e-01
0.000000000000000000e+00,2.345568686723709106e-01
0.000000000000000000e+00,1.853347122669219971e-01
0.000000000000000000e+00,2.249077856540679932e-01
0.000000000000000000e+00,1.711529791355133057e-01
0.000000000000000000e+00,1.715319305658340454e-01
0.000000000000000000e+00,1.710560619831085205e-01
0.000000000000000000e+00,1.553251445293426514e-01
0.000000000000000000e+00,1.733736544847488403e-01
0.000000000000000000e+00,1.819003373384475708e-01
0.000000000000000000e+00,1.832587122917175293e-01
0.000000000000000000e+00,2.041122019290924072e-01
0.000000000000000000e+00,1.881915032863616943e-01
0.000000000000000000e+00,2.098522633314132690e-01
0.000000000000000000e+00,1.960521340370178223e-01
0.000000000000000000e+00,2.180522531270980835e-01
0.000000000000000000e+00,2.078674733638763428e-01
0.000000000000000000e+00,1.964191645383834839e-01
0.000000000000000000e+00,2.087610661983489990e-01
0.000000000000000000e+00,2.264414727687835693e-01
0.000000000000000000e+00,1.761238127946853638e-01
0.000000000000000000e+00,1.981542110443115234e-01
0.000000000000000000e+00,3.313674926757812500e-01
0.000000000000000000e+00,1.885911375284194946e-01
0.000000000000000000e+00,2.702161967754364014e-01
0.000000000000000000e+00,2.697363495826721191e-01
0.000000000000000000e+00,2.415684759616851807e-01
0.000000000000000000e+00,2.097859680652618408e-01
0.000000000000000000e+00,2.154869139194488525e-01
0.000000000000000000e+00,1.508256494998931885e-01
0.000000000000000000e+00,2.294673025608062744e-01
0.000000000000000000e+00,3.750874400138854980e-01
0.000000000000000000e+00,2.465160787105560303e-01
0.000000000000000000e+00,2.401796281337738037e-01
0.000000000000000000e+00,1.773222088813781738e-01
0.000000000000000000e+00,1.951919943094253540e-01
1.000000000000000000e+00,4.628312587738037109e-01
1.000000000000000000e+00,5.291098356246948242e-01
1.000000000000000000e+00,5.812162160873413086e-01
1.000000000000000000e+00,4.781484901905059814e-01
1.000000000000000000e+00,4.717628359794616699e-01
1.000000000000000000e+00,4.836674928665161133e-01
1.000000000000000000e+00,4.955016374588012695e-01
1.000000000000000000e+00,4.951111078262329102e-01
1.000000000000000000e+00,4.825099706649780273e-01
1.000000000000000000e+00,4.704266190528869629e-01
1.000000000000000000e+00,4.672366082668304443e-01
1.000000000000000000e+00,4.958231449127197266e-01
1.000000000000000000e+00,5.214697122573852539e-01
1.000000000000000000e+00,4.381905198097229004e-01
1.000000000000000000e+00,4.244593381881713867e-01
1.000000000000000000e+00,4.634259641170501709e-01
1.000000000000000000e+00,4.688699543476104736e-01
1.000000000000000000e+00,4.198814630508422852e-01
1.000000000000000000e+00,4.847280085086822510e-01
1.000000000000000000e+00,3.880459070205688477e-01
1.000000000000000000e+00,5.357635021209716797e-01
1.000000000000000000e+00,5.389153957366943359e-01
1.000000000000000000e+00,4.735664427280426025e-01
1.000000000000000000e+00,4.616317749023437500e-01
1.000000000000000000e+00,5.939121246337890625e-01
1.000000000000000000e+00,4.659433066844940186e-01
1.000000000000000000e+00,4.445344507694244385e-01
1.000000000000000000e+00,5.023951530456542969e-01
1.000000000000000000e+00,5.230094194412231445e-01
1.000000000000000000e+00,5.525919795036315918e-01
1.000000000000000000e+00,4.721205532550811768e-01
1.000000000000000000e+00,4.615055322647094727e-01
1.000000000000000000e+00,5.010942220687866211e-01
1.000000000000000000e+00,4.375073611736297607e-01
1.000000000000000000e+00,5.352817773818969727e-01
1.000000000000000000e+00,4.592665433883666992e-01
1.000000000000000000e+00,4.999445676803588867e-01
1.000000000000000000e+00,4.538653492927551270e-01
1.000000000000000000e+00,4.299758374691009521e-01
1.000000000000000000e+00,4.584427773952484131e-01
1.000000000000000000e+00,4.691835045814514160e-01
1.000000000000000000e+00,5.752211809158325195e-01
1.000000000000000000e+00,4.096942543983459473e-01
1.000000000000000000e+00,5.102779269218444824e-01
1.000000000000000000e+00,3.932380378246307373e-01
1.000000000000000000e+00,4.701717495918273926e-01
1.000000000000000000e+00,4.686313569545745850e-01
1.000000000000000000e+00,4.472896456718444824e-01
1.000000000000000000e+00,4.061905145645141602e-01
1.000000000000000000e+00,4.430166780948638916e-01
1.000000000000000000e+00,4.380662739276885986e-01
1.000000000000000000e+00,5.568186640739440918e-01
1.000000000000000000e+00,4.249570071697235107e-01
1.000000000000000000e+00,4.749188721179962158e-01
1.000000000000000000e+00,4.252074658870697021e-01
1.000000000000000000e+00,4.629419744014739990e-01
1.000000000000000000e+00,4.204295873641967773e-01
1.000000000000000000e+00,4.157094955444335938e-01
1.000000000000000000e+00,3.971931338310241699e-01
1.000000000000000000e+00,4.841085374355316162e-01
1.000000000000000000e+00,5.934500694274902344e-01
1.000000000000000000e+00,5.757465958595275879e-01
1.000000000000000000e+00,4.220558404922485352e-01
1.000000000000000000e+00,5.615145564079284668e-01
1.000000000000000000e+00,4.815034568309783936e-01
1.000000000000000000e+00,4.318472445011138916e-01
1.000000000000000000e+00,4.730069339275360107e-01
1.000000000000000000e+00,4.519568383693695068e-01
1.000000000000000000e+00,4.679414331912994385e-01
1.000000000000000000e+00,4.126107096672058105e-01
1.000000000000000000e+00,5.408229231834411621e-01
1.000000000000000000e+00,5.609792470932006836e-01
1.000000000000000000e+00,4.450768828392028809e-01
1.000000000000000000e+00,4.431167840957641602e-01
1.000000000000000000e+00,5.693123936653137207e-01
1.000000000000000000e+00,4.941028356552124023e-01
1.000000000000000000e+00,4.422146081924438477e-01
1.000000000000000000e+00,4.753964245319366455e-01
1.000000000000000000e+00,4.861565530300140381e-01
1.000000000000000000e+00,4.657808840274810791e-01
1.000000000000000000e+00,4.139850139617919922e-01
1.000000000000000000e+00,4.429509937763214111e-01
1.000000000000000000e+00,5.600947737693786621e-01
1.000000000000000000e+00,4.977869689464569092e-01
1.000000000000000000e+00,4.626396894454956055e-01
1.000000000000000000e+00,5.193810462951660156e-01
1.000000000000000000e+00,5.023091435432434082e-01
1.000000000000000000e+00,4.824517369270324707e-01
1.000000000000000000e+00,5.653806328773498535e-01
1.000000000000000000e+00,5.225987434387207031e-01
1.000000000000000000e+00,4.462017714977264404e-01
1.000000000000000000e+00,5.602043867111206055e-01
1.000000000000000000e+00,4.155378937721252441e-01
1.000000000000000000e+00,5.446335077285766602e-01
1.000000000000000000e+00,5.666756629943847656e-01
1.000000000000000000e+00,6.041826009750366211e-01
1.000000000000000000e+00,4.628522098064422607e-01
1.000000000000000000e+00,5.476452708244323730e-01
1.000000000000000000e+00,4.529793262481689453e-01
1.000000000000000000e+00,5.437715053558349609e-01
1.000000000000000000e+00,4.268419742584228516e-01
1.000000000000000000e+00,4.527296423912048340e-01
1.000000000000000000e+00,4.587337374687194824e-01
1.000000000000000000e+00,5.525316596031188965e-01
1.000000000000000000e+00,4.731981754302978516e-01
1.000000000000000000e+00,5.308486223220825195e-01
1.000000000000000000e+00,4.562755525112152100e-01
1.000000000000000000e+00,4.872370958328247070e-01
1.000000000000000000e+00,5.757951736450195312e-01
1.000000000000000000e+00,4.564512372016906738e-01
1.000000000000000000e+00,5.311841964721679688e-01
1.000000000000000000e+00,5.601746439933776855e-01
1.000000000000000000e+00,5.015959739685058594e-01
1.000000000000000000e+00,5.538971424102783203e-01
1.000000000000000000e+00,5.563347339630126953e-01
1.000000000000000000e+00,3.677730262279510498e-01
1.000000000000000000e+00,4.843149483203887939e-01
1.000000000000000000e+00,4.121028780937194824e-01
1.000000000000000000e+00,4.254316091537475586e-01
1.000000000000000000e+00,4.260704219341278076e-01
1.000000000000000000e+00,4.813037216663360596e-01
1.000000000000000000e+00,3.862365484237670898e-01
1.000000000000000000e+00,4.221926033496856689e-01
1.000000000000000000e+00,5.565167665481567383e-01
1.000000000000000000e+00,4.694724977016448975e-01
1.000000000000000000e+00,4.448756277561187744e-01
1.000000000000000000e+00,4.817326068878173828e-01
1.000000000000000000e+00,4.279110133647918701e-01
1.000000000000000000e+00,4.846626222133636475e-01
1.000000000000000000e+00,5.046316981315612793e-01
1.000000000000000000e+00,4.920116066932678223e-01
1.000000000000000000e+00,5.211360454559326172e-01
1.000000000000000000e+00,5.015107989311218262e-01
1.000000000000000000e+00,4.650398492813110352e-01
1.000000000000000000e+00,5.180582404136657715e-01
1.000000000000000000e+00,5.020177960395812988e-01
1.000000000000000000e+00,4.247615635395050049e-01
1.000000000000000000e+00,5.771539807319641113e-01
1.000000000000000000e+00,5.185745954513549805e-01
1.000000000000000000e+00,5.055742859840393066e-01
1.000000000000000000e+00,4.340205788612365723e-01
1.000000000000000000e+00,4.861166179180145264e-01
1.000000000000000000e+00,5.288292765617370605e-01
1.000000000000000000e+00,4.984538555145263672e-01
1.000000000000000000e+00,3.932330906391143799e-01
1.000000000000000000e+00,4.716206192970275879e-01
1.000000000000000000e+00,6.030106544494628906e-01
1.000000000000000000e+00,4.721538424491882324e-01
1.000000000000000000e+00,4.638432860374450684e-01
1.000000000000000000e+00,5.668032169342041016e-01
1.000000000000000000e+00,5.928379893302917480e-01
1.000000000000000000e+00,4.770877957344055176e-01
1.000000000000000000e+00,4.864029288291931152e-01
1.000000000000000000e+00,3.687003254890441895e-01
1.000000000000000000e+00,4.859134554862976074e-01
1.000000000000000000e+00,4.853853285312652588e-01
1.000000000000000000e+00,4.339580833911895752e-01
1.000000000000000000e+00,4.605045616626739502e-01
1.000000000000000000e+00,4.861790537834167480e-01
1.000000000000000000e+00,4.281837344169616699e-01
1.000000000000000000e+00,4.317671954631805420e-01
1.000000000000000000e+00,5.152939558029174805e-01
1.000000000000000000e+00,4.495695233345031738e-01
1.000000000000000000e+00,4.770260751247406006e-01
1.000000000000000000e+00,4.922859668731689453e-01
1.000000000000000000e+00,5.323393344879150391e-01
1.000000000000000000e+00,4.511772990226745605e-01
1.000000000000000000e+00,4.786524176597595215e-01
1.000000000000000000e+00,5.022932887077331543e-01
1.000000000000000000e+00,4.566561579704284668e-01
1.000000000000000000e+00,5.663682222366333008e-01
1.000000000000000000e+00,5.192910432815551758e-01
1.000000000000000000e+00,5.485100150108337402e-01
1.000000000000000000e+00,5.104142427444458008e-01
1.000000000000000000e+00,3.981660306453704834e-01
1.000000000000000000e+00,4.249333739280700684e-01
1.000000000000000000e+00,4.458774626255035400e-01
1.000000000000000000e+00,4.764823615550994873e-01
1.000000000000000000e+00,5.120337605476379395e-01
1.000000000000000000e+00,5.367358326911926270e-01
1.000000000000000000e+00,4.699474573135375977e-01
1.000000000000000000e+00,4.412020146846771240e-01
1.000000000000000000e+00,4.297996461391448975e-01
1.000000000000000000e+00,5.090446472167968750e-01
1.000000000000000000e+00,4.386727809906005859e-01
1.000000000000000000e+00,4.988871216773986816e-01
1.000000000000000000e+00,4.643646478652954102e-01
1.000000000000000000e+00,5.432014465332031250e-01
1.000000000000000000e+00,4.055354893207550049e-01
1.000000000000000000e+00,4.895400702953338623e-01
1.000000000000000000e+00,4.418162107467651367e-01
1.000000000000000000e+00,4.165010452270507812e-01
1.000000000000000000e+00,4.161808192729949951e-01
1.000000000000000000e+00,5.135890841484069824e-01
1.000000000000000000e+00,4.216333031654357910e-01
1.000000000000000000e+00,5.061649680137634277e-01
1.000000000000000000e+00,5.495574474334716797e-01
1.000000000000000000e+00,4.806090891361236572e-01
1.000000000000000000e+00,4.628158509731292725e-01
1.000000000000000000e+00,5.440617799758911133e-01
1.000000000000000000e+00,5.226992368698120117e-01
1.000000000000000000e+00,4.258573651313781738e-01
1.000000000000000000e+00,4.826677739620208740e-01
1.000000000000000000e+00,4.302723407745361328e-01
1.000000000000000000e+00,4.614009559154510498e-01
1.000000000000000000e+00,4.586506485939025879e-01
1.000000000000000000e+00,5.101234912872314453e-01
1.000000000000000000e+00,5.131565332412719727e-01
1.000000000000000000e+00,5.438932180404663086e-01
1.000000000000000000e+00,5.203251242637634277e-01
1.000000000000000000e+00,4.964352250099182129e-01
1.000000000000000000e+00,4.982719421386718750e-01
1.000000000000000000e+00,4.663981497287750244e-01
1.000000000000000000e+00,4.188801348209381104e-01
1.000000000000000000e+00,5.604708194732666016e-01
1.000000000000000000e+00,4.471526741981506348e-01
1.000000000000000000e+00,5.681562423706054688e-01
1.000000000000000000e+00,4.789606928825378418e-01
1.000000000000000000e+00,4.782542884349822998e-01
1.000000000000000000e+00,4.610098600387573242e-01
1.000000000000000000e+00,5.432705879211425781e-01
1.000000000000000000e+00,4.892283082008361816e-01
1.000000000000000000e+00,5.544636845588684082e-01
1.000000000000000000e+00,4.787175655364990234e-01
1.000000000000000000e+00,4.678872227668762207e-01
1.000000000000000000e+00,4.695690870285034180e-01
1.000000000000000000e+00,4.106976687908172607e-01
1.000000000000000000e+00,3.913339972496032715e-01
1.000000000000000000e+00,4.500321447849273682e-01
1.000000000000000000e+00,4.407196044921875000e-01
1.000000000000000000e+00,4.496113657951354980e-01
1.000000000000000000e+00,3.951347470283508301e-01
1.000000000000000000e+00,4.641737639904022217e-01
1.000000000000000000e+00,5.209144949913024902e-01
1.000000000000000000e+00,5.135368108749389648e-01
1.000000000000000000e+00,5.004253983497619629e-01
1.000000000000000000e+00,4.466383755207061768e-01
1.000000000000000000e+00,5.216560363769531250e-01
1.000000000000000000e+00,4.909687936305999756e-01
1.000000000000000000e+00,5.085009336471557617e-01
1.000000000000000000e+00,4.564362764358520508e-01
1.000000000000000000e+00,5.031591653823852539e-01
1.000000000000000000e+00,4.885232150554656982e-01
1.000000000000000000e+00,4.378212988376617432e-01
1.000000000000000000e+00,5.692583918571472168e-01
1.000000000000000000e+00,5.240259766578674316e-01
1.000000000000000000e+00,4.091199338436126709e-01
1.000000000000000000e+00,4.093284904956817627e-01
1.000000000000000000e+00,5.410571098327636719e-01
1.000000000000000000e+00,5.274200439453125000e-01
1.000000000000000000e+00,4.827981889247894287e-01
1.000000000000000000e+00,3.831355869770050049e-01
1.000000000000000000e+00,4.778479933738708496e-01
1.000000000000000000e+00,5.329402685165405273e-01
1.000000000000000000e+00,4.182314276695251465e-01
1.000000000000000000e+00,5.678047537803649902e-01
1.000000000000000000e+00,5.791454315185546875e-01
1.000000000000000000e+00,4.380992650985717773e-01
1.000000000000000000e+00,4.613837003707885742e-01
1.000000000000000000e+00,4.858719110488891602e-01
1.000000000000000000e+00,3.897130191326141357e-01
1.000000000000000000e+00,5.059771537780761719e-01
1.000000000000000000e+00,4.844711124897003174e-01
1.000000000000000000e+00,5.608806014060974121e-01
1.000000000000000000e+00,4.666990935802459717e-01
1.000000000000000000e+00,4.605692028999328613e-01
1.000000000000000000e+00,4.597549438476562500e-01
1.000000000000000000e+00,4.312334060668945312e-01
1.000000000000000000e+00,4.618159532546997070e-01
1.000000000000000000e+00,3.914391100406646729e-01
1.000000000000000000e+00,4.570301771163940430e-01
1.000000000000000000e+00,4.267508983612060547e-01
1.000000000000000000e+00,4.916967451572418213e-01
1.000000000000000000e+00,4.416278302669525146e-01
1.000000000000000000e+00,4.031151533126831055e-01
1.000000000000000000e+00,4.568325579166412354e-01
1.000000000000000000e+00,4.779973328113555908e-01
1.000000000000000000e+00,4.391039311885833740e-01
1.000000000000000000e+00,5.017176866531372070e-01
1.000000000000000000e+00,4.494569599628448486e-01
1.000000000000000000e+00,4.618687629699707031e-01
1.000000000000000000e+00,5.348970890045166016e-01
1.000000000000000000e+00,5.010272860527038574e-01
1.000000000000000000e+00,5.016292929649353027e-01
1.000000000000000000e+00,5.382933020591735840e-01
1.000000000000000000e+00,4.778392314910888672e-01
1.000000000000000000e+00,3.833411633968353271e-01
1.000000000000000000e+00,4.838947057723999023e-01
1.000000000000000000e+00,4.690146446228027344e-01
1.000000000000000000e+00,4.593674540519714355e-01
1.000000000000000000e+00,4.960471391677856445e-01
1.000000000000000000e+00,5.537424087524414062e-01
1.000000000000000000e+00,5.388742089271545410e-01
1.000000000000000000e+00,4.328289628028869629e-01
1.000000000000000000e+00,4.217700362205505371e-01
1.000000000000000000e+00,5.071006417274475098e-01
1.000000000000000000e+00,4.330387115478515625e-01
1.000000000000000000e+00,5.093573927879333496e-01
1.000000000000000000e+00,5.388367176055908203e-01
1.000000000000000000e+00,4.767250418663024902e-01
1.000000000000000000e+00,5.017312169075012207e-01
1.000000000000000000e+00,4.773057997226715088e-01
1.000000000000000000e+00,4.751159250736236572e-01
1.000000000000000000e+00,5.001991987228393555e-01
1.000000000000000000e+00,5.811201930046081543e-01
1.000000000000000000e+00,5.353055000305175781e-01
1.000000000000000000e+00,5.947210192680358887e-01
1.000000000000000000e+00,4.698766767978668213e-01
1.000000000000000000e+00,5.640749335289001465e-01
1.000000000000000000e+00,5.154585838317871094e-01
1.000000000000000000e+00,4.949900805950164795e-01
1.000000000000000000e+00,5.268014669418334961e-01
1.000000000000000000e+00,5.435040593147277832e-01
1.000000000000000000e+00,4.390874505043029785e-01
1.000000000000000000e+00,6.200915575027465820e-01
1.000000000000000000e+00,5.495133996009826660e-01
1.000000000000000000e+00,5.053426027297973633e-01
1.000000000000000000e+00,4.787757396697998047e-01
1.000000000000000000e+00,5.440864562988281250e-01
1.000000000000000000e+00,5.925801396369934082e-01
1.000000000000000000e+00,5.939031243324279785e-01
1.000000000000000000e+00,5.228465199470520020e-01
1.000000000000000000e+00,5.877865552902221680e-01
1.000000000000000000e+00,6.029975414276123047e-01
1.000000000000000000e+00,4.846967458724975586e-01
1.000000000000000000e+00,4.128892421722412109e-01
1.000000000000000000e+00,5.501642227172851562e-01
1.000000000000000000e+00,5.568673610687255859e-01
1.000000000000000000e+00,5.458390712738037109e-01
1.000000000000000000e+00,5.174691677093505859e-01
1.000000000000000000e+00,4.143191576004028320e-01
1.000000000000000000e+00,5.063928961753845215e-01
1.000000000000000000e+00,5.043615102767944336e-01
1.000000000000000000e+00,5.024349689483642578e-01
1.000000000000000000e+00,3.637118935585021973e-01
1.000000000000000000e+00,6.174957156181335449e-01
1.000000000000000000e+00,5.364011526107788086e-01
1.000000000000000000e+00,4.555143117904663086e-01
1.000000000000000000e+00,5.728245973587036133e-01
1.000000000000000000e+00,4.125012159347534180e-01
1.000000000000000000e+00,5.730051994323730469e-01
1.000000000000000000e+00,5.737215280532836914e-01
1.000000000000000000e+00,4.199567735195159912e-01
1.000000000000000000e+00,4.970592856407165527e-01
1.000000000000000000e+00,3.880670070648193359e-01
1.000000000000000000e+00,4.780529141426086426e-01
1.000000000000000000e+00,4.994411766529083252e-01
1.000000000000000000e+00,5.476964116096496582e-01
1.000000000000000000e+00,4.152757525444030762e-01
1.000000000000000000e+00,4.755033850669860840e-01
1.000000000000000000e+00,5.685201287269592285e-01
1.000000000000000000e+00,4.317084848880767822e-01
1.000000000000000000e+00,4.111874699592590332e-01
1.000000000000000000e+00,4.679786264896392822e-01
1.000000000000000000e+00,4.107694029808044434e-01
1.000000000000000000e+00,4.388216137886047363e-01
1.000000000000000000e+00,4.359344244003295898e-01
1.000000000000000000e+00,4.307136535644531250e-01
1.000000000000000000e+00,3.980965018272399902e-01
1.000000000000000000e+00,4.422547221183776855e-01
1.000000000000000000e+00,4.599672853946685791e-01
1.000000000000000000e+00,5.204610228538513184e-01
1.000000000000000000e+00,4.695989489555358887e-01
1.000000000000000000e+00,3.924099206924438477e-01
1.000000000000000000e+00,4.481078982353210449e-01
1.000000000000000000e+00,4.733183383941650391e-01
1.000000000000000000e+00,5.018858313560485840e-01
1.000000000000000000e+00,4.511698484420776367e-01
1.000000000000000000e+00,5.337057709693908691e-01
1.000000000000000000e+00,4.021264612674713135e-01
1.000000000000000000e+00,4.459040760993957520e-01
1.000000000000000000e+00,5.310607552528381348e-01
1.000000000000000000e+00,4.727820158004760742e-01
1.000000000000000000e+00,4.600356817245483398e-01
1.000000000000000000e+00,4.954254329204559326e-01
1.000000000000000000e+00,4.693659543991088867e-01
1.000000000000000000e+00,5.361758470535278320e-01
1.000000000000000000e+00,5.470708608627319336e-01
1.000000000000000000e+00,4.803108274936676025e-01
1.000000000000000000e+00,4.187906086444854736e-01
1.000000000000000000e+00,4.210226833820343018e-01
1.000000000000000000e+00,4.457290768623352051e-01
1.000000000000000000e+00,4.702054858207702637e-01
1.000000000000000000e+00,5.265964865684509277e-01
1.000000000000000000e+00,5.061582922935485840e-01
1.000000000000000000e+00,5.231315493583679199e-01
1.000000000000000000e+00,4.288248419761657715e-01
1.000000000000000000e+00,4.528449475765228271e-01
1.000000000000000000e+00,3.941504359245300293e-01
1.000000000000000000e+00,4.675543904304504395e-01
1.000000000000000000e+00,4.362040758132934570e-01
1.000000000000000000e+00,4.499873220920562744e-01
1.000000000000000000e+00,4.871242642402648926e-01
1.000000000000000000e+00,5.231342315673828125e-01
1.000000000000000000e+00,6.384283304214477539e-01
1.000000000000000000e+00,4.448118805885314941e-01
1.000000000000000000e+00,5.163348317146301270e-01
1.000000000000000000e+00,5.070714354515075684e-01
1.000000000000000000e+00,4.278125762939453125e-01
1.000000000000000000e+00,4.171406626701354980e-01
1.000000000000000000e+00,5.277363657951354980e-01
1.000000000000000000e+00,4.474802613258361816e-01
1.000000000000000000e+00,5.296176075935363770e-01
1.000000000000000000e+00,4.405049681663513184e-01
1.000000000000000000e+00,4.715037345886230469e-01
1.000000000000000000e+00,4.337105751037597656e-01
1.000000000000000000e+00,5.694768428802490234e-01
1.000000000000000000e+00,5.816015005111694336e-01
1.000000000000000000e+00,4.856684505939483643e-01
1.000000000000000000e+00,4.173208475112915039e-01
1.000000000000000000e+00,4.409307539463043213e-01
1.000000000000000000e+00,4.555979073047637939e-01
1.000000000000000000e+00,4.401954412460327148e-01
1.000000000000000000e+00,5.509530901908874512e-01
1.000000000000000000e+00,4.814949929714202881e-01
1.000000000000000000e+00,4.654239118099212646e-01
1.000000000000000000e+00,4.244413971900939941e-01
1.000000000000000000e+00,5.028749704360961914e-01
1.000000000000000000e+00,4.075129628181457520e-01
1.000000000000000000e+00,4.694844484329223633e-01
1.000000000000000000e+00,5.288020968437194824e-01
1.000000000000000000e+00,4.421488642692565918e-01
1.000000000000000000e+00,4.519348740577697754e-01
1.000000000000000000e+00,5.487886667251586914e-01
1.000000000000000000e+00,3.947496712207794189e-01
1.000000000000000000e+00,4.992448389530181885e-01
1.000000000000000000e+00,5.635466575622558594e-01
1.000000000000000000e+00,4.365451931953430176e-01
1.000000000000000000e+00,4.919684231281280518e-01
1.000000000000000000e+00,4.610640406608581543e-01
1.000000000000000000e+00,4.723443388938903809e-01
1.000000000000000000e+00,4.738659262657165527e-01
1.000000000000000000e+00,4.922233819961547852e-01
1.000000000000000000e+00,4.690224826335906982e-01
1.000000000000000000e+00,4.554968476295471191e-01
1.000000000000000000e+00,4.374001324176788330e-01
1.000000000000000000e+00,5.045289993286132812e-01
1.000000000000000000e+00,4.238953888416290283e-01
1.000000000000000000e+00,5.249853134155273438e-01
1.000000000000000000e+00,5.059788227081298828e-01
1.000000000000000000e+00,4.037529230117797852e-01
1.000000000000000000e+00,4.254347681999206543e-01
1.000000000000000000e+00,5.134905576705932617e-01
1.000000000000000000e+00,4.563876688480377197e-01
1.000000000000000000e+00,5.757890939712524414e-01
1.000000000000000000e+00,4.529205560684204102e-01
1.000000000000000000e+00,5.125492215156555176e-01
1.000000000000000000e+00,5.868819952011108398e-01
1.000000000000000000e+00,5.190027952194213867e-01
1.000000000000000000e+00,5.497642159461975098e-01
1.000000000000000000e+00,4.559245109558105469e-01
1.000000000000000000e+00,5.513707399368286133e-01
1.000000000000000000e+00,4.915642738342285156e-01
1.000000000000000000e+00,4.616928696632385254e-01
1.000000000000000000e+00,4.726448655128479004e-01
1.000000000000000000e+00,3.924074172973632812e-01
1.000000000000000000e+00,4.281620979309082031e-01
1.000000000000000000e+00,4.981223642826080322e-01
1.000000000000000000e+00,5.050745606422424316e-01
1.000000000000000000e+00,4.789237678050994873e-01
1.000000000000000000e+00,4.668447971343994141e-01
1.000000000000000000e+00,5.354250073432922363e-01
1.000000000000000000e+00,4.957123100757598877e-01
1.000000000000000000e+00,4.145924448966979980e-01
1.000000000000000000e+00,4.129780232906341553e-01
1.000000000000000000e+00,4.977156519889831543e-01
1.000000000000000000e+00,4.865021705627441406e-01
1.000000000000000000e+00,4.206257760524749756e-01
1.000000000000000000e+00,4.887203574180603027e-01
1.000000000000000000e+00,5.108330249786376953e-01
1.000000000000000000e+00,4.015141129493713379e-01
1.000000000000000000e+00,5.420688986778259277e-01
1.000000000000000000e+00,4.951032400131225586e-01
1.000000000000000000e+00,4.857285916805267334e-01
1.000000000000000000e+00,4.984273314476013184e-01
1.000000000000000000e+00,4.182606041431427002e-01
1.000000000000000000e+00,4.968197345733642578e-01
1.000000000000000000e+00,4.848676919937133789e-01
1.000000000000000000e+00,4.848447442054748535e-01
1.000000000000000000e+00,6.640573740005493164e-01
1.000000000000000000e+00,4.779575169086456299e-01
1.000000000000000000e+00,5.663456916809082031e-01
1.000000000000000000e+00,5.479947924613952637e-01
1.000000000000000000e+00,5.350869297981262207e-01
1.000000000000000000e+00,4.868194162845611572e-01
1.000000000000000000e+00,5.324115753173828125e-01
1.000000000000000000e+00,4.974652826786041260e-01
1.000000000000000000e+00,4.196835458278656006e-01
1.000000000000000000e+00,4.353786706924438477e-01
1.000000000000000000e+00,4.723086357116699219e-01
1.000000000000000000e+00,4.488905370235443115e-01
1.000000000000000000e+00,4.886873960494995117e-01
1.000000000000000000e+00,3.997267186641693115e-01
1.000000000000000000e+00,5.816964507102966309e-01
1.000000000000000000e+00,5.267532467842102051e-01
1.000000000000000000e+00,4.930717945098876953e-01
1.000000000000000000e+00,5.549975633621215820e-01
1.000000000000000000e+00,4.553952515125274658e-01
1.000000000000000000e+00,4.854575395584106445e-01
1.000000000000000000e+00,4.962037503719329834e-01
1.000000000000000000e+00,4.327455461025238037e-01
1.000000000000000000e+00,6.358995437622070312e-01
1.000000000000000000e+00,3.922189772129058838e-01
1.000000000000000000e+00,4.656777977943420410e-01
1.000000000000000000e+00,5.162069201469421387e-01
1.000000000000000000e+00,4.444869756698608398e-01
1.000000000000000000e+00,5.467968583106994629e-01
1.000000000000000000e+00,4.887610077857971191e-01
1.000000000000000000e+00,4.668335020542144775e-01
1.000000000000000000e+00,6.352325677871704102e-01
1.000000000000000000e+00,3.916036784648895264e-01
1.000000000000000000e+00,5.563882589340209961e-01
1.000000000000000000e+00,4.202294647693634033e-01
1.000000000000000000e+00,5.674760937690734863e-01
1.000000000000000000e+00,4.673701226711273193e-01
1.000000000000000000e+00,3.711958527565002441e-01
1.000000000000000000e+00,5.341883301734924316e-01
1.000000000000000000e+00,4.725065827369689941e-01
1.000000000000000000e+00,5.330787897109985352e-01
1.000000000000000000e+00,5.555968880653381348e-01
1.000000000000000000e+00,4.942105114459991455e-01
1.000000000000000000e+00,5.110379457473754883e-01
1.000000000000000000e+00,4.190025329589843750e-01
1.000000000000000000e+00,4.576134681701660156e-01
1.000000000000000000e+00,4.822571575641632080e-01
1.000000000000000000e+00,4.196436405181884766e-01
1.000000000000000000e+00,4.335994124412536621e-01
1.000000000000000000e+00,4.390015900135040283e-01
1.000000000000000000e+00,3.864717483520507812e-01
1.000000000000000000e+00,6.121935844421386719e-01
1.000000000000000000e+00,3.992410302162170410e-01
1.000000000000000000e+00,3.873898088932037354e-01
1.000000000000000000e+00,4.569088816642761230e-01
1.000000000000000000e+00,4.189659953117370605e-01
1.000000000000000000e+00,4.489355385303497314e-01
1.000000000000000000e+00,5.349217057228088379e-01
1.000000000000000000e+00,5.641996264457702637e-01
1.000000000000000000e+00,4.376649856567382812e-01
1.000000000000000000e+00,5.220267772674560547e-01
1.000000000000000000e+00,4.927091896533966064e-01
1.000000000000000000e+00,4.410736560821533203e-01
1.000000000000000000e+00,5.394153594970703125e-01
1.000000000000000000e+00,4.588699638843536377e-01
1.000000000000000000e+00,5.130937099456787109e-01
1.000000000000000000e+00,4.966442584991455078e-01
1.000000000000000000e+00,5.679486393928527832e-01
1.000000000000000000e+00,4.213439226150512695e-01
1.000000000000000000e+00,5.033721327781677246e-01
1.000000000000000000e+00,4.467228353023529053e-01
1.000000000000000000e+00,4.928227066993713379e-01
1.000000000000000000e+00,4.553123414516448975e-01
1.000000000000000000e+00,5.539209842681884766e-01
1.000000000000000000e+00,4.615764021873474121e-01
1.000000000000000000e+00,5.137808322906494141e-01
1.000000000000000000e+00,4.851805865764617920e-01
1.000000000000000000e+00,5.802653431892395020e-01
1.000000000000000000e+00,4.390769600868225098e-01
1.000000000000000000e+00,5.687688589096069336e-01
1.000000000000000000e+00,4.240887165069580078e-01
1.000000000000000000e+00,5.006262063980102539e-01
1.000000000000000000e+00,4.368881285190582275e-01
1.000000000000000000e+00,4.108629524707794189e-01
1.000000000000000000e+00,4.394568800926208496e-01
1.000000000000000000e+00,4.591729938983917236e-01
1.000000000000000000e+00,4.940888881683349609e-01
1.000000000000000000e+00,5.073557496070861816e-01
1.000000000000000000e+00,5.142962336540222168e-01
1.000000000000000000e+00,5.108486413955688477e-01
1.000000000000000000e+00,5.107119083404541016e-01
1.000000000000000000e+00,5.636758804321289062e-01
1.000000000000000000e+00,4.723037183284759521e-01
1.000000000000000000e+00,4.725039899349212646e-01
1.000000000000000000e+00,4.799351394176483154e-01
1.000000000000000000e+00,3.827716708183288574e-01
1.000000000000000000e+00,4.534458518028259277e-01
1.000000000000000000e+00,4.638002514839172363e-01
1.000000000000000000e+00,5.328081250190734863e-01
1.000000000000000000e+00,5.214574337005615234e-01
1.000000000000000000e+00,5.566948652267456055e-01
1.000000000000000000e+00,5.251778364181518555e-01
1.000000000000000000e+00,4.760721325874328613e-01
1.000000000000000000e+00,3.705958724021911621e-01
1.000000000000000000e+00,4.749187231063842773e-01
1.000000000000000000e+00,4.554363489151000977e-01
1.000000000000000000e+00,5.903635621070861816e-01
1.000000000000000000e+00,4.720934927463531494e-01
1.000000000000000000e+00,5.452346205711364746e-01
1.000000000000000000e+00,4.624333083629608154e-01
1.000000000000000000e+00,5.334245562553405762e-01
1.000000000000000000e+00,5.406449437141418457e-01
1.000000000000000000e+00,5.212832689285278320e-01
1.000000000000000000e+00,5.184326171875000000e-01
1.000000000000000000e+00,5.005629658699035645e-01
1.000000000000000000e+00,4.937214553356170654e-01
1.000000000000000000e+00,5.131553411483764648e-01
1.000000000000000000e+00,4.221152663230895996e-01
1.000000000000000000e+00,4.954178929328918457e-01
1.000000000000000000e+00,4.241765141487121582e-01
1.000000000000000000e+00,4.329331517219543457e-01
1.000000000000000000e+00,5.648111104965209961e-01
1.000000000000000000e+00,4.773877263069152832e-01
1.000000000000000000e+00,5.615404248237609863e-01
1.000000000000000000e+00,5.396186113357543945e-01
1.000000000000000000e+00,4.273318350315093994e-01
1.000000000000000000e+00,4.858627021312713623e-01
1.000000000000000000e+00,4.739013612270355225e-01
1.000000000000000000e+00,4.733271002769470215e-01
1.000000000000000000e+00,4.248399436473846436e-01
1.000000000000000000e+00,3.679046332836151123e-01
1.000000000000000000e+00,4.616401791572570801e-01
1.000000000000000000e+00,4.075882732868194580e-01
1.000000000000000000e+00,4.515790939331054688e-01
1.000000000000000000e+00,4.661503434181213379e-01
1.000000000000000000e+00,4.617633521556854248e-01
1.000000000000000000e+00,5.013138651847839355e-01
1.000000000000000000e+00,4.366103410720825195e-01
1.000000000000000000e+00,5.057562589645385742e-01
1.000000000000000000e+00,5.681185126304626465e-01
1.000000000000000000e+00,3.570204973220825195e-01
1.000000000000000000e+00,4.713834524154663086e-01
1.000000000000000000e+00,5.852909684181213379e-01
1.000000000000000000e+00,4.810778498649597168e-01
1.000000000000000000e+00,4.682811796665191650e-01
1.000000000000000000e+00,4.718374609947204590e-01
1.000000000000000000e+00,4.590202271938323975e-01
1.000000000000000000e+00,4.560867846012115479e-01
1.000000000000000000e+00,4.903666377067565918e-01
1.000000000000000000e+00,5.665301084518432617e-01
1.000000000000000000e+00,4.265846908092498779e-01
1.000000000000000000e+00,5.075741410255432129e-01
1.000000000000000000e+00,4.375787377357482910e-01
1.000000000000000000e+00,4.853774309158325195e-01
1.000000000000000000e+00,5.099937915802001953e-01
1.000000000000000000e+00,4.323345422744750977e-01
1.000000000000000000e+00,4.876418113708496094e-01
1.000000000000000000e+00,5.267876982688903809e-01
1.000000000000000000e+00,4.952380955219268799e-01
1.000000000000000000e+00,5.537014007568359375e-01
1.000000000000000000e+00,5.371785163879394531e-01
1.000000000000000000e+00,5.397810339927673340e-01
1.000000000000000000e+00,4.249444603919982910e-01
1.000000000000000000e+00,4.381273090839385986e-01
1.000000000000000000e+00,4.822530746459960938e-01
1.000000000000000000e+00,4.714455604553222656e-01
1.000000000000000000e+00,4.558550715446472168e-01
1.000000000000000000e+00,4.095605313777923584e-01
1.000000000000000000e+00,5.591182708740234375e-01
1.000000000000000000e+00,5.004289150238037109e-01
1.000000000000000000e+00,4.906781017780303955e-01
1.000000000000000000e+00,5.057783722877502441e-01
1.000000000000000000e+00,4.952721595764160156e-01
1.000000000000000000e+00,6.231360435485839844e-01
1.000000000000000000e+00,4.992105364799499512e-01
1.000000000000000000e+00,5.148270130157470703e-01
1.000000000000000000e+00,4.784681200981140137e-01
1.000000000000000000e+00,5.017628073692321777e-01
1.000000000000000000e+00,4.836766719818115234e-01
1.000000000000000000e+00,6.089950203895568848e-01
1.000000000000000000e+00,5.418024063110351562e-01
1.000000000000000000e+00,5.207816362380981445e-01
1.000000000000000000e+00,6.192414760589599609e-01
1.000000000000000000e+00,5.032359361648559570e-01
1.000000000000000000e+00,5.126111507415771484e-01
1.000000000000000000e+00,4.265828132629394531e-01
1.000000000000000000e+00,5.336563587188720703e-01
1.000000000000000000e+00,3.952907323837280273e-01
1.000000000000000000e+00,4.896439313888549805e-01
1.000000000000000000e+00,4.174506664276123047e-01
1.000000000000000000e+00,5.788719654083251953e-01
1.000000000000000000e+00,4.482989609241485596e-01
1.000000000000000000e+00,4.503935277462005615e-01
1.000000000000000000e+00,5.273043513298034668e-01
1.000000000000000000e+00,3.970602452754974365e-01
1.000000000000000000e+00,4.842974245548248291e-01
1.000000000000000000e+00,3.859410881996154785e-01
1.000000000000000000e+00,4.146708548069000244e-01
1.000000000000000000e+00,4.509106874465942383e-01
1.000000000000000000e+00,4.525626599788665771e-01
1.000000000000000000e+00,5.113308429718017578e-01
1.000000000000000000e+00,4.973896443843841553e-01
1.000000000000000000e+00,4.378795027732849121e-01
1.000000000000000000e+00,4.551947116851806641e-01
1.000000000000000000e+00,4.134486615657806396e-01
1.000000000000000000e+00,3.833278119564056396e-01
1.000000000000000000e+00,4.463097155094146729e-01
1.000000000000000000e+00,4.379677772521972656e-01
1.000000000000000000e+00,4.615838527679443359e-01
1.000000000000000000e+00,5.512642860412597656e-01
1.000000000000000000e+00,4.335768818855285645e-01
1.000000000000000000e+00,6.072134971618652344e-01
1.000000000000000000e+00,5.007560849189758301e-01
1.000000000000000000e+00,4.194521307945251465e-01
1.000000000000000000e+00,4.866079092025756836e-01
1.000000000000000000e+00,5.252811312675476074e-01
1.000000000000000000e+00,6.040643453598022461e-01
1.000000000000000000e+00,3.664228916168212891e-01
1.000000000000000000e+00,4.855274558067321777e-01
1.000000000000000000e+00,6.162636876106262207e-01
1.000000000000000000e+00,4.860765933990478516e-01
1.000000000000000000e+00,4.878483116626739502e-01
1.000000000000000000e+00,4.627523124217987061e-01
1.000000000000000000e+00,5.361577272415161133e-01
1.000000000000000000e+00,4.535622596740722656e-01
1.000000000000000000e+00,4.135704040527343750e-01
1.000000000000000000e+00,4.936517477035522461e-01
1.000000000000000000e+00,4.535505175590515137e-01
1.000000000000000000e+00,5.087885856628417969e-01
1.000000000000000000e+00,4.781017303466796875e-01
1.000000000000000000e+00,4.369391500949859619e-01
1.000000000000000000e+00,5.592784881591796875e-01
1.000000000000000000e+00,5.973308086395263672e-01
1.000000000000000000e+00,5.018483400344848633e-01
1.000000000000000000e+00,5.671129822731018066e-01
1.000000000000000000e+00,4.411805868148803711e-01
1.000000000000000000e+00,4.202011525630950928e-01
1.000000000000000000e+00,4.844589829444885254e-01
1.000000000000000000e+00,4.672267735004425049e-01
1.000000000000000000e+00,4.636089801788330078e-01
1.000000000000000000e+00,4.570958018302917480e-01
1.000000000000000000e+00,4.242059886455535889e-01
1.000000000000000000e+00,4.632144868373870850e-01
1.000000000000000000e+00,4.452422857284545898e-01
1.000000000000000000e+00,4.760231971740722656e-01
1.000000000000000000e+00,4.832424521446228027e-01
1.000000000000000000e+00,4.156418442726135254e-01
1.000000000000000000e+00,4.202138185501098633e-01
1.000000000000000000e+00,4.629319310188293457e-01
1.000000000000000000e+00,4.974787533283233643e-01
1.000000000000000000e+00,5.831469297409057617e-01
1.000000000000000000e+00,4.959042072296142578e-01
1.000000000000000000e+00,4.011521935462951660e-01
1.000000000000000000e+00,4.835931658744812012e-01
1.000000000000000000e+00,4.283925890922546387e-01
1.000000000000000000e+00,4.634509086608886719e-01
1.000000000000000000e+00,4.146090149879455566e-01
1.000000000000000000e+00,5.331524610519409180e-01
1.000000000000000000e+00,3.763478398323059082e-01
1.000000000000000000e+00,5.157501697540283203e-01
1.000000000000000000e+00,5.261410474777221680e-01
1.000000000000000000e+00,5.640709400177001953e-01
1.000000000000000000e+00,5.046318173408508301e-01
1.000000000000000000e+00,5.676032900810241699e-01
1.000000000000000000e+00,5.166909098625183105e-01
1.000000000000000000e+00,4.921648502349853516e-01
1.000000000000000000e+00,4.590540230274200439e-01
1.000000000000000000e+00,4.679102003574371338e-01
1.000000000000000000e+00,5.044871568679809570e-01
1.000000000000000000e+00,5.165525078773498535e-01
1.000000000000000000e+00,5.587593317031860352e-01
1.000000000000000000e+00,4.310111105442047119e-01
1.000000000000000000e+00,4.850055873394012451e-01
1.000000000000000000e+00,4.634536802768707275e-01
1.000000000000000000e+00,4.022122919559478760e-01
1.000000000000000000e+00,4.954525530338287354e-01
1.000000000000000000e+00,5.429723858833312988e-01
1.000000000000000000e+00,4.620783627033233643e-01
1.000000000000000000e+00,3.951055705547332764e-01
1.000000000000000000e+00,5.947602987289428711e-01
1.000000000000000000e+00,5.554752349853515625e-01
1.000000000000000000e+00,5.708742141723632812e-01
1.000000000000000000e+00,4.028016924858093262e-01
1.000000000000000000e+00,4.720926880836486816e-01
1.000000000000000000e+00,3.710009455680847168e-01
1.000000000000000000e+00,4.389081001281738281e-01
1.000000000000000000e+00,4.136886596679687500e-01
1.000000000000000000e+00,4.574119150638580322e-01
1.000000000000000000e+00,4.969774484634399414e-01
1.000000000000000000e+00,5.286561250686645508e-01
1.000000000000000000e+00,6.102440953254699707e-01
1.000000000000000000e+00,4.719470739364624023e-01
1.000000000000000000e+00,3.872311413288116455e-01
1.000000000000000000e+00,5.489770174026489258e-01
1.000000000000000000e+00,4.274232685565948486e-01
1.000000000000000000e+00,4.776980876922607422e-01
1.000000000000000000e+00,4.759975075721740723e-01
1.000000000000000000e+00,5.897974371910095215e-01
1.000000000000000000e+00,5.595065951347351074e-01
1.000000000000000000e+00,5.541768670082092285e-01
1.000000000000000000e+00,4.594849944114685059e-01
1.000000000000000000e+00,4.417144358158111572e-01
1.000000000000000000e+00,4.452485740184783936e-01
1.000000000000000000e+00,4.960952699184417725e-01
1.000000000000000000e+00,5.801174640655517578e-01
1.000000000000000000e+00,3.395286798477172852e-01
1.000000000000000000e+00,5.155317187309265137e-01
1.000000000000000000e+00,4.431498050689697266e-01
1.000000000000000000e+00,5.612722635269165039e-01
1.000000000000000000e+00,4.759496152400970459e-01
1.000000000000000000e+00,5.100671648979187012e-01
1.000000000000000000e+00,3.780123889446258545e-01
1.000000000000000000e+00,5.881184339523315430e-01
1.000000000000000000e+00,4.225311577320098877e-01
1.000000000000000000e+00,4.131154119968414307e-01
1.000000000000000000e+00,5.157768726348876953e-01
1.000000000000000000e+00,4.724099338054656982e-01
1.000000000000000000e+00,4.672609567642211914e-01
1.000000000000000000e+00,4.592411518096923828e-01
1.000000000000000000e+00,4.715825021266937256e-01
1.000000000000000000e+00,4.127651453018188477e-01
1.000000000000000000e+00,4.288059473037719727e-01
1.000000000000000000e+00,4.554890394210815430e-01
1.000000000000000000e+00,4.836856126785278320e-01
1.000000000000000000e+00,4.395707249641418457e-01
1.000000000000000000e+00,5.108655691146850586e-01
1.000000000000000000e+00,4.986450374126434326e-01
1.000000000000000000e+00,5.146520733833312988e-01
1.000000000000000000e+00,5.308260917663574219e-01
1.000000000000000000e+00,4.379316568374633789e-01
1.000000000000000000e+00,4.820435643196105957e-01
1.000000000000000000e+00,4.765588045120239258e-01
1.000000000000000000e+00,4.827029109001159668e-01
1.000000000000000000e+00,5.196826457977294922e-01
1.000000000000000000e+00,4.797325730323791504e-01
1.000000000000000000e+00,5.770063400268554688e-01
1.000000000000000000e+00,5.298503041267395020e-01
1.000000000000000000e+00,4.749249517917633057e-01
1.000000000000000000e+00,4.687241315841674805e-01
1.000000000000000000e+00,5.220043063163757324e-01
1.000000000000000000e+00,6.089853048324584961e-01
1.000000000000000000e+00,5.674353241920471191e-01
1.000000000000000000e+00,5.268762111663818359e-01
1.000000000000000000e+00,4.660694599151611328e-01
1.000000000000000000e+00,5.479250550270080566e-01
1.000000000000000000e+00,4.561131894588470459e-01
1.000000000000000000e+00,4.891406595706939697e-01
1.000000000000000000e+00,5.123044252395629883e-01
1.000000000000000000e+00,5.107147693634033203e-01
1.000000000000000000e+00,5.619828701019287109e-01
1.000000000000000000e+00,4.536707699298858643e-01
1.000000000000000000e+00,5.038902759552001953e-01
1.000000000000000000e+00,4.710505604743957520e-01
1.000000000000000000e+00,4.940329194068908691e-01
1.000000000000000000e+00,4.302040040493011475e-01
1.000000000000000000e+00,4.314091801643371582e-01
1.000000000000000000e+00,5.047621130943298340e-01
1.000000000000000000e+00,4.135681986808776855e-01
1.000000000000000000e+00,5.496808290481567383e-01
1.000000000000000000e+00,4.580012857913970947e-01
1.000000000000000000e+00,5.508905053138732910e-01
1.000000000000000000e+00,4.342699348926544189e-01
1.000000000000000000e+00,4.668982625007629395e-01
1.000000000000000000e+00,5.069372653961181641e-01
1.000000000000000000e+00,4.663906991481781006e-01
1.000000000000000000e+00,4.065301120281219482e-01
1.000000000000000000e+00,4.344865679740905762e-01
1.000000000000000000e+00,4.389731287956237793e-01
1.000000000000000000e+00,5.227238535881042480e-01
1.000000000000000000e+00,3.891968727111816406e-01
1.000000000000000000e+00,4.104428887367248535e-01
1.000000000000000000e+00,5.204242467880249023e-01
1.000000000000000000e+00,5.454810857772827148e-01
1.000000000000000000e+00,5.545134544372558594e-01
1.000000000000000000e+00,4.651320576667785645e-01
1.000000000000000000e+00,4.886054098606109619e-01
1.000000000000000000e+00,5.247996449470520020e-01
1.000000000000000000e+00,4.288118779659271240e-01
1.000000000000000000e+00,4.691101312637329102e-01
1.000000000000000000e+00,5.112811923027038574e-01
1.000000000000000000e+00,4.583864510059356689e-01
1.000000000000000000e+00,4.839898943901062012e-01
1.000000000000000000e+00,4.607493281364440918e-01
1.000000000000000000e+00,4.376011788845062256e-01
1.000000000000000000e+00,4.464044272899627686e-01
1.000000000000000000e+00,4.257197380065917969e-01
1.000000000000000000e+00,4.323680996894836426e-01
1.000000000000000000e+00,4.967173933982849121e-01
1.000000000000000000e+00,4.817779958248138428e-01
1.000000000000000000e+00,5.374281406402587891e-01
1.000000000000000000e+00,4.735504090785980225e-01
1.000000000000000000e+00,5.449774265289306641e-01
1.000000000000000000e+00,5.056236386299133301e-01
1.000000000000000000e+00,4.225899577140808105e-01
1.000000000000000000e+00,4.894316792488098145e-01
1.000000000000000000e+00,4.458803534507751465e-01
1.000000000000000000e+00,4.988512098789215088e-01
1.000000000000000000e+00,3.979377746582031250e-01
1.000000000000000000e+00,5.315409302711486816e-01
1.000000000000000000e+00,5.433211922645568848e-01
1.000000000000000000e+00,4.853456020355224609e-01
1.000000000000000000e+00,5.256237983703613281e-01
1.000000000000000000e+00,4.888369143009185791e-01
1.000000000000000000e+00,4.234729707241058350e-01
1.000000000000000000e+00,5.951365232467651367e-01
1.000000000000000000e+00,4.613692164421081543e-01
1.000000000000000000e+00,4.905524253845214844e-01
1.000000000000000000e+00,4.536169469356536865e-01
1.000000000000000000e+00,5.089479684829711914e-01
1.000000000000000000e+00,4.984516501426696777e-01
1.000000000000000000e+00,5.174382925033569336e-01
1.000000000000000000e+00,5.564048886299133301e-01
1.000000000000000000e+00,5.903648138046264648e-01
1.000000000000000000e+00,4.335827231407165527e-01
1.000000000000000000e+00,4.162794947624206543e-01
1.000000000000000000e+00,4.961886107921600342e-01
1.000000000000000000e+00,5.142986774444580078e-01
1.000000000000000000e+00,3.900561034679412842e-01
1.000000000000000000e+00,4.520637392997741699e-01
1.000000000000000000e+00,4.901896715164184570e-01
1.000000000000000000e+00,4.253577291965484619e-01
1.000000000000000000e+00,5.420153141021728516e-01
1.000000000000000000e+00,4.004001915454864502e-01
1.000000000000000000e+00,5.076953768730163574e-01
1.000000000000000000e+00,4.598947465419769287e-01
1.000000000000000000e+00,4.419020116329193115e-01
1.000000000000000000e+00,5.405604839324951172e-01
1.000000000000000000e+00,4.872392416000366211e-01
1.000000000000000000e+00,4.191284477710723877e-01
1.000000000000000000e+00,5.659208893775939941e-01
1.000000000000000000e+00,5.022172331809997559e-01
1.000000000000000000e+00,5.804864168167114258e-01
1.000000000000000000e+00,4.777768254280090332e-01
1.000000000000000000e+00,5.541513562202453613e-01
1.000000000000000000e+00,5.204807519912719727e-01
1.000000000000000000e+00,4.946255683898925781e-01
1.000000000000000000e+00,4.670178592205047607e-01
1.000000000000000000e+00,4.445608258247375488e-01
1.000000000000000000e+00,4.427178204059600830e-01
1.000000000000000000e+00,5.084344148635864258e-01
1.000000000000000000e+00,5.285190343856811523e-01
1.000000000000000000e+00,4.773291945457458496e-01
1.000000000000000000e+00,4.949011802673339844e-01
1.000000000000000000e+00,4.230248034000396729e-01
1.000000000000000000e+00,5.019898414611816406e-01
1.000000000000000000e+00,5.388781428337097168e-01
1.000000000000000000e+00,5.396023988723754883e-01
1.000000000000000000e+00,6.160644888877868652e-01
1.000000000000000000e+00,4.863110482692718506e-01
1.000000000000000000e+00,4.944618642330169678e-01
1.000000000000000000e+00,5.426718592643737793e-01
1.000000000000000000e+00,4.489687383174896240e-01
1.000000000000000000e+00,4.949298501014709473e-01
1.000000000000000000e+00,4.564226865768432617e-01
1.000000000000000000e+00,4.175384640693664551e-01
1.000000000000000000e+00,4.660869538784027100e-01
1.000000000000000000e+00,4.706157147884368896e-01
1.000000000000000000e+00,5.002741217613220215e-01
1.000000000000000000e+00,5.650966167449951172e-01
1.000000000000000000e+00,4.965361058712005615e-01
1.000000000000000000e+00,4.077592194080352783e-01
1.000000000000000000e+00,4.843000173568725586e-01
1.000000000000000000e+00,4.051621556282043457e-01
1.000000000000000000e+00,4.734883904457092285e-01
1.000000000000000000e+00,3.962447643280029297e-01
1.000000000000000000e+00,4.384629428386688232e-01
1.000000000000000000e+00,5.075260400772094727e-01
1.000000000000000000e+00,4.359450340270996094e-01
1.000000000000000000e+00,5.510643720626831055e-01
1.000000000000000000e+00,4.903007149696350098e-01
1.000000000000000000e+00,4.921983778476715088e-01
1.000000000000000000e+00,4.595922827720642090e-01
1.000000000000000000e+00,4.897702038288116455e-01
1.000000000000000000e+00,5.264838337898254395e-01
1.000000000000000000e+00,4.393759071826934814e-01
1.000000000000000000e+00,4.981556534767150879e-01
1.000000000000000000e+00,5.529582500457763672e-01
1.000000000000000000e+00,5.320606231689453125e-01
1.000000000000000000e+00,5.108441114425659180e-01
1.000000000000000000e+00,5.420140027999877930e-01
1.000000000000000000e+00,4.449394345283508301e-01
1.000000000000000000e+00,4.888016283512115479e-01
1.000000000000000000e+00,4.636607468128204346e-01
1.000000000000000000e+00,4.238610565662384033e-01
1.000000000000000000e+00,4.972558617591857910e-01
1.000000000000000000e+00,5.089232325553894043e-01
1.000000000000000000e+00,5.440163612365722656e-01
1.000000000000000000e+00,4.194375574588775635e-01
1.000000000000000000e+00,4.608812332153320312e-01
1.000000000000000000e+00,4.270370006561279297e-01
1.000000000000000000e+00,5.292365550994873047e-01
1.000000000000000000e+00,5.263709425926208496e-01
1.000000000000000000e+00,5.656449794769287109e-01
1.000000000000000000e+00,4.413406252861022949e-01
1.000000000000000000e+00,4.551101922988891602e-01
1.000000000000000000e+00,3.922997713088989258e-01
1.000000000000000000e+00,4.496210813522338867e-01
1.000000000000000000e+00,4.850584566593170166e-01
1.000000000000000000e+00,4.326095581054687500e-01
1.000000000000000000e+00,4.602336883544921875e-01
1.000000000000000000e+00,4.306232333183288574e-01
1.000000000000000000e+00,4.402163922786712646e-01
1.000000000000000000e+00,4.769665002822875977e-01
1.000000000000000000e+00,4.413751065731048584e-01
1.000000000000000000e+00,4.473389387130737305e-01
1.000000000000000000e+00,4.037070274353027344e-01
1.000000000000000000e+00,5.454351902008056641e-01
1.000000000000000000e+00,4.529014527797698975e-01
1.000000000000000000e+00,4.125080108642578125e-01
1.000000000000000000e+00,4.771054089069366455e-01
1.000000000000000000e+00,4.901700019836425781e-01
1.000000000000000000e+00,5.075502395629882812e-01
1.000000000000000000e+00,5.037470459938049316e-01
1.000000000000000000e+00,5.185714960098266602e-01
1.000000000000000000e+00,5.247939825057983398e-01
1.000000000000000000e+00,4.188060760498046875e-01
1.000000000000000000e+00,4.591870307922363281e-01
1.000000000000000000e+00,4.189635515213012695e-01
1.000000000000000000e+00,4.690325260162353516e-01
1.000000000000000000e+00,5.421807169914245605e-01
1.000000000000000000e+00,4.220536351203918457e-01
1.000000000000000000e+00,5.237989425659179688e-01
1.000000000000000000e+00,4.127494692802429199e-01
1.000000000000000000e+00,4.973380267620086670e-01
1.000000000000000000e+00,4.728462100028991699e-01
1.000000000000000000e+00,4.711455106735229492e-01
1.000000000000000000e+00,5.008653998374938965e-01
1.000000000000000000e+00,4.030932784080505371e-01
1.000000000000000000e+00,4.249646067619323730e-01
1.000000000000000000e+00,4.197877645492553711e-01
1.000000000000000000e+00,4.723457694053649902e-01
1.000000000000000000e+00,4.900439679622650146e-01
1.000000000000000000e+00,4.853406250476837158e-01
1.000000000000000000e+00,4.342036247253417969e-01
1.000000000000000000e+00,5.687389969825744629e-01
1.000000000000000000e+00,5.611621141433715820e-01
1.000000000000000000e+00,4.451287984848022461e-01
1.000000000000000000e+00,5.287365913391113281e-01
1.000000000000000000e+00,4.191550016403198242e-01
1.000000000000000000e+00,4.856498837471008301e-01
1.000000000000000000e+00,5.429008603096008301e-01
1.000000000000000000e+00,4.107961058616638184e-01
1.000000000000000000e+00,4.952702522277832031e-01
1.000000000000000000e+00,5.675351619720458984e-01
1.000000000000000000e+00,4.938490986824035645e-01
1.000000000000000000e+00,5.559331774711608887e-01
1.000000000000000000e+00,4.746616482734680176e-01
1.000000000000000000e+00,4.739211201667785645e-01
1.000000000000000000e+00,4.323100745677947998e-01
1.000000000000000000e+00,4.118489027023315430e-01
1.000000000000000000e+00,4.298597872257232666e-01
1.000000000000000000e+00,4.178191125392913818e-01
1.000000000000000000e+00,4.477067887783050537e-01
1.000000000000000000e+00,5.289558768272399902e-01
1.000000000000000000e+00,5.239818096160888672e-01
1.000000000000000000e+00,4.890733361244201660e-01
1.000000000000000000e+00,4.880911409854888916e-01
1.000000000000000000e+00,4.902365803718566895e-01
1.000000000000000000e+00,4.555149078369140625e-01
1.000000000000000000e+00,5.868108868598937988e-01
1.000000000000000000e+00,4.765983819961547852e-01
1.000000000000000000e+00,4.891276359558105469e-01
1.000000000000000000e+00,5.418190956115722656e-01
1.000000000000000000e+00,4.474977254867553711e-01
1.000000000000000000e+00,5.081066489219665527e-01
1.000000000000000000e+00,5.521613359451293945e-01
1.000000000000000000e+00,4.386173486709594727e-01
1.000000000000000000e+00,4.592005610466003418e-01
1.000000000000000000e+00,5.242052674293518066e-01
1.000000000000000000e+00,4.871789216995239258e-01
1.000000000000000000e+00,4.032858610153198242e-01
1.000000000000000000e+00,4.825854897499084473e-01
1.000000000000000000e+00,4.496677815914154053e-01
1.000000000000000000e+00,5.370027422904968262e-01
1.000000000000000000e+00,5.162730813026428223e-01
1.000000000000000000e+00,4.384760260581970215e-01
1.000000000000000000e+00,4.966220557689666748e-01
1.000000000000000000e+00,3.927133977413177490e-01
1.000000000000000000e+00,5.437825322151184082e-01
1.000000000000000000e+00,5.173385739326477051e-01
1.000000000000000000e+00,4.190386533737182617e-01
1.000000000000000000e+00,5.313268899917602539e-01
1.000000000000000000e+00,4.185931980609893799e-01
1.000000000000000000e+00,4.783834815025329590e-01
1.000000000000000000e+00,4.239166676998138428e-01
1.000000000000000000e+00,3.819406330585479736e-01
1.000000000000000000e+00,4.441565871238708496e-01
1.000000000000000000e+00,3.904160559177398682e-01
1.000000000000000000e+00,4.774116277694702148e-01
1.000000000000000000e+00,4.409883320331573486e-01
1.000000000000000000e+00,5.159569978713989258e-01
1.000000000000000000e+00,4.738984704017639160e-01
1.000000000000000000e+00,4.219205081462860107e-01
1.000000000000000000e+00,5.756626129150390625e-01
1.000000000000000000e+00,4.781323075294494629e-01
1.000000000000000000e+00,5.180340409278869629e-01
1.000000000000000000e+00,5.100786089897155762e-01
1.000000000000000000e+00,4.010721743106842041e-01
1.000000000000000000e+00,4.393880963325500488e-01
1.000000000000000000e+00,4.326646029949188232e-01
1.000000000000000000e+00,5.478144884109497070e-01
1.000000000000000000e+00,4.393001794815063477e-01
1.000000000000000000e+00,5.240869522094726562e-01
1.000000000000000000e+00,4.351495206356048584e-01
1.000000000000000000e+00,4.614192843437194824e-01
1.000000000000000000e+00,4.238939285278320312e-01
1.000000000000000000e+00,4.861481785774230957e-01
1.000000000000000000e+00,5.526583790779113770e-01
1.000000000000000000e+00,5.019469857215881348e-01
1.000000000000000000e+00,4.755987823009490967e-01
1.000000000000000000e+00,4.004502296447753906e-01
1.000000000000000000e+00,4.681638479232788086e-01
1.000000000000000000e+00,5.125626325607299805e-01
1.000000000000000000e+00,5.062139630317687988e-01
1.000000000000000000e+00,4.361093044281005859e-01
1.000000000000000000e+00,4.274562299251556396e-01
1.000000000000000000e+00,5.438554883003234863e-01
1.000000000000000000e+00,4.318466782569885254e-01
1.000000000000000000e+00,5.535319447517395020e-01
1.000000000000000000e+00,4.755674600601196289e-01
1.000000000000000000e+00,4.617154002189636230e-01
1.000000000000000000e+00,4.830464720726013184e-01
1.000000000000000000e+00,4.415391385555267334e-01
1.000000000000000000e+00,5.120332837104797363e-01
1.000000000000000000e+00,4.348540902137756348e-01
1.000000000000000000e+00,4.001969993114471436e-01
1.000000000000000000e+00,4.391092658042907715e-01
1.000000000000000000e+00,5.074351429939270020e-01
1.000000000000000000e+00,4.881806373596191406e-01
1.000000000000000000e+00,5.579268932342529297e-01
1.000000000000000000e+00,4.955460131168365479e-01
1.000000000000000000e+00,5.117548108100891113e-01
1.000000000000000000e+00,4.745389223098754883e-01
1.000000000000000000e+00,5.268962383270263672e-01
1.000000000000000000e+00,4.335613846778869629e-01
1.000000000000000000e+00,4.988643229007720947e-01
1.000000000000000000e+00,5.356138348579406738e-01
1.000000000000000000e+00,5.592811703681945801e-01
1.000000000000000000e+00,4.594385921955108643e-01
1.000000000000000000e+00,5.047792792320251465e-01
1.000000000000000000e+00,5.842274427413940430e-01
1.000000000000000000e+00,4.891206920146942139e-01
1.000000000000000000e+00,4.448058903217315674e-01
1.000000000000000000e+00,3.999134898185729980e-01
1.000000000000000000e+00,4.261999726295471191e-01
1.000000000000000000e+00,4.272550046443939209e-01
1.000000000000000000e+00,5.425060391426086426e-01
1.000000000000000000e+00,5.254207849502563477e-01
1.000000000000000000e+00,4.550472497940063477e-01
1.000000000000000000e+00,4.927546381950378418e-01
1.000000000000000000e+00,3.693664371967315674e-01
1.000000000000000000e+00,4.036114811897277832e-01
1.000000000000000000e+00,4.743550121784210205e-01
1.000000000000000000e+00,4.293193817138671875e-01
1.000000000000000000e+00,4.588074982166290283e-01
1.000000000000000000e+00,4.318674206733703613e-01
1.000000000000000000e+00,4.497478604316711426e-01
1.000000000000000000e+00,4.349664449691772461e-01
1.000000000000000000e+00,4.925376772880554199e-01
1.000000000000000000e+00,4.374345541000366211e-01
1.000000000000000000e+00,4.846727550029754639e-01
1.000000000000000000e+00,4.949397444725036621e-01
1.000000000000000000e+00,5.331613421440124512e-01
1.000000000000000000e+00,4.004684686660766602e-01
1.000000000000000000e+00,4.633362293243408203e-01
1.000000000000000000e+00,5.556676387786865234e-01
1.000000000000000000e+00,5.763857960700988770e-01
1.000000000000000000e+00,4.076209068298339844e-01
1.000000000000000000e+00,3.991896212100982666e-01
1.000000000000000000e+00,4.885691702365875244e-01
1.000000000000000000e+00,4.521411359310150146e-01
1.000000000000000000e+00,4.665597081184387207e-01
1.000000000000000000e+00,5.324378013610839844e-01
1.000000000000000000e+00,5.255622267723083496e-01
1.000000000000000000e+00,4.958412945270538330e-01
1.000000000000000000e+00,4.057597815990447998e-01
1.000000000000000000e+00,4.600982964038848877e-01
1.000000000000000000e+00,5.403194427490234375e-01
1.000000000000000000e+00,5.323764085769653320e-01
1.000000000000000000e+00,4.711803197860717773e-01
1.000000000000000000e+00,5.052712559700012207e-01
1.000000000000000000e+00,5.432390570640563965e-01
1.000000000000000000e+00,4.744224250316619873e-01
1.000000000000000000e+00,4.808575510978698730e-01
1.000000000000000000e+00,6.386505365371704102e-01
1.000000000000000000e+00,4.367736279964447021e-01
1.000000000000000000e+00,3.960322141647338867e-01
1.000000000000000000e+00,4.721411466598510742e-01
1.000000000000000000e+00,4.977402687072753906e-01
1.000000000000000000e+00,5.264143347740173340e-01
1.000000000000000000e+00,5.961915850639343262e-01
1.000000000000000000e+00,4.460310339927673340e-01
1.000000000000000000e+00,4.376334249973297119e-01
1.000000000000000000e+00,4.950005412101745605e-01
1.000000000000000000e+00,5.147666335105895996e-01
1.000000000000000000e+00,5.744605064392089844e-01
1.000000000000000000e+00,4.558517038822174072e-01
1.000000000000000000e+00,4.512504935264587402e-01
1.000000000000000000e+00,5.533178448677062988e-01
1.000000000000000000e+00,4.787686169147491455e-01
1.000000000000000000e+00,4.409329891204833984e-01
1.000000000000000000e+00,4.567345976829528809e-01
1.000000000000000000e+00,4.579767584800720215e-01
1.000000000000000000e+00,4.701836705207824707e-01
1.000000000000000000e+00,6.031700372695922852e-01
1.000000000000000000e+00,4.936973750591278076e-01
1.000000000000000000e+00,5.070286393165588379e-01
1.000000000000000000e+00,4.551670849323272705e-01
1.000000000000000000e+00,4.365290999412536621e-01
1.000000000000000000e+00,5.020017623901367188e-01
1.000000000000000000e+00,5.426130294799804688e-01
1.000000000000000000e+00,4.943960309028625488e-01
1.000000000000000000e+00,4.820998907089233398e-01
1.000000000000000000e+00,5.192064046859741211e-01
1.000000000000000000e+00,5.164411664009094238e-01
1.000000000000000000e+00,4.685386419296264648e-01
1.000000000000000000e+00,4.517258107662200928e-01
1.000000000000000000e+00,4.282740950584411621e-01
1.000000000000000000e+00,4.475938081741333008e-01
1.000000000000000000e+00,4.025679826736450195e-01
1.000000000000000000e+00,4.459885656833648682e-01
1.000000000000000000e+00,4.106276631355285645e-01
1.000000000000000000e+00,5.080009102821350098e-01
1.000000000000000000e+00,4.896626472473144531e-01
1.000000000000000000e+00,5.404770374298095703e-01
1.000000000000000000e+00,5.275501608848571777e-01
1.000000000000000000e+00,4.587440490722656250e-01
1.000000000000000000e+00,4.648421406745910645e-01
1.000000000000000000e+00,4.153679013252258301e-01
1.000000000000000000e+00,5.790374279022216797e-01
1.000000000000000000e+00,4.181096851825714111e-01
1.000000000000000000e+00,4.955777525901794434e-01
1.000000000000000000e+00,4.515827000141143799e-01
1.000000000000000000e+00,5.505391359329223633e-01
1.000000000000000000e+00,5.509127378463745117e-01
1.000000000000000000e+00,4.987369179725646973e-01
1.000000000000000000e+00,5.930678844451904297e-01
1.000000000000000000e+00,4.649496078491210938e-01
1.000000000000000000e+00,4.400214552879333496e-01
1.000000000000000000e+00,4.804212749004364014e-01
1.000000000000000000e+00,4.943231642246246338e-01
1.000000000000000000e+00,4.718655645847320557e-01
1.000000000000000000e+00,5.152269005775451660e-01
1.000000000000000000e+00,4.392862617969512939e-01
1.000000000000000000e+00,4.479005932807922363e-01
1.000000000000000000e+00,5.408546328544616699e-01
1.000000000000000000e+00,4.294245839118957520e-01
1.000000000000000000e+00,4.181513488292694092e-01
1.000000000000000000e+00,4.349677264690399170e-01
1.000000000000000000e+00,5.750914812088012695e-01
1.000000000000000000e+00,3.867294490337371826e-01
1.000000000000000000e+00,5.016349554061889648e-01
1.000000000000000000e+00,3.668152987957000732e-01
1.000000000000000000e+00,4.556618332862854004e-01
1.000000000000000000e+00,4.602410793304443359e-01
1.000000000000000000e+00,5.800495743751525879e-01
1.000000000000000000e+00,5.602545142173767090e-01
1.000000000000000000e+00,4.142913818359375000e-01
1.000000000000000000e+00,4.342902004718780518e-01
1.000000000000000000e+00,4.300598502159118652e-01
1.000000000000000000e+00,4.415670037269592285e-01
1.000000000000000000e+00,5.394797325134277344e-01
1.000000000000000000e+00,4.292947053909301758e-01
1.000000000000000000e+00,4.657569825649261475e-01
1.000000000000000000e+00,3.885686993598937988e-01
1.000000000000000000e+00,4.171240925788879395e-01
1.000000000000000000e+00,4.190255999565124512e-01
1.000000000000000000e+00,4.621895253658294678e-01
1.000000000000000000e+00,4.130361676216125488e-01
1.000000000000000000e+00,4.083905518054962158e-01
1.000000000000000000e+00,4.678769707679748535e-01
1.000000000000000000e+00,6.018097400665283203e-01
1.000000000000000000e+00,5.315578579902648926e-01
1.000000000000000000e+00,4.256488978862762451e-01
1.000000000000000000e+00,5.340417027473449707e-01
1.000000000000000000e+00,5.657507181167602539e-01
1.000000000000000000e+00,5.756979584693908691e-01
1.000000000000000000e+00,4.235204458236694336e-01
1.000000000000000000e+00,4.494897127151489258e-01
1.000000000000000000e+00,4.329249858856201172e-01
1.000000000000000000e+00,4.030925631523132324e-01
1.000000000000000000e+00,4.586362838745117188e-01
1.000000000000000000e+00,5.003265738487243652e-01
1.000000000000000000e+00,5.281857848167419434e-01
1.000000000000000000e+00,4.279211759567260742e-01
1.000000000000000000e+00,4.129731059074401855e-01
1.000000000000000000e+00,4.629201889038085938e-01
1.000000000000000000e+00,5.880348682403564453e-01
1.000000000000000000e+00,4.953353106975555420e-01
1.000000000000000000e+00,4.346138834953308105e-01
1.000000000000000000e+00,4.561057984828948975e-01
1.000000000000000000e+00,4.402165710926055908e-01
1.000000000000000000e+00,4.353033006191253662e-01
1.000000000000000000e+00,4.349682927131652832e-01
1.000000000000000000e+00,4.024449586868286133e-01
1.000000000000000000e+00,5.062480568885803223e-01
1.000000000000000000e+00,4.678591191768646240e-01
1.000000000000000000e+00,5.053455829620361328e-01
1.000000000000000000e+00,4.534380435943603516e-01
1.000000000000000000e+00,5.213127136230468750e-01
1.000000000000000000e+00,5.531193017959594727e-01
1.000000000000000000e+00,4.666394591331481934e-01
1.000000000000000000e+00,5.075415372848510742e-01
1.000000000000000000e+00,6.138001084327697754e-01
1.000000000000000000e+00,4.702215790748596191e-01
1.000000000000000000e+00,4.874217808246612549e-01
1.000000000000000000e+00,5.644472241401672363e-01
1.000000000000000000e+00,4.994495511054992676e-01
1.000000000000000000e+00,4.563307762145996094e-01
1.000000000000000000e+00,4.051725864410400391e-01
1.000000000000000000e+00,5.242512226104736328e-01
1.000000000000000000e+00,5.414264798164367676e-01
1.000000000000000000e+00,4.314878284931182861e-01
1.000000000000000000e+00,5.876750946044921875e-01
1.000000000000000000e+00,5.291856527328491211e-01
1.000000000000000000e+00,4.458959102630615234e-01
1.000000000000000000e+00,4.550918638706207275e-01
1.000000000000000000e+00,4.509818851947784424e-01
1.000000000000000000e+00,4.604981839656829834e-01
1.000000000000000000e+00,4.220532178878784180e-01
1.000000000000000000e+00,5.156270861625671387e-01
1.000000000000000000e+00,4.935251474380493164e-01
1.000000000000000000e+00,5.635261535644531250e-01
1.000000000000000000e+00,4.135738909244537354e-01
1.000000000000000000e+00,4.591270685195922852e-01
1.000000000000000000e+00,5.556927919387817383e-01
1.000000000000000000e+00,4.858841598033905029e-01
1.000000000000000000e+00,3.798676729202270508e-01
1.000000000000000000e+00,4.858320355415344238e-01
1.000000000000000000e+00,4.002335965633392334e-01
1.000000000000000000e+00,4.621488153934478760e-01
1.000000000000000000e+00,4.467572569847106934e-01
1.000000000000000000e+00,4.694371819496154785e-01
1.000000000000000000e+00,4.028338789939880371e-01
1.000000000000000000e+00,5.867327451705932617e-01
1.000000000000000000e+00,4.197053015232086182e-01
1.000000000000000000e+00,5.006092786788940430e-01
1.000000000000000000e+00,5.121126174926757812e-01
1.000000000000000000e+00,4.872439503669738770e-01
1.000000000000000000e+00,4.533216655254364014e-01
1.000000000000000000e+00,4.742939174175262451e-01
1.000000000000000000e+00,5.300264358520507812e-01
1.000000000000000000e+00,4.951248764991760254e-01
1.000000000000000000e+00,4.559550881385803223e-01
1.000000000000000000e+00,4.910283684730529785e-01
1.000000000000000000e+00,4.429534971714019775e-01
1.000000000000000000e+00,4.573265314102172852e-01
1.000000000000000000e+00,5.003591775894165039e-01
1.000000000000000000e+00,5.842404365539550781e-01
1.000000000000000000e+00,5.379167795181274414e-01
1.000000000000000000e+00,4.402203559875488281e-01
1.000000000000000000e+00,4.991618394851684570e-01
1.000000000000000000e+00,5.020419359207153320e-01
1.000000000000000000e+00,4.811478257179260254e-01
1.000000000000000000e+00,4.093316793441772461e-01
1.000000000000000000e+00,4.734423756599426270e-01
1.000000000000000000e+00,3.860124349594116211e-01
1.000000000000000000e+00,5.434312224388122559e-01
1.000000000000000000e+00,4.927122592926025391e-01
1.000000000000000000e+00,4.127925634384155273e-01
1.000000000000000000e+00,4.599090218544006348e-01
1.000000000000000000e+00,5.409792661666870117e-01
1.000000000000000000e+00,4.477873444557189941e-01
1.000000000000000000e+00,5.714492201805114746e-01
1.000000000000000000e+00,5.953022241592407227e-01
1.000000000000000000e+00,4.072115719318389893e-01
1.000000000000000000e+00,4.989773333072662354e-01
1.000000000000000000e+00,5.120538473129272461e-01
1.000000000000000000e+00,3.766173720359802246e-01
1.000000000000000000e+00,4.403472244739532471e-01
1.000000000000000000e+00,4.751550555229187012e-01
1.000000000000000000e+00,4.232384264469146729e-01
1.000000000000000000e+00,4.244801402091979980e-01
1.000000000000000000e+00,4.506290555000305176e-01
1.000000000000000000e+00,4.232818782329559326e-01
1.000000000000000000e+00,5.144704580307006836e-01
1.000000000000000000e+00,4.760818779468536377e-01
1.000000000000000000e+00,5.506363511085510254e-01
1.000000000000000000e+00,5.585625767707824707e-01
1.000000000000000000e+00,4.453517496585845947e-01
1.000000000000000000e+00,4.836891889572143555e-01
1.000000000000000000e+00,5.179886221885681152e-01
1.000000000000000000e+00,6.235733628273010254e-01
1.000000000000000000e+00,4.881466925144195557e-01
1.000000000000000000e+00,5.474816560745239258e-01
1.000000000000000000e+00,4.956439733505249023e-01
1.000000000000000000e+00,4.122906327247619629e-01
1.000000000000000000e+00,4.562523663043975830e-01
1.000000000000000000e+00,4.314772188663482666e-01
1.000000000000000000e+00,4.956564605236053467e-01
1.000000000000000000e+00,4.131197035312652588e-01
1.000000000000000000e+00,4.773236513137817383e-01
1.000000000000000000e+00,4.036787152290344238e-01
1.000000000000000000e+00,4.248356521129608154e-01
1.000000000000000000e+00,5.158648490905761719e-01
1.000000000000000000e+00,4.820945858955383301e-01
1.000000000000000000e+00,5.112337470054626465e-01
1.000000000000000000e+00,4.825364649295806885e-01
1.000000000000000000e+00,5.167010426521301270e-01
1.000000000000000000e+00,3.899205923080444336e-01
1.000000000000000000e+00,5.058388113975524902e-01
1.000000000000000000e+00,4.514322280883789062e-01
1.000000000000000000e+00,4.383538663387298584e-01
1.000000000000000000e+00,5.260616540908813477e-01
1.000000000000000000e+00,5.105408430099487305e-01
1.000000000000000000e+00,4.454089701175689697e-01
1.000000000000000000e+00,5.582501888275146484e-01
1.000000000000000000e+00,5.207605957984924316e-01
1.000000000000000000e+00,5.424680709838867188e-01
1.000000000000000000e+00,4.851332902908325195e-01
1.000000000000000000e+00,4.793609380722045898e-01
1.000000000000000000e+00,4.919030070304870605e-01
1.000000000000000000e+00,5.138665437698364258e-01
1.000000000000000000e+00,5.007995963096618652e-01
1.000000000000000000e+00,5.739709138870239258e-01
1.000000000000000000e+00,4.691094160079956055e-01
1.000000000000000000e+00,4.455044269561767578e-01
1.000000000000000000e+00,5.598622560501098633e-01
1.000000000000000000e+00,4.093149602413177490e-01
1.000000000000000000e+00,4.865818917751312256e-01
1.000000000000000000e+00,4.363573491573333740e-01
1.000000000000000000e+00,5.761231184005737305e-01
1.000000000000000000e+00,6.102070808410644531e-01
1.000000000000000000e+00,4.670109152793884277e-01
1.000000000000000000e+00,4.994035959243774414e-01
1.000000000000000000e+00,4.678752422332763672e-01
1.000000000000000000e+00,4.782295823097229004e-01
1.000000000000000000e+00,4.650208353996276855e-01
1.000000000000000000e+00,5.334038734436035156e-01
1.000000000000000000e+00,4.887823462486267090e-01
1.000000000000000000e+00,5.077865123748779297e-01
1.000000000000000000e+00,5.435205101966857910e-01
1.000000000000000000e+00,4.792284369468688965e-01
1.000000000000000000e+00,4.708477854728698730e-01
1.000000000000000000e+00,5.098626613616943359e-01
1.000000000000000000e+00,4.750568866729736328e-01
1.000000000000000000e+00,4.340100288391113281e-01
1.000000000000000000e+00,4.345798492431640625e-01
1.000000000000000000e+00,3.962875008583068848e-01
1.000000000000000000e+00,5.738054513931274414e-01
1.000000000000000000e+00,4.547280967235565186e-01
1.000000000000000000e+00,4.057660400867462158e-01
1.000000000000000000e+00,5.144757628440856934e-01
1.000000000000000000e+00,5.292000770568847656e-01
1.000000000000000000e+00,4.925816655158996582e-01
1.000000000000000000e+00,4.398686885833740234e-01
1.000000000000000000e+00,4.853295683860778809e-01
1.000000000000000000e+00,4.090055823326110840e-01
1.000000000000000000e+00,5.301692485809326172e-01
1.000000000000000000e+00,4.822814166545867920e-01
1.000000000000000000e+00,5.323851108551025391e-01
1.000000000000000000e+00,5.275434255599975586e-01
1.000000000000000000e+00,5.614370107650756836e-01
1.000000000000000000e+00,4.613493680953979492e-01
1.000000000000000000e+00,4.990379810333251953e-01
1.000000000000000000e+00,5.083236098289489746e-01
1.000000000000000000e+00,5.060219764709472656e-01
1.000000000000000000e+00,4.702498912811279297e-01
1.000000000000000000e+00,5.353680253028869629e-01
1.000000000000000000e+00,5.121895074844360352e-01
1.000000000000000000e+00,5.797133445739746094e-01
1.000000000000000000e+00,4.451928436756134033e-01
1.000000000000000000e+00,5.149652361869812012e-01
1.000000000000000000e+00,5.308538675308227539e-01
1.000000000000000000e+00,4.769275188446044922e-01
1.000000000000000000e+00,3.832892179489135742e-01
1.000000000000000000e+00,4.657003879547119141e-01
1.000000000000000000e+00,4.388465881347656250e-01
1.000000000000000000e+00,6.112078428268432617e-01
1.000000000000000000e+00,4.041506648063659668e-01
1.000000000000000000e+00,5.044347047805786133e-01
1.000000000000000000e+00,4.435115754604339600e-01
1.000000000000000000e+00,4.326321780681610107e-01
1.000000000000000000e+00,4.548560380935668945e-01
1.000000000000000000e+00,4.805279374122619629e-01
1.000000000000000000e+00,4.386394023895263672e-01
1.000000000000000000e+00,4.118572473526000977e-01
1.000000000000000000e+00,4.831945896148681641e-01
1.000000000000000000e+00,5.012538433074951172e-01
1.000000000000000000e+00,4.967866837978363037e-01
1.000000000000000000e+00,4.600577652454376221e-01
1.000000000000000000e+00,4.746544957160949707e-01
1.000000000000000000e+00,4.305260777473449707e-01
1.000000000000000000e+00,4.524169564247131348e-01
1.000000000000000000e+00,4.225797057151794434e-01
1.000000000000000000e+00,4.707132875919342041e-01
1.000000000000000000e+00,5.724664926528930664e-01
1.000000000000000000e+00,5.541270971298217773e-01
1.000000000000000000e+00,4.593470692634582520e-01
1.000000000000000000e+00,5.274627804756164551e-01
1.000000000000000000e+00,5.349978804588317871e-01
1.000000000000000000e+00,3.832626640796661377e-01
1.000000000000000000e+00,4.194130897521972656e-01
1.000000000000000000e+00,4.820684790611267090e-01
1.000000000000000000e+00,4.671129584312438965e-01
1.000000000000000000e+00,5.192848443984985352e-01
1.000000000000000000e+00,5.549219846725463867e-01
1.000000000000000000e+00,4.103664755821228027e-01
1.000000000000000000e+00,4.708924889564514160e-01
1.000000000000000000e+00,5.596423149108886719e-01
1.000000000000000000e+00,4.702081382274627686e-01
1.000000000000000000e+00,5.128334760665893555e-01
1.000000000000000000e+00,5.338397026062011719e-01
1.000000000000000000e+00,4.190276563167572021e-01
1.000000000000000000e+00,5.153824090957641602e-01
1.000000000000000000e+00,4.314231276512145996e-01
1.000000000000000000e+00,4.736039936542510986e-01
1.000000000000000000e+00,4.827133119106292725e-01
1.000000000000000000e+00,5.021568536758422852e-01
1.000000000000000000e+00,5.150745511054992676e-01
1.000000000000000000e+00,5.053388476371765137e-01
1.000000000000000000e+00,5.049651861190795898e-01
1.000000000000000000e+00,4.977214932441711426e-01
1.000000000000000000e+00,4.736769199371337891e-01
1.000000000000000000e+00,4.921017885208129883e-01
1.000000000000000000e+00,4.634129106998443604e-01
1.000000000000000000e+00,4.149794280529022217e-01
1.000000000000000000e+00,4.779281914234161377e-01
1.000000000000000000e+00,5.049103498458862305e-01
1.000000000000000000e+00,4.573273956775665283e-01
1.000000000000000000e+00,5.674067735671997070e-01
1.000000000000000000e+00,4.908131957054138184e-01
