label,score
0.000000000000000000e+00,-1.011443350315616163e+00
0.000000000000000000e+00,-1.489725391263605481e+00
0.000000000000000000e+00,-1.205070814548470981e+00
0.000000000000000000e+00,-1.259146417776888960e+00
0.000000000000000000e+00,-2.099413494780770328e+00
0.000000000000000000e+00,-1.034098633710510695e+00
0.000000000000000000e+00,-7.142641714999130587e-01
0.000000000000000000e+00,-1.959649248688375200e+00
0.000000000000000000e+00,-1.321575834464988164e+00
0.000000000000000000e+00,-1.975637126142991473e+00
0.000000000000000000e+00,-1.338425488449343392e+00
0.000000000000000000e+00,-1.099743980156393741e+00
0.000000000000000000e+00,-6.208186658555767679e-01
0.000000000000000000e+00,-1.459413319543377385e+00
0.000000000000000000e+00,-1.381557141558970692e+00
0.000000000000000000e+00,-3.844292558884289113e-01
0.000000000000000000e+00,-1.041266848932270062e+00
0.000000000000000000e+00,-1.525967202198858619e+00
0.000000000000000000e+00,-1.308731343713421147e+00
0.000000000000000000e+00,-1.428346537850096798e+00
0.000000000000000000e+00,-1.075275557399487436e+00
0.000000000000000000e+00,-1.410399123904938046e+00
0.000000000000000000e+00,-1.396895627571805854e+00
0.000000000000000000e+00,-1.676460828290317062e+00
0.000000000000000000e+00,-1.504825708813607221e+00
0.000000000000000000e+00,-9.516888495192677988e-01
0.000000000000000000e+00,-1.725342173997194362e+00
0.000000000000000000e+00,-1.207300857972030128e+00
0.000000000000000000e+00,-1.810138012880311065e+00
0.000000000000000000e+00,-1.188260491135959773e+00
0.000000000000000000e+00,-7.760651730512148072e-01
0.000000000000000000e+00,-7.714084333448764097e-01
0.000000000000000000e+00,-6.524391345991511493e-01
0.000000000000000000e+00,-1.076030267372539706e+00
0.000000000000000000e+00,-1.320953100410790393e+00
0.000000000000000000e+00,-1.317792233453588313e+00
0.000000000000000000e+00,-1.435696984721400504e+00
0.000000000000000000e+00,-3.922459885392617918e-01
0.000000000000000000e+00,-8.830211671303445087e-01
0.000000000000000000e+00,-1.576347916705702623e+00
0.000000000000000000e+00,-1.239818937766356877e+00
0.000000000000000000e+00,-2.127833765995298609e+00
0.000000000000000000e+00,-3.999639577541306834e-01
0.000000000000000000e+00,-1.162487167406538013e+00
0.000000000000000000e+00,-1.192839443711317671e+00
0.000000000000000000e+00,-3.968028199252219938e-03
0.000000000000000000e+00,-6.993010739450119528e-01
0.000000000000000000e+00,-1.217548219962826694e+00
0.000000000000000000e+00,-1.209011300840893588e+00
0.000000000000000000e+00,-1.467771503066596983e+00
0.000000000000000000e+00,-9.691957610597728978e-01
0.000000000000000000e+00,-8.848976724136606853e-01
0.000000000000000000e+00,-1.491398688592393995e+00
0.000000000000000000e+00,-9.875124453739121400e-01
0.000000000000000000e+00,-8.893429010447487792e-01
0.000000000000000000e+00,-1.205511316953124634e+00
0.000000000000000000e+00,-7.940497325364486159e-01
0.000000000000000000e+00,-1.530221022046972079e+00
0.000000000000000000e+00,-6.140778428478562700e-01
0.000000000000000000e+00,-1.553207993264418274e+00
0.000000000000000000e+00,-1.500695998769979278e+00
0.000000000000000000e+00,-1.184446299679792203e+00
0.000000000000000000e+00,-2.026576334770021415e+00
0.000000000000000000e+00,-1.152754161894190998e+00
0.000000000000000000e+00,-1.238766189459997280e+00
0.000000000000000000e+00,-1.422341196535860552e+00
0.000000000000000000e+00,-6.488150409068965674e-01
0.000000000000000000e+00,-9.855245034703711271e-01
0.000000000000000000e+00,-1.735920786804188820e+00
0.000000000000000000e+00,-7.248047647541250305e-01
0.000000000000000000e+00,-3.767466841882197159e-01
0.000000000000000000e+00,-1.126627737030879928e+00
0.000000000000000000e+00,-1.724109816079413271e+00
0.000000000000000000e+00,-1.296385477211566162e+00
0.000000000000000000e+00,-1.033609186594228735e+00
0.000000000000000000e+00,-1.129025153887953214e+00
0.000000000000000000e+00,-1.320468897370754346e+00
0.000000000000000000e+00,-1.322514961119353849e+00
0.000000000000000000e+00,-1.513427399434756626e-01
0.000000000000000000e+00,-1.188978929581644861e+00
0.000000000000000000e+00,-1.252033702362064904e+00
0.000000000000000000e+00,-1.032768386369473212e+00
0.000000000000000000e+00,-9.313890303714795760e-01
0.000000000000000000e+00,-1.023856078789606050e+00
0.000000000000000000e+00,-1.702956960528962504e+00
0.000000000000000000e+00,-7.769230165237694941e-01
0.000000000000000000e+00,-1.096878966500729913e+00
0.000000000000000000e+00,-1.255748693375914771e+00
0.000000000000000000e+00,-1.578657058279303582e+00
0.000000000000000000e+00,-9.280363176249490920e-01
0.000000000000000000e+00,-1.080342646072065760e+00
0.000000000000000000e+00,-6.443606351423782908e-01
0.000000000000000000e+00,-9.265889525810871996e-01
0.000000000000000000e+00,-8.224179999948717512e-01
0.000000000000000000e+00,-1.559595278131896023e+00
0.000000000000000000e+00,-2.071476115587216782e+00
0.000000000000000000e+00,-5.640891230403916046e-01
0.000000000000000000e+00,-2.468570336668102772e-01
0.000000000000000000e+00,-1.689895714625899048e+00
0.000000000000000000e+00,-1.384249974711228459e+00
0.000000000000000000e+00,-1.416885172208379728e+00
0.000000000000000000e+00,-1.060664249959413663e+00
0.000000000000000000e+00,-9.680411902729724183e-01
0.000000000000000000e+00,-1.301448632826960106e+00
0.000000000000000000e+00,-1.540088188509942890e+00
0.000000000000000000e+00,-1.469312824476530999e+00
0.000000000000000000e+00,-6.566029311383770883e-01
0.000000000000000000e+00,-1.631488941424741101e+00
0.000000000000000000e+00,-9.727429416337546320e-01
0.000000000000000000e+00,-1.367548028874465249e+00
0.000000000000000000e+00,-1.151197982268227005e+00
0.000000000000000000e+00,3.191439816650181727e-01
0.000000000000000000e+00,-1.729762930272468191e+00
0.000000000000000000e+00,-1.458558972121653419e+00
0.000000000000000000e+00,-1.353214220469069362e+00
0.000000000000000000e+00,-1.108792196712300004e+00
0.000000000000000000e+00,-5.325232800910451036e-01
0.000000000000000000e+00,-1.422069378583782573e+00
0.000000000000000000e+00,-1.976221498196903403e-01
0.000000000000000000e+00,-1.490956875168678808e+00
0.000000000000000000e+00,-6.297060640732761172e-01
0.000000000000000000e+00,-8.921449857854620857e-01
0.000000000000000000e+00,-1.059734300438478272e+00
0.000000000000000000e+00,-9.331960516445377829e-01
0.000000000000000000e+00,-1.378907135029387776e+00
0.000000000000000000e+00,-1.389000233777284876e+00
0.000000000000000000e+00,-8.097548668801413108e-01
0.000000000000000000e+00,-1.009837788971670314e+00
0.000000000000000000e+00,-6.151738547832444892e-01
0.000000000000000000e+00,-6.726624776350204060e-01
0.000000000000000000e+00,-4.850005871382038758e-01
0.000000000000000000e+00,-1.602736982387661158e+00
0.000000000000000000e+00,-1.582662221512091794e+00
0.000000000000000000e+00,-1.301204783281526778e+00
0.000000000000000000e+00,-1.139560503065919272e+00
0.000000000000000000e+00,-1.517614262751884935e+00
0.000000000000000000e+00,-1.219860420580904492e+00
0.000000000000000000e+00,-9.706155947033440201e-01
0.000000000000000000e+00,-3.933039809218674132e-01
0.000000000000000000e+00,-1.042546403536263933e+00
0.000000000000000000e+00,-7.308328303987601249e-01
0.000000000000000000e+00,-1.633415265432393015e+00
0.000000000000000000e+00,-1.752205828579404656e+00
0.000000000000000000e+00,-1.139541274786351144e+00
0.000000000000000000e+00,-1.384889315006871513e+00
0.000000000000000000e+00,-1.142114368197661323e+00
0.000000000000000000e+00,-5.723979248456292357e-01
0.000000000000000000e+00,-4.227162565595738442e-01
0.000000000000000000e+00,-1.288940199961482902e+00
0.000000000000000000e+00,-1.648956179945898770e-01
0.000000000000000000e+00,-8.000445856981931447e-01
0.000000000000000000e+00,-1.630900730872495208e+00
0.000000000000000000e+00,-1.467658755427310613e+00
0.000000000000000000e+00,-8.733825549904233876e-01
0.000000000000000000e+00,-1.079769293735849844e+00
0.000000000000000000e+00,-1.191393389686517201e+00
0.000000000000000000e+00,-8.557803760647847424e-01
0.000000000000000000e+00,-1.355427657651183004e+00
0.000000000000000000e+00,-9.404446760354007173e-01
0.000000000000000000e+00,-1.876179287082757829e+00
0.000000000000000000e+00,-1.456337231818817024e+00
0.000000000000000000e+00,-5.453463575312748057e-01
0.000000000000000000e+00,-2.078258111751047077e-01
0.000000000000000000e+00,-1.330194910781440143e+00
0.000000000000000000e+00,-1.379408818323576646e+00
0.000000000000000000e+00,-1.201477311300984230e+00
0.000000000000000000e+00,-1.108908877408770755e+00
0.000000000000000000e+00,-1.586608388887113863e+00
0.000000000000000000e+00,-9.939176475018965951e-01
0.000000000000000000e+00,-1.294148878692699789e+00
0.000000000000000000e+00,-1.293384117573509462e+00
0.000000000000000000e+00,-6.147132500863149440e-01
0.000000000000000000e+00,-1.120562525846169999e+00
0.000000000000000000e+00,-1.773214035026740021e+00
0.000000000000000000e+00,-1.330398555742321687e+00
0.000000000000000000e+00,-1.697918714275736596e+00
0.000000000000000000e+00,-1.020402854581696328e+00
0.000000000000000000e+00,-1.501416622247433663e+00
0.000000000000000000e+00,-9.990555312037942004e-01
0.000000000000000000e+00,-1.013067702932776371e+00
0.000000000000000000e+00,-1.699654503513121639e+00
0.000000000000000000e+00,-1.143384745668224900e+00
0.000000000000000000e+00,-5.686200049168289583e-01
0.000000000000000000e+00,-1.044987084022365620e+00
0.000000000000000000e+00,-1.248419222809594498e+00
0.000000000000000000e+00,-1.383060006409768228e+00
0.000000000000000000e+00,-3.788906373600756106e-01
0.000000000000000000e+00,-1.630474212671163992e+00
0.000000000000000000e+00,-1.093477309042571122e+00
0.000000000000000000e+00,-8.864796354145001445e-01
0.000000000000000000e+00,-5.165952725069026252e-01
0.000000000000000000e+00,-9.015012918208136217e-01
0.000000000000000000e+00,-1.404418691952869613e+00
0.000000000000000000e+00,-7.524436686080175907e-01
0.000000000000000000e+00,-1.052382105541759261e+00
0.000000000000000000e+00,-5.689901492985171005e-01
0.000000000000000000e+00,-1.117548493023852396e+00
0.000000000000000000e+00,-1.382577988401501479e+00
0.000000000000000000e+00,-7.459196007517933102e-01
0.000000000000000000e+00,-6.846508729394480408e-01
0.000000000000000000e+00,-5.937994370114053622e-01
0.000000000000000000e+00,-1.187163168181510242e+00
0.000000000000000000e+00,-1.296125021424687773e+00
0.000000000000000000e+00,-6.062799014702378031e-01
0.000000000000000000e+00,-1.052214732108245121e+00
0.000000000000000000e+00,-1.957119418906093644e+00
0.000000000000000000e+00,-1.502392894441874294e+00
0.000000000000000000e+00,-1.191671762733902629e+00
0.000000000000000000e+00,-1.550054555415231183e+00
0.000000000000000000e+00,-1.530130998738084669e+00
0.000000000000000000e+00,-1.561406669468492492e+00
0.000000000000000000e+00,-7.979631244349340013e-01
0.000000000000000000e+00,2.398268914397810314e-01
0.000000000000000000e+00,-1.559384641069353261e+00
0.000000000000000000e+00,-1.202194875733961554e+00
0.000000000000000000e+00,-1.654849553074706048e+00
0.000000000000000000e+00,-9.763250827160421252e-01
0.000000000000000000e+00,-9.014077724610954911e-01
0.000000000000000000e+00,-1.337360066958722893e+00
0.000000000000000000e+00,-1.080255681807654966e+00
0.000000000000000000e+00,-1.004581039541532883e+00
0.000000000000000000e+00,-1.912320586556631508e+00
0.000000000000000000e+00,-2.009409414172790509e+00
0.000000000000000000e+00,-1.051639194740260130e+00
0.000000000000000000e+00,-1.486501158385099108e+00
0.000000000000000000e+00,-1.095844572461230682e+00
0.000000000000000000e+00,-1.937870163032896054e+00
0.000000000000000000e+00,-1.158684775121923582e+00
0.000000000000000000e+00,-2.689188624332130573e-01
0.000000000000000000e+00,-1.834391428511136457e+00
0.000000000000000000e+00,-6.520449548680027352e-01
0.000000000000000000e+00,-1.393046038600978642e+00
0.000000000000000000e+00,-5.864791435785154938e-01
0.000000000000000000e+00,-8.892974523839510814e-01
0.000000000000000000e+00,-1.962680761764845849e+00
0.000000000000000000e+00,-1.134014892435904809e+00
0.000000000000000000e+00,-8.609785666435099127e-01
0.000000000000000000e+00,-9.394631597647141730e-01
0.000000000000000000e+00,-5.383817872703968721e-01
0.000000000000000000e+00,-1.021433752570364950e+00
0.000000000000000000e+00,-7.309932117306132682e-01
0.000000000000000000e+00,-6.726148439424536329e-01
0.000000000000000000e+00,-1.112824454339025104e+00
0.000000000000000000e+00,-7.274739995632761858e-01
0.000000000000000000e+00,-1.549673485874697443e+00
0.000000000000000000e+00,-1.057701783886847435e+00
0.000000000000000000e+00,-1.452945720065646762e-01
0.000000000000000000e+00,-1.317273506911600389e+00
0.000000000000000000e+00,-1.991208099536060594e+00
0.000000000000000000e+00,-1.680450696300721525e+00
0.000000000000000000e+00,-1.498938359214903038e+00
0.000000000000000000e+00,-1.149864238876359135e+00
0.000000000000000000e+00,-1.192025737880499259e+00
0.000000000000000000e+00,-8.835206653927643039e-01
0.000000000000000000e+00,-1.969155884909441934e+00
0.000000000000000000e+00,-1.540178648825184071e+00
0.000000000000000000e+00,-1.673842723224563178e+00
0.000000000000000000e+00,9.321694081474792004e-02
0.000000000000000000e+00,-1.250396676560643794e+00
0.000000000000000000e+00,-1.514503651525372474e+00
0.000000000000000000e+00,-1.522588706077452558e+00
0.000000000000000000e+00,-7.489834522984466503e-01
0.000000000000000000e+00,-1.032711138537122375e+00
0.000000000000000000e+00,-1.557869977047002585e+00
0.000000000000000000e+00,-1.289280627911111088e+00
0.000000000000000000e+00,-1.490351184362280090e+00
0.000000000000000000e+00,-7.324803443526730629e-01
0.000000000000000000e+00,-8.438120830526328886e-01
0.000000000000000000e+00,-7.874172871044761157e-01
0.000000000000000000e+00,-1.565320498373331759e+00
0.000000000000000000e+00,-9.788496684220778787e-01
0.000000000000000000e+00,-7.198936873498615885e-01
0.000000000000000000e+00,-9.446058505365038105e-01
0.000000000000000000e+00,-1.237244533335985386e+00
0.000000000000000000e+00,-1.328675439689197546e+00
0.000000000000000000e+00,-7.983708513630508596e-01
0.000000000000000000e+00,-9.560580390447905863e-01
0.000000000000000000e+00,-8.904533341898130949e-01
0.000000000000000000e+00,-1.475318602797121015e+00
0.000000000000000000e+00,-9.312828378275005425e-01
0.000000000000000000e+00,-9.406470099772208382e-01
0.000000000000000000e+00,-1.259450574199149742e+00
0.000000000000000000e+00,-5.658327783921455190e-01
0.000000000000000000e+00,-1.450627306799765037e+00
0.000000000000000000e+00,-7.627233690689971812e-01
0.000000000000000000e+00,-1.599259722830291164e+00
0.000000000000000000e+00,-1.177770153612437642e+00
0.000000000000000000e+00,-1.045927521695792839e+00
0.000000000000000000e+00,-7.342187556281811744e-01
0.000000000000000000e+00,-1.579344906280221172e+00
0.000000000000000000e+00,-1.610877099740323226e+00
0.000000000000000000e+00,-7.777087539479433653e-01
0.000000000000000000e+00,-7.096458883527111405e-01
0.000000000000000000e+00,-1.037834164022990002e+00
0.000000000000000000e+00,-1.730398774517280858e+00
0.000000000000000000e+00,2.596827121320850473e-01
0.000000000000000000e+00,-1.360331305947431346e+00
0.000000000000000000e+00,-7.805125867140719764e-01
0.000000000000000000e+00,-1.098892254772792620e+00
0.000000000000000000e+00,-1.460247564672825682e+00
0.000000000000000000e+00,-1.496851216869044210e+00
0.000000000000000000e+00,-8.647744038328168958e-01
0.000000000000000000e+00,-1.547370462390050161e+00
0.000000000000000000e+00,-1.392741882178717860e+00
0.000000000000000000e+00,-5.008534296294887556e-01
0.000000000000000000e+00,-2.766084262350834155e-01
0.000000000000000000e+00,-1.530122695617361916e+00
0.000000000000000000e+00,-3.687035822461065537e-01
0.000000000000000000e+00,-1.312223461486821119e+00
0.000000000000000000e+00,-1.639105962171876874e+00
0.000000000000000000e+00,-1.174880230594605779e+00
0.000000000000000000e+00,-1.306992932437913035e+00
0.000000000000000000e+00,1.290776822094672760e-01
0.000000000000000000e+00,-1.325250620894286246e+00
0.000000000000000000e+00,-1.320344787566268607e+00
0.000000000000000000e+00,-1.339916117122233796e+00
0.000000000000000000e+00,-1.653669635919383651e+00
0.000000000000000000e+00,-1.403771048536504029e+00
0.000000000000000000e+00,-1.099753157289824035e+00
0.000000000000000000e+00,-1.950032049859791394e+00
0.000000000000000000e+00,-8.972605821633147238e-01
0.000000000000000000e+00,-1.241983430236842434e+00
0.000000000000000000e+00,-1.047184351969387972e+00
0.000000000000000000e+00,-1.478650776245021836e+00
0.000000000000000000e+00,-1.160205994239581706e+00
0.000000000000000000e+00,-1.388366574564241507e+00
0.000000000000000000e+00,-3.867838461228275126e-01
0.000000000000000000e+00,-1.276440507223082221e+00
0.000000000000000000e+00,-1.012308185889831957e+00
0.000000000000000000e+00,-1.329622527016782463e-01
0.000000000000000000e+00,-1.467091084173694604e+00
0.000000000000000000e+00,-1.285294692957891005e+00
0.000000000000000000e+00,-6.015816461602861986e-01
0.000000000000000000e+00,-1.465667754479292872e+00
0.000000000000000000e+00,-1.192237248955749562e+00
0.000000000000000000e+00,-1.367796248483436727e+00
0.000000000000000000e+00,-1.170982570924858024e+00
0.000000000000000000e+00,-3.726016789222081349e-01
0.000000000000000000e+00,-1.601061937033457561e+00
0.000000000000000000e+00,-5.835997087131753469e-01
0.000000000000000000e+00,-7.245915056534594223e-01
0.000000000000000000e+00,-1.295537247878795650e+00
0.000000000000000000e+00,-7.587951189544818176e-01
0.000000000000000000e+00,-1.171938303820668992e+00
0.000000000000000000e+00,-9.322053582404209449e-01
0.000000000000000000e+00,-1.049053428144689271e+00
0.000000000000000000e+00,-1.228221663148600928e+00
0.000000000000000000e+00,-1.539023204025675939e+00
0.000000000000000000e+00,-6.520934625732770495e-01
0.000000000000000000e+00,-1.708755160831486597e+00
0.000000000000000000e+00,-9.085440862190258260e-01
0.000000000000000000e+00,8.730084565384729212e-01
0.000000000000000000e+00,-1.756767737906963500e+00
0.000000000000000000e+00,-1.000472305802888595e+00
0.000000000000000000e+00,-1.365607720663490898e+00
0.000000000000000000e+00,-1.067493348250606600e+00
0.000000000000000000e+00,-1.570877908174899584e+00
0.000000000000000000e+00,-1.437315656255961249e+00
0.000000000000000000e+00,-1.071497200464333277e+00
0.000000000000000000e+00,-8.507792753516337791e-01
0.000000000000000000e+00,-1.642638284529828407e+00
0.000000000000000000e+00,-1.674029761943999439e+00
0.000000000000000000e+00,-1.254948534742064803e+00
0.000000000000000000e+00,-1.416178532934248002e+00
0.000000000000000000e+00,-1.352658785393360263e+00
0.000000000000000000e+00,-9.424059605513586124e-01
0.000000000000000000e+00,-1.707001454333594737e+00
0.000000000000000000e+00,-1.392170277867917250e+00
0.000000000000000000e+00,-1.211744338577702917e+00
0.000000000000000000e+00,-1.008497053478141225e+00
0.000000000000000000e+00,-1.429553549399356083e+00
0.000000000000000000e+00,-1.097125001077932094e+00
0.000000000000000000e+00,-1.286541909091702074e+00
0.000000000000000000e+00,-6.620550224086735325e-01
0.000000000000000000e+00,-1.573410359995303986e+00
0.000000000000000000e+00,-9.573760502079209367e-01
0.000000000000000000e+00,-1.310671651924395498e+00
0.000000000000000000e+00,-1.569781896239511365e+00
0.000000000000000000e+00,-8.334025917045678744e-01
0.000000000000000000e+00,-1.802570373851157148e+00
0.000000000000000000e+00,-1.470286474632848783e+00
0.000000000000000000e+00,-1.497657493591847633e+00
0.000000000000000000e+00,-1.275970725392722382e+00
0.000000000000000000e+00,-4.673761208885203189e-01
0.000000000000000000e+00,-1.566475069160132350e+00
0.000000000000000000e+00,-2.056150302758642301e+00
0.000000000000000000e+00,-1.945140637741450185e+00
0.000000000000000000e+00,-1.169152825321400968e+00
0.000000000000000000e+00,-1.138246861966327295e+00
0.000000000000000000e+00,-1.380739939677321670e+00
0.000000000000000000e+00,-8.369720596025945758e-01
0.000000000000000000e+00,-9.267239875444185371e-01
0.000000000000000000e+00,-1.302161390190045509e+00
0.000000000000000000e+00,-1.174814679641532411e+00
0.000000000000000000e+00,1.404761189362338514e-01
0.000000000000000000e+00,-1.657794975899473222e+00
0.000000000000000000e+00,-1.669708643117397306e+00
0.000000000000000000e+00,-1.880373237060397607e+00
0.000000000000000000e+00,2.206602297674559454e-01
0.000000000000000000e+00,-5.906228378254656519e-01
0.000000000000000000e+00,-1.612188992814499899e+00
0.000000000000000000e+00,-7.282912014449253180e-01
0.000000000000000000e+00,-9.233415583658280967e-01
0.000000000000000000e+00,-1.169743657911769708e+00
0.000000000000000000e+00,-1.513106979218553860e+00
0.000000000000000000e+00,-3.679270219553629762e-01
0.000000000000000000e+00,-1.263232864191488281e+00
0.000000000000000000e+00,-2.200920456634080313e+00
0.000000000000000000e+00,-9.591454889345504276e-01
0.000000000000000000e+00,-2.082466482938362951e-01
0.000000000000000000e+00,-6.686647435102470727e-01
0.000000000000000000e+00,-1.318930197998943399e+00
0.000000000000000000e+00,-1.562304717525598852e+00
0.000000000000000000e+00,-1.359136093569725423e+00
0.000000000000000000e+00,-1.725172615531910925e+00
0.000000000000000000e+00,-8.798318947601438955e-01
0.000000000000000000e+00,-1.606281103917166053e+00
0.000000000000000000e+00,-1.387389428357093113e+00
0.000000000000000000e+00,-1.051659734038889793e+00
0.000000000000000000e+00,-1.186321930950400727e+00
0.000000000000000000e+00,-6.994208136859594305e-01
0.000000000000000000e+00,-1.166885636357766876e+00
0.000000000000000000e+00,-1.078363881301954930e+00
0.000000000000000000e+00,-1.835675790185022249e+00
0.000000000000000000e+00,-1.656038210357104523e+00
0.000000000000000000e+00,-1.193280820128679087e+00
0.000000000000000000e+00,-5.840895928358110778e-01
0.000000000000000000e+00,-1.817311472178316345e+00
0.000000000000000000e+00,-6.482036690178981653e-01
0.000000000000000000e+00,-9.094609255493465438e-01
0.000000000000000000e+00,-1.830892755642429037e+00
0.000000000000000000e+00,1.847527286928775103e-01
0.000000000000000000e+00,-1.482875316667429333e+00
0.000000000000000000e+00,-1.553717542672976126e+00
0.000000000000000000e+00,-1.220791681120901417e+00
0.000000000000000000e+00,-4.170352685187246611e-02
0.000000000000000000e+00,-1.547265143858778780e+00
0.000000000000000000e+00,-1.202418622987118990e+00
0.000000000000000000e+00,-1.274736619449526209e+00
0.000000000000000000e+00,-1.349289029399030726e+00
0.000000000000000000e+00,-1.196631347843440274e+00
0.000000000000000000e+00,-1.009355770963403565e+00
0.000000000000000000e+00,-1.580019207084170096e+00
0.000000000000000000e+00,-1.471137326003742141e+00
0.000000000000000000e+00,-1.056347064189995910e+00
0.000000000000000000e+00,-1.815653470071911579e+00
0.000000000000000000e+00,6.135145206447004673e-01
0.000000000000000000e+00,-1.441602251580611505e+00
0.000000000000000000e+00,-1.510299213395240869e+00
0.000000000000000000e+00,-9.911120667103526793e-01
0.000000000000000000e+00,-9.016044253203158165e-01
0.000000000000000000e+00,-1.321014281300325610e+00
0.000000000000000000e+00,-1.446715225920341075e+00
0.000000000000000000e+00,-1.660059979831338239e+00
0.000000000000000000e+00,-7.854704237981944281e-01
0.000000000000000000e+00,-1.452265643620247682e+00
0.000000000000000000e+00,1.038054394212239107e+00
0.000000000000000000e+00,-2.070002967168479202e+00
0.000000000000000000e+00,-1.512550233123783450e+00
0.000000000000000000e+00,-1.944275802167234390e+00
0.000000000000000000e+00,-8.038251276651163790e-01
0.000000000000000000e+00,-1.634834662069610367e+00
0.000000000000000000e+00,-1.193732684698532109e+00
0.000000000000000000e+00,-1.140961982442629807e+00
0.000000000000000000e+00,-1.737758398522014636e+00
0.000000000000000000e+00,-4.892631471133939147e-01
0.000000000000000000e+00,-9.148780563113371178e-01
0.000000000000000000e+00,-6.649943271444873627e-01
0.000000000000000000e+00,-1.231151790750984354e+00
0.000000000000000000e+00,-2.040924658943943926e-01
0.000000000000000000e+00,-1.527403642083875024e+00
0.000000000000000000e+00,-8.994740193454284771e-01
0.000000000000000000e+00,-1.099743980156393741e+00
0.000000000000000000e+00,-8.844877604537746407e-01
0.000000000000000000e+00,-1.119785965555426310e+00
0.000000000000000000e+00,-7.653506512681813589e-01
0.000000000000000000e+00,3.893896939975964866e-01
0.000000000000000000e+00,-9.208418820219602674e-01
0.000000000000000000e+00,-2.085089300515158506e+00
0.000000000000000000e+00,-1.573039778607262074e+00
0.000000000000000000e+00,-8.944182928380496334e-01
0.000000000000000000e+00,-1.098846369105641152e+00
0.000000000000000000e+00,-9.805504971511571632e-01
0.000000000000000000e+00,-5.933331512318761325e-01
0.000000000000000000e+00,-1.164890702352564755e+00
0.000000000000000000e+00,-1.438218511382959530e+00
0.000000000000000000e+00,-2.088352863965508899e+00
0.000000000000000000e+00,-6.317197893516927065e-01
0.000000000000000000e+00,-1.146299141041870806e+00
0.000000000000000000e+00,-1.191352748095611647e+00
0.000000000000000000e+00,-8.173705766082155488e-01
0.000000000000000000e+00,-1.422945576323197736e+00
0.000000000000000000e+00,-1.061720057310250320e+00
0.000000000000000000e+00,-7.114349923652626417e-01
0.000000000000000000e+00,-2.022903296366138637e+00
0.000000000000000000e+00,-1.352746186664124828e+00
0.000000000000000000e+00,-1.637010953711649064e+00
0.000000000000000000e+00,-8.640183828407030919e-01
0.000000000000000000e+00,-1.715138949648133737e+00
0.000000000000000000e+00,-1.361160307000633729e+00
0.000000000000000000e+00,-1.069683187089613741e+00
0.000000000000000000e+00,-1.565771051924123247e+00
0.000000000000000000e+00,-1.496953039349484982e+00
0.000000000000000000e+00,-4.115909488039466990e-01
0.000000000000000000e+00,-9.139266934790643004e-01
0.000000000000000000e+00,-1.369198601872855026e+00
0.000000000000000000e+00,-1.550877875385833882e+00
0.000000000000000000e+00,-1.885484463374711872e+00
0.000000000000000000e+00,-8.653962638743071256e-01
0.000000000000000000e+00,-1.246957436556056509e+00
0.000000000000000000e+00,-1.122268161645141316e+00
0.000000000000000000e+00,-1.066118963267833175e+00
0.000000000000000000e+00,-1.045746164058956262e+00
0.000000000000000000e+00,-7.908469129692794475e-01
0.000000000000000000e+00,-2.090860406423745488e+00
0.000000000000000000e+00,-9.699006523084895415e-01
0.000000000000000000e+00,-8.417756334438175614e-01
0.000000000000000000e+00,-1.427196337126834580e+00
0.000000000000000000e+00,-1.074803590537358522e+00
0.000000000000000000e+00,-1.448710159925543417e+00
0.000000000000000000e+00,-1.224188531509168065e+00
0.000000000000000000e+00,-9.519803327572677887e-01
0.000000000000000000e+00,-1.176246312456656673e+00
0.000000000000000000e+00,-1.265695394995281164e+00
0.000000000000000000e+00,-1.499996788603862541e+00
0.000000000000000000e+00,-9.997774657003098975e-01
0.000000000000000000e+00,-9.929828909110691715e-01
0.000000000000000000e+00,-1.007154132952842840e+00
0.000000000000000000e+00,-9.190470969268089707e-01
0.000000000000000000e+00,2.915457194020311671e-01
0.000000000000000000e+00,-8.434856393063271396e-01
0.000000000000000000e+00,-2.116686607921980379e+00
0.000000000000000000e+00,-1.217609837858715904e+00
0.000000000000000000e+00,-1.300700477949215061e+00
0.000000000000000000e+00,-9.749384615553615685e-01
0.000000000000000000e+00,5.140417288095862347e-02
0.000000000000000000e+00,4.742566703575359227e-02
0.000000000000000000e+00,-1.882915303020586295e+00
0.000000000000000000e+00,-1.420427108706115549e+00
0.000000000000000000e+00,-1.117534945826883952e+00
0.000000000000000000e+00,-1.115781676335345862e+00
0.000000000000000000e+00,-1.332722555531952624e+00
0.000000000000000000e+00,-9.478427565992710857e-01
0.000000000000000000e+00,-7.980985964046191095e-01
0.000000000000000000e+00,-8.324049061987899290e-01
0.000000000000000000e+00,-9.834439162198196360e-01
0.000000000000000000e+00,-1.197224802471932081e+00
0.000000000000000000e+00,-1.132972195275683047e+00
0.000000000000000000e+00,-1.152584166422553791e+00
0.000000000000000000e+00,-1.842802052796814749e+00
0.000000000000000000e+00,-6.948637114282927296e-01
0.000000000000000000e+00,-1.047014793504104757e+00
0.000000000000000000e+00,-1.212558918421229093e+00
0.000000000000000000e+00,-1.775462869723513526e+00
0.000000000000000000e+00,-2.897090027099907816e-01
0.000000000000000000e+00,-1.666469989029214727e+00
0.000000000000000000e+00,-1.237714752172698995e+00
0.000000000000000000e+00,-1.008126472090099313e+00
0.000000000000000000e+00,-1.289256155555297045e+00
0.000000000000000000e+00,-3.040270788866491491e-01
0.000000000000000000e+00,-1.750417161573206926e+00
0.000000000000000000e+00,-1.506283562009960830e+00
0.000000000000000000e+00,-5.721463037446775785e-02
0.000000000000000000e+00,-8.904306098594142460e-01
0.000000000000000000e+00,-1.947776660067710663e+00
0.000000000000000000e+00,-1.276023697720385652e-01
0.000000000000000000e+00,-4.987933816775669271e-01
0.000000000000000000e+00,-1.928705702786872811e+00
0.000000000000000000e+00,-9.559321812148895425e-01
0.000000000000000000e+00,-1.939605515263927327e+00
0.000000000000000000e+00,-1.113415723935747836e+00
0.000000000000000000e+00,-6.303401602926733682e-01
0.000000000000000000e+00,-1.362234468618330752e+00
0.000000000000000000e+00,-8.624774984371229580e-01
0.000000000000000000e+00,-4.687810963160614075e-01
0.000000000000000000e+00,-1.263947806586342759e+00
0.000000000000000000e+00,-1.191584361463138064e+00
0.000000000000000000e+00,-1.101789169892285480e+00
0.000000000000000000e+00,-1.312219091423282968e+00
0.000000000000000000e+00,-1.237326253524150266e+00
0.000000000000000000e+00,1.353259990564292248e-01
0.000000000000000000e+00,-1.132526885801137251e+00
0.000000000000000000e+00,-5.161700653246328319e-01
0.000000000000000000e+00,-1.333312514109613822e+00
0.000000000000000000e+00,-1.536249087691607285e+00
0.000000000000000000e+00,-1.713654439064196788e+00
0.000000000000000000e+00,-1.127116747140808117e+00
0.000000000000000000e+00,-4.843481366519460374e-01
0.000000000000000000e+00,-1.001280330551107323e+00
0.000000000000000000e+00,6.522909684321271939e-01
0.000000000000000000e+00,-9.994846714432484847e-01
0.000000000000000000e+00,-9.998382095834912331e-01
0.000000000000000000e+00,-1.079935793156656443e+00
0.000000000000000000e+00,-8.510471602465273788e-01
0.000000000000000000e+00,-3.714860017008979054e-01
0.000000000000000000e+00,-1.248248790331603519e+00
0.000000000000000000e+00,-9.467375675304526839e-01
0.000000000000000000e+00,-1.560361350270147884e+00
0.000000000000000000e+00,-8.383630508268133941e-01
0.000000000000000000e+00,-9.473738487816190101e-01
0.000000000000000000e+00,-1.488228644501761622e+00
0.000000000000000000e+00,-1.541942064021710745e-01
0.000000000000000000e+00,-9.331960516445377829e-01
0.000000000000000000e+00,-1.178732878609909829e+00
0.000000000000000000e+00,-1.268082760706216394e+00
0.000000000000000000e+00,-1.242733770146356775e+00
0.000000000000000000e+00,-1.084837256421135709e+00
0.000000000000000000e+00,-1.218663023171429272e+00
0.000000000000000000e+00,-1.494423646573557196e+00
0.000000000000000000e+00,-1.183274248638838788e+00
0.000000000000000000e+00,-9.490414650278077291e-01
0.000000000000000000e+00,-1.300455317384720200e+00
0.000000000000000000e+00,-1.213054483626464286e+00
0.000000000000000000e+00,-5.657191567401514964e-01
0.000000000000000000e+00,1.737147442626292282e+00
0.000000000000000000e+00,-1.012254434108311729e+00
0.000000000000000000e+00,-6.848632580274059967e-01
0.000000000000000000e+00,-1.517180315442538507e+00
0.000000000000000000e+00,-1.636168842467832008e+00
0.000000000000000000e+00,-1.493864278440663718e+00
0.000000000000000000e+00,-1.119968634211324421e+00
0.000000000000000000e+00,-1.227576204764004197e+00
0.000000000000000000e+00,-8.089765585639824286e-01
0.000000000000000000e+00,-1.139716077327880273e+00
0.000000000000000000e+00,-1.027686876487218903e+00
0.000000000000000000e+00,-1.914734609655150077e+00
0.000000000000000000e+00,-1.668210148330137921e+00
0.000000000000000000e+00,-1.044508125058575709e+00
0.000000000000000000e+00,-1.019474653086176241e+00
0.000000000000000000e+00,-1.187893842805102240e+00
0.000000000000000000e+00,-1.229560213610360941e+00
0.000000000000000000e+00,-1.256774347288337479e+00
0.000000000000000000e+00,-7.210945808101674182e-01
0.000000000000000000e+00,-1.388789159708388343e+00
0.000000000000000000e+00,-1.444708055737231822e+00
0.000000000000000000e+00,-1.181992946009429613e+00
0.000000000000000000e+00,-1.155455298167171296e+00
0.000000000000000000e+00,-1.491503570117311606e+00
0.000000000000000000e+00,-1.528946274512870351e+00
0.000000000000000000e+00,-1.674859200003555593e+00
0.000000000000000000e+00,-2.125075548024614805e-02
0.000000000000000000e+00,-1.632719551317106665e+00
0.000000000000000000e+00,-1.147606227046155558e+00
0.000000000000000000e+00,-1.539123278480701407e+00
0.000000000000000000e+00,-1.341880460682668419e+00
0.000000000000000000e+00,-1.291605938719803559e+00
0.000000000000000000e+00,-9.569390438540978927e-01
0.000000000000000000e+00,-7.060248537049333972e-01
0.000000000000000000e+00,-1.550813198445468055e+00
0.000000000000000000e+00,-4.671598027433779277e-01
0.000000000000000000e+00,-1.433503212825208983e+00
0.000000000000000000e+00,-1.429205692341712908e+00
0.000000000000000000e+00,-8.132815081554932712e-01
0.000000000000000000e+00,-1.203152793661541820e+00
0.000000000000000000e+00,-8.648530649765050482e-01
0.000000000000000000e+00,-1.182805777827540483e+00
0.000000000000000000e+00,-1.092489237676577352e+00
0.000000000000000000e+00,-1.659722173919832899e+00
0.000000000000000000e+00,-1.264672800127335295e+00
0.000000000000000000e+00,-1.258137807112265305e+00
0.000000000000000000e+00,-1.653572620508835023e+00
0.000000000000000000e+00,-7.102284178223572386e-01
0.000000000000000000e+00,-9.227546588326437371e-01
0.000000000000000000e+00,-1.412403235043570682e+00
0.000000000000000000e+00,-1.092734398241071991e+00
0.000000000000000000e+00,-1.135601225500282530e+00
0.000000000000000000e+00,-1.585792061018172605e+00
0.000000000000000000e+00,-1.721169637330891788e+00
0.000000000000000000e+00,-3.261116319834507227e-01
0.000000000000000000e+00,-1.275418786367843893e+00
0.000000000000000000e+00,6.748338466352388210e-02
0.000000000000000000e+00,-1.688576392443707386e+00
0.000000000000000000e+00,-1.073396867084402073e+00
0.000000000000000000e+00,-1.525770112333284523e+00
0.000000000000000000e+00,-1.194590091164732915e+00
0.000000000000000000e+00,-9.972100533715995141e-01
0.000000000000000000e+00,-7.568434485783079868e-01
0.000000000000000000e+00,-6.197672285682785942e-01
0.000000000000000000e+00,-1.348201320584365037e+00
0.000000000000000000e+00,-9.302029951272037245e-01
0.000000000000000000e+00,-7.886015743233366626e-01
0.000000000000000000e+00,-3.413108075282668408e-02
0.000000000000000000e+00,-1.645039634444086074e+00
0.000000000000000000e+00,-7.594785968918610353e-01
0.000000000000000000e+00,-1.042272837558770870e+00
0.000000000000000000e+00,-1.350017955997207419e+00
0.000000000000000000e+00,-1.408216277167591901e+00
0.000000000000000000e+00,-1.015671823795208040e+00
0.000000000000000000e+00,-1.356988644347038919e+00
0.000000000000000000e+00,-5.860447592628154068e-01
0.000000000000000000e+00,-1.443258068655246973e+00
0.000000000000000000e+00,-6.988439652989130169e-01
0.000000000000000000e+00,-1.542267102190104433e+00
0.000000000000000000e+00,-1.745502151111759215e+00
0.000000000000000000e+00,-9.239184067528745103e-01
0.000000000000000000e+00,-1.499232901497379755e+00
0.000000000000000000e+00,-1.549829060136658443e+00
0.000000000000000000e+00,-1.245607960935450897e+00
0.000000000000000000e+00,-7.962561776169011507e-01
0.000000000000000000e+00,-1.263842488055071378e+00
0.000000000000000000e+00,-8.885991162305418856e-01
0.000000000000000000e+00,-1.312233949639312947e+00
0.000000000000000000e+00,-1.071829325293238933e+00
0.000000000000000000e+00,-1.409957310481223081e+00
0.000000000000000000e+00,-2.288908284484371114e-01
0.000000000000000000e+00,-1.378721844335366820e+00
0.000000000000000000e+00,-1.336345338205145783e+00
0.000000000000000000e+00,-4.493439277107198482e-01
0.000000000000000000e+00,-1.136158408601406933e+00
0.000000000000000000e+00,-1.001344570485119378e+00
0.000000000000000000e+00,-1.177085801662350661e+00
0.000000000000000000e+00,-1.644086086580044181e+00
0.000000000000000000e+00,-1.178831642045873762e+00
0.000000000000000000e+00,-1.545911298174635018e+00
0.000000000000000000e+00,-1.484044745670259680e+00
0.000000000000000000e+00,-1.530353434972180571e+00
0.000000000000000000e+00,-6.211892472436187917e-01
0.000000000000000000e+00,-1.500002032680108455e+00
0.000000000000000000e+00,-1.570507326786857449e+00
0.000000000000000000e+00,-1.599066129015547677e+00
0.000000000000000000e+00,-1.352408380752619488e+00
0.000000000000000000e+00,-1.355840191649192006e+00
0.000000000000000000e+00,-1.056169202603989943e+00
0.000000000000000000e+00,-1.057303671098514419e+00
0.000000000000000000e+00,-1.262821641212540813e+00
0.000000000000000000e+00,-5.643185513761487249e-01
0.000000000000000000e+00,3.218014173026161329e-01
0.000000000000000000e+00,-1.313667767486206284e+00
0.000000000000000000e+00,-4.830060901393554706e-01
0.000000000000000000e+00,-1.319254893719834065e+00
0.000000000000000000e+00,-1.616230427574655515e+00
0.000000000000000000e+00,-5.038569742993146416e-01
0.000000000000000000e+00,-6.974385528650181021e-01
0.000000000000000000e+00,-1.502056836555784258e+00
0.000000000000000000e+00,-6.303296721401816516e-01
0.000000000000000000e+00,-1.201545921298534436e+00
0.000000000000000000e+00,-1.142627413657049562e+00
0.000000000000000000e+00,-1.481322196085942178e+00
0.000000000000000000e+00,-1.157277614662613363e+00
0.000000000000000000e+00,-3.416865384337042233e-01
0.000000000000000000e+00,-1.121557152307471217e+00
0.000000000000000000e+00,1.590585031134975347e-01
0.000000000000000000e+00,-1.520824074420715100e+00
0.000000000000000000e+00,-2.432727075527536531e-01
0.000000000000000000e+00,-8.625194510470900466e-01
0.000000000000000000e+00,-7.067708235509092551e-01
0.000000000000000000e+00,-1.762486060605588656e-01
0.000000000000000000e+00,-6.758504389861594852e-01
0.000000000000000000e+00,-1.381417736532101204e+00
0.000000000000000000e+00,-4.292993202735642666e-01
0.000000000000000000e+00,-9.991232671886367545e-01
0.000000000000000000e+00,-1.263013924008222988e+00
0.000000000000000000e+00,-5.336472604330779745e-01
0.000000000000000000e+00,-8.454963055402670014e-01
0.000000000000000000e+00,-1.777637850346490911e+00
0.000000000000000000e+00,-7.713870200335390948e-01
0.000000000000000000e+00,-7.539648877256756032e-01
0.000000000000000000e+00,-1.405668530124803528e+00
0.000000000000000000e+00,-1.874274813392796890e+00
0.000000000000000000e+00,-1.783042744930574353e+00
0.000000000000000000e+00,-1.042522368186803661e+00
0.000000000000000000e+00,-1.142592890155097463e+00
0.000000000000000000e+00,-1.021388740915921023e+00
0.000000000000000000e+00,-1.699827121022881693e+00
0.000000000000000000e+00,-1.401673855044507144e+00
0.000000000000000000e+00,-1.195839055323959066e+00
0.000000000000000000e+00,-1.217581869452071031e+00
0.000000000000000000e+00,-1.233458310286462467e+00
0.000000000000000000e+00,-1.399601133908324302e+00
0.000000000000000000e+00,-8.168413619137357973e-01
0.000000000000000000e+00,-7.483283797740659660e-01
0.000000000000000000e+00,-9.777510344485667027e-01
0.000000000000000000e+00,-1.362670163953092484e+00
0.000000000000000000e+00,-1.519701405097743763e+00
0.000000000000000000e+00,-4.208991841403776357e-01
0.000000000000000000e+00,-1.577267815080500180e+00
0.000000000000000000e+00,-1.007116113400060353e+00
0.000000000000000000e+00,-1.649053974810304579e+00
0.000000000000000000e+00,-9.697861566437878666e-01
0.000000000000000000e+00,-7.498050242436340440e-01
0.000000000000000000e+00,-1.679620821234811601e+00
0.000000000000000000e+00,-1.579310382778269073e+00
0.000000000000000000e+00,-1.191862297504169499e+00
0.000000000000000000e+00,-1.598779889853793490e+00
0.000000000000000000e+00,-6.900680037014385038e-01
0.000000000000000000e+00,-9.562796012661789469e-01
0.000000000000000000e+00,-1.749924655412448349e+00
0.000000000000000000e+00,-1.073374142754003335e+00
0.000000000000000000e+00,-1.280430812239840455e+00
0.000000000000000000e+00,-8.364716873274672393e-01
0.000000000000000000e+00,-1.065501473289881096e+00
0.000000000000000000e+00,-1.698125418281094756e+00
0.000000000000000000e+00,-1.524948977394450900e+00
0.000000000000000000e+00,-1.332868515654129560e+00
0.000000000000000000e+00,-1.513486300733672296e+00
0.000000000000000000e+00,-1.311154543945370010e+00
0.000000000000000000e+00,-1.857713583601964702e+00
0.000000000000000000e+00,-1.318886934369914998e+00
0.000000000000000000e+00,-8.529857204320864250e-01
0.000000000000000000e+00,-1.457682337375884263e+00
0.000000000000000000e+00,3.011891386118443759e-01
0.000000000000000000e+00,-8.333501509421091802e-01
0.000000000000000000e+00,-9.931187998871080502e-01
0.000000000000000000e+00,-2.182029640529868086e-01
0.000000000000000000e+00,-1.840862181592194169e+00
1.000000000000000000e+00,1.245217256242055148e+00
1.000000000000000000e+00,4.262271445931103409e-01
1.000000000000000000e+00,3.420767640945903132e-01
1.000000000000000000e+00,5.318113757275895193e-01
1.000000000000000000e+00,6.251620509931462566e-01
1.000000000000000000e+00,2.788082952071507803e-01
1.000000000000000000e+00,-1.177556894511772034e+00
1.000000000000000000e+00,1.162465733082122643e+00
1.000000000000000000e+00,9.834674935498481929e-01
1.000000000000000000e+00,1.377146852423110746e+00
1.000000000000000000e+00,-3.407941714591975479e-01
1.000000000000000000e+00,2.146006051064951181e-02
1.000000000000000000e+00,-5.058733216158541879e-01
1.000000000000000000e+00,3.023410873605219540e-01
1.000000000000000000e+00,9.860703033932182171e-01
1.000000000000000000e+00,7.395803655701582713e-01
1.000000000000000000e+00,2.522339388311711783e-01
1.000000000000000000e+00,-1.048719992296722303e+00
1.000000000000000000e+00,6.092676928982481144e-01
1.000000000000000000e+00,5.764008820335704275e-01
1.000000000000000000e+00,1.653011388778597990e-01
1.000000000000000000e+00,-1.221450344254963183e-01
1.000000000000000000e+00,-2.180539448863331453e-01
1.000000000000000000e+00,9.073693921268716212e-01
1.000000000000000000e+00,5.616099649820754935e-01
1.000000000000000000e+00,-7.389384242494700938e-01
1.000000000000000000e+00,8.404191447084728983e-01
1.000000000000000000e+00,6.568323384610563753e-01
1.000000000000000000e+00,-6.273278754957710701e-01
1.000000000000000000e+00,-7.476480554400138923e-02
1.000000000000000000e+00,5.899423979194852175e-01
1.000000000000000000e+00,5.173648196829071511e-01
1.000000000000000000e+00,-2.397154758326340285e-01
1.000000000000000000e+00,-4.872288825363476072e-01
1.000000000000000000e+00,5.350233724281888703e-01
1.000000000000000000e+00,8.430752693270093800e-01
1.000000000000000000e+00,1.437103250154925238e+00
1.000000000000000000e+00,-5.681258452895054933e-02
1.000000000000000000e+00,1.447223443296759449e+00
1.000000000000000000e+00,1.487470854471154569e+00
1.000000000000000000e+00,2.262815393538376352e+00
1.000000000000000000e+00,7.142073396608382696e-01
1.000000000000000000e+00,-7.705706921645976148e-01
1.000000000000000000e+00,1.275770992475947496e+00
1.000000000000000000e+00,1.844637895476147538e+00
1.000000000000000000e+00,-2.845313514298953295e-01
1.000000000000000000e+00,-2.800245049029181921e-01
1.000000000000000000e+00,-2.810453517454488681e-01
1.000000000000000000e+00,1.034208738298596275e+00
1.000000000000000000e+00,1.246501180909587392e+00
1.000000000000000000e+00,7.903561338208582310e-01
1.000000000000000000e+00,1.182468387909311192e+00
1.000000000000000000e+00,1.152211378989664858e+00
1.000000000000000000e+00,-5.036071727995750959e-03
1.000000000000000000e+00,-1.920315275352320883e-01
1.000000000000000000e+00,-5.636946008617398085e-02
1.000000000000000000e+00,1.528256657473459734e+00
1.000000000000000000e+00,1.356619789971334367e+00
1.000000000000000000e+00,1.774477304823714185e-01
1.000000000000000000e+00,8.644536201560328870e-01
1.000000000000000000e+00,4.336204180870886771e-01
1.000000000000000000e+00,-6.070306783861058042e-01
1.000000000000000000e+00,1.089260176715100892e+00
1.000000000000000000e+00,5.978211854725610230e-01
1.000000000000000000e+00,6.050789869968541401e-01
1.000000000000000000e+00,1.635778574780790251e+00
1.000000000000000000e+00,-2.753507219487806856e-01
1.000000000000000000e+00,1.075255871100487592e+00
1.000000000000000000e+00,4.078977870947102513e-01
1.000000000000000000e+00,4.391769538759487390e-01
1.000000000000000000e+00,1.142228842849285053e+00
1.000000000000000000e+00,1.310618753142505089e+00
1.000000000000000000e+00,-8.722786769406662977e-01
1.000000000000000000e+00,3.040392940514783371e-01
1.000000000000000000e+00,2.008891883077935647e-01
1.000000000000000000e+00,1.758701375450702209e-01
1.000000000000000000e+00,-3.914899675471479323e-01
1.000000000000000000e+00,7.229282384577310205e-01
1.000000000000000000e+00,-4.955171450429555202e-01
1.000000000000000000e+00,2.407502858654091416e-01
1.000000000000000000e+00,9.589125435348848647e-01
1.000000000000000000e+00,8.426963848182448258e-01
1.000000000000000000e+00,1.386358851802849956e-01
1.000000000000000000e+00,1.768862741748646217e+00
1.000000000000000000e+00,8.853438348878361897e-01
1.000000000000000000e+00,6.570049559708164288e-01
1.000000000000000000e+00,-3.439415857782815444e-02
1.000000000000000000e+00,4.380992962074211072e-01
1.000000000000000000e+00,1.048639562114540791e+00
1.000000000000000000e+00,-2.646300820767936712e-01
1.000000000000000000e+00,4.575552560859770801e-01
1.000000000000000000e+00,-9.656581946255753390e-01
1.000000000000000000e+00,5.183585721315007167e-01
1.000000000000000000e+00,1.917273500998933622e-01
1.000000000000000000e+00,1.303066409335735143e+00
1.000000000000000000e+00,3.060119407326355456e-01
1.000000000000000000e+00,1.458902001096326506e+00
1.000000000000000000e+00,-6.745210656578297659e-01
1.000000000000000000e+00,1.163393497571288959e+00
1.000000000000000000e+00,-8.102534911298533427e-01
1.000000000000000000e+00,1.805487275690997873e-01
1.000000000000000000e+00,2.130489869600757036e+00
1.000000000000000000e+00,1.328908343062707331e+00
1.000000000000000000e+00,8.323078697751633559e-01
1.000000000000000000e+00,-2.514011202927127903e-02
1.000000000000000000e+00,1.121673374984510252e+00
1.000000000000000000e+00,1.710723416436027877e+00
1.000000000000000000e+00,8.282568208752236760e-01
1.000000000000000000e+00,1.497372544436077257e+00
1.000000000000000000e+00,4.589816448248554837e-01
1.000000000000000000e+00,-3.531160026115922057e-01
1.000000000000000000e+00,1.562413948100976890e+00
1.000000000000000000e+00,3.282616822311822391e-01
1.000000000000000000e+00,1.210761927281230665e+00
1.000000000000000000e+00,-1.479109290469032556e-01
1.000000000000000000e+00,-3.857223576893913375e-01
1.000000000000000000e+00,1.609274847299482780e-02
1.000000000000000000e+00,1.464076061766741155e-01
1.000000000000000000e+00,6.744764699966619981e-01
1.000000000000000000e+00,-1.723614345433028272e-01
1.000000000000000000e+00,7.661599660223836761e-01
1.000000000000000000e+00,1.235114106348020213e+00
1.000000000000000000e+00,-3.172841981950755980e-02
1.000000000000000000e+00,5.123672150205867970e-01
1.000000000000000000e+00,2.939601795069035073e-01
1.000000000000000000e+00,8.922052716492118174e-01
1.000000000000000000e+00,9.957954427911963613e-01
1.000000000000000000e+00,1.069554686208511907e+00
1.000000000000000000e+00,-5.105191361633469871e-01
1.000000000000000000e+00,2.046574940968097223e-01
1.000000000000000000e+00,9.507767962457611688e-01
1.000000000000000000e+00,-6.165888813569234683e-01
1.000000000000000000e+00,-2.176160645198024490e-01
1.000000000000000000e+00,1.978266572360867004e+00
1.000000000000000000e+00,1.809459663447249289e-01
1.000000000000000000e+00,-3.519781326250874531e-02
1.000000000000000000e+00,5.268150820843305882e-01
1.000000000000000000e+00,1.250952527629628941e+00
1.000000000000000000e+00,4.297861243386452701e-01
1.000000000000000000e+00,8.204230449765916866e-01
1.000000000000000000e+00,-2.882844565553780922e-02
1.000000000000000000e+00,-6.484182391376253074e-01
1.000000000000000000e+00,-7.874518106064282152e-01
1.000000000000000000e+00,9.873625311814729910e-01
1.000000000000000000e+00,9.008230369466023735e-01
1.000000000000000000e+00,1.500198227519897065e+00
1.000000000000000000e+00,1.408440877420379156e+00
1.000000000000000000e+00,-2.245548514058048339e-01
1.000000000000000000e+00,3.092702601067401913e-01
1.000000000000000000e+00,4.637812856088940339e-01
1.000000000000000000e+00,1.004080209246973832e+00
1.000000000000000000e+00,6.609720996508221535e-01
1.000000000000000000e+00,5.195358672487000451e-01
1.000000000000000000e+00,4.868373038302442612e-01
1.000000000000000000e+00,1.253224086656801184e+00
1.000000000000000000e+00,6.851944878305260556e-01
1.000000000000000000e+00,-2.308455578690876142e-01
1.000000000000000000e+00,1.628911456936814828e+00
1.000000000000000000e+00,-1.669534809147426024e-01
1.000000000000000000e+00,9.063415531826798377e-01
1.000000000000000000e+00,-4.241832868893578579e-01
1.000000000000000000e+00,1.519404656770420026e+00
1.000000000000000000e+00,1.063872729596104794e+00
1.000000000000000000e+00,4.621193504453049994e-01
1.000000000000000000e+00,-9.656355648540269898e-02
1.000000000000000000e+00,7.625393683809598144e-01
1.000000000000000000e+00,-1.175857471360604589e-01
1.000000000000000000e+00,-8.807383404968233132e-02
1.000000000000000000e+00,7.234106934723516513e-01
1.000000000000000000e+00,9.985144963246833649e-01
1.000000000000000000e+00,1.199038794833573673e+00
1.000000000000000000e+00,2.014490903041966874e+00
1.000000000000000000e+00,7.524130571501720377e-01
1.000000000000000000e+00,6.594036838469511386e-01
1.000000000000000000e+00,9.815389845104270927e-01
1.000000000000000000e+00,-9.391005390498914640e-02
1.000000000000000000e+00,-3.136842114280781382e-03
1.000000000000000000e+00,-7.074866399584714971e-01
1.000000000000000000e+00,6.704158069569381428e-01
1.000000000000000000e+00,5.359485148792323406e-01
1.000000000000000000e+00,-2.970721227655553354e-01
1.000000000000000000e+00,-6.133909634184969012e-02
1.000000000000000000e+00,1.300872637439543400e+00
1.000000000000000000e+00,7.723003422999513701e-01
1.000000000000000000e+00,-5.733680789511164111e-01
1.000000000000000000e+00,-5.733680789511164111e-01
1.000000000000000000e+00,1.151057150650367789e-01
1.000000000000000000e+00,-7.364640942741239593e-01
1.000000000000000000e+00,9.648558299468783517e-01
1.000000000000000000e+00,4.031912286640360055e-01
1.000000000000000000e+00,1.064229763787178040e+00
1.000000000000000000e+00,4.244568318537731977e-01
1.000000000000000000e+00,1.095716508586482618e+00
1.000000000000000000e+00,5.124519942532284045e-01
1.000000000000000000e+00,6.271631030873019430e-01
1.000000000000000000e+00,9.134446544577196070e-01
1.000000000000000000e+00,-4.571917823715246354e-02
1.000000000000000000e+00,1.325717322667091302e+00
1.000000000000000000e+00,-1.326314388918342080e-01
1.000000000000000000e+00,-3.109099289593621473e-01
1.000000000000000000e+00,8.196329374888795538e-01
1.000000000000000000e+00,1.143469940894142445e+00
1.000000000000000000e+00,9.662083646119606906e-01
1.000000000000000000e+00,-9.275512405722055043e-01
1.000000000000000000e+00,6.587167098587413117e-01
1.000000000000000000e+00,3.103530672926632997e-02
1.000000000000000000e+00,-6.243203977687609152e-01
1.000000000000000000e+00,8.754950226917260769e-01
1.000000000000000000e+00,1.068181612244800016e+00
1.000000000000000000e+00,-1.212737383148236071e-02
1.000000000000000000e+00,-3.667619630160707245e-01
1.000000000000000000e+00,1.294936176994563801e-02
1.000000000000000000e+00,4.768840471155705307e-01
1.000000000000000000e+00,-1.953252444239964025e-01
1.000000000000000000e+00,1.612562080668736575e-01
1.000000000000000000e+00,-5.259734288599452467e-01
1.000000000000000000e+00,-3.157851718426121224e-01
1.000000000000000000e+00,2.752750988364914275e-01
1.000000000000000000e+00,6.175144398012428759e-01
1.000000000000000000e+00,6.351738665592322475e-01
1.000000000000000000e+00,1.747953735743628556e+00
1.000000000000000000e+00,-4.464982368934745927e-02
1.000000000000000000e+00,1.533428970118458912e-01
1.000000000000000000e+00,1.174356675969647767e+00
1.000000000000000000e+00,9.873625311814729910e-01
1.000000000000000000e+00,8.836268369236653930e-01
1.000000000000000000e+00,5.403797593069979976e-01
1.000000000000000000e+00,9.239721375213169052e-01
1.000000000000000000e+00,-5.827610935201890108e-01
1.000000000000000000e+00,1.750413207502944601e+00
1.000000000000000000e+00,9.451617016054888465e-01
1.000000000000000000e+00,-2.279031940887970287e-01
1.000000000000000000e+00,-3.407941714591975479e-01
1.000000000000000000e+00,1.024963431877115694e+00
1.000000000000000000e+00,2.677201329915985806e-01
1.000000000000000000e+00,-2.089074019008167471e-01
1.000000000000000000e+00,-5.505012844809714645e-01
1.000000000000000000e+00,5.874125681372036611e-01
1.000000000000000000e+00,1.133231756036775950e+00
1.000000000000000000e+00,2.069845529309174703e-01
1.000000000000000000e+00,1.120747358520759240e+00
1.000000000000000000e+00,4.564741023666188391e-01
1.000000000000000000e+00,6.412779713094326484e-01
1.000000000000000000e+00,-4.288142432208206789e-01
1.000000000000000000e+00,2.495612079711894415e-01
1.000000000000000000e+00,1.211774033996684929e+00
1.000000000000000000e+00,5.796810517253662143e-01
1.000000000000000000e+00,8.918145879688940125e-01
1.000000000000000000e+00,9.463223904812428922e-01
1.000000000000000000e+00,2.499947182741819041e-01
1.000000000000000000e+00,1.295959812009864764e+00
1.000000000000000000e+00,-9.389038861906710831e-02
1.000000000000000000e+00,-5.308591598956869939e-01
1.000000000000000000e+00,6.130818843544156849e-01
1.000000000000000000e+00,4.361234959229366714e-02
1.000000000000000000e+00,-1.107497346885922163e+00
1.000000000000000000e+00,1.700070949555237076e+00
1.000000000000000000e+00,1.685130576330734709e+00
1.000000000000000000e+00,1.103581311936236098e+00
1.000000000000000000e+00,-2.207362898860990297e-01
1.000000000000000000e+00,1.721621386328816561e-01
1.000000000000000000e+00,3.745607573933189549e-01
1.000000000000000000e+00,8.810554915377705187e-01
1.000000000000000000e+00,1.088005873920778327e-01
1.000000000000000000e+00,9.643349183731212415e-01
1.000000000000000000e+00,1.044866012249278775e+00
1.000000000000000000e+00,8.284276903595684249e-01
1.000000000000000000e+00,6.555051501644957312e-01
1.000000000000000000e+00,4.727517150338197416e-01
1.000000000000000000e+00,1.252464569613856549e+00
1.000000000000000000e+00,-1.035075874476509422e-01
1.000000000000000000e+00,7.635672073251515979e-01
1.000000000000000000e+00,9.144567611731737600e-01
1.000000000000000000e+00,4.543817159445140974e-01
1.000000000000000000e+00,-3.479602016491878946e-01
1.000000000000000000e+00,1.955909232740429271e-01
1.000000000000000000e+00,1.304432491197786037e+00
1.000000000000000000e+00,-1.158056796991479898e+00
1.000000000000000000e+00,2.189659655895690449e+00
1.000000000000000000e+00,1.705401553059170627e+00
1.000000000000000000e+00,3.701653474865667648e-01
1.000000000000000000e+00,-9.753536175914935269e-01
1.000000000000000000e+00,6.031085253474660623e-01
1.000000000000000000e+00,9.421826292914771139e-01
1.000000000000000000e+00,1.133838320855882431e+00
1.000000000000000000e+00,-6.684440553015664754e-01
1.000000000000000000e+00,9.268441432786419520e-01
1.000000000000000000e+00,1.287317574356660055e+00
1.000000000000000000e+00,5.821448935482206322e-01
1.000000000000000000e+00,1.141323802690517475e+00
1.000000000000000000e+00,1.892835326239291627e+00
1.000000000000000000e+00,4.380175760192562273e-01
1.000000000000000000e+00,-2.473879963867053056e-01
1.000000000000000000e+00,8.426522471765086619e-01
1.000000000000000000e+00,1.042818637481617960e+00
1.000000000000000000e+00,-9.372651123638346682e-02
1.000000000000000000e+00,6.146074735356119589e-01
1.000000000000000000e+00,6.693364012629952065e-01
1.000000000000000000e+00,1.696457781021828204e+00
1.000000000000000000e+00,1.105273837544592741e+00
1.000000000000000000e+00,-6.286415165953631590e-01
1.000000000000000000e+00,1.280966029451345300e-01
1.000000000000000000e+00,-1.180011559201195936e+00
1.000000000000000000e+00,6.199704155097284231e-01
1.000000000000000000e+00,3.590404767372933903e-01
1.000000000000000000e+00,3.203894497734138813e-01
1.000000000000000000e+00,5.945943305559315828e-01
1.000000000000000000e+00,3.883395677293596804e-01
1.000000000000000000e+00,4.267441231096830156e-01
1.000000000000000000e+00,-4.642877969860528253e-01
1.000000000000000000e+00,1.034105604799093969e+00
1.000000000000000000e+00,4.749813214510249515e-01
1.000000000000000000e+00,8.708251727947730059e-01
1.000000000000000000e+00,9.766257220743945755e-01
1.000000000000000000e+00,5.050858151531871787e-01
1.000000000000000000e+00,1.177777998713728458e+00
1.000000000000000000e+00,9.955396995153593942e-02
1.000000000000000000e+00,1.013589904512517181e+00
1.000000000000000000e+00,-1.106475189024330064e+00
1.000000000000000000e+00,-3.494787987287229503e-01
1.000000000000000000e+00,1.999050499989840635e-01
1.000000000000000000e+00,-3.978182565568594842e-01
1.000000000000000000e+00,1.227893450363801930e+00
1.000000000000000000e+00,-6.474244866890316308e-01
1.000000000000000000e+00,-2.417536734668647158e-01
1.000000000000000000e+00,6.066382256672948614e-01
1.000000000000000000e+00,1.197951523025261977e+00
1.000000000000000000e+00,1.797922695706320739e-01
1.000000000000000000e+00,-4.242693771410609993e-01
1.000000000000000000e+00,-4.320878578173091289e-01
1.000000000000000000e+00,4.259151220564806883e-01
1.000000000000000000e+00,1.304787340357090208e+00
1.000000000000000000e+00,-1.752810739931946193e-01
1.000000000000000000e+00,2.493479488705237779e-01
1.000000000000000000e+00,1.797922695706320739e-01
1.000000000000000000e+00,4.361978815619370620e-01
1.000000000000000000e+00,-2.776397612301058082e-01
1.000000000000000000e+00,2.097637479945755778e+00
1.000000000000000000e+00,-6.125037459613856816e-01
1.000000000000000000e+00,6.556528583120879716e-01
1.000000000000000000e+00,7.569002383912271092e-01
1.000000000000000000e+00,1.004947666859312472e+00
1.000000000000000000e+00,-5.277393715357442394e-01
1.000000000000000000e+00,-3.519781326250874531e-02
1.000000000000000000e+00,2.619857356167325513e-01
1.000000000000000000e+00,3.989339127650918804e-01
1.000000000000000000e+00,-6.254085435897802636e-01
1.000000000000000000e+00,-4.210927779551212335e-01
1.000000000000000000e+00,-5.596705517968867394e-01
1.000000000000000000e+00,3.042420649996522286e-01
1.000000000000000000e+00,-9.691096708080697564e-01
1.000000000000000000e+00,5.242249454252213559e-01
1.000000000000000000e+00,8.574077667133439551e-01
1.000000000000000000e+00,-1.039202160045103566e-02
1.000000000000000000e+00,2.719726418206506735e-01
1.000000000000000000e+00,5.618013737650500161e-01
1.000000000000000000e+00,-5.907718569921193152e-01
1.000000000000000000e+00,1.014600263202555919e+00
1.000000000000000000e+00,-3.033099514600255397e-01
1.000000000000000000e+00,9.534989088237250110e-01
1.000000000000000000e+00,5.307992690121353663e-01
1.000000000000000000e+00,1.439372187143974635e+00
1.000000000000000000e+00,6.190985878338514103e-01
1.000000000000000000e+00,1.767124330473138105e+00
1.000000000000000000e+00,8.567955208116377896e-01
1.000000000000000000e+00,1.406976811576221564e-01
1.000000000000000000e+00,5.429471716357083810e-01
1.000000000000000000e+00,1.468944407107180217e+00
1.000000000000000000e+00,-5.681258452895054933e-02
1.000000000000000000e+00,3.043648637850764893e-01
1.000000000000000000e+00,-1.470911051271312220e-01
1.000000000000000000e+00,-1.044508125058575709e+00
1.000000000000000000e+00,-7.600467051518309258e-01
1.000000000000000000e+00,1.186014257464231614e+00
1.000000000000000000e+00,1.556966132335368125e-01
1.000000000000000000e+00,4.246110950966727193e-01
1.000000000000000000e+00,-3.482687281349869379e-01
1.000000000000000000e+00,1.163581410303432984e+00
1.000000000000000000e+00,1.628654497200766826e+00
1.000000000000000000e+00,-7.828212912813191648e-01
1.000000000000000000e+00,1.589028509061508165e+00
1.000000000000000000e+00,1.848877636562088200e-01
1.000000000000000000e+00,9.356069946855016806e-01
1.000000000000000000e+00,6.148801655003974798e-01
1.000000000000000000e+00,1.235114106348020213e+00
1.000000000000000000e+00,-6.770644426370798774e-01
1.000000000000000000e+00,1.828834871709198451e+00
1.000000000000000000e+00,1.061348486337572311e-01
1.000000000000000000e+00,1.816623166157967040e+00
1.000000000000000000e+00,-4.626228027779870078e-01
1.000000000000000000e+00,9.108103801568743219e-01
1.000000000000000000e+00,-2.502001322735565858e-01
1.000000000000000000e+00,1.887759060433283009e+00
1.000000000000000000e+00,6.068200203104852086e-01
1.000000000000000000e+00,-9.726564143756976089e-01
1.000000000000000000e+00,1.169915380395744275e+00
1.000000000000000000e+00,1.289385488422950754e+00
1.000000000000000000e+00,7.765672723386796150e-01
1.000000000000000000e+00,1.084540508093811972e+00
1.000000000000000000e+00,-6.243203977687609152e-01
1.000000000000000000e+00,7.659134944388275024e-01
1.000000000000000000e+00,1.221563413328675018e+00
1.000000000000000000e+00,5.437975860002480788e-01
1.000000000000000000e+00,-1.453700335479848782e+00
1.000000000000000000e+00,7.201576181744928640e-01
1.000000000000000000e+00,-4.998749724032789943e-01
1.000000000000000000e+00,-8.856493233422363387e-01
1.000000000000000000e+00,1.123962756713338812e-01
1.000000000000000000e+00,1.091940773689451527e+00
1.000000000000000000e+00,6.146074735356119589e-01
1.000000000000000000e+00,5.878430193957193683e-01
1.000000000000000000e+00,2.125248249258356037e-02
1.000000000000000000e+00,1.480204312819784818e+00
1.000000000000000000e+00,2.895376752062142622e-01
1.000000000000000000e+00,1.916535928832530766e+00
1.000000000000000000e+00,6.257476395072690822e-01
1.000000000000000000e+00,3.881800604102143004e-01
1.000000000000000000e+00,1.110406040163890662e+00
1.000000000000000000e+00,9.594137898227199646e-01
1.000000000000000000e+00,1.661513878957429524e+00
1.000000000000000000e+00,9.963972005404106991e-01
1.000000000000000000e+00,2.008017870370289726e-01
1.000000000000000000e+00,4.693719078933523137e-01
1.000000000000000000e+00,-1.692314107787955990e+00
1.000000000000000000e+00,-8.329703924206369736e-01
1.000000000000000000e+00,3.720588960176819948e-01
1.000000000000000000e+00,1.174356675969647767e+00
1.000000000000000000e+00,8.752826376037681211e-01
1.000000000000000000e+00,1.028027720430122915e+00
1.000000000000000000e+00,1.582982089150012373e+00
1.000000000000000000e+00,1.182340345047641073e+00
1.000000000000000000e+00,2.057989641488805699e+00
1.000000000000000000e+00,-6.033738092173145384e-01
1.000000000000000000e+00,7.768487044305416589e-01
1.000000000000000000e+00,2.092259679755609003e+00
1.000000000000000000e+00,6.728809597988539837e-01
1.000000000000000000e+00,1.540275206216301207e+00
1.000000000000000000e+00,1.241421324493897776e-01
1.000000000000000000e+00,4.067480233778018039e-01
1.000000000000000000e+00,2.302644152625808793e+00
1.000000000000000000e+00,-4.065296357728186150e-02
1.000000000000000000e+00,9.939525869971246319e-01
1.000000000000000000e+00,8.103740838704306393e-01
1.000000000000000000e+00,1.330981406646393472e-01
1.000000000000000000e+00,3.105585548378105853e-01
1.000000000000000000e+00,8.173355950868318454e-01
1.000000000000000000e+00,7.654208937192184814e-02
1.000000000000000000e+00,-3.667619630160707245e-01
1.000000000000000000e+00,-3.456545561264174893e-01
1.000000000000000000e+00,-1.224434566086370468e+00
1.000000000000000000e+00,1.101999348935396528e+00
1.000000000000000000e+00,9.939525869971246319e-01
1.000000000000000000e+00,5.137953517848804497e-01
1.000000000000000000e+00,7.499658215687630136e-01
1.000000000000000000e+00,-4.672362788552969493e-01
1.000000000000000000e+00,1.209964390685503766e+00
1.000000000000000000e+00,8.890404716348253578e-01
1.000000000000000000e+00,1.236909765455879162e+00
1.000000000000000000e+00,-9.528662391953175714e-02
1.000000000000000000e+00,4.046482078476820732e-01
1.000000000000000000e+00,-7.805073426378260626e-01
1.000000000000000000e+00,4.036535813863807998e-01
1.000000000000000000e+00,6.774384990628745662e-01
1.000000000000000000e+00,1.877663245088412591e-01
1.000000000000000000e+00,1.206304462472235661e+00
1.000000000000000000e+00,-3.439415857782815444e-02
1.000000000000000000e+00,-2.083209393739862136e-01
1.000000000000000000e+00,2.337992628014997076e-01
1.000000000000000000e+00,9.280765011964229316e-01
1.000000000000000000e+00,-8.068631958368941426e-01
1.000000000000000000e+00,5.966622446222222820e-01
1.000000000000000000e+00,2.093972650103745059e-01
1.000000000000000000e+00,-2.373176219692069711e-01
1.000000000000000000e+00,3.515497508264125437e-01
1.000000000000000000e+00,8.312367672019430609e-01
1.000000000000000000e+00,3.735906032878317795e-01
1.000000000000000000e+00,-7.898584991557822121e-02
1.000000000000000000e+00,7.650539029408576219e-01
1.000000000000000000e+00,1.350170887207967629e+00
1.000000000000000000e+00,7.636825770025608140e-01
1.000000000000000000e+00,6.410013462874626367e-01
1.000000000000000000e+00,6.065534464346531429e-01
1.000000000000000000e+00,8.125685636446828078e-03
1.000000000000000000e+00,-5.827750777235113366e-01
1.000000000000000000e+00,-5.763012655979766752e-01
1.000000000000000000e+00,1.536309810561710787e+00
1.000000000000000000e+00,1.310695229254424055e+00
1.000000000000000000e+00,2.737307183820807954e-01
1.000000000000000000e+00,-2.398151132813056974e-01
1.000000000000000000e+00,1.657951403161064041e+00
1.000000000000000000e+00,3.069628665585545368e-01
1.000000000000000000e+00,1.484583990497799544e+00
1.000000000000000000e+00,5.517135190933988298e-01
1.000000000000000000e+00,1.057682534594201140e+00
1.000000000000000000e+00,1.263395846548386325e+00
1.000000000000000000e+00,1.170364185921120459e+00
1.000000000000000000e+00,1.039611790298413940e-01
1.000000000000000000e+00,-1.005521914221313873e+00
1.000000000000000000e+00,1.210761927281230665e+00
1.000000000000000000e+00,-3.304861601440699237e-02
1.000000000000000000e+00,-1.243046666695694080e+00
1.000000000000000000e+00,1.254841010165946402e+00
1.000000000000000000e+00,2.299731942283932185e+00
1.000000000000000000e+00,-1.147220444994580119e-01
1.000000000000000000e+00,-1.498102532194686871e-02
1.000000000000000000e+00,6.182355002850509207e-01
1.000000000000000000e+00,1.402047474463947951e+00
1.000000000000000000e+00,1.665690785687270248e+00
1.000000000000000000e+00,1.455227651673382416e+00
1.000000000000000000e+00,7.583763512955910002e-02
1.000000000000000000e+00,1.054051448800285451e+00
1.000000000000000000e+00,1.455981924640080916e+00
1.000000000000000000e+00,5.799799640713811932e-01
1.000000000000000000e+00,7.027245607077837741e-01
1.000000000000000000e+00,6.929390198741276763e-02
1.000000000000000000e+00,8.349718605080685974e-01
1.000000000000000000e+00,-1.478370749731071632e-01
1.000000000000000000e+00,-1.604329091093489035e-01
1.000000000000000000e+00,1.390470302138467673e+00
1.000000000000000000e+00,-6.091339899670561442e-01
1.000000000000000000e+00,1.360302005508647438e+00
1.000000000000000000e+00,1.752554538636677650e+00
1.000000000000000000e+00,1.481013648587065301e+00
1.000000000000000000e+00,2.650294848711100548e-01
1.000000000000000000e+00,1.847890002202448312e-01
1.000000000000000000e+00,3.548766801980673957e-01
1.000000000000000000e+00,-3.560797797032201339e-01
1.000000000000000000e+00,5.858970301021453331e-01
1.000000000000000000e+00,3.912360458424988807e-01
1.000000000000000000e+00,5.768693528448687324e-01
1.000000000000000000e+00,1.681355620887560742e-01
1.000000000000000000e+00,-5.178613744727784962e-02
1.000000000000000000e+00,9.454715391103494238e-01
1.000000000000000000e+00,4.820507732368204401e-01
1.000000000000000000e+00,4.301435955360725094e-01
1.000000000000000000e+00,-3.211822948711771930e-02
1.000000000000000000e+00,1.288565569944328248e-01
1.000000000000000000e+00,1.279265295281116543e+00
1.000000000000000000e+00,-3.519142351385788348e-01
1.000000000000000000e+00,9.760073580837349549e-01
1.000000000000000000e+00,8.089468211188446389e-01
1.000000000000000000e+00,8.294389230623150366e-01
1.000000000000000000e+00,9.218382354955989566e-01
1.000000000000000000e+00,1.515917346066912197e+00
1.000000000000000000e+00,-6.517460425219877562e-01
1.000000000000000000e+00,4.850958335102594221e-01
1.000000000000000000e+00,1.150492633000078868e+00
1.000000000000000000e+00,4.746596847746111791e-01
1.000000000000000000e+00,1.104585989543675151e+00
1.000000000000000000e+00,3.321370545768850824e-01
1.000000000000000000e+00,1.412049675890249878e+00
1.000000000000000000e+00,-7.706047786601958327e-01
1.000000000000000000e+00,1.480939357506915188e+00
1.000000000000000000e+00,7.568705219591671529e-01
1.000000000000000000e+00,1.169276040100101000e+00
1.000000000000000000e+00,1.283474445922289653e-01
1.000000000000000000e+00,8.027824094918166731e-01
1.000000000000000000e+00,-2.646300820767936712e-01
1.000000000000000000e+00,9.298717232979279990e-01
1.000000000000000000e+00,1.668469272084877275e+00
1.000000000000000000e+00,-3.626541032901340889e-01
1.000000000000000000e+00,-6.131418697968177289e-02
1.000000000000000000e+00,3.013560750390048004e-01
1.000000000000000000e+00,-7.369299430472993073e-01
1.000000000000000000e+00,1.958837175311043677e-01
1.000000000000000000e+00,7.210263868058930381e-01
1.000000000000000000e+00,1.072362889038178890e+00
1.000000000000000000e+00,8.364397648505602634e-01
1.000000000000000000e+00,8.415641013554893135e-01
1.000000000000000000e+00,-2.987410500308055883e-01
1.000000000000000000e+00,7.975641166208156108e-01
1.000000000000000000e+00,9.574363360716706683e-01
1.000000000000000000e+00,1.020348644780744385e+00
1.000000000000000000e+00,1.472089104829291006e+00
1.000000000000000000e+00,9.413536282382748421e-01
1.000000000000000000e+00,-1.994261120482718752e-01
1.000000000000000000e+00,-1.384336501969285260e+00
1.000000000000000000e+00,1.799335194800727233e+00
1.000000000000000000e+00,6.605394633605372601e-01
1.000000000000000000e+00,1.174726383344982139e+00
1.000000000000000000e+00,9.973743467475590929e-01
1.000000000000000000e+00,1.184380727713640891e+00
1.000000000000000000e+00,1.530966970879870326e+00
1.000000000000000000e+00,-5.890496149517026048e-01
1.000000000000000000e+00,1.544334995243317188e+00
1.000000000000000000e+00,9.394168160781311006e-01
1.000000000000000000e+00,8.597024870772687066e-01
1.000000000000000000e+00,1.551203861112707916e+00
1.000000000000000000e+00,-5.456518249725971215e-01
1.000000000000000000e+00,-1.016900780221008799e-01
1.000000000000000000e+00,1.799983712229800803e+00
1.000000000000000000e+00,-1.001365204342599402e-01
1.000000000000000000e+00,7.086267685225179358e-01
1.000000000000000000e+00,2.638697668652195016e+00
1.000000000000000000e+00,1.565133875647171546e+00
1.000000000000000000e+00,3.108478530440414445e-01
1.000000000000000000e+00,3.237124460878843535e-01
1.000000000000000000e+00,7.789724607512713006e-02
1.000000000000000000e+00,3.196744128197089030e-02
1.000000000000000000e+00,1.618391839987586511e+00
1.000000000000000000e+00,5.551290661960292527e-02
1.000000000000000000e+00,4.217530735426699984e-01
1.000000000000000000e+00,3.834075140201127496e-01
1.000000000000000000e+00,6.246175410762826452e-01
1.000000000000000000e+00,4.188704850740027075e-02
1.000000000000000000e+00,8.842587481112934578e-01
1.000000000000000000e+00,1.175657206878625294e+00
1.000000000000000000e+00,7.406287438129797174e-01
1.000000000000000000e+00,-4.807415232138444461e-01
1.000000000000000000e+00,9.108549548049642564e-01
1.000000000000000000e+00,3.962327764921115825e-01
1.000000000000000000e+00,-5.479045927265550064e-01
1.000000000000000000e+00,-4.549035225440566932e-01
1.000000000000000000e+00,-7.043101353313821478e-02
1.000000000000000000e+00,1.371999791587782846e+00
1.000000000000000000e+00,-2.464882003041836411e-01
1.000000000000000000e+00,1.072896473796196792e+00
1.000000000000000000e+00,1.263395846548386325e+00
1.000000000000000000e+00,1.094450938185811184e+00
1.000000000000000000e+00,-1.092064904507015211e+00
1.000000000000000000e+00,1.253223212644093421e+00
1.000000000000000000e+00,1.390018437568614651e+00
1.000000000000000000e+00,7.590870181857576338e-01
1.000000000000000000e+00,-2.780155866943936349e-01
1.000000000000000000e+00,2.291739875526365711e-01
1.000000000000000000e+00,1.289430937083748230e+00
1.000000000000000000e+00,1.615782817496412282e-01
1.000000000000000000e+00,5.002442217591815954e-01
1.000000000000000000e+00,-5.956859934408594848e-01
1.000000000000000000e+00,4.388837226125335000e-01
1.000000000000000000e+00,1.240858554869024077e+00
1.000000000000000000e+00,8.955422521670046709e-01
1.000000000000000000e+00,1.600358335790724507e+00
1.000000000000000000e+00,2.207563711652970051e-01
1.000000000000000000e+00,-9.651316019692185444e-01
1.000000000000000000e+00,7.805667544888681419e-01
1.000000000000000000e+00,1.727414437113945267e+00
1.000000000000000000e+00,1.101204434377792474e+00
1.000000000000000000e+00,6.988212199554363346e-01
1.000000000000000000e+00,3.793039297988638758e-02
1.000000000000000000e+00,1.310216707296987915e+00
1.000000000000000000e+00,-1.016861449649164723e-01
1.000000000000000000e+00,6.904910048388613886e-01
1.000000000000000000e+00,1.183882977476636400e+00
1.000000000000000000e+00,-1.116909684293413557e-01
1.000000000000000000e+00,-8.696234263348374682e-01
1.000000000000000000e+00,2.935520155724328228e-01
1.000000000000000000e+00,-6.930781034665717266e-01
1.000000000000000000e+00,9.219155856202255750e-01
1.000000000000000000e+00,7.063447213428539762e-01
1.000000000000000000e+00,4.232808477556353477e-01
1.000000000000000000e+00,1.220781608961685638e+00
1.000000000000000000e+00,7.063482173936845854e-01
1.000000000000000000e+00,5.730687085856697172e-01
1.000000000000000000e+00,3.030424825584079329e-01
1.000000000000000000e+00,2.500768754687006101e-01
1.000000000000000000e+00,9.698053639102781620e-01
1.000000000000000000e+00,7.110595828942508634e-01
1.000000000000000000e+00,-3.074068860271166326e-01
1.000000000000000000e+00,1.309452820190505129e+00
1.000000000000000000e+00,-1.237485760843295646e+00
1.000000000000000000e+00,-8.996020622070985961e-01
1.000000000000000000e+00,9.817085429757104187e-01
1.000000000000000000e+00,3.446367473152857075e-01
1.000000000000000000e+00,2.303416685300517519e-01
1.000000000000000000e+00,-5.718529779224118537e-01
1.000000000000000000e+00,7.319816990898830866e-01
1.000000000000000000e+00,-1.583986445323026238e-01
1.000000000000000000e+00,4.394527048852110984e-01
1.000000000000000000e+00,7.803652945597557844e-01
1.000000000000000000e+00,-1.669534809147426024e-01
1.000000000000000000e+00,5.501656425881575885e-01
1.000000000000000000e+00,7.221827056181088222e-01
1.000000000000000000e+00,-1.022835231947075485e+00
1.000000000000000000e+00,-2.396376887016535284e-01
1.000000000000000000e+00,-3.136630689884473688e-01
1.000000000000000000e+00,-8.332111829215934629e-01
1.000000000000000000e+00,-4.426087857855990348e-01
1.000000000000000000e+00,2.632753413668643683e-01
1.000000000000000000e+00,3.034571070293355655e-02
1.000000000000000000e+00,1.865344035974140779e-01
1.000000000000000000e+00,6.817132952159716819e-01
1.000000000000000000e+00,4.491476908447754601e-01
1.000000000000000000e+00,-1.499561187827951336e-01
1.000000000000000000e+00,2.111806879403263781e-01
1.000000000000000000e+00,1.740035180612354848e+00
1.000000000000000000e+00,1.089687568929139871e+00
1.000000000000000000e+00,1.221563413328675018e+00
1.000000000000000000e+00,1.152216186059557002e+00
1.000000000000000000e+00,3.413980932271031277e-01
1.000000000000000000e+00,1.182616970069611195e+00
1.000000000000000000e+00,-5.940966013320050365e-01
1.000000000000000000e+00,1.487866687668867871e-01
1.000000000000000000e+00,9.035665628359034196e-01
1.000000000000000000e+00,-4.332896252903225554e-01
1.000000000000000000e+00,1.199838516461069871e+00
1.000000000000000000e+00,-7.166065255564046943e-01
1.000000000000000000e+00,6.271631030873019430e-01
1.000000000000000000e+00,3.959216279681895823e-01
1.000000000000000000e+00,-7.349144697434674134e-01
1.000000000000000000e+00,-8.667356883487747909e-01
1.000000000000000000e+00,1.710917447257125135e+00
1.000000000000000000e+00,3.465250517701551347e-01
1.000000000000000000e+00,4.709975715295740550e-01
1.000000000000000000e+00,9.528713676996350967e-01
1.000000000000000000e+00,6.104253227295253215e-01
1.000000000000000000e+00,1.545749147804288626e+00
1.000000000000000000e+00,2.044201996466838145e-01
1.000000000000000000e+00,-4.053566161603071039e-01
1.000000000000000000e+00,6.379051562706262724e-01
1.000000000000000000e+00,-1.007995807190306126e+00
1.000000000000000000e+00,-1.392857346414977660e-01
1.000000000000000000e+00,7.047356639480775176e-01
1.000000000000000000e+00,-5.998956756472368923e-01
1.000000000000000000e+00,1.512828585158090711e+00
1.000000000000000000e+00,1.081276944643461357e+00
1.000000000000000000e+00,7.148095344164063780e-01
1.000000000000000000e+00,4.086739103790999472e-01
1.000000000000000000e+00,7.031502048964074492e-01
1.000000000000000000e+00,2.838491634984996459e-01
1.000000000000000000e+00,5.756317508508418390e-01
1.000000000000000000e+00,1.750012909682842732e+00
1.000000000000000000e+00,1.891193930374332144e+00
1.000000000000000000e+00,9.962931930282008519e-01
1.000000000000000000e+00,9.525628412138360535e-01
1.000000000000000000e+00,-4.242658810902303901e-01
1.000000000000000000e+00,1.480978688078759431e+00
1.000000000000000000e+00,8.078066715417202559e-01
1.000000000000000000e+00,2.594998781295305701e+00
1.000000000000000000e+00,2.815237581309567791e-02
1.000000000000000000e+00,-8.461129215055113173e-01
1.000000000000000000e+00,4.764745721620383123e-01
1.000000000000000000e+00,4.652391388052477539e-01
1.000000000000000000e+00,6.501824127749310511e-01
1.000000000000000000e+00,1.001148333619174879e+00
1.000000000000000000e+00,5.354909692267795229e-01
1.000000000000000000e+00,3.350536349823000637e-01
1.000000000000000000e+00,4.425738042642153314e-01
1.000000000000000000e+00,-9.676832820691914083e-01
1.000000000000000000e+00,-3.788906373600756106e-01
1.000000000000000000e+00,1.052789374450444626e+00
1.000000000000000000e+00,2.147873013784279972e-01
1.000000000000000000e+00,1.358818805943772023e+00
1.000000000000000000e+00,2.822090786526017525e-01
1.000000000000000000e+00,6.666636704030134419e-01
1.000000000000000000e+00,-2.197897341237183000e-01
1.000000000000000000e+00,1.270865159147929857e+00
1.000000000000000000e+00,7.693273880748932037e-01
1.000000000000000000e+00,1.502579912148232610e+00
1.000000000000000000e+00,1.573783979414744794e+00
1.000000000000000000e+00,-2.119965998159918652e-01
1.000000000000000000e+00,-1.403498451130568703e-01
1.000000000000000000e+00,1.128200064878857489e+00
1.000000000000000000e+00,3.743422542164074329e-01
1.000000000000000000e+00,9.873743303530262416e-01
1.000000000000000000e+00,5.842211107352338617e-01
1.000000000000000000e+00,-8.253441945400709079e-01
1.000000000000000000e+00,3.956489360034040059e-01
1.000000000000000000e+00,-7.792837248471216061e-01
1.000000000000000000e+00,-7.705706921645976148e-01
1.000000000000000000e+00,6.641971119831857617e-02
1.000000000000000000e+00,2.337582810613961559e+00
1.000000000000000000e+00,2.640313623589782277e-01
1.000000000000000000e+00,-4.194465750202698295e-01
1.000000000000000000e+00,1.659627664975478756e-01
1.000000000000000000e+00,4.819769191630243199e-01
1.000000000000000000e+00,1.647509478783965586e-01
1.000000000000000000e+00,1.167037693555819544e+00
1.000000000000000000e+00,4.671497305841620928e-01
1.000000000000000000e+00,1.407697966618880026e+00
1.000000000000000000e+00,-3.826488920029538221e-01
1.000000000000000000e+00,7.074608355705179763e-01
1.000000000000000000e+00,-1.186211097471176999e-02
1.000000000000000000e+00,5.123672150205867970e-01
1.000000000000000000e+00,2.681852920104928817e+00
1.000000000000000000e+00,-1.009941796483880161e+00
1.000000000000000000e+00,-5.557086521931269285e-01
1.000000000000000000e+00,7.460913232357678782e-01
1.000000000000000000e+00,1.150157012120342825e+00
1.000000000000000000e+00,1.053781815879976769e+00
1.000000000000000000e+00,8.075484007866108316e-01
1.000000000000000000e+00,-8.302661971031799482e-01
1.000000000000000000e+00,-1.172555793798621071e+00
1.000000000000000000e+00,6.242722114979120523e-02
1.000000000000000000e+00,-3.625107652060801100e-01
1.000000000000000000e+00,7.060130335203022023e-01
1.000000000000000000e+00,-5.896090776434465691e-02
1.000000000000000000e+00,-8.764997213122431852e-01
1.000000000000000000e+00,7.586341850443466261e-02
1.000000000000000000e+00,5.823668927759626524e-01
1.000000000000000000e+00,9.508388511480040384e-01
1.000000000000000000e+00,-1.010412015320593770e+00
1.000000000000000000e+00,-2.913993432865783495e-01
1.000000000000000000e+00,1.329734285071432875e+00
1.000000000000000000e+00,-8.118031156605098886e-01
1.000000000000000000e+00,-8.136979752106866526e-01
1.000000000000000000e+00,1.598558735745773257e-03
1.000000000000000000e+00,-2.700542049404453526e-01
1.000000000000000000e+00,7.740605093343001786e-02
1.000000000000000000e+00,2.022858606146120397e-01
1.000000000000000000e+00,1.720577909714737563e+00
1.000000000000000000e+00,8.060223745990607869e-01
1.000000000000000000e+00,5.049153826751962004e-01
1.000000000000000000e+00,4.701288028981738254e-01
1.000000000000000000e+00,8.546926462370413313e-01
1.000000000000000000e+00,1.549315119651484718e+00
1.000000000000000000e+00,-5.337123743797976827e-01
1.000000000000000000e+00,-2.791404410491341581e-01
1.000000000000000000e+00,1.479437803675179186e+00
1.000000000000000000e+00,9.090158659334296454e-03
1.000000000000000000e+00,-4.194465750202698295e-01
1.000000000000000000e+00,-5.683250256279983592e-01
1.000000000000000000e+00,8.844776882945588614e-01
1.000000000000000000e+00,-1.237242348304216311e+00
1.000000000000000000e+00,-1.112941666600700263e-01
1.000000000000000000e+00,1.745433083094777293e+00
1.000000000000000000e+00,1.923972808403041079e-01
1.000000000000000000e+00,-1.857980689043001177e-01
1.000000000000000000e+00,8.842123308789377745e-02
1.000000000000000000e+00,1.783314541869574388e+00
1.000000000000000000e+00,-9.164128305058715602e-04
1.000000000000000000e+00,1.653245718743097559e+00
1.000000000000000000e+00,8.294389230623150366e-01
1.000000000000000000e+00,1.190499690679871270e+00
1.000000000000000000e+00,1.307762042607563790e+00
1.000000000000000000e+00,1.025700224589661369e+00
1.000000000000000000e+00,-4.049737985943581142e-01
1.000000000000000000e+00,9.053220173592105846e-01
1.000000000000000000e+00,9.175721794695783640e-01
1.000000000000000000e+00,-7.610876542866374939e-01
1.000000000000000000e+00,-1.071876179531948414e-01
1.000000000000000000e+00,9.566331183933438620e-01
1.000000000000000000e+00,-2.600476334506051646e-01
1.000000000000000000e+00,3.343325744984920744e-01
1.000000000000000000e+00,2.722698061412503479e-01
1.000000000000000000e+00,1.485445672468688194e-01
1.000000000000000000e+00,3.406725681209064188e-02
1.000000000000000000e+00,-1.045292114457334165e+00
1.000000000000000000e+00,5.161031823394199858e-01
1.000000000000000000e+00,7.012203848379249260e-01
1.000000000000000000e+00,6.907881691594610629e-01
1.000000000000000000e+00,-1.401750425715276582e-01
1.000000000000000000e+00,3.026093147029188662e-02
1.000000000000000000e+00,7.625288802284679868e-01
1.000000000000000000e+00,9.376329561418254022e-01
1.000000000000000000e+00,-8.456903363613643698e-01
1.000000000000000000e+00,9.282805831636583571e-01
1.000000000000000000e+00,1.228135988890173724e+00
1.000000000000000000e+00,2.337992628014997076e-01
1.000000000000000000e+00,6.715358542417866339e-01
1.000000000000000000e+00,3.040733805470764994e-01
1.000000000000000000e+00,6.829198697588770850e-01
1.000000000000000000e+00,1.408886623901278723e+00
1.000000000000000000e+00,-2.845811701542311223e-01
1.000000000000000000e+00,2.095777486345034302e-01
1.000000000000000000e+00,3.314671238364743089e-01
1.000000000000000000e+00,-4.706549795612546827e-01
1.000000000000000000e+00,1.528331822566317166e+00
1.000000000000000000e+00,1.097870075898122577e+00
1.000000000000000000e+00,-8.041467643415300959e-01
1.000000000000000000e+00,7.136505935660676370e-01
1.000000000000000000e+00,-1.430147098586698196e-01
1.000000000000000000e+00,5.230375991618841924e-01
1.000000000000000000e+00,5.624123086476946476e-01
1.000000000000000000e+00,2.659961429257666765e-01
1.000000000000000000e+00,1.368326316177546298e+00
1.000000000000000000e+00,3.362580244934363916e-01
1.000000000000000000e+00,1.200359428034826870e+00
1.000000000000000000e+00,1.855408354072470400e+00
1.000000000000000000e+00,7.082719193632135424e-01
1.000000000000000000e+00,1.962635729097324200e+00
1.000000000000000000e+00,3.070773622232561562e-01
1.000000000000000000e+00,7.222159181009993878e-01
1.000000000000000000e+00,1.264401398168533142e+00
1.000000000000000000e+00,2.598583886863219394e-01
1.000000000000000000e+00,9.764242621452821069e-01
1.000000000000000000e+00,8.681104893248242638e-01
1.000000000000000000e+00,7.499658215687630136e-01
1.000000000000000000e+00,-2.403552531346309640e-01
1.000000000000000000e+00,1.784402687690593847e+00
1.000000000000000000e+00,-3.567536435008152873e-01
1.000000000000000000e+00,7.699055474810010402e-01
1.000000000000000000e+00,9.978017389615979615e-01
1.000000000000000000e+00,7.613424079778384757e-01
1.000000000000000000e+00,-1.071784408197645477e-01
1.000000000000000000e+00,-2.772010068508675151e-01
1.000000000000000000e+00,-7.218977984884941135e-01
1.000000000000000000e+00,-2.369286863143044430e-01
1.000000000000000000e+00,-2.119965998159918652e-01
1.000000000000000000e+00,4.215782710011407586e-01
1.000000000000000000e+00,-3.064489680995364784e-01
1.000000000000000000e+00,-7.375357284125486079e-02
1.000000000000000000e+00,4.981767446992447224e-01
1.000000000000000000e+00,1.423204700077937090e+00
1.000000000000000000e+00,2.271828212579622974e+00
1.000000000000000000e+00,-5.763012655979766752e-01
1.000000000000000000e+00,-6.259460614049826566e-01
1.000000000000000000e+00,-1.177671827182827480e+00
1.000000000000000000e+00,-3.408841947680850692e-01
1.000000000000000000e+00,6.236570011105796452e-01
1.000000000000000000e+00,3.349592416098742809e-01
1.000000000000000000e+00,-9.221883931569395398e-02
1.000000000000000000e+00,3.486426184261343531e-03
1.000000000000000000e+00,3.487463550666376477e-01
1.000000000000000000e+00,5.139063513987515153e-01
1.000000000000000000e+00,1.600117982296121788e+00
1.000000000000000000e+00,1.237819612684538662e+00
1.000000000000000000e+00,1.293645426360017892e+00
1.000000000000000000e+00,3.343920073626119871e-01
1.000000000000000000e+00,3.427483483015658638e-02
1.000000000000000000e+00,6.553709892138720461e-01
1.000000000000000000e+00,-8.041467643415300959e-01
1.000000000000000000e+00,9.511250903097582254e-01
1.000000000000000000e+00,1.249765181366291777e+00
1.000000000000000000e+00,-2.877236828445726702e-01
1.000000000000000000e+00,8.156837110693807569e-01
1.000000000000000000e+00,-5.724564836970414961e-01
1.000000000000000000e+00,-1.139945505663637393e+00
1.000000000000000000e+00,2.016425872617845227e-01
1.000000000000000000e+00,1.263277854832854263e+00
1.000000000000000000e+00,1.725840340227474679e+00
1.000000000000000000e+00,4.002576050108218597e-01
1.000000000000000000e+00,1.581302236725916632e+00
1.000000000000000000e+00,1.207393482305962662e+00
1.000000000000000000e+00,1.336791937685674947e+00
1.000000000000000000e+00,2.260297362927647935e+00
1.000000000000000000e+00,7.201576181744928640e-01
1.000000000000000000e+00,7.235706377978509130e-01
1.000000000000000000e+00,-7.330345629681711550e-02
1.000000000000000000e+00,-1.918195794536279031e-01
1.000000000000000000e+00,1.346132511492288852e+00
1.000000000000000000e+00,-2.159497592926751808e-01
1.000000000000000000e+00,5.202293963322172088e-01
1.000000000000000000e+00,1.397305518518614065e+00
1.000000000000000000e+00,7.547624033083247808e-01
1.000000000000000000e+00,-1.869976513455443856e-01
1.000000000000000000e+00,5.959682785323512366e-01
1.000000000000000000e+00,-4.162791529677603575e-01
1.000000000000000000e+00,8.480501496589309962e-01
1.000000000000000000e+00,3.569577044549727685e-01
1.000000000000000000e+00,8.203574940235182078e-01
1.000000000000000000e+00,7.647916045697132625e-02
1.000000000000000000e+00,1.798699787562268559e+00
1.000000000000000000e+00,-3.544803364482277397e-01
1.000000000000000000e+00,3.437840533601264903e-02
1.000000000000000000e+00,1.317984837683695842e-01
1.000000000000000000e+00,1.076248749536373506e+00
1.000000000000000000e+00,1.073747762173444142e+00
1.000000000000000000e+00,-9.874219850586708480e-01
1.000000000000000000e+00,1.537672301814080600e-01
1.000000000000000000e+00,8.869174947679528964e-01
1.000000000000000000e+00,-3.672767565008742685e-01
1.000000000000000000e+00,-7.710361039314191922e-01
1.000000000000000000e+00,1.344038377044768806e+00
1.000000000000000000e+00,9.792184807716266537e-01
1.000000000000000000e+00,-1.050161333810481074e-01
1.000000000000000000e+00,5.036795287065846116e-01
1.000000000000000000e+00,-3.291759205364579444e-01
1.000000000000000000e+00,1.278452463463005673e+00
1.000000000000000000e+00,4.754952409231208432e-01
1.000000000000000000e+00,1.991468439751010733e-01
1.000000000000000000e+00,1.633461567092820310e+00
1.000000000000000000e+00,4.441876687288838221e-01
1.000000000000000000e+00,2.381680247765537661e+00
1.000000000000000000e+00,1.185235512141718850e+00
1.000000000000000000e+00,1.074096056237441088e+00
1.000000000000000000e+00,-5.036071727995750959e-03
1.000000000000000000e+00,-2.194646959553243903e-02
1.000000000000000000e+00,1.283207966605308226e+00
1.000000000000000000e+00,1.814126891306079570e-01
1.000000000000000000e+00,-7.529925485884193526e-01
1.000000000000000000e+00,-2.108328518957610920e-01
1.000000000000000000e+00,-1.356539401815308743e+00
1.000000000000000000e+00,1.125498491599523421e+00
1.000000000000000000e+00,4.709918904469743706e-01
1.000000000000000000e+00,7.606043042462312664e-01
1.000000000000000000e+00,9.436020259286943546e-01
1.000000000000000000e+00,1.199683816211816412e+00
1.000000000000000000e+00,-1.700190804868113026e-01
1.000000000000000000e+00,-8.988984819774434865e-01
1.000000000000000000e+00,1.951076911038704509e+00
1.000000000000000000e+00,4.534858529191768683e-01
1.000000000000000000e+00,6.125963702953182155e-01
1.000000000000000000e+00,7.309223956882160422e-01
1.000000000000000000e+00,-5.518909646861288598e-01
1.000000000000000000e+00,8.129519843516328503e-01
1.000000000000000000e+00,4.255392965921928616e-01
1.000000000000000000e+00,5.062709763847552669e-01
1.000000000000000000e+00,1.777824868052849228e+00
1.000000000000000000e+00,1.232881440886338220e+00
1.000000000000000000e+00,1.951076911038704509e+00
1.000000000000000000e+00,3.358498605589657071e-01
1.000000000000000000e+00,8.410659141121310522e-01
1.000000000000000000e+00,1.611550942524840435e+00
1.000000000000000000e+00,8.545842686612932226e-01
1.000000000000000000e+00,9.971068988590193749e-01
1.000000000000000000e+00,5.575519239804747063e-01
1.000000000000000000e+00,-1.277942155613668584e-01
1.000000000000000000e+00,9.925336273662611619e-01
1.000000000000000000e+00,2.224488967736536760e-01
1.000000000000000000e+00,1.325717322667091302e+00
1.000000000000000000e+00,1.249765181366291777e+00
1.000000000000000000e+00,1.895959047656418761e+00
1.000000000000000000e+00,4.636042980355957188e-01
1.000000000000000000e+00,2.910248078282741124e-01
1.000000000000000000e+00,-6.888041813261822632e-01
1.000000000000000000e+00,-3.720245596634551288e-03
1.000000000000000000e+00,1.842028093531116184e+00
1.000000000000000000e+00,2.346182127085641167e-01
1.000000000000000000e+00,1.295286822224977152e+00
1.000000000000000000e+00,7.339486646884406662e-01
1.000000000000000000e+00,-3.703436670920044471e-01
1.000000000000000000e+00,4.441876687288838221e-01
1.000000000000000000e+00,3.529202027520015883e-01
1.000000000000000000e+00,8.787472239768772120e-01
1.000000000000000000e+00,9.323783917434570467e-01
1.000000000000000000e+00,1.240018628656976318e+00
1.000000000000000000e+00,-6.483679834069355774e-01
1.000000000000000000e+00,7.345561035202546885e-01
1.000000000000000000e+00,9.564556938136917763e-01
1.000000000000000000e+00,7.291140633960963013e-01
1.000000000000000000e+00,9.648916644678918741e-01
1.000000000000000000e+00,1.429329686574270508e-01
1.000000000000000000e+00,1.403373351741447062e+00
1.000000000000000000e+00,-1.441574814739171040e-01
1.000000000000000000e+00,7.267848195302194503e-01
1.000000000000000000e+00,5.627453074893078444e-01
1.000000000000000000e+00,2.247401210867479293e-01
1.000000000000000000e+00,8.662688499909634854e-02
1.000000000000000000e+00,1.445259536742678597e+00
1.000000000000000000e+00,4.566362317238872315e-01
1.000000000000000000e+00,1.216465297204975426e+00
1.000000000000000000e+00,3.989339127650918804e-01
1.000000000000000000e+00,1.107647656058559527e+00
1.000000000000000000e+00,6.644331899731006352e-01
1.000000000000000000e+00,6.512194288525531283e-01
1.000000000000000000e+00,3.145947455217202315e-01
1.000000000000000000e+00,4.297861243386452701e-01
1.000000000000000000e+00,4.537847652651917918e-01
1.000000000000000000e+00,5.027469571475261523e-01
1.000000000000000000e+00,9.664299268333489401e-01
1.000000000000000000e+00,3.073989988996699285e-01
1.000000000000000000e+00,7.178545946898453600e-01
1.000000000000000000e+00,-6.744118140693740049e-01
1.000000000000000000e+00,-2.413485685768707589e-01
1.000000000000000000e+00,-8.413815482715196470e-02
1.000000000000000000e+00,4.296043296954548674e-01
1.000000000000000000e+00,1.978502461233080933e-01
1.000000000000000000e+00,-4.779468675811460732e-01
1.000000000000000000e+00,1.211936600360307148e+00
1.000000000000000000e+00,5.421408949129048471e-01
1.000000000000000000e+00,1.263395846548386325e+00
1.000000000000000000e+00,-5.564235945879815182e-01
1.000000000000000000e+00,4.352618139520480489e-01
1.000000000000000000e+00,-5.143988785725880364e-01
1.000000000000000000e+00,1.784402687690593847e+00
1.000000000000000000e+00,5.508893251100884791e-01
1.000000000000000000e+00,4.257717839724267650e-01
1.000000000000000000e+00,1.949712482643218558e-01
1.000000000000000000e+00,-8.057252312915389458e-01
1.000000000000000000e+00,-5.622759836783797205e-01
1.000000000000000000e+00,7.007510400139189688e-01
1.000000000000000000e+00,9.464769961716458513e-02
1.000000000000000000e+00,2.204679469717737983e-01
1.000000000000000000e+00,7.014388880148364480e-01
1.000000000000000000e+00,-4.673171250307542324e-01
1.000000000000000000e+00,1.440363317554445244e+00
1.000000000000000000e+00,7.309223956882160422e-01
1.000000000000000000e+00,1.508361506209311642e+00
1.000000000000000000e+00,-4.752697666576260471e-01
1.000000000000000000e+00,-4.791819420959004400e-02
1.000000000000000000e+00,6.485163784195103337e-03
1.000000000000000000e+00,2.142750519863616532e+00
1.000000000000000000e+00,-7.839806691380116765e-01
1.000000000000000000e+00,5.748739818333127305e-01
1.000000000000000000e+00,2.653196570900485662e-01
1.000000000000000000e+00,8.332338862389143674e-01
1.000000000000000000e+00,1.167133834953660632e+00
1.000000000000000000e+00,1.035550347804832905e+00
1.000000000000000000e+00,1.247898727229113325e+00
1.000000000000000000e+00,4.290624418167143239e-01
1.000000000000000000e+00,1.660038545506922869e+00
1.000000000000000000e+00,9.770684095108173040e-01
1.000000000000000000e+00,-6.715924152091550144e-03
1.000000000000000000e+00,-6.109655781547789627e-02
1.000000000000000000e+00,9.725982715175612858e-01
1.000000000000000000e+00,6.835766903086730739e-01
1.000000000000000000e+00,1.798699787562268559e+00
1.000000000000000000e+00,-1.869976513455443856e-01
1.000000000000000000e+00,6.921175424877907822e-01
1.000000000000000000e+00,-4.833032544599551450e-01
1.000000000000000000e+00,8.255731648563963132e-01
1.000000000000000000e+00,6.884064845311254066e-01
1.000000000000000000e+00,1.324469232520572692e+00
1.000000000000000000e+00,9.648558299468783517e-01
1.000000000000000000e+00,9.340040553796787881e-01
1.000000000000000000e+00,3.117852316729918805e-01
1.000000000000000000e+00,5.080023009997516881e-02
1.000000000000000000e+00,5.832155591150870455e-01
1.000000000000000000e+00,1.148879197661856286e-03
1.000000000000000000e+00,8.899813463146063475e-01
1.000000000000000000e+00,-6.745210656578297659e-01
1.000000000000000000e+00,-4.686801478483282879e-01
1.000000000000000000e+00,9.485493748603250896e-01
1.000000000000000000e+00,-5.890496149517026048e-01
1.000000000000000000e+00,4.232651155268977172e-01
1.000000000000000000e+00,1.096484765756503554e+00
1.000000000000000000e+00,-1.158451413728982082e+00
1.000000000000000000e+00,4.920538486758300190e-01
1.000000000000000000e+00,-4.061030230126368434e-01
1.000000000000000000e+00,4.755966263972077890e-01
1.000000000000000000e+00,6.505529941629729640e-01
1.000000000000000000e+00,-1.612199575525842254e-01
1.000000000000000000e+00,2.122732038248839881e-01
1.000000000000000000e+00,8.322471258919819093e-01
1.000000000000000000e+00,-4.218994916842785936e-01
1.000000000000000000e+00,1.168052422309396654e+00
1.000000000000000000e+00,3.032295212778441940e-01
1.000000000000000000e+00,1.718067745218377906e+00
1.000000000000000000e+00,1.005455031236101027e+00
1.000000000000000000e+00,2.325690899154878311e-01
1.000000000000000000e+00,-4.581024090540414262e-01
1.000000000000000000e+00,9.978017389615979615e-01
1.000000000000000000e+00,7.805794276731290449e-01
1.000000000000000000e+00,6.031155174491272808e-01
1.000000000000000000e+00,1.458468490793334071e+00
1.000000000000000000e+00,5.764008820335704275e-01
1.000000000000000000e+00,1.043934751709281850e+00
1.000000000000000000e+00,1.804093225422302160e-01
1.000000000000000000e+00,7.704448133216187378e-01
1.000000000000000000e+00,1.379843181626198900e+00
1.000000000000000000e+00,7.269718582496557113e-01
1.000000000000000000e+00,6.917858546652391194e-01
1.000000000000000000e+00,1.366980336607771296e+00
1.000000000000000000e+00,-1.035701573016333699e+00
1.000000000000000000e+00,-2.253388408045633728e-01
1.000000000000000000e+00,1.007019950989141321e+00
1.000000000000000000e+00,-6.289413029540857902e-01
1.000000000000000000e+00,1.031815691505061139e+00
1.000000000000000000e+00,-7.503050540712580263e-02
1.000000000000000000e+00,1.178208012965890505e+00
1.000000000000000000e+00,1.195288406305064166e+00
1.000000000000000000e+00,7.651587844657751214e-01
1.000000000000000000e+00,4.130863635336513018e-01
1.000000000000000000e+00,2.951636950053321828e-01
1.000000000000000000e+00,5.387051509591480603e-01
1.000000000000000000e+00,6.533804252722080763e-01
1.000000000000000000e+00,1.122804784434558112e+00
1.000000000000000000e+00,5.666932228897452184e-01
1.000000000000000000e+00,2.481632246453095159e-01
1.000000000000000000e+00,2.880466095269700322e-01
1.000000000000000000e+00,1.865025989907407977e+00
1.000000000000000000e+00,1.160576991620899445e+00
1.000000000000000000e+00,9.108549548049642564e-01
1.000000000000000000e+00,5.392020271834448986e-01
1.000000000000000000e+00,7.012203848379249260e-01
1.000000000000000000e+00,3.599402728198150547e-01
1.000000000000000000e+00,-3.126361040569632377e-01
1.000000000000000000e+00,9.746111227832702228e-01
1.000000000000000000e+00,-1.133559626374071733e-01
1.000000000000000000e+00,1.177905875440751413e-02
1.000000000000000000e+00,7.428844760525639412e-02
1.000000000000000000e+00,-4.264574679546530023e-01
1.000000000000000000e+00,2.983179123083765094e-02
1.000000000000000000e+00,4.387923882845845003e-01
1.000000000000000000e+00,1.854855978041237918e+00
1.000000000000000000e+00,1.548334477393505937e+00
1.000000000000000000e+00,1.577906697356711518e+00
1.000000000000000000e+00,1.463577874523382671e-01
1.000000000000000000e+00,6.655278908894274315e-01
1.000000000000000000e+00,9.521293309108435077e-01
1.000000000000000000e+00,1.904984882329429363e-01
1.000000000000000000e+00,1.118483228601601986e+00
1.000000000000000000e+00,2.880466095269700322e-01
1.000000000000000000e+00,-1.088599881127552127e+00
1.000000000000000000e+00,7.334758238136040998e-01
1.000000000000000000e+00,6.782500198619240139e-01
1.000000000000000000e+00,1.046614474670924944e+00
1.000000000000000000e+00,9.158403232893775892e-01
1.000000000000000000e+00,-1.338760329875222366e-01
1.000000000000000000e+00,-7.791146033881920507e-01
1.000000000000000000e+00,7.132476737078428108e-01
1.000000000000000000e+00,8.218918233317908939e-01
1.000000000000000000e+00,3.553451510093657006e-01
1.000000000000000000e+00,-5.174360727316581476e-01
1.000000000000000000e+00,7.397608491942871956e-01
1.000000000000000000e+00,-6.668315018559594076e-01
1.000000000000000000e+00,4.451530157644789654e-01
1.000000000000000000e+00,1.120040282240273521e+00
1.000000000000000000e+00,1.116977733832773744e-03
1.000000000000000000e+00,7.762801591642178867e-01
1.000000000000000000e+00,6.022729691989563428e-01
1.000000000000000000e+00,1.139472206769369222e+00
1.000000000000000000e+00,1.504006300887111180e+00
1.000000000000000000e+00,5.708089487300507248e-01
1.000000000000000000e+00,1.535264491363366179e+00
1.000000000000000000e+00,5.666932228897452184e-01
1.000000000000000000e+00,9.829749873890896161e-01
1.000000000000000000e+00,-6.033738092173145384e-01
1.000000000000000000e+00,9.996694095589872542e-02
1.000000000000000000e+00,9.525628412138360535e-01
1.000000000000000000e+00,1.526926315573571835e-01
1.000000000000000000e+00,-4.381722972815874639e-01
1.000000000000000000e+00,1.068576571429805527e-01
1.000000000000000000e+00,7.785403560261906497e-01
1.000000000000000000e+00,-7.512624404336338824e-01
1.000000000000000000e+00,9.139240504278635102e-01
1.000000000000000000e+00,-4.064613682227717351e-01
1.000000000000000000e+00,7.165575598316985539e-01
1.000000000000000000e+00,-2.424687104205696872e-02
1.000000000000000000e+00,-1.029907742777347535e+00
1.000000000000000000e+00,1.476210074745842205e+00
1.000000000000000000e+00,7.270994641049719487e-01
1.000000000000000000e+00,1.270050579304403682e+00
1.000000000000000000e+00,-7.354358183235784052e-01
1.000000000000000000e+00,7.650539029408576219e-01
1.000000000000000000e+00,1.639496624839116734e+00
1.000000000000000000e+00,6.322266957090496575e-01
1.000000000000000000e+00,1.199807052003594610e+00
1.000000000000000000e+00,-9.268301800883974595e-01
1.000000000000000000e+00,-5.775030330709900461e-01
1.000000000000000000e+00,-5.827610935201890108e-01
1.000000000000000000e+00,8.828507136392756971e-01
1.000000000000000000e+00,-2.420936644101390478e-01
1.000000000000000000e+00,2.882983251867721197e-01
1.000000000000000000e+00,6.020409188250763766e-01
1.000000000000000000e+00,1.319628076132920880e+00
1.000000000000000000e+00,1.214401221637018691e-01
1.000000000000000000e+00,7.556163137236950877e-01
1.000000000000000000e+00,1.294936176994563801e-02
1.000000000000000000e+00,-8.076773386740665472e-01
1.000000000000000000e+00,-2.563051110364645835e-01
1.000000000000000000e+00,9.725379646407337209e-01
1.000000000000000000e+00,1.295764033163351980e+00
1.000000000000000000e+00,1.111380564332915988e+00
1.000000000000000000e+00,1.042304281003168187e+00
1.000000000000000000e+00,1.800951149738314605e-01
1.000000000000000000e+00,6.715306101655408311e-01
1.000000000000000000e+00,1.790463965818119396e+00
1.000000000000000000e+00,1.146579241101593372e+00
1.000000000000000000e+00,9.341561335908091790e-01
1.000000000000000000e+00,1.628911456936814828e+00
1.000000000000000000e+00,4.751993876215826473e-01
1.000000000000000000e+00,1.460089784366017662e+00
1.000000000000000000e+00,6.988413222477122266e-01
1.000000000000000000e+00,-1.963452172538193985e-01
1.000000000000000000e+00,-1.953252444239964025e-01
1.000000000000000000e+00,4.478126364338460563e-01
1.000000000000000000e+00,9.014383418927851555e-01
1.000000000000000000e+00,3.889068019766220297e-01
1.000000000000000000e+00,1.188098340765613603e+00
1.000000000000000000e+00,6.980114471818021915e-01
1.000000000000000000e+00,8.156837110693807569e-01
1.000000000000000000e+00,7.979351350152114053e-01
1.000000000000000000e+00,2.580570484958633060e-01
1.000000000000000000e+00,6.219050426381029784e-01
1.000000000000000000e+00,1.115917564298306797e+00
1.000000000000000000e+00,8.304081085962440600e-02
1.000000000000000000e+00,-5.777468826164232629e-01
1.000000000000000000e+00,2.873028247127631940e-01
1.000000000000000000e+00,1.617287961937829310e+00
1.000000000000000000e+00,5.307992690121353663e-01
1.000000000000000000e+00,1.814583220498321214e+00
1.000000000000000000e+00,5.273853753760696650e-01
1.000000000000000000e+00,-1.828303587554877818e-01
1.000000000000000000e+00,1.010446517809467926e+00
1.000000000000000000e+00,1.509690879537641361e+00
1.000000000000000000e+00,1.104488807998479233e-02
1.000000000000000000e+00,-4.242658810902303901e-01
1.000000000000000000e+00,-9.877568264845497381e-02
1.000000000000000000e+00,8.110925223161157271e-01
1.000000000000000000e+00,-9.754165465064440488e-01
1.000000000000000000e+00,7.050966311963353661e-01
1.000000000000000000e+00,8.062679721699093083e-01
1.000000000000000000e+00,-5.051357494494512768e-02
1.000000000000000000e+00,8.875817444257639854e-01
1.000000000000000000e+00,-3.128414970432600306e-01
1.000000000000000000e+00,1.214125128180252977e+00
1.000000000000000000e+00,-2.174963247788549436e-01
1.000000000000000000e+00,5.036795287065846116e-01
1.000000000000000000e+00,7.985945776031303511e-01
1.000000000000000000e+00,1.022953108090679242e-01
1.000000000000000000e+00,-3.719187325500331737e-02
1.000000000000000000e+00,7.815063181495877087e-01
1.000000000000000000e+00,9.407225910633543187e-01
1.000000000000000000e+00,4.234617683861180981e-01
1.000000000000000000e+00,7.387233961103112367e-01
1.000000000000000000e+00,-2.185241637230467548e-01
1.000000000000000000e+00,8.009740771996969322e-01
1.000000000000000000e+00,4.228045108299682275e-01
1.000000000000000000e+00,2.413603467353461207e-01
1.000000000000000000e+00,1.255156528753406553e+00
1.000000000000000000e+00,-3.391637007530837189e-01
1.000000000000000000e+00,-1.116726141624807822e-01
1.000000000000000000e+00,1.087014838069157996e+00
1.000000000000000000e+00,2.643802776877556049e+00
1.000000000000000000e+00,1.983208240209898054e+00
1.000000000000000000e+00,-8.492318358527464195e-01
1.000000000000000000e+00,7.244957802488942722e-01
1.000000000000000000e+00,1.083173552219053537e+00
1.000000000000000000e+00,1.161438331144284630e+00
1.000000000000000000e+00,1.618056219107850247e+00
1.000000000000000000e+00,1.572214252591812578e+00
1.000000000000000000e+00,-7.073201405376648987e-01
1.000000000000000000e+00,8.305847537220389931e-01
1.000000000000000000e+00,6.778986667534502297e-01
1.000000000000000000e+00,1.187084923031098027e+00
1.000000000000000000e+00,1.598537767320697744e+00
1.000000000000000000e+00,1.223529338779877698e-02
1.000000000000000000e+00,9.323355651207824168e-01
1.000000000000000000e+00,1.049673082141332481e+00
1.000000000000000000e+00,8.304077661487406781e-01
1.000000000000000000e+00,7.623108140579103464e-01
1.000000000000000000e+00,1.301751894223435402e+00
1.000000000000000000e+00,-5.773860099270158863e-02
1.000000000000000000e+00,1.229086914716092549e+00
1.000000000000000000e+00,1.427122804487463981e-01
1.000000000000000000e+00,1.179471398334792864e+00
1.000000000000000000e+00,-6.002780562068320558e-01
1.000000000000000000e+00,1.548334477393505937e+00
1.000000000000000000e+00,5.602910798062376019e-01
1.000000000000000000e+00,1.042850538945446992e+00
1.000000000000000000e+00,3.485934028427996045e-01
1.000000000000000000e+00,5.008075229492594538e-01
1.000000000000000000e+00,1.040783061885510064e+00
1.000000000000000000e+00,1.409992686982804777e+00
1.000000000000000000e+00,4.818230929264786244e-01
1.000000000000000000e+00,1.003678600407810428e+00
1.000000000000000000e+00,2.008017870370289726e-01
1.000000000000000000e+00,-1.127822512402232302e+00
1.000000000000000000e+00,-1.326462971078641861e-01
1.000000000000000000e+00,1.322389082276375083e+00
1.000000000000000000e+00,1.370171794009740873e+00
1.000000000000000000e+00,1.062885969249172335e+00
1.000000000000000000e+00,1.381813040134585897e-02
1.000000000000000000e+00,1.747962475870705079e+00
1.000000000000000000e+00,6.954641371453677001e-01
1.000000000000000000e+00,5.765236808189947437e-01
1.000000000000000000e+00,1.643021423530202918e-01
1.000000000000000000e+00,4.626140416378327069e-01
1.000000000000000000e+00,5.774435791937921891e-01
1.000000000000000000e+00,1.063991595324344619e+00
1.000000000000000000e+00,5.185779493211198909e-01
1.000000000000000000e+00,2.367805201472805710e-01
1.000000000000000000e+00,-1.665815885076391833e-01
1.000000000000000000e+00,7.083925331168687833e-01
1.000000000000000000e+00,6.692953226657358812e-01
1.000000000000000000e+00,3.805975631650305724e-01
1.000000000000000000e+00,-4.305999457413921261e-02
1.000000000000000000e+00,-7.885950192280293258e-01
1.000000000000000000e+00,-2.172806097747136123e-03
1.000000000000000000e+00,-1.597945207717991423e+00
1.000000000000000000e+00,1.251805564032291596e+00
1.000000000000000000e+00,9.991761239443714970e-01
1.000000000000000000e+00,4.367825960633522908e-01
1.000000000000000000e+00,5.664917629606328608e-01
1.000000000000000000e+00,1.746786928778921055e+00
1.000000000000000000e+00,1.072319188402796497e+00
1.000000000000000000e+00,5.946868813440916307e-02
1.000000000000000000e+00,2.215718250215308327e-01
1.000000000000000000e+00,1.795178390363162402e+00
1.000000000000000000e+00,-2.804855466062015079e-01
1.000000000000000000e+00,1.228303362323687864e+00
1.000000000000000000e+00,2.849718328214710938e-01
1.000000000000000000e+00,7.676130121488453639e-01
1.000000000000000000e+00,2.905541519852066767e-01
1.000000000000000000e+00,-5.827610935201890108e-01
1.000000000000000000e+00,1.316872751072066583e+00
1.000000000000000000e+00,7.128552420021097014e-01
1.000000000000000000e+00,-2.798160528721446161e-01
1.000000000000000000e+00,8.441773993513511654e-01
1.000000000000000000e+00,5.242249454252213559e-01
1.000000000000000000e+00,5.877621732202620297e-01
1.000000000000000000e+00,4.398682979276968275e-01
1.000000000000000000e+00,1.973739186535260259e+00
1.000000000000000000e+00,1.158065079099124706e+00
1.000000000000000000e+00,1.145489784261512600e+00
1.000000000000000000e+00,9.929736927645609335e-01
1.000000000000000000e+00,4.886386440207028947e-01
1.000000000000000000e+00,-2.495753793222369159e-03
1.000000000000000000e+00,5.935393972178027999e-01
1.000000000000000000e+00,1.317429934173190986e+00
1.000000000000000000e+00,-6.455825049076675537e-01
1.000000000000000000e+00,8.230931537984504942e-01
1.000000000000000000e+00,7.689256846768793840e-02
1.000000000000000000e+00,9.008230369466023735e-01
1.000000000000000000e+00,-9.898894174912062360e-02
1.000000000000000000e+00,-6.276810711885105754e-02
1.000000000000000000e+00,1.200933654383750326e+00
1.000000000000000000e+00,-4.289838016861040604e-01
1.000000000000000000e+00,-7.359506118083819493e-01
1.000000000000000000e+00,5.038648194006055681e-01
1.000000000000000000e+00,2.064610193190374587e-01
1.000000000000000000e+00,-1.851364412846120133e-01
1.000000000000000000e+00,8.129969960060766665e-01
1.000000000000000000e+00,4.298044786055058575e-01
1.000000000000000000e+00,5.170825135783374549e-01
1.000000000000000000e+00,3.731238805019487792e-01
1.000000000000000000e+00,3.748159691039516517e-01
1.000000000000000000e+00,-4.553488320186023786e-01
1.000000000000000000e+00,1.240027274225202203e-01
1.000000000000000000e+00,1.076576067295387018e+00
1.000000000000000000e+00,5.596651921487125203e-02
1.000000000000000000e+00,6.661514989563328548e-01
1.000000000000000000e+00,3.749588701816517489e-01
1.000000000000000000e+00,1.103581311936236098e+00
1.000000000000000000e+00,4.677453702444229200e-01
1.000000000000000000e+00,5.530280342056984599e-01
1.000000000000000000e+00,6.219298574414204583e-02
1.000000000000000000e+00,-9.627906534906389979e-02
1.000000000000000000e+00,1.581604645122762109e+00
1.000000000000000000e+00,2.481632246453095159e-01
1.000000000000000000e+00,-2.843006120750767307e-01
1.000000000000000000e+00,1.860157739125819276e+00
1.000000000000000000e+00,2.081947203818093062e+00
1.000000000000000000e+00,-1.749861892632145061e-02
1.000000000000000000e+00,9.669053897463084635e-01
1.000000000000000000e+00,-3.642973417393591956e-02
1.000000000000000000e+00,7.767586811216541376e-01
1.000000000000000000e+00,1.635810913250973053e+00
1.000000000000000000e+00,1.500734871322391806e+00
1.000000000000000000e+00,4.263420772641658418e-01
1.000000000000000000e+00,1.385017242296613382e-01
1.000000000000000000e+00,9.658669680907744359e-02
1.000000000000000000e+00,1.110983325557290735e+00
1.000000000000000000e+00,-1.101946586738512396e-01
1.000000000000000000e+00,-4.159776185836224771e-01
1.000000000000000000e+00,9.635701572539309145e-01
1.000000000000000000e+00,1.179533453237035623e+00
1.000000000000000000e+00,1.407754682886026565e-01
1.000000000000000000e+00,8.156837110693807569e-01
1.000000000000000000e+00,8.009740771996969322e-01
1.000000000000000000e+00,3.599206075338930444e-01
1.000000000000000000e+00,3.541848991399655366e-01
1.000000000000000000e+00,-5.752301630247563802e-01
1.000000000000000000e+00,1.618056219107850247e+00
1.000000000000000000e+00,8.362452970231090132e-01
1.000000000000000000e+00,7.165400795775456189e-01
1.000000000000000000e+00,8.129856338408771865e-01
1.000000000000000000e+00,1.083107127253272406e+00
1.000000000000000000e+00,-1.116909684293413557e-01
1.000000000000000000e+00,6.394303084454687758e-01
1.000000000000000000e+00,5.848049512239414938e-01
1.000000000000000000e+00,1.924705325610898798e+00
1.000000000000000000e+00,2.635278364805236292e-02
1.000000000000000000e+00,6.711692059109291009e-01
1.000000000000000000e+00,9.451617016054888465e-01
1.000000000000000000e+00,6.264912581868286277e-03
1.000000000000000000e+00,-9.022913993085256434e-01
1.000000000000000000e+00,1.092657027103367540e+00
1.000000000000000000e+00,1.247561795330315970e+00
1.000000000000000000e+00,-1.976387560611356231e-01
1.000000000000000000e+00,4.546831557698015336e-02
1.000000000000000000e+00,-4.921867196204701145e-01
1.000000000000000000e+00,-4.315351393385734313e-02
1.000000000000000000e+00,1.178364024234205276e+00
1.000000000000000000e+00,1.784814347675895085e+00
1.000000000000000000e+00,-9.084558109355536093e-01
1.000000000000000000e+00,1.575347588148723776e+00
1.000000000000000000e+00,1.210914879505068820e+00
1.000000000000000000e+00,-7.872000949466261277e-01
1.000000000000000000e+00,8.551008101715120713e-01
1.000000000000000000e+00,-8.144688544188305457e-01
1.000000000000000000e+00,1.084093013587497101e+00
1.000000000000000000e+00,-1.808734443030681760e-01
1.000000000000000000e+00,4.132192134652135085e-01
1.000000000000000000e+00,1.303920319751105339e+00
1.000000000000000000e+00,2.022299238013226808e-01
1.000000000000000000e+00,1.849484295940045042e+00
1.000000000000000000e+00,3.508907452448473685e-01
1.000000000000000000e+00,6.605394633605372601e-01
1.000000000000000000e+00,1.408882253837740350e+00
1.000000000000000000e+00,2.075133306190433402e-01
1.000000000000000000e+00,3.574606987682230619e-01
1.000000000000000000e+00,-1.658714531826767369e-01
1.000000000000000000e+00,-6.534477452637746930e-01
1.000000000000000000e+00,3.191444186713719988e-01
1.000000000000000000e+00,-6.432550090672058962e-01
1.000000000000000000e+00,5.833685113389250887e-01
1.000000000000000000e+00,-2.327474095209255134e-01
1.000000000000000000e+00,-8.377762458524794231e-02
1.000000000000000000e+00,6.352617048363506935e-01
1.000000000000000000e+00,2.500135095473963176e-01
1.000000000000000000e+00,5.007485270914934228e-01
1.000000000000000000e+00,1.395234545407846527e+00
1.000000000000000000e+00,6.072190071115256549e-01
1.000000000000000000e+00,8.710926206833127239e-01
1.000000000000000000e+00,5.616099649820754935e-01
1.000000000000000000e+00,4.586250476401358966e-01
1.000000000000000000e+00,1.805710148931447545e-01
1.000000000000000000e+00,1.395562205614363505e-01
1.000000000000000000e+00,1.560235908433522667e+00
1.000000000000000000e+00,2.040374789378906151e+00
1.000000000000000000e+00,3.599402728198150547e-01
1.000000000000000000e+00,-2.601560110263533288e-01
1.000000000000000000e+00,-1.131867880219572298e+00
1.000000000000000000e+00,-1.177556894511772034e+00
1.000000000000000000e+00,-1.299233010613077166e+00
1.000000000000000000e+00,3.880358483134526693e-01
1.000000000000000000e+00,-6.144051606068697824e-01
1.000000000000000000e+00,8.156837110693807569e-01
1.000000000000000000e+00,1.244340526937435659e-01
1.000000000000000000e+00,1.147687831662392022e-01
1.000000000000000000e+00,4.857054573738425751e-01
1.000000000000000000e+00,8.590190091398894889e-01
1.000000000000000000e+00,-4.112317295811041551e-01
1.000000000000000000e+00,6.414947264609288657e-01
1.000000000000000000e+00,2.146006051064951181e-02
1.000000000000000000e+00,6.649837234200672853e-02
1.000000000000000000e+00,7.665694409759159500e-01
1.000000000000000000e+00,-1.311729207300647237e+00
1.000000000000000000e+00,-3.607338973714355745e-01
1.000000000000000000e+00,4.674591310826688439e-01
1.000000000000000000e+00,1.893450631185474409e+00
1.000000000000000000e+00,6.044365876567342477e-01
1.000000000000000000e+00,8.521632534611135457e-01
1.000000000000000000e+00,3.569629485312186268e-01
1.000000000000000000e+00,1.159993151132191924e+00
1.000000000000000000e+00,-1.009941796483880161e+00
1.000000000000000000e+00,5.322641143101501937e-01
1.000000000000000000e+00,7.640452922762339671e-01
1.000000000000000000e+00,2.149554708792641655e+00
1.000000000000000000e+00,1.976754435817788813e-01
1.000000000000000000e+00,-5.601639319703529685e-01
1.000000000000000000e+00,1.072623344825057501e+00
1.000000000000000000e+00,4.405391026808151977e-01
1.000000000000000000e+00,-3.716743514393955894e-01
1.000000000000000000e+00,-4.118313022985493621e-01
1.000000000000000000e+00,1.904984882329429363e-01
1.000000000000000000e+00,4.171378494399447523e-01
1.000000000000000000e+00,1.169472598400470992e-01
1.000000000000000000e+00,3.863887713658936129e-01
1.000000000000000000e+00,7.235570906008823577e-01
1.000000000000000000e+00,5.080600803973067681e-01
1.000000000000000000e+00,1.159018189956812606e+00
1.000000000000000000e+00,1.890598633161574837e-01
1.000000000000000000e+00,-2.256701861796116954e-02
1.000000000000000000e+00,5.103255213355254449e-01
1.000000000000000000e+00,2.847349753776989845e-01
1.000000000000000000e+00,1.057936872292126296e+00
1.000000000000000000e+00,8.907850009992869245e-01
1.000000000000000000e+00,1.030375318562860354e+00
1.000000000000000000e+00,-1.486735051343244796e-01
1.000000000000000000e+00,-9.528662391953175714e-02
1.000000000000000000e+00,3.760159885515497180e-01
1.000000000000000000e+00,-8.265066314412402582e-01
1.000000000000000000e+00,9.087595093383826761e-01
1.000000000000000000e+00,-5.639217496068773539e-01
1.000000000000000000e+00,9.451136309065683028e-01
1.000000000000000000e+00,-4.670025750148520949e-02
1.000000000000000000e+00,-1.342877875316739883e-02
1.000000000000000000e+00,8.354556265417507621e-01
1.000000000000000000e+00,1.049673082141332481e+00
1.000000000000000000e+00,-1.024989767830273429e-01
1.000000000000000000e+00,1.730615945662052901e+00
1.000000000000000000e+00,5.324931056395534323e-01
1.000000000000000000e+00,6.174729241976296690e-01
1.000000000000000000e+00,1.145907125329413523e+00
1.000000000000000000e+00,-3.719767598362411776e-01
1.000000000000000000e+00,6.485163784195103337e-03
1.000000000000000000e+00,-6.427559478111399827e-01
1.000000000000000000e+00,7.542257595058300401e-01
1.000000000000000000e+00,2.234150232631059926e-02
1.000000000000000000e+00,1.106452006674499611e+00
1.000000000000000000e+00,1.618134880251538510e+00
1.000000000000000000e+00,6.925063835838428383e-02
1.000000000000000000e+00,1.361029963535266285e-01
1.000000000000000000e+00,3.202468911432171383e-02
1.000000000000000000e+00,1.190867650029790337e+00
1.000000000000000000e+00,6.920633536999166724e-01
1.000000000000000000e+00,9.334547383929232556e-01
1.000000000000000000e+00,1.225489041405067425e+00
1.000000000000000000e+00,-8.282883063457767703e-01
1.000000000000000000e+00,6.284518348247261077e-01
1.000000000000000000e+00,-7.562308602290986059e-02
1.000000000000000000e+00,1.107951812480820308e+00
1.000000000000000000e+00,2.036816683646078818e+00
1.000000000000000000e+00,3.093847557714418661e-01
1.000000000000000000e+00,-1.135529993464609255e+00
1.000000000000000000e+00,-1.010808817089865030e+00
1.000000000000000000e+00,1.001611997360581263e+00
1.000000000000000000e+00,1.436175922672112693e+00
1.000000000000000000e+00,-2.176160645198024490e-01
1.000000000000000000e+00,1.305549479438157690e+00
1.000000000000000000e+00,-7.847445562444943512e-01
1.000000000000000000e+00,5.824018532842685225e-01
1.000000000000000000e+00,1.513529543349622974e+00
1.000000000000000000e+00,3.642474074430950282e-01
1.000000000000000000e+00,-5.427015950779376929e-01
1.000000000000000000e+00,1.558392615633097167e+00
1.000000000000000000e+00,-6.933643426283258027e-01
1.000000000000000000e+00,-8.344068323056532677e-01
1.000000000000000000e+00,7.740605093343001786e-02
1.000000000000000000e+00,1.460697223197831685e+00
1.000000000000000000e+00,-5.772680182114837272e-02
1.000000000000000000e+00,-3.716743514393955894e-01
1.000000000000000000e+00,9.820647031540762351e-01
1.000000000000000000e+00,-1.729483340764871868e-01
1.000000000000000000e+00,1.296168701046992000e+00
1.000000000000000000e+00,-1.227463551683568299e-01
1.000000000000000000e+00,1.713844515815031944e+00
1.000000000000000000e+00,-4.095746014874071528e-01
1.000000000000000000e+00,9.635701572539309145e-01
1.000000000000000000e+00,7.984127829599400039e-01
1.000000000000000000e+00,3.580471612950535953e-01
1.000000000000000000e+00,3.456012203381731984e-01
1.000000000000000000e+00,1.122085471976165483e+00
1.000000000000000000e+00,1.334716157505015488e+00
1.000000000000000000e+00,1.238529311003147226e+00
1.000000000000000000e+00,1.481663040028846190e+00
1.000000000000000000e+00,7.655433500571393601e-01
1.000000000000000000e+00,-9.123233171668875263e-01
1.000000000000000000e+00,3.910726054661690654e-01
1.000000000000000000e+00,7.556163137236950877e-01
1.000000000000000000e+00,1.280370047343581286e+00
1.000000000000000000e+00,3.432632363452198798e-01
1.000000000000000000e+00,2.207499129271454752e+00
1.000000000000000000e+00,1.179471398334792864e+00
1.000000000000000000e+00,-5.381645951125468841e-01
1.000000000000000000e+00,1.597405046851588351e+00
1.000000000000000000e+00,1.712052789764357374e+00
1.000000000000000000e+00,2.634309156288253684e-01
1.000000000000000000e+00,1.076486480992853156e+00
1.000000000000000000e+00,1.354186444034397308e-01
1.000000000000000000e+00,-4.981549153946314701e-01
1.000000000000000000e+00,-8.453713217230736099e-01
1.000000000000000000e+00,2.186333163530389090e+00
1.000000000000000000e+00,-2.750033018974913923e-01
1.000000000000000000e+00,9.468240737754317626e-01
1.000000000000000000e+00,1.688637115313810888e+00
1.000000000000000000e+00,8.590190091398894889e-01
1.000000000000000000e+00,-3.973803761903287879e-01
1.000000000000000000e+00,3.895203588973895625e-01
1.000000000000000000e+00,-6.216904935314537806e-01
1.000000000000000000e+00,-2.909527227929711857e-01
1.000000000000000000e+00,4.938119252372601409e-01
1.000000000000000000e+00,3.453971383709378284e-01
1.000000000000000000e+00,3.793621462027728097e-01
1.000000000000000000e+00,4.952767705352749683e-01
1.000000000000000000e+00,7.825053146744271881e-01
1.000000000000000000e+00,4.432682073604401474e-01
1.000000000000000000e+00,1.436175922672112693e+00
1.000000000000000000e+00,1.533315348466464945e-01
1.000000000000000000e+00,1.207712059937899651e+00
1.000000000000000000e+00,9.220091049799437055e-01
1.000000000000000000e+00,2.232381302486581010e-01
1.000000000000000000e+00,1.130167467483768950e+00
1.000000000000000000e+00,2.947651452106455627e-01
1.000000000000000000e+00,1.545749147804288626e+00
1.000000000000000000e+00,-6.484913137575641640e-02
1.000000000000000000e+00,7.262267624163873947e-01
1.000000000000000000e+00,-4.115989094771659723e-02
1.000000000000000000e+00,2.430935139346083185e-01
1.000000000000000000e+00,-6.407229942531551536e-01
1.000000000000000000e+00,3.705375823411735658e-02
1.000000000000000000e+00,-5.742439342430281923e-02
1.000000000000000000e+00,1.200933654383750326e+00
1.000000000000000000e+00,5.584320547770743604e-01
1.000000000000000000e+00,-1.337187107001459319e-01
1.000000000000000000e+00,-1.511320060237771434e+00
1.000000000000000000e+00,1.060939105942890537e+00
1.000000000000000000e+00,5.369632436328094505e-01
1.000000000000000000e+00,3.130660972960472299e-01
1.000000000000000000e+00,1.038014189627687323e+00
1.000000000000000000e+00,7.422133288519421335e-01
1.000000000000000000e+00,-7.072599282196877224e-02
1.000000000000000000e+00,8.086562118935523014e-01
1.000000000000000000e+00,4.163114704248653819e-01
1.000000000000000000e+00,2.082938239669712976e-01
1.000000000000000000e+00,8.433483982981487825e-01
1.000000000000000000e+00,-1.977318384144999275e-01
1.000000000000000000e+00,4.457988165965789951e-02
1.000000000000000000e+00,1.635164049288464483e-01
1.000000000000000000e+00,8.862305207797430695e-01
1.000000000000000000e+00,9.975963459753011131e-01
1.000000000000000000e+00,1.749949980767892210e+00
1.000000000000000000e+00,1.004158870390661873e+00
1.000000000000000000e+00,-1.336155772006437092e-01
1.000000000000000000e+00,8.871346869258029955e-01
1.000000000000000000e+00,-5.500363097205037688e-01
1.000000000000000000e+00,5.287951578735028413e-01
1.000000000000000000e+00,8.441773993513511654e-01
1.000000000000000000e+00,6.950759809443224357e-02
1.000000000000000000e+00,-3.532409864287855972e-01
1.000000000000000000e+00,1.466799579922616781e+00
1.000000000000000000e+00,-2.836958898402361026e-02
1.000000000000000000e+00,-5.178613744727784962e-02
1.000000000000000000e+00,2.823122121521040029e-01
1.000000000000000000e+00,1.434705833297851951e+00
1.000000000000000000e+00,9.790725206494498289e-01
1.000000000000000000e+00,1.402047474463947951e+00
1.000000000000000000e+00,4.468748207985417942e-01
1.000000000000000000e+00,1.055367711938000497e+00
1.000000000000000000e+00,-1.017530069370514018e-01
1.000000000000000000e+00,-8.879108312232706357e-01
1.000000000000000000e+00,1.276663359450454172e+00
1.000000000000000000e+00,5.011217305176582926e-01
1.000000000000000000e+00,8.811576564657147559e-02
1.000000000000000000e+00,-2.073735095988978594e-01
1.000000000000000000e+00,1.614854710559742612e+00
1.000000000000000000e+00,1.101606480223309648e+00
1.000000000000000000e+00,1.530057997663918368e+00
1.000000000000000000e+00,1.007980490954844432e+00
1.000000000000000000e+00,1.048329287603326554e+00
1.000000000000000000e+00,3.299065741469722202e-01
1.000000000000000000e+00,1.115193007763668254e+00
1.000000000000000000e+00,1.804093225422302160e-01
1.000000000000000000e+00,1.530710790597679394e-01
1.000000000000000000e+00,8.129969960060766665e-01
1.000000000000000000e+00,8.486706986813596920e-01
1.000000000000000000e+00,1.890598633161574837e-01
1.000000000000000000e+00,2.837386008909824064e-01
1.000000000000000000e+00,3.045112609136071957e-01
1.000000000000000000e+00,6.289281717503932834e-01
1.000000000000000000e+00,1.940963615439681156e-01
1.000000000000000000e+00,-2.512402073956554460e-01
1.000000000000000000e+00,1.106873280799585135e+00
1.000000000000000000e+00,1.734082280060577297e+00
1.000000000000000000e+00,9.209052269301867266e-01
1.000000000000000000e+00,2.546759303363343996e-01
1.000000000000000000e+00,-3.556803558958258615e-01
1.000000000000000000e+00,1.244924898991347506e+00
1.000000000000000000e+00,6.095377628249107893e-01
1.000000000000000000e+00,-4.564094464393309014e-01
1.000000000000000000e+00,1.163498721543709952e-01
1.000000000000000000e+00,-4.774705306554789530e-01
1.000000000000000000e+00,1.181992830437501307e-01
1.000000000000000000e+00,8.383625928073816791e-01
1.000000000000000000e+00,-2.601560110263533288e-01
1.000000000000000000e+00,-1.107928672157145522e+00
1.000000000000000000e+00,1.094242923161391268e+00
1.000000000000000000e+00,-4.890739233621885229e-01
1.000000000000000000e+00,1.249228974570150807e+00
1.000000000000000000e+00,1.252464569613856549e+00
1.000000000000000000e+00,-5.905371845801162811e-01
1.000000000000000000e+00,8.721300737672885717e-01
1.000000000000000000e+00,-9.164128305058715602e-04
1.000000000000000000e+00,6.360880838514301194e-01
1.000000000000000000e+00,-3.574580977431779938e-01
1.000000000000000000e+00,2.547738197595907361e-01
1.000000000000000000e+00,-2.411187032347598402e-01
1.000000000000000000e+00,-6.046246159608065218e-02
1.000000000000000000e+00,-2.240492350544315558e-01
1.000000000000000000e+00,1.374486794747389773e+00
1.000000000000000000e+00,4.240402702397293860e-02
1.000000000000000000e+00,8.359896483061225458e-01
1.000000000000000000e+00,1.755664181291632098e-01
1.000000000000000000e+00,-6.276810711885105754e-02
1.000000000000000000e+00,1.434092276377084474e+00
1.000000000000000000e+00,-6.305748327046764024e-01
1.000000000000000000e+00,9.949699377888245877e-01
1.000000000000000000e+00,8.033041950782814355e-01
1.000000000000000000e+00,6.715013307398346454e-01
1.000000000000000000e+00,3.349592416098742809e-01
1.000000000000000000e+00,2.774483314340534523e-01
1.000000000000000000e+00,9.210647342493321066e-01
1.000000000000000000e+00,-5.965530140468443543e-01
1.000000000000000000e+00,-7.263561373101968810e-01
1.000000000000000000e+00,-9.603433233503794186e-01
1.000000000000000000e+00,4.796048486744728390e-01
1.000000000000000000e+00,1.317498107164387422e+00
1.000000000000000000e+00,1.405745422229998542e+00
1.000000000000000000e+00,7.268036108034338083e-01
1.000000000000000000e+00,6.434000741635973464e-01
1.000000000000000000e+00,1.484401321841901433e+00
1.000000000000000000e+00,1.031815691505061139e+00
1.000000000000000000e+00,2.457168630766080886e-01
1.000000000000000000e+00,1.731977657460565645e+00
1.000000000000000000e+00,8.365809179028450560e-01
1.000000000000000000e+00,4.076219415265974755e-02
1.000000000000000000e+00,-7.328959373951587919e-01
1.000000000000000000e+00,1.500198227519897065e+00
1.000000000000000000e+00,2.073586398256750396e+00
1.000000000000000000e+00,1.437455477276106564e+00
1.000000000000000000e+00,-2.306397278764369674e-01
1.000000000000000000e+00,-2.625630420232106799e-01
1.000000000000000000e+00,2.546759303363343996e-01
1.000000000000000000e+00,1.293053719756941389e+00
1.000000000000000000e+00,3.329944610430858876e-01
1.000000000000000000e+00,8.611332458796854272e-01
1.000000000000000000e+00,-2.864131007894573644e-01
1.000000000000000000e+00,1.829002587590216056e-01
1.000000000000000000e+00,1.296064598975931736e-01
1.000000000000000000e+00,1.471310359506778243e+00
1.000000000000000000e+00,-2.481606236202644478e-01
1.000000000000000000e+00,5.776603343452885175e-01
1.000000000000000000e+00,-2.074042661783127330e-03
1.000000000000000000e+00,3.724998354286894742e-01
1.000000000000000000e+00,7.031502048964074492e-01
1.000000000000000000e+00,2.074642913485647347e-02
1.000000000000000000e+00,7.645028379286867848e-01
1.000000000000000000e+00,1.792038062704589985e+00
1.000000000000000000e+00,1.425050614916485658e+00
1.000000000000000000e+00,-6.213435104865182579e-01
1.000000000000000000e+00,6.650747153005128753e-01
1.000000000000000000e+00,8.540345146681838084e-01
1.000000000000000000e+00,7.658103609393253075e-01
1.000000000000000000e+00,-2.394729373062622346e-01
1.000000000000000000e+00,1.084148076388078863e+00
1.000000000000000000e+00,-2.287553564787519755e-01
1.000000000000000000e+00,8.423279884619719882e-01
1.000000000000000000e+00,1.665956485550394772e+00
1.000000000000000000e+00,1.750413207502944601e+00
1.000000000000000000e+00,1.337798800324883297e+00
1.000000000000000000e+00,3.024066383135954328e-01
1.000000000000000000e+00,-8.647744038328168958e-01
1.000000000000000000e+00,-1.162652792814636848e+00
1.000000000000000000e+00,1.116022008816870636e+00
1.000000000000000000e+00,9.108549548049642564e-01
1.000000000000000000e+00,1.167514809935343845e-01
1.000000000000000000e+00,-4.293583161313304086e-01
1.000000000000000000e+00,5.950426990749539957e-01
1.000000000000000000e+00,2.098567429466691170e+00
1.000000000000000000e+00,1.013290992166502091e+00
1.000000000000000000e+00,1.136260210068769760e+00
1.000000000000000000e+00,2.152133825734054706e-01
1.000000000000000000e+00,1.231925707990527252e+00
1.000000000000000000e+00,6.661514989563328548e-01
1.000000000000000000e+00,1.324143225780620714e+00
1.000000000000000000e+00,-7.239342480973095517e-01
1.000000000000000000e+00,1.758723225768393239e-01
1.000000000000000000e+00,6.913614269368265064e-02
1.000000000000000000e+00,1.696667544071663203e+00
1.000000000000000000e+00,8.236389747343755285e-01
1.000000000000000000e+00,7.860232158227027366e-01
1.000000000000000000e+00,8.481025904213898015e-01
1.000000000000000000e+00,2.071449342627705026e-01
1.000000000000000000e+00,2.783730368787430409e-01
1.000000000000000000e+00,-8.968026940633586075e-02
1.000000000000000000e+00,1.130663469695357914e+00
1.000000000000000000e+00,6.014072596120328962e-01
1.000000000000000000e+00,-7.796997548959611057e-01
1.000000000000000000e+00,1.418439582795850473e+00
1.000000000000000000e+00,2.707804884874213669e-01
1.000000000000000000e+00,-1.089585330455423051e+00
1.000000000000000000e+00,1.837619573433749265e+00
1.000000000000000000e+00,5.358484404242068733e-01
1.000000000000000000e+00,9.083525618641230537e-02
1.000000000000000000e+00,4.145922874289255100e-01
1.000000000000000000e+00,5.067473133104223315e-01
1.000000000000000000e+00,7.230715765417849994e-01
1.000000000000000000e+00,-1.516831678931038208e-01
1.000000000000000000e+00,9.497826067908137215e-01
1.000000000000000000e+00,1.600451855150442526e+00
1.000000000000000000e+00,-9.207278233636124742e-01
1.000000000000000000e+00,-1.148216819481296669e-01
1.000000000000000000e+00,-1.607850830740098491e+00
1.000000000000000000e+00,1.992447333983574376e-01
1.000000000000000000e+00,1.001482206473495618e+00
1.000000000000000000e+00,2.898086191455845895e-01
1.000000000000000000e+00,-1.363787683758668490e-01
1.000000000000000000e+00,1.437541130521456045e+00
1.000000000000000000e+00,4.341019990890017111e-01
1.000000000000000000e+00,1.148078609901560299e+00
1.000000000000000000e+00,1.527707777493057861e+00
1.000000000000000000e+00,9.752207466468534314e-01
1.000000000000000000e+00,7.598902358640844401e-01
