label,score
0.000000000000000000e+00,-1.315147621986574755e+00
0.000000000000000000e+00,-1.590706984876486318e+00
0.000000000000000000e+00,-1.429766340908829703e+00
0.000000000000000000e+00,-1.307233319320307841e+00
0.000000000000000000e+00,-1.931431386872270783e+00
0.000000000000000000e+00,-1.481072196587900125e+00
0.000000000000000000e+00,-8.104400217300826714e-01
0.000000000000000000e+00,-1.789580813746777688e+00
0.000000000000000000e+00,-8.865202389693414009e-01
0.000000000000000000e+00,-1.720352673395121101e+00
0.000000000000000000e+00,-1.266877309209277103e+00
0.000000000000000000e+00,-1.583593149381160137e+00
0.000000000000000000e+00,-6.556386298700663806e-01
0.000000000000000000e+00,-1.423621635496862048e+00
0.000000000000000000e+00,-1.381222973393415598e+00
0.000000000000000000e+00,-8.359018891572836951e-01
0.000000000000000000e+00,-1.617925984862380595e+00
0.000000000000000000e+00,-1.311643873956105599e+00
0.000000000000000000e+00,-1.274700853310663629e+00
0.000000000000000000e+00,-1.625583592703513602e+00
0.000000000000000000e+00,-9.221778378804256215e-01
0.000000000000000000e+00,-1.205441161698254549e+00
0.000000000000000000e+00,-1.464592310909958339e+00
0.000000000000000000e+00,-5.355031145769904022e-01
0.000000000000000000e+00,-1.532617608135646181e+00
0.000000000000000000e+00,-7.695756857513741389e-01
0.000000000000000000e+00,-1.825128178006097279e+00
0.000000000000000000e+00,-1.218934973735109617e+00
0.000000000000000000e+00,-1.348421737384769337e+00
0.000000000000000000e+00,-1.526701162461961303e+00
0.000000000000000000e+00,-9.605344329119234192e-01
0.000000000000000000e+00,-7.514095604709976062e-01
0.000000000000000000e+00,-9.325223666681040635e-01
0.000000000000000000e+00,-1.630985480161717627e+00
0.000000000000000000e+00,-1.048699172541095903e+00
0.000000000000000000e+00,-1.221420511943272391e+00
0.000000000000000000e+00,-1.376660894801658541e+00
0.000000000000000000e+00,-6.590391546400491407e-01
0.000000000000000000e+00,-1.585312498331298059e+00
0.000000000000000000e+00,-1.293302074372033372e+00
0.000000000000000000e+00,-8.871921639668466364e-01
0.000000000000000000e+00,-1.770279622122789442e+00
0.000000000000000000e+00,-5.775114758992772046e-01
0.000000000000000000e+00,-6.695998679921423280e-01
0.000000000000000000e+00,-1.549594134029135262e+00
0.000000000000000000e+00,1.546250127736573943e-01
0.000000000000000000e+00,-4.772540339236997498e-01
0.000000000000000000e+00,-8.133411796323543053e-01
0.000000000000000000e+00,-1.001161550152382285e+00
0.000000000000000000e+00,-1.105259286939787922e+00
0.000000000000000000e+00,-1.212839737583827793e+00
0.000000000000000000e+00,-8.320055032152289254e-01
0.000000000000000000e+00,-1.422863626195328690e+00
0.000000000000000000e+00,-1.099562531526157017e+00
0.000000000000000000e+00,-9.022397782153237511e-01
0.000000000000000000e+00,-1.164246121764252351e+00
0.000000000000000000e+00,-9.319049747138746786e-01
0.000000000000000000e+00,-1.612594600838697323e+00
0.000000000000000000e+00,-2.083165405744190901e-01
0.000000000000000000e+00,-1.439845605393145211e+00
0.000000000000000000e+00,-1.092863536681464520e+00
0.000000000000000000e+00,-1.418417625081401567e+00
0.000000000000000000e+00,-1.865354087856741394e+00
0.000000000000000000e+00,-8.100699760792826609e-01
0.000000000000000000e+00,-1.393081962697210185e+00
0.000000000000000000e+00,-1.127756893943212324e+00
0.000000000000000000e+00,-9.905276067136044027e-01
0.000000000000000000e+00,-8.085485041718882826e-01
0.000000000000000000e+00,-1.421382275026915831e+00
0.000000000000000000e+00,-5.805248160620020137e-01
0.000000000000000000e+00,-6.192534043529881460e-01
0.000000000000000000e+00,-1.456764482069457189e+00
0.000000000000000000e+00,-1.518135579450286432e+00
0.000000000000000000e+00,-1.418054201300142259e+00
0.000000000000000000e+00,-9.476673613510022687e-01
0.000000000000000000e+00,-1.379242644879029367e+00
0.000000000000000000e+00,-1.617499458559616299e+00
0.000000000000000000e+00,-1.523081726475399966e+00
0.000000000000000000e+00,-2.095053609178311738e-01
0.000000000000000000e+00,-1.115712881814017843e+00
0.000000000000000000e+00,-1.272338793493346776e+00
0.000000000000000000e+00,-1.145297057791130557e+00
0.000000000000000000e+00,-5.884535310325632596e-01
0.000000000000000000e+00,-9.351181395280313557e-01
0.000000000000000000e+00,-1.666639183855425088e+00
0.000000000000000000e+00,-9.320471501481293330e-01
0.000000000000000000e+00,-1.012777088370124146e+00
0.000000000000000000e+00,-1.085143994884039786e+00
0.000000000000000000e+00,-1.597875353415088018e+00
0.000000000000000000e+00,-1.228492668612666039e+00
0.000000000000000000e+00,-1.101465734736481794e+00
0.000000000000000000e+00,-8.791812599096340275e-01
0.000000000000000000e+00,-7.641079691195015178e-01
0.000000000000000000e+00,-9.345373626171442627e-01
0.000000000000000000e+00,-1.576991924492626707e+00
0.000000000000000000e+00,-2.132365201452305126e+00
0.000000000000000000e+00,-9.324654964944021351e-01
0.000000000000000000e+00,-1.384149171383065868e-01
0.000000000000000000e+00,-2.146504256247633968e+00
0.000000000000000000e+00,-1.396270198120155070e+00
0.000000000000000000e+00,-1.809083388109148816e+00
0.000000000000000000e+00,-7.614580527380360175e-01
0.000000000000000000e+00,-2.209401610492876256e-01
0.000000000000000000e+00,-9.915130967099453629e-01
0.000000000000000000e+00,-1.192385172094556633e+00
0.000000000000000000e+00,-1.446749488671859485e+00
0.000000000000000000e+00,-8.881885605718427001e-01
0.000000000000000000e+00,-1.349838817466464391e+00
0.000000000000000000e+00,-6.041380133221539994e-01
0.000000000000000000e+00,-1.507246499273325435e+00
0.000000000000000000e+00,-1.099440221700524134e+00
0.000000000000000000e+00,3.956400298787861036e-01
0.000000000000000000e+00,-1.629675518557885727e+00
0.000000000000000000e+00,-1.506509913667364753e+00
0.000000000000000000e+00,-1.417490563345713106e+00
0.000000000000000000e+00,-7.040176192121777587e-01
0.000000000000000000e+00,-6.341191119499667295e-01
0.000000000000000000e+00,-1.240458776394323781e+00
0.000000000000000000e+00,-7.762992204655405626e-01
0.000000000000000000e+00,-1.260635612884625889e+00
0.000000000000000000e+00,-9.889438113281805443e-01
0.000000000000000000e+00,-9.141758928231796810e-01
0.000000000000000000e+00,-1.417654162475540547e+00
0.000000000000000000e+00,-4.938850540358630248e-01
0.000000000000000000e+00,-1.659385120534532687e+00
0.000000000000000000e+00,-1.552263526497484891e+00
0.000000000000000000e+00,-4.616225265904340680e-01
0.000000000000000000e+00,-1.364461073977390360e+00
0.000000000000000000e+00,-8.196716869131974725e-01
0.000000000000000000e+00,-1.057859944767952198e+00
0.000000000000000000e+00,-7.336769728846634919e-01
0.000000000000000000e+00,-1.210674386244041445e+00
0.000000000000000000e+00,-1.613429735444292135e+00
0.000000000000000000e+00,-1.133291997835704557e+00
0.000000000000000000e+00,-1.321485530180433798e+00
0.000000000000000000e+00,-1.634606084713492002e+00
0.000000000000000000e+00,-1.167110664623181693e+00
0.000000000000000000e+00,-5.753137942552631889e-01
0.000000000000000000e+00,-1.014945166362074103e+00
0.000000000000000000e+00,-1.378313635534652581e+00
0.000000000000000000e+00,-1.043525934342912409e+00
0.000000000000000000e+00,-1.072900547625150969e+00
0.000000000000000000e+00,-1.619447846291512505e+00
0.000000000000000000e+00,-1.298520107570050541e+00
0.000000000000000000e+00,-1.409626119461869775e+00
0.000000000000000000e+00,-9.795372508848455562e-01
0.000000000000000000e+00,-5.083285200691920469e-01
0.000000000000000000e+00,-7.829549783973499544e-01
0.000000000000000000e+00,-1.238033224533764409e+00
0.000000000000000000e+00,-3.337931779346203776e-01
0.000000000000000000e+00,-7.654323430276276374e-01
0.000000000000000000e+00,-1.722541396039168449e+00
0.000000000000000000e+00,-1.583397219947105139e+00
0.000000000000000000e+00,-1.323162421261164123e+00
0.000000000000000000e+00,-8.145518131930766792e-01
0.000000000000000000e+00,-1.217592681827049939e+00
0.000000000000000000e+00,-7.385471631709286111e-01
0.000000000000000000e+00,-1.238480005966888120e+00
0.000000000000000000e+00,-9.361963356979411399e-01
0.000000000000000000e+00,-1.635701809361597592e+00
0.000000000000000000e+00,-1.464413130910623639e+00
0.000000000000000000e+00,-1.087143799485310147e+00
0.000000000000000000e+00,-7.944002956157238948e-01
0.000000000000000000e+00,-1.541806815449353385e+00
0.000000000000000000e+00,-1.148124985606717718e+00
0.000000000000000000e+00,-9.706362896570246424e-01
0.000000000000000000e+00,-6.799595881275904974e-01
0.000000000000000000e+00,-1.610587005802673222e+00
0.000000000000000000e+00,-1.438029265530323952e+00
0.000000000000000000e+00,-1.356562741702368458e+00
0.000000000000000000e+00,-1.008850709254267786e+00
0.000000000000000000e+00,-9.714671395235049411e-01
0.000000000000000000e+00,-1.107634200974448202e+00
0.000000000000000000e+00,-1.833429665279622256e+00
0.000000000000000000e+00,-1.801075210704099927e+00
0.000000000000000000e+00,-1.717623878861774811e+00
0.000000000000000000e+00,-8.076981782185237435e-01
0.000000000000000000e+00,-1.613587881269791913e+00
0.000000000000000000e+00,-1.518864764143231127e+00
0.000000000000000000e+00,-9.068746973720276383e-01
0.000000000000000000e+00,-1.434119246327450359e+00
0.000000000000000000e+00,-9.412850476790470822e-01
0.000000000000000000e+00,-1.054562643258455612e+00
0.000000000000000000e+00,-9.134319063042030118e-01
0.000000000000000000e+00,-1.037453679974153831e+00
0.000000000000000000e+00,-1.565851992316596997e+00
0.000000000000000000e+00,-1.822279326712842040e-01
0.000000000000000000e+00,-1.514702334854338250e+00
0.000000000000000000e+00,-1.149681514470503485e+00
0.000000000000000000e+00,-8.015429557196385169e-01
0.000000000000000000e+00,-1.036451440543092462e+00
0.000000000000000000e+00,-7.939687055303698004e-01
0.000000000000000000e+00,-1.097560000272722602e+00
0.000000000000000000e+00,-6.848134185008729613e-01
0.000000000000000000e+00,-9.319217241485950876e-01
0.000000000000000000e+00,-8.779079133491444198e-01
0.000000000000000000e+00,-1.142062079759663451e+00
0.000000000000000000e+00,-1.378463990925398619e+00
0.000000000000000000e+00,-5.067112258143273706e-01
0.000000000000000000e+00,-7.107298577959514363e-01
0.000000000000000000e+00,-1.062325811490501204e+00
0.000000000000000000e+00,-1.056903668901937543e+00
0.000000000000000000e+00,-1.206806435388837695e+00
0.000000000000000000e+00,-9.946358924809592938e-01
0.000000000000000000e+00,-1.441433295995945940e+00
0.000000000000000000e+00,-1.921442686191966898e+00
0.000000000000000000e+00,-1.372302925600448198e+00
0.000000000000000000e+00,-1.154991864320351835e+00
0.000000000000000000e+00,-9.275879052951210291e-01
0.000000000000000000e+00,-1.585311719287822774e+00
0.000000000000000000e+00,-1.249967002011194372e+00
0.000000000000000000e+00,-9.705330663965383575e-01
0.000000000000000000e+00,-6.208384789997917902e-02
0.000000000000000000e+00,-1.294146167977594963e+00
0.000000000000000000e+00,-1.413791664924664238e+00
0.000000000000000000e+00,-1.187339307504595931e+00
0.000000000000000000e+00,-8.473031904192992458e-01
0.000000000000000000e+00,-1.060123455585634922e+00
0.000000000000000000e+00,-1.704482778758392714e+00
0.000000000000000000e+00,-8.855647421468021419e-01
0.000000000000000000e+00,-6.327320250420734871e-01
0.000000000000000000e+00,-1.742397850900225587e+00
0.000000000000000000e+00,-1.630705024510585188e+00
0.000000000000000000e+00,-8.516257131423805582e-01
0.000000000000000000e+00,-1.059282088632236940e+00
0.000000000000000000e+00,-1.490557050900509495e+00
0.000000000000000000e+00,-2.120797379647429537e+00
0.000000000000000000e+00,-8.710749230266887633e-01
0.000000000000000000e+00,-1.937188239329671879e-01
0.000000000000000000e+00,-1.419816008119687778e+00
0.000000000000000000e+00,-1.263487022700640894e-01
0.000000000000000000e+00,-1.478073658251207290e+00
0.000000000000000000e+00,-1.130549375280670343e+00
0.000000000000000000e+00,-8.354449801589801661e-01
0.000000000000000000e+00,-1.898186096082664642e+00
0.000000000000000000e+00,-9.266398093855977569e-01
0.000000000000000000e+00,-1.241164200261269723e+00
0.000000000000000000e+00,-8.327066423430604658e-01
0.000000000000000000e+00,-9.981544423374604236e-01
0.000000000000000000e+00,-1.306199139106756224e+00
0.000000000000000000e+00,-5.097479372813131793e-01
0.000000000000000000e+00,-1.436278754841171290e+00
0.000000000000000000e+00,-1.328227372416271423e+00
0.000000000000000000e+00,-7.481103113528126958e-01
0.000000000000000000e+00,-1.734943378645294798e+00
0.000000000000000000e+00,-9.346031917908128595e-01
0.000000000000000000e+00,-2.831713224269234996e-01
0.000000000000000000e+00,-1.129484422849841740e+00
0.000000000000000000e+00,-2.335295509698839478e+00
0.000000000000000000e+00,-1.571732991512152733e+00
0.000000000000000000e+00,-1.604506181955685618e+00
0.000000000000000000e+00,-1.802379329481866410e+00
0.000000000000000000e+00,-1.078355799561417694e+00
0.000000000000000000e+00,-1.242457412430381103e+00
0.000000000000000000e+00,-2.053867612308978519e+00
0.000000000000000000e+00,-1.592034864480251555e+00
0.000000000000000000e+00,-1.482191292540266714e+00
0.000000000000000000e+00,-1.208837122903551886e-01
0.000000000000000000e+00,-1.598883825193952335e+00
0.000000000000000000e+00,-1.580674073478955055e+00
0.000000000000000000e+00,-1.363824205936276845e+00
0.000000000000000000e+00,-1.225668636014455748e+00
0.000000000000000000e+00,-1.384859937858172740e+00
0.000000000000000000e+00,-1.585536862852204187e+00
0.000000000000000000e+00,-9.035458446017787804e-01
0.000000000000000000e+00,-1.299151911828574368e+00
0.000000000000000000e+00,-7.182565863332226463e-01
0.000000000000000000e+00,-6.112004319481055825e-01
0.000000000000000000e+00,-8.593444758963300067e-01
0.000000000000000000e+00,-1.570957453732423570e+00
0.000000000000000000e+00,-1.410604987588670145e+00
0.000000000000000000e+00,-1.177849389409396430e+00
0.000000000000000000e+00,-1.031236913040714631e+00
0.000000000000000000e+00,-1.126604688643142671e+00
0.000000000000000000e+00,-1.269103036418404384e+00
0.000000000000000000e+00,-1.074499923880082086e+00
0.000000000000000000e+00,-1.359941063733303368e+00
0.000000000000000000e+00,-5.857490816078220197e-01
0.000000000000000000e+00,-1.484554520922796605e+00
0.000000000000000000e+00,-9.468684522670119952e-01
0.000000000000000000e+00,-1.297173530922876461e+00
0.000000000000000000e+00,-9.668626030623403977e-01
0.000000000000000000e+00,-8.617291279744324628e-01
0.000000000000000000e+00,-1.523970225559057479e+00
0.000000000000000000e+00,-4.953488767260801340e-01
0.000000000000000000e+00,-1.566032340881144957e+00
0.000000000000000000e+00,-1.290324180687437927e+00
0.000000000000000000e+00,-1.401350730144769630e+00
0.000000000000000000e+00,-6.093229371724679932e-01
0.000000000000000000e+00,-1.632801430502801354e+00
0.000000000000000000e+00,-1.689466715770667982e+00
0.000000000000000000e+00,-5.223107923651029161e-01
0.000000000000000000e+00,-7.488075552632673659e-01
0.000000000000000000e+00,-1.037225030714133300e+00
0.000000000000000000e+00,-1.753373210142083582e+00
0.000000000000000000e+00,-1.336165435908537091e+00
0.000000000000000000e+00,-1.865187762074750344e+00
0.000000000000000000e+00,-1.386894799415834711e+00
0.000000000000000000e+00,-7.839587759153621160e-01
0.000000000000000000e+00,-1.413293466622166372e+00
0.000000000000000000e+00,-1.529068675583605597e+00
0.000000000000000000e+00,-1.236184943888453125e+00
0.000000000000000000e+00,-1.693618238450905977e+00
0.000000000000000000e+00,-1.586642715065489595e+00
0.000000000000000000e+00,-1.164929342892150332e+00
0.000000000000000000e+00,-5.964282095681712192e-01
0.000000000000000000e+00,-1.277885972559707151e+00
0.000000000000000000e+00,-6.953460862878528825e-01
0.000000000000000000e+00,-1.188067713154065341e+00
0.000000000000000000e+00,-1.283395368017511862e+00
0.000000000000000000e+00,-7.862250133852085598e-01
0.000000000000000000e+00,-1.450887767613016077e+00
0.000000000000000000e+00,-4.904046773096549794e-01
0.000000000000000000e+00,-9.028112066045064221e-01
0.000000000000000000e+00,-1.232050560164673181e+00
0.000000000000000000e+00,-1.352732574455720149e+00
0.000000000000000000e+00,-6.365392105061985495e-01
0.000000000000000000e+00,-1.688424160839756327e+00
0.000000000000000000e+00,-1.021665195380601521e+00
0.000000000000000000e+00,-1.513891350596479723e+00
0.000000000000000000e+00,-1.159241156956748453e+00
0.000000000000000000e+00,-9.125983297855588816e-01
0.000000000000000000e+00,-1.011969220286167204e+00
0.000000000000000000e+00,-1.269903503589345339e+00
0.000000000000000000e+00,-1.190159055363691598e+00
0.000000000000000000e+00,-1.292845554895467597e+00
0.000000000000000000e+00,-5.754053318636189740e-01
0.000000000000000000e+00,-1.102225691646703476e+00
0.000000000000000000e+00,-1.134162968441166264e+00
0.000000000000000000e+00,-2.716305723828169594e-01
0.000000000000000000e+00,-1.500181743516947774e+00
0.000000000000000000e+00,-1.154100249062792738e+00
0.000000000000000000e+00,-5.346839503626406032e-01
0.000000000000000000e+00,-1.488659690516249912e+00
0.000000000000000000e+00,-7.439404811509036097e-01
0.000000000000000000e+00,-1.424205528581650615e+00
0.000000000000000000e+00,-8.803171052967210253e-01
0.000000000000000000e+00,-8.282590831421825506e-01
0.000000000000000000e+00,-1.414076015793173768e+00
0.000000000000000000e+00,-1.133782795225186435e+00
0.000000000000000000e+00,-7.117110630531777726e-01
0.000000000000000000e+00,-1.314959093465535522e+00
0.000000000000000000e+00,-1.434395806761206149e+00
0.000000000000000000e+00,-1.654414433639945115e+00
0.000000000000000000e+00,-8.064139250493790323e-01
0.000000000000000000e+00,-1.480320809155907247e+00
0.000000000000000000e+00,-1.103786115727866335e+00
0.000000000000000000e+00,-1.349166113425483982e+00
0.000000000000000000e+00,-9.444055063196350464e-01
0.000000000000000000e+00,-1.603119095047792264e+00
0.000000000000000000e+00,-1.412733334363376336e+00
0.000000000000000000e+00,7.873742510330010713e-01
0.000000000000000000e+00,-1.610724117454338078e+00
0.000000000000000000e+00,-1.342509186928461329e+00
0.000000000000000000e+00,-1.348808142948552113e+00
0.000000000000000000e+00,-1.448507010752290602e+00
0.000000000000000000e+00,-9.935518534849843153e-01
0.000000000000000000e+00,-1.220918418423397434e+00
0.000000000000000000e+00,-1.303292138378419285e+00
0.000000000000000000e+00,-1.044764613468748049e+00
0.000000000000000000e+00,-1.506462392015367247e+00
0.000000000000000000e+00,-1.683591948922915416e+00
0.000000000000000000e+00,-1.288155323652012463e+00
0.000000000000000000e+00,-1.274832511658000822e+00
0.000000000000000000e+00,-1.730591447031018415e+00
0.000000000000000000e+00,-1.406826626733133745e+00
0.000000000000000000e+00,-1.050144687709641866e+00
0.000000000000000000e+00,-1.163741691113951315e+00
0.000000000000000000e+00,-1.638606862481246207e+00
0.000000000000000000e+00,-4.746232041073809027e-01
0.000000000000000000e+00,-1.323558564868388965e+00
0.000000000000000000e+00,-1.206786180258478058e+00
0.000000000000000000e+00,-1.456393657375181894e+00
0.000000000000000000e+00,-6.920748827347812382e-01
0.000000000000000000e+00,-1.528104219761099669e+00
0.000000000000000000e+00,-9.473752200477391083e-01
0.000000000000000000e+00,-1.313797929165499090e+00
0.000000000000000000e+00,-1.731490463201593499e+00
0.000000000000000000e+00,-8.050061934893885107e-01
0.000000000000000000e+00,-1.755004721940373713e+00
0.000000000000000000e+00,-1.451320915785320853e+00
0.000000000000000000e+00,-1.611708828407203642e+00
0.000000000000000000e+00,-1.250675542052041900e+00
0.000000000000000000e+00,-9.988758365956514895e-01
0.000000000000000000e+00,-1.367239922054029222e+00
0.000000000000000000e+00,-1.863878774275262717e+00
0.000000000000000000e+00,-1.641502567079190289e+00
0.000000000000000000e+00,-1.421402919679012999e+00
0.000000000000000000e+00,-1.451823788348671096e+00
0.000000000000000000e+00,-9.794784331024553037e-01
0.000000000000000000e+00,-9.043833163377996698e-01
0.000000000000000000e+00,-8.284756572283350495e-01
0.000000000000000000e+00,-1.414975421485486606e+00
0.000000000000000000e+00,-1.137263171951394591e+00
0.000000000000000000e+00,-7.473616505729836490e-01
0.000000000000000000e+00,-1.560282610511188883e+00
0.000000000000000000e+00,-1.162738283117676907e+00
0.000000000000000000e+00,-1.442862840773246891e+00
0.000000000000000000e+00,-9.896854607167312468e-01
0.000000000000000000e+00,-7.997207730307519524e-01
0.000000000000000000e+00,-1.572632786726203102e+00
0.000000000000000000e+00,-5.457479257998216760e-01
0.000000000000000000e+00,-1.224747806626570457e+00
0.000000000000000000e+00,-1.654890818725132773e+00
0.000000000000000000e+00,-1.400010775367136029e+00
0.000000000000000000e+00,-2.627997250677791552e-01
0.000000000000000000e+00,-1.385345281943327178e+00
0.000000000000000000e+00,-1.972781066936133643e+00
0.000000000000000000e+00,-1.740383049712054264e+00
0.000000000000000000e+00,-7.958056900452884497e-01
0.000000000000000000e+00,-1.037574042191098389e+00
0.000000000000000000e+00,-1.269334022808851214e+00
0.000000000000000000e+00,-1.628360493171464141e+00
0.000000000000000000e+00,-1.190873048708866788e+00
0.000000000000000000e+00,-1.235249702196273391e+00
0.000000000000000000e+00,-9.163505926846704508e-01
0.000000000000000000e+00,-8.791719113879296055e-01
0.000000000000000000e+00,-1.486462008872236007e+00
0.000000000000000000e+00,-9.761959334189908022e-01
0.000000000000000000e+00,-1.303533641855783465e+00
0.000000000000000000e+00,-1.166520539190590178e+00
0.000000000000000000e+00,-1.695563120487163067e+00
0.000000000000000000e+00,-1.655841836047688753e+00
0.000000000000000000e+00,-1.678896653896870372e+00
0.000000000000000000e+00,-1.282189798239379508e+00
0.000000000000000000e+00,-1.426565251268541168e+00
0.000000000000000000e+00,1.457719627195716294e-01
0.000000000000000000e+00,-1.468142412027211741e+00
0.000000000000000000e+00,-8.675770178222849127e-01
0.000000000000000000e+00,-9.656741722406659845e-01
0.000000000000000000e+00,-1.946849631054154317e+00
0.000000000000000000e+00,1.881503696926584424e-01
0.000000000000000000e+00,-1.593202650649828689e+00
0.000000000000000000e+00,-1.268100017943867730e+00
0.000000000000000000e+00,-1.404039209178265857e+00
0.000000000000000000e+00,-6.832120946372532977e-01
0.000000000000000000e+00,-1.258950152325666538e+00
0.000000000000000000e+00,-1.179989811357970986e+00
0.000000000000000000e+00,-1.110627286006813375e+00
0.000000000000000000e+00,-1.357739486871912371e+00
0.000000000000000000e+00,-1.640495848148145530e+00
0.000000000000000000e+00,-1.196697567252458017e+00
0.000000000000000000e+00,-1.381044182915818652e+00
0.000000000000000000e+00,-1.515415938677775465e+00
0.000000000000000000e+00,-1.124490364650992946e+00
0.000000000000000000e+00,-2.034145931969160159e+00
0.000000000000000000e+00,3.805382721087708919e-01
0.000000000000000000e+00,-1.610862397671215751e+00
0.000000000000000000e+00,-1.531263241053718360e+00
0.000000000000000000e+00,-1.076336518873262982e+00
0.000000000000000000e+00,-1.272220378885090764e+00
0.000000000000000000e+00,-1.195885024907648919e+00
0.000000000000000000e+00,-1.684471489006606371e+00
0.000000000000000000e+00,-1.372350836774183236e+00
0.000000000000000000e+00,-7.182028323334221920e-01
0.000000000000000000e+00,-1.211200630111652687e+00
0.000000000000000000e+00,8.197809015213731731e-01
0.000000000000000000e+00,-1.460526872533748577e+00
0.000000000000000000e+00,-1.085948357272357612e+00
0.000000000000000000e+00,-1.878913729067265059e+00
0.000000000000000000e+00,-9.129722706537356514e-01
0.000000000000000000e+00,-1.491604474853142293e+00
0.000000000000000000e+00,-1.112280416261544946e+00
0.000000000000000000e+00,-3.178188914721926106e-01
0.000000000000000000e+00,-1.626057640658275183e+00
0.000000000000000000e+00,-4.232499611676912576e-01
0.000000000000000000e+00,-9.788544192786852172e-01
0.000000000000000000e+00,-4.734312675900673173e-01
0.000000000000000000e+00,-7.494339062174634192e-01
0.000000000000000000e+00,-6.412087970975562934e-01
0.000000000000000000e+00,-1.437572746053758177e+00
0.000000000000000000e+00,-1.010250650379504567e+00
0.000000000000000000e+00,-1.014750795014969897e+00
0.000000000000000000e+00,-1.211584309023271633e+00
0.000000000000000000e+00,-1.070268159721881274e+00
0.000000000000000000e+00,-6.117290129461430137e-01
0.000000000000000000e+00,3.694653376716230397e-01
0.000000000000000000e+00,-7.708100801380952660e-01
0.000000000000000000e+00,-1.973012053326580473e+00
0.000000000000000000e+00,-1.389704030188013029e+00
0.000000000000000000e+00,-1.302318334034208824e+00
0.000000000000000000e+00,-1.640331664735711570e+00
0.000000000000000000e+00,-1.262967679528141041e+00
0.000000000000000000e+00,-1.061274102798753782e+00
0.000000000000000000e+00,-1.501594149337790451e+00
0.000000000000000000e+00,-1.608442299114984042e+00
0.000000000000000000e+00,-1.834171314668173070e+00
0.000000000000000000e+00,-1.217657731957243250e+00
0.000000000000000000e+00,-1.279045578772792791e+00
0.000000000000000000e+00,-7.982386428188636973e-01
0.000000000000000000e+00,-9.626892671647921951e-01
0.000000000000000000e+00,-1.210955231416911637e+00
0.000000000000000000e+00,-8.673300610405931810e-01
0.000000000000000000e+00,-8.286158850539012688e-01
0.000000000000000000e+00,-1.980779506297740467e+00
0.000000000000000000e+00,-1.463395310610054789e+00
0.000000000000000000e+00,-1.895303245702064210e+00
0.000000000000000000e+00,-1.250321856314224656e+00
0.000000000000000000e+00,-1.524610209774072578e+00
0.000000000000000000e+00,-1.692387934042430597e+00
0.000000000000000000e+00,-8.958333141956321688e-01
0.000000000000000000e+00,-1.484872760182484486e+00
0.000000000000000000e+00,-1.776479250099770812e+00
0.000000000000000000e+00,-6.801531804312195284e-01
0.000000000000000000e+00,-7.426367518948747692e-01
0.000000000000000000e+00,-1.661700242982458553e+00
0.000000000000000000e+00,-1.966970960696836634e+00
0.000000000000000000e+00,-1.976187434532181708e+00
0.000000000000000000e+00,-1.422730409761040704e+00
0.000000000000000000e+00,-1.405326578521312042e+00
0.000000000000000000e+00,-1.019207313215814370e+00
0.000000000000000000e+00,-1.338234575379115388e+00
0.000000000000000000e+00,-1.145831481615233294e+00
0.000000000000000000e+00,-1.258993389238549421e+00
0.000000000000000000e+00,-1.351160075200689148e+00
0.000000000000000000e+00,-1.051098236923492690e+00
0.000000000000000000e+00,-5.518934102552648380e-01
0.000000000000000000e+00,-1.454954374554438878e+00
0.000000000000000000e+00,-1.381751554391452919e+00
0.000000000000000000e+00,-1.835858722835820744e+00
0.000000000000000000e+00,-8.843252839774911056e-01
0.000000000000000000e+00,-1.285767555400008533e+00
0.000000000000000000e+00,-1.185273673729656752e+00
0.000000000000000000e+00,-1.005417464658319382e+00
0.000000000000000000e+00,-1.458724944975221538e+00
0.000000000000000000e+00,-7.726100600879338698e-01
0.000000000000000000e+00,-5.085489893727213051e-01
0.000000000000000000e+00,-1.070659629068253960e+00
0.000000000000000000e+00,-1.308392146489918195e+00
0.000000000000000000e+00,5.513793900831458483e-01
0.000000000000000000e+00,-7.019998966109738392e-01
0.000000000000000000e+00,-1.832286808501256914e+00
0.000000000000000000e+00,-1.243319813557614006e+00
0.000000000000000000e+00,-9.483178626529348287e-01
0.000000000000000000e+00,-1.180461522182306489e+00
0.000000000000000000e+00,1.551952725976270264e-01
0.000000000000000000e+00,7.962493931299680083e-02
0.000000000000000000e+00,-1.664408392863707897e+00
0.000000000000000000e+00,-1.680184023239916558e+00
0.000000000000000000e+00,-1.204837792526581852e+00
0.000000000000000000e+00,-1.546906044517376788e+00
0.000000000000000000e+00,-1.209462584118105921e+00
0.000000000000000000e+00,-1.047162898807669551e+00
0.000000000000000000e+00,-8.674395166488824138e-01
0.000000000000000000e+00,-8.317534826509472845e-01
0.000000000000000000e+00,-1.427751734481527146e+00
0.000000000000000000e+00,-9.193701651951980969e-01
0.000000000000000000e+00,-1.120831197447187844e+00
0.000000000000000000e+00,-1.274221741573312139e+00
0.000000000000000000e+00,-1.604409970086477566e+00
0.000000000000000000e+00,-9.362539849151183535e-01
0.000000000000000000e+00,-8.316779154338365121e-01
0.000000000000000000e+00,-1.099995679698461792e+00
0.000000000000000000e+00,-1.493403286237767746e+00
0.000000000000000000e+00,-2.880680001913512034e-01
0.000000000000000000e+00,-1.694101440166503103e+00
0.000000000000000000e+00,-1.327727226505085012e+00
0.000000000000000000e+00,-1.382210800520182747e+00
0.000000000000000000e+00,-1.419829251858768959e+00
0.000000000000000000e+00,-9.248783920877899911e-01
0.000000000000000000e+00,-1.716379162149004989e+00
0.000000000000000000e+00,-1.210991456938516286e+00
0.000000000000000000e+00,-5.814082513630696170e-01
0.000000000000000000e+00,-9.887100982855701048e-01
0.000000000000000000e+00,-1.406015642475275218e+00
0.000000000000000000e+00,-3.745110537399596318e-01
0.000000000000000000e+00,-8.991933287048958778e-01
0.000000000000000000e+00,-1.897614278171744218e+00
0.000000000000000000e+00,-1.125083995779223578e+00
0.000000000000000000e+00,-1.759457150162972550e+00
0.000000000000000000e+00,-1.334117720133531471e+00
0.000000000000000000e+00,-9.094003563191718209e-01
0.000000000000000000e+00,-1.505977047930212809e+00
0.000000000000000000e+00,-1.303541821812274959e+00
0.000000000000000000e+00,-5.511926606491710512e-01
0.000000000000000000e+00,-4.821063062100314767e-01
0.000000000000000000e+00,-1.247671550411021402e+00
0.000000000000000000e+00,-1.239346691833235425e+00
0.000000000000000000e+00,-1.602627908136572632e+00
0.000000000000000000e+00,-1.733138334912866396e+00
0.000000000000000000e+00,-1.076867158176155609e-01
0.000000000000000000e+00,-1.009207900687724146e+00
0.000000000000000000e+00,-5.517485081688463522e-01
0.000000000000000000e+00,-1.256304910205053416e+00
0.000000000000000000e+00,-8.355478138977288083e-01
0.000000000000000000e+00,-1.759449749249956563e+00
0.000000000000000000e+00,-6.775994759189620797e-01
0.000000000000000000e+00,-3.677972570692352727e-01
0.000000000000000000e+00,-1.290327686383077044e+00
0.000000000000000000e+00,7.200956669784537301e-01
0.000000000000000000e+00,-1.269237421417905409e+00
0.000000000000000000e+00,-1.094891386847848258e+00
0.000000000000000000e+00,-8.658689650025398477e-01
0.000000000000000000e+00,-1.195263348214304910e+00
0.000000000000000000e+00,-8.938257191596079565e-01
0.000000000000000000e+00,-1.021843985858198467e+00
0.000000000000000000e+00,-8.001469098117784950e-01
0.000000000000000000e+00,-1.750570990761183721e+00
0.000000000000000000e+00,-1.355299912228796533e+00
0.000000000000000000e+00,-1.472791353966472316e+00
0.000000000000000000e+00,-1.728808411276769208e+00
0.000000000000000000e+00,-5.921006230625001088e-01
0.000000000000000000e+00,-4.938850540358630248e-01
0.000000000000000000e+00,-1.498565228305558383e+00
0.000000000000000000e+00,-1.681324153366118290e+00
0.000000000000000000e+00,-1.288488364737732539e+00
0.000000000000000000e+00,-1.148949992647132712e+00
0.000000000000000000e+00,-1.004750992965141698e+00
0.000000000000000000e+00,-1.148939475560215140e+00
0.000000000000000000e+00,-1.425180111969336361e+00
0.000000000000000000e+00,-8.356938845493603329e-01
0.000000000000000000e+00,-1.072247319671054688e+00
0.000000000000000000e+00,-5.234929908389743813e-01
0.000000000000000000e+00,-9.258428479102959185e-01
0.000000000000000000e+00,1.391675158702319060e+00
0.000000000000000000e+00,-9.440097522341478475e-01
0.000000000000000000e+00,-1.138697780511285451e+00
0.000000000000000000e+00,-1.282497520412150038e+00
0.000000000000000000e+00,-1.496593079747663424e+00
0.000000000000000000e+00,-1.469818134542729027e+00
0.000000000000000000e+00,-1.193623851220392273e+00
0.000000000000000000e+00,-1.579851403568966139e+00
0.000000000000000000e+00,-1.186640115985452937e+00
0.000000000000000000e+00,-1.389775702187746820e+00
0.000000000000000000e+00,-1.065036493263045170e+00
0.000000000000000000e+00,-1.822586159145970441e+00
0.000000000000000000e+00,-1.478295296119949587e+00
0.000000000000000000e+00,-9.893999412830086770e-01
0.000000000000000000e+00,-1.339649707852121896e+00
0.000000000000000000e+00,-1.190385757015023804e+00
0.000000000000000000e+00,-1.642824214335152577e+00
0.000000000000000000e+00,-1.218886283517899072e+00
0.000000000000000000e+00,-9.193312130214297273e-01
0.000000000000000000e+00,-9.899561783244217317e-01
0.000000000000000000e+00,-1.082331647937960106e+00
0.000000000000000000e+00,-1.816046868213728516e+00
0.000000000000000000e+00,-1.015640462663840449e+00
0.000000000000000000e+00,-1.584990363854233308e+00
0.000000000000000000e+00,-1.158111543917464292e+00
0.000000000000000000e+00,-1.297485148313023640e+00
0.000000000000000000e+00,8.319451651713452578e-02
0.000000000000000000e+00,-1.777972871202920802e+00
0.000000000000000000e+00,-1.132098503231440123e+00
0.000000000000000000e+00,-1.541924061492396358e+00
0.000000000000000000e+00,-1.104211473465417370e+00
0.000000000000000000e+00,-1.259164778803130602e+00
0.000000000000000000e+00,-1.093537019765920437e+00
0.000000000000000000e+00,-7.860910179074451776e-01
0.000000000000000000e+00,-1.136712777736046842e+00
0.000000000000000000e+00,-2.160333557196801590e-01
0.000000000000000000e+00,-1.227310859660532216e+00
0.000000000000000000e+00,-1.504055147676479187e+00
0.000000000000000000e+00,-6.754177646661930767e-01
0.000000000000000000e+00,-6.677449654772903420e-01
0.000000000000000000e+00,-1.159005106783711714e+00
0.000000000000000000e+00,-1.391930536440615818e+00
0.000000000000000000e+00,-8.035205575818610280e-01
0.000000000000000000e+00,-1.695027528097847291e+00
0.000000000000000000e+00,-1.089515207824331533e+00
0.000000000000000000e+00,-1.262859782006802600e+00
0.000000000000000000e+00,-8.041145782318294133e-01
0.000000000000000000e+00,-6.878629841852023086e-01
0.000000000000000000e+00,-1.199362285459955491e+00
0.000000000000000000e+00,-1.149581017862181032e+00
0.000000000000000000e+00,-1.245387784462979264e+00
0.000000000000000000e+00,-1.234953276153895718e+00
0.000000000000000000e+00,-1.488284581082860214e+00
0.000000000000000000e+00,-1.714369035221685822e+00
0.000000000000000000e+00,-1.356510545789518796e+00
0.000000000000000000e+00,-1.280643786462511091e+00
0.000000000000000000e+00,-4.666461884413468097e-01
0.000000000000000000e+00,-1.296575615055531205e+00
0.000000000000000000e+00,-1.434826617803084847e+00
0.000000000000000000e+00,-1.469201911153712681e+00
0.000000000000000000e+00,-9.950585235663466088e-01
0.000000000000000000e+00,-1.167736626055640103e+00
0.000000000000000000e+00,-7.824447049209837246e-01
0.000000000000000000e+00,-8.309658696973498682e-01
0.000000000000000000e+00,-1.019731219952999535e+00
0.000000000000000000e+00,-1.156098885098850282e+00
0.000000000000000000e+00,-9.600303917833600265e-01
0.000000000000000000e+00,3.323910482005815181e-01
0.000000000000000000e+00,-1.588366348754742141e+00
0.000000000000000000e+00,-1.028159301791272018e+00
0.000000000000000000e+00,-1.124872874997398853e+00
0.000000000000000000e+00,-1.359979626385334095e+00
0.000000000000000000e+00,-1.241763284693828018e+00
0.000000000000000000e+00,-1.053068827394436857e+00
0.000000000000000000e+00,-1.486050673917241438e+00
0.000000000000000000e+00,-8.083330986509489335e-01
0.000000000000000000e+00,-1.340784384673995966e+00
0.000000000000000000e+00,-1.046418522766955128e+00
0.000000000000000000e+00,-1.182159836958609489e+00
0.000000000000000000e+00,-1.474054183440044463e+00
0.000000000000000000e+00,-9.752030425096338551e-01
0.000000000000000000e+00,-1.360170881558536937e+00
0.000000000000000000e+00,-1.426383344617042859e+00
0.000000000000000000e+00,-1.326496337814002890e+00
0.000000000000000000e+00,-8.831349055471282572e-01
0.000000000000000000e+00,-1.063477627268833103e+00
0.000000000000000000e+00,-1.087607719874892132e+00
0.000000000000000000e+00,-1.646597121886361537e+00
0.000000000000000000e+00,-1.062522130446293955e+00
0.000000000000000000e+00,-9.012951880014395956e-01
0.000000000000000000e+00,-6.258620301545377851e-01
0.000000000000000000e+00,-1.672141567921951566e+00
0.000000000000000000e+00,-1.101080497737912056e+00
0.000000000000000000e+00,-2.362421329924725144e-01
0.000000000000000000e+00,-8.349857340302505593e-01
0.000000000000000000e+00,-1.060130077455175401e+00
0.000000000000000000e+00,-1.452546740693813065e+00
0.000000000000000000e+00,-1.138484322599034426e+00
0.000000000000000000e+00,-1.273985301878537868e+00
0.000000000000000000e+00,-1.548902732944745786e+00
0.000000000000000000e+00,-1.595349304946206193e+00
0.000000000000000000e+00,-8.823640420282513608e-01
0.000000000000000000e+00,-1.200551495325105300e+00
0.000000000000000000e+00,-9.514570183369315259e-01
0.000000000000000000e+00,-1.276524594086500874e+00
0.000000000000000000e+00,-7.341342714047046636e-01
0.000000000000000000e+00,-1.404804619392815201e+00
0.000000000000000000e+00,-1.238181632315822123e+00
0.000000000000000000e+00,-7.763264869871784324e-01
0.000000000000000000e+00,-1.029131937570269217e+00
0.000000000000000000e+00,-1.826779944934747046e+00
0.000000000000000000e+00,-3.480224070122230895e-01
0.000000000000000000e+00,-2.244435195580190556e-01
0.000000000000000000e+00,-1.159620551129252775e+00
0.000000000000000000e+00,-6.084149620019261295e-01
0.000000000000000000e+00,-1.479064991073613555e+00
0.000000000000000000e+00,-1.493336288498886111e+00
0.000000000000000000e+00,-5.724971625700688849e-01
0.000000000000000000e+00,-6.452150281696380496e-01
0.000000000000000000e+00,-1.363119171591068435e+00
0.000000000000000000e+00,-3.077505335965322608e-01
0.000000000000000000e+00,-1.296679227837755244e+00
0.000000000000000000e+00,-1.176580327588021557e+00
0.000000000000000000e+00,-1.040883029352725364e+00
0.000000000000000000e+00,-1.335491173780605667e+00
0.000000000000000000e+00,-5.506605739554943924e-01
0.000000000000000000e+00,-1.074207782576819037e+00
0.000000000000000000e+00,-7.616177566504865881e-01
0.000000000000000000e+00,-1.581171103216240104e+00
0.000000000000000000e+00,-4.507116331961628086e-01
0.000000000000000000e+00,3.453738077175948495e-01
0.000000000000000000e+00,-7.337891551451165562e-01
0.000000000000000000e+00,-1.207745961820131830e+00
0.000000000000000000e+00,-3.448259916327867658e-01
0.000000000000000000e+00,-1.508273668095598596e+00
0.000000000000000000e+00,-5.015609693986672335e-01
0.000000000000000000e+00,-8.913834178643282868e-01
0.000000000000000000e+00,-1.138984858031958591e+00
0.000000000000000000e+00,-1.677220541859615555e+00
0.000000000000000000e+00,-1.014420480581413653e+00
0.000000000000000000e+00,-1.389625736318738536e+00
0.000000000000000000e+00,-1.112304177087543700e+00
0.000000000000000000e+00,-4.127433913371361673e-01
0.000000000000000000e+00,-1.354518921144739707e+00
0.000000000000000000e+00,-1.082235825590489808e+00
0.000000000000000000e+00,-1.003715254664639511e+00
0.000000000000000000e+00,-1.273308313098442834e+00
0.000000000000000000e+00,-9.590141295697420798e-01
0.000000000000000000e+00,-7.302332112017977384e-01
0.000000000000000000e+00,-1.489698934512391437e+00
0.000000000000000000e+00,-1.316290089243202344e+00
0.000000000000000000e+00,-2.666224914014115877e-01
0.000000000000000000e+00,-9.668984390622072933e-01
0.000000000000000000e+00,-1.207571066559911754e+00
0.000000000000000000e+00,-1.636417750315461106e+00
0.000000000000000000e+00,-1.220153787252323374e+00
0.000000000000000000e+00,-7.032249424759905443e-01
0.000000000000000000e+00,-9.696052256173746109e-01
0.000000000000000000e+00,-8.771351022215790882e-01
0.000000000000000000e+00,-1.695050315119501771e+00
0.000000000000000000e+00,-8.779659520880593870e-01
0.000000000000000000e+00,-1.452548298780763858e+00
0.000000000000000000e+00,-1.108692921057473857e+00
0.000000000000000000e+00,-1.480115531200147716e+00
0.000000000000000000e+00,-9.853820245587965321e-01
0.000000000000000000e+00,-1.274663459223845940e+00
0.000000000000000000e+00,-1.842025241465098828e+00
0.000000000000000000e+00,-1.083901420540827276e+00
0.000000000000000000e+00,-1.711994900230500827e+00
0.000000000000000000e+00,-9.770645668940264317e-01
0.000000000000000000e+00,-8.182339621794051387e-01
0.000000000000000000e+00,-6.062963532706620029e-01
0.000000000000000000e+00,-1.763149816236218470e+00
0.000000000000000000e+00,-1.398379068807977132e+00
0.000000000000000000e+00,-1.275618566524647557e+00
0.000000000000000000e+00,-1.174071807597335537e+00
0.000000000000000000e+00,-1.103143794382425158e+00
0.000000000000000000e+00,-1.252898542609005350e+00
0.000000000000000000e+00,-1.083314021760399593e+00
0.000000000000000000e+00,-1.227048322009333114e+00
0.000000000000000000e+00,-1.182554812000621292e+00
0.000000000000000000e+00,-8.497595144971357151e-01
0.000000000000000000e+00,-1.686709486150470783e+00
0.000000000000000000e+00,-1.339499352461375858e+00
0.000000000000000000e+00,-1.092712402247243197e+00
0.000000000000000000e+00,-1.233848592505823349e+00
0.000000000000000000e+00,3.739927488287261292e-01
0.000000000000000000e+00,-1.706799264532400606e+00
0.000000000000000000e+00,-1.151451111724802745e+00
0.000000000000000000e+00,-5.877523919047317191e-01
0.000000000000000000e+00,-1.800920960095977019e+00
1.000000000000000000e+00,1.180185110270175031e+00
1.000000000000000000e+00,1.599599024929797830e-01
1.000000000000000000e+00,1.230488226300279486e-01
1.000000000000000000e+00,9.131017403922708775e-01
1.000000000000000000e+00,4.864009318896235778e-01
1.000000000000000000e+00,7.512557372100697739e-02
1.000000000000000000e+00,-9.210318649281588055e-01
1.000000000000000000e+00,1.163155609420360781e+00
1.000000000000000000e+00,1.082183778199264257e+00
1.000000000000000000e+00,1.521063762874082403e+00
1.000000000000000000e+00,8.339002854689488986e-01
1.000000000000000000e+00,7.030552595199843768e-01
1.000000000000000000e+00,-2.769249518414201860e-01
1.000000000000000000e+00,-4.437228341786334518e-01
1.000000000000000000e+00,1.362840033026773146e+00
1.000000000000000000e+00,5.473314801851320022e-01
1.000000000000000000e+00,-2.095193837003878068e-01
1.000000000000000000e+00,-1.312538994909303813e+00
1.000000000000000000e+00,7.919928102767221922e-01
1.000000000000000000e+00,1.150059777903252312e-01
1.000000000000000000e+00,2.682126676562625045e-01
1.000000000000000000e+00,2.180991380162434490e-01
1.000000000000000000e+00,-1.811279232840641018e-01
1.000000000000000000e+00,6.471082523364072303e-01
1.000000000000000000e+00,4.899459692242871811e-01
1.000000000000000000e+00,-1.071548128151911472e+00
1.000000000000000000e+00,1.021573416772132203e+00
1.000000000000000000e+00,2.422545495352518008e-01
1.000000000000000000e+00,-7.500602571716595834e-01
1.000000000000000000e+00,-3.298995186447294392e-01
1.000000000000000000e+00,1.038436202318217427e+00
1.000000000000000000e+00,3.545341904227134466e-01
1.000000000000000000e+00,-5.817681694486898092e-01
1.000000000000000000e+00,-5.627883332582910292e-01
1.000000000000000000e+00,5.906268213287273472e-01
1.000000000000000000e+00,3.226950731061472011e-01
1.000000000000000000e+00,1.294360942976683138e+00
1.000000000000000000e+00,2.457025959572320672e-01
1.000000000000000000e+00,1.513307606033315267e+00
1.000000000000000000e+00,1.511611628387438344e+00
1.000000000000000000e+00,2.360146950323844806e+00
1.000000000000000000e+00,4.206075942208659657e-01
1.000000000000000000e+00,-6.884889456176607192e-01
1.000000000000000000e+00,1.460577658881271557e+00
1.000000000000000000e+00,2.197080686233646052e+00
1.000000000000000000e+00,-3.714895336207434950e-01
1.000000000000000000e+00,-2.472581972559184937e-01
1.000000000000000000e+00,2.991741924978263412e-01
1.000000000000000000e+00,1.098475914399642317e+00
1.000000000000000000e+00,1.664070826038759776e+00
1.000000000000000000e+00,8.535851560045559783e-01
1.000000000000000000e+00,1.226401474924663892e+00
1.000000000000000000e+00,1.098509023747345381e+00
1.000000000000000000e+00,5.487329793973195757e-01
1.000000000000000000e+00,-4.584950565585678706e-01
1.000000000000000000e+00,-4.285120103220666499e-01
1.000000000000000000e+00,1.051694353703773510e+00
1.000000000000000000e+00,1.485384740267425618e+00
1.000000000000000000e+00,9.582125316590454911e-02
1.000000000000000000e+00,5.587970525338654681e-01
1.000000000000000000e+00,2.297310361469681039e-01
1.000000000000000000e+00,-4.409685259714686834e-01
1.000000000000000000e+00,1.061805558970579266e+00
1.000000000000000000e+00,4.923247784763243873e-01
1.000000000000000000e+00,8.352168689423213888e-01
1.000000000000000000e+00,1.271682987408710774e+00
1.000000000000000000e+00,-5.055520091229792623e-01
1.000000000000000000e+00,5.224542848861948308e-01
1.000000000000000000e+00,7.420183398970564559e-01
1.000000000000000000e+00,8.401264009240926312e-01
1.000000000000000000e+00,1.102886858557177829e+00
1.000000000000000000e+00,8.546594569570890032e-01
1.000000000000000000e+00,-5.314824712006144258e-01
1.000000000000000000e+00,5.066615155535278969e-01
1.000000000000000000e+00,3.277482279129571852e-02
1.000000000000000000e+00,5.339443971044024462e-01
1.000000000000000000e+00,7.845325792604282422e-02
1.000000000000000000e+00,3.113950474959294445e-01
1.000000000000000000e+00,-5.754949218632863239e-01
1.000000000000000000e+00,3.185618579475804624e-01
1.000000000000000000e+00,8.532229007885097083e-01
1.000000000000000000e+00,1.349609148162854932e+00
1.000000000000000000e+00,1.905291789446956763e-01
1.000000000000000000e+00,2.495533799734206859e+00
1.000000000000000000e+00,9.861429090341178316e-01
1.000000000000000000e+00,6.285031360576605053e-01
1.000000000000000000e+00,-2.328069407878358421e-01
1.000000000000000000e+00,5.392582526498899131e-01
1.000000000000000000e+00,1.162884891812670185e+00
1.000000000000000000e+00,-3.710637863614547061e-01
1.000000000000000000e+00,1.169656616526142806e-01
1.000000000000000000e+00,-4.323289338296338324e-01
1.000000000000000000e+00,6.727602063715981684e-01
1.000000000000000000e+00,4.946829430762643698e-01
1.000000000000000000e+00,1.441865813646399541e+00
1.000000000000000000e+00,-1.811541319366556657e-02
1.000000000000000000e+00,1.127213270119029387e+00
1.000000000000000000e+00,-7.141919270004882803e-01
1.000000000000000000e+00,1.577315376056528606e+00
1.000000000000000000e+00,-2.100639350896702784e-01
1.000000000000000000e+00,4.302976157930683138e-02
1.000000000000000000e+00,1.600828855751833535e+00
1.000000000000000000e+00,1.302475070294382142e+00
1.000000000000000000e+00,6.707420942486564952e-01
1.000000000000000000e+00,1.044608453077394139e-01
1.000000000000000000e+00,9.856669134706678159e-01
1.000000000000000000e+00,1.802830154653991324e+00
1.000000000000000000e+00,6.931512798176266976e-01
1.000000000000000000e+00,1.109705826097076908e+00
1.000000000000000000e+00,8.328458501250378676e-01
1.000000000000000000e+00,6.237096324610981457e-03
1.000000000000000000e+00,1.377741187101880982e+00
1.000000000000000000e+00,5.113879723185875692e-01
1.000000000000000000e+00,1.391633869398124501e+00
1.000000000000000000e+00,-2.864008471540629430e-01
1.000000000000000000e+00,-7.162902806013928814e-01
1.000000000000000000e+00,-9.392335473828312964e-02
1.000000000000000000e+00,-5.939742717133819801e-03
1.000000000000000000e+00,1.126662486381944106e+00
1.000000000000000000e+00,9.697346953559099481e-01
1.000000000000000000e+00,7.380275789983153922e-02
1.000000000000000000e+00,1.276952437476102320e+00
1.000000000000000000e+00,9.022453800412754132e-01
1.000000000000000000e+00,8.285034617933346723e-01
1.000000000000000000e+00,4.240739481645173781e-01
1.000000000000000000e+00,6.508714218441739030e-01
1.000000000000000000e+00,1.374669029156765809e+00
1.000000000000000000e+00,1.420120373118443080e+00
1.000000000000000000e+00,-1.613355447488561134e-01
1.000000000000000000e+00,9.573825715322071828e-01
1.000000000000000000e+00,7.897955181544458192e-01
1.000000000000000000e+00,-3.229449975401162964e-01
1.000000000000000000e+00,-3.774694713376708921e-01
1.000000000000000000e+00,2.009750334059624777e+00
1.000000000000000000e+00,4.582490273419756455e-01
1.000000000000000000e+00,-2.124279425156755108e-01
1.000000000000000000e+00,8.451636960358243078e-01
1.000000000000000000e+00,1.110145206617184632e+00
1.000000000000000000e+00,2.108863639995456896e-01
1.000000000000000000e+00,1.137318243038032195e+00
1.000000000000000000e+00,-6.067957201383730181e-01
1.000000000000000000e+00,-4.829800034676570708e-01
1.000000000000000000e+00,-7.583208446627277555e-01
1.000000000000000000e+00,8.761789748771885433e-01
1.000000000000000000e+00,1.017241156005608715e+00
1.000000000000000000e+00,1.199924124327320207e+00
1.000000000000000000e+00,1.291869951464192923e+00
1.000000000000000000e+00,-1.410550954763298837e-01
1.000000000000000000e+00,6.596485151594113638e-01
1.000000000000000000e+00,2.791948435285299679e-01
1.000000000000000000e+00,8.278510128827137882e-01
1.000000000000000000e+00,7.214554873647091027e-01
1.000000000000000000e+00,1.866008522201508257e-01
1.000000000000000000e+00,4.306654350096089101e-01
1.000000000000000000e+00,1.675135580519416356e+00
1.000000000000000000e+00,7.817324181843835484e-01
1.000000000000000000e+00,6.283765414929132209e-01
1.000000000000000000e+00,1.294428719759040280e+00
1.000000000000000000e+00,3.597802691858438817e-01
1.000000000000000000e+00,5.657460096379843262e-02
1.000000000000000000e+00,-8.739924408419431634e-01
1.000000000000000000e+00,1.202275667057719488e+00
1.000000000000000000e+00,1.099017349615023287e+00
1.000000000000000000e+00,1.313857563816822061e-01
1.000000000000000000e+00,2.714433609486149868e-01
1.000000000000000000e+00,7.782785289363379766e-01
1.000000000000000000e+00,1.204149266615980318e+00
1.000000000000000000e+00,-2.403328902816316559e-01
1.000000000000000000e+00,9.388008265577216793e-01
1.000000000000000000e+00,5.259257026124362078e-01
1.000000000000000000e+00,1.318011534323652922e+00
1.000000000000000000e+00,2.396782248796516246e+00
1.000000000000000000e+00,1.152231472287008174e+00
1.000000000000000000e+00,4.931505645602148324e-01
1.000000000000000000e+00,1.158331772220880129e+00
1.000000000000000000e+00,5.225501072336651287e-01
1.000000000000000000e+00,-1.846417988797129928e-01
1.000000000000000000e+00,-3.872110204754142804e-01
1.000000000000000000e+00,1.863437678732792757e-01
1.000000000000000000e+00,2.549397144446744479e-01
1.000000000000000000e+00,-2.187385841878967119e-01
1.000000000000000000e+00,-5.477408297059806197e-02
1.000000000000000000e+00,1.371139962213347330e+00
1.000000000000000000e+00,5.726531197867666956e-01
1.000000000000000000e+00,-2.060362803220159578e-01
1.000000000000000000e+00,-2.060362803220159578e-01
1.000000000000000000e+00,-6.189337177025161507e-02
1.000000000000000000e+00,-8.735425432349179786e-01
1.000000000000000000e+00,1.148038660302575842e+00
1.000000000000000000e+00,7.267658372145574530e-01
1.000000000000000000e+00,1.065451482435302966e+00
1.000000000000000000e+00,2.025887719433975276e-01
1.000000000000000000e+00,1.341928558539198457e+00
1.000000000000000000e+00,4.189723819660678417e-01
1.000000000000000000e+00,9.705199711790811756e-01
1.000000000000000000e+00,1.369038492438541255e+00
1.000000000000000000e+00,-6.494137936763023922e-02
1.000000000000000000e+00,1.221677744811767941e+00
1.000000000000000000e+00,-1.572541359814013939e-01
1.000000000000000000e+00,5.731107587359246351e-03
1.000000000000000000e+00,7.190848580691632241e-01
1.000000000000000000e+00,1.103168482773523307e+00
1.000000000000000000e+00,1.395289530906290487e+00
1.000000000000000000e+00,-1.140474389156862944e+00
1.000000000000000000e+00,5.993408121224599316e-01
1.000000000000000000e+00,-2.819104405620398435e-01
1.000000000000000000e+00,-6.860065235833995301e-01
1.000000000000000000e+00,1.258128688806348094e-01
1.000000000000000000e+00,1.235479279021393539e+00
1.000000000000000000e+00,1.530649782142323168e-01
1.000000000000000000e+00,5.726749330040770136e-01
1.000000000000000000e+00,1.186616114159340540e+00
1.000000000000000000e+00,2.558757351803295221e-01
1.000000000000000000e+00,4.050267247134992088e-01
1.000000000000000000e+00,4.372066244579181533e-03
1.000000000000000000e+00,1.205644038944573334e-03
1.000000000000000000e+00,-1.451973803310300550e-02
1.000000000000000000e+00,1.402848200226051834e+00
1.000000000000000000e+00,7.358362403982710021e-01
1.000000000000000000e+00,4.564630701746937302e-01
1.000000000000000000e+00,1.663075987520714394e+00
1.000000000000000000e+00,1.860819601729345272e-03
1.000000000000000000e+00,2.418868410148779513e-01
1.000000000000000000e+00,6.702777843373369793e-01
1.000000000000000000e+00,8.761789748771885433e-01
1.000000000000000000e+00,1.516994818802233524e+00
1.000000000000000000e+00,7.073820669821800911e-01
1.000000000000000000e+00,9.969042260811183942e-01
1.000000000000000000e+00,-6.767861545306775861e-01
1.000000000000000000e+00,1.168899107442513907e+00
1.000000000000000000e+00,1.440313179999990423e+00
1.000000000000000000e+00,-3.325381388958020268e-01
1.000000000000000000e+00,8.339002854689488986e-01
1.000000000000000000e+00,8.462652635099950915e-01
1.000000000000000000e+00,-3.593049041442450409e-01
1.000000000000000000e+00,-1.688638313730780605e-01
1.000000000000000000e+00,-5.477738283575170897e-01
1.000000000000000000e+00,9.209934507977521889e-01
1.000000000000000000e+00,1.443153572511183480e+00
1.000000000000000000e+00,5.647045392075835668e-01
1.000000000000000000e+00,7.401104624258793008e-01
1.000000000000000000e+00,5.861597860409653027e-01
1.000000000000000000e+00,8.935080179432818293e-01
1.000000000000000000e+00,-2.992258503673141945e-01
1.000000000000000000e+00,2.840397149018456524e-01
1.000000000000000000e+00,1.136611650605872992e+00
1.000000000000000000e+00,4.725748578105239961e-01
1.000000000000000000e+00,1.769344807777804840e-01
1.000000000000000000e+00,8.143618751067109862e-01
1.000000000000000000e+00,6.450585889527130634e-01
1.000000000000000000e+00,6.545103339176194801e-01
1.000000000000000000e+00,-1.650772905610502495e-01
1.000000000000000000e+00,1.076055432700279146e+00
1.000000000000000000e+00,7.381327498674901400e-02
1.000000000000000000e+00,4.593120321641157022e-01
1.000000000000000000e+00,-6.928376769933335122e-02
1.000000000000000000e+00,1.846817286403713565e+00
1.000000000000000000e+00,1.889056244594709666e+00
1.000000000000000000e+00,7.974301442130554696e-01
1.000000000000000000e+00,-2.252856655548922393e-01
1.000000000000000000e+00,5.351301012739130281e-01
1.000000000000000000e+00,6.338266189504233872e-02
1.000000000000000000e+00,1.147868828824945675e+00
1.000000000000000000e+00,3.882331633405549515e-02
1.000000000000000000e+00,7.695937522729318081e-01
1.000000000000000000e+00,8.340101305989757741e-01
1.000000000000000000e+00,1.245846789591595227e+00
1.000000000000000000e+00,2.416698774069878652e-01
1.000000000000000000e+00,3.479551682732278661e-01
1.000000000000000000e+00,1.090401907820924832e+00
1.000000000000000000e+00,-1.584339973248467537e-01
1.000000000000000000e+00,8.791011669532952100e-01
1.000000000000000000e+00,9.648941087217087764e-01
1.000000000000000000e+00,6.235421872065149973e-01
1.000000000000000000e+00,-2.343097156518213764e-01
1.000000000000000000e+00,4.475847012076584752e-01
1.000000000000000000e+00,7.910084888455942709e-01
1.000000000000000000e+00,-6.072553557888403786e-01
1.000000000000000000e+00,1.674945493911426331e+00
1.000000000000000000e+00,1.340049505676609964e+00
1.000000000000000000e+00,-4.104977985193868917e-01
1.000000000000000000e+00,-1.059027341415791579e+00
1.000000000000000000e+00,6.595487975945641956e-01
1.000000000000000000e+00,6.495614602403421145e-01
1.000000000000000000e+00,1.049198298408693386e+00
1.000000000000000000e+00,-5.340322804954950042e-01
1.000000000000000000e+00,4.675301617857763326e-01
1.000000000000000000e+00,1.630263455381675497e+00
1.000000000000000000e+00,1.931915600217669615e-01
1.000000000000000000e+00,1.444938361113252245e+00
1.000000000000000000e+00,1.870356085011968039e+00
1.000000000000000000e+00,7.946045535278946081e-01
1.000000000000000000e+00,8.743134445792523357e-02
1.000000000000000000e+00,1.099952591307203020e+00
1.000000000000000000e+00,8.473337216364628111e-01
1.000000000000000000e+00,3.963914173107788708e-01
1.000000000000000000e+00,6.117030635113424042e-01
1.000000000000000000e+00,8.564091886027662692e-01
1.000000000000000000e+00,1.786758487757142522e+00
1.000000000000000000e+00,1.071587228847304063e+00
1.000000000000000000e+00,-7.185015955062259430e-01
1.000000000000000000e+00,3.449492290235191549e-01
1.000000000000000000e+00,-1.393678709999342180e+00
1.000000000000000000e+00,2.457201244354278724e-01
1.000000000000000000e+00,-4.351924188195169241e-02
1.000000000000000000e+00,4.082601446580155224e-01
1.000000000000000000e+00,-2.231718417806469873e-02
1.000000000000000000e+00,1.765500228226862256e-01
1.000000000000000000e+00,3.298126931226832981e-02
1.000000000000000000e+00,1.132433919273043710e-01
1.000000000000000000e+00,1.281180306416926262e+00
1.000000000000000000e+00,3.914074866771099503e-01
1.000000000000000000e+00,1.587854665713049229e+00
1.000000000000000000e+00,6.137768772427728559e-01
1.000000000000000000e+00,2.169714725856477788e-01
1.000000000000000000e+00,1.024275139544709612e+00
1.000000000000000000e+00,3.936667127556781054e-01
1.000000000000000000e+00,1.046734962939578795e+00
1.000000000000000000e+00,-1.223203352936652832e+00
1.000000000000000000e+00,2.759703825839804336e-01
1.000000000000000000e+00,-1.705516290624635722e-01
1.000000000000000000e+00,-4.658399891405073240e-02
1.000000000000000000e+00,1.184328842515659064e+00
1.000000000000000000e+00,-7.044647901670392232e-01
1.000000000000000000e+00,2.656994734047242734e-01
1.000000000000000000e+00,4.343238231699386165e-01
1.000000000000000000e+00,6.008050243344146280e-01
1.000000000000000000e+00,-2.320158221385992814e-01
1.000000000000000000e+00,7.958598713922838963e-02
1.000000000000000000e+00,-7.956218357851014833e-01
1.000000000000000000e+00,7.141445538701149953e-01
1.000000000000000000e+00,1.660563572312651504e+00
1.000000000000000000e+00,-3.292568077775505642e-01
1.000000000000000000e+00,-1.569982201997429105e-01
1.000000000000000000e+00,-2.320158221385992814e-01
1.000000000000000000e+00,5.368412702675596782e-01
1.000000000000000000e+00,-4.502765374151695976e-01
1.000000000000000000e+00,1.703125054502449887e+00
1.000000000000000000e+00,-6.783309977423329640e-01
1.000000000000000000e+00,9.182621243731108329e-01
1.000000000000000000e+00,1.148155906345618815e+00
1.000000000000000000e+00,9.151720484280623236e-01
1.000000000000000000e+00,-2.995923903224750329e-01
1.000000000000000000e+00,-2.124279425156755108e-01
1.000000000000000000e+00,1.661579723830102773e-01
1.000000000000000000e+00,1.341798458278812056e+00
1.000000000000000000e+00,-3.788803190715629432e-01
1.000000000000000000e+00,-5.791618795018450561e-01
1.000000000000000000e+00,-5.561275115438917283e-01
1.000000000000000000e+00,1.082422165502726852e+00
1.000000000000000000e+00,-1.155373206101544703e+00
1.000000000000000000e+00,7.179603088124690835e-01
1.000000000000000000e+00,3.404206493012029711e-01
1.000000000000000000e+00,7.721146262630569634e-02
1.000000000000000000e+00,4.261686853736161573e-02
1.000000000000000000e+00,1.450310923744963232e-01
1.000000000000000000e+00,-6.581424755999001341e-01
1.000000000000000000e+00,1.251895283134355052e+00
1.000000000000000000e+00,-3.989928844751473025e-01
1.000000000000000000e+00,8.776942144367799736e-01
1.000000000000000000e+00,7.843262434356224055e-01
1.000000000000000000e+00,1.573240589158614533e+00
1.000000000000000000e+00,-2.372141004241612450e-02
1.000000000000000000e+00,1.968554515082146850e+00
1.000000000000000000e+00,9.192125574130601828e-01
1.000000000000000000e+00,-8.300633969237566911e-03
1.000000000000000000e+00,5.220262004964799640e-01
1.000000000000000000e+00,1.515282870765111811e+00
1.000000000000000000e+00,2.457025959572320672e-01
1.000000000000000000e+00,4.323859525249598712e-01
1.000000000000000000e+00,3.778318750753412725e-01
1.000000000000000000e+00,-9.893999412830086770e-01
1.000000000000000000e+00,-1.027547752663107827e+00
1.000000000000000000e+00,5.813920399717110721e-01
1.000000000000000000e+00,-5.891098751605610140e-01
1.000000000000000000e+00,2.453165799151870718e-01
1.000000000000000000e+00,9.162923129456419513e-01
1.000000000000000000e+00,7.706988254427417084e-01
1.000000000000000000e+00,1.566187129532629729e+00
1.000000000000000000e+00,1.013482660758694198e+00
1.000000000000000000e+00,1.963352841797112669e+00
1.000000000000000000e+00,1.951714990144155781e-01
1.000000000000000000e+00,1.892468733842393724e-01
1.000000000000000000e+00,3.384157809173425902e-01
1.000000000000000000e+00,1.276952437476102320e+00
1.000000000000000000e+00,-3.262220439192531907e-01
1.000000000000000000e+00,1.864992370684056988e+00
1.000000000000000000e+00,3.944118678398679245e-01
1.000000000000000000e+00,1.699252429386393981e+00
1.000000000000000000e+00,-1.554884339444790597e-01
1.000000000000000000e+00,6.221866515593740266e-01
1.000000000000000000e+00,5.934048412692698518e-03
1.000000000000000000e+00,1.843547640937592824e+00
1.000000000000000000e+00,9.513142123808255857e-01
1.000000000000000000e+00,-1.228442030786767170e+00
1.000000000000000000e+00,1.077774392128679315e+00
1.000000000000000000e+00,1.067105391733510045e+00
1.000000000000000000e+00,4.510159981949182773e-01
1.000000000000000000e+00,8.384327604086418972e-01
1.000000000000000000e+00,-6.860065235833995301e-01
1.000000000000000000e+00,5.067055315098862867e-01
1.000000000000000000e+00,7.749761636442515922e-01
1.000000000000000000e+00,1.467737068419906699e+00
1.000000000000000000e+00,-1.134604686091700065e+00
1.000000000000000000e+00,8.819766164208797665e-01
1.000000000000000000e+00,-3.896743559445289273e-01
1.000000000000000000e+00,-2.574122499138694065e-01
1.000000000000000000e+00,8.798774837764997692e-01
1.000000000000000000e+00,8.298714621360815391e-01
1.000000000000000000e+00,6.117030635113424042e-01
1.000000000000000000e+00,8.482962298502804144e-01
1.000000000000000000e+00,6.500616061515285260e-01
1.000000000000000000e+00,1.659397344230025162e+00
1.000000000000000000e+00,5.670334896771972444e-01
1.000000000000000000e+00,2.052656932509011156e+00
1.000000000000000000e+00,1.108667361144410890e+00
1.000000000000000000e+00,4.995729989711514274e-01
1.000000000000000000e+00,1.246771903718595143e+00
1.000000000000000000e+00,7.783034583275497686e-01
1.000000000000000000e+00,1.184659935992690594e+00
1.000000000000000000e+00,1.402789382443661470e+00
1.000000000000000000e+00,4.527922173187581278e-01
1.000000000000000000e+00,7.066275633762858499e-01
1.000000000000000000e+00,-1.391273802790880199e+00
1.000000000000000000e+00,-8.753799172715741594e-01
1.000000000000000000e+00,3.497999432229000893e-01
1.000000000000000000e+00,6.702777843373369793e-01
1.000000000000000000e+00,7.349570898363178006e-01
1.000000000000000000e+00,6.203858925660601376e-01
1.000000000000000000e+00,1.459718373927940460e+00
1.000000000000000000e+00,1.324703907298804495e+00
1.000000000000000000e+00,2.311715375547145790e+00
1.000000000000000000e+00,-7.907060714555272929e-01
1.000000000000000000e+00,1.311193235131062340e-01
1.000000000000000000e+00,2.185740150362708967e+00
1.000000000000000000e+00,5.742197762157325025e-01
1.000000000000000000e+00,1.404865533305517999e+00
1.000000000000000000e+00,-9.456344964946496179e-03
1.000000000000000000e+00,-2.139661638577902703e-01
1.000000000000000000e+00,2.432326886403672006e+00
1.000000000000000000e+00,5.150751850875059379e-01
1.000000000000000000e+00,1.115615649901221085e+00
1.000000000000000000e+00,1.244735094552244625e+00
1.000000000000000000e+00,7.915970561912351044e-01
1.000000000000000000e+00,4.571291523461336603e-01
1.000000000000000000e+00,6.479648106375747174e-01
1.000000000000000000e+00,-4.318347414406793761e-02
1.000000000000000000e+00,5.726749330040770136e-01
1.000000000000000000e+00,1.648012681706563232e-01
1.000000000000000000e+00,-7.632292080792859590e-01
1.000000000000000000e+00,1.082755596110184459e+00
1.000000000000000000e+00,1.115615649901221085e+00
1.000000000000000000e+00,3.250614176625785112e-01
1.000000000000000000e+00,4.255046615070313676e-01
1.000000000000000000e+00,-4.509480728909371350e-01
1.000000000000000000e+00,1.442263125818837421e+00
1.000000000000000000e+00,8.029734280620389741e-01
1.000000000000000000e+00,1.644533973763472545e+00
1.000000000000000000e+00,-3.973857177854624445e-01
1.000000000000000000e+00,-2.231261570411711970e-01
1.000000000000000000e+00,-7.364491990917616526e-01
1.000000000000000000e+00,6.262851992832868531e-01
1.000000000000000000e+00,7.017791863073310488e-01
1.000000000000000000e+00,-3.186497413386729649e-01
1.000000000000000000e+00,1.358166551218038531e+00
1.000000000000000000e+00,-2.328069407878358421e-01
1.000000000000000000e+00,-3.785180638555166732e-01
1.000000000000000000e+00,-1.073318615145852778e-01
1.000000000000000000e+00,1.275020409657188880e+00
1.000000000000000000e+00,-1.129831486718118283e+00
1.000000000000000000e+00,3.494707973545569391e-01
1.000000000000000000e+00,1.963665517056306098e-01
1.000000000000000000e+00,-2.896299823594646883e-01
1.000000000000000000e+00,3.537368394256739657e-01
1.000000000000000000e+00,8.998007416155696658e-01
1.000000000000000000e+00,-4.321809155693138726e-01
1.000000000000000000e+00,-2.076154014465876052e-01
1.000000000000000000e+00,7.208252411931361792e-01
1.000000000000000000e+00,1.027889122226943286e+00
1.000000000000000000e+00,7.690846473617785062e-01
1.000000000000000000e+00,1.218154131172676902e+00
1.000000000000000000e+00,1.219885444600516400e-01
1.000000000000000000e+00,-1.118277214109359569e-01
1.000000000000000000e+00,2.831340768617299775e-01
1.000000000000000000e+00,-9.432657657151711783e-01
1.000000000000000000e+00,1.421872441894546535e+00
1.000000000000000000e+00,1.130145589760315872e+00
1.000000000000000000e+00,1.696636680221677851e-01
1.000000000000000000e+00,-2.939708126042170910e-01
1.000000000000000000e+00,1.313100833776668530e+00
1.000000000000000000e+00,3.520349082575650879e-02
1.000000000000000000e+00,1.647594056534719353e+00
1.000000000000000000e+00,8.296065873544562486e-01
1.000000000000000000e+00,1.331968487706614246e+00
1.000000000000000000e+00,1.232050708686297291e+00
1.000000000000000000e+00,9.769723987638194718e-01
1.000000000000000000e+00,-5.881264434690752774e-02
1.000000000000000000e+00,-3.771473368606060861e-01
1.000000000000000000e+00,1.391633869398124501e+00
1.000000000000000000e+00,-1.483057637977497345e-02
1.000000000000000000e+00,-8.824789509408681454e-01
1.000000000000000000e+00,1.468542988895175316e+00
1.000000000000000000e+00,9.669079361055359367e-01
1.000000000000000000e+00,-7.592186922680898009e-01
1.000000000000000000e+00,-4.163266018020927994e-01
1.000000000000000000e+00,3.727236870073510899e-01
1.000000000000000000e+00,5.698318138407203470e-01
1.000000000000000000e+00,1.712844400901145203e+00
1.000000000000000000e+00,1.429702607865473762e+00
1.000000000000000000e+00,-1.224480315888948206e-01
1.000000000000000000e+00,5.768844944232298655e-01
1.000000000000000000e+00,1.882797409313600401e+00
1.000000000000000000e+00,5.038374829553177170e-01
1.000000000000000000e+00,6.021905531553572999e-01
1.000000000000000000e+00,4.911733522197300195e-01
1.000000000000000000e+00,8.543712108712027131e-01
1.000000000000000000e+00,2.897913928804901063e-01
1.000000000000000000e+00,1.169247618701574482e-01
1.000000000000000000e+00,1.642895645334772947e+00
1.000000000000000000e+00,6.334098306911012388e-02
1.000000000000000000e+00,1.105004298723228917e+00
1.000000000000000000e+00,8.742722659712245381e-01
1.000000000000000000e+00,1.493266712629464754e+00
1.000000000000000000e+00,1.059903524325467306e+00
1.000000000000000000e+00,-3.893693604239222283e-01
1.000000000000000000e+00,3.625688553059248087e-01
1.000000000000000000e+00,-3.064347291666351114e-01
1.000000000000000000e+00,3.216737471099392898e-01
1.000000000000000000e+00,-4.888017953590846343e-01
1.000000000000000000e+00,3.828356713176321313e-01
1.000000000000000000e+00,3.523661124307633785e-01
1.000000000000000000e+00,-2.365689417303895314e-01
1.000000000000000000e+00,6.789391896964821482e-01
1.000000000000000000e+00,8.244668480257136833e-01
1.000000000000000000e+00,3.132429386195031418e-01
1.000000000000000000e+00,1.847584144009047080e-01
1.000000000000000000e+00,6.148620848039609843e-01
1.000000000000000000e+00,1.320722995139672395e+00
1.000000000000000000e+00,-1.376347050977251851e-01
1.000000000000000000e+00,1.333289745440839003e+00
1.000000000000000000e+00,5.959839137870976966e-01
1.000000000000000000e+00,1.148438699127177554e+00
1.000000000000000000e+00,8.698858616831631752e-01
1.000000000000000000e+00,1.013017182282161643e+00
1.000000000000000000e+00,-7.539800144179753527e-01
1.000000000000000000e+00,3.239473854928017760e-01
1.000000000000000000e+00,9.203363276262790382e-01
1.000000000000000000e+00,3.801865339796420828e-01
1.000000000000000000e+00,1.141852665586413629e+00
1.000000000000000000e+00,4.142459252010081139e-01
1.000000000000000000e+00,7.943396787462693176e-01
1.000000000000000000e+00,-6.925329602982978061e-01
1.000000000000000000e+00,1.299025855307188726e+00
1.000000000000000000e+00,8.522818162702647804e-01
1.000000000000000000e+00,8.429142080006982729e-01
1.000000000000000000e+00,5.072808551164457169e-01
1.000000000000000000e+00,8.014102773287123949e-01
1.000000000000000000e+00,-3.710637863614547061e-01
1.000000000000000000e+00,1.460375886621151365e+00
1.000000000000000000e+00,1.501316179338708201e+00
1.000000000000000000e+00,-4.787790115267333002e-01
1.000000000000000000e+00,1.419192032121374958e-01
1.000000000000000000e+00,3.512477955218721304e-01
1.000000000000000000e+00,-4.037793275878103771e-01
1.000000000000000000e+00,-1.318253779019034899e-01
1.000000000000000000e+00,1.047596195501598437e+00
1.000000000000000000e+00,1.319742179404183480e+00
1.000000000000000000e+00,5.350163609265092823e-01
1.000000000000000000e+00,9.623914315570879507e-01
1.000000000000000000e+00,6.186209695726131441e-01
1.000000000000000000e+00,1.218265534389654681e+00
1.000000000000000000e+00,3.922753411086702946e-01
1.000000000000000000e+00,1.277165116344877838e+00
1.000000000000000000e+00,1.653560750512565569e+00
1.000000000000000000e+00,6.907744181742778711e-01
1.000000000000000000e+00,-6.307828582667018846e-01
1.000000000000000000e+00,-8.732690989750636623e-01
1.000000000000000000e+00,1.826068242480753279e+00
1.000000000000000000e+00,1.215951275049906299e-01
1.000000000000000000e+00,8.767761117010584027e-01
1.000000000000000000e+00,1.175862977068831361e+00
1.000000000000000000e+00,1.303108043118118786e+00
1.000000000000000000e+00,1.912214869986984089e+00
1.000000000000000000e+00,-3.997131101681253296e-01
1.000000000000000000e+00,1.244548124118156185e+00
1.000000000000000000e+00,1.169067380833193504e+00
1.000000000000000000e+00,9.275078123387822115e-01
1.000000000000000000e+00,9.926849266185234777e-01
1.000000000000000000e+00,7.653018910709608047e-02
1.000000000000000000e+00,2.539728107955756264e-02
1.000000000000000000e+00,2.108533825779805415e+00
1.000000000000000000e+00,-2.494332866391469061e-01
1.000000000000000000e+00,9.989663541604183461e-01
1.000000000000000000e+00,3.019990541613023716e+00
1.000000000000000000e+00,6.378773661967677144e-01
1.000000000000000000e+00,-4.749683203669690656e-01
1.000000000000000000e+00,-1.053172550872827629e-01
1.000000000000000000e+00,-2.928937849995203457e-01
1.000000000000000000e+00,-5.788480356774383662e-02
1.000000000000000000e+00,1.522899189302050260e+00
1.000000000000000000e+00,4.403033713651283154e-01
1.000000000000000000e+00,-7.826535992685491883e-02
1.000000000000000000e+00,6.845031181975628209e-01
1.000000000000000000e+00,2.012040221659303074e-01
1.000000000000000000e+00,5.018010633107048424e-01
1.000000000000000000e+00,1.067365981776020822e+00
1.000000000000000000e+00,7.435764268477931260e-01
1.000000000000000000e+00,9.164324300750414931e-02
1.000000000000000000e+00,-4.054051913209040792e-01
1.000000000000000000e+00,1.106248820675129751e+00
1.000000000000000000e+00,4.747355348894580773e-01
1.000000000000000000e+00,-7.273904815601787144e-01
1.000000000000000000e+00,-8.777661274366274080e-01
1.000000000000000000e+00,-3.557372745487957233e-01
1.000000000000000000e+00,1.538727794634584090e+00
1.000000000000000000e+00,2.875886474538861259e-01
1.000000000000000000e+00,1.401467735187698960e+00
1.000000000000000000e+00,1.232050708686297291e+00
1.000000000000000000e+00,1.077851906954478522e+00
1.000000000000000000e+00,-9.700582393983012697e-01
1.000000000000000000e+00,8.875109412698963807e-01
1.000000000000000000e+00,3.589805810583782675e-01
1.000000000000000000e+00,1.425112873230341082e+00
1.000000000000000000e+00,-1.117743569328732284e-01
1.000000000000000000e+00,2.979965575886403886e-02
1.000000000000000000e+00,1.157920826787623314e+00
1.000000000000000000e+00,9.684500526650274832e-01
1.000000000000000000e+00,4.636484669735868591e-02
1.000000000000000000e+00,-7.402154847734299103e-01
1.000000000000000000e+00,4.193630722689650758e-01
1.000000000000000000e+00,9.974861715572185261e-01
1.000000000000000000e+00,1.072591026365316225e+00
1.000000000000000000e+00,1.220788856206372675e+00
1.000000000000000000e+00,6.885331100956432193e-01
1.000000000000000000e+00,-1.029841256654592252e+00
1.000000000000000000e+00,7.305562732439619955e-01
1.000000000000000000e+00,1.673985712349772559e+00
1.000000000000000000e+00,1.117913828153557665e+00
1.000000000000000000e+00,2.068080714059924441e-01
1.000000000000000000e+00,3.912384342429550133e-01
1.000000000000000000e+00,1.171656142301842340e+00
1.000000000000000000e+00,2.662128630549919772e-01
1.000000000000000000e+00,8.722845365438222087e-01
1.000000000000000000e+00,5.026545054379708555e-01
1.000000000000000000e+00,-3.541916522936649492e-01
1.000000000000000000e+00,-6.882291346186253378e-01
1.000000000000000000e+00,6.019942341995644375e-01
1.000000000000000000e+00,-6.600394464624220747e-01
1.000000000000000000e+00,8.254581808481198379e-01
1.000000000000000000e+00,9.078626730204188977e-01
1.000000000000000000e+00,1.045493946683316855e+00
1.000000000000000000e+00,8.362249511994479523e-01
1.000000000000000000e+00,1.220804715901451093e-01
1.000000000000000000e+00,1.398800569153608730e-01
1.000000000000000000e+00,4.402437745392626112e-01
1.000000000000000000e+00,8.929598501621935358e-02
1.000000000000000000e+00,7.911304091494895108e-01
1.000000000000000000e+00,8.733272862356027399e-01
1.000000000000000000e+00,3.627662321307639770e-02
1.000000000000000000e+00,7.231834057930760506e-01
1.000000000000000000e+00,-1.352227754283681360e+00
1.000000000000000000e+00,-4.090905671773007596e-02
1.000000000000000000e+00,1.136573087953842265e+00
1.000000000000000000e+00,-9.427197669351046472e-02
1.000000000000000000e+00,3.888191147301986450e-01
1.000000000000000000e+00,-3.503178586123958937e-01
1.000000000000000000e+00,8.219279453394883195e-01
1.000000000000000000e+00,-7.260984379562802626e-01
1.000000000000000000e+00,4.903506823097410483e-01
1.000000000000000000e+00,4.662229268341082644e-01
1.000000000000000000e+00,3.597802691858438817e-01
1.000000000000000000e+00,-1.100274626355264573e-02
1.000000000000000000e+00,-2.647823907125915754e-01
1.000000000000000000e+00,-4.363659371189925751e-01
1.000000000000000000e+00,-9.033702809942499579e-02
1.000000000000000000e+00,1.969274630078958199e-01
1.000000000000000000e+00,-7.813115861860604472e-01
1.000000000000000000e+00,-1.319137993363578010e-01
1.000000000000000000e+00,-8.190115582639895253e-02
1.000000000000000000e+00,2.386818561572126296e-01
1.000000000000000000e+00,1.398726560023448862e-01
1.000000000000000000e+00,-2.786758520523104909e-01
1.000000000000000000e+00,4.793521465244908186e-01
1.000000000000000000e+00,-2.185130511017775723e-01
1.000000000000000000e+00,-7.948334437880286707e-01
1.000000000000000000e+00,1.845865295276813534e+00
1.000000000000000000e+00,1.540197460150866560e+00
1.000000000000000000e+00,7.749761636442515922e-01
1.000000000000000000e+00,1.053566784696821301e+00
1.000000000000000000e+00,2.828664754279409110e-01
1.000000000000000000e+00,5.505473716514525107e-01
1.000000000000000000e+00,-8.601328678934028193e-01
1.000000000000000000e+00,5.275858442584461239e-01
1.000000000000000000e+00,7.966020209987390022e-01
1.000000000000000000e+00,-4.375263223755537223e-01
1.000000000000000000e+00,1.034690950810384313e+00
1.000000000000000000e+00,-5.126537694444370796e-01
1.000000000000000000e+00,9.705199711790811756e-01
1.000000000000000000e+00,6.360037666385068844e-01
1.000000000000000000e+00,-4.606685878548455459e-01
1.000000000000000000e+00,-5.665550084616969295e-01
1.000000000000000000e+00,1.501321632643035642e+00
1.000000000000000000e+00,-3.248798627073602729e-02
1.000000000000000000e+00,3.566492934583385122e-01
1.000000000000000000e+00,1.190865017273999404e+00
1.000000000000000000e+00,-4.197868340941079968e-02
1.000000000000000000e+00,8.352215432031735443e-01
1.000000000000000000e+00,1.468073114983361460e-01
1.000000000000000000e+00,1.282434845237840348e-01
1.000000000000000000e+00,9.353847209182314382e-01
1.000000000000000000e+00,-1.082149351764723821e+00
1.000000000000000000e+00,-3.457701923249332232e-01
1.000000000000000000e+00,9.751821568574230437e-01
1.000000000000000000e+00,-6.298308671398017422e-01
1.000000000000000000e+00,4.168230010175266176e-01
1.000000000000000000e+00,1.658919790579624243e+00
1.000000000000000000e+00,1.140700849808081507e+00
1.000000000000000000e+00,6.024565965021955183e-01
1.000000000000000000e+00,1.214425629099564086e+00
1.000000000000000000e+00,-3.136011500965484311e-01
1.000000000000000000e+00,1.190157145580460624e-01
1.000000000000000000e+00,1.229092680610323729e+00
1.000000000000000000e+00,1.597766435850160649e+00
1.000000000000000000e+00,8.915853386460728114e-01
1.000000000000000000e+00,1.236589415973793349e+00
1.000000000000000000e+00,-5.724332810050887232e-01
1.000000000000000000e+00,1.004435239357504006e+00
1.000000000000000000e+00,1.037206482192348567e+00
1.000000000000000000e+00,2.016170431340134961e+00
1.000000000000000000e+00,-2.667943811838970405e-02
1.000000000000000000e+00,-3.042647035659966082e-01
1.000000000000000000e+00,4.720595205515678572e-01
1.000000000000000000e+00,1.105793469763777015e+00
1.000000000000000000e+00,5.650181042064194026e-01
1.000000000000000000e+00,3.600891599238273955e-01
1.000000000000000000e+00,4.631273975847321478e-01
1.000000000000000000e+00,2.705743379518416036e-01
1.000000000000000000e+00,9.230255857032504396e-01
1.000000000000000000e+00,-1.288318143738364396e+00
1.000000000000000000e+00,-1.822279326712842040e-01
1.000000000000000000e+00,1.452099328738837958e+00
1.000000000000000000e+00,4.105088536496662166e-01
1.000000000000000000e+00,1.431788107249034825e+00
1.000000000000000000e+00,3.928008059328061963e-01
1.000000000000000000e+00,-4.348214834290748398e-01
1.000000000000000000e+00,-3.373133965742389911e-02
1.000000000000000000e+00,9.738410335145764041e-01
1.000000000000000000e+00,6.424258115277058367e-01
1.000000000000000000e+00,6.968696543255598064e-01
1.000000000000000000e+00,9.387135736884804071e-01
1.000000000000000000e+00,-4.701857724716828613e-01
1.000000000000000000e+00,4.581055726463411498e-02
1.000000000000000000e+00,1.378168881969858095e+00
1.000000000000000000e+00,1.153216962283349245e+00
1.000000000000000000e+00,6.813160513398308638e-01
1.000000000000000000e+00,6.187545755286388838e-01
1.000000000000000000e+00,-9.016804250000092225e-01
1.000000000000000000e+00,1.598640801455094851e-01
1.000000000000000000e+00,5.365279840942948492e-02
1.000000000000000000e+00,-6.884889456176607192e-01
1.000000000000000000e+00,-4.239674602085054533e-01
1.000000000000000000e+00,1.652524622690325629e+00
1.000000000000000000e+00,1.158511908684788962e-03
1.000000000000000000e+00,-2.167929231081642816e-01
1.000000000000000000e+00,2.155621829387064647e-01
1.000000000000000000e+00,3.753447787802278723e-01
1.000000000000000000e+00,-1.574531815893580045e-01
1.000000000000000000e+00,1.946125074382817122e+00
1.000000000000000000e+00,7.249786007858957659e-02
1.000000000000000000e+00,7.686413716242940231e-01
1.000000000000000000e+00,-3.035904414380652949e-01
1.000000000000000000e+00,4.479738334236049169e-01
1.000000000000000000e+00,2.722048759457875722e-01
1.000000000000000000e+00,8.285034617933346723e-01
1.000000000000000000e+00,1.695139858879924466e+00
1.000000000000000000e+00,-6.797913147369109010e-01
1.000000000000000000e+00,-7.542235145966490195e-03
1.000000000000000000e+00,1.003296277796515534e+00
1.000000000000000000e+00,8.035105785383054311e-01
1.000000000000000000e+00,1.177324073106884805e+00
1.000000000000000000e+00,8.622418871028489917e-01
1.000000000000000000e+00,-4.144876696784858816e-01
1.000000000000000000e+00,-1.030200395696736937e+00
1.000000000000000000e+00,3.235866883637062430e-01
1.000000000000000000e+00,-2.808766498702260361e-01
1.000000000000000000e+00,1.102782077209740752e+00
1.000000000000000000e+00,-9.161359662072064980e-01
1.000000000000000000e+00,-8.494891864111828728e-01
1.000000000000000000e+00,8.988538142712594325e-01
1.000000000000000000e+00,6.194658422216501314e-01
1.000000000000000000e+00,8.949718406334989940e-01
1.000000000000000000e+00,-2.680165897005832298e-01
1.000000000000000000e+00,-8.471311325074096232e-02
1.000000000000000000e+00,1.679419540590466831e+00
1.000000000000000000e+00,-5.643148689482753166e-01
1.000000000000000000e+00,-3.708203352754020909e-01
1.000000000000000000e+00,8.110161622055749031e-02
1.000000000000000000e+00,-3.370702243137573273e-01
1.000000000000000000e+00,5.541811092461413485e-02
1.000000000000000000e+00,2.680319295699770676e-01
1.000000000000000000e+00,1.793332056602300550e+00
1.000000000000000000e+00,1.281555805372053713e+00
1.000000000000000000e+00,4.323119433947998913e-01
1.000000000000000000e+00,2.534918621457024068e-01
1.000000000000000000e+00,7.241560415720734722e-01
1.000000000000000000e+00,1.638730099871978485e+00
1.000000000000000000e+00,-8.476634980266571917e-01
1.000000000000000000e+00,-6.743590445831675328e-01
1.000000000000000000e+00,1.640029544388892813e+00
1.000000000000000000e+00,-1.324949657689825921e-01
1.000000000000000000e+00,-2.167929231081642816e-01
1.000000000000000000e+00,-5.297911678155897697e-01
1.000000000000000000e+00,8.473294368973482982e-01
1.000000000000000000e+00,-9.237963007005033367e-01
1.000000000000000000e+00,-5.150755367837862170e-02
1.000000000000000000e+00,1.353173272062665022e+00
1.000000000000000000e+00,7.212108677134434487e-01
1.000000000000000000e+00,3.754927970405478876e-01
1.000000000000000000e+00,8.002019808984160987e-01
1.000000000000000000e+00,1.958913073030988494e+00
1.000000000000000000e+00,-3.587284119724724607e-01
1.000000000000000000e+00,1.532448314701377656e+00
1.000000000000000000e+00,1.148438699127177554e+00
1.000000000000000000e+00,1.126230117253114615e+00
1.000000000000000000e+00,1.327310976289124644e+00
1.000000000000000000e+00,1.471370527189024724e+00
1.000000000000000000e+00,1.982755977420207205e-01
1.000000000000000000e+00,1.280096656942688815e+00
1.000000000000000000e+00,1.088845378957138843e+00
1.000000000000000000e+00,-8.308941976976159660e-01
1.000000000000000000e+00,1.863207860907559188e-01
1.000000000000000000e+00,7.940046900518609174e-01
1.000000000000000000e+00,-6.592725888570886983e-02
1.000000000000000000e+00,1.769964147340722660e-01
1.000000000000000000e+00,8.200063239113254687e-02
1.000000000000000000e+00,-6.562499001726596060e-02
1.000000000000000000e+00,1.565102979840487796e-01
1.000000000000000000e+00,-9.703628453971703260e-01
1.000000000000000000e+00,6.330488547364347962e-01
1.000000000000000000e+00,7.239258342251021494e-01
1.000000000000000000e+00,3.763252049939789234e-01
1.000000000000000000e+00,-7.056064783801915263e-01
1.000000000000000000e+00,8.270449817112784929e-02
1.000000000000000000e+00,6.686141369956878355e-01
1.000000000000000000e+00,6.813542244701239481e-01
1.000000000000000000e+00,-5.406510338622243506e-01
1.000000000000000000e+00,6.519593560575258628e-01
1.000000000000000000e+00,8.583412164216797091e-01
1.000000000000000000e+00,-1.073318615145852778e-01
1.000000000000000000e+00,1.168102424792782923e-01
1.000000000000000000e+00,6.766340000528672238e-01
1.000000000000000000e+00,9.468717169625375796e-01
1.000000000000000000e+00,1.186945649549421278e+00
1.000000000000000000e+00,-5.375060353521623480e-01
1.000000000000000000e+00,-5.907401343289360451e-02
1.000000000000000000e+00,5.197424345484377151e-01
1.000000000000000000e+00,3.040654169579264376e-01
1.000000000000000000e+00,1.510372559739865173e+00
1.000000000000000000e+00,1.159867656432568728e+00
1.000000000000000000e+00,-8.399899197942790607e-01
1.000000000000000000e+00,1.100935354651380038e+00
1.000000000000000000e+00,-3.411555282985888615e-01
1.000000000000000000e+00,6.520076567529986544e-01
1.000000000000000000e+00,4.333433969561875654e-01
1.000000000000000000e+00,7.508612623859624025e-01
1.000000000000000000e+00,9.658523321964117558e-01
1.000000000000000000e+00,5.148928889142697640e-01
1.000000000000000000e+00,1.075194979181734789e+00
1.000000000000000000e+00,7.070100737226917564e-01
1.000000000000000000e+00,7.336716681019600506e-01
1.000000000000000000e+00,1.659200246230756903e+00
1.000000000000000000e+00,-1.588414370624643968e-01
1.000000000000000000e+00,6.210726193895973468e-01
1.000000000000000000e+00,1.664493067602409448e+00
1.000000000000000000e+00,4.020920679417867016e-01
1.000000000000000000e+00,7.875452510758443880e-01
1.000000000000000000e+00,1.131577861189780654e+00
1.000000000000000000e+00,4.255046615070313676e-01
1.000000000000000000e+00,-3.018298031837328699e-01
1.000000000000000000e+00,9.096755071876009291e-01
1.000000000000000000e+00,-2.939957419954288831e-01
1.000000000000000000e+00,3.062549186454491812e-01
1.000000000000000000e+00,9.681497314052730507e-01
1.000000000000000000e+00,4.803321832165042271e-01
1.000000000000000000e+00,4.303764098802472238e-01
1.000000000000000000e+00,5.620935749998866582e-01
1.000000000000000000e+00,3.845716590063237572e-02
1.000000000000000000e+00,-2.680321705700905999e-01
1.000000000000000000e+00,-4.701857724716828613e-01
1.000000000000000000e+00,-3.169011782582087378e-01
1.000000000000000000e+00,4.810094508221702397e-02
1.000000000000000000e+00,3.601748547061179306e-01
1.000000000000000000e+00,4.080977140934012315e-01
1.000000000000000000e+00,1.296284401317367552e+00
1.000000000000000000e+00,1.854557083331498157e+00
1.000000000000000000e+00,-9.432657657151711783e-01
1.000000000000000000e+00,-7.503251319532848740e-01
1.000000000000000000e+00,-1.453830993862957666e+00
1.000000000000000000e+00,-7.941328048781015614e-02
1.000000000000000000e+00,9.679834056232818895e-01
1.000000000000000000e+00,2.770248179278914646e-01
1.000000000000000000e+00,-2.406001512863039857e-03
1.000000000000000000e+00,1.274600456131344192e-02
1.000000000000000000e+00,5.602371143980838797e-01
1.000000000000000000e+00,7.446483906698999622e-01
1.000000000000000000e+00,9.907848395821000631e-01
1.000000000000000000e+00,2.115758674970371178e+00
1.000000000000000000e+00,9.629145592507978302e-01
1.000000000000000000e+00,3.039275262627862406e-01
1.000000000000000000e+00,5.513661463440645560e-01
1.000000000000000000e+00,1.263037552440810618e+00
1.000000000000000000e+00,-8.399899197942790607e-01
1.000000000000000000e+00,1.296290244143432746e+00
1.000000000000000000e+00,1.159397114173446264e+00
1.000000000000000000e+00,-8.101806002527849326e-01
1.000000000000000000e+00,2.926808651306312403e-01
1.000000000000000000e+00,-2.781877813149922218e-01
1.000000000000000000e+00,-9.118185072667150948e-01
1.000000000000000000e+00,4.334228593906751525e-01
1.000000000000000000e+00,8.734749149741850571e-01
1.000000000000000000e+00,1.838720687564210587e+00
1.000000000000000000e+00,6.578648951225555264e-01
1.000000000000000000e+00,1.614557938918249613e+00
1.000000000000000000e+00,1.078629392342896232e+00
1.000000000000000000e+00,1.289509060212089109e+00
1.000000000000000000e+00,2.116904647922638105e+00
1.000000000000000000e+00,8.819766164208797665e-01
1.000000000000000000e+00,7.488517197412497550e-01
1.000000000000000000e+00,2.302043050582543715e-01
1.000000000000000000e+00,-2.625819824164137284e-01
1.000000000000000000e+00,9.270528509491671176e-01
1.000000000000000000e+00,-1.348913034992156035e-01
1.000000000000000000e+00,2.463453068244109423e-01
1.000000000000000000e+00,9.034867858192748846e-01
1.000000000000000000e+00,3.178860377326984676e-01
1.000000000000000000e+00,3.211428289814757808e-01
1.000000000000000000e+00,4.968408935030346751e-01
1.000000000000000000e+00,-5.779418974194182601e-01
1.000000000000000000e+00,6.998728669231046862e-01
1.000000000000000000e+00,1.189967169668637581e+00
1.000000000000000000e+00,5.986283768642355341e-01
1.000000000000000000e+00,-1.158986130914732016e-01
1.000000000000000000e+00,1.480065431417610711e+00
1.000000000000000000e+00,-5.724988313531863965e-02
1.000000000000000000e+00,3.490142778779911081e-01
1.000000000000000000e+00,3.794713720692539649e-01
1.000000000000000000e+00,1.092603484682315607e+00
1.000000000000000000e+00,5.689807088438804117e-01
1.000000000000000000e+00,-6.410198790547795289e-01
1.000000000000000000e+00,6.630544932337216757e-01
1.000000000000000000e+00,6.577079178622687872e-01
1.000000000000000000e+00,4.111214606468766714e-02
1.000000000000000000e+00,-3.758120563438247519e-01
1.000000000000000000e+00,1.547218978994361338e+00
1.000000000000000000e+00,1.022414394203792209e+00
1.000000000000000000e+00,-1.103261151121634892e-01
1.000000000000000000e+00,1.029361514395389365e+00
1.000000000000000000e+00,1.659367240360056783e-01
1.000000000000000000e+00,1.438700170484240370e+00
1.000000000000000000e+00,9.530172014179807416e-01
1.000000000000000000e+00,1.566205326358134087e-01
1.000000000000000000e+00,1.605186045909568593e+00
1.000000000000000000e+00,5.613316704809764301e-01
1.000000000000000000e+00,2.803950879284728526e+00
1.000000000000000000e+00,1.286420542353991392e+00
1.000000000000000000e+00,8.849513939315737376e-01
1.000000000000000000e+00,5.487329793973195757e-01
1.000000000000000000e+00,3.064972011662887019e-01
1.000000000000000000e+00,1.799952368055980578e+00
1.000000000000000000e+00,3.461193523235223668e-01
1.000000000000000000e+00,6.350341363372442871e-02
1.000000000000000000e+00,1.501700526597635754e-01
1.000000000000000000e+00,-1.435026831976254469e+00
1.000000000000000000e+00,1.874372054127491749e+00
1.000000000000000000e+00,2.639972634110444583e-01
1.000000000000000000e+00,9.158615019037632532e-01
1.000000000000000000e+00,7.221675331011957466e-01
1.000000000000000000e+00,1.261306907360280061e+00
1.000000000000000000e+00,-4.491111374686395513e-03
1.000000000000000000e+00,-6.453801853864160609e-01
1.000000000000000000e+00,1.210174778376216898e+00
1.000000000000000000e+00,7.594615128322911302e-01
1.000000000000000000e+00,5.924715962783996259e-01
1.000000000000000000e+00,5.755819337324140639e-01
1.000000000000000000e+00,4.714700634662849499e-02
1.000000000000000000e+00,8.655707398730979607e-01
1.000000000000000000e+00,-1.330352324191505231e-01
1.000000000000000000e+00,8.144101758021837778e-01
1.000000000000000000e+00,1.275966947479761249e+00
1.000000000000000000e+00,1.192639678310888574e+00
1.000000000000000000e+00,1.210174778376216898e+00
1.000000000000000000e+00,7.832799880482027577e-01
1.000000000000000000e+00,5.149552123922992442e-01
1.000000000000000000e+00,1.145929010571278495e+00
1.000000000000000000e+00,1.124261474390858773e+00
1.000000000000000000e+00,7.171306275112018236e-01
1.000000000000000000e+00,6.349388142076783925e-01
1.000000000000000000e+00,-4.288949592828311848e-03
1.000000000000000000e+00,5.852296081313754783e-01
1.000000000000000000e+00,5.113124051014769078e-01
1.000000000000000000e+00,1.221677744811767941e+00
1.000000000000000000e+00,1.159397114173446264e+00
1.000000000000000000e+00,1.699890465992720534e+00
1.000000000000000000e+00,8.817966573780696704e-01
1.000000000000000000e+00,3.672773940710510332e-01
1.000000000000000000e+00,-5.423906379427217983e-01
1.000000000000000000e+00,-2.087111260946931668e-01
1.000000000000000000e+00,1.778168754397731144e+00
1.000000000000000000e+00,1.390216789316429447e+00
1.000000000000000000e+00,1.159073032087692967e+00
1.000000000000000000e+00,4.089231106555539785e-01
1.000000000000000000e+00,-4.567024775217453647e-01
1.000000000000000000e+00,5.613316704809764301e-01
1.000000000000000000e+00,1.906647325094097678e-01
1.000000000000000000e+00,9.371885960854469122e-01
1.000000000000000000e+00,8.337662899911855163e-01
1.000000000000000000e+00,9.476865964377728657e-01
1.000000000000000000e+00,-6.343789229490021109e-01
1.000000000000000000e+00,5.106198354518743932e-01
1.000000000000000000e+00,1.171013431434663410e+00
1.000000000000000000e+00,1.084721122798538939e+00
1.000000000000000000e+00,1.295748029884576491e+00
1.000000000000000000e+00,2.800264724384856629e-01
1.000000000000000000e+00,1.313875982034659939e+00
1.000000000000000000e+00,3.879056862553292850e-01
1.000000000000000000e+00,5.707841944893581321e-01
1.000000000000000000e+00,1.496621663356138443e+00
1.000000000000000000e+00,2.584512529098972333e-01
1.000000000000000000e+00,-3.559752723305207311e-01
1.000000000000000000e+00,1.690208513680842906e+00
1.000000000000000000e+00,-1.869541106107729458e-02
1.000000000000000000e+00,1.012227232198138260e+00
1.000000000000000000e+00,1.341798458278812056e+00
1.000000000000000000e+00,1.232374011728575303e+00
1.000000000000000000e+00,7.102310289716021741e-01
1.000000000000000000e+00,1.059940918412284994e+00
1.000000000000000000e+00,5.920536394538644664e-01
1.000000000000000000e+00,2.108863639995456896e-01
1.000000000000000000e+00,4.318343897443990831e-01
1.000000000000000000e+00,2.964342965949559039e-01
1.000000000000000000e+00,1.139193011161506064e+00
1.000000000000000000e+00,2.141875607264190351e-01
1.000000000000000000e+00,9.043304899030988331e-01
1.000000000000000000e+00,6.347752150778510627e-01
1.000000000000000000e+00,-1.335081118086990926e-01
1.000000000000000000e+00,-2.547981695322709683e-01
1.000000000000000000e+00,1.542747658967484670e+00
1.000000000000000000e+00,3.053597976922509671e-01
1.000000000000000000e+00,-6.784560342201295668e-01
1.000000000000000000e+00,1.588730310579363314e+00
1.000000000000000000e+00,4.473576100345885709e-01
1.000000000000000000e+00,1.232050708686297291e+00
1.000000000000000000e+00,-3.505971456983154599e-01
1.000000000000000000e+00,4.187811267928648884e-01
1.000000000000000000e+00,-1.264702330522215479e-01
1.000000000000000000e+00,9.096755071876009291e-01
1.000000000000000000e+00,1.081280866811312302e+00
1.000000000000000000e+00,7.088392678028565541e-01
1.000000000000000000e+00,2.062880598861840942e-01
1.000000000000000000e+00,-3.248778044025051326e-01
1.000000000000000000e+00,-6.774892412671974506e-01
1.000000000000000000e+00,1.008029745952853551e+00
1.000000000000000000e+00,4.331917623040616727e-02
1.000000000000000000e+00,1.148632291430806474e+00
1.000000000000000000e+00,3.629607141740350817e-01
1.000000000000000000e+00,3.218155330224563571e-01
1.000000000000000000e+00,1.727658691628749521e+00
1.000000000000000000e+00,5.755819337324140639e-01
1.000000000000000000e+00,1.127750810117033708e+00
1.000000000000000000e+00,4.952274944655468136e-01
1.000000000000000000e+00,-3.543938140755230060e-01
1.000000000000000000e+00,3.436821148108325508e-01
1.000000000000000000e+00,1.840450943123003613e+00
1.000000000000000000e+00,3.614891010490642875e-01
1.000000000000000000e+00,-1.249596677534823425e-01
1.000000000000000000e+00,6.408174762728078289e-01
1.000000000000000000e+00,7.148830870847641128e-01
1.000000000000000000e+00,1.362723176505467926e+00
1.000000000000000000e+00,6.298134871832300474e-01
1.000000000000000000e+00,1.391640880789402734e+00
1.000000000000000000e+00,6.004252406401726638e-01
1.000000000000000000e+00,1.948884446372571855e+00
1.000000000000000000e+00,1.507746014662660672e+00
1.000000000000000000e+00,5.252448186149641929e-01
1.000000000000000000e+00,1.041741573088038608e-01
1.000000000000000000e+00,9.797161898840667238e-01
1.000000000000000000e+00,5.562371156738051825e-01
1.000000000000000000e+00,1.480065431417610711e+00
1.000000000000000000e+00,3.211428289814757808e-01
1.000000000000000000e+00,8.281852225336467921e-01
1.000000000000000000e+00,2.829934595144260046e-01
1.000000000000000000e+00,7.601599253079588392e-01
1.000000000000000000e+00,7.945063940499981214e-01
1.000000000000000000e+00,1.217969497869014761e+00
1.000000000000000000e+00,1.148038660302575842e+00
1.000000000000000000e+00,1.207355809560596516e+00
1.000000000000000000e+00,5.814317711889548379e-01
1.000000000000000000e+00,-1.244454990597392285e-01
1.000000000000000000e+00,-1.027569287054847097e-01
1.000000000000000000e+00,3.052483944752732992e-01
1.000000000000000000e+00,6.878377030977102236e-02
1.000000000000000000e+00,-7.141919270004882803e-01
1.000000000000000000e+00,5.578633689286365271e-01
1.000000000000000000e+00,5.021313777442610871e-01
1.000000000000000000e+00,-3.997131101681253296e-01
1.000000000000000000e+00,2.443404384405505336e-01
1.000000000000000000e+00,1.052265392571218650e+00
1.000000000000000000e+00,-1.310153563787725961e+00
1.000000000000000000e+00,3.482956102719638181e-01
1.000000000000000000e+00,-1.436975219708150675e+00
1.000000000000000000e+00,-5.288462371725889503e-03
1.000000000000000000e+00,5.228207141451889084e-02
1.000000000000000000e+00,-1.300327988650809563e-01
1.000000000000000000e+00,2.956221437718843936e-01
1.000000000000000000e+00,8.017059243276146718e-01
1.000000000000000000e+00,-2.239901162553546710e-01
1.000000000000000000e+00,8.555315961277638603e-01
1.000000000000000000e+00,2.464555414761755714e-01
1.000000000000000000e+00,1.868627387540125584e+00
1.000000000000000000e+00,7.747576419494107691e-01
1.000000000000000000e+00,1.667632891633714642e-01
1.000000000000000000e+00,-1.935844389334661353e-01
1.000000000000000000e+00,9.681497314052730507e-01
1.000000000000000000e+00,1.161099324167126134e+00
1.000000000000000000e+00,-1.376759944019197157e-01
1.000000000000000000e+00,1.439668521524123168e+00
1.000000000000000000e+00,1.150059777903252312e-01
1.000000000000000000e+00,1.065821528086102976e+00
1.000000000000000000e+00,-4.974068307624323476e-02
1.000000000000000000e+00,1.029152730743990718e+00
1.000000000000000000e+00,7.209124940623774513e-01
1.000000000000000000e+00,2.308937585339553566e-01
1.000000000000000000e+00,8.290020496175704023e-01
1.000000000000000000e+00,1.048763202627700286e+00
1.000000000000000000e+00,-1.224881802104333728e+00
1.000000000000000000e+00,4.755366704077076956e-02
1.000000000000000000e+00,9.903283201055341767e-01
1.000000000000000000e+00,-4.084130781793012255e-01
1.000000000000000000e+00,1.016853192354875368e+00
1.000000000000000000e+00,-2.539303151007106241e-01
1.000000000000000000e+00,1.484468585140392483e+00
1.000000000000000000e+00,9.881057090703083690e-01
1.000000000000000000e+00,1.008739844080651871e+00
1.000000000000000000e+00,5.432489028524641883e-01
1.000000000000000000e+00,5.288393252103137376e-01
1.000000000000000000e+00,6.767711117045319691e-01
1.000000000000000000e+00,2.753416944993581916e-01
1.000000000000000000e+00,1.435496354191788004e+00
1.000000000000000000e+00,7.037053713001792943e-01
1.000000000000000000e+00,4.797545224795186081e-01
1.000000000000000000e+00,1.412121933756836478e+00
1.000000000000000000e+00,1.909234249650224813e+00
1.000000000000000000e+00,1.179134959665378402e+00
1.000000000000000000e+00,1.106248820675129751e+00
1.000000000000000000e+00,-1.930963681961478939e-01
1.000000000000000000e+00,7.239258342251021494e-01
1.000000000000000000e+00,5.082157072868878078e-01
1.000000000000000000e+00,1.886422249511868210e-02
1.000000000000000000e+00,1.756759860651133875e+00
1.000000000000000000e+00,1.060049094759194510e-01
1.000000000000000000e+00,5.099673865412535090e-01
1.000000000000000000e+00,2.264197118549149956e-01
1.000000000000000000e+00,3.556135551578363252e-01
1.000000000000000000e+00,-3.283449373896319412e-01
1.000000000000000000e+00,1.431884708639980408e+00
1.000000000000000000e+00,2.198531265184781702e+00
1.000000000000000000e+00,8.573596216427156191e-01
1.000000000000000000e+00,1.283807241015868295e+00
1.000000000000000000e+00,8.747774756650009698e-01
1.000000000000000000e+00,4.711312902506664679e-01
1.000000000000000000e+00,9.376373251272590581e-01
1.000000000000000000e+00,2.767217700159732008e-01
1.000000000000000000e+00,1.510539275043593976e+00
1.000000000000000000e+00,1.412121933756836478e+00
1.000000000000000000e+00,-1.071048761284200346e+00
1.000000000000000000e+00,6.344565862964254288e-01
1.000000000000000000e+00,7.715927778307268836e-01
1.000000000000000000e+00,8.791895883877495210e-01
1.000000000000000000e+00,1.031635152778251907e+00
1.000000000000000000e+00,-1.074264652750520854e+00
1.000000000000000000e+00,-3.679526762425712749e-01
1.000000000000000000e+00,-2.307658468823707842e-01
1.000000000000000000e+00,1.416615846044498639e+00
1.000000000000000000e+00,4.893379257917622183e-01
1.000000000000000000e+00,-3.104148622822919257e-01
1.000000000000000000e+00,8.967052123661934937e-01
1.000000000000000000e+00,-2.382625822458403209e-01
1.000000000000000000e+00,-1.288647338699328536e-02
1.000000000000000000e+00,1.112268100087563383e+00
1.000000000000000000e+00,-1.306848582539642534e-01
1.000000000000000000e+00,5.199204459825593760e-01
1.000000000000000000e+00,8.588507108545706537e-01
1.000000000000000000e+00,1.481917996802036619e+00
1.000000000000000000e+00,1.247164152108443114e+00
1.000000000000000000e+00,2.211962253525702748e-01
1.000000000000000000e+00,1.080487800553387334e+00
1.000000000000000000e+00,7.037053713001792943e-01
1.000000000000000000e+00,1.562063652417505111e+00
1.000000000000000000e+00,-7.907060714555272929e-01
1.000000000000000000e+00,1.349139774468945507e+00
1.000000000000000000e+00,1.236589415973793349e+00
1.000000000000000000e+00,1.013306486237094267e-01
1.000000000000000000e+00,-3.262216543975155481e-01
1.000000000000000000e+00,5.095642315427503233e-01
1.000000000000000000e+00,2.644459924528566042e-01
1.000000000000000000e+00,-5.549725795916581328e-01
1.000000000000000000e+00,8.842039017169578408e-01
1.000000000000000000e+00,-1.102845469823980108e-02
1.000000000000000000e+00,2.544282724030951237e-01
1.000000000000000000e+00,-5.477835664009591543e-01
1.000000000000000000e+00,-7.086992809774038671e-01
1.000000000000000000e+00,1.632443998069231350e+00
1.000000000000000000e+00,5.838452478756459563e-01
1.000000000000000000e+00,1.695587808878261216e+00
1.000000000000000000e+00,-8.183391330485798587e-01
1.000000000000000000e+00,7.208252411931361792e-01
1.000000000000000000e+00,9.100907373599722572e-01
1.000000000000000000e+00,5.946170820095639797e-01
1.000000000000000000e+00,1.554172721055499196e+00
1.000000000000000000e+00,-1.257892600807854144e+00
1.000000000000000000e+00,-1.203333180750074671e-01
1.000000000000000000e+00,-6.767861545306775861e-01
1.000000000000000000e+00,4.462077418649449401e-01
1.000000000000000000e+00,-1.063058501879085016e+00
1.000000000000000000e+00,4.360494044678794867e-01
1.000000000000000000e+00,4.460706302132800838e-01
1.000000000000000000e+00,1.225770839231353326e+00
1.000000000000000000e+00,-1.987826065228613659e-01
1.000000000000000000e+00,1.551578785108093383e-01
1.000000000000000000e+00,1.186616114159340540e+00
1.000000000000000000e+00,-2.033851953753375297e-01
1.000000000000000000e+00,-2.998412947128551997e-01
1.000000000000000000e+00,9.416349867211116775e-01
1.000000000000000000e+00,8.070949575684751576e-01
1.000000000000000000e+00,1.358138116131187401e+00
1.000000000000000000e+00,9.677508611458844889e-01
1.000000000000000000e+00,-8.149604214959074167e-01
1.000000000000000000e+00,9.748471681630146435e-01
1.000000000000000000e+00,1.712192341512261962e+00
1.000000000000000000e+00,5.709641535321682282e-01
1.000000000000000000e+00,6.580569293392337649e-01
1.000000000000000000e+00,1.294428719759040280e+00
1.000000000000000000e+00,8.582570797263399109e-01
1.000000000000000000e+00,1.795960549288193153e+00
1.000000000000000000e+00,5.818088282310330817e-01
1.000000000000000000e+00,1.722660627516357235e-01
1.000000000000000000e+00,4.050267247134992088e-01
1.000000000000000000e+00,-2.702578977792179371e-01
1.000000000000000000e+00,1.122018608225273439e+00
1.000000000000000000e+00,5.671499566767648215e-01
1.000000000000000000e+00,1.094258173023997971e+00
1.000000000000000000e+00,7.210305191488957099e-01
1.000000000000000000e+00,2.926808651306312403e-01
1.000000000000000000e+00,3.616858095265947926e-01
1.000000000000000000e+00,4.249339014651572904e-02
1.000000000000000000e+00,8.572373118170828477e-01
1.000000000000000000e+00,1.284407883535377159e+00
1.000000000000000000e+00,3.251330896623124134e-01
1.000000000000000000e+00,6.150516711940464537e-02
1.000000000000000000e+00,1.810782130232646836e-01
1.000000000000000000e+00,2.041991048287743471e+00
1.000000000000000000e+00,7.843262434356224055e-01
1.000000000000000000e+00,1.462784689046990216e+00
1.000000000000000000e+00,8.369206370229519409e-01
1.000000000000000000e+00,1.510455868299108440e-02
1.000000000000000000e+00,7.470294263561964854e-02
1.000000000000000000e+00,1.478378802293438099e+00
1.000000000000000000e+00,-3.770246375132355610e-01
1.000000000000000000e+00,-5.724332810050887232e-01
1.000000000000000000e+00,-5.611792189599177361e-01
1.000000000000000000e+00,8.525299416171696620e-01
1.000000000000000000e+00,-9.345778728778634248e-01
1.000000000000000000e+00,5.032313871314810783e-01
1.000000000000000000e+00,1.073710511839420567e+00
1.000000000000000000e+00,-3.276582596587157385e-03
1.000000000000000000e+00,2.807170944793996870e-01
1.000000000000000000e+00,-2.632924700659496353e-01
1.000000000000000000e+00,1.143865713926765393e+00
1.000000000000000000e+00,-2.987946498036978538e-01
1.000000000000000000e+00,1.029361514395389365e+00
1.000000000000000000e+00,3.082738098118661951e-01
1.000000000000000000e+00,-1.324980819428840662e-01
1.000000000000000000e+00,1.762699566932912909e-01
1.000000000000000000e+00,2.771615400578186228e-01
1.000000000000000000e+00,9.542878213263065179e-01
1.000000000000000000e+00,8.847165123237501483e-01
1.000000000000000000e+00,8.101534822527711732e-01
1.000000000000000000e+00,-3.588429313633516027e-01
1.000000000000000000e+00,7.460506689255629320e-01
1.000000000000000000e+00,1.558808308559511691e-01
1.000000000000000000e+00,4.260682994614603536e-01
1.000000000000000000e+00,1.831396899852272719e+00
1.000000000000000000e+00,-3.213806782415766783e-01
1.000000000000000000e+00,1.445387368980635412e-01
1.000000000000000000e+00,1.360331902557824657e+00
1.000000000000000000e+00,2.337841377537098531e+00
1.000000000000000000e+00,1.836415497920595552e+00
1.000000000000000000e+00,-1.026330107711107109e+00
1.000000000000000000e+00,1.197742802596288847e+00
1.000000000000000000e+00,6.384756715858506126e-01
1.000000000000000000e+00,7.623669554736773879e-01
1.000000000000000000e+00,1.136934953648151003e+00
1.000000000000000000e+00,1.931056815482242728e+00
1.000000000000000000e+00,1.417474241258187828e-01
1.000000000000000000e+00,3.955056448792850787e-01
1.000000000000000000e+00,8.222605969034705309e-01
1.000000000000000000e+00,6.755413915786631085e-01
1.000000000000000000e+00,1.256782612377078223e+00
1.000000000000000000e+00,1.525457457378993076e-01
1.000000000000000000e+00,1.357712368871898612e+00
1.000000000000000000e+00,8.998463156588786260e-01
1.000000000000000000e+00,1.246028306721356005e+00
1.000000000000000000e+00,4.659837604871701622e-01
1.000000000000000000e+00,1.472659065097283948e+00
1.000000000000000000e+00,-4.407013140594173706e-01
1.000000000000000000e+00,1.565113997145309632e+00
1.000000000000000000e+00,-1.210430266810680194e-01
1.000000000000000000e+00,1.577181770100502867e+00
1.000000000000000000e+00,-5.595962026179692739e-01
1.000000000000000000e+00,8.573596216427156191e-01
1.000000000000000000e+00,1.448207506361468833e-01
1.000000000000000000e+00,2.924864937835268686e-01
1.000000000000000000e+00,1.377213274451152270e-01
1.000000000000000000e+00,5.714740374867968153e-01
1.000000000000000000e+00,1.261642675098163746e+00
1.000000000000000000e+00,1.335759313257756542e+00
1.000000000000000000e+00,4.942451206431073274e-01
1.000000000000000000e+00,1.080057379033246390e+00
1.000000000000000000e+00,4.527922173187581278e-01
1.000000000000000000e+00,-1.202748008403906388e+00
1.000000000000000000e+00,3.986381786937411853e-01
1.000000000000000000e+00,1.362521014723609758e+00
1.000000000000000000e+00,1.891845220236528125e+00
1.000000000000000000e+00,1.132520114273238621e+00
1.000000000000000000e+00,-8.323176208232807571e-02
1.000000000000000000e+00,1.378408827360271705e+00
1.000000000000000000e+00,9.002930970920024478e-01
1.000000000000000000e+00,1.266454437123776255e+00
1.000000000000000000e+00,7.568108174073503447e-01
1.000000000000000000e+00,-2.141067812050942709e-01
1.000000000000000000e+00,6.656253367024371759e-01
1.000000000000000000e+00,9.975126590353809997e-01
1.000000000000000000e+00,5.857971413031813901e-01
1.000000000000000000e+00,3.903448713767075362e-01
1.000000000000000000e+00,-1.934068170210821724e-01
1.000000000000000000e+00,4.518635974961190405e-01
1.000000000000000000e+00,7.000049147921796333e-01
1.000000000000000000e+00,1.460898124575218948e-01
1.000000000000000000e+00,-2.490944027273616634e-01
1.000000000000000000e+00,-9.505159338186865980e-01
1.000000000000000000e+00,7.277519955582069378e-02
1.000000000000000000e+00,-1.289838447080545736e+00
1.000000000000000000e+00,1.469270225979431466e+00
1.000000000000000000e+00,1.125335775343391687e+00
1.000000000000000000e+00,-6.598997188547602033e-02
1.000000000000000000e+00,4.645460357533778839e-01
1.000000000000000000e+00,1.710446505083961455e+00
1.000000000000000000e+00,1.061140645364352375e+00
1.000000000000000000e+00,1.608955337068971592e-01
1.000000000000000000e+00,5.438881080240038912e-01
1.000000000000000000e+00,1.309876372832118996e+00
1.000000000000000000e+00,-3.503385032644931729e-01
1.000000000000000000e+00,8.538788553947699311e-01
1.000000000000000000e+00,5.153404493908688710e-01
1.000000000000000000e+00,7.009748239190132235e-01
1.000000000000000000e+00,4.301239997942278848e-01
1.000000000000000000e+00,-6.767861545306775861e-01
1.000000000000000000e+00,1.013114562716582734e+00
1.000000000000000000e+00,4.812171766045226229e-01
1.000000000000000000e+00,-2.983599435444422854e-01
1.000000000000000000e+00,8.404719067054184922e-01
1.000000000000000000e+00,7.179603088124690835e-01
1.000000000000000000e+00,4.504293784579659343e-01
1.000000000000000000e+00,3.969379163087497497e-01
1.000000000000000000e+00,1.960494531285986053e+00
1.000000000000000000e+00,6.561693069984163573e-01
1.000000000000000000e+00,1.455913915115979007e+00
1.000000000000000000e+00,1.081902543504656311e+00
1.000000000000000000e+00,2.513198889363754684e-01
1.000000000000000000e+00,1.959361301854896098e-01
1.000000000000000000e+00,5.763691571642737266e-01
1.000000000000000000e+00,1.438567733093427670e+00
1.000000000000000000e+00,-4.674447080035993296e-01
1.000000000000000000e+00,6.182131403132579139e-01
1.000000000000000000e+00,3.112957194528199745e-01
1.000000000000000000e+00,1.017241156005608715e+00
1.000000000000000000e+00,2.583227107364614583e-01
1.000000000000000000e+00,3.944854874482902618e-01
1.000000000000000000e+00,1.382220687085248922e+00
1.000000000000000000e+00,3.786658411157231008e-01
1.000000000000000000e+00,7.214492550169061547e-01
1.000000000000000000e+00,7.288465516410995437e-02
1.000000000000000000e+00,8.951260912416219018e-01
1.000000000000000000e+00,1.492566241848941877e-01
1.000000000000000000e+00,7.289467694238510598e-01
1.000000000000000000e+00,3.369570220097153346e-01
1.000000000000000000e+00,2.993709009753568462e-01
1.000000000000000000e+00,5.032076263054824361e-01
1.000000000000000000e+00,3.617282673960023898e-01
1.000000000000000000e+00,-2.150833122014684795e-01
1.000000000000000000e+00,1.795337593333469484e-01
1.000000000000000000e+00,1.129091543938142594e+00
1.000000000000000000e+00,2.903229793562622438e-02
1.000000000000000000e+00,-2.221289813926997092e-01
1.000000000000000000e+00,-6.098773373013592625e-02
1.000000000000000000e+00,7.974301442130554696e-01
1.000000000000000000e+00,-1.024386894457967462e-01
1.000000000000000000e+00,6.924252112985833651e-01
1.000000000000000000e+00,8.076648278707070361e-01
1.000000000000000000e+00,-3.637345453451893973e-01
1.000000000000000000e+00,1.007887960040336539e+00
1.000000000000000000e+00,4.797545224795186081e-01
1.000000000000000000e+00,-2.518845469343933829e-01
1.000000000000000000e+00,1.280626406505939396e+00
1.000000000000000000e+00,1.994126617161112724e+00
1.000000000000000000e+00,1.851611798776701401e-01
1.000000000000000000e+00,7.409650731183584638e-01
1.000000000000000000e+00,-3.147533553966182507e-01
1.000000000000000000e+00,7.436083676302831513e-01
1.000000000000000000e+00,1.555271172355768394e+00
1.000000000000000000e+00,1.708681192568776819e+00
1.000000000000000000e+00,-1.415904090400746558e-02
1.000000000000000000e+00,-4.533015632300248510e-01
1.000000000000000000e+00,1.001126641717614785e+00
1.000000000000000000e+00,1.086975674616254883e+00
1.000000000000000000e+00,-2.031059082894179635e-01
1.000000000000000000e+00,-8.518738384892853288e-01
1.000000000000000000e+00,5.937274143606933174e-01
1.000000000000000000e+00,1.181605306525771448e+00
1.000000000000000000e+00,1.683221551575835306e-01
1.000000000000000000e+00,2.926808651306312403e-01
1.000000000000000000e+00,7.460506689255629320e-01
1.000000000000000000e+00,4.388434438922880210e-01
1.000000000000000000e+00,3.718332403150050869e-01
1.000000000000000000e+00,-5.932621768842742949e-01
1.000000000000000000e+00,1.136934953648151003e+00
1.000000000000000000e+00,9.278202087724048974e-01
1.000000000000000000e+00,9.110505189216261401e-01
1.000000000000000000e+00,1.228753796698538681e+00
1.000000000000000000e+00,1.374874307112525562e+00
1.000000000000000000e+00,-3.541916522936649492e-01
1.000000000000000000e+00,1.172980516209968460e+00
1.000000000000000000e+00,1.503924695719812410e-01
1.000000000000000000e+00,1.880469627409199651e+00
1.000000000000000000e+00,-1.962250067932271302e-01
1.000000000000000000e+00,4.007835537287388755e-02
1.000000000000000000e+00,1.440313179999990423e+00
1.000000000000000000e+00,4.301656786201600857e-01
1.000000000000000000e+00,4.679788417349674615e-03
1.000000000000000000e+00,1.186670257680878748e+00
1.000000000000000000e+00,1.535607725515733879e+00
1.000000000000000000e+00,-4.296988830567903261e-01
1.000000000000000000e+00,2.312844488368525631e-01
1.000000000000000000e+00,-9.519478157264135154e-01
1.000000000000000000e+00,-3.910055638228346537e-04
1.000000000000000000e+00,1.249457266578189785e+00
1.000000000000000000e+00,9.464759628770504918e-01
1.000000000000000000e+00,-1.424646856710446663e+00
1.000000000000000000e+00,1.259618330627419125e+00
1.000000000000000000e+00,1.521707252784736619e+00
1.000000000000000000e+00,-6.217436168220030757e-01
1.000000000000000000e+00,-8.716710019815122890e-02
1.000000000000000000e+00,-4.465753018636946514e-01
1.000000000000000000e+00,1.243814654686097088e+00
1.000000000000000000e+00,1.424949163404347074e-01
1.000000000000000000e+00,-1.478539185820360903e-02
1.000000000000000000e+00,8.921668946004353007e-01
1.000000000000000000e+00,4.091426902194410936e-02
1.000000000000000000e+00,1.839509858604758685e+00
1.000000000000000000e+00,7.261402653038365740e-01
1.000000000000000000e+00,1.215951275049906299e-01
1.000000000000000000e+00,1.282469623368660772e+00
1.000000000000000000e+00,1.360673690542872410e-03
1.000000000000000000e+00,4.983911900190176603e-01
1.000000000000000000e+00,-6.405851727955239605e-01
1.000000000000000000e+00,-4.104066504327688047e-01
1.000000000000000000e+00,5.919235391934779544e-01
1.000000000000000000e+00,-6.709051553351219610e-01
1.000000000000000000e+00,7.351191308791944490e-01
1.000000000000000000e+00,-4.212314595230118863e-01
1.000000000000000000e+00,3.698120120181619397e-01
1.000000000000000000e+00,5.490742004395309239e-01
1.000000000000000000e+00,2.699534403019730466e-01
1.000000000000000000e+00,4.969561919373891579e-01
1.000000000000000000e+00,8.263201924536149878e-01
1.000000000000000000e+00,1.133679720486324261e+00
1.000000000000000000e+00,6.502427337595516610e-01
1.000000000000000000e+00,4.899459692242871811e-01
1.000000000000000000e+00,1.242153295382253039e-02
1.000000000000000000e+00,-7.465955720111257243e-02
1.000000000000000000e+00,-5.380339480028911714e-02
1.000000000000000000e+00,9.428187432819338243e-01
1.000000000000000000e+00,2.012039163790256602e+00
1.000000000000000000e+00,5.082157072868878078e-01
1.000000000000000000e+00,1.065669893433977139e-01
1.000000000000000000e+00,-6.986153422322360917e-01
1.000000000000000000e+00,-9.210318649281588055e-01
1.000000000000000000e+00,-1.288805824953945134e+00
1.000000000000000000e+00,3.668172582026793527e-02
1.000000000000000000e+00,5.980900578227560382e-01
1.000000000000000000e+00,2.926808651306312403e-01
1.000000000000000000e+00,-2.156112248521972405e-02
1.000000000000000000e+00,-1.212202590717143119e-01
1.000000000000000000e+00,6.397466810159141426e-01
1.000000000000000000e+00,6.766523075745383142e-01
1.000000000000000000e+00,-6.882155013578064029e-01
1.000000000000000000e+00,4.659487035307786074e-01
1.000000000000000000e+00,7.030552595199843768e-01
1.000000000000000000e+00,9.312809987155620806e-02
1.000000000000000000e+00,1.308338040793837476e-01
1.000000000000000000e+00,-1.388488722366438388e+00
1.000000000000000000e+00,-1.319632685970436869e-01
1.000000000000000000e+00,2.262078120296147909e-01
1.000000000000000000e+00,1.765432172618934148e+00
1.000000000000000000e+00,6.403921185352567935e-01
1.000000000000000000e+00,7.826863569199720150e-01
1.000000000000000000e+00,2.789658047467716839e-01
1.000000000000000000e+00,8.118595874638279142e-01
1.000000000000000000e+00,-6.797913147369109010e-01
1.000000000000000000e+00,3.787153103764089868e-01
1.000000000000000000e+00,3.435130623766776137e-01
1.000000000000000000e+00,1.496090745227675045e+00
1.000000000000000000e+00,6.251714459390811385e-02
1.000000000000000000e+00,-1.724988482291467118e-01
1.000000000000000000e+00,7.032585898670554725e-01
1.000000000000000000e+00,5.288895735144749644e-01
1.000000000000000000e+00,1.454969603727666039e-01
1.000000000000000000e+00,6.650165142264368168e-01
1.000000000000000000e+00,2.767217700159732008e-01
1.000000000000000000e+00,-3.763647876895985789e-01
1.000000000000000000e+00,5.135459227453579301e-01
1.000000000000000000e+00,4.006173386429144334e-01
1.000000000000000000e+00,5.562741202388851169e-01
1.000000000000000000e+00,2.371376812928658456e-02
1.000000000000000000e+00,7.907171265858065068e-01
1.000000000000000000e+00,3.951422210980257699e-01
1.000000000000000000e+00,-2.701316927362082398e-01
1.000000000000000000e+00,6.640115481432117273e-01
1.000000000000000000e+00,2.829482749928546315e-01
1.000000000000000000e+00,1.105457702025893330e+00
1.000000000000000000e+00,9.696532853127338702e-01
1.000000000000000000e+00,9.981697822068542614e-01
1.000000000000000000e+00,-4.406954712333521207e-01
1.000000000000000000e+00,-3.973857177854624445e-01
1.000000000000000000e+00,4.152617978928884179e-01
1.000000000000000000e+00,-1.261767952576073881e+00
1.000000000000000000e+00,8.706820441149896173e-01
1.000000000000000000e+00,-4.932407850817334127e-01
1.000000000000000000e+00,1.241322105086656080e+00
1.000000000000000000e+00,6.346251385126759625e-02
1.000000000000000000e+00,2.868364809784179625e-01
1.000000000000000000e+00,1.169924718177836276e+00
1.000000000000000000e+00,8.998463156588786260e-01
1.000000000000000000e+00,-8.563638555595707302e-01
1.000000000000000000e+00,1.850734316997865614e+00
1.000000000000000000e+00,1.864754762424069678e+00
1.000000000000000000e+00,1.339984066024679121e+00
1.000000000000000000e+00,1.146186094918149934e+00
1.000000000000000000e+00,-5.400768788208778481e-01
1.000000000000000000e+00,3.436821148108325508e-01
1.000000000000000000e+00,1.054695618692630177e+00
1.000000000000000000e+00,6.962055197628082004e-01
1.000000000000000000e+00,9.170584531110456683e-03
1.000000000000000000e+00,6.786139390455158127e-01
1.000000000000000000e+00,2.091891120015511252e+00
1.000000000000000000e+00,-7.966813840042233363e-03
1.000000000000000000e+00,-2.215942787430260838e-02
1.000000000000000000e+00,1.448020535927380392e-01
1.000000000000000000e+00,3.214376969369027170e-01
1.000000000000000000e+00,9.708880692211927510e-01
1.000000000000000000e+00,9.738877761230985142e-01
1.000000000000000000e+00,1.009626785077358591e+00
1.000000000000000000e+00,-3.275834223924593558e-01
1.000000000000000000e+00,3.917603933714517983e-01
1.000000000000000000e+00,-6.585978265112529817e-01
1.000000000000000000e+00,1.322789797479824614e+00
1.000000000000000000e+00,2.156034443603438877e+00
1.000000000000000000e+00,4.711445339897477047e-01
1.000000000000000000e+00,8.850199497574061658e-01
1.000000000000000000e+00,-5.707295129244581711e-01
1.000000000000000000e+00,8.440687504311941147e-01
1.000000000000000000e+00,1.314223045902936704e+00
1.000000000000000000e+00,-3.774694713376708921e-01
1.000000000000000000e+00,1.131756651667377600e+00
1.000000000000000000e+00,-1.192406595790129309e+00
1.000000000000000000e+00,7.594895583974043962e-01
1.000000000000000000e+00,7.663089154590411178e-01
1.000000000000000000e+00,2.863145218499211775e-01
1.000000000000000000e+00,-1.159895553476057772e+00
1.000000000000000000e+00,1.455351056205025584e+00
1.000000000000000000e+00,-5.385873476959736061e-01
1.000000000000000000e+00,-2.995943379311634125e-01
1.000000000000000000e+00,5.541811092461413485e-02
1.000000000000000000e+00,1.655614309113636384e+00
1.000000000000000000e+00,4.790618421337494021e-02
1.000000000000000000e+00,1.454969603727666039e-01
1.000000000000000000e+00,1.143940891622138523e+00
1.000000000000000000e+00,6.157085155399486531e-01
1.000000000000000000e+00,4.435075771793182686e-01
1.000000000000000000e+00,-6.875869239693509216e-02
1.000000000000000000e+00,1.776319305187206599e+00
1.000000000000000000e+00,-5.800036359769805694e-01
1.000000000000000000e+00,5.937274143606933174e-01
1.000000000000000000e+00,8.908966642138471670e-01
1.000000000000000000e+00,4.806118598241614359e-01
1.000000000000000000e+00,3.624317436542600079e-01
1.000000000000000000e+00,1.226329023881454594e+00
1.000000000000000000e+00,1.063581778094419006e+00
1.000000000000000000e+00,4.830763638584891773e-01
1.000000000000000000e+00,1.475174206957510448e+00
1.000000000000000000e+00,8.895574884796890736e-01
1.000000000000000000e+00,-4.610226631144004328e-01
1.000000000000000000e+00,2.291467535404418387e-01
1.000000000000000000e+00,1.551578785108093383e-01
1.000000000000000000e+00,5.585060797958154577e-01
1.000000000000000000e+00,3.843863573553528146e-01
1.000000000000000000e+00,2.251826408378204913e+00
1.000000000000000000e+00,1.577181770100502867e+00
1.000000000000000000e+00,-3.327808109383792456e-01
1.000000000000000000e+00,1.260080692930050095e+00
1.000000000000000000e+00,1.493159594151601599e+00
1.000000000000000000e+00,9.232490604845144944e-02
1.000000000000000000e+00,1.239186746920671434e+00
1.000000000000000000e+00,-3.289249352570436380e-01
1.000000000000000000e+00,-1.104382863029998552e+00
1.000000000000000000e+00,-5.956246262233287903e-01
1.000000000000000000e+00,1.924699820723237087e+00
1.000000000000000000e+00,4.442624703069502079e-01
1.000000000000000000e+00,1.213678915928423585e+00
1.000000000000000000e+00,1.797328549630940131e+00
1.000000000000000000e+00,6.766523075745383142e-01
1.000000000000000000e+00,-8.392907282751359554e-01
1.000000000000000000e+00,2.006096119942242795e-01
1.000000000000000000e+00,-3.591467583187452628e-01
1.000000000000000000e+00,-1.785365458594180554e-02
1.000000000000000000e+00,2.327716428313307273e-01
1.000000000000000000e+00,-4.001783098190869747e-02
1.000000000000000000e+00,4.821715048618488431e-01
1.000000000000000000e+00,7.371656780889870308e-01
1.000000000000000000e+00,6.808416138633315295e-01
1.000000000000000000e+00,6.242986384210976736e-01
1.000000000000000000e+00,1.314223045902936704e+00
1.000000000000000000e+00,2.463772476069010509e-01
1.000000000000000000e+00,9.035639111233363385e-01
1.000000000000000000e+00,1.046015126768338410e+00
1.000000000000000000e+00,-1.535058789958333725e-02
1.000000000000000000e+00,8.839285098484150893e-01
1.000000000000000000e+00,9.377413274312207392e-01
1.000000000000000000e+00,8.352215432031735443e-01
1.000000000000000000e+00,7.621779267347338072e-02
1.000000000000000000e+00,1.014543328450408177e+00
1.000000000000000000e+00,-3.004828370148210359e-01
1.000000000000000000e+00,-1.237256628884988857e-01
1.000000000000000000e+00,-4.174079141459040576e-01
1.000000000000000000e+00,-2.603804055550227869e-01
1.000000000000000000e+00,5.087122368062683281e-02
1.000000000000000000e+00,1.382220687085248922e+00
1.000000000000000000e+00,1.819671016286599496e-01
1.000000000000000000e+00,3.902119337679905292e-02
1.000000000000000000e+00,-1.413968118271835328e+00
1.000000000000000000e+00,8.755767742707288859e-01
1.000000000000000000e+00,6.569795122127993769e-01
1.000000000000000000e+00,8.126015156779495263e-02
1.000000000000000000e+00,8.650207351794878541e-01
1.000000000000000000e+00,1.215191428835851184e+00
1.000000000000000000e+00,1.459036210669088784e-01
1.000000000000000000e+00,4.181497120560788705e-01
1.000000000000000000e+00,6.956453875040183865e-01
1.000000000000000000e+00,7.705858641388133590e-01
1.000000000000000000e+00,6.697971145130346970e-01
1.000000000000000000e+00,3.806473381953224822e-01
1.000000000000000000e+00,3.217882665008184317e-01
1.000000000000000000e+00,7.142906245217465200e-01
1.000000000000000000e+00,9.729182565180026776e-01
1.000000000000000000e+00,1.176157065980782956e+00
1.000000000000000000e+00,1.684103929007856548e+00
1.000000000000000000e+00,1.147432954000477068e+00
1.000000000000000000e+00,5.111702296672221424e-01
1.000000000000000000e+00,8.737756257556772432e-01
1.000000000000000000e+00,-2.100530284810151194e-01
1.000000000000000000e+00,1.161293305992492808e+00
1.000000000000000000e+00,8.404719067054184922e-01
1.000000000000000000e+00,3.364673931854463285e-01
1.000000000000000000e+00,-2.009393883844186324e-01
1.000000000000000000e+00,1.107162249149999278e+00
1.000000000000000000e+00,3.049609274328623498e-01
1.000000000000000000e+00,-2.365689417303895314e-01
1.000000000000000000e+00,-6.006923040305998107e-01
1.000000000000000000e+00,1.135948684608334647e+00
1.000000000000000000e+00,8.594178545046388118e-01
1.000000000000000000e+00,5.698318138407203470e-01
1.000000000000000000e+00,4.370929332031353587e-01
1.000000000000000000e+00,1.330681507885305814e+00
1.000000000000000000e+00,-5.212263638473901839e-01
1.000000000000000000e+00,-5.674376647192892476e-01
1.000000000000000000e+00,1.336908402383924832e+00
1.000000000000000000e+00,1.413524490838070358e-01
1.000000000000000000e+00,3.574778061943927332e-01
1.000000000000000000e+00,-6.522634240130330552e-01
1.000000000000000000e+00,1.181847589046610913e+00
1.000000000000000000e+00,1.505034943368378952e+00
1.000000000000000000e+00,1.126719356555645923e+00
1.000000000000000000e+00,1.501330981164740175e+00
1.000000000000000000e+00,1.207427481560330307e+00
1.000000000000000000e+00,4.448148121309863368e-01
1.000000000000000000e+00,1.155650304578662135e+00
1.000000000000000000e+00,-4.974068307624323476e-02
1.000000000000000000e+00,5.450290171936809092e-01
1.000000000000000000e+00,7.289467694238510598e-01
1.000000000000000000e+00,5.139031141788142909e-01
1.000000000000000000e+00,3.951422210980257699e-01
1.000000000000000000e+00,5.262435523503864454e-01
1.000000000000000000e+00,1.150075858990664113e+00
1.000000000000000000e+00,7.463728034026276825e-01
1.000000000000000000e+00,4.881857204916923987e-01
1.000000000000000000e+00,-6.579948468613179280e-01
1.000000000000000000e+00,1.184825872252944112e+00
1.000000000000000000e+00,1.245097349768290895e+00
1.000000000000000000e+00,9.512624059897135664e-01
1.000000000000000000e+00,2.386939313310808275e-01
1.000000000000000000e+00,-2.653055184063013994e-01
1.000000000000000000e+00,1.283173489148656143e+00
1.000000000000000000e+00,5.816943088401539397e-01
1.000000000000000000e+00,-6.984182442329678331e-01
1.000000000000000000e+00,-1.923679625466784837e-01
1.000000000000000000e+00,-1.024257073023151943e+00
1.000000000000000000e+00,1.030355852695530317e-01
1.000000000000000000e+00,1.603939576348979212e+00
1.000000000000000000e+00,1.065669893433977139e-01
1.000000000000000000e+00,-1.290620996251553354e+00
1.000000000000000000e+00,5.312348838970714082e-01
1.000000000000000000e+00,-2.475951335590153013e-01
1.000000000000000000e+00,3.910019945481807424e-01
1.000000000000000000e+00,1.090401907820924832e+00
1.000000000000000000e+00,-4.826917573817707807e-01
1.000000000000000000e+00,7.732252634333612873e-01
1.000000000000000000e+00,-3.587284119724724607e-01
1.000000000000000000e+00,6.133612575486638852e-01
1.000000000000000000e+00,-7.052648678162425355e-01
1.000000000000000000e+00,2.600401120779109454e-01
1.000000000000000000e+00,-7.401178255134378825e-02
1.000000000000000000e+00,-3.186528575125744389e-01
1.000000000000000000e+00,-5.864256808661794107e-01
1.000000000000000000e+00,7.667210294575109719e-01
1.000000000000000000e+00,-2.708324423423020821e-01
1.000000000000000000e+00,7.533292721159292604e-01
1.000000000000000000e+00,3.260031705281320885e-02
1.000000000000000000e+00,3.944854874482902618e-01
1.000000000000000000e+00,9.534390534598926603e-01
1.000000000000000000e+00,-8.815453780318059651e-02
1.000000000000000000e+00,5.541356458989989964e-01
1.000000000000000000e+00,8.110349699451504524e-01
1.000000000000000000e+00,5.433143425043951424e-01
1.000000000000000000e+00,2.770248179278914646e-01
1.000000000000000000e+00,3.710978232742573879e-01
1.000000000000000000e+00,1.131871171058256742e+00
1.000000000000000000e+00,-1.865169565249245875e-01
1.000000000000000000e+00,-2.647562927561667445e-01
1.000000000000000000e+00,-1.409152071507108195e+00
1.000000000000000000e+00,1.108454961101206226e-01
1.000000000000000000e+00,1.843341194416620255e+00
1.000000000000000000e+00,1.062491506750641079e+00
1.000000000000000000e+00,4.409437451018810572e-01
1.000000000000000000e+00,-1.943783949310332049e-02
1.000000000000000000e+00,1.187423592721559951e+00
1.000000000000000000e+00,1.016853192354875368e+00
1.000000000000000000e+00,-1.523465516083185589e-01
1.000000000000000000e+00,1.585764492068636011e+00
1.000000000000000000e+00,5.855139589998848981e-01
1.000000000000000000e+00,-3.958802162693131343e-01
1.000000000000000000e+00,-8.961371411510258289e-01
1.000000000000000000e+00,1.199924124327320207e+00
1.000000000000000000e+00,2.134969108029479035e+00
1.000000000000000000e+00,7.091547804103807140e-01
1.000000000000000000e+00,2.783511394447060749e-01
1.000000000000000000e+00,-5.738343906955386542e-01
1.000000000000000000e+00,2.386939313310808275e-01
1.000000000000000000e+00,1.132355736099935895e+00
1.000000000000000000e+00,7.073781717648032208e-01
1.000000000000000000e+00,1.140388063852721068e+00
1.000000000000000000e+00,-3.110868979759638664e-02
1.000000000000000000e+00,6.647757897925480330e-01
1.000000000000000000e+00,1.793121214646046513e-01
1.000000000000000000e+00,1.453126108039373587e+00
1.000000000000000000e+00,-9.125850860464775893e-01
1.000000000000000000e+00,5.181041061197381170e-01
1.000000000000000000e+00,-1.410617173458705020e-01
1.000000000000000000e+00,7.558448034978936247e-01
1.000000000000000000e+00,1.214425629099564086e+00
1.000000000000000000e+00,-2.403624939336956590e-01
1.000000000000000000e+00,6.462068990354060682e-01
1.000000000000000000e+00,1.388264506367156370e+00
1.000000000000000000e+00,9.248614016529559390e-01
1.000000000000000000e+00,-1.543524606312540515e+00
1.000000000000000000e+00,4.544200286605402650e-01
1.000000000000000000e+00,8.960067998905257847e-01
1.000000000000000000e+00,8.875452191828125947e-01
1.000000000000000000e+00,-3.841902793996735399e-01
1.000000000000000000e+00,1.153858894107052668e+00
1.000000000000000000e+00,1.112408606738700539e-01
1.000000000000000000e+00,8.440784884746361794e-01
1.000000000000000000e+00,8.357606412881284363e-01
1.000000000000000000e+00,1.168899107442513907e+00
1.000000000000000000e+00,1.719831641831723879e+00
1.000000000000000000e+00,3.187975185988793925e-01
1.000000000000000000e+00,2.161974928928693529e-01
1.000000000000000000e+00,-9.102051082292272888e-01
1.000000000000000000e+00,8.591140275492451517e-01
1.000000000000000000e+00,1.106248820675129751e+00
1.000000000000000000e+00,7.351565249660121371e-01
1.000000000000000000e+00,-8.854385371037925001e-01
1.000000000000000000e+00,-1.889199161246982173e-01
1.000000000000000000e+00,1.979085624782176200e+00
1.000000000000000000e+00,2.222015809575331180e-01
1.000000000000000000e+00,1.269241075635168858e+00
1.000000000000000000e+00,7.918210311904034793e-01
1.000000000000000000e+00,1.238866560052295007e+00
1.000000000000000000e+00,-2.221289813926997092e-01
1.000000000000000000e+00,1.219088593821381350e+00
1.000000000000000000e+00,-7.629721237324144090e-01
1.000000000000000000e+00,-1.564556164191488463e-01
1.000000000000000000e+00,-7.943442535781183519e-03
1.000000000000000000e+00,1.597968208110281063e+00
1.000000000000000000e+00,1.052679064656639074e+00
1.000000000000000000e+00,4.197194846589460959e-01
1.000000000000000000e+00,5.905730673289268928e-01
1.000000000000000000e+00,2.154270188957300436e-01
1.000000000000000000e+00,5.563045029344244607e-01
1.000000000000000000e+00,-8.058768852692793638e-02
1.000000000000000000e+00,1.012389273241014909e+00
1.000000000000000000e+00,4.263281104604956795e-01
1.000000000000000000e+00,-2.036568027226701161e-02
1.000000000000000000e+00,1.857332036190760149e+00
1.000000000000000000e+00,8.745242865355061790e-01
1.000000000000000000e+00,-5.215983571068786295e-01
1.000000000000000000e+00,1.558052747084571088e+00
1.000000000000000000e+00,4.628169487597978971e-01
1.000000000000000000e+00,2.568046338285395400e-02
1.000000000000000000e+00,9.383115872551903713e-01
1.000000000000000000e+00,3.475317581443651549e-01
1.000000000000000000e+00,3.114986602781534275e-01
1.000000000000000000e+00,-5.400959653860244458e-01
1.000000000000000000e+00,9.475977854815809120e-01
1.000000000000000000e+00,1.221052951944522569e+00
1.000000000000000000e+00,-7.668260518050615815e-01
1.000000000000000000e+00,1.364657881883924069e-02
1.000000000000000000e+00,-1.497945888742640674e+00
1.000000000000000000e+00,1.565671681577506802e-01
1.000000000000000000e+00,1.635867115099999936e+00
1.000000000000000000e+00,4.301216626638018070e-01
1.000000000000000000e+00,-2.383615207672120928e-01
1.000000000000000000e+00,7.086246413253926013e-01
1.000000000000000000e+00,-1.419724191685760861e-01
1.000000000000000000e+00,9.266648872984336593e-01
1.000000000000000000e+00,1.044581686773660589e+00
1.000000000000000000e+00,1.111614482611729349e+00
1.000000000000000000e+00,4.068496864458611140e-01
