label,score
0.000000000000000000e+00,3.828473091125488281e-01
0.000000000000000000e+00,3.558090627193450928e-01
0.000000000000000000e+00,1.729132086038589478e-01
0.000000000000000000e+00,2.113033086061477661e-01
0.000000000000000000e+00,1.838154345750808716e-01
0.000000000000000000e+00,1.479743570089340210e-01
0.000000000000000000e+00,1.864164620637893677e-01
0.000000000000000000e+00,1.310580968856811523e-01
0.000000000000000000e+00,1.633318960666656494e-01
0.000000000000000000e+00,1.502784192562103271e-01
0.000000000000000000e+00,1.698313504457473755e-01
0.000000000000000000e+00,1.405156552791595459e-01
0.000000000000000000e+00,2.484052777290344238e-01
0.000000000000000000e+00,1.832689791917800903e-01
0.000000000000000000e+00,1.857317686080932617e-01
0.000000000000000000e+00,1.140881106257438660e-01
0.000000000000000000e+00,1.347760707139968872e-01
0.000000000000000000e+00,1.688006520271301270e-01
0.000000000000000000e+00,1.416595578193664551e-01
0.000000000000000000e+00,1.452840566635131836e-01
0.000000000000000000e+00,1.669436395168304443e-01
0.000000000000000000e+00,1.622964292764663696e-01
0.000000000000000000e+00,1.610382497310638428e-01
0.000000000000000000e+00,2.031247913837432861e-01
0.000000000000000000e+00,1.736967116594314575e-01
0.000000000000000000e+00,1.532519310712814331e-01
0.000000000000000000e+00,1.842771768569946289e-01
0.000000000000000000e+00,1.783088743686676025e-01
0.000000000000000000e+00,1.432347297668457031e-01
0.000000000000000000e+00,1.657482087612152100e-01
0.000000000000000000e+00,1.578250080347061157e-01
0.000000000000000000e+00,2.361359596252441406e-01
0.000000000000000000e+00,1.760826855897903442e-01
0.000000000000000000e+00,1.599315404891967773e-01
0.000000000000000000e+00,1.920302808284759521e-01
0.000000000000000000e+00,1.392934620380401611e-01
0.000000000000000000e+00,1.605237573385238647e-01
0.000000000000000000e+00,1.458032429218292236e-01
0.000000000000000000e+00,1.659424304962158203e-01
0.000000000000000000e+00,1.814823597669601440e-01
0.000000000000000000e+00,1.470637172460556030e-01
0.000000000000000000e+00,1.196044906973838806e-01
0.000000000000000000e+00,1.559963524341583252e-01
0.000000000000000000e+00,1.979289948940277100e-01
0.000000000000000000e+00,1.493702977895736694e-01
0.000000000000000000e+00,1.735682636499404907e-01
0.000000000000000000e+00,1.584658920764923096e-01
0.000000000000000000e+00,1.492393165826797485e-01
0.000000000000000000e+00,1.601663380861282349e-01
0.000000000000000000e+00,1.529823541641235352e-01
0.000000000000000000e+00,1.472164392471313477e-01
0.000000000000000000e+00,1.478859186172485352e-01
0.000000000000000000e+00,1.644953787326812744e-01
0.000000000000000000e+00,2.099641561508178711e-01
0.000000000000000000e+00,1.604780107736587524e-01
0.000000000000000000e+00,1.914747655391693115e-01
0.000000000000000000e+00,2.015288472175598145e-01
0.000000000000000000e+00,2.345603406429290771e-01
0.000000000000000000e+00,1.401506811380386353e-01
0.000000000000000000e+00,1.382121741771697998e-01
0.000000000000000000e+00,1.505699008703231812e-01
0.000000000000000000e+00,1.699814349412918091e-01
0.000000000000000000e+00,1.750591546297073364e-01
0.000000000000000000e+00,1.544475406408309937e-01
0.000000000000000000e+00,1.285691261291503906e-01
0.000000000000000000e+00,1.531165093183517456e-01
0.000000000000000000e+00,1.311071068048477173e-01
0.000000000000000000e+00,1.771458089351654053e-01
0.000000000000000000e+00,1.878637075424194336e-01
0.000000000000000000e+00,1.540850698947906494e-01
0.000000000000000000e+00,1.318046450614929199e-01
0.000000000000000000e+00,1.569209247827529907e-01
0.000000000000000000e+00,1.537564694881439209e-01
0.000000000000000000e+00,1.477241218090057373e-01
0.000000000000000000e+00,1.982612609863281250e-01
0.000000000000000000e+00,1.512227058410644531e-01
0.000000000000000000e+00,1.552411764860153198e-01
0.000000000000000000e+00,1.655166447162628174e-01
0.000000000000000000e+00,1.351712644100189209e-01
0.000000000000000000e+00,3.077074289321899414e-01
0.000000000000000000e+00,1.428017914295196533e-01
0.000000000000000000e+00,1.428511142730712891e-01
0.000000000000000000e+00,2.195122838020324707e-01
0.000000000000000000e+00,1.558654755353927612e-01
0.000000000000000000e+00,2.007683366537094116e-01
0.000000000000000000e+00,1.397880464792251587e-01
0.000000000000000000e+00,1.652532368898391724e-01
0.000000000000000000e+00,1.610917299985885620e-01
0.000000000000000000e+00,1.680688858032226562e-01
0.000000000000000000e+00,1.592423021793365479e-01
0.000000000000000000e+00,1.773638576269149780e-01
0.000000000000000000e+00,1.362554728984832764e-01
0.000000000000000000e+00,1.622676104307174683e-01
0.000000000000000000e+00,1.605080962181091309e-01
0.000000000000000000e+00,1.765381544828414917e-01
0.000000000000000000e+00,1.643416583538055420e-01
0.000000000000000000e+00,1.388380974531173706e-01
0.000000000000000000e+00,1.430722475051879883e-01
0.000000000000000000e+00,1.613122373819351196e-01
0.000000000000000000e+00,1.529997885227203369e-01
0.000000000000000000e+00,1.672609150409698486e-01
0.000000000000000000e+00,1.554647684097290039e-01
0.000000000000000000e+00,1.810816079378128052e-01
0.000000000000000000e+00,1.827811002731323242e-01
0.000000000000000000e+00,1.862955689430236816e-01
0.000000000000000000e+00,1.638310253620147705e-01
0.000000000000000000e+00,1.385909020900726318e-01
0.000000000000000000e+00,1.391149759292602539e-01
0.000000000000000000e+00,1.464148163795471191e-01
0.000000000000000000e+00,1.327065974473953247e-01
0.000000000000000000e+00,1.681298911571502686e-01
0.000000000000000000e+00,1.434451639652252197e-01
0.000000000000000000e+00,1.904621869325637817e-01
0.000000000000000000e+00,1.637289524078369141e-01
0.000000000000000000e+00,1.437419950962066650e-01
0.000000000000000000e+00,2.143129855394363403e-01
0.000000000000000000e+00,1.645876169204711914e-01
0.000000000000000000e+00,1.524910032749176025e-01
0.000000000000000000e+00,1.467269659042358398e-01
0.000000000000000000e+00,1.550458073616027832e-01
0.000000000000000000e+00,1.702110171318054199e-01
0.000000000000000000e+00,2.160436511039733887e-01
0.000000000000000000e+00,1.905993819236755371e-01
0.000000000000000000e+00,2.239580750465393066e-01
0.000000000000000000e+00,2.035280615091323853e-01
0.000000000000000000e+00,1.575259566307067871e-01
0.000000000000000000e+00,1.533081978559494019e-01
0.000000000000000000e+00,1.543825268745422363e-01
0.000000000000000000e+00,1.695349961519241333e-01
0.000000000000000000e+00,1.359709650278091431e-01
0.000000000000000000e+00,1.329974085092544556e-01
0.000000000000000000e+00,1.571959555149078369e-01
0.000000000000000000e+00,1.398781538009643555e-01
0.000000000000000000e+00,1.309310346841812134e-01
0.000000000000000000e+00,1.904643177986145020e-01
0.000000000000000000e+00,1.791702657938003540e-01
0.000000000000000000e+00,1.425126492977142334e-01
0.000000000000000000e+00,1.560227870941162109e-01
0.000000000000000000e+00,1.425668150186538696e-01
0.000000000000000000e+00,1.663035601377487183e-01
0.000000000000000000e+00,1.664029359817504883e-01
0.000000000000000000e+00,1.661868542432785034e-01
0.000000000000000000e+00,1.618232727050781250e-01
0.000000000000000000e+00,1.345325261354446411e-01
0.000000000000000000e+00,1.408633291721343994e-01
0.000000000000000000e+00,2.039579451084136963e-01
0.000000000000000000e+00,1.532591134309768677e-01
0.000000000000000000e+00,1.679720729589462280e-01
0.000000000000000000e+00,1.781432330608367920e-01
0.000000000000000000e+00,1.482836604118347168e-01
0.000000000000000000e+00,1.573409885168075562e-01
0.000000000000000000e+00,1.467042714357376099e-01
0.000000000000000000e+00,1.665479391813278198e-01
0.000000000000000000e+00,1.701081693172454834e-01
0.000000000000000000e+00,1.416135132312774658e-01
0.000000000000000000e+00,1.427756845951080322e-01
0.000000000000000000e+00,1.539447903633117676e-01
0.000000000000000000e+00,1.470338553190231323e-01
0.000000000000000000e+00,1.647854000329971313e-01
0.000000000000000000e+00,1.650234162807464600e-01
0.000000000000000000e+00,2.032217979431152344e-01
0.000000000000000000e+00,1.525692641735076904e-01
0.000000000000000000e+00,1.589271873235702515e-01
0.000000000000000000e+00,1.443454623222351074e-01
0.000000000000000000e+00,2.154909968376159668e-01
0.000000000000000000e+00,2.191618382930755615e-01
0.000000000000000000e+00,1.683704555034637451e-01
0.000000000000000000e+00,2.466803938150405884e-01
0.000000000000000000e+00,1.705759763717651367e-01
0.000000000000000000e+00,2.990178465843200684e-01
0.000000000000000000e+00,1.589756458997726440e-01
0.000000000000000000e+00,1.828600913286209106e-01
0.000000000000000000e+00,2.406308054924011230e-01
0.000000000000000000e+00,1.659215092658996582e-01
0.000000000000000000e+00,1.636430770158767700e-01
0.000000000000000000e+00,1.902335137128829956e-01
0.000000000000000000e+00,2.174623906612396240e-01
0.000000000000000000e+00,1.815487742424011230e-01
0.000000000000000000e+00,2.060876041650772095e-01
0.000000000000000000e+00,1.622381806373596191e-01
0.000000000000000000e+00,1.472557187080383301e-01
0.000000000000000000e+00,1.655989587306976318e-01
0.000000000000000000e+00,1.955694854259490967e-01
0.000000000000000000e+00,2.391440570354461670e-01
0.000000000000000000e+00,1.783450990915298462e-01
0.000000000000000000e+00,1.625571697950363159e-01
0.000000000000000000e+00,1.704552471637725830e-01
0.000000000000000000e+00,1.759592145681381226e-01
0.000000000000000000e+00,1.804553866386413574e-01
0.000000000000000000e+00,1.779874861240386963e-01
0.000000000000000000e+00,1.687155514955520630e-01
0.000000000000000000e+00,1.716280579566955566e-01
0.000000000000000000e+00,1.757959127426147461e-01
0.000000000000000000e+00,1.886458694934844971e-01
0.000000000000000000e+00,1.403299570083618164e-01
0.000000000000000000e+00,1.801973432302474976e-01
0.000000000000000000e+00,1.913094818592071533e-01
0.000000000000000000e+00,2.335772514343261719e-01
0.000000000000000000e+00,3.536012470722198486e-01
0.000000000000000000e+00,3.273390829563140869e-01
0.000000000000000000e+00,2.168340831995010376e-01
0.000000000000000000e+00,1.581765860319137573e-01
0.000000000000000000e+00,2.224286198616027832e-01
0.000000000000000000e+00,1.528316289186477661e-01
0.000000000000000000e+00,2.459270805120468140e-01
0.000000000000000000e+00,2.012520432472229004e-01
0.000000000000000000e+00,3.081204891204833984e-01
0.000000000000000000e+00,1.874747872352600098e-01
0.000000000000000000e+00,1.568142622709274292e-01
0.000000000000000000e+00,1.423832029104232788e-01
0.000000000000000000e+00,1.900710165500640869e-01
0.000000000000000000e+00,3.280496001243591309e-01
0.000000000000000000e+00,2.624641358852386475e-01
0.000000000000000000e+00,2.253547012805938721e-01
0.000000000000000000e+00,1.865525394678115845e-01
0.000000000000000000e+00,2.116672396659851074e-01
0.000000000000000000e+00,1.476441025733947754e-01
0.000000000000000000e+00,1.685801595449447632e-01
0.000000000000000000e+00,1.654117703437805176e-01
0.000000000000000000e+00,1.614960134029388428e-01
0.000000000000000000e+00,1.206734031438827515e-01
0.000000000000000000e+00,1.356304585933685303e-01
0.000000000000000000e+00,1.379092931747436523e-01
0.000000000000000000e+00,2.693785130977630615e-01
0.000000000000000000e+00,1.182746738195419312e-01
0.000000000000000000e+00,1.818445920944213867e-01
0.000000000000000000e+00,1.531952321529388428e-01
0.000000000000000000e+00,1.586296260356903076e-01
0.000000000000000000e+00,1.573046296834945679e-01
0.000000000000000000e+00,1.680716723203659058e-01
0.000000000000000000e+00,1.685444712638854980e-01
0.000000000000000000e+00,1.445509642362594604e-01
0.000000000000000000e+00,1.577715575695037842e-01
0.000000000000000000e+00,1.603212803602218628e-01
0.000000000000000000e+00,1.975192576646804810e-01
0.000000000000000000e+00,1.735998392105102539e-01
0.000000000000000000e+00,2.035463750362396240e-01
0.000000000000000000e+00,1.717260479927062988e-01
0.000000000000000000e+00,1.399072110652923584e-01
0.000000000000000000e+00,1.331318616867065430e-01
0.000000000000000000e+00,1.592758595943450928e-01
0.000000000000000000e+00,1.520834118127822876e-01
0.000000000000000000e+00,1.588927954435348511e-01
0.000000000000000000e+00,1.592840552330017090e-01
0.000000000000000000e+00,1.337800025939941406e-01
0.000000000000000000e+00,1.961519718170166016e-01
0.000000000000000000e+00,1.252724975347518921e-01
0.000000000000000000e+00,1.567249745130538940e-01
0.000000000000000000e+00,1.220805495977401733e-01
0.000000000000000000e+00,1.568073332309722900e-01
0.000000000000000000e+00,1.437353193759918213e-01
0.000000000000000000e+00,1.342430561780929565e-01
0.000000000000000000e+00,1.412490606307983398e-01
0.000000000000000000e+00,1.478058844804763794e-01
0.000000000000000000e+00,1.534417271614074707e-01
0.000000000000000000e+00,1.468617916107177734e-01
0.000000000000000000e+00,1.542658954858779907e-01
0.000000000000000000e+00,1.618307828903198242e-01
0.000000000000000000e+00,1.265244632959365845e-01
0.000000000000000000e+00,1.361517906188964844e-01
0.000000000000000000e+00,1.397083997726440430e-01
0.000000000000000000e+00,1.731855273246765137e-01
0.000000000000000000e+00,1.550083160400390625e-01
0.000000000000000000e+00,1.439358144998550415e-01
0.000000000000000000e+00,1.298130899667739868e-01
0.000000000000000000e+00,1.499887555837631226e-01
0.000000000000000000e+00,1.287010312080383301e-01
0.000000000000000000e+00,1.680206954479217529e-01
0.000000000000000000e+00,1.492470800876617432e-01
0.000000000000000000e+00,1.426736265420913696e-01
0.000000000000000000e+00,1.337866783142089844e-01
0.000000000000000000e+00,1.393196135759353638e-01
0.000000000000000000e+00,1.654494851827621460e-01
0.000000000000000000e+00,1.580031216144561768e-01
0.000000000000000000e+00,1.635267734527587891e-01
0.000000000000000000e+00,1.470828205347061157e-01
0.000000000000000000e+00,1.352764368057250977e-01
0.000000000000000000e+00,1.404835581779479980e-01
0.000000000000000000e+00,2.643144428730010986e-01
0.000000000000000000e+00,1.592106074094772339e-01
0.000000000000000000e+00,1.337836682796478271e-01
0.000000000000000000e+00,1.975078284740447998e-01
0.000000000000000000e+00,2.144073098897933960e-01
0.000000000000000000e+00,1.937776505947113037e-01
0.000000000000000000e+00,3.823967874050140381e-01
0.000000000000000000e+00,1.897602975368499756e-01
0.000000000000000000e+00,1.428391486406326294e-01
0.000000000000000000e+00,1.705762445926666260e-01
0.000000000000000000e+00,1.738667339086532593e-01
0.000000000000000000e+00,1.481601148843765259e-01
0.000000000000000000e+00,1.891067326068878174e-01
0.000000000000000000e+00,1.889536082744598389e-01
0.000000000000000000e+00,1.850245147943496704e-01
0.000000000000000000e+00,1.920281946659088135e-01
0.000000000000000000e+00,1.820648759603500366e-01
0.000000000000000000e+00,1.776607632637023926e-01
0.000000000000000000e+00,1.517871469259262085e-01
0.000000000000000000e+00,1.590098887681961060e-01
0.000000000000000000e+00,1.440037786960601807e-01
0.000000000000000000e+00,1.788856536149978638e-01
0.000000000000000000e+00,1.598366498947143555e-01
0.000000000000000000e+00,1.624512374401092529e-01
0.000000000000000000e+00,1.563851833343505859e-01
0.000000000000000000e+00,1.696194410324096680e-01
0.000000000000000000e+00,1.912875622510910034e-01
0.000000000000000000e+00,1.699142456054687500e-01
0.000000000000000000e+00,1.883863210678100586e-01
0.000000000000000000e+00,1.507766246795654297e-01
0.000000000000000000e+00,1.691860705614089966e-01
0.000000000000000000e+00,1.888560503721237183e-01
0.000000000000000000e+00,1.931149512529373169e-01
0.000000000000000000e+00,1.835055053234100342e-01
0.000000000000000000e+00,2.037703245878219604e-01
0.000000000000000000e+00,1.710148602724075317e-01
0.000000000000000000e+00,1.310770660638809204e-01
0.000000000000000000e+00,1.515107303857803345e-01
0.000000000000000000e+00,1.570059657096862793e-01
0.000000000000000000e+00,1.817801743745803833e-01
0.000000000000000000e+00,1.647776812314987183e-01
0.000000000000000000e+00,1.567682921886444092e-01
0.000000000000000000e+00,2.154770940542221069e-01
0.000000000000000000e+00,1.858363002538681030e-01
0.000000000000000000e+00,3.935482501983642578e-01
0.000000000000000000e+00,3.088601231575012207e-01
0.000000000000000000e+00,3.356219530105590820e-01
0.000000000000000000e+00,3.414574563503265381e-01
0.000000000000000000e+00,1.694255322217941284e-01
0.000000000000000000e+00,1.705150157213211060e-01
0.000000000000000000e+00,1.651922464370727539e-01
0.000000000000000000e+00,1.530106365680694580e-01
0.000000000000000000e+00,1.617330908775329590e-01
0.000000000000000000e+00,1.598930805921554565e-01
0.000000000000000000e+00,1.875483244657516479e-01
0.000000000000000000e+00,1.529330015182495117e-01
0.000000000000000000e+00,1.565754711627960205e-01
0.000000000000000000e+00,1.730775535106658936e-01
0.000000000000000000e+00,1.617711484432220459e-01
0.000000000000000000e+00,1.614894568920135498e-01
0.000000000000000000e+00,1.547884643077850342e-01
0.000000000000000000e+00,1.685833781957626343e-01
0.000000000000000000e+00,1.362327039241790771e-01
0.000000000000000000e+00,1.414983272552490234e-01
0.000000000000000000e+00,1.576607078313827515e-01
0.000000000000000000e+00,1.565007865428924561e-01
0.000000000000000000e+00,1.543985158205032349e-01
0.000000000000000000e+00,1.968868225812911987e-01
0.000000000000000000e+00,1.407286077737808228e-01
0.000000000000000000e+00,1.997783184051513672e-01
0.000000000000000000e+00,1.710399836301803589e-01
0.000000000000000000e+00,1.670866757631301880e-01
0.000000000000000000e+00,1.482553482055664062e-01
0.000000000000000000e+00,1.955306529998779297e-01
0.000000000000000000e+00,1.513639986515045166e-01
0.000000000000000000e+00,1.584506034851074219e-01
0.000000000000000000e+00,1.553291082382202148e-01
0.000000000000000000e+00,1.765117645263671875e-01
0.000000000000000000e+00,2.259891480207443237e-01
0.000000000000000000e+00,1.629497706890106201e-01
0.000000000000000000e+00,2.117689549922943115e-01
0.000000000000000000e+00,1.863894015550613403e-01
0.000000000000000000e+00,2.130993306636810303e-01
0.000000000000000000e+00,2.100702524185180664e-01
0.000000000000000000e+00,1.580735445022583008e-01
0.000000000000000000e+00,1.431940943002700806e-01
0.000000000000000000e+00,1.929318308830261230e-01
0.000000000000000000e+00,1.902124881744384766e-01
0.000000000000000000e+00,1.469257771968841553e-01
0.000000000000000000e+00,1.846021711826324463e-01
0.000000000000000000e+00,1.892682313919067383e-01
0.000000000000000000e+00,1.807765215635299683e-01
0.000000000000000000e+00,1.610913127660751343e-01
0.000000000000000000e+00,1.803843230009078979e-01
0.000000000000000000e+00,2.056242078542709351e-01
0.000000000000000000e+00,3.434128463268280029e-01
0.000000000000000000e+00,1.881148666143417358e-01
0.000000000000000000e+00,1.894938796758651733e-01
0.000000000000000000e+00,1.368481218814849854e-01
0.000000000000000000e+00,1.920215487480163574e-01
0.000000000000000000e+00,1.783487200736999512e-01
0.000000000000000000e+00,1.664330512285232544e-01
0.000000000000000000e+00,2.148372232913970947e-01
0.000000000000000000e+00,1.570652872323989868e-01
0.000000000000000000e+00,1.681152284145355225e-01
0.000000000000000000e+00,1.627227067947387695e-01
0.000000000000000000e+00,1.445546448230743408e-01
0.000000000000000000e+00,1.367428004741668701e-01
0.000000000000000000e+00,1.703884303569793701e-01
0.000000000000000000e+00,1.793584823608398438e-01
0.000000000000000000e+00,1.442494392395019531e-01
0.000000000000000000e+00,1.900632381439208984e-01
0.000000000000000000e+00,1.788826286792755127e-01
0.000000000000000000e+00,1.565468460321426392e-01
0.000000000000000000e+00,1.550028324127197266e-01
0.000000000000000000e+00,1.479151695966720581e-01
0.000000000000000000e+00,1.662294864654541016e-01
0.000000000000000000e+00,1.514775007963180542e-01
0.000000000000000000e+00,2.145320475101470947e-01
0.000000000000000000e+00,2.087431699037551880e-01
0.000000000000000000e+00,1.431355029344558716e-01
0.000000000000000000e+00,2.037315815687179565e-01
0.000000000000000000e+00,2.831931114196777344e-01
0.000000000000000000e+00,1.833456307649612427e-01
0.000000000000000000e+00,1.945319622755050659e-01
0.000000000000000000e+00,1.903548687696456909e-01
0.000000000000000000e+00,1.582217216491699219e-01
0.000000000000000000e+00,1.961538195610046387e-01
0.000000000000000000e+00,2.049352526664733887e-01
0.000000000000000000e+00,1.568016707897186279e-01
0.000000000000000000e+00,1.500882655382156372e-01
0.000000000000000000e+00,2.057415843009948730e-01
0.000000000000000000e+00,1.490033566951751709e-01
0.000000000000000000e+00,1.532777994871139526e-01
0.000000000000000000e+00,2.020699232816696167e-01
0.000000000000000000e+00,1.809853464365005493e-01
0.000000000000000000e+00,1.836330145597457886e-01
0.000000000000000000e+00,2.140122056007385254e-01
0.000000000000000000e+00,1.998523920774459839e-01
0.000000000000000000e+00,1.753020286560058594e-01
0.000000000000000000e+00,1.565980613231658936e-01
0.000000000000000000e+00,2.021360546350479126e-01
0.000000000000000000e+00,2.349528372287750244e-01
0.000000000000000000e+00,2.084516286849975586e-01
0.000000000000000000e+00,1.835642904043197632e-01
0.000000000000000000e+00,1.529304385185241699e-01
0.000000000000000000e+00,1.662547737360000610e-01
0.000000000000000000e+00,1.608048379421234131e-01
0.000000000000000000e+00,1.989282816648483276e-01
0.000000000000000000e+00,2.186819314956665039e-01
0.000000000000000000e+00,2.434884011745452881e-01
0.000000000000000000e+00,2.105766385793685913e-01
0.000000000000000000e+00,1.592394858598709106e-01
0.000000000000000000e+00,1.691192388534545898e-01
0.000000000000000000e+00,1.778464317321777344e-01
0.000000000000000000e+00,1.671471744775772095e-01
0.000000000000000000e+00,1.877386271953582764e-01
0.000000000000000000e+00,2.672321200370788574e-01
0.000000000000000000e+00,1.493165343999862671e-01
0.000000000000000000e+00,1.484163254499435425e-01
0.000000000000000000e+00,1.709658056497573853e-01
0.000000000000000000e+00,1.438972055912017822e-01
0.000000000000000000e+00,1.564654707908630371e-01
0.000000000000000000e+00,1.630743592977523804e-01
0.000000000000000000e+00,1.605079919099807739e-01
0.000000000000000000e+00,1.213976442813873291e-01
0.000000000000000000e+00,1.737385392189025879e-01
0.000000000000000000e+00,1.683963537216186523e-01
0.000000000000000000e+00,1.348841041326522827e-01
0.000000000000000000e+00,1.851418912410736084e-01
0.000000000000000000e+00,1.521927118301391602e-01
0.000000000000000000e+00,1.550022661685943604e-01
0.000000000000000000e+00,1.625410020351409912e-01
0.000000000000000000e+00,1.646401435136795044e-01
0.000000000000000000e+00,1.739801168441772461e-01
0.000000000000000000e+00,1.650816798210144043e-01
0.000000000000000000e+00,1.411968171596527100e-01
0.000000000000000000e+00,1.533165425062179565e-01
0.000000000000000000e+00,1.793791949748992920e-01
0.000000000000000000e+00,1.508078575134277344e-01
0.000000000000000000e+00,1.839101314544677734e-01
0.000000000000000000e+00,1.560658514499664307e-01
0.000000000000000000e+00,1.330882310867309570e-01
0.000000000000000000e+00,1.596579700708389282e-01
0.000000000000000000e+00,1.460335552692413330e-01
0.000000000000000000e+00,1.267599910497665405e-01
0.000000000000000000e+00,1.231152117252349854e-01
0.000000000000000000e+00,1.902444064617156982e-01
0.000000000000000000e+00,1.411048620939254761e-01
0.000000000000000000e+00,1.985841989517211914e-01
0.000000000000000000e+00,1.649758964776992798e-01
0.000000000000000000e+00,1.263513863086700439e-01
0.000000000000000000e+00,1.392340362071990967e-01
0.000000000000000000e+00,1.359658986330032349e-01
0.000000000000000000e+00,1.444464027881622314e-01
0.000000000000000000e+00,1.512862741947174072e-01
0.000000000000000000e+00,1.461839377880096436e-01
0.000000000000000000e+00,1.769451797008514404e-01
0.000000000000000000e+00,1.603390276432037354e-01
0.000000000000000000e+00,1.723330914974212646e-01
0.000000000000000000e+00,1.776694059371948242e-01
0.000000000000000000e+00,1.812815219163894653e-01
0.000000000000000000e+00,1.904309540987014771e-01
0.000000000000000000e+00,1.740518659353256226e-01
0.000000000000000000e+00,1.801555007696151733e-01
0.000000000000000000e+00,1.809667348861694336e-01
0.000000000000000000e+00,1.408256590366363525e-01
0.000000000000000000e+00,1.855545789003372192e-01
0.000000000000000000e+00,2.743772566318511963e-01
0.000000000000000000e+00,1.600008904933929443e-01
0.000000000000000000e+00,2.295033037662506104e-01
0.000000000000000000e+00,2.081437408924102783e-01
0.000000000000000000e+00,1.996197402477264404e-01
0.000000000000000000e+00,1.873909085988998413e-01
0.000000000000000000e+00,1.575568616390228271e-01
0.000000000000000000e+00,1.442369222640991211e-01
0.000000000000000000e+00,1.891653090715408325e-01
0.000000000000000000e+00,3.256031274795532227e-01
0.000000000000000000e+00,2.280396819114685059e-01
0.000000000000000000e+00,2.025843262672424316e-01
0.000000000000000000e+00,1.569484025239944458e-01
0.000000000000000000e+00,1.662202328443527222e-01
1.000000000000000000e+00,4.237296283245086670e-01
1.000000000000000000e+00,5.565452575683593750e-01
1.000000000000000000e+00,5.508899092674255371e-01
1.000000000000000000e+00,4.099022448062896729e-01
1.000000000000000000e+00,4.803609848022460938e-01
1.000000000000000000e+00,4.679581522941589355e-01
1.000000000000000000e+00,4.297937154769897461e-01
1.000000000000000000e+00,4.253177642822265625e-01
1.000000000000000000e+00,4.420478343963623047e-01
1.000000000000000000e+00,4.396618604660034180e-01
1.000000000000000000e+00,4.903994798660278320e-01
1.000000000000000000e+00,4.375599324703216553e-01
1.000000000000000000e+00,4.387541115283966064e-01
1.000000000000000000e+00,3.811560869216918945e-01
1.000000000000000000e+00,3.688218891620635986e-01
1.000000000000000000e+00,4.073749184608459473e-01
1.000000000000000000e+00,4.316222071647644043e-01
1.000000000000000000e+00,3.680230379104614258e-01
1.000000000000000000e+00,4.178724586963653564e-01
1.000000000000000000e+00,3.673394322395324707e-01
1.000000000000000000e+00,4.776685535907745361e-01
1.000000000000000000e+00,4.442432522773742676e-01
1.000000000000000000e+00,4.488911330699920654e-01
1.000000000000000000e+00,4.121541678905487061e-01
1.000000000000000000e+00,5.496197938919067383e-01
1.000000000000000000e+00,4.090617895126342773e-01
1.000000000000000000e+00,4.472123384475708008e-01
1.000000000000000000e+00,4.660004079341888428e-01
1.000000000000000000e+00,4.283343553543090820e-01
1.000000000000000000e+00,4.445300698280334473e-01
1.000000000000000000e+00,4.661321043968200684e-01
1.000000000000000000e+00,3.851422369480133057e-01
1.000000000000000000e+00,4.545988440513610840e-01
1.000000000000000000e+00,3.807639777660369873e-01
1.000000000000000000e+00,4.269898533821105957e-01
1.000000000000000000e+00,4.360731840133666992e-01
1.000000000000000000e+00,4.121659994125366211e-01
1.000000000000000000e+00,4.544645547866821289e-01
1.000000000000000000e+00,3.733723461627960205e-01
1.000000000000000000e+00,3.821422159671783447e-01
1.000000000000000000e+00,4.673119187355041504e-01
1.000000000000000000e+00,5.067017674446105957e-01
1.000000000000000000e+00,4.281906485557556152e-01
1.000000000000000000e+00,4.835350513458251953e-01
1.000000000000000000e+00,3.153251409530639648e-01
1.000000000000000000e+00,4.052000045776367188e-01
1.000000000000000000e+00,4.413205385208129883e-01
1.000000000000000000e+00,3.961247801780700684e-01
1.000000000000000000e+00,4.089286923408508301e-01
1.000000000000000000e+00,4.387045502662658691e-01
1.000000000000000000e+00,4.003872275352478027e-01
1.000000000000000000e+00,4.821634292602539062e-01
1.000000000000000000e+00,4.063517153263092041e-01
1.000000000000000000e+00,4.277777671813964844e-01
1.000000000000000000e+00,3.993127346038818359e-01
1.000000000000000000e+00,4.142050743103027344e-01
1.000000000000000000e+00,4.193677306175231934e-01
1.000000000000000000e+00,4.069207608699798584e-01
1.000000000000000000e+00,3.474550843238830566e-01
1.000000000000000000e+00,4.541055560111999512e-01
1.000000000000000000e+00,5.224755406379699707e-01
1.000000000000000000e+00,4.597294330596923828e-01
1.000000000000000000e+00,4.156765341758728027e-01
1.000000000000000000e+00,4.614885151386260986e-01
1.000000000000000000e+00,5.059294700622558594e-01
1.000000000000000000e+00,3.702142536640167236e-01
1.000000000000000000e+00,3.989259898662567139e-01
1.000000000000000000e+00,3.883076608180999756e-01
1.000000000000000000e+00,4.438642263412475586e-01
1.000000000000000000e+00,4.136286377906799316e-01
1.000000000000000000e+00,4.880832433700561523e-01
1.000000000000000000e+00,4.588395953178405762e-01
1.000000000000000000e+00,3.164958953857421875e-01
1.000000000000000000e+00,4.521743059158325195e-01
1.000000000000000000e+00,4.577206373214721680e-01
1.000000000000000000e+00,4.586893320083618164e-01
1.000000000000000000e+00,4.065398573875427246e-01
1.000000000000000000e+00,5.180503129959106445e-01
1.000000000000000000e+00,4.216203093528747559e-01
1.000000000000000000e+00,3.930145204067230225e-01
1.000000000000000000e+00,4.214532971382141113e-01
1.000000000000000000e+00,3.773756325244903564e-01
1.000000000000000000e+00,5.094384551048278809e-01
1.000000000000000000e+00,4.585142731666564941e-01
1.000000000000000000e+00,4.387689530849456787e-01
1.000000000000000000e+00,4.537642300128936768e-01
1.000000000000000000e+00,3.992235660552978516e-01
1.000000000000000000e+00,4.642810225486755371e-01
1.000000000000000000e+00,4.508900642395019531e-01
1.000000000000000000e+00,4.877738952636718750e-01
1.000000000000000000e+00,4.384950399398803711e-01
1.000000000000000000e+00,5.019130110740661621e-01
1.000000000000000000e+00,4.062578678131103516e-01
1.000000000000000000e+00,4.620071649551391602e-01
1.000000000000000000e+00,4.267289936542510986e-01
1.000000000000000000e+00,4.864855110645294189e-01
1.000000000000000000e+00,4.199440777301788330e-01
1.000000000000000000e+00,4.565694332122802734e-01
1.000000000000000000e+00,3.912549614906311035e-01
1.000000000000000000e+00,4.916688501834869385e-01
1.000000000000000000e+00,4.502601623535156250e-01
1.000000000000000000e+00,4.404633939266204834e-01
1.000000000000000000e+00,3.547196984291076660e-01
1.000000000000000000e+00,4.742101728916168213e-01
1.000000000000000000e+00,4.407466351985931396e-01
1.000000000000000000e+00,4.890275001525878906e-01
1.000000000000000000e+00,4.376066327095031738e-01
1.000000000000000000e+00,4.263106584548950195e-01
1.000000000000000000e+00,5.070111751556396484e-01
1.000000000000000000e+00,4.177919030189514160e-01
1.000000000000000000e+00,4.480088949203491211e-01
1.000000000000000000e+00,4.641943573951721191e-01
1.000000000000000000e+00,4.272408187389373779e-01
1.000000000000000000e+00,4.747030138969421387e-01
1.000000000000000000e+00,4.230807423591613770e-01
1.000000000000000000e+00,3.736864924430847168e-01
1.000000000000000000e+00,4.237191975116729736e-01
1.000000000000000000e+00,3.822477757930755615e-01
1.000000000000000000e+00,4.542850852012634277e-01
1.000000000000000000e+00,4.357281923294067383e-01
1.000000000000000000e+00,4.483580887317657471e-01
1.000000000000000000e+00,4.027325510978698730e-01
1.000000000000000000e+00,4.175983667373657227e-01
1.000000000000000000e+00,4.854922294616699219e-01
1.000000000000000000e+00,4.273405075073242188e-01
1.000000000000000000e+00,3.580014705657958984e-01
1.000000000000000000e+00,4.465819299221038818e-01
1.000000000000000000e+00,4.171392917633056641e-01
1.000000000000000000e+00,4.622816443443298340e-01
1.000000000000000000e+00,4.399169683456420898e-01
1.000000000000000000e+00,5.242142677307128906e-01
1.000000000000000000e+00,4.985389113426208496e-01
1.000000000000000000e+00,4.682467579841613770e-01
1.000000000000000000e+00,4.382004141807556152e-01
1.000000000000000000e+00,4.723006486892700195e-01
1.000000000000000000e+00,4.654311537742614746e-01
1.000000000000000000e+00,3.966810107231140137e-01
1.000000000000000000e+00,5.083296298980712891e-01
1.000000000000000000e+00,4.604268968105316162e-01
1.000000000000000000e+00,4.468003511428833008e-01
1.000000000000000000e+00,3.772875964641571045e-01
1.000000000000000000e+00,4.404662251472473145e-01
1.000000000000000000e+00,4.205164313316345215e-01
1.000000000000000000e+00,4.514062404632568359e-01
1.000000000000000000e+00,3.817963302135467529e-01
1.000000000000000000e+00,4.351542890071868896e-01
1.000000000000000000e+00,5.111368894577026367e-01
1.000000000000000000e+00,4.211188852787017822e-01
1.000000000000000000e+00,4.468691945075988770e-01
1.000000000000000000e+00,5.799811482429504395e-01
1.000000000000000000e+00,4.477738142013549805e-01
1.000000000000000000e+00,4.562019109725952148e-01
1.000000000000000000e+00,4.762672483921051025e-01
1.000000000000000000e+00,3.631590604782104492e-01
1.000000000000000000e+00,3.948698937892913818e-01
1.000000000000000000e+00,3.980506062507629395e-01
1.000000000000000000e+00,4.322365522384643555e-01
1.000000000000000000e+00,4.168351292610168457e-01
1.000000000000000000e+00,4.735565185546875000e-01
1.000000000000000000e+00,3.750839531421661377e-01
1.000000000000000000e+00,4.366498589515686035e-01
1.000000000000000000e+00,4.313849806785583496e-01
1.000000000000000000e+00,4.088214337825775146e-01
1.000000000000000000e+00,4.669087827205657959e-01
1.000000000000000000e+00,3.845590651035308838e-01
1.000000000000000000e+00,4.376689195632934570e-01
1.000000000000000000e+00,3.987012803554534912e-01
1.000000000000000000e+00,4.166654348373413086e-01
1.000000000000000000e+00,4.331348538398742676e-01
1.000000000000000000e+00,4.415411055088043213e-01
1.000000000000000000e+00,4.753208160400390625e-01
1.000000000000000000e+00,4.275255799293518066e-01
1.000000000000000000e+00,4.578682184219360352e-01
1.000000000000000000e+00,4.396506547927856445e-01
1.000000000000000000e+00,3.820978701114654541e-01
1.000000000000000000e+00,4.099131226539611816e-01
1.000000000000000000e+00,4.116144776344299316e-01
1.000000000000000000e+00,4.595671296119689941e-01
1.000000000000000000e+00,4.508658647537231445e-01
1.000000000000000000e+00,5.078324675559997559e-01
1.000000000000000000e+00,4.046134054660797119e-01
1.000000000000000000e+00,3.774009048938751221e-01
1.000000000000000000e+00,3.779903054237365723e-01
1.000000000000000000e+00,4.607680141925811768e-01
1.000000000000000000e+00,4.696095585823059082e-01
1.000000000000000000e+00,4.560015201568603516e-01
1.000000000000000000e+00,4.469883143901824951e-01
1.000000000000000000e+00,4.541340768337249756e-01
1.000000000000000000e+00,4.159663319587707520e-01
1.000000000000000000e+00,4.062197208404541016e-01
1.000000000000000000e+00,3.827486932277679443e-01
1.000000000000000000e+00,3.563609421253204346e-01
1.000000000000000000e+00,3.914690613746643066e-01
1.000000000000000000e+00,4.665068089962005615e-01
1.000000000000000000e+00,4.094640314579010010e-01
1.000000000000000000e+00,4.841136634349822998e-01
1.000000000000000000e+00,4.742030501365661621e-01
1.000000000000000000e+00,4.495869278907775879e-01
1.000000000000000000e+00,4.261922538280487061e-01
1.000000000000000000e+00,4.976766705513000488e-01
1.000000000000000000e+00,4.986048936843872070e-01
1.000000000000000000e+00,4.422191977500915527e-01
1.000000000000000000e+00,4.663012027740478516e-01
1.000000000000000000e+00,3.712796866893768311e-01
1.000000000000000000e+00,4.818060398101806641e-01
1.000000000000000000e+00,4.586027860641479492e-01
1.000000000000000000e+00,4.393399059772491455e-01
1.000000000000000000e+00,4.125686585903167725e-01
1.000000000000000000e+00,4.360456466674804688e-01
1.000000000000000000e+00,4.166071116924285889e-01
1.000000000000000000e+00,4.631912112236022949e-01
1.000000000000000000e+00,3.739343881607055664e-01
1.000000000000000000e+00,3.915214240550994873e-01
1.000000000000000000e+00,3.924267292022705078e-01
1.000000000000000000e+00,5.559648275375366211e-01
1.000000000000000000e+00,4.110531210899353027e-01
1.000000000000000000e+00,5.499197244644165039e-01
1.000000000000000000e+00,3.995860219001770020e-01
1.000000000000000000e+00,4.290484786033630371e-01
1.000000000000000000e+00,4.399702847003936768e-01
1.000000000000000000e+00,4.519641399383544922e-01
1.000000000000000000e+00,4.885618090629577637e-01
1.000000000000000000e+00,4.699640274047851562e-01
1.000000000000000000e+00,4.511456489562988281e-01
1.000000000000000000e+00,4.752075970172882080e-01
1.000000000000000000e+00,3.750599026679992676e-01
1.000000000000000000e+00,3.779571950435638428e-01
1.000000000000000000e+00,3.852603137493133545e-01
1.000000000000000000e+00,3.963247537612915039e-01
1.000000000000000000e+00,4.208899140357971191e-01
1.000000000000000000e+00,4.280002415180206299e-01
1.000000000000000000e+00,3.725536167621612549e-01
1.000000000000000000e+00,3.717625737190246582e-01
1.000000000000000000e+00,4.668386578559875488e-01
1.000000000000000000e+00,4.742907583713531494e-01
1.000000000000000000e+00,4.415462613105773926e-01
1.000000000000000000e+00,3.814718127250671387e-01
1.000000000000000000e+00,4.934189617633819580e-01
1.000000000000000000e+00,4.760929346084594727e-01
1.000000000000000000e+00,4.375115633010864258e-01
1.000000000000000000e+00,4.359950423240661621e-01
1.000000000000000000e+00,4.424967765808105469e-01
1.000000000000000000e+00,4.340435266494750977e-01
1.000000000000000000e+00,4.075718522071838379e-01
1.000000000000000000e+00,4.619957506656646729e-01
1.000000000000000000e+00,4.678167700767517090e-01
1.000000000000000000e+00,3.752174377441406250e-01
1.000000000000000000e+00,3.693864047527313232e-01
1.000000000000000000e+00,4.206945300102233887e-01
1.000000000000000000e+00,4.386231601238250732e-01
1.000000000000000000e+00,4.421131014823913574e-01
1.000000000000000000e+00,3.892621994018554688e-01
1.000000000000000000e+00,4.043081998825073242e-01
1.000000000000000000e+00,4.814644753932952881e-01
1.000000000000000000e+00,4.142498373985290527e-01
1.000000000000000000e+00,5.139813423156738281e-01
1.000000000000000000e+00,4.681576490402221680e-01
1.000000000000000000e+00,4.136751890182495117e-01
1.000000000000000000e+00,3.935164511203765869e-01
1.000000000000000000e+00,4.702756106853485107e-01
1.000000000000000000e+00,3.556301593780517578e-01
1.000000000000000000e+00,4.047067761421203613e-01
1.000000000000000000e+00,4.074282348155975342e-01
1.000000000000000000e+00,4.942455887794494629e-01
1.000000000000000000e+00,4.107585251331329346e-01
1.000000000000000000e+00,4.409746229648590088e-01
1.000000000000000000e+00,4.193810820579528809e-01
1.000000000000000000e+00,3.896966874599456787e-01
1.000000000000000000e+00,4.066420197486877441e-01
1.000000000000000000e+00,3.850400447845458984e-01
1.000000000000000000e+00,4.402189552783966064e-01
1.000000000000000000e+00,4.060058593750000000e-01
1.000000000000000000e+00,3.930195569992065430e-01
1.000000000000000000e+00,3.854538500308990479e-01
1.000000000000000000e+00,3.847238421440124512e-01
1.000000000000000000e+00,4.211457967758178711e-01
1.000000000000000000e+00,4.385407269001007080e-01
1.000000000000000000e+00,4.239680171012878418e-01
1.000000000000000000e+00,4.568768739700317383e-01
1.000000000000000000e+00,4.011950492858886719e-01
1.000000000000000000e+00,3.778320252895355225e-01
1.000000000000000000e+00,5.647244453430175781e-01
1.000000000000000000e+00,4.744672477245330811e-01
1.000000000000000000e+00,4.386440813541412354e-01
1.000000000000000000e+00,4.877771735191345215e-01
1.000000000000000000e+00,4.554129242897033691e-01
1.000000000000000000e+00,3.872963786125183105e-01
1.000000000000000000e+00,4.264630079269409180e-01
1.000000000000000000e+00,4.483500719070434570e-01
1.000000000000000000e+00,4.408039450645446777e-01
1.000000000000000000e+00,4.283442497253417969e-01
1.000000000000000000e+00,5.119789838790893555e-01
1.000000000000000000e+00,4.571266174316406250e-01
1.000000000000000000e+00,3.459418714046478271e-01
1.000000000000000000e+00,4.351199865341186523e-01
1.000000000000000000e+00,4.439199566841125488e-01
1.000000000000000000e+00,4.234008789062500000e-01
1.000000000000000000e+00,4.542154073715209961e-01
1.000000000000000000e+00,3.977845311164855957e-01
1.000000000000000000e+00,4.088247418403625488e-01
1.000000000000000000e+00,4.636267423629760742e-01
1.000000000000000000e+00,4.637336730957031250e-01
1.000000000000000000e+00,4.313360750675201416e-01
1.000000000000000000e+00,4.420216083526611328e-01
1.000000000000000000e+00,5.410236120223999023e-01
1.000000000000000000e+00,4.482033848762512207e-01
1.000000000000000000e+00,4.941957294940948486e-01
1.000000000000000000e+00,4.574370086193084717e-01
1.000000000000000000e+00,5.465220808982849121e-01
1.000000000000000000e+00,4.916312396526336670e-01
1.000000000000000000e+00,4.209395349025726318e-01
1.000000000000000000e+00,5.013974308967590332e-01
1.000000000000000000e+00,4.962759315967559814e-01
1.000000000000000000e+00,4.005656540393829346e-01
1.000000000000000000e+00,5.513685345649719238e-01
1.000000000000000000e+00,4.373238086700439453e-01
1.000000000000000000e+00,4.635233283042907715e-01
1.000000000000000000e+00,4.607327580451965332e-01
1.000000000000000000e+00,5.033528804779052734e-01
1.000000000000000000e+00,5.213152170181274414e-01
1.000000000000000000e+00,5.088987946510314941e-01
1.000000000000000000e+00,4.401804804801940918e-01
1.000000000000000000e+00,4.643543362617492676e-01
1.000000000000000000e+00,4.940189719200134277e-01
1.000000000000000000e+00,4.327768683433532715e-01
1.000000000000000000e+00,3.754919469356536865e-01
1.000000000000000000e+00,4.945589303970336914e-01
1.000000000000000000e+00,4.295392036437988281e-01
1.000000000000000000e+00,4.680478274822235107e-01
1.000000000000000000e+00,4.910640120506286621e-01
1.000000000000000000e+00,3.568320572376251221e-01
1.000000000000000000e+00,3.936684429645538330e-01
1.000000000000000000e+00,4.320148825645446777e-01
1.000000000000000000e+00,4.204369485378265381e-01
1.000000000000000000e+00,3.478963077068328857e-01
1.000000000000000000e+00,5.825133919715881348e-01
1.000000000000000000e+00,4.483381509780883789e-01
1.000000000000000000e+00,4.069472849369049072e-01
1.000000000000000000e+00,5.275141596794128418e-01
1.000000000000000000e+00,3.530394434928894043e-01
1.000000000000000000e+00,4.848187565803527832e-01
1.000000000000000000e+00,4.715800881385803223e-01
1.000000000000000000e+00,4.006701111793518066e-01
1.000000000000000000e+00,4.645307660102844238e-01
1.000000000000000000e+00,3.341674208641052246e-01
1.000000000000000000e+00,4.323757886886596680e-01
1.000000000000000000e+00,4.272198081016540527e-01
1.000000000000000000e+00,4.425313770771026611e-01
1.000000000000000000e+00,3.960046768188476562e-01
1.000000000000000000e+00,3.903365135192871094e-01
1.000000000000000000e+00,4.910744428634643555e-01
1.000000000000000000e+00,4.093878269195556641e-01
1.000000000000000000e+00,3.904992341995239258e-01
1.000000000000000000e+00,3.952149748802185059e-01
1.000000000000000000e+00,3.752860426902770996e-01
1.000000000000000000e+00,3.654086589813232422e-01
1.000000000000000000e+00,4.103553593158721924e-01
1.000000000000000000e+00,4.290774762630462646e-01
1.000000000000000000e+00,3.465723395347595215e-01
1.000000000000000000e+00,3.983041048049926758e-01
1.000000000000000000e+00,3.571400344371795654e-01
1.000000000000000000e+00,4.547024071216583252e-01
1.000000000000000000e+00,3.832734227180480957e-01
1.000000000000000000e+00,3.647170066833496094e-01
1.000000000000000000e+00,4.097761213779449463e-01
1.000000000000000000e+00,4.324016869068145752e-01
1.000000000000000000e+00,4.580617547035217285e-01
1.000000000000000000e+00,3.877560496330261230e-01
1.000000000000000000e+00,5.057778358459472656e-01
1.000000000000000000e+00,3.887052536010742188e-01
1.000000000000000000e+00,4.060439169406890869e-01
1.000000000000000000e+00,5.465025305747985840e-01
1.000000000000000000e+00,4.183564782142639160e-01
1.000000000000000000e+00,4.677293300628662109e-01
1.000000000000000000e+00,4.378850162029266357e-01
1.000000000000000000e+00,4.348542094230651855e-01
1.000000000000000000e+00,4.625647068023681641e-01
1.000000000000000000e+00,4.631779193878173828e-01
1.000000000000000000e+00,4.379895329475402832e-01
1.000000000000000000e+00,3.925550878047943115e-01
1.000000000000000000e+00,3.853956460952758789e-01
1.000000000000000000e+00,3.666069805622100830e-01
1.000000000000000000e+00,3.937406241893768311e-01
1.000000000000000000e+00,4.921798706054687500e-01
1.000000000000000000e+00,4.126470088958740234e-01
1.000000000000000000e+00,4.887647628784179688e-01
1.000000000000000000e+00,3.511953651905059814e-01
1.000000000000000000e+00,4.294988512992858887e-01
1.000000000000000000e+00,3.579261898994445801e-01
1.000000000000000000e+00,4.203618168830871582e-01
1.000000000000000000e+00,3.824562132358551025e-01
1.000000000000000000e+00,4.129643440246582031e-01
1.000000000000000000e+00,4.241462349891662598e-01
1.000000000000000000e+00,3.924869000911712646e-01
1.000000000000000000e+00,5.590372085571289062e-01
1.000000000000000000e+00,4.052745401859283447e-01
1.000000000000000000e+00,4.589400291442871094e-01
1.000000000000000000e+00,4.265448749065399170e-01
1.000000000000000000e+00,3.849983811378479004e-01
1.000000000000000000e+00,3.999725282192230225e-01
1.000000000000000000e+00,4.063224792480468750e-01
1.000000000000000000e+00,3.987197279930114746e-01
1.000000000000000000e+00,4.497964382171630859e-01
1.000000000000000000e+00,3.720440864562988281e-01
1.000000000000000000e+00,3.785766959190368652e-01
1.000000000000000000e+00,4.438471198081970215e-01
1.000000000000000000e+00,5.108257532119750977e-01
1.000000000000000000e+00,5.264485478401184082e-01
1.000000000000000000e+00,3.872077465057373047e-01
1.000000000000000000e+00,3.892505764961242676e-01
1.000000000000000000e+00,4.359069764614105225e-01
1.000000000000000000e+00,4.164182543754577637e-01
1.000000000000000000e+00,3.843248188495635986e-01
1.000000000000000000e+00,4.826173186302185059e-01
1.000000000000000000e+00,4.350504577159881592e-01
1.000000000000000000e+00,4.027224779129028320e-01
1.000000000000000000e+00,4.030416011810302734e-01
1.000000000000000000e+00,4.658619463443756104e-01
1.000000000000000000e+00,3.720592260360717773e-01
1.000000000000000000e+00,4.664583802223205566e-01
1.000000000000000000e+00,4.397062957286834717e-01
1.000000000000000000e+00,4.058938026428222656e-01
1.000000000000000000e+00,3.757749795913696289e-01
1.000000000000000000e+00,4.362591207027435303e-01
1.000000000000000000e+00,3.528434336185455322e-01
1.000000000000000000e+00,4.188832044601440430e-01
1.000000000000000000e+00,4.763174057006835938e-01
1.000000000000000000e+00,3.680165708065032959e-01
1.000000000000000000e+00,4.476483464241027832e-01
1.000000000000000000e+00,3.896855413913726807e-01
1.000000000000000000e+00,3.943846821784973145e-01
1.000000000000000000e+00,4.325518906116485596e-01
1.000000000000000000e+00,4.142363071441650391e-01
1.000000000000000000e+00,4.498104155063629150e-01
1.000000000000000000e+00,4.162336289882659912e-01
1.000000000000000000e+00,4.016421139240264893e-01
1.000000000000000000e+00,4.191728830337524414e-01
1.000000000000000000e+00,3.568877279758453369e-01
1.000000000000000000e+00,4.375985264778137207e-01
1.000000000000000000e+00,3.979211449623107910e-01
1.000000000000000000e+00,3.688546419143676758e-01
1.000000000000000000e+00,4.170960783958435059e-01
1.000000000000000000e+00,4.435126781463623047e-01
1.000000000000000000e+00,4.311091303825378418e-01
1.000000000000000000e+00,5.079946517944335938e-01
1.000000000000000000e+00,4.527609348297119141e-01
1.000000000000000000e+00,5.373955368995666504e-01
1.000000000000000000e+00,4.416469931602478027e-01
1.000000000000000000e+00,4.835672378540039062e-01
1.000000000000000000e+00,4.687406420707702637e-01
1.000000000000000000e+00,3.880153894424438477e-01
1.000000000000000000e+00,5.011261105537414551e-01
1.000000000000000000e+00,4.110977649688720703e-01
1.000000000000000000e+00,4.249573945999145508e-01
1.000000000000000000e+00,4.128131568431854248e-01
1.000000000000000000e+00,3.568595349788665771e-01
1.000000000000000000e+00,3.685169816017150879e-01
1.000000000000000000e+00,4.990568161010742188e-01
1.000000000000000000e+00,4.369737505912780762e-01
1.000000000000000000e+00,4.505942165851593018e-01
1.000000000000000000e+00,4.235539436340332031e-01
1.000000000000000000e+00,4.866387844085693359e-01
1.000000000000000000e+00,4.808336794376373291e-01
1.000000000000000000e+00,3.409225940704345703e-01
1.000000000000000000e+00,3.580293953418731689e-01
1.000000000000000000e+00,4.242181479930877686e-01
1.000000000000000000e+00,4.404371976852416992e-01
1.000000000000000000e+00,4.100196063518524170e-01
1.000000000000000000e+00,4.640745520591735840e-01
1.000000000000000000e+00,4.663901329040527344e-01
1.000000000000000000e+00,4.021724462509155273e-01
1.000000000000000000e+00,4.373616278171539307e-01
1.000000000000000000e+00,4.349226951599121094e-01
1.000000000000000000e+00,5.067592263221740723e-01
1.000000000000000000e+00,4.197448492050170898e-01
1.000000000000000000e+00,3.608401715755462646e-01
1.000000000000000000e+00,3.985547721385955811e-01
1.000000000000000000e+00,4.126568734645843506e-01
1.000000000000000000e+00,4.492576718330383301e-01
1.000000000000000000e+00,6.024554967880249023e-01
1.000000000000000000e+00,4.968991577625274658e-01
1.000000000000000000e+00,5.435026884078979492e-01
1.000000000000000000e+00,4.685136079788208008e-01
1.000000000000000000e+00,4.474960565567016602e-01
1.000000000000000000e+00,4.373433589935302734e-01
1.000000000000000000e+00,4.503637552261352539e-01
1.000000000000000000e+00,4.335660338401794434e-01
1.000000000000000000e+00,4.207697510719299316e-01
1.000000000000000000e+00,3.443695604801177979e-01
1.000000000000000000e+00,4.424191117286682129e-01
1.000000000000000000e+00,4.393424689769744873e-01
1.000000000000000000e+00,4.335452914237976074e-01
1.000000000000000000e+00,3.642981052398681641e-01
1.000000000000000000e+00,4.391891956329345703e-01
1.000000000000000000e+00,4.048407077789306641e-01
1.000000000000000000e+00,4.010429978370666504e-01
1.000000000000000000e+00,4.366642236709594727e-01
1.000000000000000000e+00,4.074125587940216064e-01
1.000000000000000000e+00,4.284040331840515137e-01
1.000000000000000000e+00,4.358566403388977051e-01
1.000000000000000000e+00,3.784907460212707520e-01
1.000000000000000000e+00,5.606956481933593750e-01
1.000000000000000000e+00,3.685161769390106201e-01
1.000000000000000000e+00,4.483655691146850586e-01
1.000000000000000000e+00,5.163398385047912598e-01
1.000000000000000000e+00,4.136817753314971924e-01
1.000000000000000000e+00,5.069448947906494141e-01
1.000000000000000000e+00,4.218202531337738037e-01
1.000000000000000000e+00,4.237155914306640625e-01
1.000000000000000000e+00,5.377100706100463867e-01
1.000000000000000000e+00,4.197511672973632812e-01
1.000000000000000000e+00,4.431424736976623535e-01
1.000000000000000000e+00,3.978435993194580078e-01
1.000000000000000000e+00,5.112992525100708008e-01
1.000000000000000000e+00,4.205726385116577148e-01
1.000000000000000000e+00,3.162268698215484619e-01
1.000000000000000000e+00,4.681881070137023926e-01
1.000000000000000000e+00,4.232462048530578613e-01
1.000000000000000000e+00,4.279468953609466553e-01
1.000000000000000000e+00,4.688999950885772705e-01
1.000000000000000000e+00,4.450218677520751953e-01
1.000000000000000000e+00,4.290142953395843506e-01
1.000000000000000000e+00,3.531846404075622559e-01
1.000000000000000000e+00,4.747737646102905273e-01
1.000000000000000000e+00,3.949368000030517578e-01
1.000000000000000000e+00,3.634848892688751221e-01
1.000000000000000000e+00,3.531109988689422607e-01
1.000000000000000000e+00,3.864794671535491943e-01
1.000000000000000000e+00,3.441042602062225342e-01
1.000000000000000000e+00,5.615118741989135742e-01
1.000000000000000000e+00,4.038743972778320312e-01
1.000000000000000000e+00,3.512109518051147461e-01
1.000000000000000000e+00,4.514219760894775391e-01
1.000000000000000000e+00,3.315963447093963623e-01
1.000000000000000000e+00,4.408580064773559570e-01
1.000000000000000000e+00,4.550677537918090820e-01
1.000000000000000000e+00,5.506957769393920898e-01
1.000000000000000000e+00,4.581807553768157959e-01
1.000000000000000000e+00,4.675306677818298340e-01
1.000000000000000000e+00,4.498117566108703613e-01
1.000000000000000000e+00,4.334703981876373291e-01
1.000000000000000000e+00,4.979132413864135742e-01
1.000000000000000000e+00,4.509661495685577393e-01
1.000000000000000000e+00,5.002025961875915527e-01
1.000000000000000000e+00,4.198282361030578613e-01
1.000000000000000000e+00,4.741424322128295898e-01
1.000000000000000000e+00,3.887763023376464844e-01
1.000000000000000000e+00,4.278708100318908691e-01
1.000000000000000000e+00,4.159557819366455078e-01
1.000000000000000000e+00,4.479145407676696777e-01
1.000000000000000000e+00,4.202729165554046631e-01
1.000000000000000000e+00,4.785354137420654297e-01
1.000000000000000000e+00,4.566485881805419922e-01
1.000000000000000000e+00,4.293344914913177490e-01
1.000000000000000000e+00,4.397684037685394287e-01
1.000000000000000000e+00,4.941372871398925781e-01
1.000000000000000000e+00,3.761720657348632812e-01
1.000000000000000000e+00,5.541635751724243164e-01
1.000000000000000000e+00,3.479504585266113281e-01
1.000000000000000000e+00,4.236057996749877930e-01
1.000000000000000000e+00,3.955700099468231201e-01
1.000000000000000000e+00,3.831834197044372559e-01
1.000000000000000000e+00,4.172263145446777344e-01
1.000000000000000000e+00,4.867185950279235840e-01
1.000000000000000000e+00,5.031318068504333496e-01
1.000000000000000000e+00,4.705982506275177002e-01
1.000000000000000000e+00,4.539759159088134766e-01
1.000000000000000000e+00,5.266864895820617676e-01
1.000000000000000000e+00,4.506333768367767334e-01
1.000000000000000000e+00,5.198197364807128906e-01
1.000000000000000000e+00,4.583531618118286133e-01
1.000000000000000000e+00,4.075164496898651123e-01
1.000000000000000000e+00,4.330474138259887695e-01
1.000000000000000000e+00,3.542678952217102051e-01
1.000000000000000000e+00,4.048241376876831055e-01
1.000000000000000000e+00,3.789205849170684814e-01
1.000000000000000000e+00,4.486656188964843750e-01
1.000000000000000000e+00,4.617393910884857178e-01
1.000000000000000000e+00,4.635906219482421875e-01
1.000000000000000000e+00,4.557328522205352783e-01
1.000000000000000000e+00,4.406176805496215820e-01
1.000000000000000000e+00,3.380276560783386230e-01
1.000000000000000000e+00,4.502837955951690674e-01
1.000000000000000000e+00,4.891396760940551758e-01
1.000000000000000000e+00,4.890483915805816650e-01
1.000000000000000000e+00,4.808222651481628418e-01
1.000000000000000000e+00,4.490537047386169434e-01
1.000000000000000000e+00,3.842636346817016602e-01
1.000000000000000000e+00,4.963331222534179688e-01
1.000000000000000000e+00,4.664586186408996582e-01
1.000000000000000000e+00,4.814729392528533936e-01
1.000000000000000000e+00,5.006805062294006348e-01
1.000000000000000000e+00,3.877928256988525391e-01
1.000000000000000000e+00,4.049619138240814209e-01
1.000000000000000000e+00,4.185525178909301758e-01
1.000000000000000000e+00,3.874790668487548828e-01
1.000000000000000000e+00,4.386429786682128906e-01
1.000000000000000000e+00,3.509201705455780029e-01
1.000000000000000000e+00,3.980687260627746582e-01
1.000000000000000000e+00,5.037269592285156250e-01
1.000000000000000000e+00,4.250899255275726318e-01
1.000000000000000000e+00,4.786902368068695068e-01
1.000000000000000000e+00,4.312437176704406738e-01
1.000000000000000000e+00,3.633117675781250000e-01
1.000000000000000000e+00,4.754311144351959229e-01
1.000000000000000000e+00,4.654425680637359619e-01
1.000000000000000000e+00,4.912300109863281250e-01
1.000000000000000000e+00,3.622798919677734375e-01
1.000000000000000000e+00,3.460574746131896973e-01
1.000000000000000000e+00,4.097848534584045410e-01
1.000000000000000000e+00,4.199361801147460938e-01
1.000000000000000000e+00,4.082786440849304199e-01
1.000000000000000000e+00,4.343062043190002441e-01
1.000000000000000000e+00,3.545511960983276367e-01
1.000000000000000000e+00,4.705109298229217529e-01
1.000000000000000000e+00,4.051027595996856689e-01
1.000000000000000000e+00,4.669536650180816650e-01
1.000000000000000000e+00,4.996170997619628906e-01
1.000000000000000000e+00,3.218712806701660156e-01
1.000000000000000000e+00,4.481714665889739990e-01
1.000000000000000000e+00,4.522751271724700928e-01
1.000000000000000000e+00,4.452978074550628662e-01
1.000000000000000000e+00,5.140053033828735352e-01
1.000000000000000000e+00,4.434958696365356445e-01
1.000000000000000000e+00,4.012073874473571777e-01
1.000000000000000000e+00,3.672826886177062988e-01
1.000000000000000000e+00,5.231878161430358887e-01
1.000000000000000000e+00,4.529253542423248291e-01
1.000000000000000000e+00,3.625393509864807129e-01
1.000000000000000000e+00,4.384597241878509521e-01
1.000000000000000000e+00,3.919686377048492432e-01
1.000000000000000000e+00,4.442120790481567383e-01
1.000000000000000000e+00,4.630868136882781982e-01
1.000000000000000000e+00,3.868282437324523926e-01
1.000000000000000000e+00,4.577153325080871582e-01
1.000000000000000000e+00,4.706692993640899658e-01
1.000000000000000000e+00,4.203546643257141113e-01
1.000000000000000000e+00,6.081534624099731445e-01
1.000000000000000000e+00,4.765884876251220703e-01
1.000000000000000000e+00,4.354967176914215088e-01
1.000000000000000000e+00,4.833704829216003418e-01
1.000000000000000000e+00,4.207488894462585449e-01
1.000000000000000000e+00,4.088658690452575684e-01
1.000000000000000000e+00,4.439074695110321045e-01
1.000000000000000000e+00,4.096670746803283691e-01
1.000000000000000000e+00,3.734861910343170166e-01
1.000000000000000000e+00,5.397888422012329102e-01
1.000000000000000000e+00,4.519137740135192871e-01
1.000000000000000000e+00,4.730138182640075684e-01
1.000000000000000000e+00,4.897345900535583496e-01
1.000000000000000000e+00,4.529802799224853516e-01
1.000000000000000000e+00,5.882617831230163574e-01
1.000000000000000000e+00,4.785425066947937012e-01
1.000000000000000000e+00,4.679594933986663818e-01
1.000000000000000000e+00,4.201943278312683105e-01
1.000000000000000000e+00,4.261161386966705322e-01
1.000000000000000000e+00,4.693352282047271729e-01
1.000000000000000000e+00,5.469710826873779297e-01
1.000000000000000000e+00,4.746164679527282715e-01
1.000000000000000000e+00,5.036180615425109863e-01
1.000000000000000000e+00,5.855351090431213379e-01
1.000000000000000000e+00,3.866323828697204590e-01
1.000000000000000000e+00,4.264545440673828125e-01
1.000000000000000000e+00,4.067511260509490967e-01
1.000000000000000000e+00,4.322912096977233887e-01
1.000000000000000000e+00,4.391488432884216309e-01
1.000000000000000000e+00,4.135826528072357178e-01
1.000000000000000000e+00,3.911093473434448242e-01
1.000000000000000000e+00,4.971098303794860840e-01
1.000000000000000000e+00,4.284619987010955811e-01
1.000000000000000000e+00,4.065417647361755371e-01
1.000000000000000000e+00,4.831273555755615234e-01
1.000000000000000000e+00,3.577860891819000244e-01
1.000000000000000000e+00,4.200174212455749512e-01
1.000000000000000000e+00,3.060794472694396973e-01
1.000000000000000000e+00,3.778344392776489258e-01
1.000000000000000000e+00,4.330931007862091064e-01
1.000000000000000000e+00,3.907479345798492432e-01
1.000000000000000000e+00,4.619766473770141602e-01
1.000000000000000000e+00,4.476519823074340820e-01
1.000000000000000000e+00,3.777850866317749023e-01
1.000000000000000000e+00,4.148707985877990723e-01
1.000000000000000000e+00,3.758614063262939453e-01
1.000000000000000000e+00,3.698694109916687012e-01
1.000000000000000000e+00,4.083582758903503418e-01
1.000000000000000000e+00,3.842504024505615234e-01
1.000000000000000000e+00,4.270731806755065918e-01
1.000000000000000000e+00,5.077061057090759277e-01
1.000000000000000000e+00,4.019293785095214844e-01
1.000000000000000000e+00,5.245723724365234375e-01
1.000000000000000000e+00,4.495564997196197510e-01
1.000000000000000000e+00,3.854097425937652588e-01
1.000000000000000000e+00,4.163094758987426758e-01
1.000000000000000000e+00,4.969164133071899414e-01
1.000000000000000000e+00,4.200337529182434082e-01
1.000000000000000000e+00,3.375774919986724854e-01
1.000000000000000000e+00,4.553488492965698242e-01
1.000000000000000000e+00,4.429458677768707275e-01
1.000000000000000000e+00,4.568633735179901123e-01
1.000000000000000000e+00,4.297155141830444336e-01
1.000000000000000000e+00,5.510995984077453613e-01
1.000000000000000000e+00,4.478729665279388428e-01
1.000000000000000000e+00,4.104911983013153076e-01
1.000000000000000000e+00,3.538343012332916260e-01
1.000000000000000000e+00,4.935570955276489258e-01
1.000000000000000000e+00,4.999123215675354004e-01
1.000000000000000000e+00,4.733982682228088379e-01
1.000000000000000000e+00,4.116748273372650146e-01
1.000000000000000000e+00,4.002907872200012207e-01
1.000000000000000000e+00,5.122016072273254395e-01
1.000000000000000000e+00,5.125936269760131836e-01
1.000000000000000000e+00,4.439855813980102539e-01
1.000000000000000000e+00,5.655700564384460449e-01
1.000000000000000000e+00,4.192903041839599609e-01
1.000000000000000000e+00,3.784686923027038574e-01
1.000000000000000000e+00,4.187721610069274902e-01
1.000000000000000000e+00,4.189325273036956787e-01
1.000000000000000000e+00,4.183967411518096924e-01
1.000000000000000000e+00,3.878558874130249023e-01
1.000000000000000000e+00,3.974061310291290283e-01
1.000000000000000000e+00,3.914812505245208740e-01
1.000000000000000000e+00,4.077197313308715820e-01
1.000000000000000000e+00,4.259334802627563477e-01
1.000000000000000000e+00,3.921375870704650879e-01
1.000000000000000000e+00,3.549860119819641113e-01
1.000000000000000000e+00,3.776338100433349609e-01
1.000000000000000000e+00,4.101226925849914551e-01
1.000000000000000000e+00,4.169661402702331543e-01
1.000000000000000000e+00,5.038684606552124023e-01
1.000000000000000000e+00,4.562561511993408203e-01
1.000000000000000000e+00,3.969523608684539795e-01
1.000000000000000000e+00,4.348610043525695801e-01
1.000000000000000000e+00,4.444633722305297852e-01
1.000000000000000000e+00,4.419519901275634766e-01
1.000000000000000000e+00,3.969424068927764893e-01
1.000000000000000000e+00,4.757205843925476074e-01
1.000000000000000000e+00,3.583300113677978516e-01
1.000000000000000000e+00,5.022568106651306152e-01
1.000000000000000000e+00,4.554351568222045898e-01
1.000000000000000000e+00,4.510747194290161133e-01
1.000000000000000000e+00,4.324696362018585205e-01
1.000000000000000000e+00,5.030578970909118652e-01
1.000000000000000000e+00,4.944382309913635254e-01
1.000000000000000000e+00,4.598974883556365967e-01
1.000000000000000000e+00,4.027374684810638428e-01
1.000000000000000000e+00,4.787467122077941895e-01
1.000000000000000000e+00,4.758571386337280273e-01
1.000000000000000000e+00,4.498939216136932373e-01
1.000000000000000000e+00,5.176417827606201172e-01
1.000000000000000000e+00,3.944786787033081055e-01
1.000000000000000000e+00,4.486558437347412109e-01
1.000000000000000000e+00,4.025205671787261963e-01
1.000000000000000000e+00,3.667854368686676025e-01
1.000000000000000000e+00,4.457439780235290527e-01
1.000000000000000000e+00,4.062872827053070068e-01
1.000000000000000000e+00,3.894932866096496582e-01
1.000000000000000000e+00,3.756853640079498291e-01
1.000000000000000000e+00,5.498867630958557129e-01
1.000000000000000000e+00,5.874350666999816895e-01
1.000000000000000000e+00,4.353404045104980469e-01
1.000000000000000000e+00,3.768073320388793945e-01
1.000000000000000000e+00,4.067166447639465332e-01
1.000000000000000000e+00,3.526372015476226807e-01
1.000000000000000000e+00,3.871513903141021729e-01
1.000000000000000000e+00,4.115239381790161133e-01
1.000000000000000000e+00,4.432817101478576660e-01
1.000000000000000000e+00,4.070409834384918213e-01
1.000000000000000000e+00,4.212487339973449707e-01
1.000000000000000000e+00,4.955481886863708496e-01
1.000000000000000000e+00,3.720187544822692871e-01
1.000000000000000000e+00,3.608793020248413086e-01
1.000000000000000000e+00,4.001188278198242188e-01
1.000000000000000000e+00,3.566934168338775635e-01
1.000000000000000000e+00,4.874195456504821777e-01
1.000000000000000000e+00,3.989320993423461914e-01
1.000000000000000000e+00,4.631695747375488281e-01
1.000000000000000000e+00,3.997113406658172607e-01
1.000000000000000000e+00,4.643565118312835693e-01
1.000000000000000000e+00,3.881312310695648193e-01
1.000000000000000000e+00,4.254046380519866943e-01
1.000000000000000000e+00,4.091932177543640137e-01
1.000000000000000000e+00,4.381061196327209473e-01
1.000000000000000000e+00,5.054624080657958984e-01
1.000000000000000000e+00,3.106279075145721436e-01
1.000000000000000000e+00,4.586616754531860352e-01
1.000000000000000000e+00,4.472674727439880371e-01
1.000000000000000000e+00,4.016285538673400879e-01
1.000000000000000000e+00,4.208839237689971924e-01
1.000000000000000000e+00,5.112613439559936523e-01
1.000000000000000000e+00,4.531359076499938965e-01
1.000000000000000000e+00,5.122966170310974121e-01
1.000000000000000000e+00,3.663858175277709961e-01
1.000000000000000000e+00,3.737329840660095215e-01
1.000000000000000000e+00,4.739274382591247559e-01
1.000000000000000000e+00,4.464561939239501953e-01
1.000000000000000000e+00,4.264589548110961914e-01
1.000000000000000000e+00,4.453738927841186523e-01
1.000000000000000000e+00,3.672788143157958984e-01
1.000000000000000000e+00,4.081686735153198242e-01
1.000000000000000000e+00,3.995330035686492920e-01
1.000000000000000000e+00,4.714291989803314209e-01
1.000000000000000000e+00,4.432090520858764648e-01
1.000000000000000000e+00,4.488765597343444824e-01
1.000000000000000000e+00,4.288408756256103516e-01
1.000000000000000000e+00,4.467254281044006348e-01
1.000000000000000000e+00,4.908608198165893555e-01
1.000000000000000000e+00,4.919254779815673828e-01
1.000000000000000000e+00,4.143034517765045166e-01
1.000000000000000000e+00,4.098365306854248047e-01
1.000000000000000000e+00,4.159502387046813965e-01
1.000000000000000000e+00,3.824701905250549316e-01
1.000000000000000000e+00,4.479928016662597656e-01
1.000000000000000000e+00,4.415387809276580811e-01
1.000000000000000000e+00,4.672981202602386475e-01
1.000000000000000000e+00,4.480033516883850098e-01
1.000000000000000000e+00,4.587268829345703125e-01
1.000000000000000000e+00,4.892308712005615234e-01
1.000000000000000000e+00,4.460986852645874023e-01
1.000000000000000000e+00,4.851199388504028320e-01
1.000000000000000000e+00,4.801655709743499756e-01
1.000000000000000000e+00,4.437204599380493164e-01
1.000000000000000000e+00,4.171189665794372559e-01
1.000000000000000000e+00,4.961581826210021973e-01
1.000000000000000000e+00,4.490053653717041016e-01
1.000000000000000000e+00,4.461067318916320801e-01
1.000000000000000000e+00,4.081363379955291748e-01
1.000000000000000000e+00,4.273062348365783691e-01
1.000000000000000000e+00,4.520620703697204590e-01
1.000000000000000000e+00,4.005575180053710938e-01
1.000000000000000000e+00,4.608600735664367676e-01
1.000000000000000000e+00,3.878052830696105957e-01
1.000000000000000000e+00,4.392149746417999268e-01
1.000000000000000000e+00,3.469618558883666992e-01
1.000000000000000000e+00,4.027661979198455811e-01
1.000000000000000000e+00,4.239928126335144043e-01
1.000000000000000000e+00,4.393706619739532471e-01
1.000000000000000000e+00,4.951306283473968506e-01
1.000000000000000000e+00,4.212330579757690430e-01
1.000000000000000000e+00,4.640144109725952148e-01
1.000000000000000000e+00,3.618504405021667480e-01
1.000000000000000000e+00,3.945975601673126221e-01
1.000000000000000000e+00,4.218881726264953613e-01
1.000000000000000000e+00,4.885617196559906006e-01
1.000000000000000000e+00,3.650461733341217041e-01
1.000000000000000000e+00,4.110094606876373291e-01
1.000000000000000000e+00,4.436737000942230225e-01
1.000000000000000000e+00,4.662544727325439453e-01
1.000000000000000000e+00,3.644642233848571777e-01
1.000000000000000000e+00,3.923309147357940674e-01
1.000000000000000000e+00,4.197219610214233398e-01
1.000000000000000000e+00,4.726107120513916016e-01
1.000000000000000000e+00,4.646534323692321777e-01
1.000000000000000000e+00,4.693450033664703369e-01
1.000000000000000000e+00,4.376507997512817383e-01
1.000000000000000000e+00,4.797896444797515869e-01
1.000000000000000000e+00,4.736278653144836426e-01
1.000000000000000000e+00,4.000983536243438721e-01
1.000000000000000000e+00,5.023105740547180176e-01
1.000000000000000000e+00,4.168063998222351074e-01
1.000000000000000000e+00,3.804523646831512451e-01
1.000000000000000000e+00,4.240302145481109619e-01
1.000000000000000000e+00,4.064769148826599121e-01
1.000000000000000000e+00,4.292085170745849609e-01
1.000000000000000000e+00,4.262409508228302002e-01
1.000000000000000000e+00,3.941716551780700684e-01
1.000000000000000000e+00,4.831646680831909180e-01
1.000000000000000000e+00,4.417463243007659912e-01
1.000000000000000000e+00,5.692359209060668945e-01
1.000000000000000000e+00,4.776265025138854980e-01
1.000000000000000000e+00,5.042643547058105469e-01
1.000000000000000000e+00,4.463794827461242676e-01
1.000000000000000000e+00,4.127276837825775146e-01
1.000000000000000000e+00,4.389548003673553467e-01
1.000000000000000000e+00,4.035687446594238281e-01
1.000000000000000000e+00,4.640211462974548340e-01
1.000000000000000000e+00,4.100536108016967773e-01
1.000000000000000000e+00,4.771197140216827393e-01
1.000000000000000000e+00,4.832135140895843506e-01
1.000000000000000000e+00,4.627824723720550537e-01
1.000000000000000000e+00,4.617069959640502930e-01
1.000000000000000000e+00,4.738505184650421143e-01
1.000000000000000000e+00,4.004906415939331055e-01
1.000000000000000000e+00,5.499816536903381348e-01
1.000000000000000000e+00,4.376701116561889648e-01
1.000000000000000000e+00,4.282258152961730957e-01
1.000000000000000000e+00,4.875026941299438477e-01
1.000000000000000000e+00,3.977284133434295654e-01
1.000000000000000000e+00,3.894806504249572754e-01
1.000000000000000000e+00,4.544947147369384766e-01
1.000000000000000000e+00,4.461498558521270752e-01
1.000000000000000000e+00,5.311810970306396484e-01
1.000000000000000000e+00,4.073710739612579346e-01
1.000000000000000000e+00,3.938788175582885742e-01
1.000000000000000000e+00,4.986364543437957764e-01
1.000000000000000000e+00,4.229004383087158203e-01
1.000000000000000000e+00,3.066047132015228271e-01
1.000000000000000000e+00,4.115834534168243408e-01
1.000000000000000000e+00,4.604319334030151367e-01
1.000000000000000000e+00,4.043092429637908936e-01
1.000000000000000000e+00,4.765803813934326172e-01
1.000000000000000000e+00,3.593969345092773438e-01
1.000000000000000000e+00,4.458425939083099365e-01
1.000000000000000000e+00,3.898630738258361816e-01
1.000000000000000000e+00,4.143411219120025635e-01
1.000000000000000000e+00,4.824905395507812500e-01
1.000000000000000000e+00,4.640886783599853516e-01
1.000000000000000000e+00,4.036162495613098145e-01
1.000000000000000000e+00,5.081874728202819824e-01
1.000000000000000000e+00,4.575919508934020996e-01
1.000000000000000000e+00,4.482805430889129639e-01
1.000000000000000000e+00,4.574988186359405518e-01
1.000000000000000000e+00,4.316428601741790771e-01
1.000000000000000000e+00,4.512555897235870361e-01
1.000000000000000000e+00,4.311583936214447021e-01
1.000000000000000000e+00,5.186532139778137207e-01
1.000000000000000000e+00,3.906664848327636719e-01
1.000000000000000000e+00,3.714642822742462158e-01
1.000000000000000000e+00,4.963194131851196289e-01
1.000000000000000000e+00,4.936172366142272949e-01
1.000000000000000000e+00,3.947001695632934570e-01
1.000000000000000000e+00,4.535944163799285889e-01
1.000000000000000000e+00,4.099027216434478760e-01
1.000000000000000000e+00,4.151196479797363281e-01
1.000000000000000000e+00,5.446441769599914551e-01
1.000000000000000000e+00,4.246983826160430908e-01
1.000000000000000000e+00,5.289020538330078125e-01
1.000000000000000000e+00,4.573032259941101074e-01
1.000000000000000000e+00,3.773073554039001465e-01
1.000000000000000000e+00,4.660913050174713135e-01
1.000000000000000000e+00,4.108004868030548096e-01
1.000000000000000000e+00,4.657018184661865234e-01
1.000000000000000000e+00,4.260029792785644531e-01
1.000000000000000000e+00,3.583111763000488281e-01
1.000000000000000000e+00,4.133961200714111328e-01
1.000000000000000000e+00,4.251210093498229980e-01
1.000000000000000000e+00,4.384127855300903320e-01
1.000000000000000000e+00,5.165228843688964844e-01
1.000000000000000000e+00,4.113154709339141846e-01
1.000000000000000000e+00,3.933233618736267090e-01
1.000000000000000000e+00,4.341512322425842285e-01
1.000000000000000000e+00,3.743590116500854492e-01
1.000000000000000000e+00,4.303199648857116699e-01
1.000000000000000000e+00,4.094444215297698975e-01
1.000000000000000000e+00,3.980288505554199219e-01
1.000000000000000000e+00,5.295289158821105957e-01
1.000000000000000000e+00,4.884758293628692627e-01
1.000000000000000000e+00,4.804536104202270508e-01
1.000000000000000000e+00,4.323576688766479492e-01
1.000000000000000000e+00,4.170593023300170898e-01
1.000000000000000000e+00,4.269313514232635498e-01
1.000000000000000000e+00,4.637925624847412109e-01
1.000000000000000000e+00,5.065648555755615234e-01
1.000000000000000000e+00,4.014524519443511963e-01
1.000000000000000000e+00,4.767819046974182129e-01
1.000000000000000000e+00,4.615465998649597168e-01
1.000000000000000000e+00,4.934127330780029297e-01
1.000000000000000000e+00,4.976016879081726074e-01
1.000000000000000000e+00,4.967154562473297119e-01
1.000000000000000000e+00,4.222698211669921875e-01
1.000000000000000000e+00,4.289773106575012207e-01
1.000000000000000000e+00,4.071449935436248779e-01
1.000000000000000000e+00,3.631223440170288086e-01
1.000000000000000000e+00,4.853775799274444580e-01
1.000000000000000000e+00,3.969974815845489502e-01
1.000000000000000000e+00,4.892856478691101074e-01
1.000000000000000000e+00,3.933470845222473145e-01
1.000000000000000000e+00,4.107682108879089355e-01
1.000000000000000000e+00,3.946571946144104004e-01
1.000000000000000000e+00,4.662812948226928711e-01
1.000000000000000000e+00,5.390129685401916504e-01
1.000000000000000000e+00,4.283677935600280762e-01
1.000000000000000000e+00,4.300636351108551025e-01
1.000000000000000000e+00,4.111752510070800781e-01
1.000000000000000000e+00,3.474370837211608887e-01
1.000000000000000000e+00,4.150994420051574707e-01
1.000000000000000000e+00,4.443844258785247803e-01
1.000000000000000000e+00,4.009121060371398926e-01
1.000000000000000000e+00,4.459706544876098633e-01
1.000000000000000000e+00,3.998717367649078369e-01
1.000000000000000000e+00,4.079304635524749756e-01
1.000000000000000000e+00,4.060721099376678467e-01
1.000000000000000000e+00,3.810625672340393066e-01
1.000000000000000000e+00,4.067084193229675293e-01
1.000000000000000000e+00,3.718102276325225830e-01
1.000000000000000000e+00,4.251922965049743652e-01
1.000000000000000000e+00,4.037572145462036133e-01
1.000000000000000000e+00,3.921548724174499512e-01
1.000000000000000000e+00,3.991406559944152832e-01
1.000000000000000000e+00,4.536882638931274414e-01
1.000000000000000000e+00,4.447948336601257324e-01
1.000000000000000000e+00,4.559189975261688232e-01
1.000000000000000000e+00,3.968087434768676758e-01
1.000000000000000000e+00,4.312244951725006104e-01
1.000000000000000000e+00,3.965246081352233887e-01
1.000000000000000000e+00,4.140577912330627441e-01
1.000000000000000000e+00,4.077682793140411377e-01
1.000000000000000000e+00,4.578031003475189209e-01
1.000000000000000000e+00,4.772387742996215820e-01
1.000000000000000000e+00,3.062636852264404297e-01
1.000000000000000000e+00,4.709406495094299316e-01
1.000000000000000000e+00,4.035229980945587158e-01
1.000000000000000000e+00,4.893892407417297363e-01
1.000000000000000000e+00,4.020795226097106934e-01
1.000000000000000000e+00,4.231559336185455322e-01
1.000000000000000000e+00,5.030934810638427734e-01
1.000000000000000000e+00,4.558403789997100830e-01
1.000000000000000000e+00,3.635967671871185303e-01
1.000000000000000000e+00,3.708806335926055908e-01
1.000000000000000000e+00,4.466268718242645264e-01
1.000000000000000000e+00,4.413429498672485352e-01
1.000000000000000000e+00,4.207550585269927979e-01
1.000000000000000000e+00,4.114884138107299805e-01
1.000000000000000000e+00,4.306919872760772705e-01
1.000000000000000000e+00,5.542990565299987793e-01
1.000000000000000000e+00,3.914909958839416504e-01
1.000000000000000000e+00,4.172234535217285156e-01
1.000000000000000000e+00,3.819192647933959961e-01
1.000000000000000000e+00,4.346648454666137695e-01
1.000000000000000000e+00,4.827643036842346191e-01
1.000000000000000000e+00,4.190781712532043457e-01
1.000000000000000000e+00,4.469761252403259277e-01
1.000000000000000000e+00,4.810039401054382324e-01
1.000000000000000000e+00,4.433929324150085449e-01
1.000000000000000000e+00,4.854145944118499756e-01
1.000000000000000000e+00,4.295887351036071777e-01
1.000000000000000000e+00,4.070651829242706299e-01
1.000000000000000000e+00,4.022529721260070801e-01
1.000000000000000000e+00,3.959286808967590332e-01
1.000000000000000000e+00,4.341596961021423340e-01
1.000000000000000000e+00,3.659432232379913330e-01
1.000000000000000000e+00,3.615300059318542480e-01
1.000000000000000000e+00,5.176547765731811523e-01
1.000000000000000000e+00,4.792133569717407227e-01
1.000000000000000000e+00,4.816570878028869629e-01
1.000000000000000000e+00,4.122853279113769531e-01
1.000000000000000000e+00,4.754274189472198486e-01
1.000000000000000000e+00,4.704959392547607422e-01
1.000000000000000000e+00,4.464034438133239746e-01
1.000000000000000000e+00,4.535386562347412109e-01
1.000000000000000000e+00,4.577782154083251953e-01
1.000000000000000000e+00,4.620589613914489746e-01
1.000000000000000000e+00,4.068156480789184570e-01
1.000000000000000000e+00,4.493308961391448975e-01
1.000000000000000000e+00,4.751718342304229736e-01
1.000000000000000000e+00,3.753902912139892578e-01
1.000000000000000000e+00,4.404946863651275635e-01
1.000000000000000000e+00,4.498494565486907959e-01
1.000000000000000000e+00,4.229430854320526123e-01
1.000000000000000000e+00,3.769097924232482910e-01
1.000000000000000000e+00,3.952090740203857422e-01
1.000000000000000000e+00,3.992025256156921387e-01
1.000000000000000000e+00,4.930886030197143555e-01
1.000000000000000000e+00,4.557195305824279785e-01
1.000000000000000000e+00,4.461465179920196533e-01
1.000000000000000000e+00,4.577494263648986816e-01
1.000000000000000000e+00,3.560153543949127197e-01
1.000000000000000000e+00,4.911199510097503662e-01
1.000000000000000000e+00,4.846370220184326172e-01
1.000000000000000000e+00,4.039793014526367188e-01
1.000000000000000000e+00,4.529493749141693115e-01
1.000000000000000000e+00,4.124872088432312012e-01
1.000000000000000000e+00,4.422391653060913086e-01
1.000000000000000000e+00,4.100984930992126465e-01
1.000000000000000000e+00,3.904988169670104980e-01
1.000000000000000000e+00,3.890534639358520508e-01
1.000000000000000000e+00,3.821066021919250488e-01
1.000000000000000000e+00,4.120257496833801270e-01
1.000000000000000000e+00,4.223516583442687988e-01
1.000000000000000000e+00,5.415198206901550293e-01
1.000000000000000000e+00,4.297630190849304199e-01
1.000000000000000000e+00,3.945589661598205566e-01
1.000000000000000000e+00,5.408017039299011230e-01
1.000000000000000000e+00,4.064482748508453369e-01
1.000000000000000000e+00,4.687966108322143555e-01
1.000000000000000000e+00,4.804487228393554688e-01
1.000000000000000000e+00,3.721783757209777832e-01
1.000000000000000000e+00,4.048277139663696289e-01
1.000000000000000000e+00,3.884673118591308594e-01
1.000000000000000000e+00,4.495885372161865234e-01
1.000000000000000000e+00,4.039633870124816895e-01
1.000000000000000000e+00,4.771899878978729248e-01
1.000000000000000000e+00,3.375584483146667480e-01
1.000000000000000000e+00,4.568659663200378418e-01
1.000000000000000000e+00,3.875423371791839600e-01
1.000000000000000000e+00,4.536712467670440674e-01
1.000000000000000000e+00,4.087951183319091797e-01
1.000000000000000000e+00,4.709754884243011475e-01
1.000000000000000000e+00,4.106000065803527832e-01
1.000000000000000000e+00,3.461502790451049805e-01
1.000000000000000000e+00,4.453746974468231201e-01
1.000000000000000000e+00,4.284743368625640869e-01
1.000000000000000000e+00,4.458066821098327637e-01
1.000000000000000000e+00,3.836864233016967773e-01
1.000000000000000000e+00,4.086067080497741699e-01
1.000000000000000000e+00,4.519371986389160156e-01
1.000000000000000000e+00,4.052997529506683350e-01
1.000000000000000000e+00,4.575304388999938965e-01
1.000000000000000000e+00,4.527757167816162109e-01
1.000000000000000000e+00,3.703269660472869873e-01
1.000000000000000000e+00,4.036372303962707520e-01
1.000000000000000000e+00,4.041881263256072998e-01
1.000000000000000000e+00,4.687413573265075684e-01
1.000000000000000000e+00,4.071504771709442139e-01
1.000000000000000000e+00,3.563091158866882324e-01
1.000000000000000000e+00,3.436662554740905762e-01
1.000000000000000000e+00,4.735048115253448486e-01
1.000000000000000000e+00,4.737239778041839600e-01
1.000000000000000000e+00,5.163881778717041016e-01
1.000000000000000000e+00,4.795214831829071045e-01
1.000000000000000000e+00,4.578943550586700439e-01
1.000000000000000000e+00,4.238696098327636719e-01
1.000000000000000000e+00,4.399156570434570312e-01
1.000000000000000000e+00,3.885850012302398682e-01
1.000000000000000000e+00,4.600955247879028320e-01
1.000000000000000000e+00,4.603329300880432129e-01
1.000000000000000000e+00,4.664952754974365234e-01
1.000000000000000000e+00,3.875289559364318848e-01
1.000000000000000000e+00,4.613041281700134277e-01
1.000000000000000000e+00,4.883574247360229492e-01
1.000000000000000000e+00,4.030148386955261230e-01
1.000000000000000000e+00,4.081542789936065674e-01
1.000000000000000000e+00,3.776352107524871826e-01
1.000000000000000000e+00,3.966131806373596191e-01
1.000000000000000000e+00,3.931950330734252930e-01
1.000000000000000000e+00,5.050668716430664062e-01
1.000000000000000000e+00,4.571824073791503906e-01
1.000000000000000000e+00,4.713091254234313965e-01
1.000000000000000000e+00,4.753880798816680908e-01
1.000000000000000000e+00,3.102874457836151123e-01
1.000000000000000000e+00,3.775145113468170166e-01
1.000000000000000000e+00,4.344509243965148926e-01
1.000000000000000000e+00,4.161734580993652344e-01
1.000000000000000000e+00,3.948439955711364746e-01
1.000000000000000000e+00,4.194181561470031738e-01
1.000000000000000000e+00,4.175783395767211914e-01
1.000000000000000000e+00,4.209408164024353027e-01
1.000000000000000000e+00,4.283126294612884521e-01
1.000000000000000000e+00,3.995448648929595947e-01
1.000000000000000000e+00,4.723084270954132080e-01
1.000000000000000000e+00,4.186425805091857910e-01
1.000000000000000000e+00,4.946334362030029297e-01
1.000000000000000000e+00,3.781196475028991699e-01
1.000000000000000000e+00,4.242343306541442871e-01
1.000000000000000000e+00,4.244582951068878174e-01
1.000000000000000000e+00,4.667153358459472656e-01
1.000000000000000000e+00,4.278515875339508057e-01
1.000000000000000000e+00,2.806198894977569580e-01
1.000000000000000000e+00,4.365270435810089111e-01
1.000000000000000000e+00,4.118062555789947510e-01
1.000000000000000000e+00,4.261708259582519531e-01
1.000000000000000000e+00,4.011610746383666992e-01
1.000000000000000000e+00,4.804509282112121582e-01
1.000000000000000000e+00,3.894512057304382324e-01
1.000000000000000000e+00,4.078498184680938721e-01
1.000000000000000000e+00,3.590521812438964844e-01
1.000000000000000000e+00,5.070309638977050781e-01
1.000000000000000000e+00,4.064229726791381836e-01
1.000000000000000000e+00,4.862460494041442871e-01
1.000000000000000000e+00,4.693445563316345215e-01
1.000000000000000000e+00,4.843580424785614014e-01
1.000000000000000000e+00,4.015850424766540527e-01
1.000000000000000000e+00,4.599110484123229980e-01
1.000000000000000000e+00,5.498000383377075195e-01
1.000000000000000000e+00,4.354773759841918945e-01
1.000000000000000000e+00,3.875623643398284912e-01
1.000000000000000000e+00,4.646806418895721436e-01
1.000000000000000000e+00,4.805091619491577148e-01
1.000000000000000000e+00,4.960984587669372559e-01
1.000000000000000000e+00,5.407534241676330566e-01
1.000000000000000000e+00,4.361026585102081299e-01
1.000000000000000000e+00,3.542016148567199707e-01
1.000000000000000000e+00,3.867251276969909668e-01
1.000000000000000000e+00,3.634736537933349609e-01
1.000000000000000000e+00,4.705803394317626953e-01
1.000000000000000000e+00,4.410462677478790283e-01
1.000000000000000000e+00,3.936348557472229004e-01
1.000000000000000000e+00,4.368528723716735840e-01
1.000000000000000000e+00,3.669840097427368164e-01
1.000000000000000000e+00,4.296061992645263672e-01
1.000000000000000000e+00,4.789994955062866211e-01
1.000000000000000000e+00,4.334267675876617432e-01
1.000000000000000000e+00,4.072092175483703613e-01
1.000000000000000000e+00,5.515497922897338867e-01
1.000000000000000000e+00,3.991747498512268066e-01
1.000000000000000000e+00,4.273590445518493652e-01
1.000000000000000000e+00,4.175379276275634766e-01
1.000000000000000000e+00,4.488459229469299316e-01
1.000000000000000000e+00,4.742493331432342529e-01
1.000000000000000000e+00,6.027460098266601562e-01
1.000000000000000000e+00,4.660301208496093750e-01
1.000000000000000000e+00,4.611564576625823975e-01
1.000000000000000000e+00,4.159090220928192139e-01
1.000000000000000000e+00,4.268197119235992432e-01
1.000000000000000000e+00,3.978257775306701660e-01
1.000000000000000000e+00,3.894495069980621338e-01
1.000000000000000000e+00,4.066232442855834961e-01
1.000000000000000000e+00,3.781635761260986328e-01
1.000000000000000000e+00,3.586033880710601807e-01
1.000000000000000000e+00,3.952117264270782471e-01
1.000000000000000000e+00,3.216980099678039551e-01
1.000000000000000000e+00,4.712131321430206299e-01
1.000000000000000000e+00,4.965730309486389160e-01
1.000000000000000000e+00,4.143474996089935303e-01
1.000000000000000000e+00,4.638244509696960449e-01
1.000000000000000000e+00,4.336996972560882568e-01
1.000000000000000000e+00,4.428724646568298340e-01
1.000000000000000000e+00,3.491845130920410156e-01
1.000000000000000000e+00,5.411278009414672852e-01
1.000000000000000000e+00,4.365801811218261719e-01
1.000000000000000000e+00,4.572399258613586426e-01
1.000000000000000000e+00,4.555424153804779053e-01
1.000000000000000000e+00,4.384573698043823242e-01
1.000000000000000000e+00,4.696508646011352539e-01
1.000000000000000000e+00,4.700616002082824707e-01
1.000000000000000000e+00,5.666213631629943848e-01
1.000000000000000000e+00,3.454481065273284912e-01
1.000000000000000000e+00,3.622980713844299316e-01
1.000000000000000000e+00,4.554586708545684814e-01
1.000000000000000000e+00,4.883225560188293457e-01
1.000000000000000000e+00,3.770475089550018311e-01
1.000000000000000000e+00,4.064717292785644531e-01
1.000000000000000000e+00,4.236259162425994873e-01
1.000000000000000000e+00,4.380902647972106934e-01
1.000000000000000000e+00,4.020688533782958984e-01
1.000000000000000000e+00,3.598504364490509033e-01
1.000000000000000000e+00,4.068695902824401855e-01
1.000000000000000000e+00,4.253810644149780273e-01
1.000000000000000000e+00,5.028648972511291504e-01
1.000000000000000000e+00,3.594914674758911133e-01
1.000000000000000000e+00,4.605426192283630371e-01
1.000000000000000000e+00,3.146637976169586182e-01
1.000000000000000000e+00,3.759815096855163574e-01
1.000000000000000000e+00,4.458103775978088379e-01
1.000000000000000000e+00,5.245293974876403809e-01
1.000000000000000000e+00,5.197417736053466797e-01
1.000000000000000000e+00,3.825784921646118164e-01
1.000000000000000000e+00,4.070292711257934570e-01
1.000000000000000000e+00,4.162256717681884766e-01
1.000000000000000000e+00,3.848645389080047607e-01
1.000000000000000000e+00,4.593128561973571777e-01
1.000000000000000000e+00,4.325422048568725586e-01
1.000000000000000000e+00,4.110404253005981445e-01
1.000000000000000000e+00,3.617281317710876465e-01
1.000000000000000000e+00,3.450401127338409424e-01
1.000000000000000000e+00,3.993628621101379395e-01
1.000000000000000000e+00,4.368479549884796143e-01
1.000000000000000000e+00,4.130066335201263428e-01
1.000000000000000000e+00,3.552082479000091553e-01
1.000000000000000000e+00,4.195007681846618652e-01
1.000000000000000000e+00,5.437048673629760742e-01
1.000000000000000000e+00,4.548881649971008301e-01
1.000000000000000000e+00,4.189925193786621094e-01
1.000000000000000000e+00,4.411081075668334961e-01
1.000000000000000000e+00,4.907423853874206543e-01
1.000000000000000000e+00,4.435143470764160156e-01
1.000000000000000000e+00,3.566575348377227783e-01
1.000000000000000000e+00,4.270838201045989990e-01
1.000000000000000000e+00,4.124236404895782471e-01
1.000000000000000000e+00,3.626420199871063232e-01
1.000000000000000000e+00,4.143807888031005859e-01
1.000000000000000000e+00,4.459836781024932861e-01
1.000000000000000000e+00,4.237090349197387695e-01
1.000000000000000000e+00,3.490683734416961670e-01
1.000000000000000000e+00,3.670775294303894043e-01
1.000000000000000000e+00,4.255329370498657227e-01
1.000000000000000000e+00,4.487538933753967285e-01
1.000000000000000000e+00,4.475358128547668457e-01
1.000000000000000000e+00,3.768341839313507080e-01
1.000000000000000000e+00,3.947345614433288574e-01
1.000000000000000000e+00,5.325195193290710449e-01
1.000000000000000000e+00,4.101923704147338867e-01
1.000000000000000000e+00,3.756437301635742188e-01
1.000000000000000000e+00,3.431893587112426758e-01
1.000000000000000000e+00,4.932532608509063721e-01
1.000000000000000000e+00,4.287196397781372070e-01
1.000000000000000000e+00,4.577972888946533203e-01
1.000000000000000000e+00,4.643333554267883301e-01
1.000000000000000000e+00,4.331448972225189209e-01
1.000000000000000000e+00,4.699086546897888184e-01
1.000000000000000000e+00,3.862903118133544922e-01
1.000000000000000000e+00,4.138070940971374512e-01
1.000000000000000000e+00,5.028151869773864746e-01
1.000000000000000000e+00,4.263960719108581543e-01
1.000000000000000000e+00,4.322253763675689697e-01
1.000000000000000000e+00,5.009189248085021973e-01
1.000000000000000000e+00,4.550588726997375488e-01
1.000000000000000000e+00,4.016096889972686768e-01
1.000000000000000000e+00,3.901783823966979980e-01
1.000000000000000000e+00,4.526913762092590332e-01
1.000000000000000000e+00,3.976977467536926270e-01
1.000000000000000000e+00,4.168193936347961426e-01
1.000000000000000000e+00,4.825070500373840332e-01
1.000000000000000000e+00,4.517461657524108887e-01
1.000000000000000000e+00,3.749659657478332520e-01
1.000000000000000000e+00,4.469120502471923828e-01
1.000000000000000000e+00,4.196361899375915527e-01
1.000000000000000000e+00,4.028747081756591797e-01
1.000000000000000000e+00,3.880972862243652344e-01
1.000000000000000000e+00,4.615619778633117676e-01
1.000000000000000000e+00,3.597095906734466553e-01
1.000000000000000000e+00,4.386441409587860107e-01
1.000000000000000000e+00,3.408550918102264404e-01
1.000000000000000000e+00,5.191959738731384277e-01
1.000000000000000000e+00,4.689563512802124023e-01
1.000000000000000000e+00,4.591062963008880615e-01
1.000000000000000000e+00,3.703562617301940918e-01
1.000000000000000000e+00,4.080279469490051270e-01
1.000000000000000000e+00,3.814258575439453125e-01
1.000000000000000000e+00,4.247603118419647217e-01
1.000000000000000000e+00,3.689156174659729004e-01
1.000000000000000000e+00,4.201558828353881836e-01
1.000000000000000000e+00,3.945575952529907227e-01
1.000000000000000000e+00,5.578318238258361816e-01
1.000000000000000000e+00,3.638200163841247559e-01
1.000000000000000000e+00,4.507517814636230469e-01
1.000000000000000000e+00,3.985704779624938965e-01
1.000000000000000000e+00,4.459289908409118652e-01
1.000000000000000000e+00,4.018652737140655518e-01
1.000000000000000000e+00,4.837941527366638184e-01
1.000000000000000000e+00,4.666512608528137207e-01
1.000000000000000000e+00,4.740969240665435791e-01
1.000000000000000000e+00,4.441933035850524902e-01
1.000000000000000000e+00,4.208250045776367188e-01
1.000000000000000000e+00,3.808700442314147949e-01
1.000000000000000000e+00,4.550856649875640869e-01
1.000000000000000000e+00,4.628488421440124512e-01
1.000000000000000000e+00,4.766383171081542969e-01
1.000000000000000000e+00,4.703407287597656250e-01
1.000000000000000000e+00,4.026027321815490723e-01
1.000000000000000000e+00,4.419351816177368164e-01
1.000000000000000000e+00,4.330449104309082031e-01
1.000000000000000000e+00,4.334767162799835205e-01
1.000000000000000000e+00,3.702965080738067627e-01
1.000000000000000000e+00,4.146404862403869629e-01
1.000000000000000000e+00,3.669935464859008789e-01
1.000000000000000000e+00,4.186206459999084473e-01
1.000000000000000000e+00,4.581629037857055664e-01
1.000000000000000000e+00,3.482650220394134521e-01
1.000000000000000000e+00,4.038601219654083252e-01
1.000000000000000000e+00,4.384798705577850342e-01
1.000000000000000000e+00,4.276271462440490723e-01
1.000000000000000000e+00,5.757323503494262695e-01
1.000000000000000000e+00,4.518469572067260742e-01
1.000000000000000000e+00,3.856103122234344482e-01
1.000000000000000000e+00,4.580840170383453369e-01
1.000000000000000000e+00,4.530191123485565186e-01
1.000000000000000000e+00,3.845037519931793213e-01
1.000000000000000000e+00,3.867158889770507812e-01
1.000000000000000000e+00,3.998738229274749756e-01
1.000000000000000000e+00,4.216477274894714355e-01
1.000000000000000000e+00,4.103002846240997314e-01
1.000000000000000000e+00,4.083170592784881592e-01
1.000000000000000000e+00,4.240901172161102295e-01
1.000000000000000000e+00,4.468222558498382568e-01
1.000000000000000000e+00,4.030078947544097900e-01
1.000000000000000000e+00,4.075765013694763184e-01
1.000000000000000000e+00,4.352477192878723145e-01
1.000000000000000000e+00,3.837065696716308594e-01
1.000000000000000000e+00,4.878091216087341309e-01
1.000000000000000000e+00,4.393069446086883545e-01
1.000000000000000000e+00,4.902425408363342285e-01
1.000000000000000000e+00,4.120534062385559082e-01
1.000000000000000000e+00,4.074272215366363525e-01
1.000000000000000000e+00,4.361302852630615234e-01
1.000000000000000000e+00,3.466059565544128418e-01
1.000000000000000000e+00,4.095530509948730469e-01
1.000000000000000000e+00,3.515553176403045654e-01
1.000000000000000000e+00,4.488628804683685303e-01
1.000000000000000000e+00,4.455762803554534912e-01
1.000000000000000000e+00,4.265224933624267578e-01
1.000000000000000000e+00,3.830651640892028809e-01
1.000000000000000000e+00,3.741536438465118408e-01
1.000000000000000000e+00,4.371736049652099609e-01
1.000000000000000000e+00,4.378207325935363770e-01
1.000000000000000000e+00,3.953760266304016113e-01
1.000000000000000000e+00,4.468757510185241699e-01
1.000000000000000000e+00,4.479646086692810059e-01
1.000000000000000000e+00,4.203047156333923340e-01
1.000000000000000000e+00,4.445956647396087646e-01
1.000000000000000000e+00,4.034840166568756104e-01
1.000000000000000000e+00,4.174950122833251953e-01
1.000000000000000000e+00,5.053110718727111816e-01
1.000000000000000000e+00,4.501088261604309082e-01
1.000000000000000000e+00,4.689617156982421875e-01
1.000000000000000000e+00,4.827502965927124023e-01
1.000000000000000000e+00,4.283907413482666016e-01
1.000000000000000000e+00,4.802572727203369141e-01
1.000000000000000000e+00,5.212951302528381348e-01
1.000000000000000000e+00,4.223985671997070312e-01
1.000000000000000000e+00,5.862752199172973633e-01
1.000000000000000000e+00,4.578126966953277588e-01
1.000000000000000000e+00,4.233052134513854980e-01
1.000000000000000000e+00,4.716139435768127441e-01
1.000000000000000000e+00,4.145891070365905762e-01
1.000000000000000000e+00,3.902832567691802979e-01
1.000000000000000000e+00,4.075380563735961914e-01
1.000000000000000000e+00,4.005158543586730957e-01
1.000000000000000000e+00,4.660723805427551270e-01
1.000000000000000000e+00,4.932600259780883789e-01
1.000000000000000000e+00,5.589458346366882324e-01
1.000000000000000000e+00,5.319818854331970215e-01
1.000000000000000000e+00,4.854263365268707275e-01
1.000000000000000000e+00,4.767526686191558838e-01
1.000000000000000000e+00,4.165419340133666992e-01
1.000000000000000000e+00,4.922109544277191162e-01
1.000000000000000000e+00,4.622431099414825439e-01
1.000000000000000000e+00,4.839547872543334961e-01
1.000000000000000000e+00,4.776198863983154297e-01
1.000000000000000000e+00,4.270954728126525879e-01
1.000000000000000000e+00,5.129649639129638672e-01
1.000000000000000000e+00,4.331308603286743164e-01
1.000000000000000000e+00,4.411403238773345947e-01
1.000000000000000000e+00,4.664971232414245605e-01
1.000000000000000000e+00,3.998654484748840332e-01
1.000000000000000000e+00,4.004171192646026611e-01
1.000000000000000000e+00,4.513631761074066162e-01
1.000000000000000000e+00,3.716508746147155762e-01
1.000000000000000000e+00,5.754591822624206543e-01
1.000000000000000000e+00,3.907082676887512207e-01
1.000000000000000000e+00,3.763671219348907471e-01
1.000000000000000000e+00,4.682050347328186035e-01
1.000000000000000000e+00,4.172764420509338379e-01
1.000000000000000000e+00,4.324262142181396484e-01
1.000000000000000000e+00,4.604293704032897949e-01
1.000000000000000000e+00,4.218383431434631348e-01
1.000000000000000000e+00,4.437737762928009033e-01
1.000000000000000000e+00,5.051853656768798828e-01
1.000000000000000000e+00,4.709010124206542969e-01
1.000000000000000000e+00,4.657522737979888916e-01
1.000000000000000000e+00,4.910331666469573975e-01
1.000000000000000000e+00,4.529647231101989746e-01
1.000000000000000000e+00,4.159536957740783691e-01
1.000000000000000000e+00,4.562082290649414062e-01
1.000000000000000000e+00,4.015359580516815186e-01
1.000000000000000000e+00,4.700887203216552734e-01
1.000000000000000000e+00,3.838783204555511475e-01
1.000000000000000000e+00,4.259097278118133545e-01
1.000000000000000000e+00,4.392702281475067139e-01
1.000000000000000000e+00,5.475741624832153320e-01
1.000000000000000000e+00,3.854764401912689209e-01
1.000000000000000000e+00,4.238829314708709717e-01
1.000000000000000000e+00,4.092897474765777588e-01
1.000000000000000000e+00,3.931724429130554199e-01
1.000000000000000000e+00,3.699971139430999756e-01
1.000000000000000000e+00,3.968398869037628174e-01
1.000000000000000000e+00,3.850191235542297363e-01
1.000000000000000000e+00,5.464664697647094727e-01
1.000000000000000000e+00,4.062009453773498535e-01
1.000000000000000000e+00,4.668391942977905273e-01
1.000000000000000000e+00,3.422585427761077881e-01
1.000000000000000000e+00,3.976156115531921387e-01
1.000000000000000000e+00,4.372398853302001953e-01
1.000000000000000000e+00,4.740977585315704346e-01
1.000000000000000000e+00,4.278933405876159668e-01
1.000000000000000000e+00,3.760349750518798828e-01
1.000000000000000000e+00,4.653793573379516602e-01
1.000000000000000000e+00,4.497587978839874268e-01
1.000000000000000000e+00,4.013229012489318848e-01
1.000000000000000000e+00,3.905753195285797119e-01
1.000000000000000000e+00,3.942413330078125000e-01
1.000000000000000000e+00,4.320178925991058350e-01
1.000000000000000000e+00,4.101665318012237549e-01
1.000000000000000000e+00,3.958337903022766113e-01
1.000000000000000000e+00,4.184496700763702393e-01
1.000000000000000000e+00,5.173335671424865723e-01
1.000000000000000000e+00,4.628936052322387695e-01
1.000000000000000000e+00,4.119639098644256592e-01
1.000000000000000000e+00,4.171594977378845215e-01
1.000000000000000000e+00,4.571945071220397949e-01
1.000000000000000000e+00,3.684248924255371094e-01
1.000000000000000000e+00,4.014782011508941650e-01
1.000000000000000000e+00,4.047731161117553711e-01
1.000000000000000000e+00,4.459747076034545898e-01
1.000000000000000000e+00,4.593968391418457031e-01
1.000000000000000000e+00,4.814197719097137451e-01
1.000000000000000000e+00,3.368963003158569336e-01
1.000000000000000000e+00,4.445560574531555176e-01
1.000000000000000000e+00,4.804975390434265137e-01
1.000000000000000000e+00,3.797912895679473877e-01
1.000000000000000000e+00,4.297719597816467285e-01
1.000000000000000000e+00,5.102895498275756836e-01
1.000000000000000000e+00,4.857017695903778076e-01
1.000000000000000000e+00,4.651192724704742432e-01
1.000000000000000000e+00,4.027225673198699951e-01
1.000000000000000000e+00,4.107158184051513672e-01
1.000000000000000000e+00,4.777211248874664307e-01
1.000000000000000000e+00,5.028346180915832520e-01
1.000000000000000000e+00,4.928795695304870605e-01
1.000000000000000000e+00,4.124562442302703857e-01
1.000000000000000000e+00,4.224165976047515869e-01
1.000000000000000000e+00,4.411733746528625488e-01
1.000000000000000000e+00,4.660093188285827637e-01
1.000000000000000000e+00,5.021689534187316895e-01
1.000000000000000000e+00,4.254509210586547852e-01
1.000000000000000000e+00,3.884796202182769775e-01
1.000000000000000000e+00,3.996233046054840088e-01
1.000000000000000000e+00,3.768763244152069092e-01
1.000000000000000000e+00,4.391850829124450684e-01
1.000000000000000000e+00,4.412213265895843506e-01
1.000000000000000000e+00,4.198384284973144531e-01
