label,score
0.000000000000000000e+00,-1.236286674521563711e+00
0.000000000000000000e+00,-1.644091411073418385e+00
0.000000000000000000e+00,-1.599392057370019105e+00
0.000000000000000000e+00,-1.371609916856169287e+00
0.000000000000000000e+00,-1.491517039143385848e+00
0.000000000000000000e+00,-2.516072920592342110e-01
0.000000000000000000e+00,-6.297764969200337903e-01
0.000000000000000000e+00,-1.720430868037602812e+00
0.000000000000000000e+00,-8.733869759299981439e-01
0.000000000000000000e+00,-1.766082148880326885e+00
0.000000000000000000e+00,-1.531218350397856254e+00
0.000000000000000000e+00,-1.514961219721572716e+00
0.000000000000000000e+00,-3.227379227079251178e-01
0.000000000000000000e+00,-1.332106640444076229e+00
0.000000000000000000e+00,-1.378003127518671045e+00
0.000000000000000000e+00,-8.569662327766430776e-01
0.000000000000000000e+00,-1.638970977992290523e+00
0.000000000000000000e+00,-1.450488979438481429e+00
0.000000000000000000e+00,-1.526793589069886936e+00
0.000000000000000000e+00,-1.579509954149788342e+00
0.000000000000000000e+00,-1.284338596618772810e+00
0.000000000000000000e+00,-1.206664316822168903e+00
0.000000000000000000e+00,-1.287232625109309803e+00
0.000000000000000000e+00,-9.745742810354007801e-01
0.000000000000000000e+00,-1.473160994118385414e+00
0.000000000000000000e+00,-1.137173635651449022e+00
0.000000000000000000e+00,-1.345859437802483960e+00
0.000000000000000000e+00,-1.340210345185052665e+00
0.000000000000000000e+00,-1.707464260504083953e+00
0.000000000000000000e+00,-1.555292332770900066e+00
0.000000000000000000e+00,-1.216010201486469766e+00
0.000000000000000000e+00,-2.966028480912537013e-01
0.000000000000000000e+00,-1.039671648471147014e+00
0.000000000000000000e+00,-8.184641797307329325e-01
0.000000000000000000e+00,-1.245386078051575085e+00
0.000000000000000000e+00,-1.388235494331468312e+00
0.000000000000000000e+00,-1.274418580898566633e+00
0.000000000000000000e+00,-6.770269303633291713e-01
0.000000000000000000e+00,-1.126470404878664233e+00
0.000000000000000000e+00,-1.306907769170231992e+00
0.000000000000000000e+00,-9.283611931934857564e-01
0.000000000000000000e+00,-1.949531682619901396e+00
0.000000000000000000e+00,-4.466499384598730527e-01
0.000000000000000000e+00,-9.689651353604231687e-01
0.000000000000000000e+00,-1.670691825072929459e+00
0.000000000000000000e+00,1.465536576298076266e-01
0.000000000000000000e+00,-7.218418752193607180e-01
0.000000000000000000e+00,-1.364303026126904683e+00
0.000000000000000000e+00,-1.266721145061695086e+00
0.000000000000000000e+00,-1.301291399048214892e+00
0.000000000000000000e+00,-1.466178778538426153e+00
0.000000000000000000e+00,-7.829373239626860048e-01
0.000000000000000000e+00,-1.479045093748337703e+00
0.000000000000000000e+00,-1.161067431815977713e+00
0.000000000000000000e+00,-9.313601886498322768e-01
0.000000000000000000e+00,-1.525476614871329906e+00
0.000000000000000000e+00,-9.105227585504932497e-01
0.000000000000000000e+00,-1.858038735506588157e+00
0.000000000000000000e+00,-5.477484253634369304e-01
0.000000000000000000e+00,-1.431448311814618179e+00
0.000000000000000000e+00,-1.291337385930175774e+00
0.000000000000000000e+00,-1.217121066460664203e+00
0.000000000000000000e+00,-1.990993209147177145e+00
0.000000000000000000e+00,-1.317577852480129597e+00
0.000000000000000000e+00,-1.511876805803170853e+00
0.000000000000000000e+00,-1.373702031725319461e+00
0.000000000000000000e+00,-9.367814987017822892e-01
0.000000000000000000e+00,-9.659725144161704913e-01
0.000000000000000000e+00,-1.613142729891062332e+00
0.000000000000000000e+00,-7.043191914087424399e-01
0.000000000000000000e+00,-3.351932943715297819e-01
0.000000000000000000e+00,-9.231442924960068241e-01
0.000000000000000000e+00,-1.462297975575785447e+00
0.000000000000000000e+00,-1.251538757124408319e+00
0.000000000000000000e+00,-1.314750968850312729e+00
0.000000000000000000e+00,-1.198190040444812476e+00
0.000000000000000000e+00,-1.572523063927627085e+00
0.000000000000000000e+00,-1.286509330470412049e+00
0.000000000000000000e+00,-4.516829293748969576e-02
0.000000000000000000e+00,-1.257869072600918958e+00
0.000000000000000000e+00,-1.140475207948509428e+00
0.000000000000000000e+00,-9.799926163150404212e-01
0.000000000000000000e+00,-7.129830032790180905e-01
0.000000000000000000e+00,-1.181764197681782536e+00
0.000000000000000000e+00,-1.705646249654962476e+00
0.000000000000000000e+00,-8.277186963883574888e-01
0.000000000000000000e+00,-1.038722696104132481e+00
0.000000000000000000e+00,-7.726586356953413226e-01
0.000000000000000000e+00,-1.424108273622466392e+00
0.000000000000000000e+00,-1.150198463728756781e+00
0.000000000000000000e+00,-1.255344765811816199e+00
0.000000000000000000e+00,-6.348238355958204515e-01
0.000000000000000000e+00,-1.062858723728221655e+00
0.000000000000000000e+00,-1.109273246152297387e+00
0.000000000000000000e+00,-1.796725278449658569e+00
0.000000000000000000e+00,-2.150496038271845212e+00
0.000000000000000000e+00,-1.008285675759163613e+00
0.000000000000000000e+00,-5.193971453755247270e-01
0.000000000000000000e+00,-2.151007699109232618e+00
0.000000000000000000e+00,-1.104678922802635688e+00
0.000000000000000000e+00,-1.625770213381196649e+00
0.000000000000000000e+00,-5.768918447208588596e-01
0.000000000000000000e+00,-7.303344251980524726e-01
0.000000000000000000e+00,-1.283313150106633937e+00
0.000000000000000000e+00,-1.251450363890042272e+00
0.000000000000000000e+00,-1.327303233097741675e+00
0.000000000000000000e+00,-3.729737526484337984e-01
0.000000000000000000e+00,-1.495735266279519582e+00
0.000000000000000000e+00,-9.731140927984720523e-01
0.000000000000000000e+00,-1.420565319800791260e+00
0.000000000000000000e+00,-8.983780381095879397e-01
0.000000000000000000e+00,2.440339714689909734e-01
0.000000000000000000e+00,-1.517633415191249169e+00
0.000000000000000000e+00,-1.737168211958278086e+00
0.000000000000000000e+00,-1.088791938795259373e+00
0.000000000000000000e+00,-8.137444909765620960e-01
0.000000000000000000e+00,-6.323220520827821378e-01
0.000000000000000000e+00,-1.482200052267243162e+00
0.000000000000000000e+00,-7.026652180041653706e-01
0.000000000000000000e+00,-1.401799606131902687e+00
0.000000000000000000e+00,-8.058060985825488132e-01
0.000000000000000000e+00,-6.255514703043335567e-01
0.000000000000000000e+00,-1.155728990421245550e+00
0.000000000000000000e+00,-1.146304061806982855e+00
0.000000000000000000e+00,-1.514651418433819119e+00
0.000000000000000000e+00,-1.666527993773328609e+00
0.000000000000000000e+00,-7.929801552825640476e-01
0.000000000000000000e+00,-1.215295406197030248e+00
0.000000000000000000e+00,-8.097289733250079280e-01
0.000000000000000000e+00,-8.737367241602054246e-01
0.000000000000000000e+00,-2.214656241079398513e-01
0.000000000000000000e+00,-1.542032922648544080e+00
0.000000000000000000e+00,-1.793040810459503698e+00
0.000000000000000000e+00,-1.292391305262999834e+00
0.000000000000000000e+00,-1.324022909174326745e+00
0.000000000000000000e+00,-1.419357562242772763e+00
0.000000000000000000e+00,-1.245024855699599087e+00
0.000000000000000000e+00,-7.564282779698512371e-01
0.000000000000000000e+00,-9.512155189192694760e-01
0.000000000000000000e+00,-1.388207446478256113e+00
0.000000000000000000e+00,-7.924276975677773116e-01
0.000000000000000000e+00,-1.064270040705765252e+00
0.000000000000000000e+00,-1.839643593474079797e+00
0.000000000000000000e+00,-1.202252304518387049e+00
0.000000000000000000e+00,-1.253693342212076622e+00
0.000000000000000000e+00,-1.255303968934416758e+00
0.000000000000000000e+00,-6.652391825996707420e-01
0.000000000000000000e+00,-7.416411097823735199e-01
0.000000000000000000e+00,-1.063918167638193468e+00
0.000000000000000000e+00,-2.863360589131506151e-01
0.000000000000000000e+00,-7.941037692809458370e-01
0.000000000000000000e+00,-1.484795753591795275e+00
0.000000000000000000e+00,-1.259940789031369412e+00
0.000000000000000000e+00,-1.150175940452692558e+00
0.000000000000000000e+00,-7.543340382633364483e-01
0.000000000000000000e+00,-1.186989172761246714e+00
0.000000000000000000e+00,-8.188547248383398758e-01
0.000000000000000000e+00,-6.972881045693982704e-01
0.000000000000000000e+00,-7.347149899088387670e-01
0.000000000000000000e+00,-1.727842725732676943e+00
0.000000000000000000e+00,-1.497467433699112505e+00
0.000000000000000000e+00,-1.162604114198030780e+00
0.000000000000000000e+00,-2.654068358396624028e-01
0.000000000000000000e+00,-1.361634230397011480e+00
0.000000000000000000e+00,-1.464295322698476065e+00
0.000000000000000000e+00,-8.473385946778009270e-01
0.000000000000000000e+00,-8.748161415414041908e-01
0.000000000000000000e+00,-1.555312731209599786e+00
0.000000000000000000e+00,-1.552665608820825272e+00
0.000000000000000000e+00,-1.418615994002539793e+00
0.000000000000000000e+00,-1.068247736252230240e+00
0.000000000000000000e+00,-9.260017737838732721e-01
0.000000000000000000e+00,-1.378793991985762135e+00
0.000000000000000000e+00,-1.803419366082982922e+00
0.000000000000000000e+00,-1.369240298227206720e+00
0.000000000000000000e+00,-1.836647572790043759e+00
0.000000000000000000e+00,-6.587682028896257869e-01
0.000000000000000000e+00,-1.701861489341200073e+00
0.000000000000000000e+00,-1.347161538139489245e+00
0.000000000000000000e+00,-1.131550891017338190e+00
0.000000000000000000e+00,-1.798951683040249439e+00
0.000000000000000000e+00,-1.096715457327720689e+00
0.000000000000000000e+00,-8.518415500207862090e-01
0.000000000000000000e+00,-6.190783657569239873e-01
0.000000000000000000e+00,-1.156234701714011992e+00
0.000000000000000000e+00,-1.256734409448241552e+00
0.000000000000000000e+00,-6.048157085643370012e-02
0.000000000000000000e+00,-1.572446994749975735e+00
0.000000000000000000e+00,-1.204208854763678005e+00
0.000000000000000000e+00,-8.597459450169664397e-01
0.000000000000000000e+00,-8.161476820358846140e-01
0.000000000000000000e+00,-6.267328798790314792e-01
0.000000000000000000e+00,-1.377987828689646310e+00
0.000000000000000000e+00,-5.891275082009675979e-01
0.000000000000000000e+00,-1.081073679552214895e+00
0.000000000000000000e+00,-8.136063765478653842e-01
0.000000000000000000e+00,-1.500317690539939353e+00
0.000000000000000000e+00,-1.489229864204168585e+00
0.000000000000000000e+00,-8.645446777210991085e-01
0.000000000000000000e+00,-5.296040141399470658e-01
0.000000000000000000e+00,-8.392476389610119547e-01
0.000000000000000000e+00,-1.024605701621438270e+00
0.000000000000000000e+00,-1.756573926641373351e+00
0.000000000000000000e+00,-7.217377581884970583e-01
0.000000000000000000e+00,-1.341798023663855366e+00
0.000000000000000000e+00,-1.946661877275320585e+00
0.000000000000000000e+00,-7.684297843723849608e-01
0.000000000000000000e+00,-1.468003588867114351e+00
0.000000000000000000e+00,-1.521260512572560897e+00
0.000000000000000000e+00,-1.868782763156772608e+00
0.000000000000000000e+00,-1.722884630226201974e+00
0.000000000000000000e+00,-1.179984858872695996e+00
0.000000000000000000e+00,-1.914816190890961667e-01
0.000000000000000000e+00,-1.481418112117083297e+00
0.000000000000000000e+00,-1.119097644191098029e+00
0.000000000000000000e+00,-1.325881716900847884e+00
0.000000000000000000e+00,-9.743341744132050231e-01
0.000000000000000000e+00,-4.087632383147408177e-01
0.000000000000000000e+00,-1.528797310704671508e+00
0.000000000000000000e+00,-1.245173594315118537e+00
0.000000000000000000e+00,-3.676871572853971371e-01
0.000000000000000000e+00,-1.889763407294483111e+00
0.000000000000000000e+00,-1.844879192740366936e+00
0.000000000000000000e+00,-6.878767749142689070e-01
0.000000000000000000e+00,-1.298500212686122923e+00
0.000000000000000000e+00,-1.328895586218746372e+00
0.000000000000000000e+00,-2.176966624708381648e+00
0.000000000000000000e+00,-7.111560681129655004e-01
0.000000000000000000e+00,-1.578349205545322848e-02
0.000000000000000000e+00,-1.760102431568969283e+00
0.000000000000000000e+00,-4.719495270247976992e-01
0.000000000000000000e+00,-1.552343483476357422e+00
0.000000000000000000e+00,-9.337285323763758749e-01
0.000000000000000000e+00,-6.492391572444994319e-01
0.000000000000000000e+00,-1.924006436326860081e+00
0.000000000000000000e+00,-6.083377378465230079e-01
0.000000000000000000e+00,-1.200673125389042584e+00
0.000000000000000000e+00,-7.783833725229512002e-01
0.000000000000000000e+00,-5.282891647787545386e-01
0.000000000000000000e+00,-1.240323865514236346e+00
0.000000000000000000e+00,-6.149226088393086043e-01
0.000000000000000000e+00,-4.049189825547706012e-01
0.000000000000000000e+00,-1.113972961435241160e+00
0.000000000000000000e+00,-8.503873113284782237e-01
0.000000000000000000e+00,-1.437549569823228790e+00
0.000000000000000000e+00,-9.500999793028730434e-01
0.000000000000000000e+00,-4.829162376307883919e-01
0.000000000000000000e+00,-8.933149756373034434e-01
0.000000000000000000e+00,-2.132979516489584171e+00
0.000000000000000000e+00,-1.692056639806153395e+00
0.000000000000000000e+00,-1.673703569553463222e+00
0.000000000000000000e+00,-1.371012412589253771e+00
0.000000000000000000e+00,-1.219816635141350636e+00
0.000000000000000000e+00,-1.454720805533748162e+00
0.000000000000000000e+00,-2.206319765513685915e+00
0.000000000000000000e+00,-1.499070411006939940e+00
0.000000000000000000e+00,-1.472311909107505423e+00
0.000000000000000000e+00,-3.583888689780625469e-01
0.000000000000000000e+00,-1.585389379137538635e+00
0.000000000000000000e+00,-1.570148770656462744e+00
0.000000000000000000e+00,-1.249498063319480323e+00
0.000000000000000000e+00,-1.211107776718946427e+00
0.000000000000000000e+00,-1.008067242478086323e+00
0.000000000000000000e+00,-1.634908288951243183e+00
0.000000000000000000e+00,-8.643848899512838191e-01
0.000000000000000000e+00,-1.195174471257022475e+00
0.000000000000000000e+00,-1.019154643846384323e+00
0.000000000000000000e+00,-6.609274626194963087e-01
0.000000000000000000e+00,-9.186583358519381237e-01
0.000000000000000000e+00,-1.472483595966562309e+00
0.000000000000000000e+00,-9.966687649196162013e-01
0.000000000000000000e+00,-9.656087422593570002e-01
0.000000000000000000e+00,-1.059148332722218866e+00
0.000000000000000000e+00,-1.556309279933580703e+00
0.000000000000000000e+00,-1.106471435603382458e+00
0.000000000000000000e+00,-1.063816175444694423e+00
0.000000000000000000e+00,-1.344390750216096997e+00
0.000000000000000000e+00,-3.891148672046121360e-01
0.000000000000000000e+00,-1.526814837443532635e+00
0.000000000000000000e+00,-1.018716077414338228e+00
0.000000000000000000e+00,-9.884044224738787188e-01
0.000000000000000000e+00,-9.636581415586867871e-01
0.000000000000000000e+00,-1.008065117640721819e+00
0.000000000000000000e+00,-1.639206834939757274e+00
0.000000000000000000e+00,-4.397616406914275911e-01
0.000000000000000000e+00,-1.455102426324423881e+00
0.000000000000000000e+00,-1.348520584117864685e+00
0.000000000000000000e+00,-5.453949554984451886e-01
0.000000000000000000e+00,-7.340754138621048419e-01
0.000000000000000000e+00,-1.358979458593724488e+00
0.000000000000000000e+00,-9.789225482182457583e-01
0.000000000000000000e+00,-4.875347841264059401e-01
0.000000000000000000e+00,-8.897214506863518890e-01
0.000000000000000000e+00,-8.392888608058844957e-01
0.000000000000000000e+00,-1.908866120169391722e+00
0.000000000000000000e+00,-9.921292623739604855e-01
0.000000000000000000e+00,-1.370183726017073500e+00
0.000000000000000000e+00,-1.005587132306166698e+00
0.000000000000000000e+00,-8.499457701241216467e-01
0.000000000000000000e+00,-1.410689925665240985e+00
0.000000000000000000e+00,-1.268569753568866254e+00
0.000000000000000000e+00,-1.278811469666067513e+00
0.000000000000000000e+00,-1.637185264671110474e+00
0.000000000000000000e+00,-1.395589981417699299e+00
0.000000000000000000e+00,-8.654260602599204155e-01
0.000000000000000000e+00,-3.982469932300378157e-01
0.000000000000000000e+00,-1.567515672194294218e+00
0.000000000000000000e+00,-3.622339746729785759e-01
0.000000000000000000e+00,-1.221563676422495748e+00
0.000000000000000000e+00,-1.150939182034043995e+00
0.000000000000000000e+00,-7.710624578670804974e-01
0.000000000000000000e+00,-1.501172300127967318e+00
0.000000000000000000e+00,-3.546729533949120050e-01
0.000000000000000000e+00,-1.091538078605222672e+00
0.000000000000000000e+00,-9.063300294627344433e-01
0.000000000000000000e+00,-1.556843039079559343e+00
0.000000000000000000e+00,-1.115531317158412916e+00
0.000000000000000000e+00,-1.451935993683749926e+00
0.000000000000000000e+00,-9.891090185439683768e-01
0.000000000000000000e+00,-1.819148262190435572e+00
0.000000000000000000e+00,-8.086810035368046101e-01
0.000000000000000000e+00,-9.992211195619311592e-01
0.000000000000000000e+00,-9.132043033045736946e-01
0.000000000000000000e+00,-1.511384268502064643e+00
0.000000000000000000e+00,-1.201018623944520858e+00
0.000000000000000000e+00,-1.028938669975258513e+00
0.000000000000000000e+00,-5.971534438944008372e-01
0.000000000000000000e+00,-5.091248316202736657e-01
0.000000000000000000e+00,-1.162698456977017347e+00
0.000000000000000000e+00,-1.724452011399621176e-01
0.000000000000000000e+00,-1.586008556745572617e+00
0.000000000000000000e+00,-9.545506636466900563e-01
0.000000000000000000e+00,-8.819509204441391415e-01
0.000000000000000000e+00,-1.586388477666356822e+00
0.000000000000000000e+00,-9.221294701706908015e-01
0.000000000000000000e+00,-1.364846984492233073e+00
0.000000000000000000e+00,-1.089370744493366683e+00
0.000000000000000000e+00,-5.971959406416921246e-01
0.000000000000000000e+00,-1.494638425231931134e+00
0.000000000000000000e+00,-1.009838506905187394e+00
0.000000000000000000e+00,-9.149734428943101516e-01
0.000000000000000000e+00,-1.392279484803707668e+00
0.000000000000000000e+00,-1.253908375753370663e+00
0.000000000000000000e+00,-1.222995391838739287e+00
0.000000000000000000e+00,-4.165779651741364220e-01
0.000000000000000000e+00,-1.058606074226781990e+00
0.000000000000000000e+00,-1.010005944089515051e+00
0.000000000000000000e+00,-1.636210814255721235e+00
0.000000000000000000e+00,-9.523548567141489896e-01
0.000000000000000000e+00,-1.561430987917127089e+00
0.000000000000000000e+00,-1.312323979612507019e+00
0.000000000000000000e+00,7.325442808017373908e-01
0.000000000000000000e+00,-1.937863775683604572e+00
0.000000000000000000e+00,-1.221156982550918091e+00
0.000000000000000000e+00,-1.024312049097655608e+00
0.000000000000000000e+00,-1.364503185806646535e+00
0.000000000000000000e+00,-1.245053328520284275e+00
0.000000000000000000e+00,-1.196092400998514327e+00
0.000000000000000000e+00,-1.710007690829467686e+00
0.000000000000000000e+00,-1.195420102456365985e+00
0.000000000000000000e+00,-1.505062452375012239e+00
0.000000000000000000e+00,-1.793096906165928095e+00
0.000000000000000000e+00,-1.269480883830791607e+00
0.000000000000000000e+00,-1.206147981342579723e+00
0.000000000000000000e+00,-1.568703881248558751e+00
0.000000000000000000e+00,-1.152377696929854256e+00
0.000000000000000000e+00,-1.045529400117778618e+00
0.000000000000000000e+00,-1.287709438613918067e+00
0.000000000000000000e+00,-1.089599376993793944e+00
0.000000000000000000e+00,-7.062991148650437090e-01
0.000000000000000000e+00,-1.279525415020561274e+00
0.000000000000000000e+00,-1.110877923330016559e+00
0.000000000000000000e+00,-1.161797100966969198e+00
0.000000000000000000e+00,-5.093827868763318723e-01
0.000000000000000000e+00,-1.590873584375479766e+00
0.000000000000000000e+00,-5.729149991093398508e-01
0.000000000000000000e+00,-1.257851648934529498e+00
0.000000000000000000e+00,-1.637622131233265055e+00
0.000000000000000000e+00,-5.180440489417700300e-01
0.000000000000000000e+00,-1.560535156484226693e+00
0.000000000000000000e+00,-1.197465045936022987e+00
0.000000000000000000e+00,-1.863522090809583531e+00
0.000000000000000000e+00,-1.033521094235678506e+00
0.000000000000000000e+00,-5.203996436441262752e-01
0.000000000000000000e+00,-1.886059603284310660e+00
0.000000000000000000e+00,-2.065379728089590472e+00
0.000000000000000000e+00,-1.567941914569625839e+00
0.000000000000000000e+00,-1.188139559710422066e+00
0.000000000000000000e+00,-1.251164360780771867e+00
0.000000000000000000e+00,-9.968153786977711484e-01
0.000000000000000000e+00,-6.498200877799714670e-01
0.000000000000000000e+00,-1.155253451819056032e+00
0.000000000000000000e+00,-1.435213948592099609e+00
0.000000000000000000e+00,-1.026949397234553141e+00
0.000000000000000000e+00,-4.939594423819034241e-01
0.000000000000000000e+00,-1.608343147251983796e+00
0.000000000000000000e+00,-1.516271819408036015e+00
0.000000000000000000e+00,-1.647965839523965359e+00
0.000000000000000000e+00,-8.197582056857527499e-01
0.000000000000000000e+00,-4.742146036554235056e-01
0.000000000000000000e+00,-1.612056088062824077e+00
0.000000000000000000e+00,-6.622393372083784646e-01
0.000000000000000000e+00,-1.017193843926364138e+00
0.000000000000000000e+00,-1.587918360568843390e+00
0.000000000000000000e+00,-1.973140325610105661e+00
0.000000000000000000e+00,-1.234558007975070093e-01
0.000000000000000000e+00,-8.183209656923612352e-01
0.000000000000000000e+00,-2.086410943356577619e+00
0.000000000000000000e+00,-1.628651492847546178e+00
0.000000000000000000e+00,-8.099882034834847699e-01
0.000000000000000000e+00,-9.361066503547965656e-01
0.000000000000000000e+00,-1.191259670896548606e+00
0.000000000000000000e+00,-1.128778403224054205e+00
0.000000000000000000e+00,-1.292345833743397954e+00
0.000000000000000000e+00,-1.654576208565125883e+00
0.000000000000000000e+00,-1.037033025431830735e+00
0.000000000000000000e+00,-1.432764436078229453e+00
0.000000000000000000e+00,-1.378834788863161798e+00
0.000000000000000000e+00,-9.628366794335461165e-01
0.000000000000000000e+00,-1.050156020995381523e+00
0.000000000000000000e+00,-1.587081174647204884e+00
0.000000000000000000e+00,-1.329652028320531310e+00
0.000000000000000000e+00,-1.512628998230226562e+00
0.000000000000000000e+00,-1.604091772652963099e+00
0.000000000000000000e+00,-1.661030614543727246e+00
0.000000000000000000e+00,-1.503728904445011505e+00
0.000000000000000000e+00,-2.444559394250556683e-01
0.000000000000000000e+00,-1.674603225693619857e+00
0.000000000000000000e+00,-6.106240628507945134e-01
0.000000000000000000e+00,-6.222766709580666022e-01
0.000000000000000000e+00,-1.779078079169476911e+00
0.000000000000000000e+00,1.614831899207112842e-01
0.000000000000000000e+00,-1.429703820338310560e+00
0.000000000000000000e+00,-1.276084028424912420e+00
0.000000000000000000e+00,-1.156829231208617026e+00
0.000000000000000000e+00,-5.572481482529322294e-01
0.000000000000000000e+00,-1.264028976120791681e+00
0.000000000000000000e+00,-1.579588148164804418e+00
0.000000000000000000e+00,-1.220249252028775988e+00
0.000000000000000000e+00,-1.371724658073855796e+00
0.000000000000000000e+00,-1.347297527730821232e+00
0.000000000000000000e+00,-1.414925151500291189e+00
0.000000000000000000e+00,-1.323577543262714151e+00
0.000000000000000000e+00,-1.196063503210356149e+00
0.000000000000000000e+00,-1.029285018465682544e+00
0.000000000000000000e+00,-1.763655584609994165e+00
0.000000000000000000e+00,1.229831018385081354e+00
0.000000000000000000e+00,-1.531444433093446023e+00
0.000000000000000000e+00,-1.647709584137798888e+00
0.000000000000000000e+00,-1.182757771633452748e+00
0.000000000000000000e+00,-1.082762925257043873e+00
0.000000000000000000e+00,-1.095301590545339376e+00
0.000000000000000000e+00,-1.554000856620717741e+00
0.000000000000000000e+00,-1.651835593332310337e+00
0.000000000000000000e+00,-1.076033990290940601e+00
0.000000000000000000e+00,-9.030960269938671514e-01
0.000000000000000000e+00,1.065729403752286197e+00
0.000000000000000000e+00,-1.587379076845716774e+00
0.000000000000000000e+00,-1.474828141514622715e+00
0.000000000000000000e+00,-1.760520599562315658e+00
0.000000000000000000e+00,-9.101819346372170827e-01
0.000000000000000000e+00,-1.478815186345491695e+00
0.000000000000000000e+00,-9.044261751840845243e-01
0.000000000000000000e+00,-7.281271441437427994e-01
0.000000000000000000e+00,-1.723751138903471425e+00
0.000000000000000000e+00,-5.900220647314492473e-01
0.000000000000000000e+00,-8.474954076753058452e-01
0.000000000000000000e+00,-6.382375993057298746e-01
0.000000000000000000e+00,-7.930659987120924903e-01
0.000000000000000000e+00,-7.685088283223466821e-01
0.000000000000000000e+00,-1.431207355257476443e+00
0.000000000000000000e+00,-1.065942287711677761e+00
0.000000000000000000e+00,-1.421140725759115320e+00
0.000000000000000000e+00,-1.165983455542634273e+00
0.000000000000000000e+00,-9.220045297336544321e-01
0.000000000000000000e+00,-8.773370485907237004e-01
0.000000000000000000e+00,5.096343923648340990e-01
0.000000000000000000e+00,-4.023530289533223669e-01
0.000000000000000000e+00,-1.870851504814912580e+00
0.000000000000000000e+00,-1.541232283929576230e+00
0.000000000000000000e+00,-1.277851043177284263e+00
0.000000000000000000e+00,-1.288733610223638193e+00
0.000000000000000000e+00,-1.142584746484049063e+00
0.000000000000000000e+00,-4.577437143402647290e-01
0.000000000000000000e+00,-1.535709831619072929e+00
0.000000000000000000e+00,-1.621451693921455606e+00
0.000000000000000000e+00,-2.062125114698286854e+00
0.000000000000000000e+00,-1.326788597488044008e+00
0.000000000000000000e+00,-1.248152191332765115e+00
0.000000000000000000e+00,-1.284423590113355385e+00
0.000000000000000000e+00,-9.558735873898679403e-01
0.000000000000000000e+00,-1.480244351956897964e+00
0.000000000000000000e+00,-8.886386335653697621e-01
0.000000000000000000e+00,-1.109475105701930975e+00
0.000000000000000000e+00,-1.798946158463101463e+00
0.000000000000000000e+00,-1.360832316775624884e+00
0.000000000000000000e+00,-1.783556386399033133e+00
0.000000000000000000e+00,-1.384219126744968387e+00
0.000000000000000000e+00,-1.706810660530743817e+00
0.000000000000000000e+00,-1.217961227154612969e+00
0.000000000000000000e+00,-1.004127794004183727e+00
0.000000000000000000e+00,-1.329432745104508262e+00
0.000000000000000000e+00,-1.248385073507921383e+00
0.000000000000000000e+00,-4.768209291667984129e-01
0.000000000000000000e+00,-8.062438150796490399e-01
0.000000000000000000e+00,-1.255812230032020471e+00
0.000000000000000000e+00,-1.933284538679231446e+00
0.000000000000000000e+00,-1.948724244421367047e+00
0.000000000000000000e+00,-1.188735789074918836e+00
0.000000000000000000e+00,-9.974481552649384630e-01
0.000000000000000000e+00,-1.015067306691908033e+00
0.000000000000000000e+00,-1.264540211990705876e+00
0.000000000000000000e+00,-1.281552084898882837e+00
0.000000000000000000e+00,-1.266114716477848345e+00
0.000000000000000000e+00,-2.051329665983880002e+00
0.000000000000000000e+00,-9.985908927996013373e-01
0.000000000000000000e+00,-6.231130069447592401e-01
0.000000000000000000e+00,-1.315581355292384513e+00
0.000000000000000000e+00,-1.290420306123629679e+00
0.000000000000000000e+00,-1.677423309843870003e+00
0.000000000000000000e+00,-1.376598185053220957e+00
0.000000000000000000e+00,-1.001802796959877062e+00
0.000000000000000000e+00,-1.078630541550438693e+00
0.000000000000000000e+00,-9.694521480843814043e-01
0.000000000000000000e+00,-1.409735448721078477e+00
0.000000000000000000e+00,-6.846134496897705590e-01
0.000000000000000000e+00,-7.412463150000373480e-01
0.000000000000000000e+00,-8.271118428370377584e-01
0.000000000000000000e+00,-1.118411321722343699e+00
0.000000000000000000e+00,2.708553685544167200e-01
0.000000000000000000e+00,-7.817746129567962887e-01
0.000000000000000000e+00,-1.953424809639256798e+00
0.000000000000000000e+00,-1.500487252561631735e+00
0.000000000000000000e+00,-1.309439300406374240e+00
0.000000000000000000e+00,-1.089273001974596644e+00
0.000000000000000000e+00,1.297287704097123961e-01
0.000000000000000000e+00,2.892563589982297470e-02
0.000000000000000000e+00,-1.716102149358511797e+00
0.000000000000000000e+00,-1.482491579953661320e+00
0.000000000000000000e+00,-6.853044468007269963e-01
0.000000000000000000e+00,-1.160990937670853373e+00
0.000000000000000000e+00,-1.176091306885867827e+00
0.000000000000000000e+00,-9.712603846816258990e-01
0.000000000000000000e+00,-5.465738152683056184e-01
0.000000000000000000e+00,-8.951593344697454935e-01
0.000000000000000000e+00,-1.481692641104584984e+00
0.000000000000000000e+00,-1.356265191344229626e+00
0.000000000000000000e+00,-1.179876492167103219e+00
0.000000000000000000e+00,-1.171045668079972790e+00
0.000000000000000000e+00,-1.678235422684606570e+00
0.000000000000000000e+00,-1.067104148782621609e+00
0.000000000000000000e+00,-1.256744183700118533e+00
0.000000000000000000e+00,-9.741420891154484174e-01
0.000000000000000000e+00,-1.703107918939253729e+00
0.000000000000000000e+00,1.129969510661850834e-01
0.000000000000000000e+00,-1.624266678462030766e+00
0.000000000000000000e+00,-1.621117669487746049e+00
0.000000000000000000e+00,-1.142950218510754290e+00
0.000000000000000000e+00,-1.051515916908702941e+00
0.000000000000000000e+00,-1.455501895748962049e+00
0.000000000000000000e+00,-1.525018074968056858e+00
0.000000000000000000e+00,-1.150263483752112625e+00
0.000000000000000000e+00,-4.359883544994338500e-01
0.000000000000000000e+00,-5.374178910643968576e-01
0.000000000000000000e+00,-1.485382208704415063e+00
0.000000000000000000e+00,-9.054971943491413322e-02
0.000000000000000000e+00,-5.492247623643364829e-01
0.000000000000000000e+00,-1.978138368059034313e+00
0.000000000000000000e+00,-1.306111380125993149e+00
0.000000000000000000e+00,-2.139883750538264184e+00
0.000000000000000000e+00,-1.473935709821505569e+00
0.000000000000000000e+00,-4.970952773645277989e-01
0.000000000000000000e+00,-1.341039456724705703e+00
0.000000000000000000e+00,-1.072329973797031766e+00
0.000000000000000000e+00,-2.016039193264088925e-01
0.000000000000000000e+00,-1.088098816846938321e+00
0.000000000000000000e+00,-4.093760414106812351e-01
0.000000000000000000e+00,-1.618321383515979095e+00
0.000000000000000000e+00,-1.764521668319790848e+00
0.000000000000000000e+00,-1.668051077196248455e+00
0.000000000000000000e+00,3.077764414677746155e-02
0.000000000000000000e+00,-1.174598821120997671e+00
0.000000000000000000e+00,-4.923543402367113186e-01
0.000000000000000000e+00,-1.290979138350510036e+00
0.000000000000000000e+00,-1.397026796443617824e+00
0.000000000000000000e+00,-1.795404479543845300e+00
0.000000000000000000e+00,-7.835186794656309184e-01
0.000000000000000000e+00,-4.565827032042666378e-01
0.000000000000000000e+00,-1.375245513586939250e+00
0.000000000000000000e+00,8.115648575525294950e-01
0.000000000000000000e+00,-1.272949043377233913e+00
0.000000000000000000e+00,-1.306599242784897141e+00
0.000000000000000000e+00,-1.122907052618289381e+00
0.000000000000000000e+00,-5.949529623196577743e-01
0.000000000000000000e+00,-2.227529517167092799e-02
0.000000000000000000e+00,-1.036330129231632702e+00
0.000000000000000000e+00,-9.174246552780719322e-01
0.000000000000000000e+00,-1.512542304865752474e+00
0.000000000000000000e+00,-1.112052958392620639e+00
0.000000000000000000e+00,-1.434664040682150254e+00
0.000000000000000000e+00,-1.397410117104185279e+00
0.000000000000000000e+00,-4.961467499649862001e-01
0.000000000000000000e+00,-1.146304061806982855e+00
0.000000000000000000e+00,-1.148041328836250985e+00
0.000000000000000000e+00,-4.922298247671478277e-01
0.000000000000000000e+00,-1.411792291289976964e+00
0.000000000000000000e+00,-1.317009246001372036e+00
0.000000000000000000e+00,-1.014480851579288245e+00
0.000000000000000000e+00,-1.269165132998417267e+00
0.000000000000000000e+00,-1.499426108781768185e+00
0.000000000000000000e+00,-8.744370705555659651e-01
0.000000000000000000e+00,-1.018847817330941208e+00
0.000000000000000000e+00,-7.962876771242453078e-01
0.000000000000000000e+00,-8.762372327708249919e-01
0.000000000000000000e+00,1.447725440706666422e+00
0.000000000000000000e+00,-9.503995813712766694e-01
0.000000000000000000e+00,-8.689345917162895061e-01
0.000000000000000000e+00,-1.070120142937884600e+00
0.000000000000000000e+00,-1.307594091638986322e+00
0.000000000000000000e+00,-1.541477065193973983e+00
0.000000000000000000e+00,-1.124742912101273307e+00
0.000000000000000000e+00,-1.168787815896386473e+00
0.000000000000000000e+00,-1.561049367126451370e+00
0.000000000000000000e+00,-1.133257560388556406e+00
0.000000000000000000e+00,-1.045607169165321704e+00
0.000000000000000000e+00,-2.081150058525652380e+00
0.000000000000000000e+00,-1.581007964491806472e+00
0.000000000000000000e+00,-1.249849086452106572e+00
0.000000000000000000e+00,-1.160648413887685582e+00
0.000000000000000000e+00,-1.448332694480921168e+00
0.000000000000000000e+00,-1.401509778315376265e+00
0.000000000000000000e+00,-1.369815704185531002e+00
0.000000000000000000e+00,-8.154005892185036686e-01
0.000000000000000000e+00,-7.454696417458459567e-01
0.000000000000000000e+00,-9.108529582769465671e-01
0.000000000000000000e+00,-1.160585518701694463e+00
0.000000000000000000e+00,-1.164011606468318361e+00
0.000000000000000000e+00,-1.682086477924143342e+00
0.000000000000000000e+00,-1.495616275387103844e+00
0.000000000000000000e+00,-1.534718807472239988e+00
0.000000000000000000e+00,-3.064442448289710352e-01
0.000000000000000000e+00,-1.490812443073296301e+00
0.000000000000000000e+00,-1.117895836177700275e+00
0.000000000000000000e+00,-1.448404089016370522e+00
0.000000000000000000e+00,-1.277643659050502922e+00
0.000000000000000000e+00,-1.098415327219372184e+00
0.000000000000000000e+00,-1.013896096336559971e+00
0.000000000000000000e+00,-8.154651842743864121e-01
0.000000000000000000e+00,-1.498741911150378359e+00
0.000000000000000000e+00,-3.174377283857552356e-01
0.000000000000000000e+00,-1.051299183497517387e+00
0.000000000000000000e+00,-1.302229727228406686e+00
0.000000000000000000e+00,-8.298392840781928514e-01
0.000000000000000000e+00,-1.070981127038006075e+00
0.000000000000000000e+00,-9.758695818928393440e-01
0.000000000000000000e+00,-1.131361355524419077e+00
0.000000000000000000e+00,-1.018101574448506241e+00
0.000000000000000000e+00,-1.630041136483971531e+00
0.000000000000000000e+00,-1.376659380369320562e+00
0.000000000000000000e+00,-1.461669873650820239e+00
0.000000000000000000e+00,-1.394361825420980860e+00
0.000000000000000000e+00,-8.134903604277601286e-01
0.000000000000000000e+00,-9.319479186648708113e-01
0.000000000000000000e+00,-1.285695092792310978e+00
0.000000000000000000e+00,-1.109829953541813241e+00
0.000000000000000000e+00,-1.236252677123730548e+00
0.000000000000000000e+00,-8.763239261352993026e-01
0.000000000000000000e+00,-1.451259020499399588e+00
0.000000000000000000e+00,-6.252199956754614929e-01
0.000000000000000000e+00,-1.336384363026417610e+00
0.000000000000000000e+00,3.569121317542279792e-01
0.000000000000000000e+00,-1.363413569206097797e+00
0.000000000000000000e+00,-1.372658736579318361e+00
0.000000000000000000e+00,-1.317758038688644495e+00
0.000000000000000000e+00,-1.304713662107582550e+00
0.000000000000000000e+00,-8.679112700415151371e-01
0.000000000000000000e+00,-7.767757205729216574e-01
0.000000000000000000e+00,-1.250647276499553262e-01
0.000000000000000000e+00,-1.346574233091923478e+00
0.000000000000000000e+00,-9.424718131640862362e-01
0.000000000000000000e+00,-7.729641873083656911e-01
0.000000000000000000e+00,1.728247218378111683e-01
0.000000000000000000e+00,-1.877155897275575747e+00
0.000000000000000000e+00,-8.419691306575461942e-01
0.000000000000000000e+00,-9.909962990911745928e-01
0.000000000000000000e+00,-1.309800947725823228e+00
0.000000000000000000e+00,-1.272326466029416459e+00
0.000000000000000000e+00,-9.611988547929396498e-01
0.000000000000000000e+00,-1.446646848515875661e+00
0.000000000000000000e+00,-7.012441267747445695e-01
0.000000000000000000e+00,-1.465072163238960945e+00
0.000000000000000000e+00,-8.483869894334771233e-01
0.000000000000000000e+00,-1.401194452450474692e+00
0.000000000000000000e+00,-1.274123228504892236e+00
0.000000000000000000e+00,-9.363480318794110691e-01
0.000000000000000000e+00,-1.423022056761700904e+00
0.000000000000000000e+00,-1.496661270402996680e+00
0.000000000000000000e+00,-1.357352683107413860e+00
0.000000000000000000e+00,-1.065055380595708368e+00
0.000000000000000000e+00,-1.097649535833183254e+00
0.000000000000000000e+00,-1.081590864966750054e+00
0.000000000000000000e+00,-1.727611118459939421e+00
0.000000000000000000e+00,-1.189240650432739299e+00
0.000000000000000000e+00,-2.741339678634020505e-01
0.000000000000000000e+00,-3.548811874566393243e-01
0.000000000000000000e+00,-1.699769799439522666e+00
0.000000000000000000e+00,-1.144555745623419218e+00
0.000000000000000000e+00,4.766925126012003244e-02
0.000000000000000000e+00,-4.204086219749734177e-01
0.000000000000000000e+00,-1.037102720097388575e+00
0.000000000000000000e+00,-1.133845290403594941e+00
0.000000000000000000e+00,-1.406288112580808880e+00
0.000000000000000000e+00,-7.878015016576472851e-01
0.000000000000000000e+00,-1.221883251962126327e+00
0.000000000000000000e+00,-1.399928899316140063e+00
0.000000000000000000e+00,-1.289437781326254973e+00
0.000000000000000000e+00,-9.686532092353051793e-01
0.000000000000000000e+00,-1.041445462703085578e+00
0.000000000000000000e+00,-1.635250387766937985e+00
0.000000000000000000e+00,-1.109656566812864842e+00
0.000000000000000000e+00,-1.275056882042881812e+00
0.000000000000000000e+00,-1.460698822975214251e+00
0.000000000000000000e+00,-1.429384244798680204e+00
0.000000000000000000e+00,-1.087494938067929073e+00
0.000000000000000000e+00,-1.754603777436949175e+00
0.000000000000000000e+00,-4.590313657831908700e-01
0.000000000000000000e+00,1.172177280071561578e-01
0.000000000000000000e+00,-1.047862896511543518e+00
0.000000000000000000e+00,-6.744388784532895365e-01
0.000000000000000000e+00,-1.403375385521463903e+00
0.000000000000000000e+00,-1.177998560904301106e+00
0.000000000000000000e+00,-1.294784398236288603e-01
0.000000000000000000e+00,-9.461320580082851484e-01
0.000000000000000000e+00,-1.157073587505542012e+00
0.000000000000000000e+00,-4.522348609888945936e-01
0.000000000000000000e+00,-9.993783575269089559e-01
0.000000000000000000e+00,-1.206463732174954062e+00
0.000000000000000000e+00,-9.863046581902159549e-01
0.000000000000000000e+00,-1.369482529686767203e+00
0.000000000000000000e+00,4.122079482613945356e-02
0.000000000000000000e+00,-1.105221606265545553e+00
0.000000000000000000e+00,-2.564918681928952671e-01
0.000000000000000000e+00,-8.826402176852039538e-01
0.000000000000000000e+00,-4.817050803329865905e-01
0.000000000000000000e+00,-4.944532545854282146e-01
0.000000000000000000e+00,-5.573127433088150839e-01
0.000000000000000000e+00,-6.323934466182314917e-01
0.000000000000000000e+00,1.207101106995544931e-01
0.000000000000000000e+00,-1.676377464893031188e+00
0.000000000000000000e+00,-5.210018225532438985e-01
0.000000000000000000e+00,-1.023140413774834556e+00
0.000000000000000000e+00,-1.282541834143297033e+00
0.000000000000000000e+00,-1.535810973877626218e+00
0.000000000000000000e+00,-6.222069762925088732e-01
0.000000000000000000e+00,-1.727278793896121600e+00
0.000000000000000000e+00,-1.177044508927611588e+00
0.000000000000000000e+00,-5.879065766512887592e-01
0.000000000000000000e+00,-1.420031985622285609e+00
0.000000000000000000e+00,-1.258009311866980173e+00
0.000000000000000000e+00,-1.698720129781427834e+00
0.000000000000000000e+00,-1.135432543914924652e+00
0.000000000000000000e+00,-9.036986308704576532e-01
0.000000000000000000e+00,-1.021173239342720640e+00
0.000000000000000000e+00,-1.146920264642706577e+00
0.000000000000000000e+00,-1.361467218180156591e+00
0.000000000000000000e+00,-1.180914687703429555e+00
0.000000000000000000e+00,-1.291036933926826169e+00
0.000000000000000000e+00,-1.083855941597375860e+00
0.000000000000000000e+00,-1.242404081294145035e+00
0.000000000000000000e+00,-1.109467456287418496e+00
0.000000000000000000e+00,-1.235076792126180711e+00
0.000000000000000000e+00,-1.122189707524012370e+00
0.000000000000000000e+00,-9.981748496436195772e-01
0.000000000000000000e+00,-1.626039217791550584e+00
0.000000000000000000e+00,-1.157141582301208116e+00
0.000000000000000000e+00,-1.525259031525198372e+00
0.000000000000000000e+00,-7.575510420332871586e-01
0.000000000000000000e+00,-1.729022010470010251e+00
0.000000000000000000e+00,-1.059556726463688259e+00
0.000000000000000000e+00,-1.069082372369031253e+00
0.000000000000000000e+00,-1.997271041140783243e+00
0.000000000000000000e+00,-1.538623833580836653e+00
0.000000000000000000e+00,-1.861243415219824504e+00
0.000000000000000000e+00,-8.910218511534653274e-01
0.000000000000000000e+00,-5.760610333113141968e-01
0.000000000000000000e+00,-1.046669162880131010e+00
0.000000000000000000e+00,-1.636739898759497880e+00
0.000000000000000000e+00,-1.493941478576354065e+00
0.000000000000000000e+00,-1.495525757315373516e+00
0.000000000000000000e+00,-1.366841781810086420e+00
0.000000000000000000e+00,-1.009912876212947230e+00
0.000000000000000000e+00,-1.179361006622459795e+00
0.000000000000000000e+00,-1.272021764351337847e+00
0.000000000000000000e+00,-1.265672325338546012e+00
0.000000000000000000e+00,-1.169759291539465451e+00
0.000000000000000000e+00,-7.848743257042231081e-01
0.000000000000000000e+00,-1.972548345920337898e+00
0.000000000000000000e+00,-1.183135992684345217e+00
0.000000000000000000e+00,-1.072655498881283087e+00
0.000000000000000000e+00,-1.344789794673162175e+00
0.000000000000000000e+00,4.396184513975938124e-01
0.000000000000000000e+00,-1.523050900535942942e+00
0.000000000000000000e+00,-1.029682788020328976e+00
0.000000000000000000e+00,-4.101524569836931255e-01
0.000000000000000000e+00,-1.802383720351494079e+00
1.000000000000000000e+00,1.210865145036450929e+00
1.000000000000000000e+00,8.083413781371688589e-02
1.000000000000000000e+00,4.818177214578462930e-01
1.000000000000000000e+00,6.771174731795974733e-01
1.000000000000000000e+00,3.217277997693489544e-01
1.000000000000000000e+00,1.564031287495102895e-01
1.000000000000000000e+00,-1.247323929728057834e+00
1.000000000000000000e+00,1.251297400344331567e+00
1.000000000000000000e+00,1.109350190009432247e+00
1.000000000000000000e+00,5.580526364236942927e-01
1.000000000000000000e+00,-2.773046501788052898e-01
1.000000000000000000e+00,-8.910652989690187598e-02
1.000000000000000000e+00,-6.229625684593480539e-01
1.000000000000000000e+00,-1.500851125851761503e-01
1.000000000000000000e+00,1.441923359798986448e+00
1.000000000000000000e+00,3.508002495587944081e-01
1.000000000000000000e+00,4.373915207062138710e-02
1.000000000000000000e+00,-1.074881903471873734e+00
1.000000000000000000e+00,3.496613367313878284e-01
1.000000000000000000e+00,2.406486805797666828e-01
1.000000000000000000e+00,-7.964250427513124009e-02
1.000000000000000000e+00,1.263094821226550812e-01
1.000000000000000000e+00,-1.962591034195831641e-01
1.000000000000000000e+00,9.020179092596248838e-01
1.000000000000000000e+00,5.296248622906576387e-01
1.000000000000000000e+00,-9.597756387261543454e-01
1.000000000000000000e+00,6.728864970192764972e-01
1.000000000000000000e+00,2.601359890176613288e-01
1.000000000000000000e+00,-5.680244734310579968e-01
1.000000000000000000e+00,-2.208965926617094400e-01
1.000000000000000000e+00,1.019339529441639414e+00
1.000000000000000000e+00,3.998346964533782688e-01
1.000000000000000000e+00,-4.710256477386849938e-01
1.000000000000000000e+00,-2.599659772839583716e-01
1.000000000000000000e+00,6.862092272950963689e-01
1.000000000000000000e+00,7.027438617311920765e-01
1.000000000000000000e+00,1.256331565028457886e+00
1.000000000000000000e+00,1.860769075131275263e-01
1.000000000000000000e+00,5.016105815087653630e-01
1.000000000000000000e+00,1.389043382242013625e+00
1.000000000000000000e+00,2.409929993396523695e+00
1.000000000000000000e+00,8.498174546918397798e-01
1.000000000000000000e+00,-7.648290349743938066e-01
1.000000000000000000e+00,1.677827478655147919e+00
1.000000000000000000e+00,2.804553938808511226e+00
1.000000000000000000e+00,-6.348608077659638749e-01
1.000000000000000000e+00,1.746214843132869732e-01
1.000000000000000000e+00,2.097985918511264813e-01
1.000000000000000000e+00,8.319696707644431699e-01
1.000000000000000000e+00,1.505029754624135796e+00
1.000000000000000000e+00,9.817273582840088109e-01
1.000000000000000000e+00,5.518982574809694341e-01
1.000000000000000000e+00,8.773332486280052134e-01
1.000000000000000000e+00,-7.537413097719390664e-02
1.000000000000000000e+00,-3.200364044826177201e-01
1.000000000000000000e+00,-9.815281249279909914e-02
1.000000000000000000e+00,1.272784180742281501e+00
1.000000000000000000e+00,1.539616157374626315e+00
1.000000000000000000e+00,5.538760560999060889e-01
1.000000000000000000e+00,2.439438783647334408e-01
1.000000000000000000e+00,1.030476125903478923e-01
1.000000000000000000e+00,-4.637340558384451805e-01
1.000000000000000000e+00,9.041690946075100488e-01
1.000000000000000000e+00,4.176251097719316796e-01
1.000000000000000000e+00,7.969124040539651288e-01
1.000000000000000000e+00,1.289757381610423304e+00
1.000000000000000000e+00,-1.838589775274571958e-01
1.000000000000000000e+00,9.736058049091701472e-01
1.000000000000000000e+00,3.301727533910744361e-01
1.000000000000000000e+00,5.684647644775335795e-01
1.000000000000000000e+00,6.474249958471720579e-01
1.000000000000000000e+00,8.632940231928541985e-01
1.000000000000000000e+00,-2.948247841845860751e-01
1.000000000000000000e+00,1.077282043370107467e-01
1.000000000000000000e+00,-1.484186526879442171e-03
1.000000000000000000e+00,3.561140428400975111e-01
1.000000000000000000e+00,-1.091326970904501065e-01
1.000000000000000000e+00,6.246522638761876633e-01
1.000000000000000000e+00,-1.271364440804057805e-01
1.000000000000000000e+00,7.538113530161913989e-01
1.000000000000000000e+00,6.438994656918864967e-01
1.000000000000000000e+00,6.284697466853643721e-01
1.000000000000000000e+00,5.225210048801291751e-02
1.000000000000000000e+00,1.354710260105379094e+00
1.000000000000000000e+00,7.457539697297624892e-01
1.000000000000000000e+00,5.170245767187897634e-01
1.000000000000000000e+00,-4.471955966950932337e-01
1.000000000000000000e+00,5.667823182522713221e-01
1.000000000000000000e+00,9.957351361261643774e-01
1.000000000000000000e+00,-5.114162562342201568e-01
1.000000000000000000e+00,2.759532783594800809e-01
1.000000000000000000e+00,-7.693018176268022756e-01
1.000000000000000000e+00,6.698654032543386316e-01
1.000000000000000000e+00,2.586456280901557325e-01
1.000000000000000000e+00,1.632857845638976180e+00
1.000000000000000000e+00,2.389131134203903439e-01
1.000000000000000000e+00,8.098301403280989685e-01
1.000000000000000000e+00,-7.736296863709474225e-01
1.000000000000000000e+00,1.511153110941337863e+00
1.000000000000000000e+00,-4.206291800934152669e-01
1.000000000000000000e+00,2.397613484963245223e-01
1.000000000000000000e+00,1.636440321435632006e+00
1.000000000000000000e+00,1.064346984562900333e+00
1.000000000000000000e+00,9.300292152692067882e-01
1.000000000000000000e+00,2.449408520561871250e-01
1.000000000000000000e+00,1.044719011891471538e+00
1.000000000000000000e+00,1.410730322319705632e+00
1.000000000000000000e+00,6.294888186854095125e-01
1.000000000000000000e+00,1.509012974747748537e+00
1.000000000000000000e+00,7.589475098938168740e-01
1.000000000000000000e+00,-3.599684730748798356e-01
1.000000000000000000e+00,1.443741795615580914e+00
1.000000000000000000e+00,4.170968752031009030e-01
1.000000000000000000e+00,1.301659445624295364e+00
1.000000000000000000e+00,-1.864857014775319344e-01
1.000000000000000000e+00,-4.877515175375915502e-01
1.000000000000000000e+00,-1.058642722562768701e-01
1.000000000000000000e+00,-1.619468046891214263e-01
1.000000000000000000e+00,7.895018212613096331e-01
1.000000000000000000e+00,2.326822403325411737e-01
1.000000000000000000e+00,1.851713018283501211e-01
1.000000000000000000e+00,9.269108039529718734e-01
1.000000000000000000e+00,7.450969700166391041e-01
1.000000000000000000e+00,6.678837799281456267e-01
1.000000000000000000e+00,6.492425817288206558e-01
1.000000000000000000e+00,5.210711169958665012e-01
1.000000000000000000e+00,1.026594574139208627e+00
1.000000000000000000e+00,1.178925014739789168e+00
1.000000000000000000e+00,-2.093009301958076440e-01
1.000000000000000000e+00,3.920229443662930913e-01
1.000000000000000000e+00,7.962248066827920523e-01
1.000000000000000000e+00,-7.765130906746614547e-01
1.000000000000000000e+00,-9.454356374534970964e-02
1.000000000000000000e+00,2.556054209022683654e+00
1.000000000000000000e+00,-1.945521102142082001e-02
1.000000000000000000e+00,-3.331347519327396145e-01
1.000000000000000000e+00,6.987576668352689646e-01
1.000000000000000000e+00,8.799901452686568204e-01
1.000000000000000000e+00,5.478997385283317367e-01
1.000000000000000000e+00,7.966480742858133013e-01
1.000000000000000000e+00,-1.421488450285274263e-01
1.000000000000000000e+00,-6.019198790705921898e-01
1.000000000000000000e+00,-4.817441773404945726e-01
1.000000000000000000e+00,8.380458556921520641e-01
1.000000000000000000e+00,1.507161391468266887e+00
1.000000000000000000e+00,1.251622075493636910e+00
1.000000000000000000e+00,1.596782356863398755e+00
1.000000000000000000e+00,-2.773654205274318496e-01
1.000000000000000000e+00,4.555793797452570848e-01
1.000000000000000000e+00,5.556651691608694987e-01
1.000000000000000000e+00,9.308001062650708146e-01
1.000000000000000000e+00,5.343912974668489912e-01
1.000000000000000000e+00,4.829511097081050641e-01
1.000000000000000000e+00,4.264682579157765274e-01
1.000000000000000000e+00,1.902611473647597196e+00
1.000000000000000000e+00,7.304228431769561602e-01
1.000000000000000000e+00,-5.074726592189045260e-02
1.000000000000000000e+00,1.522891987445611273e+00
1.000000000000000000e+00,1.462663796181185027e-01
1.000000000000000000e+00,3.687045541600884602e-01
1.000000000000000000e+00,-4.514520709037890267e-01
1.000000000000000000e+00,1.355699584382320522e+00
1.000000000000000000e+00,1.381543556280046436e+00
1.000000000000000000e+00,7.545421204257974539e-04
1.000000000000000000e+00,1.499052749553555879e-02
1.000000000000000000e+00,9.122405018205450578e-01
1.000000000000000000e+00,3.354648733312589615e-01
1.000000000000000000e+00,1.231409246446163730e-01
1.000000000000000000e+00,8.387530015670791039e-01
1.000000000000000000e+00,6.697281387605876768e-01
1.000000000000000000e+00,1.153018572623544902e+00
1.000000000000000000e+00,2.831987289054931356e+00
1.000000000000000000e+00,1.173709813912201749e+00
1.000000000000000000e+00,7.725026973773201355e-01
1.000000000000000000e+00,7.080742287439388827e-01
1.000000000000000000e+00,4.240900388040396568e-02
1.000000000000000000e+00,-5.328304683276181841e-02
1.000000000000000000e+00,-5.561313337341171614e-01
1.000000000000000000e+00,4.431218832442878619e-01
1.000000000000000000e+00,7.169896213581788968e-01
1.000000000000000000e+00,-5.032313827059173850e-01
1.000000000000000000e+00,-1.082955111688116562e-01
1.000000000000000000e+00,1.116158168925497352e+00
1.000000000000000000e+00,8.239127124454872497e-01
1.000000000000000000e+00,-5.418694253431597385e-01
1.000000000000000000e+00,-5.418694253431597385e-01
1.000000000000000000e+00,-5.697941391215836232e-02
1.000000000000000000e+00,-8.514314564094251914e-01
1.000000000000000000e+00,1.014125603516470742e+00
1.000000000000000000e+00,4.896808946091539827e-01
1.000000000000000000e+00,1.499840476812396073e+00
1.000000000000000000e+00,1.218167259990197288e-01
1.000000000000000000e+00,1.198781194944172235e+00
1.000000000000000000e+00,3.152024242227711159e-01
1.000000000000000000e+00,9.941325837858097092e-01
1.000000000000000000e+00,1.101631930766387990e+00
1.000000000000000000e+00,1.791175390433893955e-02
1.000000000000000000e+00,8.959808213394240273e-01
1.000000000000000000e+00,4.223731702134714966e-02
1.000000000000000000e+00,1.225689184260755904e-01
1.000000000000000000e+00,6.940906740477393866e-01
1.000000000000000000e+00,6.652506814659772116e-01
1.000000000000000000e+00,1.142804904379555841e+00
1.000000000000000000e+00,-9.468260298915519568e-01
1.000000000000000000e+00,3.632543463199803258e-01
1.000000000000000000e+00,-1.349291737645261224e-02
1.000000000000000000e+00,-4.711055416235926385e-01
1.000000000000000000e+00,7.180775380888358983e-01
1.000000000000000000e+00,1.242860096137118564e+00
1.000000000000000000e+00,-1.909597590323590943e-01
1.000000000000000000e+00,-1.558829438181270344e-01
1.000000000000000000e+00,4.257245648381789427e-01
1.000000000000000000e+00,3.597560140829612063e-01
1.000000000000000000e+00,-1.243142350927911033e-01
1.000000000000000000e+00,4.101851030903290452e-02
1.000000000000000000e+00,-3.149886408393581250e-01
1.000000000000000000e+00,1.039706419415147576e-01
1.000000000000000000e+00,4.644922225546596617e-01
1.000000000000000000e+00,1.057867080535924265e+00
1.000000000000000000e+00,7.368738494157741625e-01
1.000000000000000000e+00,1.585504995034708653e+00
1.000000000000000000e+00,1.216654375786627301e-01
1.000000000000000000e+00,2.681682992231883556e-01
1.000000000000000000e+00,7.504065136232130895e-01
1.000000000000000000e+00,8.380458556921520641e-01
1.000000000000000000e+00,1.020075998072197399e+00
1.000000000000000000e+00,2.116123530255188123e-01
1.000000000000000000e+00,1.111498825552480030e+00
1.000000000000000000e+00,-4.929764926170558392e-01
1.000000000000000000e+00,1.431774711578353010e+00
1.000000000000000000e+00,1.679906419532637862e+00
1.000000000000000000e+00,2.516127402476036820e-02
1.000000000000000000e+00,-2.773046501788052898e-01
1.000000000000000000e+00,1.165307357037767666e+00
1.000000000000000000e+00,-2.754721904356048356e-01
1.000000000000000000e+00,-4.333582308095758062e-01
1.000000000000000000e+00,-5.355153116881657960e-01
1.000000000000000000e+00,5.417729824713463094e-01
1.000000000000000000e+00,1.871859977372672734e+00
1.000000000000000000e+00,2.513353376211077683e-01
1.000000000000000000e+00,8.824124598642604234e-01
1.000000000000000000e+00,6.785075417834955935e-01
1.000000000000000000e+00,8.825654481545091024e-01
1.000000000000000000e+00,-1.174416611208434352e-01
1.000000000000000000e+00,1.462175083587335112e-01
1.000000000000000000e+00,1.274390132822419419e+00
1.000000000000000000e+00,-2.271896121339201172e-02
1.000000000000000000e+00,9.654910510138979829e-01
1.000000000000000000e+00,8.161383574960183740e-01
1.000000000000000000e+00,4.873185004272311271e-01
1.000000000000000000e+00,8.528882696511085326e-01
1.000000000000000000e+00,-1.360424874102417470e-01
1.000000000000000000e+00,-7.842199769292534928e-02
1.000000000000000000e+00,4.888466834598259592e-01
1.000000000000000000e+00,6.519882965713109657e-01
1.000000000000000000e+00,-1.060988441879931798e+00
1.000000000000000000e+00,1.505134296622472334e+00
1.000000000000000000e+00,1.200217585002617771e+00
1.000000000000000000e+00,8.652471736983619044e-01
1.000000000000000000e+00,-1.127202724967809461e-01
1.000000000000000000e+00,3.678418701900752485e-01
1.000000000000000000e+00,4.639189414337001605e-01
1.000000000000000000e+00,1.110286818319732527e+00
1.000000000000000000e+00,8.640631131855103231e-02
1.000000000000000000e+00,8.530663310222590390e-01
1.000000000000000000e+00,1.178085703980786159e+00
1.000000000000000000e+00,1.290374434381092783e+00
1.000000000000000000e+00,6.409714398035165628e-01
1.000000000000000000e+00,5.405261279058197754e-01
1.000000000000000000e+00,1.254720513338644983e+00
1.000000000000000000e+00,6.167787903722138365e-02
1.000000000000000000e+00,8.698317227961465115e-01
1.000000000000000000e+00,9.275627040564202730e-01
1.000000000000000000e+00,2.768363607681931238e-01
1.000000000000000000e+00,-9.026839096784577965e-02
1.000000000000000000e+00,3.626142441724572452e-02
1.000000000000000000e+00,9.088144140539211602e-01
1.000000000000000000e+00,-6.759356138928888091e-01
1.000000000000000000e+00,1.665645361076626418e+00
1.000000000000000000e+00,1.333965047947662352e+00
1.000000000000000000e+00,1.785579580148793089e-01
1.000000000000000000e+00,-7.480874413789895261e-01
1.000000000000000000e+00,8.246024346540248295e-01
1.000000000000000000e+00,8.222965611459993607e-01
1.000000000000000000e+00,6.885388989816050298e-01
1.000000000000000000e+00,-5.784378763873160301e-01
1.000000000000000000e+00,6.375878487841839526e-01
1.000000000000000000e+00,1.584216493656836811e+00
1.000000000000000000e+00,5.994729411060973900e-01
1.000000000000000000e+00,2.227294272367577044e+00
1.000000000000000000e+00,2.068970090529032912e+00
1.000000000000000000e+00,3.097186439523028634e-01
1.000000000000000000e+00,-1.166206239631756847e-01
1.000000000000000000e+00,7.948058402907357545e-01
1.000000000000000000e+00,9.638451519913062704e-01
1.000000000000000000e+00,4.174376991163770700e-01
1.000000000000000000e+00,4.098384307657483294e-01
1.000000000000000000e+00,9.765427551144713059e-01
1.000000000000000000e+00,1.420688585112473978e+00
1.000000000000000000e+00,1.135722821443462038e+00
1.000000000000000000e+00,-4.632827403822116774e-01
1.000000000000000000e+00,-2.516825113019398041e-01
1.000000000000000000e+00,-1.195604538339610334e+00
1.000000000000000000e+00,5.213541453328265352e-01
1.000000000000000000e+00,-7.311712872855341550e-02
1.000000000000000000e+00,-1.499380738395482693e-01
1.000000000000000000e+00,4.099353233495724447e-01
1.000000000000000000e+00,-2.988221293681211921e-02
1.000000000000000000e+00,4.716219018477196268e-01
1.000000000000000000e+00,-5.561810549284479377e-01
1.000000000000000000e+00,8.896636798545735081e-01
1.000000000000000000e+00,6.529563724746065834e-01
1.000000000000000000e+00,3.050431518153149946e-01
1.000000000000000000e+00,6.130298284594922764e-01
1.000000000000000000e+00,3.009991613430756385e-01
1.000000000000000000e+00,1.043856752888931316e+00
1.000000000000000000e+00,4.770282369048015753e-02
1.000000000000000000e+00,1.055188085586681312e+00
1.000000000000000000e+00,-1.153050845406948355e+00
1.000000000000000000e+00,-6.773756662226503369e-03
1.000000000000000000e+00,3.615221789003872921e-01
1.000000000000000000e+00,2.520416335610890513e-01
1.000000000000000000e+00,1.172612122929667766e+00
1.000000000000000000e+00,-8.088951871431527829e-01
1.000000000000000000e+00,1.794316911391882763e-01
1.000000000000000000e+00,2.285396574065860775e-01
1.000000000000000000e+00,7.406433109005117199e-01
1.000000000000000000e+00,3.264240141791933947e-02
1.000000000000000000e+00,-1.645144581604612855e-01
1.000000000000000000e+00,-4.678294673749069377e-01
1.000000000000000000e+00,6.351217625388702048e-01
1.000000000000000000e+00,1.729738955341352247e+00
1.000000000000000000e+00,4.112177740495074479e-02
1.000000000000000000e+00,-7.083887810626728065e-02
1.000000000000000000e+00,3.264240141791933947e-02
1.000000000000000000e+00,5.636911048543028491e-01
1.000000000000000000e+00,-1.951146660150286927e-01
1.000000000000000000e+00,1.662951067298358510e+00
1.000000000000000000e+00,-6.596117633233579136e-01
1.000000000000000000e+00,9.598619318676935297e-01
1.000000000000000000e+00,-7.665561027843118547e-01
1.000000000000000000e+00,8.180698346604075022e-01
1.000000000000000000e+00,9.776601570366996036e-03
1.000000000000000000e+00,-3.331347519327396145e-01
1.000000000000000000e+00,3.029846093765248272e-01
1.000000000000000000e+00,1.250360347066558520e+00
1.000000000000000000e+00,-5.797671746425876460e-01
1.000000000000000000e+00,-7.338667548329046442e-01
1.000000000000000000e+00,-1.603174793979733337e-01
1.000000000000000000e+00,2.605337585723078164e-01
1.000000000000000000e+00,-7.225456213545045081e-01
1.000000000000000000e+00,2.244973668042384018e-01
1.000000000000000000e+00,4.907747608844318377e-01
1.000000000000000000e+00,-2.018573010735812134e-02
1.000000000000000000e+00,-9.209745097126297020e-02
1.000000000000000000e+00,4.993221316671292986e-01
1.000000000000000000e+00,-2.913341013620793785e-01
1.000000000000000000e+00,1.100426298045733997e+00
1.000000000000000000e+00,-4.348124695018837915e-01
1.000000000000000000e+00,1.113399280091346588e+00
1.000000000000000000e+00,4.070361952493605773e-01
1.000000000000000000e+00,1.717377501489261382e+00
1.000000000000000000e+00,1.596320316087026236e-01
1.000000000000000000e+00,1.861555366089480357e+00
1.000000000000000000e+00,6.593019867801422906e-01
1.000000000000000000e+00,7.592023892442484323e-02
1.000000000000000000e+00,6.632660833674739465e-01
1.000000000000000000e+00,1.684560663295980198e+00
1.000000000000000000e+00,1.860769075131275263e-01
1.000000000000000000e+00,4.781596014510119397e-01
1.000000000000000000e+00,9.927220156098955084e-02
1.000000000000000000e+00,-1.249849086452106572e+00
1.000000000000000000e+00,-7.275572627625664923e-01
1.000000000000000000e+00,7.293408759909199013e-01
1.000000000000000000e+00,-1.018190068816188232e-01
1.000000000000000000e+00,3.661092778030092809e-01
1.000000000000000000e+00,1.451011188073912939e-01
1.000000000000000000e+00,1.005083570595302733e+00
1.000000000000000000e+00,1.625359294579427738e+00
1.000000000000000000e+00,-6.092135958081965619e-01
1.000000000000000000e+00,1.503073204378844618e+00
1.000000000000000000e+00,2.808302050786286586e-01
1.000000000000000000e+00,3.861770918089029725e-01
1.000000000000000000e+00,6.487462197204583170e-01
1.000000000000000000e+00,9.269108039529718734e-01
1.000000000000000000e+00,-4.603360159250335371e-01
1.000000000000000000e+00,1.696477601171404226e+00
1.000000000000000000e+00,1.254744210383811898e-01
1.000000000000000000e+00,1.853448686576193660e+00
1.000000000000000000e+00,-3.504339028526056721e-01
1.000000000000000000e+00,4.968598701290719011e-01
1.000000000000000000e+00,-4.053290761661315633e-01
1.000000000000000000e+00,2.327091933836554549e+00
1.000000000000000000e+00,7.309897497858219850e-01
1.000000000000000000e+00,-8.487494866878718680e-01
1.000000000000000000e+00,1.476902857461921403e+00
1.000000000000000000e+00,1.630928068344478676e+00
1.000000000000000000e+00,8.376765589581907090e-01
1.000000000000000000e+00,7.804848614210434521e-01
1.000000000000000000e+00,-4.711055416235926385e-01
1.000000000000000000e+00,3.941928282829864072e-01
1.000000000000000000e+00,1.051100748432204801e+00
1.000000000000000000e+00,6.219728439594717218e-01
1.000000000000000000e+00,-1.369060961953637579e+00
1.000000000000000000e+00,6.766597832112702937e-01
1.000000000000000000e+00,-2.050623046209742173e-01
1.000000000000000000e+00,-9.047776232841835409e-01
1.000000000000000000e+00,4.450873578065100977e-01
1.000000000000000000e+00,7.729297896875976237e-01
1.000000000000000000e+00,4.098384307657483294e-01
1.000000000000000000e+00,1.060458957153220139e+00
1.000000000000000000e+00,-1.191331327963530452e-02
1.000000000000000000e+00,1.416862602953838923e+00
1.000000000000000000e+00,1.180145420188678795e-01
1.000000000000000000e+00,2.249117202036601260e+00
1.000000000000000000e+00,1.119376447597866697e+00
1.000000000000000000e+00,4.158551202472493546e-01
1.000000000000000000e+00,2.506345662582743494e-01
1.000000000000000000e+00,9.890045012901695909e-01
1.000000000000000000e+00,1.726478604889164492e+00
1.000000000000000000e+00,1.122759613649726429e+00
1.000000000000000000e+00,7.035868960641351866e-02
1.000000000000000000e+00,3.317515075529459123e-01
1.000000000000000000e+00,-1.516058910704106699e+00
1.000000000000000000e+00,-6.245510968730965118e-01
1.000000000000000000e+00,3.779539712080380864e-01
1.000000000000000000e+00,7.504065136232130895e-01
1.000000000000000000e+00,7.972353793333789573e-01
1.000000000000000000e+00,1.112037684308133656e+00
1.000000000000000000e+00,1.412600179200522277e+00
1.000000000000000000e+00,1.114295111524246984e+00
1.000000000000000000e+00,2.351803792386440772e+00
1.000000000000000000e+00,-4.293839350028942348e-01
1.000000000000000000e+00,5.783724561410252818e-01
1.000000000000000000e+00,2.531466440974888155e+00
1.000000000000000000e+00,9.365609653278783586e-01
1.000000000000000000e+00,1.604934082928814343e+00
1.000000000000000000e+00,6.408701964116469973e-02
1.000000000000000000e+00,1.361882759979887170e-01
1.000000000000000000e+00,2.515853136020067549e+00
1.000000000000000000e+00,5.688094130980659857e-01
1.000000000000000000e+00,1.496769236885654442e+00
1.000000000000000000e+00,9.872498105945121116e-01
1.000000000000000000e+00,3.113207713251845421e-01
1.000000000000000000e+00,3.354980207941461456e-01
1.000000000000000000e+00,3.849604099339533070e-01
1.000000000000000000e+00,2.045485436907603372e-01
1.000000000000000000e+00,-1.558829438181270344e-01
1.000000000000000000e+00,-4.272620724106400147e-01
1.000000000000000000e+00,-8.795417798401958809e-01
1.000000000000000000e+00,1.223667290157952392e+00
1.000000000000000000e+00,1.496769236885654442e+00
1.000000000000000000e+00,4.280533865897417356e-01
1.000000000000000000e+00,5.268438751479155302e-01
1.000000000000000000e+00,-5.640531523966867411e-01
1.000000000000000000e+00,1.300891529400741708e+00
1.000000000000000000e+00,6.300000545553238185e-01
1.000000000000000000e+00,1.352491929896773692e+00
1.000000000000000000e+00,-2.987463840246264435e-01
1.000000000000000000e+00,1.287997915139247607e-01
1.000000000000000000e+00,-6.559787163974254431e-01
1.000000000000000000e+00,6.337180949758388637e-01
1.000000000000000000e+00,5.216728709375112460e-01
1.000000000000000000e+00,1.355334011222299184e-01
1.000000000000000000e+00,1.162157923096009959e+00
1.000000000000000000e+00,-4.471955966950932337e-01
1.000000000000000000e+00,-1.833728147384448282e-01
1.000000000000000000e+00,-2.792906243130435784e-02
1.000000000000000000e+00,1.099152670529414122e+00
1.000000000000000000e+00,-1.087099718318120134e+00
1.000000000000000000e+00,5.986480792411734697e-01
1.000000000000000000e+00,2.265712080720534427e-01
1.000000000000000000e+00,9.509222149741811125e-02
1.000000000000000000e+00,2.596132790259784717e-01
1.000000000000000000e+00,9.999729117660519639e-01
1.000000000000000000e+00,9.965042261188204742e-02
1.000000000000000000e+00,6.909271150460594146e-02
1.000000000000000000e+00,6.778960135899739781e-01
1.000000000000000000e+00,1.142273270070941704e+00
1.000000000000000000e+00,8.839750652621611859e-01
1.000000000000000000e+00,1.416243425345804718e+00
1.000000000000000000e+00,2.388604174537491409e-01
1.000000000000000000e+00,6.899199421352557315e-02
1.000000000000000000e+00,3.699084870108507728e-01
1.000000000000000000e+00,-7.257367021086076342e-01
1.000000000000000000e+00,1.687554134175178744e+00
1.000000000000000000e+00,1.162172796957561927e+00
1.000000000000000000e+00,3.292208262517494766e-01
1.000000000000000000e+00,-3.440181689140393573e-01
1.000000000000000000e+00,1.680436778938833253e+00
1.000000000000000000e+00,9.174857742053929566e-02
1.000000000000000000e+00,1.177645012711375339e+00
1.000000000000000000e+00,4.649269642794495727e-01
1.000000000000000000e+00,1.676118684446565199e+00
1.000000000000000000e+00,1.265956653322462655e+00
1.000000000000000000e+00,1.197839891991669958e+00
1.000000000000000000e+00,-7.450974713728904242e-02
1.000000000000000000e+00,-9.228783639912795100e-02
1.000000000000000000e+00,1.301659445624295364e+00
1.000000000000000000e+00,-3.302612230142186467e-02
1.000000000000000000e+00,-7.949422301050029782e-01
1.000000000000000000e+00,1.675688192396504350e+00
1.000000000000000000e+00,2.173337852201715936e+00
1.000000000000000000e+00,-4.483867805216681379e-01
1.000000000000000000e+00,8.073044575032613246e-02
1.000000000000000000e+00,3.362136660185315318e-01
1.000000000000000000e+00,8.607301944287705231e-01
1.000000000000000000e+00,1.851272003179933678e+00
1.000000000000000000e+00,1.839761334208614540e+00
1.000000000000000000e+00,-9.676189395395513870e-02
1.000000000000000000e+00,1.173348166592752984e+00
1.000000000000000000e+00,1.976078150494890329e+00
1.000000000000000000e+00,5.539079286603746377e-01
1.000000000000000000e+00,1.895079937561101879e-02
1.000000000000000000e+00,1.647176173570514823e-01
1.000000000000000000e+00,1.338967765038793223e+00
1.000000000000000000e+00,6.782843327269001688e-02
1.000000000000000000e+00,1.046633389223628058e-01
1.000000000000000000e+00,2.036352137113075056e+00
1.000000000000000000e+00,-3.613432428497531101e-01
1.000000000000000000e+00,1.546368040584266579e+00
1.000000000000000000e+00,1.553542341461982446e+00
1.000000000000000000e+00,1.479578027703908338e+00
1.000000000000000000e+00,1.804129410341441808e-01
1.000000000000000000e+00,1.056909102718662369e-01
1.000000000000000000e+00,5.350754950982387070e-01
1.000000000000000000e+00,-2.527751026747989127e-01
1.000000000000000000e+00,6.907189821176482614e-01
1.000000000000000000e+00,3.092014585377678704e-01
1.000000000000000000e+00,2.583868228991517690e-01
1.000000000000000000e+00,2.478272311322116672e-01
1.000000000000000000e+00,-1.691610525092910877e-01
1.000000000000000000e+00,6.456112346727796991e-01
1.000000000000000000e+00,5.126440120080033580e-01
1.000000000000000000e+00,6.012199823872423909e-01
1.000000000000000000e+00,1.598096680123802238e-01
1.000000000000000000e+00,4.626090905488663280e-02
1.000000000000000000e+00,7.733318089169732845e-01
1.000000000000000000e+00,-1.636857715882810982e-01
1.000000000000000000e+00,1.294961533283714772e+00
1.000000000000000000e+00,9.891999863277095573e-01
1.000000000000000000e+00,1.056746866277325836e+00
1.000000000000000000e+00,8.864279775158145913e-01
1.000000000000000000e+00,1.578438635895112796e+00
1.000000000000000000e+00,-6.604880462525043461e-01
1.000000000000000000e+00,4.079995965104541433e-01
1.000000000000000000e+00,1.212432000109080921e+00
1.000000000000000000e+00,3.691686186405093717e-01
1.000000000000000000e+00,1.585570440025537264e+00
1.000000000000000000e+00,2.674675278603549922e-01
1.000000000000000000e+00,1.100849990616228125e+00
1.000000000000000000e+00,-9.158769237417230258e-01
1.000000000000000000e+00,1.002481069791183899e+00
1.000000000000000000e+00,8.059446627232562665e-01
1.000000000000000000e+00,7.607621210031549897e-01
1.000000000000000000e+00,4.866721249009305361e-01
1.000000000000000000e+00,7.149850497884486789e-01
1.000000000000000000e+00,-5.114162562342201568e-01
1.000000000000000000e+00,1.109020840217924908e+00
1.000000000000000000e+00,2.587836676386894741e+00
1.000000000000000000e+00,-2.945213574089262654e-01
1.000000000000000000e+00,-2.854602009514770611e-01
1.000000000000000000e+00,5.546422724535681192e-01
1.000000000000000000e+00,-1.127807777515921206e+00
1.000000000000000000e+00,4.938357004585073456e-02
1.000000000000000000e+00,5.814309470435795602e-01
1.000000000000000000e+00,1.630080683203490199e+00
1.000000000000000000e+00,7.149565769677634908e-01
1.000000000000000000e+00,1.090638872177076779e+00
1.000000000000000000e+00,-1.406917326972252635e-02
1.000000000000000000e+00,1.160740231606372408e+00
1.000000000000000000e+00,6.757257047058077282e-01
1.000000000000000000e+00,1.399619547740397429e+00
1.000000000000000000e+00,1.425409548769063450e+00
1.000000000000000000e+00,1.133055725583460571e+00
1.000000000000000000e+00,-3.030241066069678801e-01
1.000000000000000000e+00,-1.313000102861911600e+00
1.000000000000000000e+00,1.666645734507863352e+00
1.000000000000000000e+00,2.071442450153124226e-01
1.000000000000000000e+00,6.461152460956545163e-01
1.000000000000000000e+00,1.270025291908130738e+00
1.000000000000000000e+00,1.033769623818554112e-01
1.000000000000000000e+00,1.734974554607639385e+00
1.000000000000000000e+00,-3.240056006796243615e-01
1.000000000000000000e+00,1.392342829701709528e+00
1.000000000000000000e+00,1.132387676716041458e+00
1.000000000000000000e+00,6.450596268929388311e-01
1.000000000000000000e+00,1.530639144476813707e+00
1.000000000000000000e+00,-2.223491314841258004e-01
1.000000000000000000e+00,5.512318073501257243e-02
1.000000000000000000e+00,2.179942696665728707e+00
1.000000000000000000e+00,-1.898335952291398676e-01
1.000000000000000000e+00,9.314116344585925411e-01
1.000000000000000000e+00,2.638089080058847014e+00
1.000000000000000000e+00,1.379092343896284767e+00
1.000000000000000000e+00,1.017701603667716809e-01
1.000000000000000000e+00,2.623006721913635070e-02
1.000000000000000000e+00,3.732129329469054124e-02
1.000000000000000000e+00,1.672440489835187727e-01
1.000000000000000000e+00,8.377420039490193204e-01
1.000000000000000000e+00,1.517578093030992059e-01
1.000000000000000000e+00,-1.127610693741805808e-01
1.000000000000000000e+00,6.045903994149147698e-01
1.000000000000000000e+00,1.010316620056752379e+00
1.000000000000000000e+00,2.608665081035986266e-01
1.000000000000000000e+00,1.066329882791511974e+00
1.000000000000000000e+00,5.747245353535408441e-01
1.000000000000000000e+00,1.637516662911204235e-01
1.000000000000000000e+00,-5.506076065211950032e-01
1.000000000000000000e+00,7.364216840245948470e-01
1.000000000000000000e+00,4.283372648616475264e-01
1.000000000000000000e+00,-3.556248805342369090e-01
1.000000000000000000e+00,-5.625334687135502554e-01
1.000000000000000000e+00,-3.331644996558434935e-01
1.000000000000000000e+00,1.561968596514899721e+00
1.000000000000000000e+00,-3.274134148449130421e-01
1.000000000000000000e+00,1.077979091159000813e+00
1.000000000000000000e+00,1.265956653322462655e+00
1.000000000000000000e+00,7.709179936708279168e-01
1.000000000000000000e+00,-1.164768048570103298e+00
1.000000000000000000e+00,1.039839960334958402e+00
1.000000000000000000e+00,7.331592087350423670e-01
1.000000000000000000e+00,6.130056053135363170e-01
1.000000000000000000e+00,-3.424661877029613888e-01
1.000000000000000000e+00,9.434077787199186826e-03
1.000000000000000000e+00,1.267166110750372665e+00
1.000000000000000000e+00,8.081179463797328877e-01
1.000000000000000000e+00,9.110942634127827677e-02
1.000000000000000000e+00,-5.884484101792527566e-01
1.000000000000000000e+00,4.488627688358684531e-01
1.000000000000000000e+00,8.909475065902434654e-01
1.000000000000000000e+00,1.140319269630488241e+00
1.000000000000000000e+00,1.702892060207551683e+00
1.000000000000000000e+00,9.801727261347771558e-02
1.000000000000000000e+00,-6.290736007198357571e-01
1.000000000000000000e+00,7.954611401339675147e-01
1.000000000000000000e+00,1.834603079022397498e+00
1.000000000000000000e+00,1.002500618294937862e+00
1.000000000000000000e+00,3.950533874156350600e-01
1.000000000000000000e+00,2.433191761795514552e-01
1.000000000000000000e+00,1.206722562110495778e+00
1.000000000000000000e+00,-3.121161232539993238e-03
1.000000000000000000e+00,5.489141358861748810e-01
1.000000000000000000e+00,3.084798637687617417e-01
1.000000000000000000e+00,-2.390231552513369384e-01
1.000000000000000000e+00,-8.458155112548810806e-01
1.000000000000000000e+00,6.083925833950666329e-01
1.000000000000000000e+00,-8.471346102908027254e-01
1.000000000000000000e+00,9.941865546548697141e-01
1.000000000000000000e+00,8.309828962923393458e-01
1.000000000000000000e+00,1.607692445662175784e-01
1.000000000000000000e+00,1.253064415096703410e+00
1.000000000000000000e+00,4.144663265457699808e-01
1.000000000000000000e+00,5.043493957383728826e-02
1.000000000000000000e+00,2.525307711224117901e-01
1.000000000000000000e+00,2.291405614132849267e-01
1.000000000000000000e+00,8.634096143454864647e-01
1.000000000000000000e+00,6.805741586042711733e-01
1.000000000000000000e+00,1.620679451634394475e-01
1.000000000000000000e+00,9.431012147360080533e-01
1.000000000000000000e+00,-1.102079821738300325e+00
1.000000000000000000e+00,-9.133827896431971904e-01
1.000000000000000000e+00,8.636118988625930415e-01
1.000000000000000000e+00,1.670460141411413413e-01
1.000000000000000000e+00,2.771236387798822198e-01
1.000000000000000000e+00,-3.712288362046533563e-01
1.000000000000000000e+00,6.891755002560285837e-01
1.000000000000000000e+00,-2.152130776789721034e-01
1.000000000000000000e+00,2.113344242982337640e-01
1.000000000000000000e+00,1.030840849128554559e+00
1.000000000000000000e+00,1.462663796181185027e-01
1.000000000000000000e+00,2.186277160683652299e-01
1.000000000000000000e+00,-4.032706348606576036e-02
1.000000000000000000e+00,-1.008146286428048155e+00
1.000000000000000000e+00,2.532403656688601498e-02
1.000000000000000000e+00,1.193340660222624722e-01
1.000000000000000000e+00,-6.392235238428878308e-01
1.000000000000000000e+00,-2.623343210105020251e-01
1.000000000000000000e+00,3.443288448812765190e-01
1.000000000000000000e+00,2.996341658200794011e-01
1.000000000000000000e+00,3.975543209937275613e-01
1.000000000000000000e+00,5.102089483882124021e-01
1.000000000000000000e+00,6.290918990657088372e-01
1.000000000000000000e+00,-2.956789688051410514e-01
1.000000000000000000e+00,-3.354805723832188780e-01
1.000000000000000000e+00,1.801038298076789612e+00
1.000000000000000000e+00,1.543368620160447291e+00
1.000000000000000000e+00,1.051100748432204801e+00
1.000000000000000000e+00,9.063925244257904357e-01
1.000000000000000000e+00,4.075168334612250809e-01
1.000000000000000000e+00,7.386893104600581461e-01
1.000000000000000000e+00,-6.644177204745300713e-01
1.000000000000000000e+00,4.978381452517174344e-01
1.000000000000000000e+00,9.187896755456059772e-01
1.000000000000000000e+00,-4.862569069353567808e-01
1.000000000000000000e+00,9.679673364785614798e-01
1.000000000000000000e+00,-3.660986288716486237e-01
1.000000000000000000e+00,9.941325837858097092e-01
1.000000000000000000e+00,-1.795676559859825661e-01
1.000000000000000000e+00,-5.454230033516574982e-01
1.000000000000000000e+00,-5.921600760876740699e-01
1.000000000000000000e+00,1.610387690508705782e+00
1.000000000000000000e+00,3.822363684325815192e-01
1.000000000000000000e+00,3.128978256171643935e-01
1.000000000000000000e+00,9.091497133900494632e-01
1.000000000000000000e+00,4.376007058362032520e-01
1.000000000000000000e+00,1.064965312235988781e+00
1.000000000000000000e+00,4.944405303057786694e-01
1.000000000000000000e+00,-1.461431143064359228e-01
1.000000000000000000e+00,7.690846839926815948e-01
1.000000000000000000e+00,-9.574264185358917212e-01
1.000000000000000000e+00,-2.082912074801665514e-01
1.000000000000000000e+00,7.773898233158186288e-01
1.000000000000000000e+00,-2.806334203941321936e-01
1.000000000000000000e+00,1.335370840348058197e+00
1.000000000000000000e+00,1.657700169203046414e+00
1.000000000000000000e+00,4.450333869374501483e-01
1.000000000000000000e+00,8.888345683149204701e-01
1.000000000000000000e+00,1.024553880334280853e+00
1.000000000000000000e+00,-7.196504190948650737e-02
1.000000000000000000e+00,5.118297743299022873e-01
1.000000000000000000e+00,2.011433744371353249e+00
1.000000000000000000e+00,1.375088300366499316e+00
1.000000000000000000e+00,7.633233999624011723e-01
1.000000000000000000e+00,1.403322714299360507e+00
1.000000000000000000e+00,-1.834374097943275717e-01
1.000000000000000000e+00,1.044751309419412966e+00
1.000000000000000000e+00,7.431965154777725457e-01
1.000000000000000000e+00,2.023630310843953950e+00
1.000000000000000000e+00,1.804426887572480875e-01
1.000000000000000000e+00,-7.984001904320954246e-01
1.000000000000000000e+00,3.823468599755389108e-01
1.000000000000000000e+00,1.261126897992807194e+00
1.000000000000000000e+00,9.072288604124830735e-01
1.000000000000000000e+00,1.179272638132631945e+00
1.000000000000000000e+00,6.607987222197415633e-01
1.000000000000000000e+00,2.495785220880857858e-01
1.000000000000000000e+00,5.967641984337505034e-01
1.000000000000000000e+00,-1.096063557224272289e+00
1.000000000000000000e+00,-6.048157085643370012e-02
1.000000000000000000e+00,1.315917954275469537e+00
1.000000000000000000e+00,7.379455162491443954e-02
1.000000000000000000e+00,1.373258390428136355e+00
1.000000000000000000e+00,3.908840315388864561e-01
1.000000000000000000e+00,6.592416413989885537e-01
1.000000000000000000e+00,-9.195041222563510308e-02
1.000000000000000000e+00,1.257557596187811599e+00
1.000000000000000000e+00,8.037577801076463135e-01
1.000000000000000000e+00,7.480054474012550747e-01
1.000000000000000000e+00,1.418207200038135385e+00
1.000000000000000000e+00,-2.337884059199956677e-01
1.000000000000000000e+00,1.360850089020708698e-01
1.000000000000000000e+00,9.856982543509070771e-01
1.000000000000000000e+00,1.185932728368123135e+00
1.000000000000000000e+00,3.417008460287830895e-01
1.000000000000000000e+00,5.979957541702520807e-01
1.000000000000000000e+00,-5.703486205404186826e-01
1.000000000000000000e+00,3.014190292063136378e-01
1.000000000000000000e+00,-1.001367205300141450e+00
1.000000000000000000e+00,-7.648290349743938066e-01
1.000000000000000000e+00,-5.185429607549697506e-01
1.000000000000000000e+00,2.558291237800097484e+00
1.000000000000000000e+00,3.581649358643752556e-01
1.000000000000000000e+00,-9.245952325818478090e-02
1.000000000000000000e+00,3.092418304476945989e-01
1.000000000000000000e+00,4.621697753151906007e-01
1.000000000000000000e+00,4.804204284069086284e-01
1.000000000000000000e+00,1.712905143804325903e+00
1.000000000000000000e+00,2.093927479144946646e-01
1.000000000000000000e+00,1.174591196451023167e+00
1.000000000000000000e+00,-3.362833359395513977e-01
1.000000000000000000e+00,3.886894995087641358e-01
1.000000000000000000e+00,3.626351687119462319e-01
1.000000000000000000e+00,6.678837799281456267e-01
1.000000000000000000e+00,2.317335530593419790e+00
1.000000000000000000e+00,-9.863756277581924303e-01
1.000000000000000000e+00,-1.536854370156943705e-01
1.000000000000000000e+00,7.194977793833109425e-01
1.000000000000000000e+00,1.158950268610463352e+00
1.000000000000000000e+00,1.208125379738581362e+00
1.000000000000000000e+00,9.816313156351305080e-01
1.000000000000000000e+00,-7.729675870481490518e-01
1.000000000000000000e+00,-9.381660427285325454e-01
1.000000000000000000e+00,1.374130322549237393e-01
1.000000000000000000e+00,-1.661752310446049374e-01
1.000000000000000000e+00,1.045540474016612320e+00
1.000000000000000000e+00,-4.549423287588227893e-01
1.000000000000000000e+00,-6.393739623282990170e-01
1.000000000000000000e+00,5.873294955676108264e-01
1.000000000000000000e+00,9.063967741005195533e-01
1.000000000000000000e+00,1.002482769661075634e+00
1.000000000000000000e+00,-9.539119375349018881e-01
1.000000000000000000e+00,-3.198665186267687921e-02
1.000000000000000000e+00,1.204999743975306847e+00
1.000000000000000000e+00,-7.068545473521409273e-01
1.000000000000000000e+00,-3.416451505452936521e-01
1.000000000000000000e+00,1.029987413309629146e-01
1.000000000000000000e+00,-3.473006176748187346e-01
1.000000000000000000e+00,-1.688585768018933259e-02
1.000000000000000000e+00,4.298208263095865123e-01
1.000000000000000000e+00,1.664009236305911577e+00
1.000000000000000000e+00,1.199111394670625552e+00
1.000000000000000000e+00,-2.953118980418605044e-02
1.000000000000000000e+00,4.878458850611160358e-01
1.000000000000000000e+00,1.136165637550237362e+00
1.000000000000000000e+00,1.616070780523970241e+00
1.000000000000000000e+00,-5.219579993672979201e-01
1.000000000000000000e+00,-2.665126012041817982e-01
1.000000000000000000e+00,6.554058849884766280e-01
1.000000000000000000e+00,-7.089114910543556358e-02
1.000000000000000000e+00,-9.245952325818478090e-02
1.000000000000000000e+00,-5.854370906661917617e-01
1.000000000000000000e+00,7.997618109598462199e-01
1.000000000000000000e+00,-1.066011557409762389e+00
1.000000000000000000e+00,-4.888113864150363530e-01
1.000000000000000000e+00,1.357459374687652875e+00
1.000000000000000000e+00,4.034341709489506766e-01
1.000000000000000000e+00,1.660796381077373762e-01
1.000000000000000000e+00,3.764028399319059304e-01
1.000000000000000000e+00,2.235837818443018321e+00
1.000000000000000000e+00,-5.721612079457085581e-02
1.000000000000000000e+00,1.733453171054611053e+00
1.000000000000000000e+00,1.056746866277325836e+00
1.000000000000000000e+00,1.003294882501812202e+00
1.000000000000000000e+00,1.373989334481546587e+00
1.000000000000000000e+00,1.019359077945393377e+00
1.000000000000000000e+00,-4.027414492235648069e-01
1.000000000000000000e+00,1.013389134885912757e+00
1.000000000000000000e+00,9.005211738200256111e-01
1.000000000000000000e+00,-7.422415888215994073e-01
1.000000000000000000e+00,1.761267191023445366e-01
1.000000000000000000e+00,6.464203727412058953e-01
1.000000000000000000e+00,-1.481073139662394400e-01
1.000000000000000000e+00,7.094514471903333452e-02
1.000000000000000000e+00,3.831997696936750852e-01
1.000000000000000000e+00,-1.446421291921075047e-01
1.000000000000000000e+00,2.115260846285174912e-01
1.000000000000000000e+00,-9.396066824617073099e-01
1.000000000000000000e+00,5.370843163426980427e-01
1.000000000000000000e+00,7.036690159197235284e-01
1.000000000000000000e+00,2.737081752000811163e-01
1.000000000000000000e+00,-3.311148815339844953e-01
1.000000000000000000e+00,-1.650507671112773633e-01
1.000000000000000000e+00,9.578603350702736829e-01
1.000000000000000000e+00,5.566770167138751502e-01
1.000000000000000000e+00,-5.243526910771622029e-01
1.000000000000000000e+00,8.833456884347772320e-01
1.000000000000000000e+00,7.694174335239724050e-01
1.000000000000000000e+00,-2.792906243130435784e-02
1.000000000000000000e+00,4.961841718471403651e-01
1.000000000000000000e+00,7.925424635300015730e-01
1.000000000000000000e+00,5.635500156532957661e-01
1.000000000000000000e+00,1.254350791637210749e+00
1.000000000000000000e+00,-4.216779998165643417e-01
1.000000000000000000e+00,1.704172811037595048e-01
1.000000000000000000e+00,1.134036449377627404e-01
1.000000000000000000e+00,-4.642771642688278688e-01
1.000000000000000000e+00,1.207592895495021468e+00
1.000000000000000000e+00,1.260096351870993336e+00
1.000000000000000000e+00,-4.537893920048100549e-01
1.000000000000000000e+00,1.136877033099893630e+00
1.000000000000000000e+00,-1.289625293115125859e-01
1.000000000000000000e+00,4.663965018007824592e-01
1.000000000000000000e+00,4.860427480735465267e-01
1.000000000000000000e+00,1.864296305156452616e-01
1.000000000000000000e+00,7.360247644048941718e-01
1.000000000000000000e+00,3.911764091602505378e-01
1.000000000000000000e+00,9.074732167094079482e-01
1.000000000000000000e+00,1.718683001566049917e+00
1.000000000000000000e+00,6.436019884608474850e-01
1.000000000000000000e+00,2.366180441995084482e+00
1.000000000000000000e+00,3.741138639894807383e-02
1.000000000000000000e+00,8.942677774561120785e-01
1.000000000000000000e+00,1.385306218285217383e+00
1.000000000000000000e+00,6.387684084239360072e-01
1.000000000000000000e+00,1.066942685887452447e+00
1.000000000000000000e+00,1.155186756670346426e+00
1.000000000000000000e+00,5.268438751479155302e-01
1.000000000000000000e+00,-1.493796665801407075e-01
1.000000000000000000e+00,1.360620282751179078e+00
1.000000000000000000e+00,-4.201179442235010164e-01
1.000000000000000000e+00,9.901807101218763896e-02
1.000000000000000000e+00,8.025534222894111780e-01
1.000000000000000000e+00,7.338863280811963596e-01
1.000000000000000000e+00,3.245045372373619452e-01
1.000000000000000000e+00,-4.591241098256020753e-02
1.000000000000000000e+00,-7.441114457024162743e-01
1.000000000000000000e+00,7.232756390841904581e-02
1.000000000000000000e+00,-2.337884059199956677e-01
1.000000000000000000e+00,-4.707639689086868390e-02
1.000000000000000000e+00,-3.141306315115469094e-01
1.000000000000000000e+00,-5.399019270768890683e-02
1.000000000000000000e+00,6.205215800394741077e-01
1.000000000000000000e+00,1.199716123384580557e+00
1.000000000000000000e+00,2.619034388508377997e+00
1.000000000000000000e+00,-7.257367021086076342e-01
1.000000000000000000e+00,-5.710230439199315278e-01
1.000000000000000000e+00,-1.384003243268728589e+00
1.000000000000000000e+00,-1.381851734086686767e-01
1.000000000000000000e+00,8.700922278570420998e-01
1.000000000000000000e+00,4.960120600206106012e-01
1.000000000000000000e+00,-4.492011193330855412e-02
1.000000000000000000e+00,-1.304670152989405134e-02
1.000000000000000000e+00,3.522961350634478683e-01
1.000000000000000000e+00,4.758596774876072688e-01
1.000000000000000000e+00,1.671411319749108726e+00
1.000000000000000000e+00,2.066764509344614975e+00
1.000000000000000000e+00,1.023756641355096253e+00
1.000000000000000000e+00,2.697861503925678139e-01
1.000000000000000000e+00,3.203809767143717124e-02
1.000000000000000000e+00,9.849265134200972938e-01
1.000000000000000000e+00,-4.537893920048100549e-01
1.000000000000000000e+00,1.134337427481765914e+00
1.000000000000000000e+00,1.395876434238980446e+00
1.000000000000000000e+00,-3.377295002498740262e-01
1.000000000000000000e+00,3.377860456683092760e-01
1.000000000000000000e+00,-1.227830772878858723e-01
1.000000000000000000e+00,-1.085943806791797028e+00
1.000000000000000000e+00,4.305003492987742875e-01
1.000000000000000000e+00,1.351634345536435466e+00
1.000000000000000000e+00,1.769332324857702865e+00
1.000000000000000000e+00,3.594338887384931902e-01
1.000000000000000000e+00,1.814349129263367999e+00
1.000000000000000000e+00,1.234970575002490190e+00
1.000000000000000000e+00,1.002836342598539154e+00
1.000000000000000000e+00,1.738338597123218143e+00
1.000000000000000000e+00,6.766597832112702937e-01
1.000000000000000000e+00,6.947973949551935480e-01
1.000000000000000000e+00,-2.102205598071911763e-01
1.000000000000000000e+00,-7.048785497364121189e-02
1.000000000000000000e+00,1.718513864511830525e+00
1.000000000000000000e+00,-1.991820296982781957e-01
1.000000000000000000e+00,4.031439181649511538e-01
1.000000000000000000e+00,1.125059537613131155e+00
1.000000000000000000e+00,3.011181522354912654e-01
1.000000000000000000e+00,-2.113433238706270978e-01
1.000000000000000000e+00,4.938494005509567741e-01
1.000000000000000000e+00,5.304508979246841394e-02
1.000000000000000000e+00,8.994740539667681611e-01
1.000000000000000000e+00,1.110957416991988911e+00
1.000000000000000000e+00,7.420393290490306937e-01
1.000000000000000000e+00,-4.457258967378200515e-03
1.000000000000000000e+00,1.914914281988426170e+00
1.000000000000000000e+00,-3.347500532972815801e-01
1.000000000000000000e+00,1.177293888445433145e-01
1.000000000000000000e+00,2.990774584305634365e-01
1.000000000000000000e+00,1.110095582956921678e+00
1.000000000000000000e+00,6.555686475306022887e-01
1.000000000000000000e+00,-8.715804392026452740e-01
1.000000000000000000e+00,5.099752162781102660e-01
1.000000000000000000e+00,7.522287741470636835e-01
1.000000000000000000e+00,7.454759398691612748e-02
1.000000000000000000e+00,-4.562108566654678454e-01
1.000000000000000000e+00,1.425780970340389420e+00
1.000000000000000000e+00,1.362677975255023322e+00
1.000000000000000000e+00,-2.405942599986959918e-01
1.000000000000000000e+00,6.303774256712704194e-01
1.000000000000000000e+00,-5.888029341849783382e-02
1.000000000000000000e+00,1.719430944318376620e+00
1.000000000000000000e+00,6.698450048156388004e-01
1.000000000000000000e+00,7.471848352110602720e-01
1.000000000000000000e+00,1.533095456470250362e+00
1.000000000000000000e+00,5.829298073205434472e-01
1.000000000000000000e+00,3.018678049710412647e+00
1.000000000000000000e+00,1.099455672337600998e+00
1.000000000000000000e+00,7.176291974049128219e-01
1.000000000000000000e+00,-7.537413097719390664e-02
1.000000000000000000e+00,5.213300846228108125e-03
1.000000000000000000e+00,2.155731449798933941e+00
1.000000000000000000e+00,2.855473440279620578e-01
1.000000000000000000e+00,-2.352978903837823210e-01
1.000000000000000000e+00,1.250319287657626448e-02
1.000000000000000000e+00,-1.157837254054366438e+00
1.000000000000000000e+00,1.079252293707847921e+00
1.000000000000000000e+00,2.459769227551488191e-01
1.000000000000000000e+00,9.567809176890748057e-01
1.000000000000000000e+00,8.332964192148772931e-01
1.000000000000000000e+00,1.037709173425773068e+00
1.000000000000000000e+00,-2.602613296776328244e-01
1.000000000000000000e+00,-6.167639928994402831e-01
1.000000000000000000e+00,1.342821370083167487e+00
1.000000000000000000e+00,-3.430994903709178728e-02
1.000000000000000000e+00,6.861437823042678685e-01
1.000000000000000000e+00,7.427260764852580133e-01
1.000000000000000000e+00,-4.385810810516755365e-01
1.000000000000000000e+00,7.280965712302308601e-01
1.000000000000000000e+00,2.690012354700976882e-01
1.000000000000000000e+00,6.162731802127636715e-01
1.000000000000000000e+00,1.530469157487648557e+00
1.000000000000000000e+00,1.275000811080995167e+00
1.000000000000000000e+00,1.342821370083167487e+00
1.000000000000000000e+00,4.219355548496873665e-01
1.000000000000000000e+00,2.598912077532635201e-01
1.000000000000000000e+00,1.152458465494245576e+00
1.000000000000000000e+00,7.556510372064313419e-01
1.000000000000000000e+00,8.507056367102278083e-01
1.000000000000000000e+00,5.732800709131098404e-01
1.000000000000000000e+00,5.996186038159903586e-02
1.000000000000000000e+00,6.416326891913690655e-01
1.000000000000000000e+00,2.285855538936606701e-01
1.000000000000000000e+00,8.959808213394240273e-01
1.000000000000000000e+00,1.395876434238980446e+00
1.000000000000000000e+00,2.063265327172650210e+00
1.000000000000000000e+00,5.659459822655787953e-01
1.000000000000000000e+00,3.700818737397992275e-01
1.000000000000000000e+00,-8.199099190735825715e-01
1.000000000000000000e+00,1.800602180316264733e-01
1.000000000000000000e+00,2.152220368537727246e+00
1.000000000000000000e+00,3.765745267909627603e-01
1.000000000000000000e+00,9.929498993086931513e-01
1.000000000000000000e+00,6.490993676904489584e-01
1.000000000000000000e+00,-2.754577415415258024e-01
1.000000000000000000e+00,5.829298073205434472e-01
1.000000000000000000e+00,3.875782095670968763e-01
1.000000000000000000e+00,7.288309150234243416e-01
1.000000000000000000e+00,6.160394481026616464e-01
1.000000000000000000e+00,5.966830296464241679e-01
1.000000000000000000e+00,-6.683150971686144803e-01
1.000000000000000000e+00,6.603261583898624165e-01
1.000000000000000000e+00,1.132048552672656916e+00
1.000000000000000000e+00,1.300186083395706182e+00
1.000000000000000000e+00,1.121311324502039186e+00
1.000000000000000000e+00,-2.054737742680701196e-02
1.000000000000000000e+00,1.145026209360471725e+00
1.000000000000000000e+00,2.103047281113657740e-01
1.000000000000000000e+00,7.064075063151743494e-01
1.000000000000000000e+00,8.993818360251460975e-01
1.000000000000000000e+00,-1.921381938347466178e-01
1.000000000000000000e+00,2.461813321096199270e-01
1.000000000000000000e+00,1.464303846792472275e+00
1.000000000000000000e+00,5.959023643986830487e-01
1.000000000000000000e+00,1.042927349025670747e+00
1.000000000000000000e+00,1.250360347066558520e+00
1.000000000000000000e+00,9.920859404362611933e-01
1.000000000000000000e+00,8.855057980995935107e-01
1.000000000000000000e+00,8.402221141209390565e-01
1.000000000000000000e+00,4.299954879409537134e-01
1.000000000000000000e+00,5.478997385283317367e-01
1.000000000000000000e+00,2.870661777761527866e-01
1.000000000000000000e+00,1.568259713850586323e-01
1.000000000000000000e+00,5.444307290469436733e-01
1.000000000000000000e+00,6.338778827456541531e-01
1.000000000000000000e+00,9.022159441020023429e-01
1.000000000000000000e+00,2.448992052438416778e-01
1.000000000000000000e+00,-5.681851111358190431e-01
1.000000000000000000e+00,-1.778082906481230907e-01
1.000000000000000000e+00,1.320154879980411256e+00
1.000000000000000000e+00,3.649095946269761415e-01
1.000000000000000000e+00,-4.617575321219272166e-01
1.000000000000000000e+00,9.172028470017491442e-01
1.000000000000000000e+00,4.616963615503655860e-01
1.000000000000000000e+00,1.265956653322462655e+00
1.000000000000000000e+00,-5.521561879924897775e-01
1.000000000000000000e+00,4.052257326814353439e-02
1.000000000000000000e+00,-2.058285209746361921e-01
1.000000000000000000e+00,1.360620282751179078e+00
1.000000000000000000e+00,1.207748433590107640e+00
1.000000000000000000e+00,5.651177206608715142e-01
1.000000000000000000e+00,3.544859924513681371e-01
1.000000000000000000e+00,-4.061798610469031789e-01
1.000000000000000000e+00,-7.300059253414907801e-01
1.000000000000000000e+00,6.343882686806225912e-01
1.000000000000000000e+00,2.626363964949647231e-02
1.000000000000000000e+00,7.255263679540535637e-01
1.000000000000000000e+00,5.232890222369990241e-01
1.000000000000000000e+00,-2.385117569454823540e-03
1.000000000000000000e+00,1.312724748684001908e+00
1.000000000000000000e+00,7.427260764852580133e-01
1.000000000000000000e+00,1.474868113201614372e+00
1.000000000000000000e+00,-5.463417830280952181e-01
1.000000000000000000e+00,7.515774614470285657e-03
1.000000000000000000e+00,2.298209343374185143e-01
1.000000000000000000e+00,1.839153630722349053e+00
1.000000000000000000e+00,3.517827743561690590e-01
1.000000000000000000e+00,2.180650591342285227e-01
1.000000000000000000e+00,4.365118380372841334e-02
1.000000000000000000e+00,8.832194730953221162e-01
1.000000000000000000e+00,1.193429154590306851e+00
1.000000000000000000e+00,5.593479372811328565e-01
1.000000000000000000e+00,1.298892482408159355e+00
1.000000000000000000e+00,8.369158671816766537e-01
1.000000000000000000e+00,1.275764902597292583e+00
1.000000000000000000e+00,1.142368037817401261e+00
1.000000000000000000e+00,4.434941547505595882e-01
1.000000000000000000e+00,-2.421059704331634393e-02
1.000000000000000000e+00,1.045348388718855492e+00
1.000000000000000000e+00,6.206069985015296719e-01
1.000000000000000000e+00,1.914914281988426170e+00
1.000000000000000000e+00,-2.113433238706270978e-01
1.000000000000000000e+00,6.910576811935598140e-01
1.000000000000000000e+00,-4.247442412669472089e-02
1.000000000000000000e+00,6.710361886422137045e-01
1.000000000000000000e+00,8.528653214075712086e-01
1.000000000000000000e+00,1.436762129840459146e+00
1.000000000000000000e+00,1.014125603516470742e+00
1.000000000000000000e+00,1.317353069431496326e+00
1.000000000000000000e+00,6.059320217269008602e-01
1.000000000000000000e+00,-5.143316342317189732e-02
1.000000000000000000e+00,2.303984651331071609e-01
1.000000000000000000e+00,1.525864958752793932e-01
1.000000000000000000e+00,3.960027647501225267e-01
1.000000000000000000e+00,-7.736296863709474225e-01
1.000000000000000000e+00,-2.922133590635362377e-01
1.000000000000000000e+00,5.514652156260712035e-01
1.000000000000000000e+00,-3.240056006796243615e-01
1.000000000000000000e+00,4.366878757043863302e-01
1.000000000000000000e+00,8.372163191850260366e-01
1.000000000000000000e+00,-1.168659900687039732e+00
1.000000000000000000e+00,3.387052503122199298e-01
1.000000000000000000e+00,-1.304284019992467680e+00
1.000000000000000000e+00,4.075414815746540298e-01
1.000000000000000000e+00,1.199315702891780439e-01
1.000000000000000000e+00,-4.287134374639538226e-02
1.000000000000000000e+00,3.304914789957590915e-01
1.000000000000000000e+00,6.643790731790328863e-01
1.000000000000000000e+00,-3.145492244723661623e-01
1.000000000000000000e+00,1.002610259902949608e+00
1.000000000000000000e+00,2.818131548434762434e-01
1.000000000000000000e+00,1.988757480016720258e+00
1.000000000000000000e+00,8.468027354389955352e-01
1.000000000000000000e+00,4.881453859962034403e-02
1.000000000000000000e+00,-2.843807835702782394e-01
1.000000000000000000e+00,8.025534222894111780e-01
1.000000000000000000e+00,3.808896465109204987e-01
1.000000000000000000e+00,4.701574639360617258e-01
1.000000000000000000e+00,1.584456175311559578e+00
1.000000000000000000e+00,2.406486805797666828e-01
1.000000000000000000e+00,1.029956491817422659e+00
1.000000000000000000e+00,6.134165488598430915e-01
1.000000000000000000e+00,8.073372811319918796e-01
1.000000000000000000e+00,1.212861217256722801e+00
1.000000000000000000e+00,3.620049419496163545e-01
1.000000000000000000e+00,6.257775777444610776e-01
1.000000000000000000e+00,1.391069627152862420e+00
1.000000000000000000e+00,-1.172478658398635298e+00
1.000000000000000000e+00,5.382957974746566121e-02
1.000000000000000000e+00,9.396330551895657468e-01
1.000000000000000000e+00,-5.351868118316041034e-01
1.000000000000000000e+00,1.149103772263071033e+00
1.000000000000000000e+00,-4.375060144785220678e-02
1.000000000000000000e+00,1.338251694846934958e+00
1.000000000000000000e+00,1.214372401590401163e+00
1.000000000000000000e+00,9.581323142529378778e-01
1.000000000000000000e+00,5.850729182864432554e-01
1.000000000000000000e+00,3.856815797354865571e-01
1.000000000000000000e+00,4.733187969670609174e-01
1.000000000000000000e+00,3.922741001427845764e-01
1.000000000000000000e+00,1.169190284837772875e+00
1.000000000000000000e+00,6.766389598050975840e-01
1.000000000000000000e+00,1.599626563026288750e-01
1.000000000000000000e+00,-2.626488980737737983e-02
1.000000000000000000e+00,2.153295536244197006e+00
1.000000000000000000e+00,1.190535551067242848e+00
1.000000000000000000e+00,7.364216840245948470e-01
1.000000000000000000e+00,2.646703919536421701e-01
1.000000000000000000e+00,7.036690159197235284e-01
1.000000000000000000e+00,7.431659178197228544e-01
1.000000000000000000e+00,7.793203494119457786e-02
1.000000000000000000e+00,1.750419572443186356e+00
1.000000000000000000e+00,1.771925375244101097e-01
1.000000000000000000e+00,3.165477701086972379e-02
1.000000000000000000e+00,3.098899058438867593e-01
1.000000000000000000e+00,1.400911772692209345e-01
1.000000000000000000e+00,-2.479219741341334160e-01
1.000000000000000000e+00,9.414693396400225511e-01
1.000000000000000000e+00,2.524876895339900784e+00
1.000000000000000000e+00,1.612439433467929284e+00
1.000000000000000000e+00,1.407436824404630471e+00
1.000000000000000000e+00,-1.200450118599079574e-01
1.000000000000000000e+00,7.910749497127170238e-02
1.000000000000000000e+00,8.854718007017605697e-01
1.000000000000000000e+00,2.939196282118193837e-01
1.000000000000000000e+00,1.331070169522179381e+00
1.000000000000000000e+00,-2.626488980737737983e-02
1.000000000000000000e+00,-1.038092894309275538e+00
1.000000000000000000e+00,5.979264844721673411e-01
1.000000000000000000e+00,8.006827154736484431e-01
1.000000000000000000e+00,9.491391525911547777e-01
1.000000000000000000e+00,8.755624091683771315e-01
1.000000000000000000e+00,-1.532434708438649151e-01
1.000000000000000000e+00,-7.711920729463188628e-01
1.000000000000000000e+00,-1.485182575125462145e-01
1.000000000000000000e+00,1.140801182744771491e+00
1.000000000000000000e+00,9.086337017446169395e-02
1.000000000000000000e+00,-3.749167039345916441e-01
1.000000000000000000e+00,5.406803910984872008e-01
1.000000000000000000e+00,-4.386979471067266045e-01
1.000000000000000000e+00,4.034775176311877765e-01
1.000000000000000000e+00,4.525238636150132332e-01
1.000000000000000000e+00,8.810650504435938932e-03
1.000000000000000000e+00,9.152305729599603534e-01
1.000000000000000000e+00,9.253562729370563567e-01
1.000000000000000000e+00,1.228811096450090456e+00
1.000000000000000000e+00,1.687158914425369804e+00
1.000000000000000000e+00,4.702798545682606579e-01
1.000000000000000000e+00,1.451959391639297881e+00
1.000000000000000000e+00,6.766389598050975840e-01
1.000000000000000000e+00,6.745816922687261075e-01
1.000000000000000000e+00,-4.293839350028942348e-01
1.000000000000000000e+00,4.360589238444751992e-01
1.000000000000000000e+00,1.403322714299360507e+00
1.000000000000000000e+00,1.131992355832916325e-01
1.000000000000000000e+00,-2.144234881142999261e-01
1.000000000000000000e+00,4.121511037533404087e-01
1.000000000000000000e+00,5.797064290384990048e-01
1.000000000000000000e+00,-8.048792445241257365e-01
1.000000000000000000e+00,7.773596506252418159e-01
1.000000000000000000e+00,-5.769475154598104893e-01
1.000000000000000000e+00,6.243399127835966844e-01
1.000000000000000000e+00,-3.084475414962825068e-01
1.000000000000000000e+00,-1.040769339453680997e+00
1.000000000000000000e+00,2.157908133195193923e+00
1.000000000000000000e+00,7.636846223143771706e-01
1.000000000000000000e+00,3.415397833565490537e-01
1.000000000000000000e+00,-7.702146477586191420e-01
1.000000000000000000e+00,6.778960135899739781e-01
1.000000000000000000e+00,1.750688151886067301e+00
1.000000000000000000e+00,8.260541235414954331e-01
1.000000000000000000e+00,1.419530973716259137e+00
1.000000000000000000e+00,-1.278113673075544465e+00
1.000000000000000000e+00,-6.887466833313216075e-01
1.000000000000000000e+00,-4.929764926170558392e-01
1.000000000000000000e+00,7.889557380586166291e-01
1.000000000000000000e+00,-7.082169930702997274e-01
1.000000000000000000e+00,5.319264861239539899e-01
1.000000000000000000e+00,3.407625178485913509e-01
1.000000000000000000e+00,1.396105491706880475e+00
1.000000000000000000e+00,2.976202449659450799e-01
1.000000000000000000e+00,2.127164185201465552e-01
1.000000000000000000e+00,4.257245648381789427e-01
1.000000000000000000e+00,-3.482559445539269438e-01
1.000000000000000000e+00,-2.752044609276697029e-01
1.000000000000000000e+00,7.453222027772830049e-01
1.000000000000000000e+00,9.450322669329244141e-01
1.000000000000000000e+00,1.276155872672372515e+00
1.000000000000000000e+00,1.248334952090655481e+00
1.000000000000000000e+00,-1.655620029811916138e-01
1.000000000000000000e+00,1.676443683430027254e-01
1.000000000000000000e+00,2.015061266720138189e+00
1.000000000000000000e+00,9.845912140839689908e-01
1.000000000000000000e+00,6.214199612772119963e-01
1.000000000000000000e+00,1.522891987445611273e+00
1.000000000000000000e+00,9.432601525708774748e-01
1.000000000000000000e+00,1.545869128771066858e+00
1.000000000000000000e+00,7.216472648613044827e-01
1.000000000000000000e+00,8.253528260778728032e-02
1.000000000000000000e+00,-1.243142350927911033e-01
1.000000000000000000e+00,1.033187418380663442e-01
1.000000000000000000e+00,8.501408549387264868e-01
1.000000000000000000e+00,2.376407608064890764e-01
1.000000000000000000e+00,1.344718424882250796e+00
1.000000000000000000e+00,6.508230357605837568e-01
1.000000000000000000e+00,3.377860456683092760e-01
1.000000000000000000e+00,5.362921769731884281e-01
1.000000000000000000e+00,2.004467576422048758e-01
1.000000000000000000e+00,5.960460034045276245e-01
1.000000000000000000e+00,4.168210713131804135e-01
1.000000000000000000e+00,1.381473760481172486e-01
1.000000000000000000e+00,-4.505507148937407114e-01
1.000000000000000000e+00,5.982558342636747906e-01
1.000000000000000000e+00,2.081090162856509274e+00
1.000000000000000000e+00,4.070361952493605773e-01
1.000000000000000000e+00,1.566478776304924603e+00
1.000000000000000000e+00,8.517612559129434935e-01
1.000000000000000000e+00,2.311940042424001363e-01
1.000000000000000000e+00,5.136749830972900943e-01
1.000000000000000000e+00,1.540123568537284271e+00
1.000000000000000000e+00,-4.421312593203900465e-01
1.000000000000000000e+00,-1.834374097943275717e-01
1.000000000000000000e+00,-3.418899318096915163e-01
1.000000000000000000e+00,6.416237648744378408e-01
1.000000000000000000e+00,-7.677812840087198110e-01
1.000000000000000000e+00,5.781344743561941391e-01
1.000000000000000000e+00,9.867912706912391752e-01
1.000000000000000000e+00,1.408697176795973838e-01
1.000000000000000000e+00,9.869162111282755445e-01
1.000000000000000000e+00,-4.885021112280719252e-02
1.000000000000000000e+00,1.132994955234833956e+00
1.000000000000000000e+00,-8.007767096739405732e-02
1.000000000000000000e+00,6.303774256712704194e-01
1.000000000000000000e+00,3.331258523603462529e-01
1.000000000000000000e+00,3.567667928784917786e-01
1.000000000000000000e+00,5.957853972103158147e-02
1.000000000000000000e+00,6.481168428930742520e-01
1.000000000000000000e+00,3.196535335340610073e-01
1.000000000000000000e+00,8.907090998379393332e-01
1.000000000000000000e+00,6.515310315704566646e-01
1.000000000000000000e+00,-9.104013189865563238e-02
1.000000000000000000e+00,8.061558715572939571e-01
1.000000000000000000e+00,8.003231929915641807e-01
1.000000000000000000e+00,2.994565294164017732e-01
1.000000000000000000e+00,1.868976998036431691e+00
1.000000000000000000e+00,-6.374287237688362230e-03
1.000000000000000000e+00,2.897960676888291717e-02
1.000000000000000000e+00,1.360464319688620138e+00
1.000000000000000000e+00,3.242951233800420940e+00
1.000000000000000000e+00,1.986623293367751453e+00
1.000000000000000000e+00,-1.374736827521862548e+00
1.000000000000000000e+00,5.350414977004056549e-01
1.000000000000000000e+00,9.968485509051961957e-01
1.000000000000000000e+00,9.430570181188251411e-01
1.000000000000000000e+00,8.460360941178607375e-01
1.000000000000000000e+00,2.319376224398348008e+00
1.000000000000000000e+00,-7.202975434227951723e-01
1.000000000000000000e+00,5.275361471612907138e-01
1.000000000000000000e+00,3.842328656203264359e-01
1.000000000000000000e+00,1.930710221823283002e-01
1.000000000000000000e+00,1.488610711340672355e+00
1.000000000000000000e+00,-7.682624483213734701e-02
1.000000000000000000e+00,1.338862373105510706e+00
1.000000000000000000e+00,1.035587735800991727e+00
1.000000000000000000e+00,1.196917287607976110e+00
1.000000000000000000e+00,5.016981248081854305e-01
1.000000000000000000e+00,1.203240803604920250e+00
1.000000000000000000e+00,-3.314212830819547317e-01
1.000000000000000000e+00,1.909787474395204798e+00
1.000000000000000000e+00,8.775515807757662545e-02
1.000000000000000000e+00,1.377976379312415567e+00
1.000000000000000000e+00,-3.915244327760283860e-01
1.000000000000000000e+00,1.612439433467929284e+00
1.000000000000000000e+00,6.505935533252107383e-01
1.000000000000000000e+00,8.725935864026075350e-01
1.000000000000000000e+00,3.227846938744833860e-01
1.000000000000000000e+00,7.007082675359392887e-01
1.000000000000000000e+00,1.102521812654667643e+00
1.000000000000000000e+00,1.388817299546423856e+00
1.000000000000000000e+00,5.022769305062928513e-01
1.000000000000000000e+00,1.052226912235423972e+00
1.000000000000000000e+00,7.035868960641351866e-02
1.000000000000000000e+00,-1.121113689882596853e+00
1.000000000000000000e+00,-6.495477847631504764e-02
1.000000000000000000e+00,8.915671091657504377e-01
1.000000000000000000e+00,1.534523347179237884e+00
1.000000000000000000e+00,1.139794009833967836e+00
1.000000000000000000e+00,2.242134885323325832e-01
1.000000000000000000e+00,1.390360781408043644e+00
1.000000000000000000e+00,6.737925276715268641e-01
1.000000000000000000e+00,4.702156844798507929e-01
1.000000000000000000e+00,3.155262494371307569e-01
1.000000000000000000e+00,3.826124646461094847e-01
1.000000000000000000e+00,4.868323376382187040e-01
1.000000000000000000e+00,8.967398132460464577e-01
1.000000000000000000e+00,5.965355659333233529e-01
1.000000000000000000e+00,2.341228800657159659e-01
1.000000000000000000e+00,-4.361121211673676945e-02
1.000000000000000000e+00,6.057284623073755370e-01
1.000000000000000000e+00,6.123668792017481488e-01
1.000000000000000000e+00,1.268857380159249815e-01
1.000000000000000000e+00,-8.019336325334259705e-03
1.000000000000000000e+00,-1.123535579510727578e+00
1.000000000000000000e+00,4.986038355045902676e-02
1.000000000000000000e+00,-1.417409511346940043e+00
1.000000000000000000e+00,1.512615424015631316e+00
1.000000000000000000e+00,6.990487695542143554e-01
1.000000000000000000e+00,5.645460382764874024e-02
1.000000000000000000e+00,4.434202104102727415e-01
1.000000000000000000e+00,1.685139044026614741e+00
1.000000000000000000e+00,6.851204606294934996e-01
1.000000000000000000e+00,2.211626470442907555e-01
1.000000000000000000e+00,2.908160907571363807e-01
1.000000000000000000e+00,1.680735956039763890e+00
1.000000000000000000e+00,-1.746329336905177998e-01
1.000000000000000000e+00,1.054311802657534880e+00
1.000000000000000000e+00,4.556499243457606263e-01
1.000000000000000000e+00,7.748128205600747220e-01
1.000000000000000000e+00,3.309138966638345281e-01
1.000000000000000000e+00,-4.929764926170558392e-01
1.000000000000000000e+00,1.226120202411605797e+00
1.000000000000000000e+00,4.760194652574225027e-01
1.000000000000000000e+00,-2.349647158850186046e-01
1.000000000000000000e+00,7.780344989722275395e-01
1.000000000000000000e+00,2.244973668042384018e-01
1.000000000000000000e+00,4.177844725742740351e-01
1.000000000000000000e+00,4.907981340954420402e-01
1.000000000000000000e+00,1.121986172849025021e+00
1.000000000000000000e+00,1.251806936344354027e+00
1.000000000000000000e+00,1.213793595892293853e+00
1.000000000000000000e+00,1.101457694102493612e+00
1.000000000000000000e+00,2.249546318050927030e-01
1.000000000000000000e+00,2.762851779558250787e-01
1.000000000000000000e+00,5.342973796553351917e-01
1.000000000000000000e+00,1.452886245697720957e+00
1.000000000000000000e+00,-5.897828080441992471e-01
1.000000000000000000e+00,7.800637186553867064e-01
1.000000000000000000e+00,1.295213862829308893e-01
1.000000000000000000e+00,1.507161391468266887e+00
1.000000000000000000e+00,1.584387229447631606e-01
1.000000000000000000e+00,1.612979041025212612e-01
1.000000000000000000e+00,1.041903602383423610e+00
1.000000000000000000e+00,-4.447715822295980059e-01
1.000000000000000000e+00,-2.599880755925498277e-01
1.000000000000000000e+00,4.302993396840864571e-01
1.000000000000000000e+00,6.075260747177971821e-01
1.000000000000000000e+00,-7.392414195961503898e-02
1.000000000000000000e+00,9.160669089466529913e-01
1.000000000000000000e+00,7.122911809776536485e-01
1.000000000000000000e+00,6.573199384864764072e-01
1.000000000000000000e+00,5.115981670571646545e-01
1.000000000000000000e+00,9.435066337051669638e-01
1.000000000000000000e+00,-2.978556522014009778e-01
1.000000000000000000e+00,4.690515974382260950e-02
1.000000000000000000e+00,8.114658401313408209e-01
1.000000000000000000e+00,9.107032933377028072e-02
1.000000000000000000e+00,-8.476931186835265364e-02
1.000000000000000000e+00,9.198544673889216252e-04
1.000000000000000000e+00,8.652471736983619044e-01
1.000000000000000000e+00,-6.009485045608294052e-02
1.000000000000000000e+00,7.020660386118959817e-01
1.000000000000000000e+00,-1.388993812946949166e-03
1.000000000000000000e+00,-2.831408296176345790e-02
1.000000000000000000e+00,1.401180453268406456e+00
1.000000000000000000e+00,1.599626563026288750e-01
1.000000000000000000e+00,-2.271674126920124326e-01
1.000000000000000000e+00,1.604588584373336069e+00
1.000000000000000000e+00,2.277761709580823357e+00
1.000000000000000000e+00,1.913703023557307981e-01
1.000000000000000000e+00,9.297160142416699413e-01
1.000000000000000000e+00,-1.434040365075718061e-03
1.000000000000000000e+00,6.191973813938774773e-01
1.000000000000000000e+00,1.550576068501050342e+00
1.000000000000000000e+00,1.277257813329635727e+00
1.000000000000000000e+00,3.204159251804667985e-01
1.000000000000000000e+00,-1.272146380954217448e-01
1.000000000000000000e+00,1.636203513419903222e-01
1.000000000000000000e+00,9.915305079491639750e-01
1.000000000000000000e+00,-2.097917676270220355e-01
1.000000000000000000e+00,-3.225169396220103901e-01
1.000000000000000000e+00,6.441688950697133098e-01
1.000000000000000000e+00,1.217604704189376941e+00
1.000000000000000000e+00,1.492029048559467552e-01
1.000000000000000000e+00,3.377860456683092760e-01
1.000000000000000000e+00,8.061558715572939571e-01
1.000000000000000000e+00,7.401970950539532579e-01
1.000000000000000000e+00,1.744412981047719080e-01
1.000000000000000000e+00,-5.916934618024157766e-01
1.000000000000000000e+00,8.460360941178607375e-01
1.000000000000000000e+00,1.192657413659496957e+00
1.000000000000000000e+00,6.936890797858366042e-01
1.000000000000000000e+00,8.041338763211742791e-01
1.000000000000000000e+00,1.410858662496525140e+00
1.000000000000000000e+00,-2.390231552513369384e-01
1.000000000000000000e+00,4.919871930846523855e-01
1.000000000000000000e+00,2.967612845698718374e-02
1.000000000000000000e+00,2.064460335706481242e+00
1.000000000000000000e+00,-9.352034320389163505e-03
1.000000000000000000e+00,1.987706859290363226e-01
1.000000000000000000e+00,1.679906419532637862e+00
1.000000000000000000e+00,3.453190190931636483e-01
1.000000000000000000e+00,-8.395808134597756434e-01
1.000000000000000000e+00,1.279778295411482247e+00
1.000000000000000000e+00,2.295886572300559259e+00
1.000000000000000000e+00,-3.814531286354652106e-01
1.000000000000000000e+00,1.936349540188837259e-01
1.000000000000000000e+00,-6.164087200920851384e-01
1.000000000000000000e+00,1.794712131141691647e-01
1.000000000000000000e+00,1.057834783007982837e+00
1.000000000000000000e+00,1.628214226062456804e+00
1.000000000000000000e+00,-1.063554395481379977e+00
1.000000000000000000e+00,1.227474148780306473e+00
1.000000000000000000e+00,1.143172926211098339e+00
1.000000000000000000e+00,-7.115483130904640685e-01
1.000000000000000000e+00,1.888413209244260427e-01
1.000000000000000000e+00,-7.485557555341395553e-01
1.000000000000000000e+00,1.223605244906907252e+00
1.000000000000000000e+00,-1.202974425388182306e-01
1.000000000000000000e+00,5.640530760079084244e-02
1.000000000000000000e+00,1.167064172570789538e+00
1.000000000000000000e+00,-1.875077482498875014e-01
1.000000000000000000e+00,2.331292312338825834e+00
1.000000000000000000e+00,3.944142363363740689e-01
1.000000000000000000e+00,2.071442450153124226e-01
1.000000000000000000e+00,1.368268422361192727e+00
1.000000000000000000e+00,1.945507589230110745e-01
1.000000000000000000e+00,9.084740151081178716e-01
1.000000000000000000e+00,-6.559570430563068655e-01
1.000000000000000000e+00,-6.032232543100161104e-01
1.000000000000000000e+00,4.501487204089029137e-01
1.000000000000000000e+00,-4.907602872458149967e-01
1.000000000000000000e+00,9.432440038069068722e-01
1.000000000000000000e+00,-1.321302368546054540e-01
1.000000000000000000e+00,1.157719886643064217e-01
1.000000000000000000e+00,7.871411269492784024e-01
1.000000000000000000e+00,1.812645758498616644e-01
1.000000000000000000e+00,5.189713527122038483e-01
1.000000000000000000e+00,1.363742943742143110e+00
1.000000000000000000e+00,1.107794384091098205e+00
1.000000000000000000e+00,2.208417966022415135e-01
1.000000000000000000e+00,5.296248622906576387e-01
1.000000000000000000e+00,3.930785635690087765e-01
1.000000000000000000e+00,2.279880496267450984e-01
1.000000000000000000e+00,2.013685120909529669e-01
1.000000000000000000e+00,1.082369430121664200e+00
1.000000000000000000e+00,1.778708807180053419e+00
1.000000000000000000e+00,7.431659178197228544e-01
1.000000000000000000e+00,-5.478445691456314964e-02
1.000000000000000000e+00,-1.000122050604506541e+00
1.000000000000000000e+00,-1.247323929728057834e+00
1.000000000000000000e+00,-1.369037163775154387e+00
1.000000000000000000e+00,4.263692404945877978e-01
1.000000000000000000e+00,-4.098073833956878409e-01
1.000000000000000000e+00,3.377860456683092760e-01
1.000000000000000000e+00,-2.510493097672995555e-01
1.000000000000000000e+00,4.516194316993383390e-02
1.000000000000000000e+00,8.559119132208838909e-01
1.000000000000000000e+00,8.313703654943196963e-02
1.000000000000000000e+00,-4.873290998695161136e-01
1.000000000000000000e+00,8.549468120898986445e-01
1.000000000000000000e+00,-8.910652989690187598e-02
1.000000000000000000e+00,3.772841213374111130e-02
1.000000000000000000e+00,4.925311514499809418e-01
1.000000000000000000e+00,-9.196718832748354000e-01
1.000000000000000000e+00,-3.634302581092284656e-01
1.000000000000000000e+00,3.692455377531065897e-01
1.000000000000000000e+00,2.169508895270770399e+00
1.000000000000000000e+00,4.177517500788597293e-01
1.000000000000000000e+00,9.369119884605043858e-01
1.000000000000000000e+00,4.748652536009910219e-01
1.000000000000000000e+00,9.777156653397108821e-01
1.000000000000000000e+00,-9.863756277581924303e-01
1.000000000000000000e+00,4.167076049979127061e-01
1.000000000000000000e+00,7.816943188489535732e-01
1.000000000000000000e+00,1.542255205381415362e+00
1.000000000000000000e+00,-6.324895904004260161e-02
1.000000000000000000e+00,-5.480374032450177069e-01
1.000000000000000000e+00,8.282979517984755402e-01
1.000000000000000000e+00,2.080919224799082090e-01
1.000000000000000000e+00,-3.575720814951239279e-01
1.000000000000000000e+00,7.305638312446470495e-02
1.000000000000000000e+00,2.939196282118193837e-01
1.000000000000000000e+00,-9.894197708999838414e-02
1.000000000000000000e+00,6.172374314088031610e-01
1.000000000000000000e+00,4.351482185500228361e-01
1.000000000000000000e+00,8.814749816190144971e-01
1.000000000000000000e+00,2.962939214829838352e-01
1.000000000000000000e+00,8.050224833070351860e-01
1.000000000000000000e+00,4.310085092630618758e-02
1.000000000000000000e+00,-1.394426521610179770e-01
1.000000000000000000e+00,5.847541926817585445e-01
1.000000000000000000e+00,1.400733286353585960e-01
1.000000000000000000e+00,1.125074411474683123e+00
1.000000000000000000e+00,5.788063479308693804e-01
1.000000000000000000e+00,1.065423852139261829e+00
1.000000000000000000e+00,-2.314940065337388331e-01
1.000000000000000000e+00,-2.987463840246264435e-01
1.000000000000000000e+00,4.448608501434475060e-01
1.000000000000000000e+00,-8.331060090424744491e-01
1.000000000000000000e+00,8.749385569181410416e-01
1.000000000000000000e+00,-6.213978382240826770e-01
1.000000000000000000e+00,7.644036672785458064e-01
1.000000000000000000e+00,-5.301669336056163105e-03
1.000000000000000000e+00,5.506076312657328664e-01
1.000000000000000000e+00,1.376618608236458652e+00
1.000000000000000000e+00,1.035587735800991727e+00
1.000000000000000000e+00,-2.398624660103399475e-01
1.000000000000000000e+00,1.585757425713618884e+00
1.000000000000000000e+00,1.273936692528821357e+00
1.000000000000000000e+00,7.059957128339217070e-01
1.000000000000000000e+00,1.118112169365950814e+00
1.000000000000000000e+00,-2.023255140954150211e-01
1.000000000000000000e+00,2.298209343374185143e-01
1.000000000000000000e+00,1.924348458753776525e-01
1.000000000000000000e+00,8.425088640926834405e-01
1.000000000000000000e+00,-1.600055532728552332e-01
1.000000000000000000e+00,1.206249148345670763e+00
1.000000000000000000e+00,1.524375123926077435e+00
1.000000000000000000e+00,-7.587670506170951859e-04
1.000000000000000000e+00,3.139547197222988251e-01
1.000000000000000000e+00,2.440314216641534806e-01
1.000000000000000000e+00,1.060378638300839560e+00
1.000000000000000000e+00,1.125745435114412718e+00
1.000000000000000000e+00,1.134056948949643484e+00
1.000000000000000000e+00,1.234951026498736226e+00
1.000000000000000000e+00,-2.557027035956959682e-01
1.000000000000000000e+00,2.824799288084766102e-01
1.000000000000000000e+00,-8.860719311622919370e-02
1.000000000000000000e+00,1.496325995811406351e+00
1.000000000000000000e+00,2.847922719354219812e+00
1.000000000000000000e+00,6.110860272383886738e-01
1.000000000000000000e+00,-3.638382268832248689e-01
1.000000000000000000e+00,-9.496006425222004443e-01
1.000000000000000000e+00,8.118810333523767131e-01
1.000000000000000000e+00,1.959172944422414631e+00
1.000000000000000000e+00,-9.454356374534970964e-02
1.000000000000000000e+00,1.211677257877187497e+00
1.000000000000000000e+00,-9.053084076578518102e-01
1.000000000000000000e+00,5.837572189903048603e-01
1.000000000000000000e+00,1.179454524211038580e+00
1.000000000000000000e+00,2.649542702255479609e-01
1.000000000000000000e+00,-1.093388386982285354e+00
1.000000000000000000e+00,1.371600167348830057e+00
1.000000000000000000e+00,-5.535360573770379267e-01
1.000000000000000000e+00,-7.098127459310877851e-01
1.000000000000000000e+00,-1.688585768018933259e-02
1.000000000000000000e+00,1.331253330503004983e+00
1.000000000000000000e+00,1.247770494153311038e-01
1.000000000000000000e+00,-3.575720814951239279e-01
1.000000000000000000e+00,5.164019993709723089e-01
1.000000000000000000e+00,4.785956180782205971e-01
1.000000000000000000e+00,9.049999060170548226e-01
1.000000000000000000e+00,2.588054158599710219e-01
1.000000000000000000e+00,1.626015444357605366e+00
1.000000000000000000e+00,-2.931754854222110573e-01
1.000000000000000000e+00,6.441688950697133098e-01
1.000000000000000000e+00,6.455989106160652247e-01
1.000000000000000000e+00,1.819198756930933969e-01
1.000000000000000000e+00,5.939402895762441181e-01
1.000000000000000000e+00,7.147075460286365090e-01
1.000000000000000000e+00,1.109548649819282584e+00
1.000000000000000000e+00,1.002517192026381565e+00
1.000000000000000000e+00,1.148046453190463723e+00
1.000000000000000000e+00,7.910011065057463986e-01
1.000000000000000000e+00,-8.148795790967124919e-01
1.000000000000000000e+00,5.160488514009816674e-01
1.000000000000000000e+00,2.127164185201465552e-01
1.000000000000000000e+00,7.135078628526033695e-01
1.000000000000000000e+00,3.204337738143291370e-01
1.000000000000000000e+00,2.488577873673571084e+00
1.000000000000000000e+00,1.377976379312415567e+00
1.000000000000000000e+00,-3.871642665039418674e-01
1.000000000000000000e+00,1.018141121168024910e+00
1.000000000000000000e+00,1.470294613258125604e+00
1.000000000000000000e+00,6.196473208143760125e-02
1.000000000000000000e+00,1.370655464656544753e+00
1.000000000000000000e+00,-1.083915538176899868e-01
1.000000000000000000e+00,-7.062043471185841526e-01
1.000000000000000000e+00,-6.983178007562662604e-01
1.000000000000000000e+00,2.587064085521139312e+00
1.000000000000000000e+00,-2.249372845274816637e-02
1.000000000000000000e+00,1.416514979560996146e+00
1.000000000000000000e+00,2.199356910698281986e+00
1.000000000000000000e+00,8.313703654943196963e-02
1.000000000000000000e+00,-2.501148062943640560e-01
1.000000000000000000e+00,-5.533946443418742006e-02
1.000000000000000000e+00,-3.363292324266259903e-01
1.000000000000000000e+00,4.788003512668483758e-02
1.000000000000000000e+00,4.147655036467006728e-01
1.000000000000000000e+00,3.477396338188756264e-01
1.000000000000000000e+00,1.321799827934740934e-01
1.000000000000000000e+00,7.790416718830311948e-01
1.000000000000000000e+00,6.588770193072293058e-01
1.000000000000000000e+00,5.446228143447002790e-01
1.000000000000000000e+00,1.959172944422414631e+00
1.000000000000000000e+00,2.378043732835605495e-01
1.000000000000000000e+00,2.984264082620608494e-01
1.000000000000000000e+00,8.830613851953984517e-01
1.000000000000000000e+00,1.195924462457935294e-01
1.000000000000000000e+00,5.324848933833615794e-01
1.000000000000000000e+00,2.689192167478254847e-01
1.000000000000000000e+00,1.064965312235988781e+00
1.000000000000000000e+00,2.740171265528888456e-01
1.000000000000000000e+00,9.842236172198992605e-01
1.000000000000000000e+00,6.258730942925502805e-02
1.000000000000000000e+00,1.921777405542653416e-01
1.000000000000000000e+00,-5.428115782306076609e-01
1.000000000000000000e+00,-1.925206645603682321e-01
1.000000000000000000e+00,1.829576462619467436e-01
1.000000000000000000e+00,1.041903602383423610e+00
1.000000000000000000e+00,3.451137598037467002e-01
1.000000000000000000e+00,-1.799084798992587331e-01
1.000000000000000000e+00,-1.298825737770374245e+00
1.000000000000000000e+00,1.076930271435851738e+00
1.000000000000000000e+00,4.098694533912709548e-01
1.000000000000000000e+00,2.743435015720859238e-01
1.000000000000000000e+00,1.119876634313485164e+00
1.000000000000000000e+00,6.797399474549430387e-01
1.000000000000000000e+00,-1.344467345494537447e-01
1.000000000000000000e+00,3.402440575316376115e-01
1.000000000000000000e+00,9.297181390790345556e-01
1.000000000000000000e+00,2.419380318925844764e-01
1.000000000000000000e+00,1.072785988640005073e+00
1.000000000000000000e+00,3.773692159653099232e-01
1.000000000000000000e+00,2.214690485922609642e-01
1.000000000000000000e+00,2.634022890144699924e-01
1.000000000000000000e+00,1.020661603249871430e+00
1.000000000000000000e+00,1.187231428965344948e+00
1.000000000000000000e+00,2.115825304222519243e+00
1.000000000000000000e+00,1.444266205477155340e+00
1.000000000000000000e+00,4.761397310522568760e-01
1.000000000000000000e+00,5.446423628484542423e-01
1.000000000000000000e+00,-3.965284247695779474e-01
1.000000000000000000e+00,7.649055538640560092e-01
1.000000000000000000e+00,7.780344989722275395e-01
1.000000000000000000e+00,1.546939095734545522e-01
1.000000000000000000e+00,-6.393654629788407817e-01
1.000000000000000000e+00,1.015450227129540250e+00
1.000000000000000000e+00,5.386124993752929857e-01
1.000000000000000000e+00,-1.691610525092910877e-01
1.000000000000000000e+00,-1.441185692654788075e-01
1.000000000000000000e+00,1.697559568357440485e+00
1.000000000000000000e+00,8.801643819325510876e-01
1.000000000000000000e+00,8.607301944287705231e-01
1.000000000000000000e+00,6.086297152449520187e-01
1.000000000000000000e+00,9.323512375412029707e-01
1.000000000000000000e+00,-4.291225800070527785e-01
1.000000000000000000e+00,-9.623339429130900458e-01
1.000000000000000000e+00,1.417314768345018239e+00
1.000000000000000000e+00,5.228857281052046169e-01
1.000000000000000000e+00,7.695330246766046711e-01
1.000000000000000000e+00,-1.706314399655697867e-01
1.000000000000000000e+00,1.122457461776485310e+00
1.000000000000000000e+00,1.337913420738496173e+00
1.000000000000000000e+00,1.072174885413956336e+00
1.000000000000000000e+00,8.717466262290920476e-01
1.000000000000000000e+00,5.308368695234053636e-01
1.000000000000000000e+00,2.671721754666804838e-01
1.000000000000000000e+00,9.249759270487993845e-01
1.000000000000000000e+00,6.134165488598430915e-01
1.000000000000000000e+00,-1.205898201601823122e-01
1.000000000000000000e+00,9.160669089466529913e-01
1.000000000000000000e+00,8.858869939227964618e-01
1.000000000000000000e+00,4.310085092630618758e-02
1.000000000000000000e+00,5.715428038838418212e-01
1.000000000000000000e+00,4.733387704382878147e-01
1.000000000000000000e+00,5.473264574073722910e-01
1.000000000000000000e+00,3.164484288533517820e-01
1.000000000000000000e+00,-4.218552112527689801e-01
1.000000000000000000e+00,9.044096261971787953e-01
1.000000000000000000e+00,1.943297009569334044e+00
1.000000000000000000e+00,5.615199460351907312e-01
1.000000000000000000e+00,3.611796551172195002e-01
1.000000000000000000e+00,-2.129654247147357016e-01
1.000000000000000000e+00,1.132799045229821111e+00
1.000000000000000000e+00,5.363716458906231388e-01
1.000000000000000000e+00,-5.934290289617920600e-01
1.000000000000000000e+00,-1.061876725031636048e-01
1.000000000000000000e+00,-7.897329788220365243e-01
1.000000000000000000e+00,9.370852740561366745e-02
1.000000000000000000e+00,1.176250269465275222e+00
1.000000000000000000e+00,-5.478445691456314964e-02
1.000000000000000000e+00,-1.484079683399937011e+00
1.000000000000000000e+00,7.053574116896065282e-01
1.000000000000000000e+00,-2.692714900383324506e-01
1.000000000000000000e+00,6.490679200974533991e-01
1.000000000000000000e+00,1.254720513338644983e+00
1.000000000000000000e+00,-4.738895035386451182e-01
1.000000000000000000e+00,8.386990306980192100e-01
1.000000000000000000e+00,-5.721612079457085581e-02
1.000000000000000000e+00,7.214645288479518692e-01
1.000000000000000000e+00,-2.414526942939800858e-01
1.000000000000000000e+00,2.640966858652097349e-01
1.000000000000000000e+00,-2.428678359787800889e-01
1.000000000000000000e+00,-4.736112509772033574e-02
1.000000000000000000e+00,-5.048649576717946230e-01
1.000000000000000000e+00,1.196857792161768241e+00
1.000000000000000000e+00,-2.955243817783169413e-02
1.000000000000000000e+00,7.373872101230529719e-01
1.000000000000000000e+00,2.984714548141896295e-01
1.000000000000000000e+00,1.612979041025212612e-01
1.000000000000000000e+00,7.309187802178455096e-01
1.000000000000000000e+00,-6.827248942401455967e-01
1.000000000000000000e+00,4.500989992145721375e-01
1.000000000000000000e+00,9.071587407794524660e-01
1.000000000000000000e+00,5.703911420322478332e-01
1.000000000000000000e+00,4.960120600206106012e-01
1.000000000000000000e+00,3.954294836291630255e-01
1.000000000000000000e+00,9.202222408967954959e-01
1.000000000000000000e+00,-2.296628216929570698e-01
1.000000000000000000e+00,-6.974249440956762358e-01
1.000000000000000000e+00,-1.433837478947334487e+00
1.000000000000000000e+00,4.796784351992027240e-01
1.000000000000000000e+00,2.162962696318019962e+00
1.000000000000000000e+00,1.225438129617580696e+00
1.000000000000000000e+00,4.216117296353277255e-01
1.000000000000000000e+00,4.371515152173343077e-01
1.000000000000000000e+00,1.067322606808236651e+00
1.000000000000000000e+00,1.149103772263071033e+00
1.000000000000000000e+00,-3.537082772313996926e-01
1.000000000000000000e+00,1.290142827108355261e+00
1.000000000000000000e+00,9.434454383890675810e-01
1.000000000000000000e+00,-3.194864965726684214e-01
1.000000000000000000e+00,-1.152548533853965385e+00
1.000000000000000000e+00,1.251622075493636910e+00
1.000000000000000000e+00,2.841758141192145093e+00
1.000000000000000000e+00,1.293251039205240316e+00
1.000000000000000000e+00,-2.849230420657151708e-01
1.000000000000000000e+00,-2.259571053291564435e-01
1.000000000000000000e+00,3.611796551172195002e-01
1.000000000000000000e+00,9.201937680761103078e-01
1.000000000000000000e+00,5.920075375094362435e-01
1.000000000000000000e+00,5.377765883560732263e-01
1.000000000000000000e+00,-2.306563956446274766e-01
1.000000000000000000e+00,3.838652687562567611e-01
1.000000000000000000e+00,-7.127701957084049689e-02
1.000000000000000000e+00,1.237323619900009053e+00
1.000000000000000000e+00,-7.003810178372584794e-01
1.000000000000000000e+00,-7.173470953916770421e-02
1.000000000000000000e+00,-1.451903372321651786e-01
1.000000000000000000e+00,3.423000501655902861e-01
1.000000000000000000e+00,1.024553880334280853e+00
1.000000000000000000e+00,-7.733323102732245213e-02
1.000000000000000000e+00,6.602330905132944849e-01
1.000000000000000000e+00,1.018164069411562123e+00
1.000000000000000000e+00,1.412345198716774552e+00
1.000000000000000000e+00,-1.035236687923827947e+00
1.000000000000000000e+00,7.417380271107354428e-01
1.000000000000000000e+00,9.231808644432151212e-01
1.000000000000000000e+00,7.727776513322948126e-01
1.000000000000000000e+00,3.220128518103573118e-02
1.000000000000000000e+00,1.162122650795758272e+00
1.000000000000000000e+00,4.916248582661980095e-03
1.000000000000000000e+00,9.056730544941489214e-01
1.000000000000000000e+00,1.433201752352394776e+00
1.000000000000000000e+00,1.431774711578353010e+00
1.000000000000000000e+00,1.475431620070696948e+00
1.000000000000000000e+00,2.004182848215196877e-01
1.000000000000000000e+00,-8.316589947972059527e-01
1.000000000000000000e+00,-9.644927776754876891e-01
1.000000000000000000e+00,1.060611520475995828e+00
1.000000000000000000e+00,7.364216840245948470e-01
1.000000000000000000e+00,8.176682403985048309e-01
1.000000000000000000e+00,-9.102614035546517934e-01
1.000000000000000000e+00,-1.902429400388712388e-02
1.000000000000000000e+00,2.040178544239183100e+00
1.000000000000000000e+00,8.719374366244300179e-01
1.000000000000000000e+00,1.137241230224179889e+00
1.000000000000000000e+00,5.388347573636264043e-01
1.000000000000000000e+00,1.560139536511482516e+00
1.000000000000000000e+00,-8.476931186835265364e-02
1.000000000000000000e+00,1.277859992238753239e+00
1.000000000000000000e+00,-6.348204358560372018e-01
1.000000000000000000e+00,1.491791066774636187e-01
1.000000000000000000e+00,-6.567748571179954451e-04
1.000000000000000000e+00,1.725893849646436218e+00
1.000000000000000000e+00,9.908021137005912360e-01
1.000000000000000000e+00,6.024030918318319383e-01
1.000000000000000000e+00,7.513448418034047727e-01
1.000000000000000000e+00,2.481859036793501450e-01
1.000000000000000000e+00,2.736287062826464056e-01
1.000000000000000000e+00,1.045515724769867094e-01
1.000000000000000000e+00,9.490635083809763062e-01
1.000000000000000000e+00,3.678618436613021458e-01
1.000000000000000000e+00,-8.060457802372716918e-01
1.000000000000000000e+00,1.664560844085752667e+00
1.000000000000000000e+00,-5.807328018743620340e-02
1.000000000000000000e+00,-7.811545854138163270e-01
1.000000000000000000e+00,1.749201615665817888e+00
1.000000000000000000e+00,6.598170473573127248e-01
1.000000000000000000e+00,-5.229074778351015806e-02
1.000000000000000000e+00,7.467449938765954309e-01
1.000000000000000000e+00,6.730658332928457499e-01
1.000000000000000000e+00,6.243518118728382804e-01
1.000000000000000000e+00,-2.006957638367939945e-01
1.000000000000000000e+00,8.767901401976225806e-01
1.000000000000000000e+00,1.702540187139979899e+00
1.000000000000000000e+00,-9.780917368087009844e-01
1.000000000000000000e+00,-2.529714376472846915e-01
1.000000000000000000e+00,-1.606005826150962879e+00
1.000000000000000000e+00,7.464772643686602427e-01
1.000000000000000000e+00,1.471345557818639183e+00
1.000000000000000000e+00,3.305208017513900920e-01
1.000000000000000000e+00,-5.125807682433177609e-02
1.000000000000000000e+00,1.292563016866594472e+00
1.000000000000000000e+00,5.067079652130395545e-02
1.000000000000000000e+00,1.194475849476091422e+00
1.000000000000000000e+00,1.387677111816598696e+00
1.000000000000000000e+00,6.688845783268555500e-01
1.000000000000000000e+00,6.734823014163003885e-01
