label,score
0.000000000000000000e+00,3.399928510189056396e-01
0.000000000000000000e+00,3.280977010726928711e-01
0.000000000000000000e+00,1.849739253520965576e-01
0.000000000000000000e+00,2.188566476106643677e-01
0.000000000000000000e+00,2.143479734659194946e-01
0.000000000000000000e+00,1.416334360837936401e-01
0.000000000000000000e+00,1.926107704639434814e-01
0.000000000000000000e+00,1.461086273193359375e-01
0.000000000000000000e+00,1.816047132015228271e-01
0.000000000000000000e+00,1.527671962976455688e-01
0.000000000000000000e+00,1.721352487802505493e-01
0.000000000000000000e+00,1.546192616224288940e-01
0.000000000000000000e+00,2.800979912281036377e-01
0.000000000000000000e+00,1.856970041990280151e-01
0.000000000000000000e+00,1.938723474740982056e-01
0.000000000000000000e+00,1.239176392555236816e-01
0.000000000000000000e+00,1.588592976331710815e-01
0.000000000000000000e+00,1.986496746540069580e-01
0.000000000000000000e+00,1.631775200366973877e-01
0.000000000000000000e+00,1.371591389179229736e-01
0.000000000000000000e+00,1.757536530494689941e-01
0.000000000000000000e+00,1.603517532348632812e-01
0.000000000000000000e+00,1.627307534217834473e-01
0.000000000000000000e+00,2.290707230567932129e-01
0.000000000000000000e+00,1.778194606304168701e-01
0.000000000000000000e+00,1.600770801305770874e-01
0.000000000000000000e+00,1.795586794614791870e-01
0.000000000000000000e+00,1.592041403055191040e-01
0.000000000000000000e+00,1.523930430412292480e-01
0.000000000000000000e+00,1.653987616300582886e-01
0.000000000000000000e+00,1.862056255340576172e-01
0.000000000000000000e+00,2.255634367465972900e-01
0.000000000000000000e+00,1.621615886688232422e-01
0.000000000000000000e+00,1.641727238893508911e-01
0.000000000000000000e+00,1.951624155044555664e-01
0.000000000000000000e+00,1.374409943819046021e-01
0.000000000000000000e+00,1.795719265937805176e-01
0.000000000000000000e+00,1.517091095447540283e-01
0.000000000000000000e+00,1.751077324151992798e-01
0.000000000000000000e+00,1.710983216762542725e-01
0.000000000000000000e+00,1.506607830524444580e-01
0.000000000000000000e+00,1.195438504219055176e-01
0.000000000000000000e+00,1.632337570190429688e-01
0.000000000000000000e+00,2.201150506734848022e-01
0.000000000000000000e+00,1.434521377086639404e-01
0.000000000000000000e+00,1.776028722524642944e-01
0.000000000000000000e+00,1.635113358497619629e-01
0.000000000000000000e+00,1.489352881908416748e-01
0.000000000000000000e+00,1.388142406940460205e-01
0.000000000000000000e+00,1.570644080638885498e-01
0.000000000000000000e+00,1.629137098789215088e-01
0.000000000000000000e+00,1.566199064254760742e-01
0.000000000000000000e+00,1.701485812664031982e-01
0.000000000000000000e+00,2.182480990886688232e-01
0.000000000000000000e+00,1.833852976560592651e-01
0.000000000000000000e+00,2.088125348091125488e-01
0.000000000000000000e+00,1.946644783020019531e-01
0.000000000000000000e+00,2.310604006052017212e-01
0.000000000000000000e+00,1.339255422353744507e-01
0.000000000000000000e+00,1.535181701183319092e-01
0.000000000000000000e+00,1.670603156089782715e-01
0.000000000000000000e+00,1.870538145303726196e-01
0.000000000000000000e+00,1.654146015644073486e-01
0.000000000000000000e+00,1.607697010040283203e-01
0.000000000000000000e+00,1.314503848552703857e-01
0.000000000000000000e+00,1.545004099607467651e-01
0.000000000000000000e+00,1.390340030193328857e-01
0.000000000000000000e+00,1.759840399026870728e-01
0.000000000000000000e+00,1.924684643745422363e-01
0.000000000000000000e+00,1.496407985687255859e-01
0.000000000000000000e+00,1.326041221618652344e-01
0.000000000000000000e+00,1.590113341808319092e-01
0.000000000000000000e+00,1.634667515754699707e-01
0.000000000000000000e+00,1.404950767755508423e-01
0.000000000000000000e+00,1.959261298179626465e-01
0.000000000000000000e+00,1.773284822702407837e-01
0.000000000000000000e+00,1.897735893726348877e-01
0.000000000000000000e+00,1.558925360441207886e-01
0.000000000000000000e+00,1.495278924703598022e-01
0.000000000000000000e+00,3.077560663223266602e-01
0.000000000000000000e+00,1.478170752525329590e-01
0.000000000000000000e+00,1.518231928348541260e-01
0.000000000000000000e+00,2.324124127626419067e-01
0.000000000000000000e+00,1.780057251453399658e-01
0.000000000000000000e+00,2.110185027122497559e-01
0.000000000000000000e+00,1.513507813215255737e-01
0.000000000000000000e+00,1.634327024221420288e-01
0.000000000000000000e+00,1.594962030649185181e-01
0.000000000000000000e+00,1.748396903276443481e-01
0.000000000000000000e+00,1.690944582223892212e-01
0.000000000000000000e+00,1.864253580570220947e-01
0.000000000000000000e+00,1.579692512750625610e-01
0.000000000000000000e+00,1.459506303071975708e-01
0.000000000000000000e+00,1.605668067932128906e-01
0.000000000000000000e+00,1.514979004859924316e-01
0.000000000000000000e+00,1.737621426582336426e-01
0.000000000000000000e+00,1.419241279363632202e-01
0.000000000000000000e+00,1.453968882560729980e-01
0.000000000000000000e+00,1.502585560083389282e-01
0.000000000000000000e+00,1.628983020782470703e-01
0.000000000000000000e+00,1.868896633386611938e-01
0.000000000000000000e+00,1.660674065351486206e-01
0.000000000000000000e+00,2.134610712528228760e-01
0.000000000000000000e+00,2.277014851570129395e-01
0.000000000000000000e+00,1.911121606826782227e-01
0.000000000000000000e+00,1.717564761638641357e-01
0.000000000000000000e+00,1.490510553121566772e-01
0.000000000000000000e+00,1.545942425727844238e-01
0.000000000000000000e+00,1.592782139778137207e-01
0.000000000000000000e+00,1.391577422618865967e-01
0.000000000000000000e+00,1.744727045297622681e-01
0.000000000000000000e+00,1.435012221336364746e-01
0.000000000000000000e+00,1.984039992094039917e-01
0.000000000000000000e+00,1.770711243152618408e-01
0.000000000000000000e+00,1.714059412479400635e-01
0.000000000000000000e+00,2.573595345020294189e-01
0.000000000000000000e+00,1.718683838844299316e-01
0.000000000000000000e+00,1.620563566684722900e-01
0.000000000000000000e+00,1.519314348697662354e-01
0.000000000000000000e+00,1.790303736925125122e-01
0.000000000000000000e+00,1.814600378274917603e-01
0.000000000000000000e+00,2.111086845397949219e-01
0.000000000000000000e+00,1.898786425590515137e-01
0.000000000000000000e+00,2.425828427076339722e-01
0.000000000000000000e+00,2.284601181745529175e-01
0.000000000000000000e+00,1.808843761682510376e-01
0.000000000000000000e+00,1.704140305519104004e-01
0.000000000000000000e+00,1.688005328178405762e-01
0.000000000000000000e+00,1.964538991451263428e-01
0.000000000000000000e+00,1.506360322237014771e-01
0.000000000000000000e+00,1.536751985549926758e-01
0.000000000000000000e+00,1.532624661922454834e-01
0.000000000000000000e+00,1.541871726512908936e-01
0.000000000000000000e+00,1.493396759033203125e-01
0.000000000000000000e+00,2.050042003393173218e-01
0.000000000000000000e+00,1.950169801712036133e-01
0.000000000000000000e+00,1.541285514831542969e-01
0.000000000000000000e+00,1.596339643001556396e-01
0.000000000000000000e+00,1.541842967271804810e-01
0.000000000000000000e+00,1.556056141853332520e-01
0.000000000000000000e+00,1.783802807331085205e-01
0.000000000000000000e+00,1.790587455034255981e-01
0.000000000000000000e+00,1.724156886339187622e-01
0.000000000000000000e+00,1.535936146974563599e-01
0.000000000000000000e+00,1.578009426593780518e-01
0.000000000000000000e+00,2.607472836971282959e-01
0.000000000000000000e+00,1.716505289077758789e-01
0.000000000000000000e+00,1.904610693454742432e-01
0.000000000000000000e+00,1.803054809570312500e-01
0.000000000000000000e+00,1.761666238307952881e-01
0.000000000000000000e+00,1.602616310119628906e-01
0.000000000000000000e+00,1.725787818431854248e-01
0.000000000000000000e+00,1.688639670610427856e-01
0.000000000000000000e+00,1.877085864543914795e-01
0.000000000000000000e+00,1.563379466533660889e-01
0.000000000000000000e+00,1.704737544059753418e-01
0.000000000000000000e+00,1.752909868955612183e-01
0.000000000000000000e+00,1.548583954572677612e-01
0.000000000000000000e+00,1.573068499565124512e-01
0.000000000000000000e+00,1.821542382240295410e-01
0.000000000000000000e+00,2.312101423740386963e-01
0.000000000000000000e+00,1.488726884126663208e-01
0.000000000000000000e+00,1.629425287246704102e-01
0.000000000000000000e+00,1.401728987693786621e-01
0.000000000000000000e+00,2.294816225767135620e-01
0.000000000000000000e+00,2.173051238059997559e-01
0.000000000000000000e+00,1.871203333139419556e-01
0.000000000000000000e+00,2.259256690740585327e-01
0.000000000000000000e+00,1.703281849622726440e-01
0.000000000000000000e+00,2.747298479080200195e-01
0.000000000000000000e+00,1.587961912155151367e-01
0.000000000000000000e+00,1.659675240516662598e-01
0.000000000000000000e+00,2.062352597713470459e-01
0.000000000000000000e+00,1.785879135131835938e-01
0.000000000000000000e+00,1.730393022298812866e-01
0.000000000000000000e+00,1.876318901777267456e-01
0.000000000000000000e+00,2.205683290958404541e-01
0.000000000000000000e+00,2.127338200807571411e-01
0.000000000000000000e+00,1.912001222372055054e-01
0.000000000000000000e+00,1.944890320301055908e-01
0.000000000000000000e+00,1.549146771430969238e-01
0.000000000000000000e+00,1.809105277061462402e-01
0.000000000000000000e+00,1.931120902299880981e-01
0.000000000000000000e+00,2.329819500446319580e-01
0.000000000000000000e+00,1.799642443656921387e-01
0.000000000000000000e+00,1.776524186134338379e-01
0.000000000000000000e+00,1.796838194131851196e-01
0.000000000000000000e+00,1.735236048698425293e-01
0.000000000000000000e+00,1.886305809020996094e-01
0.000000000000000000e+00,1.966003477573394775e-01
0.000000000000000000e+00,1.745700091123580933e-01
0.000000000000000000e+00,1.848196685314178467e-01
0.000000000000000000e+00,1.847078055143356323e-01
0.000000000000000000e+00,2.028353661298751831e-01
0.000000000000000000e+00,1.499615907669067383e-01
0.000000000000000000e+00,2.076976597309112549e-01
0.000000000000000000e+00,1.932392865419387817e-01
0.000000000000000000e+00,2.188581824302673340e-01
0.000000000000000000e+00,3.244654238224029541e-01
0.000000000000000000e+00,2.922783195972442627e-01
0.000000000000000000e+00,2.239075750112533569e-01
0.000000000000000000e+00,1.632396280765533447e-01
0.000000000000000000e+00,2.249695360660552979e-01
0.000000000000000000e+00,1.709245741367340088e-01
0.000000000000000000e+00,2.265068739652633667e-01
0.000000000000000000e+00,1.959506571292877197e-01
0.000000000000000000e+00,3.186256885528564453e-01
0.000000000000000000e+00,1.915902048349380493e-01
0.000000000000000000e+00,1.818961054086685181e-01
0.000000000000000000e+00,1.456442475318908691e-01
0.000000000000000000e+00,1.983171999454498291e-01
0.000000000000000000e+00,3.218464553356170654e-01
0.000000000000000000e+00,2.637710869312286377e-01
0.000000000000000000e+00,2.427670806646347046e-01
0.000000000000000000e+00,1.994016766548156738e-01
0.000000000000000000e+00,2.582099437713623047e-01
0.000000000000000000e+00,1.598781198263168335e-01
0.000000000000000000e+00,1.952571272850036621e-01
0.000000000000000000e+00,1.811800748109817505e-01
0.000000000000000000e+00,1.810169965028762817e-01
0.000000000000000000e+00,1.289333850145339966e-01
0.000000000000000000e+00,1.537573337554931641e-01
0.000000000000000000e+00,1.475838720798492432e-01
0.000000000000000000e+00,2.484515011310577393e-01
0.000000000000000000e+00,1.296987831592559814e-01
0.000000000000000000e+00,1.769673228263854980e-01
0.000000000000000000e+00,1.575707495212554932e-01
0.000000000000000000e+00,1.743362545967102051e-01
0.000000000000000000e+00,1.532056629657745361e-01
0.000000000000000000e+00,1.580243855714797974e-01
0.000000000000000000e+00,1.564804911613464355e-01
0.000000000000000000e+00,1.413016766309738159e-01
0.000000000000000000e+00,1.583891659975051880e-01
0.000000000000000000e+00,1.732967793941497803e-01
0.000000000000000000e+00,2.083960920572280884e-01
0.000000000000000000e+00,1.876363307237625122e-01
0.000000000000000000e+00,2.194185554981231689e-01
0.000000000000000000e+00,1.995590180158615112e-01
0.000000000000000000e+00,1.425735950469970703e-01
0.000000000000000000e+00,1.578328311443328857e-01
0.000000000000000000e+00,1.734991073608398438e-01
0.000000000000000000e+00,1.557294428348541260e-01
0.000000000000000000e+00,1.704407334327697754e-01
0.000000000000000000e+00,1.623551696538925171e-01
0.000000000000000000e+00,1.473965197801589966e-01
0.000000000000000000e+00,1.987750828266143799e-01
0.000000000000000000e+00,1.341456770896911621e-01
0.000000000000000000e+00,1.621334254741668701e-01
0.000000000000000000e+00,1.380772143602371216e-01
0.000000000000000000e+00,1.658177524805068970e-01
0.000000000000000000e+00,1.377498507499694824e-01
0.000000000000000000e+00,1.456958949565887451e-01
0.000000000000000000e+00,1.573778092861175537e-01
0.000000000000000000e+00,1.588914543390274048e-01
0.000000000000000000e+00,1.561667621135711670e-01
0.000000000000000000e+00,1.457460522651672363e-01
0.000000000000000000e+00,1.595219522714614868e-01
0.000000000000000000e+00,1.611033082008361816e-01
0.000000000000000000e+00,1.391547769308090210e-01
0.000000000000000000e+00,1.420390754938125610e-01
0.000000000000000000e+00,1.589836776256561279e-01
0.000000000000000000e+00,1.760459542274475098e-01
0.000000000000000000e+00,1.768747121095657349e-01
0.000000000000000000e+00,1.613518595695495605e-01
0.000000000000000000e+00,1.319022029638290405e-01
0.000000000000000000e+00,1.550688594579696655e-01
0.000000000000000000e+00,1.587201356887817383e-01
0.000000000000000000e+00,1.988321989774703979e-01
0.000000000000000000e+00,1.560996919870376587e-01
0.000000000000000000e+00,1.360200494527816772e-01
0.000000000000000000e+00,1.505905985832214355e-01
0.000000000000000000e+00,1.494823247194290161e-01
0.000000000000000000e+00,1.517810970544815063e-01
0.000000000000000000e+00,1.736379414796829224e-01
0.000000000000000000e+00,1.584456562995910645e-01
0.000000000000000000e+00,1.660284996032714844e-01
0.000000000000000000e+00,1.377508640289306641e-01
0.000000000000000000e+00,1.394173502922058105e-01
0.000000000000000000e+00,2.512413859367370605e-01
0.000000000000000000e+00,1.640492379665374756e-01
0.000000000000000000e+00,1.337554454803466797e-01
0.000000000000000000e+00,2.126422971487045288e-01
0.000000000000000000e+00,2.243431061506271362e-01
0.000000000000000000e+00,1.839074194431304932e-01
0.000000000000000000e+00,3.598891496658325195e-01
0.000000000000000000e+00,1.925573050975799561e-01
0.000000000000000000e+00,1.600416302680969238e-01
0.000000000000000000e+00,1.832439899444580078e-01
0.000000000000000000e+00,1.773633062839508057e-01
0.000000000000000000e+00,1.537909954786300659e-01
0.000000000000000000e+00,1.901789009571075439e-01
0.000000000000000000e+00,2.028090357780456543e-01
0.000000000000000000e+00,1.848882734775543213e-01
0.000000000000000000e+00,1.947515457868576050e-01
0.000000000000000000e+00,1.882262527942657471e-01
0.000000000000000000e+00,1.731674373149871826e-01
0.000000000000000000e+00,1.615828871726989746e-01
0.000000000000000000e+00,1.634249389171600342e-01
0.000000000000000000e+00,1.686483472585678101e-01
0.000000000000000000e+00,1.863324046134948730e-01
0.000000000000000000e+00,1.660540699958801270e-01
0.000000000000000000e+00,1.958754509687423706e-01
0.000000000000000000e+00,1.779372096061706543e-01
0.000000000000000000e+00,1.714584827423095703e-01
0.000000000000000000e+00,1.851706057786941528e-01
0.000000000000000000e+00,1.967972368001937866e-01
0.000000000000000000e+00,2.065270692110061646e-01
0.000000000000000000e+00,1.605067998170852661e-01
0.000000000000000000e+00,1.427597552537918091e-01
0.000000000000000000e+00,1.871832460165023804e-01
0.000000000000000000e+00,1.849496066570281982e-01
0.000000000000000000e+00,1.895753592252731323e-01
0.000000000000000000e+00,1.922030746936798096e-01
0.000000000000000000e+00,1.628700643777847290e-01
0.000000000000000000e+00,1.268159151077270508e-01
0.000000000000000000e+00,1.565791815519332886e-01
0.000000000000000000e+00,1.742803752422332764e-01
0.000000000000000000e+00,1.783405244350433350e-01
0.000000000000000000e+00,1.715865433216094971e-01
0.000000000000000000e+00,1.591337025165557861e-01
0.000000000000000000e+00,2.045390903949737549e-01
0.000000000000000000e+00,1.967353075742721558e-01
0.000000000000000000e+00,3.788148760795593262e-01
0.000000000000000000e+00,3.016126751899719238e-01
0.000000000000000000e+00,3.137694299221038818e-01
0.000000000000000000e+00,3.273332118988037109e-01
0.000000000000000000e+00,1.835095137357711792e-01
0.000000000000000000e+00,1.781705617904663086e-01
0.000000000000000000e+00,1.692538857460021973e-01
0.000000000000000000e+00,1.573739349842071533e-01
0.000000000000000000e+00,1.709395349025726318e-01
0.000000000000000000e+00,1.479703485965728760e-01
0.000000000000000000e+00,1.768971383571624756e-01
0.000000000000000000e+00,1.509753614664077759e-01
0.000000000000000000e+00,1.596683412790298462e-01
0.000000000000000000e+00,2.095842808485031128e-01
0.000000000000000000e+00,1.757118701934814453e-01
0.000000000000000000e+00,1.732271462678909302e-01
0.000000000000000000e+00,1.578981131315231323e-01
0.000000000000000000e+00,1.706477254629135132e-01
0.000000000000000000e+00,1.426831781864166260e-01
0.000000000000000000e+00,1.496381461620330811e-01
0.000000000000000000e+00,1.516226530075073242e-01
0.000000000000000000e+00,1.742335408926010132e-01
0.000000000000000000e+00,1.615974903106689453e-01
0.000000000000000000e+00,2.195036858320236206e-01
0.000000000000000000e+00,1.518459320068359375e-01
0.000000000000000000e+00,2.137776315212249756e-01
0.000000000000000000e+00,1.782829761505126953e-01
0.000000000000000000e+00,1.890359818935394287e-01
0.000000000000000000e+00,1.569233089685440063e-01
0.000000000000000000e+00,1.923196017742156982e-01
0.000000000000000000e+00,1.583145856857299805e-01
0.000000000000000000e+00,1.724385917186737061e-01
0.000000000000000000e+00,1.567189842462539673e-01
0.000000000000000000e+00,1.687679886817932129e-01
0.000000000000000000e+00,2.366939187049865723e-01
0.000000000000000000e+00,1.675315499305725098e-01
0.000000000000000000e+00,2.034657299518585205e-01
0.000000000000000000e+00,2.018379569053649902e-01
0.000000000000000000e+00,2.350430339574813843e-01
0.000000000000000000e+00,2.013926357030868530e-01
0.000000000000000000e+00,1.596502214670181274e-01
0.000000000000000000e+00,1.451620906591415405e-01
0.000000000000000000e+00,2.109584510326385498e-01
0.000000000000000000e+00,2.045143097639083862e-01
0.000000000000000000e+00,1.625721007585525513e-01
0.000000000000000000e+00,1.989872753620147705e-01
0.000000000000000000e+00,2.057172358036041260e-01
0.000000000000000000e+00,1.821364164352416992e-01
0.000000000000000000e+00,1.647278815507888794e-01
0.000000000000000000e+00,2.156390547752380371e-01
0.000000000000000000e+00,2.047582417726516724e-01
0.000000000000000000e+00,3.392091095447540283e-01
0.000000000000000000e+00,1.662769168615341187e-01
0.000000000000000000e+00,1.782538592815399170e-01
0.000000000000000000e+00,1.584334075450897217e-01
0.000000000000000000e+00,2.008991092443466187e-01
0.000000000000000000e+00,1.769582927227020264e-01
0.000000000000000000e+00,1.729241609573364258e-01
0.000000000000000000e+00,2.149214148521423340e-01
0.000000000000000000e+00,1.554579734802246094e-01
0.000000000000000000e+00,1.886809319257736206e-01
0.000000000000000000e+00,1.826243698596954346e-01
0.000000000000000000e+00,1.691944152116775513e-01
0.000000000000000000e+00,1.512638181447982788e-01
0.000000000000000000e+00,1.864069849252700806e-01
0.000000000000000000e+00,1.761727184057235718e-01
0.000000000000000000e+00,1.606329232454299927e-01
0.000000000000000000e+00,2.078422456979751587e-01
0.000000000000000000e+00,1.928517818450927734e-01
0.000000000000000000e+00,1.605027914047241211e-01
0.000000000000000000e+00,1.631944477558135986e-01
0.000000000000000000e+00,1.466391980648040771e-01
0.000000000000000000e+00,1.754528880119323730e-01
0.000000000000000000e+00,1.804117560386657715e-01
0.000000000000000000e+00,2.607449293136596680e-01
0.000000000000000000e+00,2.265326380729675293e-01
0.000000000000000000e+00,1.721047908067703247e-01
0.000000000000000000e+00,2.656670510768890381e-01
0.000000000000000000e+00,3.042103052139282227e-01
0.000000000000000000e+00,1.924423575401306152e-01
0.000000000000000000e+00,1.799993813037872314e-01
0.000000000000000000e+00,2.034031748771667480e-01
0.000000000000000000e+00,1.848809272050857544e-01
0.000000000000000000e+00,2.168284654617309570e-01
0.000000000000000000e+00,1.960209906101226807e-01
0.000000000000000000e+00,1.777966618537902832e-01
0.000000000000000000e+00,1.574988812208175659e-01
0.000000000000000000e+00,2.403476834297180176e-01
0.000000000000000000e+00,1.778257042169570923e-01
0.000000000000000000e+00,1.840557903051376343e-01
0.000000000000000000e+00,1.927347183227539062e-01
0.000000000000000000e+00,1.815313100814819336e-01
0.000000000000000000e+00,1.980615556240081787e-01
0.000000000000000000e+00,2.420010268688201904e-01
0.000000000000000000e+00,2.249357551336288452e-01
0.000000000000000000e+00,1.911952793598175049e-01
0.000000000000000000e+00,1.631480306386947632e-01
0.000000000000000000e+00,1.625071167945861816e-01
0.000000000000000000e+00,2.049905657768249512e-01
0.000000000000000000e+00,2.167026996612548828e-01
0.000000000000000000e+00,1.852556616067886353e-01
0.000000000000000000e+00,1.687847375869750977e-01
0.000000000000000000e+00,1.829459071159362793e-01
0.000000000000000000e+00,1.730550378561019897e-01
0.000000000000000000e+00,1.925840377807617188e-01
0.000000000000000000e+00,1.992268264293670654e-01
0.000000000000000000e+00,2.408807277679443359e-01
0.000000000000000000e+00,2.034852206707000732e-01
0.000000000000000000e+00,1.549612879753112793e-01
0.000000000000000000e+00,1.718183606863021851e-01
0.000000000000000000e+00,1.718734651803970337e-01
0.000000000000000000e+00,1.669009327888488770e-01
0.000000000000000000e+00,1.868704557418823242e-01
0.000000000000000000e+00,2.732489407062530518e-01
0.000000000000000000e+00,1.505672335624694824e-01
0.000000000000000000e+00,1.540028750896453857e-01
0.000000000000000000e+00,1.923446655273437500e-01
0.000000000000000000e+00,1.599619388580322266e-01
0.000000000000000000e+00,1.616140305995941162e-01
0.000000000000000000e+00,1.636303365230560303e-01
0.000000000000000000e+00,1.668757945299148560e-01
0.000000000000000000e+00,1.392279565334320068e-01
0.000000000000000000e+00,1.899431645870208740e-01
0.000000000000000000e+00,1.883562654256820679e-01
0.000000000000000000e+00,1.492327004671096802e-01
0.000000000000000000e+00,1.822296530008316040e-01
0.000000000000000000e+00,1.479166001081466675e-01
0.000000000000000000e+00,1.710430085659027100e-01
0.000000000000000000e+00,1.772907227277755737e-01
0.000000000000000000e+00,1.545483022928237915e-01
0.000000000000000000e+00,1.609842479228973389e-01
0.000000000000000000e+00,1.680550724267959595e-01
0.000000000000000000e+00,1.398148983716964722e-01
0.000000000000000000e+00,1.642593592405319214e-01
0.000000000000000000e+00,1.811395138502120972e-01
0.000000000000000000e+00,1.750381141901016235e-01
0.000000000000000000e+00,1.890450119972229004e-01
0.000000000000000000e+00,1.467132270336151123e-01
0.000000000000000000e+00,1.421808451414108276e-01
0.000000000000000000e+00,1.730440557003021240e-01
0.000000000000000000e+00,1.604613363742828369e-01
0.000000000000000000e+00,1.487261801958084106e-01
0.000000000000000000e+00,1.334785521030426025e-01
0.000000000000000000e+00,2.031671702861785889e-01
0.000000000000000000e+00,1.506584435701370239e-01
0.000000000000000000e+00,2.215940952301025391e-01
0.000000000000000000e+00,1.664517521858215332e-01
0.000000000000000000e+00,1.410835981369018555e-01
0.000000000000000000e+00,1.430152952671051025e-01
0.000000000000000000e+00,1.487810462713241577e-01
0.000000000000000000e+00,1.513257324695587158e-01
0.000000000000000000e+00,1.629538834095001221e-01
0.000000000000000000e+00,1.791443377733230591e-01
0.000000000000000000e+00,1.818294823169708252e-01
0.000000000000000000e+00,1.776140779256820679e-01
0.000000000000000000e+00,1.840189397335052490e-01
0.000000000000000000e+00,1.910890340805053711e-01
0.000000000000000000e+00,1.885319948196411133e-01
0.000000000000000000e+00,1.843700110912322998e-01
0.000000000000000000e+00,1.900089383125305176e-01
0.000000000000000000e+00,1.820622235536575317e-01
0.000000000000000000e+00,1.812202930450439453e-01
0.000000000000000000e+00,1.458230316638946533e-01
0.000000000000000000e+00,1.852665245532989502e-01
0.000000000000000000e+00,2.878078222274780273e-01
0.000000000000000000e+00,1.727037578821182251e-01
0.000000000000000000e+00,2.325672507286071777e-01
0.000000000000000000e+00,2.261538952589035034e-01
0.000000000000000000e+00,1.836012154817581177e-01
0.000000000000000000e+00,1.864089220762252808e-01
0.000000000000000000e+00,1.737936586141586304e-01
0.000000000000000000e+00,1.458545625209808350e-01
0.000000000000000000e+00,1.963163763284683228e-01
0.000000000000000000e+00,3.225184977054595947e-01
0.000000000000000000e+00,2.392863631248474121e-01
0.000000000000000000e+00,2.439929693937301636e-01
0.000000000000000000e+00,1.774750649929046631e-01
0.000000000000000000e+00,1.794095337390899658e-01
1.000000000000000000e+00,4.277121722698211670e-01
1.000000000000000000e+00,5.473774075508117676e-01
1.000000000000000000e+00,5.036923289299011230e-01
1.000000000000000000e+00,3.842930495738983154e-01
1.000000000000000000e+00,4.569446444511413574e-01
1.000000000000000000e+00,5.218473672866821289e-01
1.000000000000000000e+00,4.501407146453857422e-01
1.000000000000000000e+00,4.081373810768127441e-01
1.000000000000000000e+00,4.571197628974914551e-01
1.000000000000000000e+00,4.419871270656585693e-01
1.000000000000000000e+00,4.554380774497985840e-01
1.000000000000000000e+00,4.747622907161712646e-01
1.000000000000000000e+00,4.672514200210571289e-01
1.000000000000000000e+00,4.237805902957916260e-01
1.000000000000000000e+00,3.578936457633972168e-01
1.000000000000000000e+00,4.260864257812500000e-01
1.000000000000000000e+00,3.996529281139373779e-01
1.000000000000000000e+00,3.798718452453613281e-01
1.000000000000000000e+00,4.497861862182617188e-01
1.000000000000000000e+00,3.708635270595550537e-01
1.000000000000000000e+00,4.669898152351379395e-01
1.000000000000000000e+00,4.752303957939147949e-01
1.000000000000000000e+00,4.194951951503753662e-01
1.000000000000000000e+00,4.070055186748504639e-01
1.000000000000000000e+00,5.430420041084289551e-01
1.000000000000000000e+00,3.915954232215881348e-01
1.000000000000000000e+00,4.696755409240722656e-01
1.000000000000000000e+00,4.532231092453002930e-01
1.000000000000000000e+00,4.269008934497833252e-01
1.000000000000000000e+00,4.986873567104339600e-01
1.000000000000000000e+00,4.642238020896911621e-01
1.000000000000000000e+00,4.622934460639953613e-01
1.000000000000000000e+00,4.340068101882934570e-01
1.000000000000000000e+00,3.894887268543243408e-01
1.000000000000000000e+00,4.723327159881591797e-01
1.000000000000000000e+00,3.813019394874572754e-01
1.000000000000000000e+00,4.008850455284118652e-01
1.000000000000000000e+00,4.052473604679107666e-01
1.000000000000000000e+00,3.530526161193847656e-01
1.000000000000000000e+00,3.933343887329101562e-01
1.000000000000000000e+00,4.077600240707397461e-01
1.000000000000000000e+00,5.187991857528686523e-01
1.000000000000000000e+00,4.015135765075683594e-01
1.000000000000000000e+00,5.003681778907775879e-01
1.000000000000000000e+00,3.373045921325683594e-01
1.000000000000000000e+00,4.108280241489410400e-01
1.000000000000000000e+00,4.522823095321655273e-01
1.000000000000000000e+00,4.140260517597198486e-01
1.000000000000000000e+00,3.822207152843475342e-01
1.000000000000000000e+00,4.347790181636810303e-01
1.000000000000000000e+00,3.762818276882171631e-01
1.000000000000000000e+00,4.500302076339721680e-01
1.000000000000000000e+00,4.147320985794067383e-01
1.000000000000000000e+00,4.305776357650756836e-01
1.000000000000000000e+00,3.769023418426513672e-01
1.000000000000000000e+00,4.179813861846923828e-01
1.000000000000000000e+00,4.719845354557037354e-01
1.000000000000000000e+00,3.905309438705444336e-01
1.000000000000000000e+00,3.324220180511474609e-01
1.000000000000000000e+00,4.284447729587554932e-01
1.000000000000000000e+00,5.647191405296325684e-01
1.000000000000000000e+00,4.387186765670776367e-01
1.000000000000000000e+00,4.617311358451843262e-01
1.000000000000000000e+00,4.077599644660949707e-01
1.000000000000000000e+00,4.817899167537689209e-01
1.000000000000000000e+00,3.549817204475402832e-01
1.000000000000000000e+00,4.144700765609741211e-01
1.000000000000000000e+00,3.717025518417358398e-01
1.000000000000000000e+00,4.629917740821838379e-01
1.000000000000000000e+00,3.933146595954895020e-01
1.000000000000000000e+00,4.763084053993225098e-01
1.000000000000000000e+00,5.066947340965270996e-01
1.000000000000000000e+00,3.670644462108612061e-01
1.000000000000000000e+00,4.850465655326843262e-01
1.000000000000000000e+00,4.407389760017395020e-01
1.000000000000000000e+00,4.612999260425567627e-01
1.000000000000000000e+00,4.616070389747619629e-01
1.000000000000000000e+00,4.675736725330352783e-01
1.000000000000000000e+00,4.721262454986572266e-01
1.000000000000000000e+00,3.988438844680786133e-01
1.000000000000000000e+00,3.590711951255798340e-01
1.000000000000000000e+00,4.049689173698425293e-01
1.000000000000000000e+00,5.050213932991027832e-01
1.000000000000000000e+00,4.087567925453186035e-01
1.000000000000000000e+00,4.230559766292572021e-01
1.000000000000000000e+00,4.671037793159484863e-01
1.000000000000000000e+00,4.743556678295135498e-01
1.000000000000000000e+00,4.667907655239105225e-01
1.000000000000000000e+00,5.009677410125732422e-01
1.000000000000000000e+00,4.348133802413940430e-01
1.000000000000000000e+00,4.530807733535766602e-01
1.000000000000000000e+00,5.350574254989624023e-01
1.000000000000000000e+00,3.930509686470031738e-01
1.000000000000000000e+00,4.229019582271575928e-01
1.000000000000000000e+00,4.343370795249938965e-01
1.000000000000000000e+00,4.826467931270599365e-01
1.000000000000000000e+00,4.195914566516876221e-01
1.000000000000000000e+00,4.498299360275268555e-01
1.000000000000000000e+00,3.713956773281097412e-01
1.000000000000000000e+00,4.282795786857604980e-01
1.000000000000000000e+00,4.215314984321594238e-01
1.000000000000000000e+00,4.818906188011169434e-01
1.000000000000000000e+00,3.967293500900268555e-01
1.000000000000000000e+00,5.039566755294799805e-01
1.000000000000000000e+00,4.549418687820434570e-01
1.000000000000000000e+00,5.213996171951293945e-01
1.000000000000000000e+00,4.579567313194274902e-01
1.000000000000000000e+00,4.313322305679321289e-01
1.000000000000000000e+00,4.840320050716400146e-01
1.000000000000000000e+00,4.309281110763549805e-01
1.000000000000000000e+00,5.119758844375610352e-01
1.000000000000000000e+00,4.837731719017028809e-01
1.000000000000000000e+00,4.739386439323425293e-01
1.000000000000000000e+00,4.784024655818939209e-01
1.000000000000000000e+00,4.875758588314056396e-01
1.000000000000000000e+00,3.940476179122924805e-01
1.000000000000000000e+00,4.180684387683868408e-01
1.000000000000000000e+00,3.696541190147399902e-01
1.000000000000000000e+00,4.066537022590637207e-01
1.000000000000000000e+00,4.064451754093170166e-01
1.000000000000000000e+00,4.032261073589324951e-01
1.000000000000000000e+00,4.037982821464538574e-01
1.000000000000000000e+00,3.948096036911010742e-01
1.000000000000000000e+00,4.654051065444946289e-01
1.000000000000000000e+00,4.724429845809936523e-01
1.000000000000000000e+00,3.506414890289306641e-01
1.000000000000000000e+00,4.807904362678527832e-01
1.000000000000000000e+00,4.265832304954528809e-01
1.000000000000000000e+00,4.444104433059692383e-01
1.000000000000000000e+00,4.611459374427795410e-01
1.000000000000000000e+00,5.091400146484375000e-01
1.000000000000000000e+00,5.404008626937866211e-01
1.000000000000000000e+00,4.633961915969848633e-01
1.000000000000000000e+00,4.321586787700653076e-01
1.000000000000000000e+00,4.461186826229095459e-01
1.000000000000000000e+00,4.050240814685821533e-01
1.000000000000000000e+00,3.466893434524536133e-01
1.000000000000000000e+00,4.736684858798980713e-01
1.000000000000000000e+00,4.446551501750946045e-01
1.000000000000000000e+00,4.556823670864105225e-01
1.000000000000000000e+00,4.046297669410705566e-01
1.000000000000000000e+00,4.516597986221313477e-01
1.000000000000000000e+00,3.938767611980438232e-01
1.000000000000000000e+00,4.632290601730346680e-01
1.000000000000000000e+00,3.801373243331909180e-01
1.000000000000000000e+00,4.460818171501159668e-01
1.000000000000000000e+00,5.202714800834655762e-01
1.000000000000000000e+00,3.979533612728118896e-01
1.000000000000000000e+00,4.676864743232727051e-01
1.000000000000000000e+00,5.205666422843933105e-01
1.000000000000000000e+00,4.664607048034667969e-01
1.000000000000000000e+00,4.750526249408721924e-01
1.000000000000000000e+00,4.989316761493682861e-01
1.000000000000000000e+00,3.142550289630889893e-01
1.000000000000000000e+00,4.000877439975738525e-01
1.000000000000000000e+00,4.534945785999298096e-01
1.000000000000000000e+00,3.935528397560119629e-01
1.000000000000000000e+00,4.375614225864410400e-01
1.000000000000000000e+00,4.217118322849273682e-01
1.000000000000000000e+00,3.707735836505889893e-01
1.000000000000000000e+00,3.940437138080596924e-01
1.000000000000000000e+00,4.001637101173400879e-01
1.000000000000000000e+00,3.982290923595428467e-01
1.000000000000000000e+00,4.435644447803497314e-01
1.000000000000000000e+00,3.857672214508056641e-01
1.000000000000000000e+00,4.461870789527893066e-01
1.000000000000000000e+00,4.179572761058807373e-01
1.000000000000000000e+00,4.702373743057250977e-01
1.000000000000000000e+00,4.313107430934906006e-01
1.000000000000000000e+00,4.309821426868438721e-01
1.000000000000000000e+00,5.209572315216064453e-01
1.000000000000000000e+00,4.510594010353088379e-01
1.000000000000000000e+00,4.305353760719299316e-01
1.000000000000000000e+00,4.373309016227722168e-01
1.000000000000000000e+00,3.829122185707092285e-01
1.000000000000000000e+00,4.445657134056091309e-01
1.000000000000000000e+00,4.028831720352172852e-01
1.000000000000000000e+00,4.054701328277587891e-01
1.000000000000000000e+00,4.637279510498046875e-01
1.000000000000000000e+00,5.038381218910217285e-01
1.000000000000000000e+00,4.170068502426147461e-01
1.000000000000000000e+00,3.882291316986083984e-01
1.000000000000000000e+00,3.379444777965545654e-01
1.000000000000000000e+00,4.838579893112182617e-01
1.000000000000000000e+00,4.175525307655334473e-01
1.000000000000000000e+00,4.262456893920898438e-01
1.000000000000000000e+00,4.116863012313842773e-01
1.000000000000000000e+00,4.641285836696624756e-01
1.000000000000000000e+00,4.142100214958190918e-01
1.000000000000000000e+00,3.847524821758270264e-01
1.000000000000000000e+00,3.826968967914581299e-01
1.000000000000000000e+00,3.795996606349945068e-01
1.000000000000000000e+00,3.786814510822296143e-01
1.000000000000000000e+00,5.336807966232299805e-01
1.000000000000000000e+00,4.715052843093872070e-01
1.000000000000000000e+00,3.914144933223724365e-01
1.000000000000000000e+00,4.864779710769653320e-01
1.000000000000000000e+00,5.015546679496765137e-01
1.000000000000000000e+00,4.372164607048034668e-01
1.000000000000000000e+00,4.799513518810272217e-01
1.000000000000000000e+00,4.400910437107086182e-01
1.000000000000000000e+00,4.032424688339233398e-01
1.000000000000000000e+00,4.278984665870666504e-01
1.000000000000000000e+00,3.730427324771881104e-01
1.000000000000000000e+00,4.753469824790954590e-01
1.000000000000000000e+00,4.652319848537445068e-01
1.000000000000000000e+00,4.137285351753234863e-01
1.000000000000000000e+00,4.466905295848846436e-01
1.000000000000000000e+00,4.468846917152404785e-01
1.000000000000000000e+00,4.300159215927124023e-01
1.000000000000000000e+00,4.020173549652099609e-01
1.000000000000000000e+00,4.633693099021911621e-01
1.000000000000000000e+00,4.115909039974212646e-01
1.000000000000000000e+00,3.886337280273437500e-01
1.000000000000000000e+00,5.487463474273681641e-01
1.000000000000000000e+00,4.164189994335174561e-01
1.000000000000000000e+00,5.108948349952697754e-01
1.000000000000000000e+00,4.528800845146179199e-01
1.000000000000000000e+00,4.462077617645263672e-01
1.000000000000000000e+00,4.451016783714294434e-01
1.000000000000000000e+00,4.842895269393920898e-01
1.000000000000000000e+00,5.139038562774658203e-01
1.000000000000000000e+00,4.954545497894287109e-01
1.000000000000000000e+00,4.439366161823272705e-01
1.000000000000000000e+00,4.712870121002197266e-01
1.000000000000000000e+00,3.903900384902954102e-01
1.000000000000000000e+00,4.002790451049804688e-01
1.000000000000000000e+00,3.498952984809875488e-01
1.000000000000000000e+00,3.844632208347320557e-01
1.000000000000000000e+00,4.155998826026916504e-01
1.000000000000000000e+00,4.062692523002624512e-01
1.000000000000000000e+00,3.783094882965087891e-01
1.000000000000000000e+00,3.712187409400939941e-01
1.000000000000000000e+00,4.618820548057556152e-01
1.000000000000000000e+00,5.293530225753784180e-01
1.000000000000000000e+00,4.730708599090576172e-01
1.000000000000000000e+00,3.842119872570037842e-01
1.000000000000000000e+00,4.495659768581390381e-01
1.000000000000000000e+00,5.269377231597900391e-01
1.000000000000000000e+00,4.288552999496459961e-01
1.000000000000000000e+00,4.472174942493438721e-01
1.000000000000000000e+00,4.838607311248779297e-01
1.000000000000000000e+00,4.421126246452331543e-01
1.000000000000000000e+00,4.096572995185852051e-01
1.000000000000000000e+00,4.872566163539886475e-01
1.000000000000000000e+00,4.629106521606445312e-01
1.000000000000000000e+00,3.737513124942779541e-01
1.000000000000000000e+00,3.525192737579345703e-01
1.000000000000000000e+00,4.233795404434204102e-01
1.000000000000000000e+00,3.996552824974060059e-01
1.000000000000000000e+00,4.435514807701110840e-01
1.000000000000000000e+00,3.776491880416870117e-01
1.000000000000000000e+00,4.380899071693420410e-01
1.000000000000000000e+00,4.966799616813659668e-01
1.000000000000000000e+00,4.145627021789550781e-01
1.000000000000000000e+00,5.386500954627990723e-01
1.000000000000000000e+00,4.529677629470825195e-01
1.000000000000000000e+00,4.247894883155822754e-01
1.000000000000000000e+00,4.388093352317810059e-01
1.000000000000000000e+00,4.151922762393951416e-01
1.000000000000000000e+00,3.618633449077606201e-01
1.000000000000000000e+00,4.228864908218383789e-01
1.000000000000000000e+00,4.173471629619598389e-01
1.000000000000000000e+00,5.312948822975158691e-01
1.000000000000000000e+00,4.477321505546569824e-01
1.000000000000000000e+00,4.431673586368560791e-01
1.000000000000000000e+00,4.546707570552825928e-01
1.000000000000000000e+00,3.732416331768035889e-01
1.000000000000000000e+00,4.475891888141632080e-01
1.000000000000000000e+00,3.404890000820159912e-01
1.000000000000000000e+00,3.965177536010742188e-01
1.000000000000000000e+00,4.307871162891387939e-01
1.000000000000000000e+00,4.491202831268310547e-01
1.000000000000000000e+00,4.277500808238983154e-01
1.000000000000000000e+00,4.029534757137298584e-01
1.000000000000000000e+00,4.219498038291931152e-01
1.000000000000000000e+00,4.313642084598541260e-01
1.000000000000000000e+00,4.419686794281005859e-01
1.000000000000000000e+00,4.584932625293731689e-01
1.000000000000000000e+00,4.244380593299865723e-01
1.000000000000000000e+00,3.716859221458435059e-01
1.000000000000000000e+00,5.197329521179199219e-01
1.000000000000000000e+00,4.685286581516265869e-01
1.000000000000000000e+00,4.198380112648010254e-01
1.000000000000000000e+00,4.726870059967041016e-01
1.000000000000000000e+00,4.748954176902770996e-01
1.000000000000000000e+00,3.824985325336456299e-01
1.000000000000000000e+00,4.540938735008239746e-01
1.000000000000000000e+00,4.028082489967346191e-01
1.000000000000000000e+00,4.533605873584747314e-01
1.000000000000000000e+00,4.214260876178741455e-01
1.000000000000000000e+00,5.351972579956054688e-01
1.000000000000000000e+00,4.899367988109588623e-01
1.000000000000000000e+00,4.216820895671844482e-01
1.000000000000000000e+00,3.590281009674072266e-01
1.000000000000000000e+00,5.043796896934509277e-01
1.000000000000000000e+00,4.098192453384399414e-01
1.000000000000000000e+00,4.380019307136535645e-01
1.000000000000000000e+00,4.439372122287750244e-01
1.000000000000000000e+00,4.064909517765045166e-01
1.000000000000000000e+00,4.024032056331634521e-01
1.000000000000000000e+00,4.423431754112243652e-01
1.000000000000000000e+00,4.454788863658905029e-01
1.000000000000000000e+00,4.841033816337585449e-01
1.000000000000000000e+00,5.524961948394775391e-01
1.000000000000000000e+00,4.533236920833587646e-01
1.000000000000000000e+00,4.853098988533020020e-01
1.000000000000000000e+00,4.382350444793701172e-01
1.000000000000000000e+00,4.828737974166870117e-01
1.000000000000000000e+00,4.748061597347259521e-01
1.000000000000000000e+00,4.868638515472412109e-01
1.000000000000000000e+00,5.014237165451049805e-01
1.000000000000000000e+00,5.114445686340332031e-01
1.000000000000000000e+00,4.237598180770874023e-01
1.000000000000000000e+00,5.519256591796875000e-01
1.000000000000000000e+00,4.039396941661834717e-01
1.000000000000000000e+00,4.539492726325988770e-01
1.000000000000000000e+00,4.671605825424194336e-01
1.000000000000000000e+00,4.985972344875335693e-01
1.000000000000000000e+00,5.161921381950378418e-01
1.000000000000000000e+00,5.635538101196289062e-01
1.000000000000000000e+00,4.633350968360900879e-01
1.000000000000000000e+00,5.343554615974426270e-01
1.000000000000000000e+00,4.548520445823669434e-01
1.000000000000000000e+00,4.423838853836059570e-01
1.000000000000000000e+00,4.350608289241790771e-01
1.000000000000000000e+00,4.812394380569458008e-01
1.000000000000000000e+00,4.578547477722167969e-01
1.000000000000000000e+00,3.973316252231597900e-01
1.000000000000000000e+00,5.008058547973632812e-01
1.000000000000000000e+00,3.469252884387969971e-01
1.000000000000000000e+00,3.951157033443450928e-01
1.000000000000000000e+00,3.561068773269653320e-01
1.000000000000000000e+00,4.478986859321594238e-01
1.000000000000000000e+00,3.509883880615234375e-01
1.000000000000000000e+00,5.647376179695129395e-01
1.000000000000000000e+00,4.725983142852783203e-01
1.000000000000000000e+00,4.226516783237457275e-01
1.000000000000000000e+00,4.907899498939514160e-01
1.000000000000000000e+00,3.680264353752136230e-01
1.000000000000000000e+00,5.210977792739868164e-01
1.000000000000000000e+00,4.526611268520355225e-01
1.000000000000000000e+00,4.200251400470733643e-01
1.000000000000000000e+00,4.284958541393280029e-01
1.000000000000000000e+00,3.183664083480834961e-01
1.000000000000000000e+00,4.571684598922729492e-01
1.000000000000000000e+00,4.309120178222656250e-01
1.000000000000000000e+00,4.801298379898071289e-01
1.000000000000000000e+00,4.160736203193664551e-01
1.000000000000000000e+00,3.774633407592773438e-01
1.000000000000000000e+00,5.179767608642578125e-01
1.000000000000000000e+00,4.443112015724182129e-01
1.000000000000000000e+00,3.810518980026245117e-01
1.000000000000000000e+00,3.914845585823059082e-01
1.000000000000000000e+00,3.976487219333648682e-01
1.000000000000000000e+00,3.965657949447631836e-01
1.000000000000000000e+00,4.441215395927429199e-01
1.000000000000000000e+00,3.897755146026611328e-01
1.000000000000000000e+00,3.338454961776733398e-01
1.000000000000000000e+00,4.069006443023681641e-01
1.000000000000000000e+00,3.975506126880645752e-01
1.000000000000000000e+00,4.545490145683288574e-01
1.000000000000000000e+00,4.232729375362396240e-01
1.000000000000000000e+00,3.671180009841918945e-01
1.000000000000000000e+00,4.312944412231445312e-01
1.000000000000000000e+00,4.337670803070068359e-01
1.000000000000000000e+00,4.210564494132995605e-01
1.000000000000000000e+00,4.276331663131713867e-01
1.000000000000000000e+00,4.506337642669677734e-01
1.000000000000000000e+00,3.698618113994598389e-01
1.000000000000000000e+00,3.867918252944946289e-01
1.000000000000000000e+00,5.074650049209594727e-01
1.000000000000000000e+00,4.581124782562255859e-01
1.000000000000000000e+00,4.813289344310760498e-01
1.000000000000000000e+00,4.475948810577392578e-01
1.000000000000000000e+00,4.283183515071868896e-01
1.000000000000000000e+00,3.978088200092315674e-01
1.000000000000000000e+00,4.507254958152770996e-01
1.000000000000000000e+00,4.199202358722686768e-01
1.000000000000000000e+00,3.460561931133270264e-01
1.000000000000000000e+00,3.651243150234222412e-01
1.000000000000000000e+00,3.542686402797698975e-01
1.000000000000000000e+00,4.234022796154022217e-01
1.000000000000000000e+00,4.477381706237792969e-01
1.000000000000000000e+00,4.400755763053894043e-01
1.000000000000000000e+00,4.691381752490997314e-01
1.000000000000000000e+00,3.866250514984130859e-01
1.000000000000000000e+00,3.614806532859802246e-01
1.000000000000000000e+00,3.485714793205261230e-01
1.000000000000000000e+00,4.235238134860992432e-01
1.000000000000000000e+00,3.875003755092620850e-01
1.000000000000000000e+00,4.301378130912780762e-01
1.000000000000000000e+00,4.370995163917541504e-01
1.000000000000000000e+00,4.442503750324249268e-01
1.000000000000000000e+00,5.575526952743530273e-01
1.000000000000000000e+00,4.255465269088745117e-01
1.000000000000000000e+00,3.703021109104156494e-01
1.000000000000000000e+00,4.276430606842041016e-01
1.000000000000000000e+00,3.831560313701629639e-01
1.000000000000000000e+00,3.640735447406768799e-01
1.000000000000000000e+00,4.348741173744201660e-01
1.000000000000000000e+00,3.725392222404479980e-01
1.000000000000000000e+00,4.223613739013671875e-01
1.000000000000000000e+00,4.343430995941162109e-01
1.000000000000000000e+00,4.119288027286529541e-01
1.000000000000000000e+00,4.266253411769866943e-01
1.000000000000000000e+00,5.071563720703125000e-01
1.000000000000000000e+00,5.637651085853576660e-01
1.000000000000000000e+00,4.439173340797424316e-01
1.000000000000000000e+00,3.940889239311218262e-01
1.000000000000000000e+00,4.238355159759521484e-01
1.000000000000000000e+00,4.464797973632812500e-01
1.000000000000000000e+00,3.890519738197326660e-01
1.000000000000000000e+00,5.037567615509033203e-01
1.000000000000000000e+00,4.635186791419982910e-01
1.000000000000000000e+00,4.087364077568054199e-01
1.000000000000000000e+00,3.874029815196990967e-01
1.000000000000000000e+00,3.757026791572570801e-01
1.000000000000000000e+00,4.101406633853912354e-01
1.000000000000000000e+00,3.969995081424713135e-01
1.000000000000000000e+00,5.101516246795654297e-01
1.000000000000000000e+00,3.953805863857269287e-01
1.000000000000000000e+00,4.243836402893066406e-01
1.000000000000000000e+00,4.623572826385498047e-01
1.000000000000000000e+00,4.382328987121582031e-01
1.000000000000000000e+00,4.161321520805358887e-01
1.000000000000000000e+00,4.819505214691162109e-01
1.000000000000000000e+00,4.189734458923339844e-01
1.000000000000000000e+00,4.696967899799346924e-01
1.000000000000000000e+00,3.971769809722900391e-01
1.000000000000000000e+00,3.899855315685272217e-01
1.000000000000000000e+00,4.379417896270751953e-01
1.000000000000000000e+00,4.511874318122863770e-01
1.000000000000000000e+00,4.211057126522064209e-01
1.000000000000000000e+00,3.853201866149902344e-01
1.000000000000000000e+00,4.543958604335784912e-01
1.000000000000000000e+00,4.162801504135131836e-01
1.000000000000000000e+00,3.829231858253479004e-01
1.000000000000000000e+00,4.205980896949768066e-01
1.000000000000000000e+00,4.535247683525085449e-01
1.000000000000000000e+00,3.779338002204895020e-01
1.000000000000000000e+00,3.626101613044738770e-01
1.000000000000000000e+00,3.964209854602813721e-01
1.000000000000000000e+00,3.858023583889007568e-01
1.000000000000000000e+00,4.295673668384552002e-01
1.000000000000000000e+00,4.016648530960083008e-01
1.000000000000000000e+00,5.011532902717590332e-01
1.000000000000000000e+00,4.453195333480834961e-01
1.000000000000000000e+00,4.632226228713989258e-01
1.000000000000000000e+00,4.623017907142639160e-01
1.000000000000000000e+00,3.787990510463714600e-01
1.000000000000000000e+00,5.308316946029663086e-01
1.000000000000000000e+00,4.534392356872558594e-01
1.000000000000000000e+00,4.314191937446594238e-01
1.000000000000000000e+00,3.989087343215942383e-01
1.000000000000000000e+00,3.501686751842498779e-01
1.000000000000000000e+00,3.849575519561767578e-01
1.000000000000000000e+00,4.038987457752227783e-01
1.000000000000000000e+00,4.751594662666320801e-01
1.000000000000000000e+00,4.874489903450012207e-01
1.000000000000000000e+00,4.677925109863281250e-01
1.000000000000000000e+00,4.997702538967132568e-01
1.000000000000000000e+00,4.508592486381530762e-01
1.000000000000000000e+00,3.772641122341156006e-01
1.000000000000000000e+00,3.759493231773376465e-01
1.000000000000000000e+00,4.128245711326599121e-01
1.000000000000000000e+00,4.549095034599304199e-01
1.000000000000000000e+00,3.611348271369934082e-01
1.000000000000000000e+00,4.422186613082885742e-01
1.000000000000000000e+00,4.337214231491088867e-01
1.000000000000000000e+00,3.832491636276245117e-01
1.000000000000000000e+00,5.090284943580627441e-01
1.000000000000000000e+00,4.720304608345031738e-01
1.000000000000000000e+00,4.290804266929626465e-01
1.000000000000000000e+00,3.743569254875183105e-01
1.000000000000000000e+00,3.446624875068664551e-01
1.000000000000000000e+00,4.204907715320587158e-01
1.000000000000000000e+00,4.307476282119750977e-01
1.000000000000000000e+00,3.914065062999725342e-01
1.000000000000000000e+00,5.320459604263305664e-01
1.000000000000000000e+00,4.121774435043334961e-01
1.000000000000000000e+00,5.499047040939331055e-01
1.000000000000000000e+00,4.610480070114135742e-01
1.000000000000000000e+00,4.229456186294555664e-01
1.000000000000000000e+00,4.393332004547119141e-01
1.000000000000000000e+00,4.498616456985473633e-01
1.000000000000000000e+00,4.193684160709381104e-01
1.000000000000000000e+00,4.066572487354278564e-01
1.000000000000000000e+00,3.599369525909423828e-01
1.000000000000000000e+00,4.439074993133544922e-01
1.000000000000000000e+00,4.537037611007690430e-01
1.000000000000000000e+00,4.103746414184570312e-01
1.000000000000000000e+00,3.728303313255310059e-01
1.000000000000000000e+00,5.074526071548461914e-01
1.000000000000000000e+00,3.841462731361389160e-01
1.000000000000000000e+00,4.232687354087829590e-01
1.000000000000000000e+00,4.366363883018493652e-01
1.000000000000000000e+00,3.960896134376525879e-01
1.000000000000000000e+00,3.985352218151092529e-01
1.000000000000000000e+00,3.919964730739593506e-01
1.000000000000000000e+00,3.822823166847229004e-01
1.000000000000000000e+00,5.746458768844604492e-01
1.000000000000000000e+00,3.593029677867889404e-01
1.000000000000000000e+00,4.839740395545959473e-01
1.000000000000000000e+00,5.058534145355224609e-01
1.000000000000000000e+00,3.787964284420013428e-01
1.000000000000000000e+00,4.988580346107482910e-01
1.000000000000000000e+00,4.082060456275939941e-01
1.000000000000000000e+00,4.489460289478302002e-01
1.000000000000000000e+00,5.226916670799255371e-01
1.000000000000000000e+00,4.312008917331695557e-01
1.000000000000000000e+00,4.676940441131591797e-01
1.000000000000000000e+00,4.680169224739074707e-01
1.000000000000000000e+00,4.403094053268432617e-01
1.000000000000000000e+00,4.950638413429260254e-01
1.000000000000000000e+00,3.125314712524414062e-01
1.000000000000000000e+00,4.388037621974945068e-01
1.000000000000000000e+00,4.131305217742919922e-01
1.000000000000000000e+00,4.609223604202270508e-01
1.000000000000000000e+00,4.941898882389068604e-01
1.000000000000000000e+00,4.764553308486938477e-01
1.000000000000000000e+00,4.494880437850952148e-01
1.000000000000000000e+00,3.835954368114471436e-01
1.000000000000000000e+00,4.308616220951080322e-01
1.000000000000000000e+00,3.803098797798156738e-01
1.000000000000000000e+00,3.494989871978759766e-01
1.000000000000000000e+00,4.220154285430908203e-01
1.000000000000000000e+00,3.935147523880004883e-01
1.000000000000000000e+00,3.519538640975952148e-01
1.000000000000000000e+00,5.986944437026977539e-01
1.000000000000000000e+00,3.842723071575164795e-01
1.000000000000000000e+00,3.622674942016601562e-01
1.000000000000000000e+00,4.457359313964843750e-01
1.000000000000000000e+00,3.516415357589721680e-01
1.000000000000000000e+00,4.366459250450134277e-01
1.000000000000000000e+00,4.029184877872467041e-01
1.000000000000000000e+00,5.304930210113525391e-01
1.000000000000000000e+00,4.933850169181823730e-01
1.000000000000000000e+00,4.606077373027801514e-01
1.000000000000000000e+00,4.141172170639038086e-01
1.000000000000000000e+00,5.050202608108520508e-01
1.000000000000000000e+00,4.485893547534942627e-01
1.000000000000000000e+00,4.335538446903228760e-01
1.000000000000000000e+00,4.720883369445800781e-01
1.000000000000000000e+00,4.474365115165710449e-01
1.000000000000000000e+00,4.563432335853576660e-01
1.000000000000000000e+00,3.451558947563171387e-01
1.000000000000000000e+00,4.148703217506408691e-01
1.000000000000000000e+00,3.956918120384216309e-01
1.000000000000000000e+00,4.296033978462219238e-01
1.000000000000000000e+00,3.692255318164825439e-01
1.000000000000000000e+00,4.476640820503234863e-01
1.000000000000000000e+00,4.113756418228149414e-01
1.000000000000000000e+00,4.614371359348297119e-01
1.000000000000000000e+00,4.535307288169860840e-01
1.000000000000000000e+00,4.160133302211761475e-01
1.000000000000000000e+00,4.037274122238159180e-01
1.000000000000000000e+00,5.135133266448974609e-01
1.000000000000000000e+00,3.905228972434997559e-01
1.000000000000000000e+00,4.309180974960327148e-01
1.000000000000000000e+00,3.535632193088531494e-01
1.000000000000000000e+00,3.757860064506530762e-01
1.000000000000000000e+00,3.578348159790039062e-01
1.000000000000000000e+00,4.266450107097625732e-01
1.000000000000000000e+00,4.422442913055419922e-01
1.000000000000000000e+00,3.910059332847595215e-01
1.000000000000000000e+00,4.283897280693054199e-01
1.000000000000000000e+00,4.974892735481262207e-01
1.000000000000000000e+00,4.555733799934387207e-01
1.000000000000000000e+00,4.646288752555847168e-01
1.000000000000000000e+00,4.491966962814331055e-01
1.000000000000000000e+00,3.892293274402618408e-01
1.000000000000000000e+00,4.304385483264923096e-01
1.000000000000000000e+00,3.462268114089965820e-01
1.000000000000000000e+00,3.896022439002990723e-01
1.000000000000000000e+00,4.220265150070190430e-01
1.000000000000000000e+00,4.547267854213714600e-01
1.000000000000000000e+00,5.160951018333435059e-01
1.000000000000000000e+00,4.561709165573120117e-01
1.000000000000000000e+00,4.707760810852050781e-01
1.000000000000000000e+00,4.234877824783325195e-01
1.000000000000000000e+00,3.667964339256286621e-01
1.000000000000000000e+00,4.510120153427124023e-01
1.000000000000000000e+00,4.949648082256317139e-01
1.000000000000000000e+00,4.955922961235046387e-01
1.000000000000000000e+00,4.057470858097076416e-01
1.000000000000000000e+00,4.621451497077941895e-01
1.000000000000000000e+00,4.095066785812377930e-01
1.000000000000000000e+00,4.871511161327362061e-01
1.000000000000000000e+00,4.522351622581481934e-01
1.000000000000000000e+00,5.266876220703125000e-01
1.000000000000000000e+00,5.260938405990600586e-01
1.000000000000000000e+00,4.081792533397674561e-01
1.000000000000000000e+00,4.401234388351440430e-01
1.000000000000000000e+00,4.325503706932067871e-01
1.000000000000000000e+00,3.869455158710479736e-01
1.000000000000000000e+00,4.213699102401733398e-01
1.000000000000000000e+00,3.693435192108154297e-01
1.000000000000000000e+00,3.961270749568939209e-01
1.000000000000000000e+00,4.702195227146148682e-01
1.000000000000000000e+00,4.243612885475158691e-01
1.000000000000000000e+00,4.721859097480773926e-01
1.000000000000000000e+00,4.736318290233612061e-01
1.000000000000000000e+00,3.666379153728485107e-01
1.000000000000000000e+00,4.269658327102661133e-01
1.000000000000000000e+00,3.984604477882385254e-01
1.000000000000000000e+00,4.666067361831665039e-01
1.000000000000000000e+00,3.846758604049682617e-01
1.000000000000000000e+00,3.630267679691314697e-01
1.000000000000000000e+00,4.054793417453765869e-01
1.000000000000000000e+00,3.933083415031433105e-01
1.000000000000000000e+00,4.050527811050415039e-01
1.000000000000000000e+00,4.395163059234619141e-01
1.000000000000000000e+00,4.377052485942840576e-01
1.000000000000000000e+00,5.082589387893676758e-01
1.000000000000000000e+00,3.709959387779235840e-01
1.000000000000000000e+00,4.408415555953979492e-01
1.000000000000000000e+00,4.829547405242919922e-01
1.000000000000000000e+00,3.106031417846679688e-01
1.000000000000000000e+00,4.416270852088928223e-01
1.000000000000000000e+00,4.144999086856842041e-01
1.000000000000000000e+00,5.241119265556335449e-01
1.000000000000000000e+00,4.312347173690795898e-01
1.000000000000000000e+00,4.138015210628509521e-01
1.000000000000000000e+00,4.310303330421447754e-01
1.000000000000000000e+00,3.813348412513732910e-01
1.000000000000000000e+00,4.604865908622741699e-01
1.000000000000000000e+00,4.378481209278106689e-01
1.000000000000000000e+00,3.750719726085662842e-01
1.000000000000000000e+00,4.479117393493652344e-01
1.000000000000000000e+00,3.564526438713073730e-01
1.000000000000000000e+00,4.409488737583160400e-01
1.000000000000000000e+00,4.642837643623352051e-01
1.000000000000000000e+00,4.084355235099792480e-01
1.000000000000000000e+00,4.240792691707611084e-01
1.000000000000000000e+00,5.403312444686889648e-01
1.000000000000000000e+00,4.014987647533416748e-01
1.000000000000000000e+00,5.608958601951599121e-01
1.000000000000000000e+00,4.640687704086303711e-01
1.000000000000000000e+00,4.644138813018798828e-01
1.000000000000000000e+00,4.698181748390197754e-01
1.000000000000000000e+00,4.296655356884002686e-01
1.000000000000000000e+00,4.164146780967712402e-01
1.000000000000000000e+00,4.213519990444183350e-01
1.000000000000000000e+00,4.426338672637939453e-01
1.000000000000000000e+00,3.647308349609375000e-01
1.000000000000000000e+00,5.340354442596435547e-01
1.000000000000000000e+00,4.836683273315429688e-01
1.000000000000000000e+00,4.398858845233917236e-01
1.000000000000000000e+00,4.671778082847595215e-01
1.000000000000000000e+00,4.198911488056182861e-01
1.000000000000000000e+00,5.960400104522705078e-01
1.000000000000000000e+00,4.561879038810729980e-01
1.000000000000000000e+00,4.874438643455505371e-01
1.000000000000000000e+00,4.011955857276916504e-01
1.000000000000000000e+00,4.343605041503906250e-01
1.000000000000000000e+00,4.864249825477600098e-01
1.000000000000000000e+00,5.401946306228637695e-01
1.000000000000000000e+00,5.092808604240417480e-01
1.000000000000000000e+00,4.816231727600097656e-01
1.000000000000000000e+00,5.837237834930419922e-01
1.000000000000000000e+00,4.159144759178161621e-01
1.000000000000000000e+00,4.232501387596130371e-01
1.000000000000000000e+00,3.990707993507385254e-01
1.000000000000000000e+00,4.585830569267272949e-01
1.000000000000000000e+00,4.013221859931945801e-01
1.000000000000000000e+00,4.454411268234252930e-01
1.000000000000000000e+00,3.685190081596374512e-01
1.000000000000000000e+00,4.807728528976440430e-01
1.000000000000000000e+00,3.811589479446411133e-01
1.000000000000000000e+00,4.174440205097198486e-01
1.000000000000000000e+00,5.051445960998535156e-01
1.000000000000000000e+00,3.927382826805114746e-01
1.000000000000000000e+00,4.927788674831390381e-01
1.000000000000000000e+00,3.263251483440399170e-01
1.000000000000000000e+00,4.201016426086425781e-01
1.000000000000000000e+00,3.774338662624359131e-01
1.000000000000000000e+00,3.434139788150787354e-01
1.000000000000000000e+00,4.379261136054992676e-01
1.000000000000000000e+00,4.567401409149169922e-01
1.000000000000000000e+00,4.083753228187561035e-01
1.000000000000000000e+00,4.235101342201232910e-01
1.000000000000000000e+00,3.937621116638183594e-01
1.000000000000000000e+00,3.729213476181030273e-01
1.000000000000000000e+00,4.253883957862854004e-01
1.000000000000000000e+00,3.848855793476104736e-01
1.000000000000000000e+00,4.246203601360321045e-01
1.000000000000000000e+00,5.003510713577270508e-01
1.000000000000000000e+00,4.338799715042114258e-01
1.000000000000000000e+00,4.960948228836059570e-01
1.000000000000000000e+00,4.752329289913177490e-01
1.000000000000000000e+00,3.647222518920898438e-01
1.000000000000000000e+00,4.204160571098327637e-01
1.000000000000000000e+00,5.343198180198669434e-01
1.000000000000000000e+00,4.686512947082519531e-01
1.000000000000000000e+00,3.352781236171722412e-01
1.000000000000000000e+00,4.175100922584533691e-01
1.000000000000000000e+00,4.410289227962493896e-01
1.000000000000000000e+00,4.409980773925781250e-01
1.000000000000000000e+00,4.455178976058959961e-01
1.000000000000000000e+00,4.820719063282012939e-01
1.000000000000000000e+00,4.822888374328613281e-01
1.000000000000000000e+00,4.105079770088195801e-01
1.000000000000000000e+00,3.965368270874023438e-01
1.000000000000000000e+00,4.475690126419067383e-01
1.000000000000000000e+00,4.888828992843627930e-01
1.000000000000000000e+00,4.540557265281677246e-01
1.000000000000000000e+00,4.670695066452026367e-01
1.000000000000000000e+00,4.579476416110992432e-01
1.000000000000000000e+00,4.750021100044250488e-01
1.000000000000000000e+00,5.118030905723571777e-01
1.000000000000000000e+00,4.439716935157775879e-01
1.000000000000000000e+00,5.753220319747924805e-01
1.000000000000000000e+00,4.310757815837860107e-01
1.000000000000000000e+00,3.553852140903472900e-01
1.000000000000000000e+00,4.142592847347259521e-01
1.000000000000000000e+00,4.111746549606323242e-01
1.000000000000000000e+00,4.332222342491149902e-01
1.000000000000000000e+00,4.228839278221130371e-01
1.000000000000000000e+00,3.498035371303558350e-01
1.000000000000000000e+00,3.977487087249755859e-01
1.000000000000000000e+00,4.611869454383850098e-01
1.000000000000000000e+00,4.751209318637847900e-01
1.000000000000000000e+00,4.424339234828948975e-01
1.000000000000000000e+00,3.941338062286376953e-01
1.000000000000000000e+00,3.750466704368591309e-01
1.000000000000000000e+00,4.223884642124176025e-01
1.000000000000000000e+00,4.119934439659118652e-01
1.000000000000000000e+00,5.118331909179687500e-01
1.000000000000000000e+00,4.859235882759094238e-01
1.000000000000000000e+00,4.216770231723785400e-01
1.000000000000000000e+00,4.603933691978454590e-01
1.000000000000000000e+00,3.472931385040283203e-01
1.000000000000000000e+00,4.150342047214508057e-01
1.000000000000000000e+00,3.914513885974884033e-01
1.000000000000000000e+00,4.656107127666473389e-01
1.000000000000000000e+00,3.771324157714843750e-01
1.000000000000000000e+00,4.701901078224182129e-01
1.000000000000000000e+00,5.122802257537841797e-01
1.000000000000000000e+00,4.831467866897583008e-01
1.000000000000000000e+00,4.523490667343139648e-01
1.000000000000000000e+00,4.687967300415039062e-01
1.000000000000000000e+00,4.429781436920166016e-01
1.000000000000000000e+00,4.117730259895324707e-01
1.000000000000000000e+00,4.261552691459655762e-01
1.000000000000000000e+00,4.553617537021636963e-01
1.000000000000000000e+00,4.628161191940307617e-01
1.000000000000000000e+00,4.490040540695190430e-01
1.000000000000000000e+00,4.316940903663635254e-01
1.000000000000000000e+00,4.151958227157592773e-01
1.000000000000000000e+00,4.321703314781188965e-01
1.000000000000000000e+00,4.192836284637451172e-01
1.000000000000000000e+00,4.050825238227844238e-01
1.000000000000000000e+00,4.883311986923217773e-01
1.000000000000000000e+00,4.010017514228820801e-01
1.000000000000000000e+00,3.807699978351593018e-01
1.000000000000000000e+00,3.780342042446136475e-01
1.000000000000000000e+00,5.722740888595581055e-01
1.000000000000000000e+00,5.545916557312011719e-01
1.000000000000000000e+00,4.246899783611297607e-01
1.000000000000000000e+00,3.936625123023986816e-01
1.000000000000000000e+00,4.612860977649688721e-01
1.000000000000000000e+00,3.350456953048706055e-01
1.000000000000000000e+00,3.285338878631591797e-01
1.000000000000000000e+00,4.233795404434204102e-01
1.000000000000000000e+00,4.381779730319976807e-01
1.000000000000000000e+00,4.037509262561798096e-01
1.000000000000000000e+00,4.078388512134552002e-01
1.000000000000000000e+00,4.695399999618530273e-01
1.000000000000000000e+00,3.902123570442199707e-01
1.000000000000000000e+00,3.514458239078521729e-01
1.000000000000000000e+00,4.150037467479705811e-01
1.000000000000000000e+00,3.782179057598114014e-01
1.000000000000000000e+00,4.279655814170837402e-01
1.000000000000000000e+00,3.957843780517578125e-01
1.000000000000000000e+00,4.776511788368225098e-01
1.000000000000000000e+00,4.189541041851043701e-01
1.000000000000000000e+00,4.548838138580322266e-01
1.000000000000000000e+00,3.768145442008972168e-01
1.000000000000000000e+00,4.119394123554229736e-01
1.000000000000000000e+00,4.228148460388183594e-01
1.000000000000000000e+00,4.470823407173156738e-01
1.000000000000000000e+00,5.118606090545654297e-01
1.000000000000000000e+00,3.199863135814666748e-01
1.000000000000000000e+00,4.861839413642883301e-01
1.000000000000000000e+00,3.584932684898376465e-01
1.000000000000000000e+00,3.784688711166381836e-01
1.000000000000000000e+00,4.604270458221435547e-01
1.000000000000000000e+00,4.246970713138580322e-01
1.000000000000000000e+00,4.261643290519714355e-01
1.000000000000000000e+00,5.007151961326599121e-01
1.000000000000000000e+00,3.761038184165954590e-01
1.000000000000000000e+00,3.989905714988708496e-01
1.000000000000000000e+00,4.370228052139282227e-01
1.000000000000000000e+00,4.735444188117980957e-01
1.000000000000000000e+00,3.754356205463409424e-01
1.000000000000000000e+00,4.681659340858459473e-01
1.000000000000000000e+00,4.213276505470275879e-01
1.000000000000000000e+00,4.032961130142211914e-01
1.000000000000000000e+00,3.664255142211914062e-01
1.000000000000000000e+00,4.448533058166503906e-01
1.000000000000000000e+00,4.022199511528015137e-01
1.000000000000000000e+00,4.033697843551635742e-01
1.000000000000000000e+00,4.280482232570648193e-01
1.000000000000000000e+00,4.344677329063415527e-01
1.000000000000000000e+00,4.736574292182922363e-01
1.000000000000000000e+00,4.198231995105743408e-01
1.000000000000000000e+00,4.427436590194702148e-01
1.000000000000000000e+00,4.350120127201080322e-01
1.000000000000000000e+00,4.217744171619415283e-01
1.000000000000000000e+00,4.109617471694946289e-01
1.000000000000000000e+00,4.632077813148498535e-01
1.000000000000000000e+00,4.549525976181030273e-01
1.000000000000000000e+00,5.015702247619628906e-01
1.000000000000000000e+00,4.316185712814331055e-01
1.000000000000000000e+00,4.377535283565521240e-01
1.000000000000000000e+00,4.834692478179931641e-01
1.000000000000000000e+00,4.422091245651245117e-01
1.000000000000000000e+00,5.181264877319335938e-01
1.000000000000000000e+00,4.455341100692749023e-01
1.000000000000000000e+00,4.510765969753265381e-01
1.000000000000000000e+00,4.248219728469848633e-01
1.000000000000000000e+00,4.820170998573303223e-01
1.000000000000000000e+00,4.325201511383056641e-01
1.000000000000000000e+00,4.488275647163391113e-01
1.000000000000000000e+00,4.098936915397644043e-01
1.000000000000000000e+00,4.064313173294067383e-01
1.000000000000000000e+00,4.208046197891235352e-01
1.000000000000000000e+00,4.137564599514007568e-01
1.000000000000000000e+00,4.202859401702880859e-01
1.000000000000000000e+00,3.783119022846221924e-01
1.000000000000000000e+00,4.494463503360748291e-01
1.000000000000000000e+00,3.713512718677520752e-01
1.000000000000000000e+00,3.829969465732574463e-01
1.000000000000000000e+00,3.940342664718627930e-01
1.000000000000000000e+00,4.294409453868865967e-01
1.000000000000000000e+00,4.449836611747741699e-01
1.000000000000000000e+00,4.193623363971710205e-01
1.000000000000000000e+00,4.391746819019317627e-01
1.000000000000000000e+00,3.657967746257781982e-01
1.000000000000000000e+00,3.704662919044494629e-01
1.000000000000000000e+00,4.476495385169982910e-01
1.000000000000000000e+00,4.653906226158142090e-01
1.000000000000000000e+00,3.707171380519866943e-01
1.000000000000000000e+00,4.043074846267700195e-01
1.000000000000000000e+00,4.247186183929443359e-01
1.000000000000000000e+00,4.797225892543792725e-01
1.000000000000000000e+00,3.643533289432525635e-01
1.000000000000000000e+00,3.895644545555114746e-01
1.000000000000000000e+00,4.611544013023376465e-01
1.000000000000000000e+00,4.627580642700195312e-01
1.000000000000000000e+00,4.690327048301696777e-01
1.000000000000000000e+00,4.503722488880157471e-01
1.000000000000000000e+00,4.040538668632507324e-01
1.000000000000000000e+00,4.749532938003540039e-01
1.000000000000000000e+00,4.119229316711425781e-01
1.000000000000000000e+00,4.179720580577850342e-01
1.000000000000000000e+00,4.294812679290771484e-01
1.000000000000000000e+00,4.101051688194274902e-01
1.000000000000000000e+00,4.174547195434570312e-01
1.000000000000000000e+00,3.696756660938262939e-01
1.000000000000000000e+00,4.099473655223846436e-01
1.000000000000000000e+00,3.511196374893188477e-01
1.000000000000000000e+00,4.395697116851806641e-01
1.000000000000000000e+00,3.785369396209716797e-01
1.000000000000000000e+00,4.248697161674499512e-01
1.000000000000000000e+00,4.053868055343627930e-01
1.000000000000000000e+00,4.863082170486450195e-01
1.000000000000000000e+00,4.609494209289550781e-01
1.000000000000000000e+00,4.823694229125976562e-01
1.000000000000000000e+00,4.585490524768829346e-01
1.000000000000000000e+00,4.244452416896820068e-01
1.000000000000000000e+00,4.369826912879943848e-01
1.000000000000000000e+00,4.392194449901580811e-01
1.000000000000000000e+00,4.728488028049468994e-01
1.000000000000000000e+00,3.943065106868743896e-01
1.000000000000000000e+00,4.994054436683654785e-01
1.000000000000000000e+00,4.664110243320465088e-01
1.000000000000000000e+00,4.306058585643768311e-01
1.000000000000000000e+00,4.420840740203857422e-01
1.000000000000000000e+00,4.690433442592620850e-01
1.000000000000000000e+00,4.169251620769500732e-01
1.000000000000000000e+00,5.405791997909545898e-01
1.000000000000000000e+00,4.375180304050445557e-01
1.000000000000000000e+00,4.229344129562377930e-01
1.000000000000000000e+00,4.860147833824157715e-01
1.000000000000000000e+00,4.148465692996978760e-01
1.000000000000000000e+00,4.506104588508605957e-01
1.000000000000000000e+00,4.462421834468841553e-01
1.000000000000000000e+00,4.735463261604309082e-01
1.000000000000000000e+00,5.428411364555358887e-01
1.000000000000000000e+00,3.705570399761199951e-01
1.000000000000000000e+00,3.784448802471160889e-01
1.000000000000000000e+00,4.997681975364685059e-01
1.000000000000000000e+00,5.097278356552124023e-01
1.000000000000000000e+00,3.288292288780212402e-01
1.000000000000000000e+00,4.141530096530914307e-01
1.000000000000000000e+00,4.860329031944274902e-01
1.000000000000000000e+00,3.973295390605926514e-01
1.000000000000000000e+00,4.529637992382049561e-01
1.000000000000000000e+00,3.537817597389221191e-01
1.000000000000000000e+00,4.312213659286499023e-01
1.000000000000000000e+00,4.143919050693511963e-01
1.000000000000000000e+00,4.017769098281860352e-01
1.000000000000000000e+00,5.318936109542846680e-01
1.000000000000000000e+00,4.380713701248168945e-01
1.000000000000000000e+00,4.368262887001037598e-01
1.000000000000000000e+00,4.692874848842620850e-01
1.000000000000000000e+00,4.741218686103820801e-01
1.000000000000000000e+00,4.894379079341888428e-01
1.000000000000000000e+00,4.660468101501464844e-01
1.000000000000000000e+00,4.299250245094299316e-01
1.000000000000000000e+00,4.772774875164031982e-01
1.000000000000000000e+00,4.566614627838134766e-01
1.000000000000000000e+00,4.534919559955596924e-01
1.000000000000000000e+00,4.335764646530151367e-01
1.000000000000000000e+00,4.287451207637786865e-01
1.000000000000000000e+00,4.634417891502380371e-01
1.000000000000000000e+00,5.032217502593994141e-01
1.000000000000000000e+00,4.373355805873870850e-01
1.000000000000000000e+00,4.244605004787445068e-01
1.000000000000000000e+00,3.806748390197753906e-01
1.000000000000000000e+00,4.239626526832580566e-01
1.000000000000000000e+00,4.710438847541809082e-01
1.000000000000000000e+00,4.194567203521728516e-01
1.000000000000000000e+00,5.332722067832946777e-01
1.000000000000000000e+00,4.370284974575042725e-01
1.000000000000000000e+00,4.450149536132812500e-01
1.000000000000000000e+00,4.734160900115966797e-01
1.000000000000000000e+00,3.964917063713073730e-01
1.000000000000000000e+00,3.998981714248657227e-01
1.000000000000000000e+00,4.131478965282440186e-01
1.000000000000000000e+00,3.506896793842315674e-01
1.000000000000000000e+00,4.459030628204345703e-01
1.000000000000000000e+00,4.495878815650939941e-01
1.000000000000000000e+00,4.175579249858856201e-01
1.000000000000000000e+00,5.008884668350219727e-01
1.000000000000000000e+00,4.690280258655548096e-01
1.000000000000000000e+00,4.111306071281433105e-01
1.000000000000000000e+00,4.644550085067749023e-01
1.000000000000000000e+00,4.213470220565795898e-01
1.000000000000000000e+00,4.107198119163513184e-01
1.000000000000000000e+00,3.880019783973693848e-01
1.000000000000000000e+00,3.800699114799499512e-01
1.000000000000000000e+00,4.600757956504821777e-01
1.000000000000000000e+00,4.526174664497375488e-01
1.000000000000000000e+00,4.580225348472595215e-01
1.000000000000000000e+00,4.834488630294799805e-01
1.000000000000000000e+00,4.531896114349365234e-01
1.000000000000000000e+00,4.616461098194122314e-01
1.000000000000000000e+00,5.063760876655578613e-01
1.000000000000000000e+00,4.580775499343872070e-01
1.000000000000000000e+00,3.985923528671264648e-01
1.000000000000000000e+00,4.667571783065795898e-01
1.000000000000000000e+00,4.616629779338836670e-01
1.000000000000000000e+00,4.307356476783752441e-01
1.000000000000000000e+00,4.722343981266021729e-01
1.000000000000000000e+00,4.687127470970153809e-01
1.000000000000000000e+00,4.174729287624359131e-01
1.000000000000000000e+00,4.303856492042541504e-01
1.000000000000000000e+00,4.550014734268188477e-01
1.000000000000000000e+00,4.064255952835083008e-01
1.000000000000000000e+00,4.857687354087829590e-01
1.000000000000000000e+00,3.782671988010406494e-01
1.000000000000000000e+00,4.896878302097320557e-01
1.000000000000000000e+00,3.881093263626098633e-01
1.000000000000000000e+00,4.370294809341430664e-01
1.000000000000000000e+00,4.006863534450531006e-01
1.000000000000000000e+00,4.500329494476318359e-01
1.000000000000000000e+00,5.107761621475219727e-01
1.000000000000000000e+00,4.194802045822143555e-01
1.000000000000000000e+00,4.041128158569335938e-01
1.000000000000000000e+00,4.844939112663269043e-01
1.000000000000000000e+00,3.540924787521362305e-01
1.000000000000000000e+00,3.776524960994720459e-01
1.000000000000000000e+00,4.385858774185180664e-01
1.000000000000000000e+00,4.166311025619506836e-01
1.000000000000000000e+00,4.267936348915100098e-01
1.000000000000000000e+00,4.097464084625244141e-01
1.000000000000000000e+00,3.788676559925079346e-01
1.000000000000000000e+00,4.313610196113586426e-01
1.000000000000000000e+00,4.045017361640930176e-01
1.000000000000000000e+00,4.151262640953063965e-01
1.000000000000000000e+00,3.781863749027252197e-01
1.000000000000000000e+00,4.111416339874267578e-01
1.000000000000000000e+00,4.354812502861022949e-01
1.000000000000000000e+00,4.128279089927673340e-01
1.000000000000000000e+00,4.339613616466522217e-01
1.000000000000000000e+00,4.940827488899230957e-01
1.000000000000000000e+00,4.797298908233642578e-01
1.000000000000000000e+00,4.295699596405029297e-01
1.000000000000000000e+00,3.915765583515167236e-01
1.000000000000000000e+00,4.388726353645324707e-01
1.000000000000000000e+00,3.926539719104766846e-01
1.000000000000000000e+00,4.277669489383697510e-01
1.000000000000000000e+00,3.938060998916625977e-01
1.000000000000000000e+00,4.535347819328308105e-01
1.000000000000000000e+00,4.774591922760009766e-01
1.000000000000000000e+00,3.374305665493011475e-01
1.000000000000000000e+00,4.510011076927185059e-01
1.000000000000000000e+00,3.728756606578826904e-01
1.000000000000000000e+00,4.786347746849060059e-01
1.000000000000000000e+00,3.902783989906311035e-01
1.000000000000000000e+00,4.577811956405639648e-01
1.000000000000000000e+00,4.443199038505554199e-01
1.000000000000000000e+00,3.832135796546936035e-01
1.000000000000000000e+00,3.889781832695007324e-01
1.000000000000000000e+00,4.144768714904785156e-01
1.000000000000000000e+00,4.691194891929626465e-01
1.000000000000000000e+00,4.611380100250244141e-01
1.000000000000000000e+00,4.308806061744689941e-01
1.000000000000000000e+00,3.455441296100616455e-01
1.000000000000000000e+00,4.121848940849304199e-01
1.000000000000000000e+00,5.203114748001098633e-01
1.000000000000000000e+00,4.338184595108032227e-01
1.000000000000000000e+00,4.349805116653442383e-01
1.000000000000000000e+00,3.748057484626770020e-01
1.000000000000000000e+00,3.845002055168151855e-01
1.000000000000000000e+00,3.988988995552062988e-01
1.000000000000000000e+00,3.825144469738006592e-01
1.000000000000000000e+00,4.510536193847656250e-01
1.000000000000000000e+00,4.953435361385345459e-01
1.000000000000000000e+00,4.397187232971191406e-01
1.000000000000000000e+00,4.608821868896484375e-01
1.000000000000000000e+00,4.529532194137573242e-01
1.000000000000000000e+00,4.022810161113739014e-01
1.000000000000000000e+00,3.999090790748596191e-01
1.000000000000000000e+00,3.887255191802978516e-01
1.000000000000000000e+00,4.142561256885528564e-01
1.000000000000000000e+00,3.823263645172119141e-01
1.000000000000000000e+00,3.876244723796844482e-01
1.000000000000000000e+00,5.130388140678405762e-01
1.000000000000000000e+00,5.144714117050170898e-01
1.000000000000000000e+00,4.586892127990722656e-01
1.000000000000000000e+00,4.301239252090454102e-01
1.000000000000000000e+00,4.379945397377014160e-01
1.000000000000000000e+00,3.848013877868652344e-01
1.000000000000000000e+00,4.442105889320373535e-01
1.000000000000000000e+00,5.048489570617675781e-01
1.000000000000000000e+00,4.503151178359985352e-01
1.000000000000000000e+00,4.503190517425537109e-01
1.000000000000000000e+00,4.260962605476379395e-01
1.000000000000000000e+00,4.449489116668701172e-01
1.000000000000000000e+00,4.056572318077087402e-01
1.000000000000000000e+00,3.752129077911376953e-01
1.000000000000000000e+00,4.850390553474426270e-01
1.000000000000000000e+00,4.896965026855468750e-01
1.000000000000000000e+00,3.975056409835815430e-01
1.000000000000000000e+00,3.737009763717651367e-01
1.000000000000000000e+00,4.631125032901763916e-01
1.000000000000000000e+00,3.965713679790496826e-01
1.000000000000000000e+00,5.149993896484375000e-01
1.000000000000000000e+00,4.510595202445983887e-01
1.000000000000000000e+00,4.832049310207366943e-01
1.000000000000000000e+00,3.927450180053710938e-01
1.000000000000000000e+00,3.665868639945983887e-01
1.000000000000000000e+00,5.173434019088745117e-01
1.000000000000000000e+00,4.459823369979858398e-01
1.000000000000000000e+00,4.088168144226074219e-01
1.000000000000000000e+00,4.512370824813842773e-01
1.000000000000000000e+00,4.286855161190032959e-01
1.000000000000000000e+00,3.998423218727111816e-01
1.000000000000000000e+00,4.321196675300598145e-01
1.000000000000000000e+00,3.842716813087463379e-01
1.000000000000000000e+00,3.963259160518646240e-01
1.000000000000000000e+00,3.501728177070617676e-01
1.000000000000000000e+00,3.920881152153015137e-01
1.000000000000000000e+00,4.465269446372985840e-01
1.000000000000000000e+00,4.975441992282867432e-01
1.000000000000000000e+00,4.022064208984375000e-01
1.000000000000000000e+00,3.881145119667053223e-01
1.000000000000000000e+00,4.885360002517700195e-01
1.000000000000000000e+00,3.747200369834899902e-01
1.000000000000000000e+00,4.302886128425598145e-01
1.000000000000000000e+00,4.537752270698547363e-01
1.000000000000000000e+00,3.740242421627044678e-01
1.000000000000000000e+00,3.684000372886657715e-01
1.000000000000000000e+00,3.935101032257080078e-01
1.000000000000000000e+00,4.674383401870727539e-01
1.000000000000000000e+00,3.538618683815002441e-01
1.000000000000000000e+00,4.770868420600891113e-01
1.000000000000000000e+00,3.443269133567810059e-01
1.000000000000000000e+00,4.710526168346405029e-01
1.000000000000000000e+00,3.750589787960052490e-01
1.000000000000000000e+00,4.093031883239746094e-01
1.000000000000000000e+00,4.774925112724304199e-01
1.000000000000000000e+00,4.228920638561248779e-01
1.000000000000000000e+00,4.522979259490966797e-01
1.000000000000000000e+00,3.717209994792938232e-01
1.000000000000000000e+00,4.759773910045623779e-01
1.000000000000000000e+00,4.324027895927429199e-01
1.000000000000000000e+00,4.796250462532043457e-01
1.000000000000000000e+00,3.460521697998046875e-01
1.000000000000000000e+00,4.007173478603363037e-01
1.000000000000000000e+00,4.253166317939758301e-01
1.000000000000000000e+00,3.695358037948608398e-01
1.000000000000000000e+00,5.054363608360290527e-01
1.000000000000000000e+00,4.933771491050720215e-01
1.000000000000000000e+00,4.167369306087493896e-01
1.000000000000000000e+00,3.911275267601013184e-01
1.000000000000000000e+00,4.392861127853393555e-01
1.000000000000000000e+00,4.647082388401031494e-01
1.000000000000000000e+00,3.839228153228759766e-01
1.000000000000000000e+00,3.717708289623260498e-01
1.000000000000000000e+00,3.903702199459075928e-01
1.000000000000000000e+00,4.878306984901428223e-01
1.000000000000000000e+00,5.279124379158020020e-01
1.000000000000000000e+00,4.923197925090789795e-01
1.000000000000000000e+00,4.535182416439056396e-01
1.000000000000000000e+00,4.344873428344726562e-01
1.000000000000000000e+00,3.845261335372924805e-01
1.000000000000000000e+00,4.017695784568786621e-01
1.000000000000000000e+00,3.620048165321350098e-01
1.000000000000000000e+00,4.967385530471801758e-01
1.000000000000000000e+00,4.704684615135192871e-01
1.000000000000000000e+00,4.471617937088012695e-01
1.000000000000000000e+00,4.084770381450653076e-01
1.000000000000000000e+00,4.386714100837707520e-01
1.000000000000000000e+00,4.332941174507141113e-01
1.000000000000000000e+00,4.440631270408630371e-01
1.000000000000000000e+00,3.772798776626586914e-01
1.000000000000000000e+00,3.816960752010345459e-01
1.000000000000000000e+00,3.879950642585754395e-01
1.000000000000000000e+00,3.575401604175567627e-01
1.000000000000000000e+00,4.974664449691772461e-01
1.000000000000000000e+00,4.511676728725433350e-01
1.000000000000000000e+00,4.667805135250091553e-01
1.000000000000000000e+00,4.102785289287567139e-01
1.000000000000000000e+00,3.249654471874237061e-01
1.000000000000000000e+00,3.653853237628936768e-01
1.000000000000000000e+00,4.372733831405639648e-01
1.000000000000000000e+00,4.333143830299377441e-01
1.000000000000000000e+00,3.842985928058624268e-01
1.000000000000000000e+00,4.319459199905395508e-01
1.000000000000000000e+00,4.116161763668060303e-01
1.000000000000000000e+00,3.576764464378356934e-01
1.000000000000000000e+00,3.929050862789154053e-01
1.000000000000000000e+00,3.964540362358093262e-01
1.000000000000000000e+00,4.115315675735473633e-01
1.000000000000000000e+00,3.994970321655273438e-01
1.000000000000000000e+00,4.328367710113525391e-01
1.000000000000000000e+00,3.840440809726715088e-01
1.000000000000000000e+00,3.656764328479766846e-01
1.000000000000000000e+00,4.718438088893890381e-01
1.000000000000000000e+00,4.794550538063049316e-01
1.000000000000000000e+00,4.470289349555969238e-01
1.000000000000000000e+00,3.148076534271240234e-01
1.000000000000000000e+00,4.420257210731506348e-01
1.000000000000000000e+00,4.190943241119384766e-01
1.000000000000000000e+00,4.442167282104492188e-01
1.000000000000000000e+00,4.684734642505645752e-01
1.000000000000000000e+00,3.910372257232666016e-01
1.000000000000000000e+00,4.361702799797058105e-01
1.000000000000000000e+00,3.835337758064270020e-01
1.000000000000000000e+00,3.773238658905029297e-01
1.000000000000000000e+00,4.759001731872558594e-01
1.000000000000000000e+00,4.138302206993103027e-01
1.000000000000000000e+00,4.665648639202117920e-01
1.000000000000000000e+00,4.478170871734619141e-01
1.000000000000000000e+00,4.702479243278503418e-01
1.000000000000000000e+00,3.986849188804626465e-01
1.000000000000000000e+00,4.449702501296997070e-01
1.000000000000000000e+00,5.623979568481445312e-01
1.000000000000000000e+00,4.100237488746643066e-01
1.000000000000000000e+00,3.882136344909667969e-01
1.000000000000000000e+00,4.513851404190063477e-01
1.000000000000000000e+00,4.596821069717407227e-01
1.000000000000000000e+00,4.340904951095581055e-01
1.000000000000000000e+00,5.313330292701721191e-01
1.000000000000000000e+00,4.040575027465820312e-01
1.000000000000000000e+00,3.366929888725280762e-01
1.000000000000000000e+00,4.051293432712554932e-01
1.000000000000000000e+00,4.104318022727966309e-01
1.000000000000000000e+00,4.798655807971954346e-01
1.000000000000000000e+00,4.126453995704650879e-01
1.000000000000000000e+00,4.182289838790893555e-01
1.000000000000000000e+00,4.094742834568023682e-01
1.000000000000000000e+00,4.003531336784362793e-01
1.000000000000000000e+00,4.016903638839721680e-01
1.000000000000000000e+00,4.362019896507263184e-01
1.000000000000000000e+00,4.752036929130554199e-01
1.000000000000000000e+00,4.431460201740264893e-01
1.000000000000000000e+00,5.487052798271179199e-01
1.000000000000000000e+00,4.053936302661895752e-01
1.000000000000000000e+00,4.494668543338775635e-01
1.000000000000000000e+00,4.381259083747863770e-01
1.000000000000000000e+00,4.311393499374389648e-01
1.000000000000000000e+00,4.671102464199066162e-01
1.000000000000000000e+00,5.002273321151733398e-01
1.000000000000000000e+00,4.996372759342193604e-01
1.000000000000000000e+00,4.079862236976623535e-01
1.000000000000000000e+00,4.619094729423522949e-01
1.000000000000000000e+00,4.647670388221740723e-01
1.000000000000000000e+00,3.788598179817199707e-01
1.000000000000000000e+00,3.969455659389495850e-01
1.000000000000000000e+00,3.766277432441711426e-01
1.000000000000000000e+00,3.720830678939819336e-01
1.000000000000000000e+00,3.684089779853820801e-01
1.000000000000000000e+00,4.571535587310791016e-01
1.000000000000000000e+00,3.354479670524597168e-01
1.000000000000000000e+00,4.658144414424896240e-01
1.000000000000000000e+00,4.301464259624481201e-01
1.000000000000000000e+00,4.266319274902343750e-01
1.000000000000000000e+00,4.511114358901977539e-01
1.000000000000000000e+00,3.930038511753082275e-01
1.000000000000000000e+00,4.685500860214233398e-01
1.000000000000000000e+00,4.212546348571777344e-01
1.000000000000000000e+00,5.303918123245239258e-01
1.000000000000000000e+00,3.815147876739501953e-01
1.000000000000000000e+00,4.349995255470275879e-01
1.000000000000000000e+00,4.729150533676147461e-01
1.000000000000000000e+00,4.929662942886352539e-01
1.000000000000000000e+00,4.783595502376556396e-01
1.000000000000000000e+00,4.630012512207031250e-01
1.000000000000000000e+00,5.586985945701599121e-01
1.000000000000000000e+00,3.541724979877471924e-01
1.000000000000000000e+00,4.130153357982635498e-01
1.000000000000000000e+00,4.031679034233093262e-01
1.000000000000000000e+00,4.648917913436889648e-01
1.000000000000000000e+00,3.801237046718597412e-01
1.000000000000000000e+00,4.534455537796020508e-01
1.000000000000000000e+00,3.831399083137512207e-01
1.000000000000000000e+00,4.017992019653320312e-01
1.000000000000000000e+00,4.509382843971252441e-01
1.000000000000000000e+00,3.368347585201263428e-01
1.000000000000000000e+00,3.496124148368835449e-01
1.000000000000000000e+00,3.921356797218322754e-01
1.000000000000000000e+00,5.025112628936767578e-01
1.000000000000000000e+00,3.777884840965270996e-01
1.000000000000000000e+00,4.796723723411560059e-01
1.000000000000000000e+00,3.249166011810302734e-01
1.000000000000000000e+00,3.867526650428771973e-01
1.000000000000000000e+00,4.308457076549530029e-01
1.000000000000000000e+00,4.886018037796020508e-01
1.000000000000000000e+00,4.553657174110412598e-01
1.000000000000000000e+00,3.610430955886840820e-01
1.000000000000000000e+00,4.283687174320220947e-01
1.000000000000000000e+00,3.753684163093566895e-01
1.000000000000000000e+00,3.857137262821197510e-01
1.000000000000000000e+00,4.403152763843536377e-01
1.000000000000000000e+00,4.116699099540710449e-01
1.000000000000000000e+00,4.329429566860198975e-01
1.000000000000000000e+00,3.599792718887329102e-01
1.000000000000000000e+00,3.767383694648742676e-01
1.000000000000000000e+00,4.006704092025756836e-01
1.000000000000000000e+00,4.476473629474639893e-01
1.000000000000000000e+00,4.629158377647399902e-01
1.000000000000000000e+00,3.663526773452758789e-01
1.000000000000000000e+00,4.223559498786926270e-01
1.000000000000000000e+00,5.015929341316223145e-01
1.000000000000000000e+00,4.179295003414154053e-01
1.000000000000000000e+00,4.613076448440551758e-01
1.000000000000000000e+00,4.209788739681243896e-01
1.000000000000000000e+00,4.982278943061828613e-01
1.000000000000000000e+00,4.545988738536834717e-01
1.000000000000000000e+00,3.375422060489654541e-01
1.000000000000000000e+00,4.126723408699035645e-01
1.000000000000000000e+00,3.955834805965423584e-01
1.000000000000000000e+00,3.658290505409240723e-01
1.000000000000000000e+00,4.535896480083465576e-01
1.000000000000000000e+00,4.683417677879333496e-01
1.000000000000000000e+00,4.664969742298126221e-01
1.000000000000000000e+00,3.754783272743225098e-01
1.000000000000000000e+00,3.773239850997924805e-01
1.000000000000000000e+00,4.584017395973205566e-01
1.000000000000000000e+00,4.173724949359893799e-01
1.000000000000000000e+00,4.498684704303741455e-01
1.000000000000000000e+00,3.990631997585296631e-01
1.000000000000000000e+00,4.376182556152343750e-01
1.000000000000000000e+00,4.788206219673156738e-01
1.000000000000000000e+00,4.221600592136383057e-01
1.000000000000000000e+00,3.570578694343566895e-01
1.000000000000000000e+00,3.567537069320678711e-01
1.000000000000000000e+00,4.730450809001922607e-01
1.000000000000000000e+00,4.831352233886718750e-01
1.000000000000000000e+00,4.115920662879943848e-01
1.000000000000000000e+00,4.081860184669494629e-01
1.000000000000000000e+00,4.253327846527099609e-01
1.000000000000000000e+00,5.055605173110961914e-01
1.000000000000000000e+00,4.036132395267486572e-01
1.000000000000000000e+00,4.532281160354614258e-01
1.000000000000000000e+00,5.399649739265441895e-01
1.000000000000000000e+00,4.372124969959259033e-01
1.000000000000000000e+00,3.999396264553070068e-01
1.000000000000000000e+00,4.533245861530303955e-01
1.000000000000000000e+00,4.275032579898834229e-01
1.000000000000000000e+00,4.528546035289764404e-01
1.000000000000000000e+00,3.767417669296264648e-01
1.000000000000000000e+00,4.152052700519561768e-01
1.000000000000000000e+00,3.834127187728881836e-01
1.000000000000000000e+00,4.238385558128356934e-01
1.000000000000000000e+00,4.806527495384216309e-01
1.000000000000000000e+00,4.544127583503723145e-01
1.000000000000000000e+00,3.680990040302276611e-01
1.000000000000000000e+00,4.109303355216979980e-01
1.000000000000000000e+00,4.282626509666442871e-01
1.000000000000000000e+00,4.377178251743316650e-01
1.000000000000000000e+00,4.344955980777740479e-01
1.000000000000000000e+00,4.634421765804290771e-01
1.000000000000000000e+00,4.123816490173339844e-01
1.000000000000000000e+00,4.901189804077148438e-01
1.000000000000000000e+00,3.313424289226531982e-01
1.000000000000000000e+00,4.764081537723541260e-01
1.000000000000000000e+00,5.030522942543029785e-01
1.000000000000000000e+00,4.781325459480285645e-01
1.000000000000000000e+00,4.004102051258087158e-01
1.000000000000000000e+00,4.340353012084960938e-01
1.000000000000000000e+00,3.592581450939178467e-01
1.000000000000000000e+00,3.951142430305480957e-01
1.000000000000000000e+00,3.627624809741973877e-01
1.000000000000000000e+00,3.948662281036376953e-01
1.000000000000000000e+00,3.897786736488342285e-01
1.000000000000000000e+00,5.001428127288818359e-01
1.000000000000000000e+00,3.394748866558074951e-01
1.000000000000000000e+00,4.261388182640075684e-01
1.000000000000000000e+00,4.815465211868286133e-01
1.000000000000000000e+00,4.693558812141418457e-01
1.000000000000000000e+00,4.178353846073150635e-01
1.000000000000000000e+00,4.260033369064331055e-01
1.000000000000000000e+00,4.413959383964538574e-01
1.000000000000000000e+00,4.666956961154937744e-01
1.000000000000000000e+00,4.005600214004516602e-01
1.000000000000000000e+00,4.776515960693359375e-01
1.000000000000000000e+00,3.828634619712829590e-01
1.000000000000000000e+00,4.087137579917907715e-01
1.000000000000000000e+00,3.985759019851684570e-01
1.000000000000000000e+00,4.833289384841918945e-01
1.000000000000000000e+00,4.854382276535034180e-01
1.000000000000000000e+00,3.539865314960479736e-01
1.000000000000000000e+00,4.330381453037261963e-01
1.000000000000000000e+00,4.151062369346618652e-01
1.000000000000000000e+00,4.073803424835205078e-01
1.000000000000000000e+00,3.752482831478118896e-01
1.000000000000000000e+00,4.283019304275512695e-01
1.000000000000000000e+00,3.600431084632873535e-01
1.000000000000000000e+00,3.994913995265960693e-01
1.000000000000000000e+00,4.601887762546539307e-01
1.000000000000000000e+00,3.479231595993041992e-01
1.000000000000000000e+00,3.972786068916320801e-01
1.000000000000000000e+00,5.042132735252380371e-01
1.000000000000000000e+00,3.831998109817504883e-01
1.000000000000000000e+00,5.672166943550109863e-01
1.000000000000000000e+00,4.629663825035095215e-01
1.000000000000000000e+00,3.713302314281463623e-01
1.000000000000000000e+00,4.835296571254730225e-01
1.000000000000000000e+00,4.546951055526733398e-01
1.000000000000000000e+00,2.951385974884033203e-01
1.000000000000000000e+00,3.510963320732116699e-01
1.000000000000000000e+00,4.194363355636596680e-01
1.000000000000000000e+00,3.899609148502349854e-01
1.000000000000000000e+00,4.029662311077117920e-01
1.000000000000000000e+00,3.855224847793579102e-01
1.000000000000000000e+00,3.873066604137420654e-01
1.000000000000000000e+00,4.312927126884460449e-01
1.000000000000000000e+00,4.126113057136535645e-01
1.000000000000000000e+00,4.598658978939056396e-01
1.000000000000000000e+00,4.908920228481292725e-01
1.000000000000000000e+00,4.159639477729797363e-01
1.000000000000000000e+00,4.727452397346496582e-01
1.000000000000000000e+00,4.469977915287017822e-01
1.000000000000000000e+00,4.851123392581939697e-01
1.000000000000000000e+00,4.210073947906494141e-01
1.000000000000000000e+00,4.629506468772888184e-01
1.000000000000000000e+00,4.448091089725494385e-01
1.000000000000000000e+00,3.446791470050811768e-01
1.000000000000000000e+00,3.804502189159393311e-01
1.000000000000000000e+00,3.555174469947814941e-01
1.000000000000000000e+00,4.344323277473449707e-01
1.000000000000000000e+00,4.235759973526000977e-01
1.000000000000000000e+00,4.460928440093994141e-01
1.000000000000000000e+00,3.818352222442626953e-01
1.000000000000000000e+00,3.437481522560119629e-01
1.000000000000000000e+00,4.810692071914672852e-01
1.000000000000000000e+00,3.959525525569915771e-01
1.000000000000000000e+00,3.687740564346313477e-01
1.000000000000000000e+00,4.071308374404907227e-01
1.000000000000000000e+00,4.087193906307220459e-01
1.000000000000000000e+00,4.280636906623840332e-01
1.000000000000000000e+00,3.843843638896942139e-01
1.000000000000000000e+00,3.759210407733917236e-01
1.000000000000000000e+00,4.122885167598724365e-01
1.000000000000000000e+00,4.725862741470336914e-01
1.000000000000000000e+00,4.333596229553222656e-01
1.000000000000000000e+00,4.567819237709045410e-01
1.000000000000000000e+00,4.576037526130676270e-01
1.000000000000000000e+00,4.656014442443847656e-01
1.000000000000000000e+00,4.669035971164703369e-01
1.000000000000000000e+00,4.714742898941040039e-01
1.000000000000000000e+00,3.600490689277648926e-01
1.000000000000000000e+00,5.484018325805664062e-01
1.000000000000000000e+00,4.332194328308105469e-01
1.000000000000000000e+00,4.300367832183837891e-01
1.000000000000000000e+00,4.903914332389831543e-01
1.000000000000000000e+00,4.401395022869110107e-01
1.000000000000000000e+00,4.209886789321899414e-01
1.000000000000000000e+00,4.347720742225646973e-01
1.000000000000000000e+00,4.211070537567138672e-01
1.000000000000000000e+00,4.436677396297454834e-01
1.000000000000000000e+00,5.077781081199645996e-01
1.000000000000000000e+00,5.396767854690551758e-01
1.000000000000000000e+00,5.470363497734069824e-01
1.000000000000000000e+00,4.610077738761901855e-01
1.000000000000000000e+00,4.450311660766601562e-01
1.000000000000000000e+00,4.168624281883239746e-01
1.000000000000000000e+00,4.324129819869995117e-01
1.000000000000000000e+00,4.257678091526031494e-01
1.000000000000000000e+00,4.964037537574768066e-01
1.000000000000000000e+00,4.324934482574462891e-01
1.000000000000000000e+00,4.932973682880401611e-01
1.000000000000000000e+00,4.421922564506530762e-01
1.000000000000000000e+00,4.610808789730072021e-01
1.000000000000000000e+00,4.332346618175506592e-01
1.000000000000000000e+00,4.448294639587402344e-01
1.000000000000000000e+00,4.053465723991394043e-01
1.000000000000000000e+00,4.080195724964141846e-01
1.000000000000000000e+00,4.318965077400207520e-01
1.000000000000000000e+00,3.683193325996398926e-01
1.000000000000000000e+00,5.067970752716064453e-01
1.000000000000000000e+00,4.143398404121398926e-01
1.000000000000000000e+00,3.717273473739624023e-01
1.000000000000000000e+00,4.827488064765930176e-01
1.000000000000000000e+00,4.994040131568908691e-01
1.000000000000000000e+00,4.147154092788696289e-01
1.000000000000000000e+00,4.207601547241210938e-01
1.000000000000000000e+00,4.244090616703033447e-01
1.000000000000000000e+00,4.484488368034362793e-01
1.000000000000000000e+00,5.091375708580017090e-01
1.000000000000000000e+00,4.887632727622985840e-01
1.000000000000000000e+00,4.760215282440185547e-01
1.000000000000000000e+00,4.280304908752441406e-01
1.000000000000000000e+00,4.717463850975036621e-01
1.000000000000000000e+00,4.591826498508453369e-01
1.000000000000000000e+00,4.812428057193756104e-01
1.000000000000000000e+00,4.523408412933349609e-01
1.000000000000000000e+00,4.680429100990295410e-01
1.000000000000000000e+00,3.794947564601898193e-01
1.000000000000000000e+00,4.740453064441680908e-01
1.000000000000000000e+00,4.340350627899169922e-01
1.000000000000000000e+00,5.533841848373413086e-01
1.000000000000000000e+00,3.876854777336120605e-01
1.000000000000000000e+00,4.051089882850646973e-01
1.000000000000000000e+00,3.950153589248657227e-01
1.000000000000000000e+00,4.187956452369689941e-01
1.000000000000000000e+00,3.415914177894592285e-01
1.000000000000000000e+00,4.222545623779296875e-01
1.000000000000000000e+00,4.008817374706268311e-01
1.000000000000000000e+00,5.334143042564392090e-01
1.000000000000000000e+00,3.844598531723022461e-01
1.000000000000000000e+00,4.710775613784790039e-01
1.000000000000000000e+00,3.876967430114746094e-01
1.000000000000000000e+00,4.065392911434173584e-01
1.000000000000000000e+00,4.422027468681335449e-01
1.000000000000000000e+00,4.759527444839477539e-01
1.000000000000000000e+00,4.017211794853210449e-01
1.000000000000000000e+00,3.734214603900909424e-01
1.000000000000000000e+00,4.386509358882904053e-01
1.000000000000000000e+00,4.761165082454681396e-01
1.000000000000000000e+00,4.624772071838378906e-01
1.000000000000000000e+00,4.254122376441955566e-01
1.000000000000000000e+00,4.096228778362274170e-01
1.000000000000000000e+00,3.681167662143707275e-01
1.000000000000000000e+00,4.371967315673828125e-01
1.000000000000000000e+00,3.993464708328247070e-01
1.000000000000000000e+00,3.875875473022460938e-01
1.000000000000000000e+00,5.451368093490600586e-01
1.000000000000000000e+00,4.685105383396148682e-01
1.000000000000000000e+00,4.250681400299072266e-01
1.000000000000000000e+00,4.275264739990234375e-01
1.000000000000000000e+00,4.722013473510742188e-01
1.000000000000000000e+00,3.407632410526275635e-01
1.000000000000000000e+00,4.247770607471466064e-01
1.000000000000000000e+00,4.125003218650817871e-01
1.000000000000000000e+00,4.651184380054473877e-01
1.000000000000000000e+00,4.189136028289794922e-01
1.000000000000000000e+00,4.955014586448669434e-01
1.000000000000000000e+00,4.115957915782928467e-01
1.000000000000000000e+00,4.441102147102355957e-01
1.000000000000000000e+00,4.331310987472534180e-01
1.000000000000000000e+00,3.817808926105499268e-01
1.000000000000000000e+00,4.663815796375274658e-01
1.000000000000000000e+00,4.563409686088562012e-01
1.000000000000000000e+00,4.139531552791595459e-01
1.000000000000000000e+00,4.266679286956787109e-01
1.000000000000000000e+00,3.800681829452514648e-01
1.000000000000000000e+00,4.097922444343566895e-01
1.000000000000000000e+00,4.646042287349700928e-01
1.000000000000000000e+00,4.498741030693054199e-01
1.000000000000000000e+00,4.589095711708068848e-01
1.000000000000000000e+00,4.103885591030120850e-01
1.000000000000000000e+00,4.449044167995452881e-01
1.000000000000000000e+00,4.855694174766540527e-01
1.000000000000000000e+00,4.984080791473388672e-01
1.000000000000000000e+00,4.450364112854003906e-01
1.000000000000000000e+00,4.332086741924285889e-01
1.000000000000000000e+00,4.014018177986145020e-01
1.000000000000000000e+00,4.556992650032043457e-01
1.000000000000000000e+00,4.301171600818634033e-01
1.000000000000000000e+00,4.576184749603271484e-01
1.000000000000000000e+00,4.068359136581420898e-01
1.000000000000000000e+00,4.152879416942596436e-01
