label,score
0.000000000000000000e+00,-1.300568416761598955e+00
0.000000000000000000e+00,-1.402786648233649514e+00
0.000000000000000000e+00,-1.346525640846351513e+00
0.000000000000000000e+00,-1.370169985848617378e+00
0.000000000000000000e+00,-2.081584907414697483e+00
0.000000000000000000e+00,-1.240769978141436747e+00
0.000000000000000000e+00,-7.994044899147323413e-01
0.000000000000000000e+00,-1.693472643516090725e+00
0.000000000000000000e+00,-1.380195800511116344e+00
0.000000000000000000e+00,-1.877152697120165747e+00
0.000000000000000000e+00,-1.197248362446525105e+00
0.000000000000000000e+00,-1.919147998224110419e+00
0.000000000000000000e+00,-5.522304452145446740e-01
0.000000000000000000e+00,-1.439012650289722028e+00
0.000000000000000000e+00,-1.167202620028547244e+00
0.000000000000000000e+00,-1.045479804607947427e+00
0.000000000000000000e+00,-1.666938043224546862e+00
0.000000000000000000e+00,-1.282263466596172963e+00
0.000000000000000000e+00,-1.452670227684627946e+00
0.000000000000000000e+00,-1.820529827914948440e+00
0.000000000000000000e+00,-1.142793571312772594e+00
0.000000000000000000e+00,-1.351149044137479382e+00
0.000000000000000000e+00,-1.310779414982627067e+00
0.000000000000000000e+00,-8.637853517483523591e-01
0.000000000000000000e+00,-1.205406877343479399e+00
0.000000000000000000e+00,-4.744506444007494661e-01
0.000000000000000000e+00,-1.836959552922450056e+00
0.000000000000000000e+00,-1.313627143776209261e+00
0.000000000000000000e+00,-1.667283667653200574e+00
0.000000000000000000e+00,-1.257414075347695226e+00
0.000000000000000000e+00,-6.064103605443009748e-01
0.000000000000000000e+00,-3.539104521649946156e-01
0.000000000000000000e+00,-8.935388211595493013e-01
0.000000000000000000e+00,-1.467764427425033658e+00
0.000000000000000000e+00,-1.389656012780863259e+00
0.000000000000000000e+00,-1.273618216625757027e+00
0.000000000000000000e+00,-1.352109756335694524e+00
0.000000000000000000e+00,-6.112189473939582118e-01
0.000000000000000000e+00,-1.483990218555449658e+00
0.000000000000000000e+00,-1.106402489132499722e+00
0.000000000000000000e+00,-7.756971283779355852e-01
0.000000000000000000e+00,-1.752054437754851479e+00
0.000000000000000000e+00,-5.939968764507455035e-01
0.000000000000000000e+00,-8.124032932308623556e-01
0.000000000000000000e+00,-1.740871515804925274e+00
0.000000000000000000e+00,2.069827110954022553e-01
0.000000000000000000e+00,-5.964471758118266020e-01
0.000000000000000000e+00,-1.182694249201454051e+00
0.000000000000000000e+00,-9.677092823023041301e-01
0.000000000000000000e+00,-1.025156778919510403e+00
0.000000000000000000e+00,-1.148695475706313918e+00
0.000000000000000000e+00,-8.414655137847520949e-01
0.000000000000000000e+00,-1.398276520062874395e+00
0.000000000000000000e+00,-1.087210281625060171e+00
0.000000000000000000e+00,-9.819722823541133794e-01
0.000000000000000000e+00,-1.265564084945510315e+00
0.000000000000000000e+00,-7.342859866830463433e-01
0.000000000000000000e+00,-1.644206278159458634e+00
0.000000000000000000e+00,-2.469961357546270886e-01
0.000000000000000000e+00,-1.091011377131237303e+00
0.000000000000000000e+00,-1.078733591219401378e+00
0.000000000000000000e+00,-1.261426643518831270e+00
0.000000000000000000e+00,-1.960874609196159968e+00
0.000000000000000000e+00,-9.100936127248469010e-01
0.000000000000000000e+00,-1.396405740856772937e+00
0.000000000000000000e+00,-1.529425913161170936e+00
0.000000000000000000e+00,-8.262387086986773266e-01
0.000000000000000000e+00,-1.030966284836040359e+00
0.000000000000000000e+00,-1.436156029592494443e+00
0.000000000000000000e+00,-5.626556223320761108e-01
0.000000000000000000e+00,-5.355403420720337149e-01
0.000000000000000000e+00,-1.084128657105152049e+00
0.000000000000000000e+00,-1.485000416130473955e+00
0.000000000000000000e+00,-1.440171690599681087e+00
0.000000000000000000e+00,-6.876305548598729001e-01
0.000000000000000000e+00,-1.512301266553552015e+00
0.000000000000000000e+00,-1.468687638986135191e+00
0.000000000000000000e+00,-1.235530713871734632e+00
0.000000000000000000e+00,2.553105940129331008e-01
0.000000000000000000e+00,-8.843241027513181196e-01
0.000000000000000000e+00,-1.160584337484787731e+00
0.000000000000000000e+00,-1.104350392412932313e+00
0.000000000000000000e+00,-5.057698620625584729e-01
0.000000000000000000e+00,-1.025931534350183583e+00
0.000000000000000000e+00,-1.652569886747017547e+00
0.000000000000000000e+00,-1.059599760992416817e+00
0.000000000000000000e+00,-5.752164027425410442e-01
0.000000000000000000e+00,-8.830370963497656822e-01
0.000000000000000000e+00,-9.934482505198333202e-01
0.000000000000000000e+00,-9.226934401904505201e-01
0.000000000000000000e+00,-1.109105241236210349e+00
0.000000000000000000e+00,-8.083338941972965097e-01
0.000000000000000000e+00,-8.272632106404357311e-01
0.000000000000000000e+00,-9.479267297137079495e-01
0.000000000000000000e+00,-1.529253487551350599e+00
0.000000000000000000e+00,-2.147947697249986909e+00
0.000000000000000000e+00,-5.872003692295705291e-01
0.000000000000000000e+00,-7.225390087583933862e-01
0.000000000000000000e+00,-1.974560215417774378e+00
0.000000000000000000e+00,-1.019686711759532960e+00
0.000000000000000000e+00,-1.803858668393247378e+00
0.000000000000000000e+00,-8.689979403071180775e-01
0.000000000000000000e+00,-1.669987714925578182e-01
0.000000000000000000e+00,-1.377588539720467686e+00
0.000000000000000000e+00,-1.381088083711711878e+00
0.000000000000000000e+00,-1.603787936836809314e+00
0.000000000000000000e+00,-8.614185589606371263e-01
0.000000000000000000e+00,-1.593887961941119036e+00
0.000000000000000000e+00,-7.897061292690898959e-01
0.000000000000000000e+00,-1.175404048025703529e+00
0.000000000000000000e+00,-1.114571442351124597e+00
0.000000000000000000e+00,2.035481166612203574e-01
0.000000000000000000e+00,-1.531719637697190883e+00
0.000000000000000000e+00,-1.648432638622592039e+00
0.000000000000000000e+00,-1.098438822906732781e+00
0.000000000000000000e+00,-6.993960898008294569e-01
0.000000000000000000e+00,-6.751753174796344403e-01
0.000000000000000000e+00,-1.591069228485511022e+00
0.000000000000000000e+00,-8.524508808319469777e-01
0.000000000000000000e+00,-1.586032544977122649e+00
0.000000000000000000e+00,-7.741317667318299289e-01
0.000000000000000000e+00,-8.087730769164804823e-01
0.000000000000000000e+00,-9.752500031981525819e-01
0.000000000000000000e+00,-1.056613627785570664e+00
0.000000000000000000e+00,-1.789384582280985292e+00
0.000000000000000000e+00,-1.474971122027418202e+00
0.000000000000000000e+00,-2.727927080435985085e-01
0.000000000000000000e+00,-1.233373460726447046e+00
0.000000000000000000e+00,-8.391714026442258501e-01
0.000000000000000000e+00,-9.964173731284011737e-01
0.000000000000000000e+00,-5.723733132030347504e-01
0.000000000000000000e+00,-1.636383915880753159e+00
0.000000000000000000e+00,-1.626289092313875528e+00
0.000000000000000000e+00,-1.288701204835479341e+00
0.000000000000000000e+00,-1.317266251994236415e+00
0.000000000000000000e+00,-1.136010981853825319e+00
0.000000000000000000e+00,-1.155149064730379482e+00
0.000000000000000000e+00,-7.320896864826200723e-01
0.000000000000000000e+00,-1.118432074951275501e+00
0.000000000000000000e+00,-1.399164164009394140e+00
0.000000000000000000e+00,-9.267141270562194721e-01
0.000000000000000000e+00,-1.288711643157149922e+00
0.000000000000000000e+00,-1.674060264742299742e+00
0.000000000000000000e+00,-1.413553583734771468e+00
0.000000000000000000e+00,-1.521872434316613676e+00
0.000000000000000000e+00,-7.185306932368267230e-01
0.000000000000000000e+00,-3.841711466884886184e-01
0.000000000000000000e+00,-7.244847892387217270e-01
0.000000000000000000e+00,-1.177674189686837680e+00
0.000000000000000000e+00,-3.836708804573054077e-01
0.000000000000000000e+00,-7.335506649120182576e-01
0.000000000000000000e+00,-1.726831199948758444e+00
0.000000000000000000e+00,-1.848939460062163365e+00
0.000000000000000000e+00,-1.353743546979419454e+00
0.000000000000000000e+00,-1.202656959489997179e+00
0.000000000000000000e+00,-1.392476679259002648e+00
0.000000000000000000e+00,-8.966467347858875225e-01
0.000000000000000000e+00,-1.013835839160826424e+00
0.000000000000000000e+00,-8.670030610544864347e-01
0.000000000000000000e+00,-1.602593135610015151e+00
0.000000000000000000e+00,-1.388886283208772277e+00
0.000000000000000000e+00,-1.369926425009633464e+00
0.000000000000000000e+00,-5.491039745719028531e-01
0.000000000000000000e+00,-1.717925765145586592e+00
0.000000000000000000e+00,-8.453052697415615047e-01
0.000000000000000000e+00,-1.102448684846324856e+00
0.000000000000000000e+00,-5.049286106567975052e-01
0.000000000000000000e+00,-1.568060847896147969e+00
0.000000000000000000e+00,-1.421704366541599152e+00
0.000000000000000000e+00,-1.452591746969844166e+00
0.000000000000000000e+00,-1.039971463601844004e+00
0.000000000000000000e+00,-9.826925265493948736e-01
0.000000000000000000e+00,-1.195760708306190745e+00
0.000000000000000000e+00,-1.827560230862449231e+00
0.000000000000000000e+00,-1.599496240212107123e+00
0.000000000000000000e+00,-1.756427514628134956e+00
0.000000000000000000e+00,-8.743044737609204642e-01
0.000000000000000000e+00,-1.667993860131317563e+00
0.000000000000000000e+00,-1.315713648296839455e+00
0.000000000000000000e+00,-9.123517696462850601e-01
0.000000000000000000e+00,-1.817949436137489272e+00
0.000000000000000000e+00,-7.709295216059486311e-01
0.000000000000000000e+00,-1.091953532313148623e+00
0.000000000000000000e+00,-8.484673079987850031e-01
0.000000000000000000e+00,-9.095562324610565463e-01
0.000000000000000000e+00,-1.611466288936909130e+00
0.000000000000000000e+00,-2.563647227563752296e-01
0.000000000000000000e+00,-1.445781708590947900e+00
0.000000000000000000e+00,-1.236617072534504924e+00
0.000000000000000000e+00,-8.760546323610489683e-01
0.000000000000000000e+00,-9.724950594860881647e-01
0.000000000000000000e+00,-9.169430847633881498e-01
0.000000000000000000e+00,-1.156397410681299309e+00
0.000000000000000000e+00,-7.799629225007139732e-01
0.000000000000000000e+00,-1.228427242672538666e+00
0.000000000000000000e+00,-7.965080489533533648e-01
0.000000000000000000e+00,-1.136733159071638299e+00
0.000000000000000000e+00,-1.437922812186394728e+00
0.000000000000000000e+00,-2.999168802072863516e-01
0.000000000000000000e+00,-8.019696108141917135e-01
0.000000000000000000e+00,-8.840283503039803037e-01
0.000000000000000000e+00,-9.428455866870923963e-01
0.000000000000000000e+00,-1.486274664583317806e+00
0.000000000000000000e+00,-1.020612629552178907e+00
0.000000000000000000e+00,-1.317708914153977284e+00
0.000000000000000000e+00,-1.967719828585131614e+00
0.000000000000000000e+00,-1.389521861017168680e+00
0.000000000000000000e+00,-1.393157489794639048e+00
0.000000000000000000e+00,-1.265446170571081330e+00
0.000000000000000000e+00,-1.718047158960572141e+00
0.000000000000000000e+00,-1.353332199784690770e+00
0.000000000000000000e+00,-1.374607045767697322e+00
0.000000000000000000e+00,-1.196663951788111274e-01
0.000000000000000000e+00,-1.340464842000711032e+00
0.000000000000000000e+00,-1.445581060852165756e+00
0.000000000000000000e+00,-1.388221710062401248e+00
0.000000000000000000e+00,-1.099255331624088949e+00
0.000000000000000000e+00,-8.016471826559176117e-01
0.000000000000000000e+00,-1.878212766676506051e+00
0.000000000000000000e+00,-1.032051483685291648e+00
0.000000000000000000e+00,-8.220405703645056184e-01
0.000000000000000000e+00,-1.867013993941820438e+00
0.000000000000000000e+00,-1.503417481602733918e+00
0.000000000000000000e+00,-1.007955198015132892e+00
0.000000000000000000e+00,-1.272720907566579074e+00
0.000000000000000000e+00,-1.366015920428166774e+00
0.000000000000000000e+00,-2.045464061784345144e+00
0.000000000000000000e+00,-4.626046957224775324e-01
0.000000000000000000e+00,4.638681256392995778e-02
0.000000000000000000e+00,-1.588064924866867678e+00
0.000000000000000000e+00,-1.585414113122152191e-01
0.000000000000000000e+00,-1.425768739716582578e+00
0.000000000000000000e+00,-1.134933901699206826e+00
0.000000000000000000e+00,-3.487910352922529711e-01
0.000000000000000000e+00,-1.962100532085713223e+00
0.000000000000000000e+00,-1.274986023369131027e+00
0.000000000000000000e+00,-1.205101846387989672e+00
0.000000000000000000e+00,-8.089969209256420157e-01
0.000000000000000000e+00,-8.523318066439992124e-01
0.000000000000000000e+00,-1.366523918749476429e+00
0.000000000000000000e+00,-7.623929075018096579e-01
0.000000000000000000e+00,-4.602502742789646994e-01
0.000000000000000000e+00,-1.317572829367751330e+00
0.000000000000000000e+00,-8.485960472993908654e-01
0.000000000000000000e+00,-1.523868859987270508e+00
0.000000000000000000e+00,-9.490428569234651279e-01
0.000000000000000000e+00,2.633689783427493603e-01
0.000000000000000000e+00,-6.165900438003167894e-01
0.000000000000000000e+00,-2.237386910067752588e+00
0.000000000000000000e+00,-1.515581219185204276e+00
0.000000000000000000e+00,-1.593495171762693730e+00
0.000000000000000000e+00,-1.512039535302770688e+00
0.000000000000000000e+00,-1.196557500193724310e+00
0.000000000000000000e+00,-1.580170074243226530e+00
0.000000000000000000e+00,-2.198179220756657060e+00
0.000000000000000000e+00,-1.514928244174023053e+00
0.000000000000000000e+00,-1.436200875715228031e+00
0.000000000000000000e+00,-1.975764817112374561e-01
0.000000000000000000e+00,-1.193891088913608067e+00
0.000000000000000000e+00,-1.725313583959183994e+00
0.000000000000000000e+00,-1.182981496349652772e+00
0.000000000000000000e+00,-1.132718657877970658e+00
0.000000000000000000e+00,-1.576640761704995120e+00
0.000000000000000000e+00,-1.545219867058023056e+00
0.000000000000000000e+00,-9.682022030478670827e-01
0.000000000000000000e+00,-1.351536421852816083e+00
0.000000000000000000e+00,-1.088261072673248675e+00
0.000000000000000000e+00,-4.477865315995871454e-01
0.000000000000000000e+00,-6.786520518050056516e-01
0.000000000000000000e+00,-1.501173629048029756e+00
0.000000000000000000e+00,-9.924883115306308845e-01
0.000000000000000000e+00,-1.272311493394381987e+00
0.000000000000000000e+00,-9.838156126402659574e-01
0.000000000000000000e+00,-1.308711080873793842e+00
0.000000000000000000e+00,-1.080584266991174269e+00
0.000000000000000000e+00,-8.082770633348668188e-01
0.000000000000000000e+00,-1.331208756910303048e+00
0.000000000000000000e+00,-5.017325512030175183e-01
0.000000000000000000e+00,-1.577041283973546815e+00
0.000000000000000000e+00,-1.028034662864585780e+00
0.000000000000000000e+00,-1.320002252085491046e+00
0.000000000000000000e+00,-8.635406310958492204e-01
0.000000000000000000e+00,-8.072788504995384029e-01
0.000000000000000000e+00,-1.658792286276301375e+00
0.000000000000000000e+00,-3.853301869984477879e-01
0.000000000000000000e+00,-1.429843551213237030e+00
0.000000000000000000e+00,-1.295916404737003091e+00
0.000000000000000000e+00,-1.396989513661321958e+00
0.000000000000000000e+00,-6.716568298675802406e-01
0.000000000000000000e+00,-1.439313428595641930e+00
0.000000000000000000e+00,-1.532276734790803729e+00
0.000000000000000000e+00,-3.854446219323196532e-01
0.000000000000000000e+00,-7.626932992032233738e-01
0.000000000000000000e+00,-1.167307776454267421e+00
0.000000000000000000e+00,-1.491376297648768556e+00
0.000000000000000000e+00,-1.248111597716528465e+00
0.000000000000000000e+00,-1.667476003395096829e+00
0.000000000000000000e+00,-7.990963661231922366e-01
0.000000000000000000e+00,-6.797403434903075414e-01
0.000000000000000000e+00,-9.717763617088319705e-01
0.000000000000000000e+00,-1.584601335094711461e+00
0.000000000000000000e+00,-1.078573536953783440e+00
0.000000000000000000e+00,-1.664040442449649104e+00
0.000000000000000000e+00,-1.323114418361398759e+00
0.000000000000000000e+00,-1.037150797123704393e+00
0.000000000000000000e+00,-2.252596839910697146e-01
0.000000000000000000e+00,-1.683057904720230091e+00
0.000000000000000000e+00,-2.101910001480813972e-01
0.000000000000000000e+00,-1.211418190812310280e+00
0.000000000000000000e+00,-1.187842661412169987e+00
0.000000000000000000e+00,-9.437827160104216295e-01
0.000000000000000000e+00,-1.301691889456976448e+00
0.000000000000000000e+00,-2.421713115157042850e-01
0.000000000000000000e+00,-9.479139717649992525e-01
0.000000000000000000e+00,-7.834470023117052762e-01
0.000000000000000000e+00,-1.379690121816844472e+00
0.000000000000000000e+00,-6.884053102905460797e-01
0.000000000000000000e+00,-1.515413432829459728e+00
0.000000000000000000e+00,-9.016737531816176876e-01
0.000000000000000000e+00,-1.719146082269798148e+00
0.000000000000000000e+00,-1.117496878650477976e+00
0.000000000000000000e+00,-1.097236482892065323e+00
0.000000000000000000e+00,-8.977694342722521981e-01
0.000000000000000000e+00,-1.361958506134296920e+00
0.000000000000000000e+00,-1.323516100443469234e+00
0.000000000000000000e+00,-9.040996964588003948e-01
0.000000000000000000e+00,-6.564555406789227554e-01
0.000000000000000000e+00,-1.285502825754661238e+00
0.000000000000000000e+00,-1.214906523272871297e+00
0.000000000000000000e+00,-1.106461388372608906e-01
0.000000000000000000e+00,-1.648837220238460022e+00
0.000000000000000000e+00,-1.060532637666176559e+00
0.000000000000000000e+00,-1.072279615590829627e+00
0.000000000000000000e+00,-1.701776521707422773e+00
0.000000000000000000e+00,-5.791064172851725367e-01
0.000000000000000000e+00,-1.500198612483080840e+00
0.000000000000000000e+00,-1.129486644205102364e+00
0.000000000000000000e+00,-6.322614440686641357e-01
0.000000000000000000e+00,-1.367014906472507674e+00
0.000000000000000000e+00,-7.169518004329997751e-01
0.000000000000000000e+00,-9.217393002688429871e-01
0.000000000000000000e+00,-1.187147546509799589e+00
0.000000000000000000e+00,-1.160852254407670259e+00
0.000000000000000000e+00,-1.426087301829793708e+00
0.000000000000000000e+00,-7.137770042270674686e-01
0.000000000000000000e+00,-1.546003127787835441e+00
0.000000000000000000e+00,-1.011460154469465689e+00
0.000000000000000000e+00,-1.396388343653988340e+00
0.000000000000000000e+00,-8.928290152859384987e-01
0.000000000000000000e+00,-1.554546700773088208e+00
0.000000000000000000e+00,-1.448065768014309862e+00
0.000000000000000000e+00,1.059921557686981597e+00
0.000000000000000000e+00,-1.685113480880354508e+00
0.000000000000000000e+00,-1.205954695928940446e+00
0.000000000000000000e+00,-1.151716789923235451e+00
0.000000000000000000e+00,-1.278575259605842618e+00
0.000000000000000000e+00,-9.915600741109471539e-01
0.000000000000000000e+00,-1.292977823884434718e+00
0.000000000000000000e+00,-1.428895983568237105e+00
0.000000000000000000e+00,-1.129586774772240343e+00
0.000000000000000000e+00,-1.501630208969998437e+00
0.000000000000000000e+00,-1.659843270626743195e+00
0.000000000000000000e+00,-1.269521755276748376e+00
0.000000000000000000e+00,-1.063067603414142637e+00
0.000000000000000000e+00,-1.601962970264707131e+00
0.000000000000000000e+00,-1.063520703895554309e+00
0.000000000000000000e+00,-1.113741015871540840e+00
0.000000000000000000e+00,-1.190321182902212671e+00
0.000000000000000000e+00,-1.641208933421929084e+00
0.000000000000000000e+00,-7.418359860870467060e-01
0.000000000000000000e+00,-1.218276554754497143e+00
0.000000000000000000e+00,-1.322825238190668440e+00
0.000000000000000000e+00,-1.338663265001241331e+00
0.000000000000000000e+00,-7.285008368504148901e-01
0.000000000000000000e+00,-1.654105093241629909e+00
0.000000000000000000e+00,-7.701667509149715540e-01
0.000000000000000000e+00,-8.963602608467013955e-01
0.000000000000000000e+00,-1.515771041997809210e+00
0.000000000000000000e+00,-5.835090694031895842e-01
0.000000000000000000e+00,-1.479250833912424401e+00
0.000000000000000000e+00,-1.453098585477634819e+00
0.000000000000000000e+00,-1.637596307612585012e+00
0.000000000000000000e+00,-1.055120947786653884e+00
0.000000000000000000e+00,-1.025549955702441896e+00
0.000000000000000000e+00,-1.590783141150831304e+00
0.000000000000000000e+00,-1.789030645855445689e+00
0.000000000000000000e+00,-1.487920053362232542e+00
0.000000000000000000e+00,-1.247115704508237943e+00
0.000000000000000000e+00,-1.546274524151274754e+00
0.000000000000000000e+00,-4.084294196467970761e-01
0.000000000000000000e+00,-8.531251190909758808e-01
0.000000000000000000e+00,-7.828926114496367328e-01
0.000000000000000000e+00,-1.482311968393497326e+00
0.000000000000000000e+00,-1.030467951627388690e+00
0.000000000000000000e+00,-9.053990742045552320e-01
0.000000000000000000e+00,-1.406580011649700035e+00
0.000000000000000000e+00,-1.322711963070315466e+00
0.000000000000000000e+00,-1.685951252845558468e+00
0.000000000000000000e+00,-9.466466821932694176e-01
0.000000000000000000e+00,-1.120233265346238793e+00
0.000000000000000000e+00,-1.587670201665910996e+00
0.000000000000000000e+00,-7.923477978608014505e-01
0.000000000000000000e+00,-1.182957913474766976e+00
0.000000000000000000e+00,-1.676960185144235727e+00
0.000000000000000000e+00,-1.689313552237057703e+00
0.000000000000000000e+00,-4.748677906630729972e-01
0.000000000000000000e+00,-1.392155410914247549e+00
0.000000000000000000e+00,-2.145566406793284475e+00
0.000000000000000000e+00,-1.647251755158025466e+00
0.000000000000000000e+00,-8.512844950363676055e-01
0.000000000000000000e+00,-1.112435452453684803e+00
0.000000000000000000e+00,-1.229280092213489217e+00
0.000000000000000000e+00,-1.579604858454980887e+00
0.000000000000000000e+00,-1.149054631292688811e+00
0.000000000000000000e+00,-1.334254040606616787e+00
0.000000000000000000e+00,-1.086454856419703185e+00
0.000000000000000000e+00,-1.358649944769176665e+00
0.000000000000000000e+00,-1.440800309526963918e+00
0.000000000000000000e+00,-1.071304599025880488e+00
0.000000000000000000e+00,-1.222623149219097094e+00
0.000000000000000000e+00,-1.298250336141680616e+00
0.000000000000000000e+00,-1.573556044349036398e+00
0.000000000000000000e+00,-1.625722136805351381e+00
0.000000000000000000e+00,-1.672454889529789712e+00
0.000000000000000000e+00,-1.609742032838704429e+00
0.000000000000000000e+00,-1.563063598047404579e+00
0.000000000000000000e+00,-6.351431940588028180e-01
0.000000000000000000e+00,-1.377941509634741379e+00
0.000000000000000000e+00,-9.757015572615389543e-01
0.000000000000000000e+00,-6.933573274120494734e-01
0.000000000000000000e+00,-1.969865870199735802e+00
0.000000000000000000e+00,-2.022011801710323076e-02
0.000000000000000000e+00,-1.618881943274961932e+00
0.000000000000000000e+00,-1.376822676193439898e+00
0.000000000000000000e+00,-1.245722381867446549e+00
0.000000000000000000e+00,-6.565579908730986292e-01
0.000000000000000000e+00,-1.327541426563314086e+00
0.000000000000000000e+00,-1.409164849378981899e+00
0.000000000000000000e+00,-1.207285388639707469e+00
0.000000000000000000e+00,-1.133491866890618427e+00
0.000000000000000000e+00,-1.539277369191317746e+00
0.000000000000000000e+00,-1.299495202652043657e+00
0.000000000000000000e+00,-1.466461570238722034e+00
0.000000000000000000e+00,-1.734889584278574759e+00
0.000000000000000000e+00,-1.252001612259159957e+00
0.000000000000000000e+00,-1.573520863338961018e+00
0.000000000000000000e+00,7.794979790249094709e-01
0.000000000000000000e+00,-1.565880398480480773e+00
0.000000000000000000e+00,-1.497889810371314301e+00
0.000000000000000000e+00,-1.142292918477082919e+00
0.000000000000000000e+00,-1.160106107710465073e+00
0.000000000000000000e+00,-9.725828187090237442e-01
0.000000000000000000e+00,-1.546877627181140191e+00
0.000000000000000000e+00,-1.538491788834467355e+00
0.000000000000000000e+00,-1.065832598843371448e+00
0.000000000000000000e+00,-1.062859610189740289e+00
0.000000000000000000e+00,1.134225010779911891e+00
0.000000000000000000e+00,-1.699749360978513257e+00
0.000000000000000000e+00,-1.401074763479647212e+00
0.000000000000000000e+00,-1.868996115245743272e+00
0.000000000000000000e+00,-8.613238408565877524e-01
0.000000000000000000e+00,-1.425214348854514146e+00
0.000000000000000000e+00,-8.726165584863101454e-01
0.000000000000000000e+00,-6.184929111804431390e-01
0.000000000000000000e+00,-1.717518670600427511e+00
0.000000000000000000e+00,-5.225879312966625889e-01
0.000000000000000000e+00,-8.067406970267355648e-01
0.000000000000000000e+00,-8.262692504546769179e-01
0.000000000000000000e+00,-9.607175398054356164e-01
0.000000000000000000e+00,-7.825937661662483169e-01
0.000000000000000000e+00,-1.528655410380067359e+00
0.000000000000000000e+00,-1.097468058991353468e+00
0.000000000000000000e+00,-1.066519208446602862e+00
0.000000000000000000e+00,-1.224694962768487105e+00
0.000000000000000000e+00,-1.139774190118382435e+00
0.000000000000000000e+00,-8.329923028196501988e-01
0.000000000000000000e+00,7.815960816807295819e-01
0.000000000000000000e+00,-4.838559588305983428e-01
0.000000000000000000e+00,-1.793376660413286139e+00
0.000000000000000000e+00,-1.558892522028675565e+00
0.000000000000000000e+00,-1.164795620372174545e+00
0.000000000000000000e+00,-1.606010332841412591e+00
0.000000000000000000e+00,-1.188600019640058569e+00
0.000000000000000000e+00,-1.006639196275606274e+00
0.000000000000000000e+00,-1.495350591973778620e+00
0.000000000000000000e+00,-1.418638206201943808e+00
0.000000000000000000e+00,-1.797055395593211813e+00
0.000000000000000000e+00,-1.072831300221353867e+00
0.000000000000000000e+00,-1.349487804573805461e+00
0.000000000000000000e+00,-1.111675774598758215e+00
0.000000000000000000e+00,-9.868249421174914993e-01
0.000000000000000000e+00,-1.156218799399377772e+00
0.000000000000000000e+00,-1.285344704511574676e+00
0.000000000000000000e+00,-9.369007691933490811e-01
0.000000000000000000e+00,-1.880553656962297371e+00
0.000000000000000000e+00,-1.473075986737418352e+00
0.000000000000000000e+00,-1.842801726919764516e+00
0.000000000000000000e+00,-1.236196446831624440e+00
0.000000000000000000e+00,-1.725290001084298197e+00
0.000000000000000000e+00,-1.526925355214267643e+00
0.000000000000000000e+00,-8.416804658902682368e-01
0.000000000000000000e+00,-1.546625561043016850e+00
0.000000000000000000e+00,-1.642682089893276354e+00
0.000000000000000000e+00,-6.114810652492458365e-01
0.000000000000000000e+00,-7.747159261408853581e-01
0.000000000000000000e+00,-1.426054827051262297e+00
0.000000000000000000e+00,-1.553529930921456081e+00
0.000000000000000000e+00,-1.745996731745261599e+00
0.000000000000000000e+00,-1.189660089196398873e+00
0.000000000000000000e+00,-1.196671548523089879e+00
0.000000000000000000e+00,-6.117891890407860522e-01
0.000000000000000000e+00,-1.190354817494262862e+00
0.000000000000000000e+00,-9.451219140203277469e-01
0.000000000000000000e+00,-1.284643017332596893e+00
0.000000000000000000e+00,-1.993292556864941556e+00
0.000000000000000000e+00,-1.176047744528732730e+00
0.000000000000000000e+00,-3.089951272247852265e-01
0.000000000000000000e+00,-1.440925955991519292e+00
0.000000000000000000e+00,-1.349205583284188936e+00
0.000000000000000000e+00,-1.754272967714391562e+00
0.000000000000000000e+00,-1.371858287727734105e+00
0.000000000000000000e+00,-1.298035384036164475e+00
0.000000000000000000e+00,-1.186707977186109098e+00
0.000000000000000000e+00,-7.410020801669059409e-01
0.000000000000000000e+00,-1.539110742649091979e+00
0.000000000000000000e+00,-1.011163242208608981e+00
0.000000000000000000e+00,-4.530594304613393963e-01
0.000000000000000000e+00,-7.264904934175303586e-01
0.000000000000000000e+00,-1.128073991338994775e+00
0.000000000000000000e+00,4.662226824379602785e-01
0.000000000000000000e+00,-6.673720921239919557e-01
0.000000000000000000e+00,-1.754407699384845420e+00
0.000000000000000000e+00,-1.385805045293370341e+00
0.000000000000000000e+00,-1.318501066787435061e+00
0.000000000000000000e+00,-1.334294247475274586e+00
0.000000000000000000e+00,1.018328576518972434e-01
0.000000000000000000e+00,-2.228767891692368108e-02
0.000000000000000000e+00,-1.699760959113702841e+00
0.000000000000000000e+00,-1.420987601786874555e+00
0.000000000000000000e+00,-5.395513638251445698e-01
0.000000000000000000e+00,-9.655450702759026393e-01
0.000000000000000000e+00,-1.179658630617798520e+00
0.000000000000000000e+00,-1.005920498498350080e+00
0.000000000000000000e+00,-6.383968575840250903e-01
0.000000000000000000e+00,-5.955185517876365742e-01
0.000000000000000000e+00,-1.321220056280411503e+00
0.000000000000000000e+00,-8.001394250812542408e-01
0.000000000000000000e+00,-1.360898823182463024e+00
0.000000000000000000e+00,-1.334135739627681616e+00
0.000000000000000000e+00,-1.524117446684836841e+00
0.000000000000000000e+00,-1.022070128541020084e+00
0.000000000000000000e+00,-6.938046288258662431e-01
0.000000000000000000e+00,-1.241584940440767726e+00
0.000000000000000000e+00,-1.488224311108709452e+00
0.000000000000000000e+00,-1.549618401881618368e-01
0.000000000000000000e+00,-1.645951217598751626e+00
0.000000000000000000e+00,-1.555922239606588819e+00
0.000000000000000000e+00,-1.447420911697761436e+00
0.000000000000000000e+00,-1.135126430743356174e+00
0.000000000000000000e+00,-1.345504231740643597e+00
0.000000000000000000e+00,-1.629535410353477598e+00
0.000000000000000000e+00,-1.407002956979618524e+00
0.000000000000000000e+00,-7.164488279702723172e-01
0.000000000000000000e+00,-7.642694857755061300e-01
0.000000000000000000e+00,-1.413615053851276837e+00
0.000000000000000000e+00,-3.192981373183182980e-01
0.000000000000000000e+00,-8.424126948252457225e-01
0.000000000000000000e+00,-1.830530513284536198e+00
0.000000000000000000e+00,-1.041058208869120483e+00
0.000000000000000000e+00,-1.817366629844205939e+00
0.000000000000000000e+00,-1.560657371600044474e+00
0.000000000000000000e+00,-8.509466026978405040e-01
0.000000000000000000e+00,-1.310464718914479354e+00
0.000000000000000000e+00,-1.101211937030594390e+00
0.000000000000000000e+00,-4.879647915238092271e-01
0.000000000000000000e+00,-8.870098442567505570e-01
0.000000000000000000e+00,-7.906741869529251288e-01
0.000000000000000000e+00,-1.372343476383170557e+00
0.000000000000000000e+00,-1.612013527615610675e+00
0.000000000000000000e+00,-1.721919776300419258e+00
0.000000000000000000e+00,-3.270944037928469328e-01
0.000000000000000000e+00,-8.656267490119732289e-01
0.000000000000000000e+00,9.960717550899030048e-02
0.000000000000000000e+00,-1.010420574951960804e+00
0.000000000000000000e+00,-1.144652752383684247e+00
0.000000000000000000e+00,-1.640148283958829278e+00
0.000000000000000000e+00,-6.618525395872050243e-01
0.000000000000000000e+00,-3.646746814345721566e-01
0.000000000000000000e+00,-1.417945410926611416e+00
0.000000000000000000e+00,7.946377980970614763e-01
0.000000000000000000e+00,-1.043712635409540734e+00
0.000000000000000000e+00,-8.556299296874487759e-01
0.000000000000000000e+00,-9.069926579796224742e-01
0.000000000000000000e+00,-8.122645022130919878e-01
0.000000000000000000e+00,-7.390099071458186009e-01
0.000000000000000000e+00,-9.461166474150992656e-01
0.000000000000000000e+00,-8.330703969299276812e-01
0.000000000000000000e+00,-1.657940596548869827e+00
0.000000000000000000e+00,-1.129732524671124505e+00
0.000000000000000000e+00,-1.195139048260021708e+00
0.000000000000000000e+00,-1.554825442622147724e+00
0.000000000000000000e+00,-6.785337508260704809e-01
0.000000000000000000e+00,-1.056613627785570664e+00
0.000000000000000000e+00,-1.608027248550904398e+00
0.000000000000000000e+00,-1.277270856001505583e+00
0.000000000000000000e+00,-1.578612058082740965e+00
0.000000000000000000e+00,-1.288632389233353548e+00
0.000000000000000000e+00,-8.391242368944542562e-01
0.000000000000000000e+00,-1.223431539241820465e+00
0.000000000000000000e+00,-1.403084333703519038e+00
0.000000000000000000e+00,-6.829735169766947278e-01
0.000000000000000000e+00,-1.185912345112094535e+00
0.000000000000000000e+00,-6.189270680410450254e-01
0.000000000000000000e+00,-1.037176313021121787e+00
0.000000000000000000e+00,1.633878087216064534e+00
0.000000000000000000e+00,-8.113509557646485515e-01
0.000000000000000000e+00,-9.664524310522449868e-01
0.000000000000000000e+00,-1.033975614313265901e+00
0.000000000000000000e+00,-1.374962335309009021e+00
0.000000000000000000e+00,-1.485577616658415590e+00
0.000000000000000000e+00,-1.322436700661812736e+00
0.000000000000000000e+00,-1.416788303639183733e+00
0.000000000000000000e+00,-1.414404886857696608e+00
0.000000000000000000e+00,-9.034911809658465742e-01
0.000000000000000000e+00,-1.228781759004837548e+00
0.000000000000000000e+00,-1.784521097591430072e+00
0.000000000000000000e+00,-1.643007804189854371e+00
0.000000000000000000e+00,-4.284489607977697845e-01
0.000000000000000000e+00,-1.078906403433728345e+00
0.000000000000000000e+00,-1.360992768077499582e+00
0.000000000000000000e+00,-1.607612035311112519e+00
0.000000000000000000e+00,-1.123647369741585633e+00
0.000000000000000000e+00,-8.950179700007446781e-01
0.000000000000000000e+00,-1.209574473921651405e+00
0.000000000000000000e+00,-1.178451651349055052e+00
0.000000000000000000e+00,-1.451938385354156758e+00
0.000000000000000000e+00,-1.091009057504199298e+00
0.000000000000000000e+00,-1.743254352679652897e+00
0.000000000000000000e+00,-1.331623970150094927e+00
0.000000000000000000e+00,-1.243603402568284944e+00
0.000000000000000000e+00,2.667061484413376649e-01
0.000000000000000000e+00,-1.428754486318922545e+00
0.000000000000000000e+00,-1.179523319040584939e+00
0.000000000000000000e+00,-1.498477449220926738e+00
0.000000000000000000e+00,-1.208692629042726452e+00
0.000000000000000000e+00,-1.147609503648049811e+00
0.000000000000000000e+00,-8.458681659027691424e-01
0.000000000000000000e+00,-6.920022786173840590e-01
0.000000000000000000e+00,-1.207480237310894600e+00
0.000000000000000000e+00,-1.916637523915190600e-01
0.000000000000000000e+00,-1.366844800489725120e+00
0.000000000000000000e+00,-1.369626806517232342e+00
0.000000000000000000e+00,-6.514528783670909817e-01
0.000000000000000000e+00,-9.903086353239765049e-01
0.000000000000000000e+00,-1.214877914539403303e+00
0.000000000000000000e+00,-1.212513827983232373e+00
0.000000000000000000e+00,-8.091190879496403809e-01
0.000000000000000000e+00,-1.755258229298758188e+00
0.000000000000000000e+00,-1.421480522532437618e+00
0.000000000000000000e+00,-1.405197513935085629e+00
0.000000000000000000e+00,-1.431029653838638893e+00
0.000000000000000000e+00,-9.418322962760172778e-01
0.000000000000000000e+00,-1.164352185003420859e+00
0.000000000000000000e+00,-1.222844673601220844e+00
0.000000000000000000e+00,-1.172592660055715719e+00
0.000000000000000000e+00,-1.088934924327771281e+00
0.000000000000000000e+00,-9.971550145264672649e-01
0.000000000000000000e+00,-1.485192171965610708e+00
0.000000000000000000e+00,-1.204170516132255342e+00
0.000000000000000000e+00,-1.334840906247216630e+00
0.000000000000000000e+00,-3.801218510892516167e-01
0.000000000000000000e+00,-1.456270675452022934e+00
0.000000000000000000e+00,-1.321658852395089179e+00
0.000000000000000000e+00,-1.470708420740690414e+00
0.000000000000000000e+00,-1.280838442385862974e+00
0.000000000000000000e+00,-9.619523545986342628e-01
0.000000000000000000e+00,-1.076739871780288960e+00
0.000000000000000000e+00,-5.697235259166903987e-01
0.000000000000000000e+00,-1.395454693771216004e+00
0.000000000000000000e+00,-1.270448059673900509e+00
0.000000000000000000e+00,-8.416340733495093485e-01
0.000000000000000000e+00,4.012943886233856783e-01
0.000000000000000000e+00,-1.665899236916054571e+00
0.000000000000000000e+00,-1.091087151614476669e+00
0.000000000000000000e+00,-1.029997840547698829e+00
0.000000000000000000e+00,-1.320424424206396719e+00
0.000000000000000000e+00,-1.248136727009439451e+00
0.000000000000000000e+00,-1.077972366946449601e+00
0.000000000000000000e+00,-1.371948366577707690e+00
0.000000000000000000e+00,-5.525760696431982755e-01
0.000000000000000000e+00,-1.306860018497514764e+00
0.000000000000000000e+00,-8.751975301705288146e-01
0.000000000000000000e+00,-1.232169574293754399e+00
0.000000000000000000e+00,-1.330648180376133416e+00
0.000000000000000000e+00,-7.810423222823703604e-01
0.000000000000000000e+00,-1.395409847648482415e+00
0.000000000000000000e+00,-1.316603225265890798e+00
0.000000000000000000e+00,-1.341144879327334838e+00
0.000000000000000000e+00,-7.833689082014279048e-01
0.000000000000000000e+00,-8.413959249736138180e-01
0.000000000000000000e+00,-9.267404161626495718e-01
0.000000000000000000e+00,-1.611882855292473105e+00
0.000000000000000000e+00,-1.057423564226319446e+00
0.000000000000000000e+00,-1.251881764862199597e+00
0.000000000000000000e+00,-3.745771692595536440e-01
0.000000000000000000e+00,-1.703553549320740768e+00
0.000000000000000000e+00,-1.322069039776298860e+00
0.000000000000000000e+00,-4.584697092779844996e-02
0.000000000000000000e+00,-9.733189136890645354e-01
0.000000000000000000e+00,-1.189792694542068041e+00
0.000000000000000000e+00,-1.430585445260872612e+00
0.000000000000000000e+00,-1.232877060540327196e+00
0.000000000000000000e+00,-8.360681282719635288e-01
0.000000000000000000e+00,-1.344768909969615400e+00
0.000000000000000000e+00,-1.490020862249596734e+00
0.000000000000000000e+00,-9.615100790433996902e-01
0.000000000000000000e+00,-8.775589104951554420e-01
0.000000000000000000e+00,-9.867990396155678079e-01
0.000000000000000000e+00,-1.550703465375721901e+00
0.000000000000000000e+00,-1.158139063982288830e+00
0.000000000000000000e+00,-1.315545088732082313e+00
0.000000000000000000e+00,-1.352044806778631925e+00
0.000000000000000000e+00,-1.041622264843847123e+00
0.000000000000000000e+00,-1.012775382999979934e+00
0.000000000000000000e+00,-1.845732189077699870e+00
0.000000000000000000e+00,-4.190250893516173636e-01
0.000000000000000000e+00,-2.292325672532024086e-02
0.000000000000000000e+00,-1.043754002091717314e+00
0.000000000000000000e+00,-8.511047239409269549e-01
0.000000000000000000e+00,-1.423324626027602680e+00
0.000000000000000000e+00,-1.371952619227277070e+00
0.000000000000000000e+00,-4.494694210156152669e-01
0.000000000000000000e+00,-8.749740727658735784e-01
0.000000000000000000e+00,-1.353455913226714324e+00
0.000000000000000000e+00,-2.690395514962056756e-01
0.000000000000000000e+00,-1.414899354021285083e+00
0.000000000000000000e+00,-1.055666833349583333e+00
0.000000000000000000e+00,-1.015017689136658685e+00
0.000000000000000000e+00,-1.498242780285587994e+00
0.000000000000000000e+00,4.130914897787128781e-02
0.000000000000000000e+00,-1.142336991390803913e+00
0.000000000000000000e+00,-8.042111437418579811e-01
0.000000000000000000e+00,-1.345452426736796214e+00
0.000000000000000000e+00,-6.645371212791184590e-01
0.000000000000000000e+00,-3.164774708401787984e-01
0.000000000000000000e+00,-7.543024349979685628e-01
0.000000000000000000e+00,-1.212527745745460184e+00
0.000000000000000000e+00,-3.361104074848276224e-01
0.000000000000000000e+00,-1.470871954446865582e+00
0.000000000000000000e+00,-6.773047351004667371e-01
0.000000000000000000e+00,-7.007252360935711799e-01
0.000000000000000000e+00,-1.130606637459922847e+00
0.000000000000000000e+00,-1.535709009597947761e+00
0.000000000000000000e+00,-7.533695583242088212e-01
0.000000000000000000e+00,-1.642078600258904730e+00
0.000000000000000000e+00,-1.064989027810572697e+00
0.000000000000000000e+00,-5.887858343100050851e-01
0.000000000000000000e+00,-1.085523912768475263e+00
0.000000000000000000e+00,-1.353418799194107347e+00
0.000000000000000000e+00,-1.258251074103886591e+00
0.000000000000000000e+00,-1.264089188753884319e+00
0.000000000000000000e+00,-1.086848033202634678e+00
0.000000000000000000e+00,-1.067303242385427842e+00
0.000000000000000000e+00,-1.377133892821030603e+00
0.000000000000000000e+00,-1.064331026940809277e+00
0.000000000000000000e+00,-9.262111545934920143e-01
0.000000000000000000e+00,-9.620126649016208509e-01
0.000000000000000000e+00,-1.497071755235932722e+00
0.000000000000000000e+00,-1.350988216662848629e+00
0.000000000000000000e+00,-1.361136198349345960e+00
0.000000000000000000e+00,-1.087112470684960197e+00
0.000000000000000000e+00,-1.143003884164212725e+00
0.000000000000000000e+00,-9.917386853928688017e-01
0.000000000000000000e+00,-1.424934060587429219e+00
0.000000000000000000e+00,-9.237028645564623330e-01
0.000000000000000000e+00,-1.448494899016329329e+00
0.000000000000000000e+00,-1.205046948548091690e+00
0.000000000000000000e+00,-1.524233428036734006e+00
0.000000000000000000e+00,-1.070599045801839289e+00
0.000000000000000000e+00,-9.503345025790934653e-01
0.000000000000000000e+00,-1.911751287506867625e+00
0.000000000000000000e+00,-1.280294489845465122e+00
0.000000000000000000e+00,-1.572768144365148224e+00
0.000000000000000000e+00,-1.077087815835980456e+00
0.000000000000000000e+00,-8.348178492985118826e-01
0.000000000000000000e+00,-1.005270616323219457e+00
0.000000000000000000e+00,-1.651440614984045263e+00
0.000000000000000000e+00,-1.393679019273670106e+00
0.000000000000000000e+00,-1.469938691168599432e+00
0.000000000000000000e+00,-1.159380451052094863e+00
0.000000000000000000e+00,-1.036656716564622549e+00
0.000000000000000000e+00,-1.291824582642070451e+00
0.000000000000000000e+00,-1.308557598884783291e+00
0.000000000000000000e+00,-9.575547283391994124e-01
0.000000000000000000e+00,-1.259765403955157348e+00
0.000000000000000000e+00,-9.390228413285611753e-01
0.000000000000000000e+00,-1.930056044370040524e+00
0.000000000000000000e+00,-1.355374244787093785e+00
0.000000000000000000e+00,-1.088524350342055413e+00
0.000000000000000000e+00,-1.306516327091392871e+00
0.000000000000000000e+00,4.636768917638171006e-01
0.000000000000000000e+00,-1.664397665013492400e+00
0.000000000000000000e+00,-9.773786476099722842e-01
0.000000000000000000e+00,-2.180997685339503001e-01
0.000000000000000000e+00,-1.751650242743489905e+00
1.000000000000000000e+00,1.005968192597931132e+00
1.000000000000000000e+00,-8.314696030243880209e-02
1.000000000000000000e+00,4.400464645237787131e-01
1.000000000000000000e+00,7.943903712130141459e-01
1.000000000000000000e+00,2.557242608346997348e-01
1.000000000000000000e+00,6.034207542870533708e-02
1.000000000000000000e+00,-1.203934687383397817e+00
1.000000000000000000e+00,1.551246013243397615e+00
1.000000000000000000e+00,8.597651932323928659e-01
1.000000000000000000e+00,1.155072272178924164e+00
1.000000000000000000e+00,5.889004109891802230e-01
1.000000000000000000e+00,3.605748823903099920e-01
1.000000000000000000e+00,-2.395408544546761831e-01
1.000000000000000000e+00,-4.871131017963775678e-01
1.000000000000000000e+00,1.568757650961846828e+00
1.000000000000000000e+00,2.167777228676256995e-01
1.000000000000000000e+00,1.486085234765374408e-01
1.000000000000000000e+00,-1.215400603831953363e+00
1.000000000000000000e+00,1.349639881890094095e+00
1.000000000000000000e+00,5.788636360453564694e-02
1.000000000000000000e+00,-6.542616954606822466e-02
1.000000000000000000e+00,2.487158943440592740e-01
1.000000000000000000e+00,-1.919560253982999509e-01
1.000000000000000000e+00,5.968803146042127583e-01
1.000000000000000000e+00,3.667307859445061435e-01
1.000000000000000000e+00,-7.517636032049391792e-01
1.000000000000000000e+00,8.030959314864166698e-01
1.000000000000000000e+00,3.001006590930935247e-01
1.000000000000000000e+00,-7.855021918673233960e-01
1.000000000000000000e+00,-4.185503390178515470e-01
1.000000000000000000e+00,1.147750756038161457e+00
1.000000000000000000e+00,4.922450317586248847e-01
1.000000000000000000e+00,-5.787588598339872270e-01
1.000000000000000000e+00,-4.860762285104167635e-01
1.000000000000000000e+00,4.311711848720999884e-01
1.000000000000000000e+00,1.896272615975078124e-01
1.000000000000000000e+00,1.098683685304539193e+00
1.000000000000000000e+00,6.848744577244449128e-02
1.000000000000000000e+00,1.305150595115853740e+00
1.000000000000000000e+00,1.466056163856891414e+00
1.000000000000000000e+00,2.300288378200974204e+00
1.000000000000000000e+00,4.653810444276930691e-01
1.000000000000000000e+00,-8.755276904189294163e-01
1.000000000000000000e+00,1.612426176369161634e+00
1.000000000000000000e+00,2.282132657374989382e+00
1.000000000000000000e+00,7.309615809233221961e-02
1.000000000000000000e+00,-1.958247766930836520e-01
1.000000000000000000e+00,5.598385770397967809e-01
1.000000000000000000e+00,1.168177778338799655e+00
1.000000000000000000e+00,1.582164322032148629e+00
1.000000000000000000e+00,7.930743694734874172e-01
1.000000000000000000e+00,1.506187258031342013e+00
1.000000000000000000e+00,1.021171414809120215e+00
1.000000000000000000e+00,2.452287216970173156e-01
1.000000000000000000e+00,-4.824359604788705513e-01
1.000000000000000000e+00,-4.312174356675555487e-01
1.000000000000000000e+00,5.863917343476441335e-01
1.000000000000000000e+00,1.591228651287419860e+00
1.000000000000000000e+00,5.987785427302633190e-01
1.000000000000000000e+00,2.311470391586740170e-01
1.000000000000000000e+00,6.852571961857056859e-02
1.000000000000000000e+00,-8.698439663221026186e-02
1.000000000000000000e+00,6.308527989929229030e-01
1.000000000000000000e+00,4.485552431034623977e-01
1.000000000000000000e+00,8.753963866320825238e-01
1.000000000000000000e+00,1.697646954116173612e+00
1.000000000000000000e+00,-4.927138412794925260e-01
1.000000000000000000e+00,5.504290099603783570e-01
1.000000000000000000e+00,5.451576575166513505e-01
1.000000000000000000e+00,4.463898712635420152e-01
1.000000000000000000e+00,8.920613604816824971e-01
1.000000000000000000e+00,1.207159497315949181e+00
1.000000000000000000e+00,-4.343214832488305199e-01
1.000000000000000000e+00,1.140870606888472610e-01
1.000000000000000000e+00,4.659293027719941258e-04
1.000000000000000000e+00,4.104016309788587891e-01
1.000000000000000000e+00,1.060661769961444151e-01
1.000000000000000000e+00,3.694432031608749223e-01
1.000000000000000000e+00,-1.383061448467137189e-01
1.000000000000000000e+00,6.997940475831401219e-01
1.000000000000000000e+00,5.916271325722830543e-01
1.000000000000000000e+00,1.000965530286099359e+00
1.000000000000000000e+00,2.776192204458499124e-01
1.000000000000000000e+00,2.502213458271994817e+00
1.000000000000000000e+00,1.010390174941264485e+00
1.000000000000000000e+00,5.791154509341212009e-01
1.000000000000000000e+00,-2.353022580024883431e-02
1.000000000000000000e+00,4.984136932615297333e-01
1.000000000000000000e+00,1.589266633417825814e+00
1.000000000000000000e+00,-4.221364824185124820e-01
1.000000000000000000e+00,-4.028218566377161219e-02
1.000000000000000000e+00,-6.625596392292715242e-01
1.000000000000000000e+00,6.799071117778364703e-01
1.000000000000000000e+00,3.386892012873116142e-01
1.000000000000000000e+00,1.646110253796154055e+00
1.000000000000000000e+00,7.195595895734580028e-01
1.000000000000000000e+00,5.927567909397615242e-01
1.000000000000000000e+00,-7.829084622343960298e-01
1.000000000000000000e+00,1.880701095024510217e+00
1.000000000000000000e+00,-2.518283054791700670e-01
1.000000000000000000e+00,2.470902223949670851e-01
1.000000000000000000e+00,1.821717618703678765e+00
1.000000000000000000e+00,9.158398572476429411e-01
1.000000000000000000e+00,7.094324845303022764e-01
1.000000000000000000e+00,1.342670427099444397e-01
1.000000000000000000e+00,8.922701269150974390e-01
1.000000000000000000e+00,1.525012964466786469e+00
1.000000000000000000e+00,5.298593305969065970e-01
1.000000000000000000e+00,1.131868269709361163e+00
1.000000000000000000e+00,8.259604951994272692e-01
1.000000000000000000e+00,-9.686755423187555503e-02
1.000000000000000000e+00,1.247254250666805175e+00
1.000000000000000000e+00,5.014887455048303577e-01
1.000000000000000000e+00,1.243645297600271205e+00
1.000000000000000000e+00,-4.759835312683239339e-01
1.000000000000000000e+00,-7.477425297346638189e-01
1.000000000000000000e+00,-4.847549496629494081e-02
1.000000000000000000e+00,-2.005233166135864109e-02
1.000000000000000000e+00,1.214687460263088825e+00
1.000000000000000000e+00,1.097267939602381004e+00
1.000000000000000000e+00,1.688654397943930852e-01
1.000000000000000000e+00,1.055106011956210565e+00
1.000000000000000000e+00,8.477313547640474845e-01
1.000000000000000000e+00,3.840502812233124730e-01
1.000000000000000000e+00,3.132773004821324814e-01
1.000000000000000000e+00,5.925735404037639764e-01
1.000000000000000000e+00,1.053740911444380757e+00
1.000000000000000000e+00,9.963649366608443581e-01
1.000000000000000000e+00,-2.272460579445621243e-01
1.000000000000000000e+00,7.678109247987366937e-01
1.000000000000000000e+00,7.039716958784766332e-01
1.000000000000000000e+00,-6.891100903055746851e-01
1.000000000000000000e+00,-4.220444705460073553e-01
1.000000000000000000e+00,2.287221919096237510e+00
1.000000000000000000e+00,-2.235671294623834959e-01
1.000000000000000000e+00,-2.711791561893502414e-02
1.000000000000000000e+00,7.698324797623046223e-01
1.000000000000000000e+00,1.066043440044621260e+00
1.000000000000000000e+00,6.668827925642891730e-01
1.000000000000000000e+00,8.886979012766641484e-01
1.000000000000000000e+00,-7.378748363152515255e-01
1.000000000000000000e+00,-3.790269871273422297e-01
1.000000000000000000e+00,-6.534353862755201137e-01
1.000000000000000000e+00,6.793326174814390273e-01
1.000000000000000000e+00,1.214250597170942747e+00
1.000000000000000000e+00,1.329015691291230761e+00
1.000000000000000000e+00,1.837024837527069021e+00
1.000000000000000000e+00,-4.733882552173712677e-01
1.000000000000000000e+00,5.815421674203166136e-01
1.000000000000000000e+00,8.853267099815194108e-01
1.000000000000000000e+00,1.119503111179096067e+00
1.000000000000000000e+00,5.930378524158590459e-01
1.000000000000000000e+00,1.281663598147661398e+00
1.000000000000000000e+00,3.866382117886449921e-01
1.000000000000000000e+00,2.093437183510373778e+00
1.000000000000000000e+00,6.024501257268217724e-01
1.000000000000000000e+00,2.738540791587610324e-01
1.000000000000000000e+00,1.323546010735759504e+00
1.000000000000000000e+00,3.696318661599610200e-01
1.000000000000000000e+00,-2.895776646453067024e-02
1.000000000000000000e+00,-8.491102312928017204e-01
1.000000000000000000e+00,1.192091200077467050e+00
1.000000000000000000e+00,1.243899296760926143e+00
1.000000000000000000e+00,1.566560828801766558e-01
1.000000000000000000e+00,4.044301377741791326e-01
1.000000000000000000e+00,7.309999901245961551e-01
1.000000000000000000e+00,7.297926242513465001e-01
1.000000000000000000e+00,-2.581894960262242078e-01
1.000000000000000000e+00,7.851953696346054556e-01
1.000000000000000000e+00,5.061805777935777240e-01
1.000000000000000000e+00,1.498602077617266382e+00
1.000000000000000000e+00,2.428133849188226279e+00
1.000000000000000000e+00,1.160735254987557363e+00
1.000000000000000000e+00,5.994094812845840448e-01
1.000000000000000000e+00,7.414386983998488834e-01
1.000000000000000000e+00,3.630356200730618932e-01
1.000000000000000000e+00,-1.632985797625313429e-01
1.000000000000000000e+00,-4.209496065840979684e-01
1.000000000000000000e+00,2.407470669045623166e-02
1.000000000000000000e+00,3.106681066689521709e-01
1.000000000000000000e+00,-2.873313571084167295e-01
1.000000000000000000e+00,-1.297393755910814517e-01
1.000000000000000000e+00,7.051303495839295055e-01
1.000000000000000000e+00,5.921614200000226980e-01
1.000000000000000000e+00,-6.981079235857581278e-01
1.000000000000000000e+00,-6.981079235857581278e-01
1.000000000000000000e+00,-8.468178019254486710e-02
1.000000000000000000e+00,-5.216554412274092556e-01
1.000000000000000000e+00,1.138505882478436870e+00
1.000000000000000000e+00,7.921588900025122726e-01
1.000000000000000000e+00,1.031099805136025394e+00
1.000000000000000000e+00,7.532609288480872356e-02
1.000000000000000000e+00,1.504351273230809527e+00
1.000000000000000000e+00,3.652902975539431552e-01
1.000000000000000000e+00,1.297742479565674234e+00
1.000000000000000000e+00,1.076173251319321178e+00
1.000000000000000000e+00,1.253357054048487018e-01
1.000000000000000000e+00,8.258479932880870011e-01
1.000000000000000000e+00,-1.661567468777842560e-01
1.000000000000000000e+00,9.764322461686467114e-02
1.000000000000000000e+00,6.121500327904895178e-01
1.000000000000000000e+00,8.837327396019457604e-01
1.000000000000000000e+00,1.501819400318894049e+00
1.000000000000000000e+00,-1.089782361405633448e+00
1.000000000000000000e+00,3.363490842105327783e-01
1.000000000000000000e+00,-2.292324318980545617e-01
1.000000000000000000e+00,-7.262040194783443425e-01
1.000000000000000000e+00,4.355208721727506505e-01
1.000000000000000000e+00,9.926450281009954191e-01
1.000000000000000000e+00,-2.127322869232965361e-02
1.000000000000000000e+00,8.078030926002691126e-02
1.000000000000000000e+00,1.525725089967435055e+00
1.000000000000000000e+00,7.401605839019419486e-01
1.000000000000000000e+00,1.141156694223152412e-01
1.000000000000000000e+00,-1.254190702329114060e-01
1.000000000000000000e+00,-3.388852033818624127e-02
1.000000000000000000e+00,9.409741760172813940e-01
1.000000000000000000e+00,9.017349784389201428e-01
1.000000000000000000e+00,6.009833482298287954e-01
1.000000000000000000e+00,5.789615823406043527e-01
1.000000000000000000e+00,2.023599399069991200e+00
1.000000000000000000e+00,1.063085780216095344e-01
1.000000000000000000e+00,3.527612187129968158e-01
1.000000000000000000e+00,4.594087780140007626e-01
1.000000000000000000e+00,6.793326174814390273e-01
1.000000000000000000e+00,1.046062945948787348e+00
1.000000000000000000e+00,6.438813708560398030e-01
1.000000000000000000e+00,9.395124243788706142e-01
1.000000000000000000e+00,-7.033270844211313433e-01
1.000000000000000000e+00,1.206149686345430849e+00
1.000000000000000000e+00,1.163945618808071458e+00
1.000000000000000000e+00,-8.006108313296109169e-02
1.000000000000000000e+00,5.889004109891802230e-01
1.000000000000000000e+00,9.491350105412735827e-01
1.000000000000000000e+00,-3.985686851084985771e-01
1.000000000000000000e+00,-5.727313089758906406e-01
1.000000000000000000e+00,-5.977361152359106367e-01
1.000000000000000000e+00,4.857705660912178258e-01
1.000000000000000000e+00,1.804127113665939364e+00
1.000000000000000000e+00,4.038915976968698862e-01
1.000000000000000000e+00,6.232610463022396630e-01
1.000000000000000000e+00,7.249484697871074745e-01
1.000000000000000000e+00,1.005871541471350161e+00
1.000000000000000000e+00,-2.213387410879322781e-01
1.000000000000000000e+00,3.298019368959367870e-01
1.000000000000000000e+00,1.105990897078568125e+00
1.000000000000000000e+00,1.349490130590998704e-01
1.000000000000000000e+00,5.577265566217490811e-01
1.000000000000000000e+00,4.594520777187090510e-01
1.000000000000000000e+00,4.696603697081928042e-01
1.000000000000000000e+00,5.846868084747556260e-01
1.000000000000000000e+00,-3.389248882908659222e-01
1.000000000000000000e+00,8.845286229253189469e-02
1.000000000000000000e+00,4.024893831524329335e-01
1.000000000000000000e+00,1.710474356280854147e-01
1.000000000000000000e+00,-6.023475337873426261e-01
1.000000000000000000e+00,2.049839793332222548e+00
1.000000000000000000e+00,1.432804310267969061e+00
1.000000000000000000e+00,8.279843697900332034e-01
1.000000000000000000e+00,-2.117656403023387979e-01
1.000000000000000000e+00,4.405641279577465208e-01
1.000000000000000000e+00,1.124563628811728749e-01
1.000000000000000000e+00,8.215126103541703362e-01
1.000000000000000000e+00,6.004812064875127836e-03
1.000000000000000000e+00,8.497188885310589246e-01
1.000000000000000000e+00,8.994145781919639093e-01
1.000000000000000000e+00,1.388990421566276723e+00
1.000000000000000000e+00,3.058100344424855010e-01
1.000000000000000000e+00,6.218623111983596630e-01
1.000000000000000000e+00,1.048295586972808113e+00
1.000000000000000000e+00,-3.011178091590763911e-02
1.000000000000000000e+00,8.684351858912136013e-01
1.000000000000000000e+00,7.209865468062996996e-01
1.000000000000000000e+00,2.997395704841869790e-01
1.000000000000000000e+00,-1.903013581112334707e-01
1.000000000000000000e+00,-1.378560796899538574e-03
1.000000000000000000e+00,7.622612171104564682e-01
1.000000000000000000e+00,-2.167381474626773608e-01
1.000000000000000000e+00,1.554951230832006370e+00
1.000000000000000000e+00,1.379390258465240438e+00
1.000000000000000000e+00,-2.887181074726007379e-01
1.000000000000000000e+00,-8.480408832283097276e-01
1.000000000000000000e+00,5.641124898572079660e-01
1.000000000000000000e+00,7.087311839558306792e-01
1.000000000000000000e+00,9.135793806991667765e-01
1.000000000000000000e+00,-5.893212815512637315e-01
1.000000000000000000e+00,2.402732251349569970e-01
1.000000000000000000e+00,1.624181272988447500e+00
1.000000000000000000e+00,2.329741320555609729e-01
1.000000000000000000e+00,1.929068411601686073e+00
1.000000000000000000e+00,1.750003255989599937e+00
1.000000000000000000e+00,4.077386991392994431e-01
1.000000000000000000e+00,3.675407223852548144e-01
1.000000000000000000e+00,9.842201426991840085e-01
1.000000000000000000e+00,9.213083779895950842e-01
1.000000000000000000e+00,5.552472619226936912e-01
1.000000000000000000e+00,4.379039023497314220e-01
1.000000000000000000e+00,8.446829782316832569e-01
1.000000000000000000e+00,1.622457403494748984e+00
1.000000000000000000e+00,1.048536441580247836e+00
1.000000000000000000e+00,-7.869593042516582759e-01
1.000000000000000000e+00,1.770533366338278847e-01
1.000000000000000000e+00,-1.159378131425057079e+00
1.000000000000000000e+00,5.780031897694272169e-01
1.000000000000000000e+00,5.366850844054142644e-02
1.000000000000000000e+00,2.738945372767771780e-02
1.000000000000000000e+00,3.793757107822018360e-02
1.000000000000000000e+00,1.990650508058879053e-01
1.000000000000000000e+00,4.076180785333263779e-01
1.000000000000000000e+00,-5.032887696961192009e-02
1.000000000000000000e+00,1.418608966004766492e+00
1.000000000000000000e+00,3.254893636278932134e-01
1.000000000000000000e+00,7.905328314489138419e-01
1.000000000000000000e+00,8.334617824356307381e-01
1.000000000000000000e+00,3.805101437589041291e-01
1.000000000000000000e+00,9.862034238166258460e-01
1.000000000000000000e+00,4.790718698101428807e-01
1.000000000000000000e+00,9.715035606726705186e-01
1.000000000000000000e+00,-1.259403542137238263e+00
1.000000000000000000e+00,1.848556534253098516e-02
1.000000000000000000e+00,-1.014650550210798863e-01
1.000000000000000000e+00,4.333458352201721708e-01
1.000000000000000000e+00,8.332479901436335989e-01
1.000000000000000000e+00,-7.833859187997060936e-01
1.000000000000000000e+00,2.585572986570415788e-01
1.000000000000000000e+00,5.035636518902709691e-01
1.000000000000000000e+00,4.067288881687813329e-01
1.000000000000000000e+00,1.672552320255538683e-01
1.000000000000000000e+00,-2.149647925921694402e-01
1.000000000000000000e+00,-8.348967166178019594e-01
1.000000000000000000e+00,7.313220316783639596e-01
1.000000000000000000e+00,1.923591772165101021e+00
1.000000000000000000e+00,-5.258651776967706581e-01
1.000000000000000000e+00,-1.309011221325849239e-01
1.000000000000000000e+00,1.672552320255538683e-01
1.000000000000000000e+00,4.717240645629500184e-01
1.000000000000000000e+00,-4.047462385150488728e-01
1.000000000000000000e+00,1.349133816591316037e+00
1.000000000000000000e+00,-6.287595804503818275e-01
1.000000000000000000e+00,1.055602798746836823e+00
1.000000000000000000e+00,-5.612910437799004115e-02
1.000000000000000000e+00,6.793747573726284239e-01
1.000000000000000000e+00,1.102944704818093757e-01
1.000000000000000000e+00,-2.711791561893502414e-02
1.000000000000000000e+00,1.321851774433900062e-01
1.000000000000000000e+00,9.273494600054130732e-01
1.000000000000000000e+00,-2.405367476629666490e-01
1.000000000000000000e+00,-6.751664255759889377e-01
1.000000000000000000e+00,-1.161513870073138388e-01
1.000000000000000000e+00,3.232861045463530369e-01
1.000000000000000000e+00,-9.953975104407185581e-01
1.000000000000000000e+00,5.905454131635886617e-01
1.000000000000000000e+00,1.009963750170788988e+00
1.000000000000000000e+00,1.916642807413286576e-01
1.000000000000000000e+00,3.859557194798353408e-02
1.000000000000000000e+00,1.924726707640520285e-01
1.000000000000000000e+00,-6.309864224068076899e-01
1.000000000000000000e+00,1.117364028445605895e+00
1.000000000000000000e+00,8.542110975393953087e-02
1.000000000000000000e+00,8.339570228082318071e-01
1.000000000000000000e+00,5.613057411412961661e-01
1.000000000000000000e+00,1.516521969694393679e+00
1.000000000000000000e+00,7.799800748442954346e-01
1.000000000000000000e+00,1.891951286158537027e+00
1.000000000000000000e+00,6.113254053785005526e-01
1.000000000000000000e+00,2.475203778553577982e-02
1.000000000000000000e+00,7.288547217190045613e-01
1.000000000000000000e+00,1.538014087409954378e+00
1.000000000000000000e+00,6.848744577244449128e-02
1.000000000000000000e+00,7.210426044597166850e-01
1.000000000000000000e+00,6.515839436848902544e-02
1.000000000000000000e+00,-4.284489607977697845e-01
1.000000000000000000e+00,-8.405910143914473442e-01
1.000000000000000000e+00,4.668397032300533045e-01
1.000000000000000000e+00,-7.332707632494397387e-01
1.000000000000000000e+00,2.263113899935741136e-01
1.000000000000000000e+00,4.151935938347440791e-01
1.000000000000000000e+00,7.852935671792117267e-01
1.000000000000000000e+00,1.685397776937805903e+00
1.000000000000000000e+00,-1.028630169159472640e-01
1.000000000000000000e+00,1.937006948534541806e+00
1.000000000000000000e+00,1.217321648014032393e-01
1.000000000000000000e+00,4.623697819279358745e-01
1.000000000000000000e+00,3.833141862432716818e-01
1.000000000000000000e+00,1.055106011956210565e+00
1.000000000000000000e+00,-2.690391648916993783e-01
1.000000000000000000e+00,1.691364630888409604e+00
1.000000000000000000e+00,5.996306765736000507e-03
1.000000000000000000e+00,1.618536073987105306e+00
1.000000000000000000e+00,-2.860242472725355034e-01
1.000000000000000000e+00,6.167440541391369102e-01
1.000000000000000000e+00,-5.019757254374952460e-01
1.000000000000000000e+00,1.776675100880888758e+00
1.000000000000000000e+00,1.189055581493811520e+00
1.000000000000000000e+00,-1.028982617114092113e+00
1.000000000000000000e+00,1.752649177230880984e+00
1.000000000000000000e+00,1.525577793650525704e+00
1.000000000000000000e+00,5.459273870887423330e-01
1.000000000000000000e+00,7.159112028472789380e-01
1.000000000000000000e+00,-7.262040194783443425e-01
1.000000000000000000e+00,1.388208571899341714e-01
1.000000000000000000e+00,5.542942818146051609e-01
1.000000000000000000e+00,1.110994719203918901e+00
1.000000000000000000e+00,-1.226201947134137882e+00
1.000000000000000000e+00,6.827950474400763525e-01
1.000000000000000000e+00,-6.502029859981456328e-01
1.000000000000000000e+00,-3.836024514596860779e-01
1.000000000000000000e+00,8.286559018175178037e-01
1.000000000000000000e+00,9.388706608983728996e-01
1.000000000000000000e+00,4.379039023497314220e-01
1.000000000000000000e+00,8.984368553954705794e-01
1.000000000000000000e+00,4.155438575174735250e-01
1.000000000000000000e+00,1.541763377912283906e+00
1.000000000000000000e+00,1.279684820929147537e-01
1.000000000000000000e+00,1.904572376871988437e+00
1.000000000000000000e+00,1.265389481453955023e+00
1.000000000000000000e+00,5.659728307416388438e-01
1.000000000000000000e+00,5.462007164747133547e-01
1.000000000000000000e+00,8.363214959689090344e-01
1.000000000000000000e+00,1.541096871743381502e+00
1.000000000000000000e+00,1.388572502094940431e+00
1.000000000000000000e+00,7.581442657226128423e-01
1.000000000000000000e+00,4.296846905452844090e-01
1.000000000000000000e+00,-1.400383901226846195e+00
1.000000000000000000e+00,-6.591424419978741955e-01
1.000000000000000000e+00,1.564225737583569698e-01
1.000000000000000000e+00,4.594087780140007626e-01
1.000000000000000000e+00,6.877439717255291463e-01
1.000000000000000000e+00,8.357864353321566853e-01
1.000000000000000000e+00,1.768068511361105211e+00
1.000000000000000000e+00,1.197226854339474400e+00
1.000000000000000000e+00,2.493003765722345833e+00
1.000000000000000000e+00,-1.472877407376315673e-01
1.000000000000000000e+00,-2.314143702203480969e-03
1.000000000000000000e+00,2.375173671075922144e+00
1.000000000000000000e+00,1.127648094918328958e+00
1.000000000000000000e+00,1.793790082375849915e+00
1.000000000000000000e+00,2.459621104455138318e-01
1.000000000000000000e+00,1.417377881901483172e-01
1.000000000000000000e+00,2.448608423843142479e+00
1.000000000000000000e+00,7.876735045201419538e-01
1.000000000000000000e+00,1.509889769388406355e+00
1.000000000000000000e+00,1.050419205526045507e+00
1.000000000000000000e+00,5.600999216860718111e-01
1.000000000000000000e+00,6.583473382736690915e-01
1.000000000000000000e+00,5.890330163348493908e-01
1.000000000000000000e+00,-1.083806364302025843e-01
1.000000000000000000e+00,8.078030926002691126e-02
1.000000000000000000e+00,-8.962645182842809977e-02
1.000000000000000000e+00,-7.962250544547242459e-01
1.000000000000000000e+00,1.245825747015938179e+00
1.000000000000000000e+00,1.509889769388406355e+00
1.000000000000000000e+00,3.575411968291860587e-01
1.000000000000000000e+00,3.874319108401280132e-01
1.000000000000000000e+00,-5.183318022865422980e-01
1.000000000000000000e+00,1.467318427570039052e+00
1.000000000000000000e+00,8.109432297557800373e-01
1.000000000000000000e+00,1.584540393328015551e+00
1.000000000000000000e+00,-4.263350073571904875e-01
1.000000000000000000e+00,1.389639008572740309e-01
1.000000000000000000e+00,-7.043906334180285445e-01
1.000000000000000000e+00,5.754860078287520331e-01
1.000000000000000000e+00,3.936237686134123059e-01
1.000000000000000000e+00,3.843861051841601650e-02
1.000000000000000000e+00,9.579004945131562865e-01
1.000000000000000000e+00,-2.353022580024883431e-02
1.000000000000000000e+00,-2.569121547373299230e-01
1.000000000000000000e+00,-1.710109530591877036e-01
1.000000000000000000e+00,1.243004693933292382e+00
1.000000000000000000e+00,-1.230042089695453589e+00
1.000000000000000000e+00,3.883412046390019579e-01
1.000000000000000000e+00,2.446376034068480088e-01
1.000000000000000000e+00,-3.292791058580835095e-01
1.000000000000000000e+00,2.502742971090510804e-01
1.000000000000000000e+00,1.221144528727711398e+00
1.000000000000000000e+00,-3.266498086105744103e-01
1.000000000000000000e+00,-2.083538555340300191e-01
1.000000000000000000e+00,6.222543281677721527e-01
1.000000000000000000e+00,9.368262962689318796e-01
1.000000000000000000e+00,7.802112643390771707e-01
1.000000000000000000e+00,1.665727339656043693e+00
1.000000000000000000e+00,2.261903827830947233e-01
1.000000000000000000e+00,6.503622734449066023e-02
1.000000000000000000e+00,3.276922361049270371e-01
1.000000000000000000e+00,-8.675976587852126665e-01
1.000000000000000000e+00,1.533941595540337932e+00
1.000000000000000000e+00,7.906217504853683131e-01
1.000000000000000000e+00,2.316202430744145058e-01
1.000000000000000000e+00,-1.919799948776920451e-01
1.000000000000000000e+00,1.315249478030047658e+00
1.000000000000000000e+00,-1.573859857979608215e-02
1.000000000000000000e+00,1.334252249329388462e+00
1.000000000000000000e+00,1.026423437027530916e+00
1.000000000000000000e+00,1.587024327281146840e+00
1.000000000000000000e+00,1.258562045872274160e+00
1.000000000000000000e+00,1.252878959629312172e+00
1.000000000000000000e+00,-2.972052361999302228e-01
1.000000000000000000e+00,3.535273334893829916e-02
1.000000000000000000e+00,1.243645297600271205e+00
1.000000000000000000e+00,3.192484070823057851e-01
1.000000000000000000e+00,-8.523449511972142068e-01
1.000000000000000000e+00,1.552582118417253243e+00
1.000000000000000000e+00,1.441535773043295388e+00
1.000000000000000000e+00,-7.314517890471855521e-01
1.000000000000000000e+00,-3.454716490009555607e-01
1.000000000000000000e+00,3.554330424562015533e-01
1.000000000000000000e+00,9.162195028728530311e-01
1.000000000000000000e+00,1.834277625905130993e+00
1.000000000000000000e+00,1.704105568998821596e+00
1.000000000000000000e+00,-8.928160060878713444e-02
1.000000000000000000e+00,8.819733024936654564e-01
1.000000000000000000e+00,2.010590157432190495e+00
1.000000000000000000e+00,4.555725014977483056e-01
1.000000000000000000e+00,5.829942539460694073e-01
1.000000000000000000e+00,4.172692734291972849e-01
1.000000000000000000e+00,7.866466829513455439e-01
1.000000000000000000e+00,1.580246628325633895e-01
1.000000000000000000e+00,1.260516969505606488e-01
1.000000000000000000e+00,1.949559223645867645e+00
1.000000000000000000e+00,-3.401275573986409229e-03
1.000000000000000000e+00,1.109298298630169377e+00
1.000000000000000000e+00,1.377016120191905113e+00
1.000000000000000000e+00,1.844076503722417826e+00
1.000000000000000000e+00,2.715224673811213463e-01
1.000000000000000000e+00,-3.301292491674898688e-01
1.000000000000000000e+00,3.409315074239904764e-01
1.000000000000000000e+00,-3.359820547887280573e-01
1.000000000000000000e+00,4.246839612559842325e-01
1.000000000000000000e+00,-3.165509256963803808e-01
1.000000000000000000e+00,3.087265788381933773e-01
1.000000000000000000e+00,2.204558781407916779e-01
1.000000000000000000e+00,9.021809846840701808e-02
1.000000000000000000e+00,5.906358786180684328e-01
1.000000000000000000e+00,6.170231825927028346e-01
1.000000000000000000e+00,4.715253498466994708e-01
1.000000000000000000e+00,6.828215877958647428e-02
1.000000000000000000e+00,4.675232199972340075e-01
1.000000000000000000e+00,1.481167374195575315e+00
1.000000000000000000e+00,-7.926235822289583177e-02
1.000000000000000000e+00,1.417031619618964955e+00
1.000000000000000000e+00,6.329675256425149055e-01
1.000000000000000000e+00,1.061490398773644150e+00
1.000000000000000000e+00,8.468112360389965509e-01
1.000000000000000000e+00,1.378622461915681052e+00
1.000000000000000000e+00,-7.237602923938707411e-01
1.000000000000000000e+00,3.060060429271917459e-01
1.000000000000000000e+00,1.017427923374385479e+00
1.000000000000000000e+00,3.850492672676535388e-01
1.000000000000000000e+00,1.970554167966295678e+00
1.000000000000000000e+00,5.185881274643905359e-02
1.000000000000000000e+00,8.488277651439822824e-01
1.000000000000000000e+00,-6.443432214957935944e-01
1.000000000000000000e+00,1.059446807353215947e+00
1.000000000000000000e+00,8.548839247355467519e-01
1.000000000000000000e+00,2.448471430492755729e-01
1.000000000000000000e+00,6.435651283698667902e-01
1.000000000000000000e+00,6.832253382556148225e-01
1.000000000000000000e+00,-4.221364824185124820e-01
1.000000000000000000e+00,1.678653074720478422e+00
1.000000000000000000e+00,2.574026018530680027e+00
1.000000000000000000e+00,-3.124761141997259850e-01
1.000000000000000000e+00,-3.422079337585688386e-01
1.000000000000000000e+00,3.385326264622504078e-01
1.000000000000000000e+00,-3.211654370838629147e-01
1.000000000000000000e+00,-3.784091931262365538e-01
1.000000000000000000e+00,7.310722851672787348e-01
1.000000000000000000e+00,1.300125896347161358e+00
1.000000000000000000e+00,5.225470929642955786e-01
1.000000000000000000e+00,7.232087495086496620e-01
1.000000000000000000e+00,3.424404248121727945e-01
1.000000000000000000e+00,1.717632860675096351e+00
1.000000000000000000e+00,4.537253051665324777e-01
1.000000000000000000e+00,1.217209668062346317e+00
1.000000000000000000e+00,2.080873310263858134e+00
1.000000000000000000e+00,8.803828115546488142e-01
1.000000000000000000e+00,-4.965651953714916855e-01
1.000000000000000000e+00,-9.557009597313761429e-01
1.000000000000000000e+00,1.691770565620049682e+00
1.000000000000000000e+00,2.650607596624229290e-01
1.000000000000000000e+00,7.516125825882697953e-01
1.000000000000000000e+00,1.234579808531480971e+00
1.000000000000000000e+00,6.847462403834932987e-01
1.000000000000000000e+00,2.007945009399922043e+00
1.000000000000000000e+00,-1.995852787260966599e-01
1.000000000000000000e+00,1.216772418365693831e+00
1.000000000000000000e+00,1.203427604016404029e+00
1.000000000000000000e+00,6.969412929309757310e-01
1.000000000000000000e+00,1.200690057507124209e+00
1.000000000000000000e+00,1.230473933319172902e-01
1.000000000000000000e+00,4.779521278046808264e-02
1.000000000000000000e+00,2.138062941675346273e+00
1.000000000000000000e+00,-3.291372220042626529e-01
1.000000000000000000e+00,1.074379406409978088e+00
1.000000000000000000e+00,2.661156622538932481e+00
1.000000000000000000e+00,8.772157474388430076e-01
1.000000000000000000e+00,4.864922213493767800e-02
1.000000000000000000e+00,-2.127190070149336532e-01
1.000000000000000000e+00,1.159899280689737078e-01
1.000000000000000000e+00,-1.830529102221658821e-01
1.000000000000000000e+00,1.232393946652725614e+00
1.000000000000000000e+00,4.023734018005357682e-01
1.000000000000000000e+00,-7.202202902846102650e-02
1.000000000000000000e+00,6.123657581050182541e-01
1.000000000000000000e+00,4.352216402848559373e-01
1.000000000000000000e+00,3.882120787338897427e-01
1.000000000000000000e+00,8.800031659294387243e-01
1.000000000000000000e+00,4.175801034522817479e-01
1.000000000000000000e+00,9.985183237610687490e-01
1.000000000000000000e+00,-1.968082985571717736e-01
1.000000000000000000e+00,8.113827990794704181e-01
1.000000000000000000e+00,5.622931290504474822e-01
1.000000000000000000e+00,-6.734363704101893333e-01
1.000000000000000000e+00,-6.662246499492224805e-01
1.000000000000000000e+00,-1.016521716021406702e-01
1.000000000000000000e+00,1.665053101397014679e+00
1.000000000000000000e+00,3.957832060305899874e-02
1.000000000000000000e+00,1.153712197525676553e+00
1.000000000000000000e+00,1.258562045872274160e+00
1.000000000000000000e+00,7.060566539810816389e-01
1.000000000000000000e+00,-1.123055478242403593e+00
1.000000000000000000e+00,8.974498540908255606e-01
1.000000000000000000e+00,6.567661258428042492e-01
1.000000000000000000e+00,9.210841473759272535e-01
1.000000000000000000e+00,-3.567724853253107509e-01
1.000000000000000000e+00,1.630427893246481907e-01
1.000000000000000000e+00,1.062212962595963761e+00
1.000000000000000000e+00,7.298993270950918655e-01
1.000000000000000000e+00,-9.215484529978668071e-02
1.000000000000000000e+00,-6.733470647692284539e-01
1.000000000000000000e+00,4.117562931690178507e-01
1.000000000000000000e+00,1.126068042300983008e+00
1.000000000000000000e+00,1.275983604740750010e+00
1.000000000000000000e+00,1.569565654380064013e+00
1.000000000000000000e+00,3.668514065504792088e-01
1.000000000000000000e+00,-9.194807567428985307e-01
1.000000000000000000e+00,7.897395190019370625e-01
1.000000000000000000e+00,1.858114886556052836e+00
1.000000000000000000e+00,8.803371922229025204e-01
1.000000000000000000e+00,1.161917356212748137e-01
1.000000000000000000e+00,1.648084121050296391e-01
1.000000000000000000e+00,1.071293915845006772e+00
1.000000000000000000e+00,4.549469754065161298e-01
1.000000000000000000e+00,7.397469170801753702e-01
1.000000000000000000e+00,7.694288646577024382e-01
1.000000000000000000e+00,-1.007363055266592561e-01
1.000000000000000000e+00,-6.743410249549873781e-01
1.000000000000000000e+00,5.760071507032767935e-01
1.000000000000000000e+00,-4.220150886035267668e-01
1.000000000000000000e+00,8.008795278516614990e-01
1.000000000000000000e+00,8.893388915481492685e-01
1.000000000000000000e+00,8.635902582179619813e-01
1.000000000000000000e+00,9.618411542461162700e-01
1.000000000000000000e+00,1.417648505055910113e-01
1.000000000000000000e+00,2.334945017210730001e-01
1.000000000000000000e+00,3.601654682181129608e-01
1.000000000000000000e+00,2.296717563625418346e-01
1.000000000000000000e+00,8.063457289665757477e-01
1.000000000000000000e+00,9.243420635507190175e-01
1.000000000000000000e+00,3.398122873781826425e-01
1.000000000000000000e+00,8.504031785072523331e-01
1.000000000000000000e+00,-1.459794188922659330e+00
1.000000000000000000e+00,-4.722060186370326540e-01
1.000000000000000000e+00,1.021748228732555441e+00
1.000000000000000000e+00,-1.023760305931269501e-02
1.000000000000000000e+00,3.589383855150407587e-01
1.000000000000000000e+00,-8.563803290342234531e-01
1.000000000000000000e+00,7.026719315282154987e-01
1.000000000000000000e+00,-5.979522271549457813e-01
1.000000000000000000e+00,7.159347857221647349e-01
1.000000000000000000e+00,8.239184501970242547e-01
1.000000000000000000e+00,3.696318661599610200e-01
1.000000000000000000e+00,4.801596395357905778e-02
1.000000000000000000e+00,6.184403393577385388e-02
1.000000000000000000e+00,-9.061123595187229318e-01
1.000000000000000000e+00,-2.465275710929624720e-01
1.000000000000000000e+00,1.579384500276531655e-01
1.000000000000000000e+00,-8.015192165643243438e-01
1.000000000000000000e+00,5.832090706964376120e-02
1.000000000000000000e+00,2.123240389547738638e-01
1.000000000000000000e+00,1.185839089512595070e-02
1.000000000000000000e+00,4.526826328129768262e-01
1.000000000000000000e+00,-4.023038065992420170e-02
1.000000000000000000e+00,4.150277405015310728e-01
1.000000000000000000e+00,1.125839423682597762e-01
1.000000000000000000e+00,-6.784003722713887186e-01
1.000000000000000000e+00,1.849375305086093713e+00
1.000000000000000000e+00,1.651409828368842758e+00
1.000000000000000000e+00,5.542942818146051609e-01
1.000000000000000000e+00,9.374726990035054941e-01
1.000000000000000000e+00,8.149963914000802889e-01
1.000000000000000000e+00,8.764290072684738364e-01
1.000000000000000000e+00,-6.356763216730234589e-01
1.000000000000000000e+00,6.330579910969946766e-01
1.000000000000000000e+00,6.704697091739626469e-01
1.000000000000000000e+00,-6.222669443711774662e-01
1.000000000000000000e+00,9.153689729589403745e-01
1.000000000000000000e+00,-5.302542986570664141e-01
1.000000000000000000e+00,1.297742479565674234e+00
1.000000000000000000e+00,3.468508090203163419e-01
1.000000000000000000e+00,-5.415361913606117072e-01
1.000000000000000000e+00,-4.797324351661471642e-01
1.000000000000000000e+00,1.687588278070637271e+00
1.000000000000000000e+00,7.752896536184254728e-02
1.000000000000000000e+00,3.325719581837478511e-01
1.000000000000000000e+00,9.082376662352888985e-01
1.000000000000000000e+00,1.448460884209928357e-01
1.000000000000000000e+00,8.885873323878554775e-01
1.000000000000000000e+00,1.160158305708974130e-01
1.000000000000000000e+00,3.995024767365741858e-01
1.000000000000000000e+00,1.460768960628405111e+00
1.000000000000000000e+00,-1.184517089448771321e+00
1.000000000000000000e+00,5.034370968615552167e-02
1.000000000000000000e+00,7.116338105893108557e-01
1.000000000000000000e+00,-5.793739476035486557e-01
1.000000000000000000e+00,7.022373880631074261e-01
1.000000000000000000e+00,1.786942543359840041e+00
1.000000000000000000e+00,6.852461200101701566e-01
1.000000000000000000e+00,5.702695532249231203e-01
1.000000000000000000e+00,1.120941666547127458e+00
1.000000000000000000e+00,-3.541377756147131017e-01
1.000000000000000000e+00,2.008612153422689450e-01
1.000000000000000000e+00,2.022567165038106296e+00
1.000000000000000000e+00,1.316476947337626324e+00
1.000000000000000000e+00,7.800372923112314227e-01
1.000000000000000000e+00,1.214897773114529178e+00
1.000000000000000000e+00,7.989073229097552742e-02
1.000000000000000000e+00,8.049152922931771537e-01
1.000000000000000000e+00,7.400759175150570801e-01
1.000000000000000000e+00,2.156660938056566224e+00
1.000000000000000000e+00,2.180666622917097064e-01
1.000000000000000000e+00,-9.098266043661248914e-02
1.000000000000000000e+00,5.055190974832575179e-01
1.000000000000000000e+00,1.563390807205057964e+00
1.000000000000000000e+00,5.792758918042456573e-01
1.000000000000000000e+00,3.087687187293826629e-01
1.000000000000000000e+00,2.918064460144196848e-01
1.000000000000000000e+00,1.972665666424689157e-01
1.000000000000000000e+00,7.096946023855899011e-01
1.000000000000000000e+00,-1.076314220218826279e+00
1.000000000000000000e+00,-2.563647227563752296e-01
1.000000000000000000e+00,1.290038998172663431e+00
1.000000000000000000e+00,1.449539510782572038e-01
1.000000000000000000e+00,1.480290941779738967e+00
1.000000000000000000e+00,1.947022189520222213e-01
1.000000000000000000e+00,3.701435951711860850e-02
1.000000000000000000e+00,-8.860349630469493976e-02
1.000000000000000000e+00,9.995768468993837530e-01
1.000000000000000000e+00,5.461562569564860636e-01
1.000000000000000000e+00,6.475904544897117532e-01
1.000000000000000000e+00,1.072879380925441328e+00
1.000000000000000000e+00,-2.961014803343753887e-01
1.000000000000000000e+00,1.374642619772434571e-01
1.000000000000000000e+00,9.322086920453986902e-01
1.000000000000000000e+00,1.130197751637535442e+00
1.000000000000000000e+00,7.834664742823247430e-01
1.000000000000000000e+00,5.349957580679265412e-01
1.000000000000000000e+00,-8.973267721125113283e-01
1.000000000000000000e+00,4.405900304596702122e-01
1.000000000000000000e+00,-2.413362457820445728e-01
1.000000000000000000e+00,-8.755276904189294163e-01
1.000000000000000000e+00,-6.288624172490639985e-01
1.000000000000000000e+00,2.473583848160681775e+00
1.000000000000000000e+00,8.807012383127119093e-02
1.000000000000000000e+00,-1.774707277553544682e-01
1.000000000000000000e+00,4.632156725877726311e-01
1.000000000000000000e+00,5.143506908257216015e-01
1.000000000000000000e+00,2.078711282509346781e-01
1.000000000000000000e+00,1.733567152007743806e+00
1.000000000000000000e+00,3.642282949750712540e-01
1.000000000000000000e+00,8.443048790244984669e-01
1.000000000000000000e+00,-2.789694882411361543e-01
1.000000000000000000e+00,2.833127450104826472e-01
1.000000000000000000e+00,3.378406043959305549e-01
1.000000000000000000e+00,3.840502812233124730e-01
1.000000000000000000e+00,1.822209379635722826e+00
1.000000000000000000e+00,-7.217217268320245127e-01
1.000000000000000000e+00,1.257068457309196974e-01
1.000000000000000000e+00,1.006591399062125358e+00
1.000000000000000000e+00,8.010368758857353555e-01
1.000000000000000000e+00,1.309436106068454508e+00
1.000000000000000000e+00,9.000984815636509095e-01
1.000000000000000000e+00,-2.189085451611799682e-01
1.000000000000000000e+00,-9.710870458740563649e-01
1.000000000000000000e+00,-6.985485952115686251e-03
1.000000000000000000e+00,-3.796768693024727415e-01
1.000000000000000000e+00,1.479970060039490054e+00
1.000000000000000000e+00,-8.511700601024957402e-01
1.000000000000000000e+00,-7.189888195768205925e-01
1.000000000000000000e+00,8.548943630572175545e-01
1.000000000000000000e+00,7.282059993573930523e-01
1.000000000000000000e+00,9.522309394279157013e-01
1.000000000000000000e+00,-1.147964019980348915e+00
1.000000000000000000e+00,-7.138335838401387023e-02
1.000000000000000000e+00,1.294113423064811474e+00
1.000000000000000000e+00,-7.038779958426429895e-01
1.000000000000000000e+00,-4.839456510760655195e-01
1.000000000000000000e+00,5.745839241603504371e-02
1.000000000000000000e+00,-4.141287432790246026e-01
1.000000000000000000e+00,-7.702894398986240287e-02
1.000000000000000000e+00,3.048775443732321677e-01
1.000000000000000000e+00,1.765989352326094997e+00
1.000000000000000000e+00,1.695447174475190444e+00
1.000000000000000000e+00,2.400574998204282606e-01
1.000000000000000000e+00,4.331973790897437615e-01
1.000000000000000000e+00,5.576619936691930013e-01
1.000000000000000000e+00,2.165313146908095732e+00
1.000000000000000000e+00,-3.994984689462076632e-01
1.000000000000000000e+00,-7.635538808343005357e-01
1.000000000000000000e+00,1.492957651824936782e+00
1.000000000000000000e+00,-3.891089947984058967e-02
1.000000000000000000e+00,-1.774707277553544682e-01
1.000000000000000000e+00,-6.857632550943282279e-01
1.000000000000000000e+00,8.048576882217348683e-01
1.000000000000000000e+00,-1.015777753596091681e+00
1.000000000000000000e+00,-7.398820869120854571e-01
1.000000000000000000e+00,1.289793890915653884e+00
1.000000000000000000e+00,1.007710232503426839e+00
1.000000000000000000e+00,2.605197031311419220e-01
1.000000000000000000e+00,1.255631970318844992e+00
1.000000000000000000e+00,2.155741592540527662e+00
1.000000000000000000e+00,-3.798048353940660093e-01
1.000000000000000000e+00,1.567442422431332805e+00
1.000000000000000000e+00,1.061490398773644150e+00
1.000000000000000000e+00,1.048653582745664004e+00
1.000000000000000000e+00,1.455747741300269738e+00
1.000000000000000000e+00,1.557048946883319962e+00
1.000000000000000000e+00,2.719836865571658158e-01
1.000000000000000000e+00,9.930053435008893148e-01
1.000000000000000000e+00,8.945205517464090983e-01
1.000000000000000000e+00,-9.468655003438487539e-01
1.000000000000000000e+00,6.073177277107986993e-02
1.000000000000000000e+00,4.426270496034910851e-01
1.000000000000000000e+00,1.346474615441672074e-01
1.000000000000000000e+00,2.193103689885538277e-01
1.000000000000000000e+00,2.880745527148746432e-01
1.000000000000000000e+00,-1.916034420885325273e-01
1.000000000000000000e+00,1.449651626089406009e-01
1.000000000000000000e+00,-6.435000370675011405e-01
1.000000000000000000e+00,5.687919508017530434e-01
1.000000000000000000e+00,8.501750818485211969e-01
1.000000000000000000e+00,4.186919780124694346e-01
1.000000000000000000e+00,-6.112282259021100117e-01
1.000000000000000000e+00,1.172278356982229819e-01
1.000000000000000000e+00,1.039977017810235660e+00
1.000000000000000000e+00,6.567042691217923611e-01
1.000000000000000000e+00,-1.027746255902868278e+00
1.000000000000000000e+00,7.199028943750737097e-01
1.000000000000000000e+00,1.688805309056545134e+00
1.000000000000000000e+00,-1.710109530591877036e-01
1.000000000000000000e+00,2.670935261566742547e-01
1.000000000000000000e+00,8.399350882895189052e-01
1.000000000000000000e+00,6.595102446286915665e-01
1.000000000000000000e+00,1.111529006631658545e+00
1.000000000000000000e+00,-3.217639008596523964e-01
1.000000000000000000e+00,2.757275645964068489e-01
1.000000000000000000e+00,1.876853471622426384e-01
1.000000000000000000e+00,4.675096888395127159e-01
1.000000000000000000e+00,1.307251404003217932e+00
1.000000000000000000e+00,1.029861124297763553e+00
1.000000000000000000e+00,-6.532393777908138688e-01
1.000000000000000000e+00,1.132156676671078888e+00
1.000000000000000000e+00,-2.683185340919115314e-01
1.000000000000000000e+00,6.198786434764115283e-01
1.000000000000000000e+00,2.880192682704703078e-01
1.000000000000000000e+00,1.146418130304862837e+00
1.000000000000000000e+00,7.311314356567463202e-01
1.000000000000000000e+00,4.801806515342799120e-01
1.000000000000000000e+00,1.093364780506534295e+00
1.000000000000000000e+00,1.234895277808641501e+00
1.000000000000000000e+00,6.118975800478599902e-01
1.000000000000000000e+00,1.940653402238189384e+00
1.000000000000000000e+00,1.281710628542285235e-01
1.000000000000000000e+00,1.314495212638209676e+00
1.000000000000000000e+00,1.685209113938719749e+00
1.000000000000000000e+00,8.886600140350444654e-01
1.000000000000000000e+00,7.042013389552330693e-01
1.000000000000000000e+00,8.934206619259174031e-01
1.000000000000000000e+00,3.874319108401280132e-01
1.000000000000000000e+00,-3.350708279673225154e-01
1.000000000000000000e+00,1.100154328846595364e+00
1.000000000000000000e+00,-4.379346889649340935e-01
1.000000000000000000e+00,7.610471436054513927e-02
1.000000000000000000e+00,6.397783372304237659e-01
1.000000000000000000e+00,4.202956135047011266e-01
1.000000000000000000e+00,5.616250764635197790e-01
1.000000000000000000e+00,7.286602596523236164e-01
1.000000000000000000e+00,-1.544302589919664126e-01
1.000000000000000000e+00,-2.984721391671538160e-01
1.000000000000000000e+00,-2.961014803343753887e-01
1.000000000000000000e+00,-2.717794176325234456e-01
1.000000000000000000e+00,-2.083983150522572547e-01
1.000000000000000000e+00,3.102671977958942895e-01
1.000000000000000000e+00,3.430802552701389674e-01
1.000000000000000000e+00,1.175430865481942977e+00
1.000000000000000000e+00,2.142733897320752146e+00
1.000000000000000000e+00,-8.675976587852126665e-01
1.000000000000000000e+00,-7.777159771099592112e-01
1.000000000000000000e+00,-1.406484906941144475e+00
1.000000000000000000e+00,6.299186271504964019e-02
1.000000000000000000e+00,1.015543226406056210e+00
1.000000000000000000e+00,2.337024949454752643e-01
1.000000000000000000e+00,1.943995076235705555e-01
1.000000000000000000e+00,-6.944892478951671978e-03
1.000000000000000000e+00,3.919292810621944345e-01
1.000000000000000000e+00,5.865177674167058042e-01
1.000000000000000000e+00,1.172387514808161058e+00
1.000000000000000000e+00,1.842620551151601838e+00
1.000000000000000000e+00,6.053264632538719603e-01
1.000000000000000000e+00,1.800754240597621514e-01
1.000000000000000000e+00,8.286226538299740207e-01
1.000000000000000000e+00,1.012014300472331207e+00
1.000000000000000000e+00,-6.532393777908138688e-01
1.000000000000000000e+00,1.572526271689492772e+00
1.000000000000000000e+00,1.243347225525895494e+00
1.000000000000000000e+00,-7.258750190434626326e-01
1.000000000000000000e+00,1.360226137731614660e-01
1.000000000000000000e+00,3.597825944017044031e-02
1.000000000000000000e+00,-1.166475803556658253e+00
1.000000000000000000e+00,5.951324756311222597e-01
1.000000000000000000e+00,1.096964068460410280e+00
1.000000000000000000e+00,1.694542519930392510e+00
1.000000000000000000e+00,5.651509095611940703e-01
1.000000000000000000e+00,1.773168598008530772e+00
1.000000000000000000e+00,1.309012000925017238e+00
1.000000000000000000e+00,1.390844576778606179e+00
1.000000000000000000e+00,2.224997923803398781e+00
1.000000000000000000e+00,6.827950474400763525e-01
1.000000000000000000e+00,7.159320794906204322e-01
1.000000000000000000e+00,2.842811892988241218e-01
1.000000000000000000e+00,-1.171140322280604523e-01
1.000000000000000000e+00,1.151363575149758622e+00
1.000000000000000000e+00,-2.713684570423011144e-01
1.000000000000000000e+00,2.799604973361476956e-01
1.000000000000000000e+00,9.052824613889486338e-01
1.000000000000000000e+00,7.601256138175230825e-01
1.000000000000000000e+00,1.592938854268249049e-01
1.000000000000000000e+00,2.851854572391158138e-01
1.000000000000000000e+00,-4.818487082337644667e-01
1.000000000000000000e+00,7.483589190630475230e-01
1.000000000000000000e+00,1.257571951731578652e+00
1.000000000000000000e+00,6.004355296443677492e-01
1.000000000000000000e+00,-4.924406472486694136e-02
1.000000000000000000e+00,1.521840874492398576e+00
1.000000000000000000e+00,8.765143115092235981e-02
1.000000000000000000e+00,4.363327416360309186e-01
1.000000000000000000e+00,4.493141477493762803e-01
1.000000000000000000e+00,1.028487518486794539e+00
1.000000000000000000e+00,6.726524782166676264e-01
1.000000000000000000e+00,-5.298313533271480358e-01
1.000000000000000000e+00,9.263582060511984517e-01
1.000000000000000000e+00,5.614681150339522198e-01
1.000000000000000000e+00,8.272570313584899637e-02
1.000000000000000000e+00,-4.056447073877457177e-01
1.000000000000000000e+00,1.445804273397617967e+00
1.000000000000000000e+00,1.178831052115062228e+00
1.000000000000000000e+00,-2.016242308924491300e-01
1.000000000000000000e+00,5.650244898876262134e-01
1.000000000000000000e+00,4.686231098177256471e-01
1.000000000000000000e+00,1.691572624112811951e+00
1.000000000000000000e+00,9.282417432060087181e-01
1.000000000000000000e+00,3.579191606812229948e-02
1.000000000000000000e+00,1.607446323723202841e+00
1.000000000000000000e+00,3.625017192498285468e-01
1.000000000000000000e+00,2.944630510755900321e+00
1.000000000000000000e+00,1.404253567475945985e+00
1.000000000000000000e+00,5.984445164367994119e-01
1.000000000000000000e+00,2.452287216970173156e-01
1.000000000000000000e+00,1.268357308893856006e-01
1.000000000000000000e+00,2.189121798825549803e+00
1.000000000000000000e+00,3.562568966591778685e-01
1.000000000000000000e+00,-1.786243556022251155e-01
1.000000000000000000e+00,5.817273509788457586e-01
1.000000000000000000e+00,-1.606707767370820772e+00
1.000000000000000000e+00,1.514752094264442572e+00
1.000000000000000000e+00,3.011920436144460145e-01
1.000000000000000000e+00,6.487985935719740027e-01
1.000000000000000000e+00,7.654325338758317665e-01
1.000000000000000000e+00,9.508159669347699960e-01
1.000000000000000000e+00,-9.132300775732541884e-03
1.000000000000000000e+00,-6.898249220377675739e-01
1.000000000000000000e+00,1.013403370463553221e+00
1.000000000000000000e+00,4.500409642212653272e-01
1.000000000000000000e+00,4.395017387743683224e-01
1.000000000000000000e+00,5.645184245888481556e-01
1.000000000000000000e+00,2.801420660989720895e-02
1.000000000000000000e+00,5.882342914247841170e-01
1.000000000000000000e+00,9.731345097297033897e-02
1.000000000000000000e+00,5.622177411717143025e-01
1.000000000000000000e+00,1.288317834910509108e+00
1.000000000000000000e+00,1.179501037724521639e+00
1.000000000000000000e+00,1.013403370463553221e+00
1.000000000000000000e+00,3.446259000864220767e-01
1.000000000000000000e+00,4.249889922114737928e-01
1.000000000000000000e+00,1.186183110011824526e+00
1.000000000000000000e+00,8.186215818558798540e-01
1.000000000000000000e+00,7.504318924259565371e-01
1.000000000000000000e+00,7.052471041448392652e-01
1.000000000000000000e+00,3.876147747716192637e-01
1.000000000000000000e+00,6.227534345854363051e-01
1.000000000000000000e+00,2.973055085123714192e-01
1.000000000000000000e+00,8.258479932880870011e-01
1.000000000000000000e+00,1.243347225525895494e+00
1.000000000000000000e+00,1.846767271086432460e+00
1.000000000000000000e+00,1.398772675389791331e+00
1.000000000000000000e+00,3.057802658954985597e-01
1.000000000000000000e+00,-1.019722801333768913e-01
1.000000000000000000e+00,-1.091870934303943164e-01
1.000000000000000000e+00,1.999406462273251694e+00
1.000000000000000000e+00,5.324426219081631606e-01
1.000000000000000000e+00,9.635097392954103945e-01
1.000000000000000000e+00,5.696865536293865828e-01
1.000000000000000000e+00,-4.054587506202038671e-01
1.000000000000000000e+00,3.625017192498285468e-01
1.000000000000000000e+00,6.749541860921726144e-02
1.000000000000000000e+00,9.265116880402090027e-01
1.000000000000000000e+00,1.373923535390672024e-01
1.000000000000000000e+00,6.689356624928692874e-01
1.000000000000000000e+00,8.905403229986562363e-02
1.000000000000000000e+00,6.892602345993316115e-01
1.000000000000000000e+00,1.071858745028746007e+00
1.000000000000000000e+00,1.023981256361082615e+00
1.000000000000000000e+00,1.359694305286060834e+00
1.000000000000000000e+00,-1.162283213040723046e-01
1.000000000000000000e+00,1.008648908244781373e+00
1.000000000000000000e+00,4.914401211764584665e-01
1.000000000000000000e+00,3.920425561825473526e-01
1.000000000000000000e+00,1.377741003641262507e+00
1.000000000000000000e+00,3.137423857032402008e-01
1.000000000000000000e+00,-3.773332727851370083e-01
1.000000000000000000e+00,1.841181609179064038e+00
1.000000000000000000e+00,2.310604397492574402e-01
1.000000000000000000e+00,1.133770363880475029e+00
1.000000000000000000e+00,9.273494600054130732e-01
1.000000000000000000e+00,9.168608797488444484e-01
1.000000000000000000e+00,5.469905494811332369e-01
1.000000000000000000e+00,8.496682433407304336e-01
1.000000000000000000e+00,5.017957094828515707e-01
1.000000000000000000e+00,6.668827925642891730e-01
1.000000000000000000e+00,3.234906183301984317e-01
1.000000000000000000e+00,-3.722259760072392509e-02
1.000000000000000000e+00,6.448316447325840306e-01
1.000000000000000000e+00,6.240988182674436224e-01
1.000000000000000000e+00,1.010949205057408706e+00
1.000000000000000000e+00,8.748209837715247017e-02
1.000000000000000000e+00,5.212054399722036019e-02
1.000000000000000000e+00,-1.530697977342124483e-01
1.000000000000000000e+00,1.083879052339370208e+00
1.000000000000000000e+00,2.544913790640326856e-01
1.000000000000000000e+00,-5.946340006771673181e-01
1.000000000000000000e+00,1.861655410624967422e+00
1.000000000000000000e+00,4.380334148593499899e-01
1.000000000000000000e+00,1.258562045872274160e+00
1.000000000000000000e+00,-1.943943400196850579e-01
1.000000000000000000e+00,2.731728820186182238e-01
1.000000000000000000e+00,5.361772214392525049e-01
1.000000000000000000e+00,1.100154328846595364e+00
1.000000000000000000e+00,1.596464436116564967e+00
1.000000000000000000e+00,6.312216196919560041e-01
1.000000000000000000e+00,3.301734638265140798e-01
1.000000000000000000e+00,-2.002448260138852965e-01
1.000000000000000000e+00,-7.259836549097397063e-01
1.000000000000000000e+00,1.088563152537991074e+00
1.000000000000000000e+00,4.601489902884632610e-02
1.000000000000000000e+00,6.245372277776150005e-01
1.000000000000000000e+00,4.164156506792340284e-01
1.000000000000000000e+00,1.747847413907189784e-01
1.000000000000000000e+00,1.755486854307298783e+00
1.000000000000000000e+00,5.645184245888481556e-01
1.000000000000000000e+00,1.235468998896026127e+00
1.000000000000000000e+00,-2.256292778991154102e-01
1.000000000000000000e+00,-2.443165799212958511e-01
1.000000000000000000e+00,1.112037642806832927e-01
1.000000000000000000e+00,1.548545967371231180e+00
1.000000000000000000e+00,2.949325300525550420e-01
1.000000000000000000e+00,5.553644605995085651e-03
1.000000000000000000e+00,5.990654032739556323e-01
1.000000000000000000e+00,7.176528561482683477e-01
1.000000000000000000e+00,1.615362050990185594e+00
1.000000000000000000e+00,6.040108481188515288e-01
1.000000000000000000e+00,8.531387919940005560e-01
1.000000000000000000e+00,5.410511444504784162e-01
1.000000000000000000e+00,7.685504992193343821e-01
1.000000000000000000e+00,1.443556554797850611e+00
1.000000000000000000e+00,5.287721987251237099e-01
1.000000000000000000e+00,6.815689891953752300e-02
1.000000000000000000e+00,8.884218656591488239e-01
1.000000000000000000e+00,5.814114950971791540e-01
1.000000000000000000e+00,1.521840874492398576e+00
1.000000000000000000e+00,1.592938854268249049e-01
1.000000000000000000e+00,6.227569140259932023e-01
1.000000000000000000e+00,3.269665794465569930e-01
1.000000000000000000e+00,4.697906554268239665e-01
1.000000000000000000e+00,7.421910307691552688e-01
1.000000000000000000e+00,1.437893571989217412e+00
1.000000000000000000e+00,1.138505882478436870e+00
1.000000000000000000e+00,9.553005792081278313e-01
1.000000000000000000e+00,5.225525054273840730e-01
1.000000000000000000e+00,-1.384623330672686004e-01
1.000000000000000000e+00,-8.087836505932990971e-02
1.000000000000000000e+00,3.478478620421258105e-01
1.000000000000000000e+00,1.733597171804089343e-01
1.000000000000000000e+00,-7.829084622343960298e-01
1.000000000000000000e+00,-3.691524701819639404e-02
1.000000000000000000e+00,4.862808840395654308e-01
1.000000000000000000e+00,-1.995852787260966599e-01
1.000000000000000000e+00,2.922127673505661161e-01
1.000000000000000000e+00,1.056150230727791683e+00
1.000000000000000000e+00,-8.799415540676298608e-01
1.000000000000000000e+00,1.376285688924311357e-01
1.000000000000000000e+00,-1.265121809390275631e+00
1.000000000000000000e+00,2.665406817126310113e-01
1.000000000000000000e+00,1.333500168209440506e-01
1.000000000000000000e+00,3.039562658346622315e-01
1.000000000000000000e+00,2.272438800628274747e-01
1.000000000000000000e+00,4.963585037059116689e-01
1.000000000000000000e+00,9.474175779690346966e-02
1.000000000000000000e+00,8.719297040238758179e-01
1.000000000000000000e+00,5.122023295840795187e-01
1.000000000000000000e+00,1.840771808402360765e+00
1.000000000000000000e+00,7.409013181360586398e-01
1.000000000000000000e+00,-1.734957955764795251e-02
1.000000000000000000e+00,-2.430860177776667241e-01
1.000000000000000000e+00,6.397783372304237659e-01
1.000000000000000000e+00,1.060572850924989680e-01
1.000000000000000000e+00,8.396709020565518156e-02
1.000000000000000000e+00,1.496747922404936704e+00
1.000000000000000000e+00,5.788636360453564694e-02
1.000000000000000000e+00,1.148881960823665338e+00
1.000000000000000000e+00,7.482796651392511489e-01
1.000000000000000000e+00,8.193831927333380394e-01
1.000000000000000000e+00,7.830327040262292648e-01
1.000000000000000000e+00,3.446746122542188595e-01
1.000000000000000000e+00,8.138350314630831139e-01
1.000000000000000000e+00,1.166738449761755447e+00
1.000000000000000000e+00,-4.840910143704433288e-01
1.000000000000000000e+00,4.376524740654730294e-02
1.000000000000000000e+00,1.476182109086528138e+00
1.000000000000000000e+00,-5.383876842611095004e-01
1.000000000000000000e+00,1.173880194807077837e+00
1.000000000000000000e+00,-1.298333204861181756e-01
1.000000000000000000e+00,1.170102295571280093e+00
1.000000000000000000e+00,9.579727895558388662e-01
1.000000000000000000e+00,1.213678809106089718e+00
1.000000000000000000e+00,4.865530536120175054e-01
1.000000000000000000e+00,4.248811295542094246e-01
1.000000000000000000e+00,6.376937657323250574e-01
1.000000000000000000e+00,2.547944769969906487e-01
1.000000000000000000e+00,1.376952330448361739e+00
1.000000000000000000e+00,5.205038881483735613e-01
1.000000000000000000e+00,5.634251070449639576e-01
1.000000000000000000e+00,7.412800551971082674e-02
1.000000000000000000e+00,1.966456933408274654e+00
1.000000000000000000e+00,1.120846175234065489e+00
1.000000000000000000e+00,8.113827990794704181e-01
1.000000000000000000e+00,1.383557719688264798e-01
1.000000000000000000e+00,8.501750818485211969e-01
1.000000000000000000e+00,5.877692062036763421e-01
1.000000000000000000e+00,2.098791520567812596e-01
1.000000000000000000e+00,2.060536366813193521e+00
1.000000000000000000e+00,2.227506271351827397e-02
1.000000000000000000e+00,2.757453484036977431e-01
1.000000000000000000e+00,4.103641303417453479e-01
1.000000000000000000e+00,3.535576239960241396e-01
1.000000000000000000e+00,-2.800299444019827555e-01
1.000000000000000000e+00,1.249435473291484966e+00
1.000000000000000000e+00,2.595360401607660350e+00
1.000000000000000000e+00,1.001806008482847510e+00
1.000000000000000000e+00,1.045396439779884723e+00
1.000000000000000000e+00,3.565050967522378489e-01
1.000000000000000000e+00,1.643479661379978196e-01
1.000000000000000000e+00,8.281869505513469454e-01
1.000000000000000000e+00,2.538944617062685039e-01
1.000000000000000000e+00,1.262393683134450884e+00
1.000000000000000000e+00,7.412800551971082674e-02
1.000000000000000000e+00,-1.157838285676368706e+00
1.000000000000000000e+00,5.855415910382377742e-01
1.000000000000000000e+00,6.647398437857354736e-01
1.000000000000000000e+00,8.763938262583983452e-01
1.000000000000000000e+00,7.878954155067718901e-01
1.000000000000000000e+00,-5.619605074297056024e-01
1.000000000000000000e+00,-7.744012300727376452e-01
1.000000000000000000e+00,-3.597485668149924543e-01
1.000000000000000000e+00,1.113080837120042910e+00
1.000000000000000000e+00,8.286787114833910062e-01
1.000000000000000000e+00,-2.945376651062950324e-01
1.000000000000000000e+00,3.548171814776275301e-01
1.000000000000000000e+00,8.929063425773586804e-02
1.000000000000000000e+00,2.170904859132417597e-01
1.000000000000000000e+00,8.553926962658691124e-01
1.000000000000000000e+00,1.654944997486067562e-02
1.000000000000000000e+00,9.767675676307774335e-01
1.000000000000000000e+00,9.148818512809722137e-01
1.000000000000000000e+00,1.738066455252341935e+00
1.000000000000000000e+00,1.491232622517719264e+00
1.000000000000000000e+00,2.173545367910610093e-01
1.000000000000000000e+00,1.602214404939120929e+00
1.000000000000000000e+00,5.205038881483735613e-01
1.000000000000000000e+00,1.226227604776858549e+00
1.000000000000000000e+00,-1.472877407376315673e-01
1.000000000000000000e+00,1.177960032162314263e+00
1.000000000000000000e+00,1.214897773114529178e+00
1.000000000000000000e+00,3.951806781147125698e-04
1.000000000000000000e+00,-3.351164472990687537e-01
1.000000000000000000e+00,4.564384955919139064e-01
1.000000000000000000e+00,4.554464684286866905e-01
1.000000000000000000e+00,-6.025060416349354853e-01
1.000000000000000000e+00,5.961183171222482757e-01
1.000000000000000000e+00,-6.900023735061703301e-01
1.000000000000000000e+00,2.949696440851621859e-01
1.000000000000000000e+00,-5.653951018638875281e-01
1.000000000000000000e+00,-5.503936872049995932e-01
1.000000000000000000e+00,2.179088638677430634e+00
1.000000000000000000e+00,5.416314378144706509e-01
1.000000000000000000e+00,9.482651504020446209e-01
1.000000000000000000e+00,-8.824649216804062446e-01
1.000000000000000000e+00,6.222543281677721527e-01
1.000000000000000000e+00,1.256608919906325728e+00
1.000000000000000000e+00,7.387332400645939545e-01
1.000000000000000000e+00,1.509761030087800604e+00
1.000000000000000000e+00,-1.345068528462016522e+00
1.000000000000000000e+00,5.034139005911757170e-02
1.000000000000000000e+00,-7.033270844211313433e-01
1.000000000000000000e+00,4.913867697545857283e-01
1.000000000000000000e+00,-1.087830781857710205e+00
1.000000000000000000e+00,5.146758252155401170e-01
1.000000000000000000e+00,3.643612869252467190e-01
1.000000000000000000e+00,1.339833271982680873e+00
1.000000000000000000e+00,-1.752492982620170725e-01
1.000000000000000000e+00,8.076445847526762811e-02
1.000000000000000000e+00,1.525725089967435055e+00
1.000000000000000000e+00,-2.261187192041215210e-01
1.000000000000000000e+00,-2.372966152954656960e-01
1.000000000000000000e+00,7.243801611628112314e-01
1.000000000000000000e+00,6.796817213506496369e-01
1.000000000000000000e+00,1.486769273492209331e+00
1.000000000000000000e+00,1.083712425797144441e+00
1.000000000000000000e+00,-4.833924200275159788e-01
1.000000000000000000e+00,1.018019428269061111e+00
1.000000000000000000e+00,2.127239561916301369e+00
1.000000000000000000e+00,1.276513252914413865e+00
1.000000000000000000e+00,6.107335138793186236e-01
1.000000000000000000e+00,1.323546010735759504e+00
1.000000000000000000e+00,1.484552096648441566e+00
1.000000000000000000e+00,1.930702975454423598e+00
1.000000000000000000e+00,5.374329128757926455e-01
1.000000000000000000e+00,1.065026534837841404e-01
1.000000000000000000e+00,1.141156694223152412e-01
1.000000000000000000e+00,-1.646462830715766101e-01
1.000000000000000000e+00,1.173480445747538736e+00
1.000000000000000000e+00,2.982012711535240168e-01
1.000000000000000000e+00,1.693909261749033890e+00
1.000000000000000000e+00,5.287203937212763272e-01
1.000000000000000000e+00,1.360226137731614660e-01
1.000000000000000000e+00,1.034710691225090962e+00
1.000000000000000000e+00,9.164348415828754701e-01
1.000000000000000000e+00,7.570706650085512468e-01
1.000000000000000000e+00,9.958816810279395026e-01
1.000000000000000000e+00,3.571739225481783131e-01
1.000000000000000000e+00,-7.612091245034457998e-01
1.000000000000000000e+00,2.350068985498122431e-01
1.000000000000000000e+00,1.817045889849260298e+00
1.000000000000000000e+00,5.613057411412961661e-01
1.000000000000000000e+00,1.249126962895438453e+00
1.000000000000000000e+00,4.592514299799269617e-01
1.000000000000000000e+00,-1.951733480999278125e-01
1.000000000000000000e+00,1.595227552945686911e-01
1.000000000000000000e+00,1.576617320575412595e+00
1.000000000000000000e+00,-6.227513598176014353e-01
1.000000000000000000e+00,7.989073229097552742e-02
1.000000000000000000e+00,-5.312412999617114329e-01
1.000000000000000000e+00,4.695745435077888774e-01
1.000000000000000000e+00,-8.668785744034501750e-01
1.000000000000000000e+00,4.368925449611880119e-01
1.000000000000000000e+00,1.186092257952838347e+00
1.000000000000000000e+00,-2.612614554334742878e-01
1.000000000000000000e+00,4.709338449520238390e-01
1.000000000000000000e+00,-7.423649964068457230e-02
1.000000000000000000e+00,1.075522982539684369e+00
1.000000000000000000e+00,-2.236490896177241727e-01
1.000000000000000000e+00,5.650244898876262134e-01
1.000000000000000000e+00,4.562830805803717027e-01
1.000000000000000000e+00,-4.954484303078696833e-02
1.000000000000000000e+00,1.959343275136766205e-01
1.000000000000000000e+00,4.967930471710197415e-01
1.000000000000000000e+00,1.264884962573202376e+00
1.000000000000000000e+00,7.201657854393739289e-01
1.000000000000000000e+00,2.185684749409181893e-01
1.000000000000000000e+00,-1.886760727666476345e-01
1.000000000000000000e+00,6.694854141008619308e-01
1.000000000000000000e+00,4.605481014941374407e-01
1.000000000000000000e+00,3.119902940805800995e-01
1.000000000000000000e+00,2.010945833578008823e+00
1.000000000000000000e+00,-1.222141188754859165e-01
1.000000000000000000e+00,4.949381762610762826e-03
1.000000000000000000e+00,1.324584817044252016e+00
1.000000000000000000e+00,3.161472339098924333e+00
1.000000000000000000e+00,1.949585512752297634e+00
1.000000000000000000e+00,-1.317778889569622081e+00
1.000000000000000000e+00,1.503603966720085339e+00
1.000000000000000000e+00,7.654854986931981520e-01
1.000000000000000000e+00,6.901440125007881621e-01
1.000000000000000000e+00,5.845600021966813609e-01
1.000000000000000000e+00,2.096203725357627778e+00
1.000000000000000000e+00,1.572073809061945993e-01
1.000000000000000000e+00,2.399391988414931176e-01
1.000000000000000000e+00,5.140301956899790969e-01
1.000000000000000000e+00,4.669042661826093843e-01
1.000000000000000000e+00,1.272217303640142294e+00
1.000000000000000000e+00,4.454032565634032936e-01
1.000000000000000000e+00,1.116522003830832332e+00
1.000000000000000000e+00,8.685882812757179661e-01
1.000000000000000000e+00,6.031088998055977868e-01
1.000000000000000000e+00,2.759676459948340321e-01
1.000000000000000000e+00,1.083359069278364339e+00
1.000000000000000000e+00,-4.921528781408164854e-01
1.000000000000000000e+00,1.759341301235348487e+00
1.000000000000000000e+00,-2.396444644623710041e-01
1.000000000000000000e+00,2.075737656001850784e+00
1.000000000000000000e+00,-5.231759567507813236e-01
1.000000000000000000e+00,1.001806008482847510e+00
1.000000000000000000e+00,4.901658727236147262e-01
1.000000000000000000e+00,3.637322813934576460e-01
1.000000000000000000e+00,-6.035855767717397680e-02
1.000000000000000000e+00,6.223737889602262152e-01
1.000000000000000000e+00,1.281300189911716902e+00
1.000000000000000000e+00,1.358215156444865457e+00
1.000000000000000000e+00,4.115858005817290000e-01
1.000000000000000000e+00,8.876169550769824612e-01
1.000000000000000000e+00,7.581442657226128423e-01
1.000000000000000000e+00,-1.054253020669956742e+00
1.000000000000000000e+00,3.500932610148552726e-01
1.000000000000000000e+00,1.527120345630758269e+00
1.000000000000000000e+00,1.831516496520965376e+00
1.000000000000000000e+00,1.839066109320459441e+00
1.000000000000000000e+00,-1.038152238150231305e-01
1.000000000000000000e+00,1.371919512985036560e+00
1.000000000000000000e+00,6.109125117657465687e-01
1.000000000000000000e+00,7.920197123802357186e-01
1.000000000000000000e+00,9.387396019707290318e-01
1.000000000000000000e+00,-2.102435783609414299e-01
1.000000000000000000e+00,7.126733901068159627e-01
1.000000000000000000e+00,8.515946935957426911e-01
1.000000000000000000e+00,1.082731223560094325e+00
1.000000000000000000e+00,5.370107407548869727e-01
1.000000000000000000e+00,-2.413346993640192728e-01
1.000000000000000000e+00,3.927438567570190053e-01
1.000000000000000000e+00,7.925644381296461649e-01
1.000000000000000000e+00,8.186048225069601780e-02
1.000000000000000000e+00,-2.691903272536720348e-01
1.000000000000000000e+00,-1.080981696423675142e+00
1.000000000000000000e+00,2.734427319640323484e-01
1.000000000000000000e+00,-1.231555646337711973e+00
1.000000000000000000e+00,1.448544526138442201e+00
1.000000000000000000e+00,7.835043615239445369e-01
1.000000000000000000e+00,-5.386012253037481684e-02
1.000000000000000000e+00,2.449356754812237746e-01
1.000000000000000000e+00,1.781775187528314319e+00
1.000000000000000000e+00,8.675819497457567531e-01
1.000000000000000000e+00,9.655763916310702855e-02
1.000000000000000000e+00,1.337629104336980346e-01
1.000000000000000000e+00,1.079258355279786308e+00
1.000000000000000000e+00,-8.980119706528651158e-02
1.000000000000000000e+00,8.230768121867569898e-01
1.000000000000000000e+00,6.317694382774170503e-01
1.000000000000000000e+00,8.020265834219246770e-01
1.000000000000000000e+00,2.843592834091015487e-01
1.000000000000000000e+00,-7.033270844211313433e-01
1.000000000000000000e+00,7.278773855270176396e-01
1.000000000000000000e+00,7.055065157685826982e-01
1.000000000000000000e+00,3.914889385294914592e-01
1.000000000000000000e+00,8.094721996092174576e-01
1.000000000000000000e+00,5.905454131635886617e-01
1.000000000000000000e+00,3.300203684420098260e-01
1.000000000000000000e+00,2.949696440851621859e-01
1.000000000000000000e+00,1.519650759964073394e+00
1.000000000000000000e+00,7.820105217115088658e-01
1.000000000000000000e+00,1.612695639710069351e+00
1.000000000000000000e+00,1.037059700205515300e+00
1.000000000000000000e+00,3.999888252055296967e-01
1.000000000000000000e+00,2.514932611174904853e-01
1.000000000000000000e+00,3.186422112163898590e-01
1.000000000000000000e+00,1.520605286490187114e+00
1.000000000000000000e+00,-5.443282491052832128e-01
1.000000000000000000e+00,4.398655336148191153e-01
1.000000000000000000e+00,5.320366871765230821e-01
1.000000000000000000e+00,1.214250597170942747e+00
1.000000000000000000e+00,1.447080706122351734e-01
1.000000000000000000e+00,3.210990828540785103e-01
1.000000000000000000e+00,1.160473910341282444e+00
1.000000000000000000e+00,2.271967143130559641e-01
1.000000000000000000e+00,1.127525019330170158e-01
1.000000000000000000e+00,1.137325443565482125e-01
1.000000000000000000e+00,4.618958048031827079e-01
1.000000000000000000e+00,2.399190954071642734e-01
1.000000000000000000e+00,3.595090137663748964e-01
1.000000000000000000e+00,5.537209473317267205e-01
1.000000000000000000e+00,4.481087148986582225e-01
1.000000000000000000e+00,4.613186042752410732e-01
1.000000000000000000e+00,3.845084075633063425e-01
1.000000000000000000e+00,-1.299164404549778273e-01
1.000000000000000000e+00,-1.431240102045227003e-01
1.000000000000000000e+00,1.047912461907041015e+00
1.000000000000000000e+00,-3.014734853048944493e-02
1.000000000000000000e+00,-1.445865350519461856e-01
1.000000000000000000e+00,2.320076207897510956e-01
1.000000000000000000e+00,8.279843697900332034e-01
1.000000000000000000e+00,9.166670555360283135e-02
1.000000000000000000e+00,6.622284609126551924e-01
1.000000000000000000e+00,2.448653134610727922e-01
1.000000000000000000e+00,-3.060662114848750059e-01
1.000000000000000000e+00,1.133672166335868647e+00
1.000000000000000000e+00,5.634251070449639576e-01
1.000000000000000000e+00,-2.100046567760332494e-01
1.000000000000000000e+00,1.835306767100965519e+00
1.000000000000000000e+00,2.118176005870042733e+00
1.000000000000000000e+00,-3.851772269690913880e-02
1.000000000000000000e+00,8.069998637912758621e-01
1.000000000000000000e+00,-3.116294503308765784e-01
1.000000000000000000e+00,9.554509683610877824e-01
1.000000000000000000e+00,1.237556276625669138e+00
1.000000000000000000e+00,1.110016609802919163e+00
1.000000000000000000e+00,-4.217538793123996183e-02
1.000000000000000000e+00,-5.562720087236551203e-01
1.000000000000000000e+00,1.757906863161738942e-01
1.000000000000000000e+00,9.196598963746297484e-01
1.000000000000000000e+00,-1.916451953752155157e-01
1.000000000000000000e+00,-5.779883570528836501e-01
1.000000000000000000e+00,6.332764226430677157e-01
1.000000000000000000e+00,1.412218393515231707e+00
1.000000000000000000e+00,7.629706363795609736e-01
1.000000000000000000e+00,1.360226137731614660e-01
1.000000000000000000e+00,6.694854141008619308e-01
1.000000000000000000e+00,4.080062294576756177e-01
1.000000000000000000e+00,2.747761309063436186e-01
1.000000000000000000e+00,-6.067467064648027764e-01
1.000000000000000000e+00,5.845600021966813609e-01
1.000000000000000000e+00,1.019440586434307905e+00
1.000000000000000000e+00,1.189302235168846256e+00
1.000000000000000000e+00,1.134463159155807421e+00
1.000000000000000000e+00,1.673832116526618785e+00
1.000000000000000000e+00,-1.007363055266592561e-01
1.000000000000000000e+00,7.049594703921342465e-01
1.000000000000000000e+00,-1.537826964438738231e-01
1.000000000000000000e+00,1.968740992831636394e+00
1.000000000000000000e+00,-2.558199970069647833e-01
1.000000000000000000e+00,5.406671108205508836e-02
1.000000000000000000e+00,1.163945618808071458e+00
1.000000000000000000e+00,4.292346828999233366e-01
1.000000000000000000e+00,7.282012247481692291e-02
1.000000000000000000e+00,1.183039628770904628e+00
1.000000000000000000e+00,1.789227375992214597e+00
1.000000000000000000e+00,-5.502494837241407311e-01
1.000000000000000000e+00,1.297948017807890597e-01
1.000000000000000000e+00,-8.986481863151265514e-01
1.000000000000000000e+00,-2.059976364231334497e-02
1.000000000000000000e+00,9.817845343093432042e-01
1.000000000000000000e+00,1.174042182095227371e+00
1.000000000000000000e+00,-1.398456291158315157e+00
1.000000000000000000e+00,1.220994526179257633e+00
1.000000000000000000e+00,1.023271450487471812e+00
1.000000000000000000e+00,-4.015134516331680392e-01
1.000000000000000000e+00,-6.246593884114579748e-02
1.000000000000000000e+00,-9.070386639158750652e-01
1.000000000000000000e+00,1.127246026231752074e+00
1.000000000000000000e+00,9.399947714476150629e-02
1.000000000000000000e+00,7.489232262871325929e-02
1.000000000000000000e+00,8.810245750351465288e-01
1.000000000000000000e+00,-6.293527671182305716e-02
1.000000000000000000e+00,1.765434961464026564e+00
1.000000000000000000e+00,5.110398098335633410e-01
1.000000000000000000e+00,2.650607596624229290e-01
1.000000000000000000e+00,1.476908152349404535e+00
1.000000000000000000e+00,4.451666546055330631e-01
1.000000000000000000e+00,3.700033930905383683e-01
1.000000000000000000e+00,-5.202617319821114528e-01
1.000000000000000000e+00,-6.140543048433380058e-01
1.000000000000000000e+00,4.737251294876827501e-01
1.000000000000000000e+00,-5.954984483533076745e-01
1.000000000000000000e+00,1.071652298222369071e+00
1.000000000000000000e+00,-3.849667787625032922e-01
1.000000000000000000e+00,8.578843623091269022e-01
1.000000000000000000e+00,3.883922364338366906e-01
1.000000000000000000e+00,3.154670284059513108e-01
1.000000000000000000e+00,3.986117399540037853e-01
1.000000000000000000e+00,1.068676216732687312e+00
1.000000000000000000e+00,1.473461573175526507e+00
1.000000000000000000e+00,4.146480948763209828e-01
1.000000000000000000e+00,3.667307859445061435e-01
1.000000000000000000e+00,3.875394444042848819e-03
1.000000000000000000e+00,-7.287487856941163300e-02
1.000000000000000000e+00,-1.387028010702020808e-01
1.000000000000000000e+00,1.057139938263980783e+00
1.000000000000000000e+00,1.756498211695842304e+00
1.000000000000000000e+00,5.877692062036763421e-01
1.000000000000000000e+00,1.198621588043143199e-01
1.000000000000000000e+00,-2.229582273649232949e-01
1.000000000000000000e+00,-1.203934687383397817e+00
1.000000000000000000e+00,-1.253985666585614389e+00
1.000000000000000000e+00,2.093170291045862441e-01
1.000000000000000000e+00,4.449288928341438298e-01
1.000000000000000000e+00,1.360226137731614660e-01
1.000000000000000000e+00,-2.531041003500390518e-01
1.000000000000000000e+00,-8.406243977341390505e-02
1.000000000000000000e+00,4.158875489235955292e-01
1.000000000000000000e+00,9.165201458236252319e-02
1.000000000000000000e+00,-9.210163498420171901e-01
1.000000000000000000e+00,5.091609119328289745e-01
1.000000000000000000e+00,3.605748823903099920e-01
1.000000000000000000e+00,4.562906773153502932e-02
1.000000000000000000e+00,-7.420711769820394210e-02
1.000000000000000000e+00,-1.453265985228873181e+00
1.000000000000000000e+00,-2.752828276688310538e-01
1.000000000000000000e+00,1.322737098753382079e-01
1.000000000000000000e+00,2.008464605856421503e+00
1.000000000000000000e+00,6.718452480074632582e-01
1.000000000000000000e+00,5.571048965755801552e-01
1.000000000000000000e+00,4.162594624586791747e-01
1.000000000000000000e+00,8.055156890914982881e-01
1.000000000000000000e+00,-7.217217268320245127e-01
1.000000000000000000e+00,2.679053956199545228e-01
1.000000000000000000e+00,3.394539050008203440e-01
1.000000000000000000e+00,1.659409448813697674e+00
1.000000000000000000e+00,-1.870948603357827089e-01
1.000000000000000000e+00,-1.886896039243689538e-01
1.000000000000000000e+00,7.285601290851857481e-01
1.000000000000000000e+00,6.438809842515335058e-01
1.000000000000000000e+00,-6.562456144319889217e-01
1.000000000000000000e+00,4.921680974618664051e-01
1.000000000000000000e+00,2.538944617062685039e-01
1.000000000000000000e+00,-1.071334502928015381e-01
1.000000000000000000e+00,6.193721915731270622e-01
1.000000000000000000e+00,5.152541855570006435e-01
1.000000000000000000e+00,6.664668061154845891e-01
1.000000000000000000e+00,1.486440910911192570e-01
1.000000000000000000e+00,7.171506568945534843e-01
1.000000000000000000e+00,4.587434316586172511e-01
1.000000000000000000e+00,-1.915798592136467582e-01
1.000000000000000000e+00,8.084272076286238562e-01
1.000000000000000000e+00,2.412347105421846494e-01
1.000000000000000000e+00,1.137881516200723864e+00
1.000000000000000000e+00,9.362324717472182423e-01
1.000000000000000000e+00,7.769978076825125868e-01
1.000000000000000000e+00,-5.284666394198245243e-01
1.000000000000000000e+00,-4.263350073571904875e-01
1.000000000000000000e+00,5.269021927280347350e-01
1.000000000000000000e+00,-1.234297058892054988e+00
1.000000000000000000e+00,9.192040896616738843e-01
1.000000000000000000e+00,-5.654326025010009138e-01
1.000000000000000000e+00,7.692641711380083791e-01
1.000000000000000000e+00,1.303538318969335030e-01
1.000000000000000000e+00,5.823807125945332785e-01
1.000000000000000000e+00,1.235245928095877188e+00
1.000000000000000000e+00,8.685882812757179661e-01
1.000000000000000000e+00,-7.901279147854893825e-01
1.000000000000000000e+00,1.359278318837256361e+00
1.000000000000000000e+00,1.212404947257752275e+00
1.000000000000000000e+00,9.780982603415443455e-01
1.000000000000000000e+00,1.180277339573220008e+00
1.000000000000000000e+00,-4.720811453814900416e-01
1.000000000000000000e+00,1.112037642806832927e-01
1.000000000000000000e+00,7.217995760830989704e-01
1.000000000000000000e+00,4.187801238399112558e-01
1.000000000000000000e+00,5.202955083194649166e-01
1.000000000000000000e+00,6.714683086137974710e-01
1.000000000000000000e+00,1.622671582391252532e+00
1.000000000000000000e+00,-4.153981012284339858e-02
1.000000000000000000e+00,3.374329878911172531e-02
1.000000000000000000e+00,2.415126791822315711e-01
1.000000000000000000e+00,7.867031272092688265e-01
1.000000000000000000e+00,7.720229808951361017e-01
1.000000000000000000e+00,1.066726183602789479e+00
1.000000000000000000e+00,1.001001871109693742e+00
1.000000000000000000e+00,-9.228977027249374299e-02
1.000000000000000000e+00,1.732978604593971017e-01
1.000000000000000000e+00,-6.782051369956951792e-01
1.000000000000000000e+00,1.512525252308016821e+00
1.000000000000000000e+00,2.457807291466614252e+00
1.000000000000000000e+00,4.771206768667259346e-01
1.000000000000000000e+00,5.507317212888299673e-01
1.000000000000000000e+00,-9.214655842783656681e-01
1.000000000000000000e+00,7.436346119957689682e-01
1.000000000000000000e+00,1.614768226468471957e+00
1.000000000000000000e+00,-4.220444705460073553e-01
1.000000000000000000e+00,8.839569702156137021e-01
1.000000000000000000e+00,-1.000702884081002164e+00
1.000000000000000000e+00,7.450403059807627626e-01
1.000000000000000000e+00,7.073370881060265791e-01
1.000000000000000000e+00,1.200369040411727456e-01
1.000000000000000000e+00,-9.208798784512848279e-01
1.000000000000000000e+00,1.275594294002881934e+00
1.000000000000000000e+00,-4.716346171766858664e-01
1.000000000000000000e+00,-3.033062419142283916e-01
1.000000000000000000e+00,-7.702894398986240287e-02
1.000000000000000000e+00,8.092050558953476358e-01
1.000000000000000000e+00,9.850110001639750257e-02
1.000000000000000000e+00,-6.562456144319889217e-01
1.000000000000000000e+00,9.355122275519367481e-01
1.000000000000000000e+00,3.867522601180105046e-01
1.000000000000000000e+00,5.371023660228857466e-01
1.000000000000000000e+00,-3.573107741532615539e-02
1.000000000000000000e+00,1.530824016801341614e+00
1.000000000000000000e+00,-5.433795216467642852e-01
1.000000000000000000e+00,6.332764226430677157e-01
1.000000000000000000e+00,7.502641060702118780e-01
1.000000000000000000e+00,3.022961860845072013e-01
1.000000000000000000e+00,2.472576221462053636e-01
1.000000000000000000e+00,1.166692830430009264e+00
1.000000000000000000e+00,1.093395708867040295e+00
1.000000000000000000e+00,5.107745991422251164e-01
1.000000000000000000e+00,1.451128977263217656e+00
1.000000000000000000e+00,5.092227686538408626e-01
1.000000000000000000e+00,-6.627869626789899549e-01
1.000000000000000000e+00,3.946923434688916488e-01
1.000000000000000000e+00,8.076445847526762811e-02
1.000000000000000000e+00,4.532513280417793666e-01
1.000000000000000000e+00,4.674644561122727748e-01
1.000000000000000000e+00,2.536084652280048424e+00
1.000000000000000000e+00,2.075737656001850784e+00
1.000000000000000000e+00,-2.747303698292941077e-01
1.000000000000000000e+00,1.198627522465885997e+00
1.000000000000000000e+00,1.402734211766092809e+00
1.000000000000000000e+00,-3.570672133142774318e-02
1.000000000000000000e+00,1.541041200694470703e+00
1.000000000000000000e+00,-4.937851223665161715e-01
1.000000000000000000e+00,-1.114697862024692565e+00
1.000000000000000000e+00,-5.517093023400199137e-01
1.000000000000000000e+00,1.994767208197364416e+00
1.000000000000000000e+00,2.364129791393124458e-01
1.000000000000000000e+00,1.484271421776850453e+00
1.000000000000000000e+00,1.994198126364055357e+00
1.000000000000000000e+00,9.165201458236252319e-02
1.000000000000000000e+00,-5.313244199305711124e-01
1.000000000000000000e+00,-2.855608438246009378e-02
1.000000000000000000e+00,-5.002754388186825274e-01
1.000000000000000000e+00,-7.539708636866904179e-02
1.000000000000000000e+00,1.280898759079004967e-01
1.000000000000000000e+00,2.813820421059008425e-01
1.000000000000000000e+00,1.399369843996914053e-01
1.000000000000000000e+00,5.192717795867191066e-01
1.000000000000000000e+00,4.044224056840526882e-01
1.000000000000000000e+00,9.559895084383970287e-01
1.000000000000000000e+00,1.614768226468471957e+00
1.000000000000000000e+00,4.527112415464448203e-01
1.000000000000000000e+00,1.245506025089208268e+00
1.000000000000000000e+00,1.012440725242806483e+00
1.000000000000000000e+00,-1.344428060150185678e-01
1.000000000000000000e+00,6.426152410978288598e-01
1.000000000000000000e+00,3.428015134210793957e-01
1.000000000000000000e+00,8.885873323878554775e-01
1.000000000000000000e+00,1.592455598635344194e-01
1.000000000000000000e+00,1.014661768131637665e+00
1.000000000000000000e+00,-3.453962611222223811e-01
1.000000000000000000e+00,2.289859199683231539e-01
1.000000000000000000e+00,-4.961812970967119929e-01
1.000000000000000000e+00,-2.504678442214161027e-01
1.000000000000000000e+00,1.259898402295488162e-01
1.000000000000000000e+00,1.160473910341282444e+00
1.000000000000000000e+00,2.248848193652387695e-01
1.000000000000000000e+00,7.085694479170394355e-02
1.000000000000000000e+00,-1.377453228143254327e+00
1.000000000000000000e+00,1.003241857619334709e+00
1.000000000000000000e+00,6.319994679586797837e-01
1.000000000000000000e+00,1.982972542563285479e-01
1.000000000000000000e+00,7.981234243260780792e-01
1.000000000000000000e+00,9.864307472663443876e-01
1.000000000000000000e+00,3.808116952738367922e-01
1.000000000000000000e+00,3.868009722858073429e-01
1.000000000000000000e+00,7.865399801076001784e-01
1.000000000000000000e+00,3.246867726727646897e-01
1.000000000000000000e+00,8.495047096345554882e-01
1.000000000000000000e+00,4.582180361345230546e-01
1.000000000000000000e+00,1.493198757681734878e-01
1.000000000000000000e+00,-7.937447352972977488e-02
1.000000000000000000e+00,1.514604797947533221e+00
1.000000000000000000e+00,1.152093484457698214e+00
1.000000000000000000e+00,2.164116992565529696e+00
1.000000000000000000e+00,1.343702023277464574e+00
1.000000000000000000e+00,4.068224464593117040e-01
1.000000000000000000e+00,5.565868465371061058e-01
1.000000000000000000e+00,-4.956551283636050909e-01
1.000000000000000000e+00,9.802659518085027335e-01
1.000000000000000000e+00,8.094721996092174576e-01
1.000000000000000000e+00,3.501504784817912053e-01
1.000000000000000000e+00,7.400506528669981154e-02
1.000000000000000000e+00,9.106179901807254229e-01
1.000000000000000000e+00,2.516107888874129506e-01
1.000000000000000000e+00,9.021809846840701808e-02
1.000000000000000000e+00,-2.464100433230400067e-01
1.000000000000000000e+00,1.564022132363884987e+00
1.000000000000000000e+00,8.011725740674550122e-01
1.000000000000000000e+00,9.162195028728530311e-01
1.000000000000000000e+00,3.464220646228031164e-01
1.000000000000000000e+00,1.715486432455985755e+00
1.000000000000000000e+00,-5.531783994640508961e-01
1.000000000000000000e+00,-3.675340083633440447e-01
1.000000000000000000e+00,1.414381445728114306e+00
1.000000000000000000e+00,2.425070259724967647e-01
1.000000000000000000e+00,6.539388870880572524e-01
1.000000000000000000e+00,-2.703787495061118484e-01
1.000000000000000000e+00,1.097976972266978990e+00
1.000000000000000000e+00,1.441821087168962512e+00
1.000000000000000000e+00,1.093068641454690182e+00
1.000000000000000000e+00,1.388729076920001582e+00
1.000000000000000000e+00,7.416010722925049370e-01
1.000000000000000000e+00,2.059145228444292097e-01
1.000000000000000000e+00,1.157275144655958155e+00
1.000000000000000000e+00,7.482796651392511489e-01
1.000000000000000000e+00,-1.681373217636818185e-01
1.000000000000000000e+00,3.595090137663748964e-01
1.000000000000000000e+00,6.515562435155827226e-01
1.000000000000000000e+00,4.587434316586172511e-01
1.000000000000000000e+00,4.828300522161179109e-01
1.000000000000000000e+00,6.897891095639827608e-01
1.000000000000000000e+00,7.718915353629859366e-01
1.000000000000000000e+00,4.493443029008695744e-01
1.000000000000000000e+00,-6.709257607461216466e-01
1.000000000000000000e+00,9.994167926337655938e-01
1.000000000000000000e+00,2.085350190447089691e+00
1.000000000000000000e+00,6.360336859821701383e-01
1.000000000000000000e+00,3.769943623783942321e-01
1.000000000000000000e+00,-4.312263275712009958e-01
1.000000000000000000e+00,1.414445622076164089e+00
1.000000000000000000e+00,4.518456340567854612e-01
1.000000000000000000e+00,-8.758362008149759292e-01
1.000000000000000000e+00,9.055676401594678349e-02
1.000000000000000000e+00,-9.677154679744053301e-01
1.000000000000000000e+00,1.458040943876635631e-01
1.000000000000000000e+00,1.413092119699523863e+00
1.000000000000000000e+00,1.198621588043143199e-01
1.000000000000000000e+00,-1.405117100197770252e+00
1.000000000000000000e+00,6.856984472825691235e-01
1.000000000000000000e+00,-3.357412001812882241e-01
1.000000000000000000e+00,6.476646825549259301e-01
1.000000000000000000e+00,1.048295586972808113e+00
1.000000000000000000e+00,-3.388850680267145310e-01
1.000000000000000000e+00,1.651858289596178420e+00
1.000000000000000000e+00,-3.798048353940660093e-01
1.000000000000000000e+00,6.297761054428107075e-01
1.000000000000000000e+00,-5.892029805723285607e-01
1.000000000000000000e+00,3.133298786949925696e-01
1.000000000000000000e+00,-3.988570920702162459e-01
1.000000000000000000e+00,-2.947943704984941071e-01
1.000000000000000000e+00,-3.664236802211816579e-01
1.000000000000000000e+00,6.027110837685905054e-01
1.000000000000000000e+00,-1.227194109652513104e-01
1.000000000000000000e+00,9.819940739517707406e-01
1.000000000000000000e+00,2.853961566950623530e-01
1.000000000000000000e+00,3.210990828540785103e-01
1.000000000000000000e+00,6.824204276734484598e-01
1.000000000000000000e+00,6.735933382299122418e-02
1.000000000000000000e+00,7.644316148089591589e-01
1.000000000000000000e+00,7.232017906275358676e-01
1.000000000000000000e+00,4.686683425449655327e-01
1.000000000000000000e+00,2.337024949454752643e-01
1.000000000000000000e+00,2.827386373185915569e-01
1.000000000000000000e+00,1.154878969925762222e+00
1.000000000000000000e+00,-1.450206919125479610e-01
1.000000000000000000e+00,-7.602395204015852670e-01
1.000000000000000000e+00,-1.039062169802970059e+00
1.000000000000000000e+00,2.477741257666541408e-01
1.000000000000000000e+00,1.572772925364527508e+00
1.000000000000000000e+00,9.976415047407259928e-01
1.000000000000000000e+00,2.558116334531289060e-01
1.000000000000000000e+00,4.335312700280597592e-02
1.000000000000000000e+00,1.717533889921477375e+00
1.000000000000000000e+00,1.173880194807077837e+00
1.000000000000000000e+00,-3.987643069886984692e-01
1.000000000000000000e+00,1.171930548281686191e+00
1.000000000000000000e+00,5.036374933509788487e-01
1.000000000000000000e+00,-2.044371652804621298e-01
1.000000000000000000e+00,-1.196394739696561960e+00
1.000000000000000000e+00,1.329015691291230761e+00
1.000000000000000000e+00,2.604410813100704214e+00
1.000000000000000000e+00,8.397243888335723661e-01
1.000000000000000000e+00,2.248971907094411415e-01
1.000000000000000000e+00,-2.027461571698012111e-01
1.000000000000000000e+00,3.769943623783942321e-01
1.000000000000000000e+00,8.819675034260706648e-01
1.000000000000000000e+00,8.399138250416711138e-01
1.000000000000000000e+00,1.167023763887422572e+00
1.000000000000000000e+00,-1.680951818724925051e-01
1.000000000000000000e+00,4.282109541671775266e-01
1.000000000000000000e+00,8.530112700183124438e-03
1.000000000000000000e+00,1.698567072841224768e+00
1.000000000000000000e+00,-8.542261687249864677e-01
1.000000000000000000e+00,2.550492493666581262e-01
1.000000000000000000e+00,2.297251077844145450e-01
1.000000000000000000e+00,4.872593800450712997e-01
1.000000000000000000e+00,1.120941666547127458e+00
1.000000000000000000e+00,7.398563261554650383e-01
1.000000000000000000e+00,4.399795819441846834e-01
1.000000000000000000e+00,1.217831328108515132e+00
1.000000000000000000e+00,8.426003397561161457e-01
1.000000000000000000e+00,-1.257506860429213003e+00
1.000000000000000000e+00,7.786567276191486142e-01
1.000000000000000000e+00,8.256079118896598734e-01
1.000000000000000000e+00,4.859186356171398824e-01
1.000000000000000000e+00,-1.223807454177115311e-01
1.000000000000000000e+00,1.131272512165115929e+00
1.000000000000000000e+00,3.249195085855717258e-01
1.000000000000000000e+00,7.703907366694363601e-01
1.000000000000000000e+00,9.344262554936727527e-01
1.000000000000000000e+00,1.206149686345430849e+00
1.000000000000000000e+00,1.891249212375052613e+00
1.000000000000000000e+00,3.271888770376932820e-01
1.000000000000000000e+00,-7.276843281330587221e-01
1.000000000000000000e+00,-9.439180275876349890e-01
1.000000000000000000e+00,9.179453053890831438e-01
1.000000000000000000e+00,8.113827990794704181e-01
1.000000000000000000e+00,1.163595741729848143e+00
1.000000000000000000e+00,-8.947976054321400419e-01
1.000000000000000000e+00,-2.019555509543687344e-01
1.000000000000000000e+00,2.134703348515391230e+00
1.000000000000000000e+00,9.406365349281127497e-02
1.000000000000000000e+00,1.266377255967612747e+00
1.000000000000000000e+00,6.148338412733903580e-01
1.000000000000000000e+00,1.362808791189006552e+00
1.000000000000000000e+00,-1.445865350519461856e-01
1.000000000000000000e+00,1.189189733257505877e+00
1.000000000000000000e+00,-8.750544865031889552e-01
1.000000000000000000e+00,-1.108463999715366827e-01
1.000000000000000000e+00,-4.168671983524650099e-02
1.000000000000000000e+00,1.889858209361299002e+00
1.000000000000000000e+00,9.445583863954106763e-01
1.000000000000000000e+00,4.833979742359078013e-01
1.000000000000000000e+00,6.394655741848077612e-01
1.000000000000000000e+00,2.259085480979845795e-01
1.000000000000000000e+00,4.241968395780160161e-01
1.000000000000000000e+00,-1.514448989941329371e-01
1.000000000000000000e+00,1.053953543922858893e+00
1.000000000000000000e+00,4.044421225138751796e-01
1.000000000000000000e+00,1.771380030207128364e-01
1.000000000000000000e+00,1.911322491552404523e+00
1.000000000000000000e+00,7.966340884125704125e-02
1.000000000000000000e+00,-9.618754203018757831e-01
1.000000000000000000e+00,1.572195338232079465e+00
1.000000000000000000e+00,2.914287334117411921e-01
1.000000000000000000e+00,4.661490922266108700e-02
1.000000000000000000e+00,8.813284461771171419e-01
1.000000000000000000e+00,3.815207279384349448e-01
1.000000000000000000e+00,3.695545452586962432e-01
1.000000000000000000e+00,-3.913550316250001271e-01
1.000000000000000000e+00,1.115528043645073408e+00
1.000000000000000000e+00,1.569467456835457631e+00
1.000000000000000000e+00,-2.245159922760503121e-02
1.000000000000000000e+00,-4.212685553018152285e-01
1.000000000000000000e+00,-1.344276375828558745e+00
1.000000000000000000e+00,3.696371432679017299e-02
1.000000000000000000e+00,1.386620535942510779e+00
1.000000000000000000e+00,2.841396920495095624e-01
1.000000000000000000e+00,8.941459894911799738e-03
1.000000000000000000e+00,8.388962819810265037e-01
1.000000000000000000e+00,-1.714482027558400790e-01
1.000000000000000000e+00,1.063039523030484323e+00
1.000000000000000000e+00,1.249353513136144178e+00
1.000000000000000000e+00,5.695910623163246145e-01
1.000000000000000000e+00,4.828107219908017167e-01
