label,score
0.000000000000000000e+00,3.406569361686706543e-01
0.000000000000000000e+00,3.074918389320373535e-01
0.000000000000000000e+00,1.875842213630676270e-01
0.000000000000000000e+00,2.212910950183868408e-01
0.000000000000000000e+00,1.984161585569381714e-01
0.000000000000000000e+00,1.358464807271957397e-01
0.000000000000000000e+00,1.776893138885498047e-01
0.000000000000000000e+00,1.350640505552291870e-01
0.000000000000000000e+00,1.604094803333282471e-01
0.000000000000000000e+00,1.698834002017974854e-01
0.000000000000000000e+00,1.698070913553237915e-01
0.000000000000000000e+00,1.618111729621887207e-01
0.000000000000000000e+00,2.704468667507171631e-01
0.000000000000000000e+00,2.165701836347579956e-01
0.000000000000000000e+00,1.919249296188354492e-01
0.000000000000000000e+00,1.218132525682449341e-01
0.000000000000000000e+00,1.567781865596771240e-01
0.000000000000000000e+00,1.696287691593170166e-01
0.000000000000000000e+00,1.471316516399383545e-01
0.000000000000000000e+00,1.437168419361114502e-01
0.000000000000000000e+00,1.697528064250946045e-01
0.000000000000000000e+00,1.550561338663101196e-01
0.000000000000000000e+00,1.813272982835769653e-01
0.000000000000000000e+00,1.980884671211242676e-01
0.000000000000000000e+00,1.620062291622161865e-01
0.000000000000000000e+00,1.550366133451461792e-01
0.000000000000000000e+00,1.848038733005523682e-01
0.000000000000000000e+00,1.695103943347930908e-01
0.000000000000000000e+00,1.478046029806137085e-01
0.000000000000000000e+00,1.569429337978363037e-01
0.000000000000000000e+00,1.643173843622207642e-01
0.000000000000000000e+00,2.454231828451156616e-01
0.000000000000000000e+00,1.574333310127258301e-01
0.000000000000000000e+00,1.526856422424316406e-01
0.000000000000000000e+00,2.051781415939331055e-01
0.000000000000000000e+00,1.464943587779998779e-01
0.000000000000000000e+00,1.610830873250961304e-01
0.000000000000000000e+00,1.438917219638824463e-01
0.000000000000000000e+00,1.691313087940216064e-01
0.000000000000000000e+00,1.618640422821044922e-01
0.000000000000000000e+00,1.466299593448638916e-01
0.000000000000000000e+00,1.183177828788757324e-01
0.000000000000000000e+00,1.706608235836029053e-01
0.000000000000000000e+00,2.068990021944046021e-01
0.000000000000000000e+00,1.375024914741516113e-01
0.000000000000000000e+00,1.772709041833877563e-01
0.000000000000000000e+00,1.647717803716659546e-01
0.000000000000000000e+00,1.474335193634033203e-01
0.000000000000000000e+00,1.398860663175582886e-01
0.000000000000000000e+00,1.766099929809570312e-01
0.000000000000000000e+00,1.420886218547821045e-01
0.000000000000000000e+00,1.459999233484268188e-01
0.000000000000000000e+00,1.634781062602996826e-01
0.000000000000000000e+00,2.137259542942047119e-01
0.000000000000000000e+00,1.780122220516204834e-01
0.000000000000000000e+00,1.868953853845596313e-01
0.000000000000000000e+00,2.055846154689788818e-01
0.000000000000000000e+00,2.604574561119079590e-01
0.000000000000000000e+00,1.314275860786437988e-01
0.000000000000000000e+00,1.387706398963928223e-01
0.000000000000000000e+00,1.600383818149566650e-01
0.000000000000000000e+00,1.776342689990997314e-01
0.000000000000000000e+00,1.684510111808776855e-01
0.000000000000000000e+00,1.663628518581390381e-01
0.000000000000000000e+00,1.325117647647857666e-01
0.000000000000000000e+00,1.530327498912811279e-01
0.000000000000000000e+00,1.463374197483062744e-01
0.000000000000000000e+00,1.654158830642700195e-01
0.000000000000000000e+00,1.858506500720977783e-01
0.000000000000000000e+00,1.399007290601730347e-01
0.000000000000000000e+00,1.465658694505691528e-01
0.000000000000000000e+00,1.720035076141357422e-01
0.000000000000000000e+00,1.611561179161071777e-01
0.000000000000000000e+00,1.489846408367156982e-01
0.000000000000000000e+00,1.928396522998809814e-01
0.000000000000000000e+00,1.724681258201599121e-01
0.000000000000000000e+00,1.583087593317031860e-01
0.000000000000000000e+00,1.610878705978393555e-01
0.000000000000000000e+00,1.488845050334930420e-01
0.000000000000000000e+00,3.322412967681884766e-01
0.000000000000000000e+00,1.596599221229553223e-01
0.000000000000000000e+00,1.412735730409622192e-01
0.000000000000000000e+00,2.064814269542694092e-01
0.000000000000000000e+00,1.677858829498291016e-01
0.000000000000000000e+00,1.935410350561141968e-01
0.000000000000000000e+00,1.568511873483657837e-01
0.000000000000000000e+00,1.686268001794815063e-01
0.000000000000000000e+00,1.665207594633102417e-01
0.000000000000000000e+00,1.774124950170516968e-01
0.000000000000000000e+00,1.710544526576995850e-01
0.000000000000000000e+00,1.817193031311035156e-01
0.000000000000000000e+00,1.329912245273590088e-01
0.000000000000000000e+00,1.584910750389099121e-01
0.000000000000000000e+00,1.559922397136688232e-01
0.000000000000000000e+00,1.570688337087631226e-01
0.000000000000000000e+00,1.763141602277755737e-01
0.000000000000000000e+00,1.504301428794860840e-01
0.000000000000000000e+00,1.405003815889358521e-01
0.000000000000000000e+00,1.515046954154968262e-01
0.000000000000000000e+00,1.725594252347946167e-01
0.000000000000000000e+00,1.673077791929244995e-01
0.000000000000000000e+00,1.758998036384582520e-01
0.000000000000000000e+00,2.149140834808349609e-01
0.000000000000000000e+00,2.156405746936798096e-01
0.000000000000000000e+00,1.941753476858139038e-01
0.000000000000000000e+00,1.638986468315124512e-01
0.000000000000000000e+00,1.471221446990966797e-01
0.000000000000000000e+00,1.401719301939010620e-01
0.000000000000000000e+00,1.566354930400848389e-01
0.000000000000000000e+00,1.372946202754974365e-01
0.000000000000000000e+00,1.632741242647171021e-01
0.000000000000000000e+00,1.357724815607070923e-01
0.000000000000000000e+00,2.240310907363891602e-01
0.000000000000000000e+00,1.807682514190673828e-01
0.000000000000000000e+00,1.689014285802841187e-01
0.000000000000000000e+00,2.117619812488555908e-01
0.000000000000000000e+00,1.711969822645187378e-01
0.000000000000000000e+00,1.545598506927490234e-01
0.000000000000000000e+00,1.613370329141616821e-01
0.000000000000000000e+00,1.560685634613037109e-01
0.000000000000000000e+00,1.722020506858825684e-01
0.000000000000000000e+00,1.980886161327362061e-01
0.000000000000000000e+00,1.935181021690368652e-01
0.000000000000000000e+00,2.254946082830429077e-01
0.000000000000000000e+00,2.129438519477844238e-01
0.000000000000000000e+00,1.782287955284118652e-01
0.000000000000000000e+00,1.619529128074645996e-01
0.000000000000000000e+00,1.690300554037094116e-01
0.000000000000000000e+00,2.001687437295913696e-01
0.000000000000000000e+00,1.466048359870910645e-01
0.000000000000000000e+00,1.551523059606552124e-01
0.000000000000000000e+00,1.511954367160797119e-01
0.000000000000000000e+00,1.472603082656860352e-01
0.000000000000000000e+00,1.602983772754669189e-01
0.000000000000000000e+00,1.926647573709487915e-01
0.000000000000000000e+00,1.870170235633850098e-01
0.000000000000000000e+00,1.521338522434234619e-01
0.000000000000000000e+00,1.651617437601089478e-01
0.000000000000000000e+00,1.547622680664062500e-01
0.000000000000000000e+00,1.727662235498428345e-01
0.000000000000000000e+00,1.723660975694656372e-01
0.000000000000000000e+00,1.657583117485046387e-01
0.000000000000000000e+00,1.666238605976104736e-01
0.000000000000000000e+00,1.441843658685684204e-01
0.000000000000000000e+00,1.692291647195816040e-01
0.000000000000000000e+00,1.994071006774902344e-01
0.000000000000000000e+00,1.785277128219604492e-01
0.000000000000000000e+00,1.898211687803268433e-01
0.000000000000000000e+00,1.647493988275527954e-01
0.000000000000000000e+00,1.672632694244384766e-01
0.000000000000000000e+00,1.705253422260284424e-01
0.000000000000000000e+00,1.465478241443634033e-01
0.000000000000000000e+00,1.841720938682556152e-01
0.000000000000000000e+00,1.839372068643569946e-01
0.000000000000000000e+00,1.493900120258331299e-01
0.000000000000000000e+00,1.572311371564865112e-01
0.000000000000000000e+00,1.589273512363433838e-01
0.000000000000000000e+00,1.974365413188934326e-01
0.000000000000000000e+00,1.718244999647140503e-01
0.000000000000000000e+00,1.649854630231857300e-01
0.000000000000000000e+00,1.856380701065063477e-01
0.000000000000000000e+00,1.558122932910919189e-01
0.000000000000000000e+00,1.734183579683303833e-01
0.000000000000000000e+00,1.469214111566543579e-01
0.000000000000000000e+00,2.212917059659957886e-01
0.000000000000000000e+00,2.233605533838272095e-01
0.000000000000000000e+00,1.894259750843048096e-01
0.000000000000000000e+00,2.375048100948333740e-01
0.000000000000000000e+00,1.794560849666595459e-01
0.000000000000000000e+00,2.703641355037689209e-01
0.000000000000000000e+00,1.561377942562103271e-01
0.000000000000000000e+00,1.769402325153350830e-01
0.000000000000000000e+00,2.060889601707458496e-01
0.000000000000000000e+00,1.775243282318115234e-01
0.000000000000000000e+00,1.642369776964187622e-01
0.000000000000000000e+00,1.844743788242340088e-01
0.000000000000000000e+00,2.220310419797897339e-01
0.000000000000000000e+00,1.844415962696075439e-01
0.000000000000000000e+00,2.006280273199081421e-01
0.000000000000000000e+00,1.669481545686721802e-01
0.000000000000000000e+00,1.404483318328857422e-01
0.000000000000000000e+00,1.674283444881439209e-01
0.000000000000000000e+00,1.922863125801086426e-01
0.000000000000000000e+00,1.997673213481903076e-01
0.000000000000000000e+00,1.906194090843200684e-01
0.000000000000000000e+00,1.793530583381652832e-01
0.000000000000000000e+00,1.804796755313873291e-01
0.000000000000000000e+00,1.708854734897613525e-01
0.000000000000000000e+00,1.805279552936553955e-01
0.000000000000000000e+00,1.768236458301544189e-01
0.000000000000000000e+00,1.779300868511199951e-01
0.000000000000000000e+00,1.747193336486816406e-01
0.000000000000000000e+00,1.831304430961608887e-01
0.000000000000000000e+00,1.977197229862213135e-01
0.000000000000000000e+00,1.501020342111587524e-01
0.000000000000000000e+00,1.805939078330993652e-01
0.000000000000000000e+00,1.829239130020141602e-01
0.000000000000000000e+00,2.229673117399215698e-01
0.000000000000000000e+00,3.054990768432617188e-01
0.000000000000000000e+00,2.961840033531188965e-01
0.000000000000000000e+00,1.910304725170135498e-01
0.000000000000000000e+00,1.679187417030334473e-01
0.000000000000000000e+00,2.373686581850051880e-01
0.000000000000000000e+00,1.749560534954071045e-01
0.000000000000000000e+00,2.656176686286926270e-01
0.000000000000000000e+00,2.035679519176483154e-01
0.000000000000000000e+00,3.192117810249328613e-01
0.000000000000000000e+00,1.808290779590606689e-01
0.000000000000000000e+00,1.830053180456161499e-01
0.000000000000000000e+00,1.426251232624053955e-01
0.000000000000000000e+00,2.227368652820587158e-01
0.000000000000000000e+00,3.369557559490203857e-01
0.000000000000000000e+00,2.974084615707397461e-01
0.000000000000000000e+00,2.292897105216979980e-01
0.000000000000000000e+00,1.911045014858245850e-01
0.000000000000000000e+00,1.985714584589004517e-01
0.000000000000000000e+00,1.659231036901473999e-01
0.000000000000000000e+00,1.688215136528015137e-01
0.000000000000000000e+00,1.711414605379104614e-01
0.000000000000000000e+00,1.743746399879455566e-01
0.000000000000000000e+00,1.282652020454406738e-01
0.000000000000000000e+00,1.303641051054000854e-01
0.000000000000000000e+00,1.430485695600509644e-01
0.000000000000000000e+00,2.633134424686431885e-01
0.000000000000000000e+00,1.322703212499618530e-01
0.000000000000000000e+00,1.897232532501220703e-01
0.000000000000000000e+00,1.575384587049484253e-01
0.000000000000000000e+00,1.686460077762603760e-01
0.000000000000000000e+00,1.650049537420272827e-01
0.000000000000000000e+00,1.661550998687744141e-01
0.000000000000000000e+00,1.582539081573486328e-01
0.000000000000000000e+00,1.407954543828964233e-01
0.000000000000000000e+00,1.668649911880493164e-01
0.000000000000000000e+00,1.750923395156860352e-01
0.000000000000000000e+00,2.006350457668304443e-01
0.000000000000000000e+00,1.763120889663696289e-01
0.000000000000000000e+00,2.193180620670318604e-01
0.000000000000000000e+00,1.609857976436614990e-01
0.000000000000000000e+00,1.407943218946456909e-01
0.000000000000000000e+00,1.360465288162231445e-01
0.000000000000000000e+00,1.651073694229125977e-01
0.000000000000000000e+00,1.491732746362686157e-01
0.000000000000000000e+00,1.620756089687347412e-01
0.000000000000000000e+00,1.415466964244842529e-01
0.000000000000000000e+00,1.538488268852233887e-01
0.000000000000000000e+00,2.148965150117874146e-01
0.000000000000000000e+00,1.258607804775238037e-01
0.000000000000000000e+00,1.637237668037414551e-01
0.000000000000000000e+00,1.311855614185333252e-01
0.000000000000000000e+00,1.555221825838088989e-01
0.000000000000000000e+00,1.392045319080352783e-01
0.000000000000000000e+00,1.421224921941757202e-01
0.000000000000000000e+00,1.483694463968276978e-01
0.000000000000000000e+00,1.470260620117187500e-01
0.000000000000000000e+00,1.565708667039871216e-01
0.000000000000000000e+00,1.351178437471389771e-01
0.000000000000000000e+00,1.619875133037567139e-01
0.000000000000000000e+00,1.610146909952163696e-01
0.000000000000000000e+00,1.255710273981094360e-01
0.000000000000000000e+00,1.522442549467086792e-01
0.000000000000000000e+00,1.513934731483459473e-01
0.000000000000000000e+00,1.637921631336212158e-01
0.000000000000000000e+00,1.649117320775985718e-01
0.000000000000000000e+00,1.516931504011154175e-01
0.000000000000000000e+00,1.304482966661453247e-01
0.000000000000000000e+00,1.609478294849395752e-01
0.000000000000000000e+00,1.381670534610748291e-01
0.000000000000000000e+00,1.793291419744491577e-01
0.000000000000000000e+00,1.428635120391845703e-01
0.000000000000000000e+00,1.515778601169586182e-01
0.000000000000000000e+00,1.434072852134704590e-01
0.000000000000000000e+00,1.572707891464233398e-01
0.000000000000000000e+00,1.580412983894348145e-01
0.000000000000000000e+00,1.686117947101593018e-01
0.000000000000000000e+00,1.625604182481765747e-01
0.000000000000000000e+00,1.467149406671524048e-01
0.000000000000000000e+00,1.412511318922042847e-01
0.000000000000000000e+00,1.452643722295761108e-01
0.000000000000000000e+00,2.704612016677856445e-01
0.000000000000000000e+00,1.500286012887954712e-01
0.000000000000000000e+00,1.380621492862701416e-01
0.000000000000000000e+00,2.037290930747985840e-01
0.000000000000000000e+00,2.291232198476791382e-01
0.000000000000000000e+00,1.797347515821456909e-01
0.000000000000000000e+00,3.556799590587615967e-01
0.000000000000000000e+00,1.988728642463684082e-01
0.000000000000000000e+00,1.543813049793243408e-01
0.000000000000000000e+00,1.776019483804702759e-01
0.000000000000000000e+00,2.021452933549880981e-01
0.000000000000000000e+00,1.466836482286453247e-01
0.000000000000000000e+00,2.046738117933273315e-01
0.000000000000000000e+00,1.760407090187072754e-01
0.000000000000000000e+00,1.758477240800857544e-01
0.000000000000000000e+00,1.996771842241287231e-01
0.000000000000000000e+00,1.915349215269088745e-01
0.000000000000000000e+00,1.936916112899780273e-01
0.000000000000000000e+00,1.670525968074798584e-01
0.000000000000000000e+00,1.645739376544952393e-01
0.000000000000000000e+00,1.623775213956832886e-01
0.000000000000000000e+00,1.824744939804077148e-01
0.000000000000000000e+00,1.595156490802764893e-01
0.000000000000000000e+00,1.717997789382934570e-01
0.000000000000000000e+00,1.565625071525573730e-01
0.000000000000000000e+00,1.695834398269653320e-01
0.000000000000000000e+00,1.908853501081466675e-01
0.000000000000000000e+00,2.051738202571868896e-01
0.000000000000000000e+00,2.061164379119873047e-01
0.000000000000000000e+00,1.563895195722579956e-01
0.000000000000000000e+00,1.653360128402709961e-01
0.000000000000000000e+00,1.942104101181030273e-01
0.000000000000000000e+00,1.899292767047882080e-01
0.000000000000000000e+00,1.878609955310821533e-01
0.000000000000000000e+00,2.064220905303955078e-01
0.000000000000000000e+00,1.775320917367935181e-01
0.000000000000000000e+00,1.345847696065902710e-01
0.000000000000000000e+00,1.665548980236053467e-01
0.000000000000000000e+00,1.639323532581329346e-01
0.000000000000000000e+00,1.767678111791610718e-01
0.000000000000000000e+00,1.606265902519226074e-01
0.000000000000000000e+00,1.589935272932052612e-01
0.000000000000000000e+00,1.997669190168380737e-01
0.000000000000000000e+00,1.971924304962158203e-01
0.000000000000000000e+00,3.760742545127868652e-01
0.000000000000000000e+00,3.152208924293518066e-01
0.000000000000000000e+00,3.159368932247161865e-01
0.000000000000000000e+00,3.277700245380401611e-01
0.000000000000000000e+00,2.049348950386047363e-01
0.000000000000000000e+00,1.802721619606018066e-01
0.000000000000000000e+00,1.710031479597091675e-01
0.000000000000000000e+00,1.562102735042572021e-01
0.000000000000000000e+00,1.684357374906539917e-01
0.000000000000000000e+00,1.580326855182647705e-01
0.000000000000000000e+00,1.805285513401031494e-01
0.000000000000000000e+00,1.637796759605407715e-01
0.000000000000000000e+00,1.521097123622894287e-01
0.000000000000000000e+00,1.894132345914840698e-01
0.000000000000000000e+00,1.666986048221588135e-01
0.000000000000000000e+00,1.660328209400177002e-01
0.000000000000000000e+00,1.528526544570922852e-01
0.000000000000000000e+00,1.758140027523040771e-01
0.000000000000000000e+00,1.435278803110122681e-01
0.000000000000000000e+00,1.449383795261383057e-01
0.000000000000000000e+00,1.512450277805328369e-01
0.000000000000000000e+00,1.696282476186752319e-01
0.000000000000000000e+00,1.546486318111419678e-01
0.000000000000000000e+00,1.950851082801818848e-01
0.000000000000000000e+00,1.443581432104110718e-01
0.000000000000000000e+00,2.237673997879028320e-01
0.000000000000000000e+00,1.751334965229034424e-01
0.000000000000000000e+00,2.007781267166137695e-01
0.000000000000000000e+00,1.627237200736999512e-01
0.000000000000000000e+00,1.950251758098602295e-01
0.000000000000000000e+00,1.584596931934356689e-01
0.000000000000000000e+00,1.568136811256408691e-01
0.000000000000000000e+00,1.699968576431274414e-01
0.000000000000000000e+00,1.722668558359146118e-01
0.000000000000000000e+00,2.350323200225830078e-01
0.000000000000000000e+00,1.765153408050537109e-01
0.000000000000000000e+00,2.008300870656967163e-01
0.000000000000000000e+00,2.029550820589065552e-01
0.000000000000000000e+00,2.275055795907974243e-01
0.000000000000000000e+00,2.048159092664718628e-01
0.000000000000000000e+00,1.775365173816680908e-01
0.000000000000000000e+00,1.546006798744201660e-01
0.000000000000000000e+00,2.187684774398803711e-01
0.000000000000000000e+00,1.800215691328048706e-01
0.000000000000000000e+00,1.696605384349822998e-01
0.000000000000000000e+00,2.021079212427139282e-01
0.000000000000000000e+00,1.967851370573043823e-01
0.000000000000000000e+00,1.797983944416046143e-01
0.000000000000000000e+00,1.711851209402084351e-01
0.000000000000000000e+00,2.106733322143554688e-01
0.000000000000000000e+00,2.290193289518356323e-01
0.000000000000000000e+00,3.389472067356109619e-01
0.000000000000000000e+00,1.886868327856063843e-01
0.000000000000000000e+00,1.765544563531875610e-01
0.000000000000000000e+00,1.604950428009033203e-01
0.000000000000000000e+00,1.880246996879577637e-01
0.000000000000000000e+00,1.824775785207748413e-01
0.000000000000000000e+00,1.923992037773132324e-01
0.000000000000000000e+00,2.221763134002685547e-01
0.000000000000000000e+00,1.410895735025405884e-01
0.000000000000000000e+00,1.795812249183654785e-01
0.000000000000000000e+00,1.689582467079162598e-01
0.000000000000000000e+00,1.678034961223602295e-01
0.000000000000000000e+00,1.532177925109863281e-01
0.000000000000000000e+00,1.761963367462158203e-01
0.000000000000000000e+00,1.775096952915191650e-01
0.000000000000000000e+00,1.630429178476333618e-01
0.000000000000000000e+00,2.165806144475936890e-01
0.000000000000000000e+00,1.809181571006774902e-01
0.000000000000000000e+00,1.659222394227981567e-01
0.000000000000000000e+00,1.637445539236068726e-01
0.000000000000000000e+00,1.478453874588012695e-01
0.000000000000000000e+00,1.786842197179794312e-01
0.000000000000000000e+00,1.640351414680480957e-01
0.000000000000000000e+00,2.038272023200988770e-01
0.000000000000000000e+00,2.381294965744018555e-01
0.000000000000000000e+00,1.545847058296203613e-01
0.000000000000000000e+00,2.142827659845352173e-01
0.000000000000000000e+00,2.873409390449523926e-01
0.000000000000000000e+00,1.913881301879882812e-01
0.000000000000000000e+00,1.863706111907958984e-01
0.000000000000000000e+00,1.927092969417572021e-01
0.000000000000000000e+00,1.658532023429870605e-01
0.000000000000000000e+00,1.951619982719421387e-01
0.000000000000000000e+00,1.900182515382766724e-01
0.000000000000000000e+00,1.788213402032852173e-01
0.000000000000000000e+00,1.702261120080947876e-01
0.000000000000000000e+00,2.208545356988906860e-01
0.000000000000000000e+00,1.801286190748214722e-01
0.000000000000000000e+00,1.719103008508682251e-01
0.000000000000000000e+00,1.906801760196685791e-01
0.000000000000000000e+00,1.841299533843994141e-01
0.000000000000000000e+00,1.976567208766937256e-01
0.000000000000000000e+00,2.179555296897888184e-01
0.000000000000000000e+00,2.216446697711944580e-01
0.000000000000000000e+00,1.964608132839202881e-01
0.000000000000000000e+00,1.541991233825683594e-01
0.000000000000000000e+00,1.647149920463562012e-01
0.000000000000000000e+00,2.007037401199340820e-01
0.000000000000000000e+00,2.140557020902633667e-01
0.000000000000000000e+00,1.786431521177291870e-01
0.000000000000000000e+00,1.650497317314147949e-01
0.000000000000000000e+00,1.746909916400909424e-01
0.000000000000000000e+00,1.695168912410736084e-01
0.000000000000000000e+00,1.923726499080657959e-01
0.000000000000000000e+00,1.877048164606094360e-01
0.000000000000000000e+00,2.399708628654479980e-01
0.000000000000000000e+00,2.304330468177795410e-01
0.000000000000000000e+00,1.579698175191879272e-01
0.000000000000000000e+00,1.803699880838394165e-01
0.000000000000000000e+00,1.688241362571716309e-01
0.000000000000000000e+00,1.671442389488220215e-01
0.000000000000000000e+00,1.930459588766098022e-01
0.000000000000000000e+00,2.608440220355987549e-01
0.000000000000000000e+00,1.528023183345794678e-01
0.000000000000000000e+00,1.792399287223815918e-01
0.000000000000000000e+00,1.910980045795440674e-01
0.000000000000000000e+00,1.565740704536437988e-01
0.000000000000000000e+00,1.640060544013977051e-01
0.000000000000000000e+00,1.954773366451263428e-01
0.000000000000000000e+00,1.788747459650039673e-01
0.000000000000000000e+00,1.209414452314376831e-01
0.000000000000000000e+00,1.807389855384826660e-01
0.000000000000000000e+00,1.862843334674835205e-01
0.000000000000000000e+00,1.462361067533493042e-01
0.000000000000000000e+00,1.906448304653167725e-01
0.000000000000000000e+00,1.553617864847183228e-01
0.000000000000000000e+00,1.708876788616180420e-01
0.000000000000000000e+00,1.739329397678375244e-01
0.000000000000000000e+00,1.713247448205947876e-01
0.000000000000000000e+00,1.675557643175125122e-01
0.000000000000000000e+00,1.636284589767456055e-01
0.000000000000000000e+00,1.502740979194641113e-01
0.000000000000000000e+00,1.632478237152099609e-01
0.000000000000000000e+00,1.834405064582824707e-01
0.000000000000000000e+00,1.746839582920074463e-01
0.000000000000000000e+00,2.024990618228912354e-01
0.000000000000000000e+00,1.604241281747817993e-01
0.000000000000000000e+00,1.267467737197875977e-01
0.000000000000000000e+00,1.642823368310928345e-01
0.000000000000000000e+00,1.453108936548233032e-01
0.000000000000000000e+00,1.547988057136535645e-01
0.000000000000000000e+00,1.319172531366348267e-01
0.000000000000000000e+00,1.969536244869232178e-01
0.000000000000000000e+00,1.488081514835357666e-01
0.000000000000000000e+00,2.084504216909408569e-01
0.000000000000000000e+00,1.623065173625946045e-01
0.000000000000000000e+00,1.368118524551391602e-01
0.000000000000000000e+00,1.583293974399566650e-01
0.000000000000000000e+00,1.449326425790786743e-01
0.000000000000000000e+00,1.486620008945465088e-01
0.000000000000000000e+00,1.482549607753753662e-01
0.000000000000000000e+00,1.665976643562316895e-01
0.000000000000000000e+00,1.833498924970626831e-01
0.000000000000000000e+00,1.795887649059295654e-01
0.000000000000000000e+00,1.822686493396759033e-01
0.000000000000000000e+00,1.773682981729507446e-01
0.000000000000000000e+00,1.832681894302368164e-01
0.000000000000000000e+00,1.728898733854293823e-01
0.000000000000000000e+00,1.794066429138183594e-01
0.000000000000000000e+00,1.765236556529998779e-01
0.000000000000000000e+00,1.878036856651306152e-01
0.000000000000000000e+00,1.634968221187591553e-01
0.000000000000000000e+00,1.764556169509887695e-01
0.000000000000000000e+00,2.720608711242675781e-01
0.000000000000000000e+00,1.702544838190078735e-01
0.000000000000000000e+00,2.679321765899658203e-01
0.000000000000000000e+00,1.964477002620697021e-01
0.000000000000000000e+00,1.960292160511016846e-01
0.000000000000000000e+00,1.769532561302185059e-01
0.000000000000000000e+00,1.689146459102630615e-01
0.000000000000000000e+00,1.459082216024398804e-01
0.000000000000000000e+00,2.199603319168090820e-01
0.000000000000000000e+00,3.337197601795196533e-01
0.000000000000000000e+00,2.237628400325775146e-01
0.000000000000000000e+00,2.022871077060699463e-01
0.000000000000000000e+00,1.596198827028274536e-01
0.000000000000000000e+00,1.824766099452972412e-01
1.000000000000000000e+00,4.531117379665374756e-01
1.000000000000000000e+00,6.093778014183044434e-01
1.000000000000000000e+00,5.487235188484191895e-01
1.000000000000000000e+00,4.343232214450836182e-01
1.000000000000000000e+00,4.361842572689056396e-01
1.000000000000000000e+00,4.519473910331726074e-01
1.000000000000000000e+00,4.186661839485168457e-01
1.000000000000000000e+00,3.861066102981567383e-01
1.000000000000000000e+00,4.439035654067993164e-01
1.000000000000000000e+00,4.664671719074249268e-01
1.000000000000000000e+00,4.542193114757537842e-01
1.000000000000000000e+00,4.437493383884429932e-01
1.000000000000000000e+00,4.312642812728881836e-01
1.000000000000000000e+00,3.651154935359954834e-01
1.000000000000000000e+00,3.682946562767028809e-01
1.000000000000000000e+00,3.990109264850616455e-01
1.000000000000000000e+00,4.019987583160400391e-01
1.000000000000000000e+00,3.714371621608734131e-01
1.000000000000000000e+00,4.195376336574554443e-01
1.000000000000000000e+00,3.898986577987670898e-01
1.000000000000000000e+00,4.601057171821594238e-01
1.000000000000000000e+00,4.753264486789703369e-01
1.000000000000000000e+00,4.377071261405944824e-01
1.000000000000000000e+00,4.343110322952270508e-01
1.000000000000000000e+00,5.162451267242431641e-01
1.000000000000000000e+00,3.973193764686584473e-01
1.000000000000000000e+00,4.462415575981140137e-01
1.000000000000000000e+00,4.713959991931915283e-01
1.000000000000000000e+00,4.389175772666931152e-01
1.000000000000000000e+00,4.310643374919891357e-01
1.000000000000000000e+00,4.246450066566467285e-01
1.000000000000000000e+00,3.898639678955078125e-01
1.000000000000000000e+00,4.439985156059265137e-01
1.000000000000000000e+00,3.680391907691955566e-01
1.000000000000000000e+00,4.392843544483184814e-01
1.000000000000000000e+00,3.676052391529083252e-01
1.000000000000000000e+00,4.177184998989105225e-01
1.000000000000000000e+00,4.035459160804748535e-01
1.000000000000000000e+00,3.440639972686767578e-01
1.000000000000000000e+00,4.280557632446289062e-01
1.000000000000000000e+00,4.281646311283111572e-01
1.000000000000000000e+00,4.814778268337249756e-01
1.000000000000000000e+00,3.736840486526489258e-01
1.000000000000000000e+00,4.401096105575561523e-01
1.000000000000000000e+00,3.747002780437469482e-01
1.000000000000000000e+00,4.235911369323730469e-01
1.000000000000000000e+00,4.076755046844482422e-01
1.000000000000000000e+00,3.946346044540405273e-01
1.000000000000000000e+00,3.957685232162475586e-01
1.000000000000000000e+00,4.697635471820831299e-01
1.000000000000000000e+00,4.120354056358337402e-01
1.000000000000000000e+00,4.187911748886108398e-01
1.000000000000000000e+00,3.996934592723846436e-01
1.000000000000000000e+00,4.313843250274658203e-01
1.000000000000000000e+00,4.093919992446899414e-01
1.000000000000000000e+00,4.065509438514709473e-01
1.000000000000000000e+00,4.339110851287841797e-01
1.000000000000000000e+00,4.056248366832733154e-01
1.000000000000000000e+00,3.050328791141510010e-01
1.000000000000000000e+00,4.334489107131958008e-01
1.000000000000000000e+00,5.123137235641479492e-01
1.000000000000000000e+00,4.659025669097900391e-01
1.000000000000000000e+00,4.425315260887145996e-01
1.000000000000000000e+00,4.150695800781250000e-01
1.000000000000000000e+00,4.349151551723480225e-01
1.000000000000000000e+00,3.357366621494293213e-01
1.000000000000000000e+00,3.997187614440917969e-01
1.000000000000000000e+00,3.822359740734100342e-01
1.000000000000000000e+00,4.326922893524169922e-01
1.000000000000000000e+00,3.753843903541564941e-01
1.000000000000000000e+00,4.586358070373535156e-01
1.000000000000000000e+00,4.862348735332489014e-01
1.000000000000000000e+00,3.329141736030578613e-01
1.000000000000000000e+00,4.650036096572875977e-01
1.000000000000000000e+00,4.618767797946929932e-01
1.000000000000000000e+00,4.374818503856658936e-01
1.000000000000000000e+00,4.434065818786621094e-01
1.000000000000000000e+00,4.288626611232757568e-01
1.000000000000000000e+00,4.314372539520263672e-01
1.000000000000000000e+00,4.168607592582702637e-01
1.000000000000000000e+00,3.825898170471191406e-01
1.000000000000000000e+00,3.701905012130737305e-01
1.000000000000000000e+00,5.233132243156433105e-01
1.000000000000000000e+00,4.531540870666503906e-01
1.000000000000000000e+00,4.155094027519226074e-01
1.000000000000000000e+00,4.661055803298950195e-01
1.000000000000000000e+00,4.152827858924865723e-01
1.000000000000000000e+00,4.576831161975860596e-01
1.000000000000000000e+00,4.875040650367736816e-01
1.000000000000000000e+00,4.341138601303100586e-01
1.000000000000000000e+00,4.048434197902679443e-01
1.000000000000000000e+00,4.857902228832244873e-01
1.000000000000000000e+00,3.899022042751312256e-01
1.000000000000000000e+00,4.252432286739349365e-01
1.000000000000000000e+00,4.153741002082824707e-01
1.000000000000000000e+00,5.388886332511901855e-01
1.000000000000000000e+00,4.351537227630615234e-01
1.000000000000000000e+00,4.374198317527770996e-01
1.000000000000000000e+00,4.112420678138732910e-01
1.000000000000000000e+00,4.393071532249450684e-01
1.000000000000000000e+00,4.250641763210296631e-01
1.000000000000000000e+00,4.052324891090393066e-01
1.000000000000000000e+00,3.869579136371612549e-01
1.000000000000000000e+00,4.758903980255126953e-01
1.000000000000000000e+00,4.404741227626800537e-01
1.000000000000000000e+00,4.891833066940307617e-01
1.000000000000000000e+00,4.408278465270996094e-01
1.000000000000000000e+00,4.724459648132324219e-01
1.000000000000000000e+00,4.630040228366851807e-01
1.000000000000000000e+00,4.165917336940765381e-01
1.000000000000000000e+00,4.762110114097595215e-01
1.000000000000000000e+00,4.320709705352783203e-01
1.000000000000000000e+00,4.373651146888732910e-01
1.000000000000000000e+00,4.780039787292480469e-01
1.000000000000000000e+00,4.522660374641418457e-01
1.000000000000000000e+00,3.897009491920471191e-01
1.000000000000000000e+00,3.756751120090484619e-01
1.000000000000000000e+00,4.333612918853759766e-01
1.000000000000000000e+00,4.068445861339569092e-01
1.000000000000000000e+00,3.722539842128753662e-01
1.000000000000000000e+00,4.467035830020904541e-01
1.000000000000000000e+00,3.663882017135620117e-01
1.000000000000000000e+00,3.689801692962646484e-01
1.000000000000000000e+00,4.406644999980926514e-01
1.000000000000000000e+00,4.335150718688964844e-01
1.000000000000000000e+00,3.520082235336303711e-01
1.000000000000000000e+00,4.321828484535217285e-01
1.000000000000000000e+00,4.117302298545837402e-01
1.000000000000000000e+00,4.136850535869598389e-01
1.000000000000000000e+00,4.479793906211853027e-01
1.000000000000000000e+00,4.882261753082275391e-01
1.000000000000000000e+00,4.713327288627624512e-01
1.000000000000000000e+00,4.242775440216064453e-01
1.000000000000000000e+00,4.515526294708251953e-01
1.000000000000000000e+00,4.128185212612152100e-01
1.000000000000000000e+00,4.905184507369995117e-01
1.000000000000000000e+00,3.761424422264099121e-01
1.000000000000000000e+00,4.598375558853149414e-01
1.000000000000000000e+00,4.503131508827209473e-01
1.000000000000000000e+00,4.062424302101135254e-01
1.000000000000000000e+00,3.811478018760681152e-01
1.000000000000000000e+00,4.177813231945037842e-01
1.000000000000000000e+00,4.038913249969482422e-01
1.000000000000000000e+00,4.560074210166931152e-01
1.000000000000000000e+00,3.582541346549987793e-01
1.000000000000000000e+00,3.811616897583007812e-01
1.000000000000000000e+00,5.311661362648010254e-01
1.000000000000000000e+00,3.835104405879974365e-01
1.000000000000000000e+00,4.272553920745849609e-01
1.000000000000000000e+00,5.066410303115844727e-01
1.000000000000000000e+00,4.346775412559509277e-01
1.000000000000000000e+00,4.263252615928649902e-01
1.000000000000000000e+00,4.303399920463562012e-01
1.000000000000000000e+00,4.006410539150238037e-01
1.000000000000000000e+00,4.091765880584716797e-01
1.000000000000000000e+00,4.024824798107147217e-01
1.000000000000000000e+00,3.964143991470336914e-01
1.000000000000000000e+00,4.329788684844970703e-01
1.000000000000000000e+00,3.956255912780761719e-01
1.000000000000000000e+00,3.885870575904846191e-01
1.000000000000000000e+00,3.939270973205566406e-01
1.000000000000000000e+00,4.379758536815643311e-01
1.000000000000000000e+00,4.286765158176422119e-01
1.000000000000000000e+00,3.912700414657592773e-01
1.000000000000000000e+00,3.692492842674255371e-01
1.000000000000000000e+00,4.293344616889953613e-01
1.000000000000000000e+00,4.086245894432067871e-01
1.000000000000000000e+00,4.321231245994567871e-01
1.000000000000000000e+00,4.132701158523559570e-01
1.000000000000000000e+00,4.057391881942749023e-01
1.000000000000000000e+00,5.066807270050048828e-01
1.000000000000000000e+00,4.407729506492614746e-01
1.000000000000000000e+00,4.487446844577789307e-01
1.000000000000000000e+00,4.482983946800231934e-01
1.000000000000000000e+00,3.516281843185424805e-01
1.000000000000000000e+00,4.476236701011657715e-01
1.000000000000000000e+00,4.047756195068359375e-01
1.000000000000000000e+00,5.002106428146362305e-01
1.000000000000000000e+00,4.246434569358825684e-01
1.000000000000000000e+00,4.663059115409851074e-01
1.000000000000000000e+00,3.991452157497406006e-01
1.000000000000000000e+00,3.896613717079162598e-01
1.000000000000000000e+00,3.575153648853302002e-01
1.000000000000000000e+00,5.227881669998168945e-01
1.000000000000000000e+00,4.180854856967926025e-01
1.000000000000000000e+00,4.754783511161804199e-01
1.000000000000000000e+00,4.700683355331420898e-01
1.000000000000000000e+00,4.884671270847320557e-01
1.000000000000000000e+00,3.960096240043640137e-01
1.000000000000000000e+00,3.779014348983764648e-01
1.000000000000000000e+00,4.121568202972412109e-01
1.000000000000000000e+00,3.376027643680572510e-01
1.000000000000000000e+00,4.104120731353759766e-01
1.000000000000000000e+00,4.987757205963134766e-01
1.000000000000000000e+00,4.283422231674194336e-01
1.000000000000000000e+00,4.215663671493530273e-01
1.000000000000000000e+00,4.695035219192504883e-01
1.000000000000000000e+00,3.957335948944091797e-01
1.000000000000000000e+00,4.222583472728729248e-01
1.000000000000000000e+00,4.602325558662414551e-01
1.000000000000000000e+00,4.010413289070129395e-01
1.000000000000000000e+00,4.029680788516998291e-01
1.000000000000000000e+00,4.326325654983520508e-01
1.000000000000000000e+00,3.841517567634582520e-01
1.000000000000000000e+00,4.635913968086242676e-01
1.000000000000000000e+00,4.336606860160827637e-01
1.000000000000000000e+00,4.499493837356567383e-01
1.000000000000000000e+00,4.104196727275848389e-01
1.000000000000000000e+00,4.740936458110809326e-01
1.000000000000000000e+00,4.029573798179626465e-01
1.000000000000000000e+00,4.588455557823181152e-01
1.000000000000000000e+00,4.553433656692504883e-01
1.000000000000000000e+00,4.012279212474822998e-01
1.000000000000000000e+00,3.593775629997253418e-01
1.000000000000000000e+00,5.161145329475402832e-01
1.000000000000000000e+00,3.912111818790435791e-01
1.000000000000000000e+00,4.821543693542480469e-01
1.000000000000000000e+00,4.541443288326263428e-01
1.000000000000000000e+00,4.245174527168273926e-01
1.000000000000000000e+00,4.426272511482238770e-01
1.000000000000000000e+00,4.806263446807861328e-01
1.000000000000000000e+00,4.060739576816558838e-01
1.000000000000000000e+00,4.866705834865570068e-01
1.000000000000000000e+00,4.184520244598388672e-01
1.000000000000000000e+00,4.731515049934387207e-01
1.000000000000000000e+00,3.715340495109558105e-01
1.000000000000000000e+00,4.058336615562438965e-01
1.000000000000000000e+00,3.849467039108276367e-01
1.000000000000000000e+00,3.738089203834533691e-01
1.000000000000000000e+00,4.099597036838531494e-01
1.000000000000000000e+00,3.880241811275482178e-01
1.000000000000000000e+00,3.562661409378051758e-01
1.000000000000000000e+00,3.673284053802490234e-01
1.000000000000000000e+00,4.604188799858093262e-01
1.000000000000000000e+00,4.518437981605529785e-01
1.000000000000000000e+00,4.615715444087982178e-01
1.000000000000000000e+00,4.275609552860260010e-01
1.000000000000000000e+00,4.375874400138854980e-01
1.000000000000000000e+00,4.504223763942718506e-01
1.000000000000000000e+00,4.860095381736755371e-01
1.000000000000000000e+00,4.274841248989105225e-01
1.000000000000000000e+00,4.532039165496826172e-01
1.000000000000000000e+00,4.485578536987304688e-01
1.000000000000000000e+00,3.961016535758972168e-01
1.000000000000000000e+00,4.467773437500000000e-01
1.000000000000000000e+00,4.221170246601104736e-01
1.000000000000000000e+00,3.617283701896667480e-01
1.000000000000000000e+00,3.888647556304931641e-01
1.000000000000000000e+00,4.070994853973388672e-01
1.000000000000000000e+00,4.106528460979461670e-01
1.000000000000000000e+00,4.395879507064819336e-01
1.000000000000000000e+00,3.424934744834899902e-01
1.000000000000000000e+00,4.186840057373046875e-01
1.000000000000000000e+00,4.829213321208953857e-01
1.000000000000000000e+00,4.268488585948944092e-01
1.000000000000000000e+00,5.248188376426696777e-01
1.000000000000000000e+00,4.912428259849548340e-01
1.000000000000000000e+00,4.168016612529754639e-01
1.000000000000000000e+00,4.016035795211791992e-01
1.000000000000000000e+00,4.896016716957092285e-01
1.000000000000000000e+00,3.646035790443420410e-01
1.000000000000000000e+00,4.436153471469879150e-01
1.000000000000000000e+00,4.480756819248199463e-01
1.000000000000000000e+00,5.311397314071655273e-01
1.000000000000000000e+00,4.055036008358001709e-01
1.000000000000000000e+00,4.016085863113403320e-01
1.000000000000000000e+00,4.042457640171051025e-01
1.000000000000000000e+00,3.792415261268615723e-01
1.000000000000000000e+00,4.087137579917907715e-01
1.000000000000000000e+00,3.836955428123474121e-01
1.000000000000000000e+00,4.172386527061462402e-01
1.000000000000000000e+00,4.203150868415832520e-01
1.000000000000000000e+00,4.161393940448760986e-01
1.000000000000000000e+00,4.032566547393798828e-01
1.000000000000000000e+00,3.868633210659027100e-01
1.000000000000000000e+00,3.933575153350830078e-01
1.000000000000000000e+00,4.392133951187133789e-01
1.000000000000000000e+00,4.068668484687805176e-01
1.000000000000000000e+00,4.822055101394653320e-01
1.000000000000000000e+00,4.227835834026336670e-01
1.000000000000000000e+00,3.942551612854003906e-01
1.000000000000000000e+00,5.310615897178649902e-01
1.000000000000000000e+00,4.339867234230041504e-01
1.000000000000000000e+00,4.588208496570587158e-01
1.000000000000000000e+00,4.383024871349334717e-01
1.000000000000000000e+00,4.642457962036132812e-01
1.000000000000000000e+00,3.430418074131011963e-01
1.000000000000000000e+00,4.209853708744049072e-01
1.000000000000000000e+00,3.611127734184265137e-01
1.000000000000000000e+00,4.216788411140441895e-01
1.000000000000000000e+00,4.626348018646240234e-01
1.000000000000000000e+00,5.439842343330383301e-01
1.000000000000000000e+00,5.151790380477905273e-01
1.000000000000000000e+00,3.701822757720947266e-01
1.000000000000000000e+00,4.146511554718017578e-01
1.000000000000000000e+00,4.384305179119110107e-01
1.000000000000000000e+00,4.232121407985687256e-01
1.000000000000000000e+00,4.119602739810943604e-01
1.000000000000000000e+00,4.385979175567626953e-01
1.000000000000000000e+00,4.323128759860992432e-01
1.000000000000000000e+00,4.524091482162475586e-01
1.000000000000000000e+00,4.172170162200927734e-01
1.000000000000000000e+00,4.848668575286865234e-01
1.000000000000000000e+00,4.832780957221984863e-01
1.000000000000000000e+00,5.407026410102844238e-01
1.000000000000000000e+00,4.833778738975524902e-01
1.000000000000000000e+00,5.164672136306762695e-01
1.000000000000000000e+00,4.683101177215576172e-01
1.000000000000000000e+00,4.718505442142486572e-01
1.000000000000000000e+00,5.028533339500427246e-01
1.000000000000000000e+00,4.107807874679565430e-01
1.000000000000000000e+00,5.005326271057128906e-01
1.000000000000000000e+00,4.744016528129577637e-01
1.000000000000000000e+00,3.933386206626892090e-01
1.000000000000000000e+00,5.507237911224365234e-01
1.000000000000000000e+00,4.501533508300781250e-01
1.000000000000000000e+00,4.381783306598663330e-01
1.000000000000000000e+00,4.674936234951019287e-01
1.000000000000000000e+00,5.018228292465209961e-01
1.000000000000000000e+00,5.235748291015625000e-01
1.000000000000000000e+00,4.865481555461883545e-01
1.000000000000000000e+00,4.378743469715118408e-01
1.000000000000000000e+00,4.490331709384918213e-01
1.000000000000000000e+00,4.458823800086975098e-01
1.000000000000000000e+00,4.575791358947753906e-01
1.000000000000000000e+00,3.397886157035827637e-01
1.000000000000000000e+00,4.855676293373107910e-01
1.000000000000000000e+00,4.240062832832336426e-01
1.000000000000000000e+00,4.107151031494140625e-01
1.000000000000000000e+00,5.131218433380126953e-01
1.000000000000000000e+00,3.350477218627929688e-01
1.000000000000000000e+00,4.033815264701843262e-01
1.000000000000000000e+00,4.150938391685485840e-01
1.000000000000000000e+00,4.388899803161621094e-01
1.000000000000000000e+00,3.137820661067962646e-01
1.000000000000000000e+00,5.283830761909484863e-01
1.000000000000000000e+00,4.712899923324584961e-01
1.000000000000000000e+00,3.887112140655517578e-01
1.000000000000000000e+00,4.998577833175659180e-01
1.000000000000000000e+00,3.541348874568939209e-01
1.000000000000000000e+00,4.969422221183776855e-01
1.000000000000000000e+00,4.828527867794036865e-01
1.000000000000000000e+00,4.874135851860046387e-01
1.000000000000000000e+00,4.877248406410217285e-01
1.000000000000000000e+00,3.593714535236358643e-01
1.000000000000000000e+00,4.375936388969421387e-01
1.000000000000000000e+00,4.454745352268218994e-01
1.000000000000000000e+00,4.882608354091644287e-01
1.000000000000000000e+00,4.512737393379211426e-01
1.000000000000000000e+00,3.877789378166198730e-01
1.000000000000000000e+00,5.144690871238708496e-01
1.000000000000000000e+00,4.052444100379943848e-01
1.000000000000000000e+00,4.383458495140075684e-01
1.000000000000000000e+00,3.617872595787048340e-01
1.000000000000000000e+00,3.533808290958404541e-01
1.000000000000000000e+00,3.868851959705352783e-01
1.000000000000000000e+00,4.088592231273651123e-01
1.000000000000000000e+00,3.721346557140350342e-01
1.000000000000000000e+00,3.049874305725097656e-01
1.000000000000000000e+00,4.042214751243591309e-01
1.000000000000000000e+00,3.900496363639831543e-01
1.000000000000000000e+00,5.076168775558471680e-01
1.000000000000000000e+00,3.803107738494873047e-01
1.000000000000000000e+00,3.651509881019592285e-01
1.000000000000000000e+00,4.156498908996582031e-01
1.000000000000000000e+00,4.050114452838897705e-01
1.000000000000000000e+00,4.263366460800170898e-01
1.000000000000000000e+00,4.203010797500610352e-01
1.000000000000000000e+00,4.697778224945068359e-01
1.000000000000000000e+00,3.861798644065856934e-01
1.000000000000000000e+00,3.902173340320587158e-01
1.000000000000000000e+00,4.817515015602111816e-01
1.000000000000000000e+00,4.402364492416381836e-01
1.000000000000000000e+00,4.104301929473876953e-01
1.000000000000000000e+00,4.243635535240173340e-01
1.000000000000000000e+00,4.010935425758361816e-01
1.000000000000000000e+00,4.586142897605895996e-01
1.000000000000000000e+00,4.661366939544677734e-01
1.000000000000000000e+00,4.213689863681793213e-01
1.000000000000000000e+00,3.967230021953582764e-01
1.000000000000000000e+00,3.970612287521362305e-01
1.000000000000000000e+00,3.842687010765075684e-01
1.000000000000000000e+00,4.412213265895843506e-01
1.000000000000000000e+00,4.085918664932250977e-01
1.000000000000000000e+00,4.310340285301208496e-01
1.000000000000000000e+00,4.952328503131866455e-01
1.000000000000000000e+00,3.522074818611145020e-01
1.000000000000000000e+00,4.113951921463012695e-01
1.000000000000000000e+00,3.490428924560546875e-01
1.000000000000000000e+00,3.874721527099609375e-01
1.000000000000000000e+00,3.814714252948760986e-01
1.000000000000000000e+00,4.019106328487396240e-01
1.000000000000000000e+00,4.125466644763946533e-01
1.000000000000000000e+00,4.230133295059204102e-01
1.000000000000000000e+00,5.121313333511352539e-01
1.000000000000000000e+00,4.287812113761901855e-01
1.000000000000000000e+00,4.384872913360595703e-01
1.000000000000000000e+00,4.078086018562316895e-01
1.000000000000000000e+00,3.953604698181152344e-01
1.000000000000000000e+00,3.993759751319885254e-01
1.000000000000000000e+00,3.884440660476684570e-01
1.000000000000000000e+00,3.735258877277374268e-01
1.000000000000000000e+00,4.220690429210662842e-01
1.000000000000000000e+00,3.824062943458557129e-01
1.000000000000000000e+00,3.977680802345275879e-01
1.000000000000000000e+00,3.897316455841064453e-01
1.000000000000000000e+00,4.849215447902679443e-01
1.000000000000000000e+00,5.079501867294311523e-01
1.000000000000000000e+00,3.723701536655426025e-01
1.000000000000000000e+00,3.824303746223449707e-01
1.000000000000000000e+00,3.842273056507110596e-01
1.000000000000000000e+00,3.985978960990905762e-01
1.000000000000000000e+00,4.195344746112823486e-01
1.000000000000000000e+00,4.750049114227294922e-01
1.000000000000000000e+00,4.319241046905517578e-01
1.000000000000000000e+00,3.953058421611785889e-01
1.000000000000000000e+00,4.218778610229492188e-01
1.000000000000000000e+00,4.389370083808898926e-01
1.000000000000000000e+00,3.512178063392639160e-01
1.000000000000000000e+00,4.001770615577697754e-01
1.000000000000000000e+00,4.704434871673583984e-01
1.000000000000000000e+00,3.856747150421142578e-01
1.000000000000000000e+00,3.485620021820068359e-01
1.000000000000000000e+00,4.213023781776428223e-01
1.000000000000000000e+00,3.044682741165161133e-01
1.000000000000000000e+00,4.229224622249603271e-01
1.000000000000000000e+00,4.757902324199676514e-01
1.000000000000000000e+00,3.868360817432403564e-01
1.000000000000000000e+00,4.193713665008544922e-01
1.000000000000000000e+00,4.080760776996612549e-01
1.000000000000000000e+00,3.628999888896942139e-01
1.000000000000000000e+00,4.296647906303405762e-01
1.000000000000000000e+00,4.541231691837310791e-01
1.000000000000000000e+00,3.962617814540863037e-01
1.000000000000000000e+00,4.026323854923248291e-01
1.000000000000000000e+00,4.017264544963836670e-01
1.000000000000000000e+00,4.318032860755920410e-01
1.000000000000000000e+00,4.033616781234741211e-01
1.000000000000000000e+00,4.376612901687622070e-01
1.000000000000000000e+00,4.286593496799468994e-01
1.000000000000000000e+00,3.786585330963134766e-01
1.000000000000000000e+00,3.965381085872650146e-01
1.000000000000000000e+00,4.532448053359985352e-01
1.000000000000000000e+00,4.085295200347900391e-01
1.000000000000000000e+00,5.157064199447631836e-01
1.000000000000000000e+00,4.164845347404479980e-01
1.000000000000000000e+00,5.007007718086242676e-01
1.000000000000000000e+00,3.747041821479797363e-01
1.000000000000000000e+00,4.651814699172973633e-01
1.000000000000000000e+00,4.673529863357543945e-01
1.000000000000000000e+00,3.896074891090393066e-01
1.000000000000000000e+00,5.101168155670166016e-01
1.000000000000000000e+00,4.314130544662475586e-01
1.000000000000000000e+00,4.072476029396057129e-01
1.000000000000000000e+00,4.428572058677673340e-01
1.000000000000000000e+00,3.544061183929443359e-01
1.000000000000000000e+00,3.536382317543029785e-01
1.000000000000000000e+00,4.314874410629272461e-01
1.000000000000000000e+00,4.612437486648559570e-01
1.000000000000000000e+00,4.848614931106567383e-01
1.000000000000000000e+00,4.483518600463867188e-01
1.000000000000000000e+00,4.551603496074676514e-01
1.000000000000000000e+00,4.520351290702819824e-01
1.000000000000000000e+00,3.845999836921691895e-01
1.000000000000000000e+00,3.949015140533447266e-01
1.000000000000000000e+00,4.354689717292785645e-01
1.000000000000000000e+00,4.211193323135375977e-01
1.000000000000000000e+00,4.019595384597778320e-01
1.000000000000000000e+00,4.197480380535125732e-01
1.000000000000000000e+00,4.587544500827789307e-01
1.000000000000000000e+00,4.030163288116455078e-01
1.000000000000000000e+00,4.680835604667663574e-01
1.000000000000000000e+00,4.646582007408142090e-01
1.000000000000000000e+00,4.351394474506378174e-01
1.000000000000000000e+00,3.847029805183410645e-01
1.000000000000000000e+00,3.486496508121490479e-01
1.000000000000000000e+00,4.049389958381652832e-01
1.000000000000000000e+00,4.200494587421417236e-01
1.000000000000000000e+00,4.259578585624694824e-01
1.000000000000000000e+00,5.589570403099060059e-01
1.000000000000000000e+00,4.112483859062194824e-01
1.000000000000000000e+00,5.454216003417968750e-01
1.000000000000000000e+00,4.668563008308410645e-01
1.000000000000000000e+00,4.447372555732727051e-01
1.000000000000000000e+00,3.990226984024047852e-01
1.000000000000000000e+00,4.588087499141693115e-01
1.000000000000000000e+00,4.154374003410339355e-01
1.000000000000000000e+00,3.732880949974060059e-01
1.000000000000000000e+00,3.265487253665924072e-01
1.000000000000000000e+00,4.193314611911773682e-01
1.000000000000000000e+00,4.326061010360717773e-01
1.000000000000000000e+00,4.106856286525726318e-01
1.000000000000000000e+00,3.726874887943267822e-01
1.000000000000000000e+00,4.742055833339691162e-01
1.000000000000000000e+00,4.022176861763000488e-01
1.000000000000000000e+00,3.851501643657684326e-01
1.000000000000000000e+00,4.990368783473968506e-01
1.000000000000000000e+00,4.098455607891082764e-01
1.000000000000000000e+00,4.173304438591003418e-01
1.000000000000000000e+00,4.685712158679962158e-01
1.000000000000000000e+00,3.871728181838989258e-01
1.000000000000000000e+00,5.086210966110229492e-01
1.000000000000000000e+00,3.456415235996246338e-01
1.000000000000000000e+00,4.500877559185028076e-01
1.000000000000000000e+00,4.808372855186462402e-01
1.000000000000000000e+00,3.801381587982177734e-01
1.000000000000000000e+00,4.660100638866424561e-01
1.000000000000000000e+00,4.289871454238891602e-01
1.000000000000000000e+00,4.087152481079101562e-01
1.000000000000000000e+00,4.931577444076538086e-01
1.000000000000000000e+00,4.165709614753723145e-01
1.000000000000000000e+00,4.697285294532775879e-01
1.000000000000000000e+00,4.096474647521972656e-01
1.000000000000000000e+00,4.939475357532501221e-01
1.000000000000000000e+00,4.227427244186401367e-01
1.000000000000000000e+00,3.025750517845153809e-01
1.000000000000000000e+00,4.002858400344848633e-01
1.000000000000000000e+00,3.641372025012969971e-01
1.000000000000000000e+00,4.463160037994384766e-01
1.000000000000000000e+00,4.795773327350616455e-01
1.000000000000000000e+00,4.463160932064056396e-01
1.000000000000000000e+00,4.181196987628936768e-01
1.000000000000000000e+00,4.139539897441864014e-01
1.000000000000000000e+00,4.617889523506164551e-01
1.000000000000000000e+00,4.009266495704650879e-01
1.000000000000000000e+00,4.110349416732788086e-01
1.000000000000000000e+00,4.114361107349395752e-01
1.000000000000000000e+00,3.821471631526947021e-01
1.000000000000000000e+00,3.635807037353515625e-01
1.000000000000000000e+00,5.650118589401245117e-01
1.000000000000000000e+00,3.570634424686431885e-01
1.000000000000000000e+00,3.580608963966369629e-01
1.000000000000000000e+00,4.519693553447723389e-01
1.000000000000000000e+00,3.499069213867187500e-01
1.000000000000000000e+00,4.355791211128234863e-01
1.000000000000000000e+00,4.305661320686340332e-01
1.000000000000000000e+00,5.253623723983764648e-01
1.000000000000000000e+00,4.968421459197998047e-01
1.000000000000000000e+00,4.502888321876525879e-01
1.000000000000000000e+00,4.348927736282348633e-01
1.000000000000000000e+00,3.571743071079254150e-01
1.000000000000000000e+00,4.631956815719604492e-01
1.000000000000000000e+00,4.238252341747283936e-01
1.000000000000000000e+00,4.521727859973907471e-01
1.000000000000000000e+00,4.507215023040771484e-01
1.000000000000000000e+00,4.306484758853912354e-01
1.000000000000000000e+00,3.554592132568359375e-01
1.000000000000000000e+00,4.007983803749084473e-01
1.000000000000000000e+00,3.986803293228149414e-01
1.000000000000000000e+00,4.372282624244689941e-01
1.000000000000000000e+00,3.904032707214355469e-01
1.000000000000000000e+00,4.490391612052917480e-01
1.000000000000000000e+00,4.095250368118286133e-01
1.000000000000000000e+00,4.511874914169311523e-01
1.000000000000000000e+00,4.519563913345336914e-01
1.000000000000000000e+00,4.534988999366760254e-01
1.000000000000000000e+00,3.959049284458160400e-01
1.000000000000000000e+00,4.854298830032348633e-01
1.000000000000000000e+00,3.867197036743164062e-01
1.000000000000000000e+00,3.951937556266784668e-01
1.000000000000000000e+00,3.594061136245727539e-01
1.000000000000000000e+00,3.486320972442626953e-01
1.000000000000000000e+00,4.083812236785888672e-01
1.000000000000000000e+00,4.443275034427642822e-01
1.000000000000000000e+00,4.475277960300445557e-01
1.000000000000000000e+00,4.222607612609863281e-01
1.000000000000000000e+00,4.103217720985412598e-01
1.000000000000000000e+00,5.038996934890747070e-01
1.000000000000000000e+00,4.005950093269348145e-01
1.000000000000000000e+00,4.726391732692718506e-01
1.000000000000000000e+00,4.665529131889343262e-01
1.000000000000000000e+00,3.828263282775878906e-01
1.000000000000000000e+00,3.837065100669860840e-01
1.000000000000000000e+00,3.893019556999206543e-01
1.000000000000000000e+00,4.141070246696472168e-01
1.000000000000000000e+00,3.776545524597167969e-01
1.000000000000000000e+00,4.705547094345092773e-01
1.000000000000000000e+00,4.987915754318237305e-01
1.000000000000000000e+00,4.449113309383392334e-01
1.000000000000000000e+00,4.868843257427215576e-01
1.000000000000000000e+00,4.314411282539367676e-01
1.000000000000000000e+00,3.639150559902191162e-01
1.000000000000000000e+00,4.690124690532684326e-01
1.000000000000000000e+00,4.891192018985748291e-01
1.000000000000000000e+00,4.575941264629364014e-01
1.000000000000000000e+00,4.356275200843811035e-01
1.000000000000000000e+00,4.708954691886901855e-01
1.000000000000000000e+00,3.959270417690277100e-01
1.000000000000000000e+00,4.564942717552185059e-01
1.000000000000000000e+00,5.122483372688293457e-01
1.000000000000000000e+00,4.970626831054687500e-01
1.000000000000000000e+00,4.578412473201751709e-01
1.000000000000000000e+00,3.886977434158325195e-01
1.000000000000000000e+00,4.398410618305206299e-01
1.000000000000000000e+00,4.293156564235687256e-01
1.000000000000000000e+00,3.745377659797668457e-01
1.000000000000000000e+00,4.086778163909912109e-01
1.000000000000000000e+00,3.476314246654510498e-01
1.000000000000000000e+00,3.769755363464355469e-01
1.000000000000000000e+00,4.490359723567962646e-01
1.000000000000000000e+00,4.493658840656280518e-01
1.000000000000000000e+00,4.535250663757324219e-01
1.000000000000000000e+00,4.604122042655944824e-01
1.000000000000000000e+00,3.554841876029968262e-01
1.000000000000000000e+00,4.118778705596923828e-01
1.000000000000000000e+00,3.915382027626037598e-01
1.000000000000000000e+00,4.089265465736389160e-01
1.000000000000000000e+00,3.752016127109527588e-01
1.000000000000000000e+00,3.720872998237609863e-01
1.000000000000000000e+00,4.146320223808288574e-01
1.000000000000000000e+00,3.684838712215423584e-01
1.000000000000000000e+00,4.233163595199584961e-01
1.000000000000000000e+00,3.830628395080566406e-01
1.000000000000000000e+00,4.494560360908508301e-01
1.000000000000000000e+00,4.721353054046630859e-01
1.000000000000000000e+00,3.852943181991577148e-01
1.000000000000000000e+00,4.402270913124084473e-01
1.000000000000000000e+00,4.948984384536743164e-01
1.000000000000000000e+00,2.909845113754272461e-01
1.000000000000000000e+00,4.447975456714630127e-01
1.000000000000000000e+00,4.128832221031188965e-01
1.000000000000000000e+00,4.467563033103942871e-01
1.000000000000000000e+00,4.182915091514587402e-01
1.000000000000000000e+00,3.967364430427551270e-01
1.000000000000000000e+00,4.160973131656646729e-01
1.000000000000000000e+00,3.605810999870300293e-01
1.000000000000000000e+00,5.171325206756591797e-01
1.000000000000000000e+00,4.541674256324768066e-01
1.000000000000000000e+00,3.640176057815551758e-01
1.000000000000000000e+00,4.209389984607696533e-01
1.000000000000000000e+00,3.713193535804748535e-01
1.000000000000000000e+00,3.713842928409576416e-01
1.000000000000000000e+00,4.246857166290283203e-01
1.000000000000000000e+00,4.110756814479827881e-01
1.000000000000000000e+00,4.632517099380493164e-01
1.000000000000000000e+00,5.269644260406494141e-01
1.000000000000000000e+00,4.121070504188537598e-01
1.000000000000000000e+00,4.937149286270141602e-01
1.000000000000000000e+00,4.547700285911560059e-01
1.000000000000000000e+00,4.434719979763031006e-01
1.000000000000000000e+00,4.168181419372558594e-01
1.000000000000000000e+00,3.705253005027770996e-01
1.000000000000000000e+00,3.951645493507385254e-01
1.000000000000000000e+00,4.353111684322357178e-01
1.000000000000000000e+00,4.438663125038146973e-01
1.000000000000000000e+00,3.895294070243835449e-01
1.000000000000000000e+00,5.492172241210937500e-01
1.000000000000000000e+00,4.457936882972717285e-01
1.000000000000000000e+00,4.501461982727050781e-01
1.000000000000000000e+00,4.661514759063720703e-01
1.000000000000000000e+00,4.102071821689605713e-01
1.000000000000000000e+00,5.325855016708374023e-01
1.000000000000000000e+00,4.967122673988342285e-01
1.000000000000000000e+00,4.615602791309356689e-01
1.000000000000000000e+00,4.375276565551757812e-01
1.000000000000000000e+00,4.333272576332092285e-01
1.000000000000000000e+00,4.512897133827209473e-01
1.000000000000000000e+00,5.552324056625366211e-01
1.000000000000000000e+00,4.718432426452636719e-01
1.000000000000000000e+00,4.543174505233764648e-01
1.000000000000000000e+00,6.072632074356079102e-01
1.000000000000000000e+00,3.896244764328002930e-01
1.000000000000000000e+00,4.332047104835510254e-01
1.000000000000000000e+00,3.898748755455017090e-01
1.000000000000000000e+00,4.655088782310485840e-01
1.000000000000000000e+00,3.911340832710266113e-01
1.000000000000000000e+00,4.173976182937622070e-01
1.000000000000000000e+00,3.413327932357788086e-01
1.000000000000000000e+00,4.611656367778778076e-01
1.000000000000000000e+00,3.928546905517578125e-01
1.000000000000000000e+00,3.957043886184692383e-01
1.000000000000000000e+00,4.628999531269073486e-01
1.000000000000000000e+00,4.096272587776184082e-01
1.000000000000000000e+00,4.407925009727478027e-01
1.000000000000000000e+00,3.645164370536804199e-01
1.000000000000000000e+00,3.686239421367645264e-01
1.000000000000000000e+00,4.087234139442443848e-01
1.000000000000000000e+00,3.718903362751007080e-01
1.000000000000000000e+00,4.189779162406921387e-01
1.000000000000000000e+00,4.485344588756561279e-01
1.000000000000000000e+00,3.827198743820190430e-01
1.000000000000000000e+00,3.853231370449066162e-01
1.000000000000000000e+00,4.145861566066741943e-01
1.000000000000000000e+00,3.346616625785827637e-01
1.000000000000000000e+00,3.858661651611328125e-01
1.000000000000000000e+00,3.593887984752655029e-01
1.000000000000000000e+00,3.842260241508483887e-01
1.000000000000000000e+00,5.093964338302612305e-01
1.000000000000000000e+00,3.896687924861907959e-01
1.000000000000000000e+00,4.509283602237701416e-01
1.000000000000000000e+00,4.459671974182128906e-01
1.000000000000000000e+00,3.401532173156738281e-01
1.000000000000000000e+00,3.759530782699584961e-01
1.000000000000000000e+00,4.570636153221130371e-01
1.000000000000000000e+00,4.941818118095397949e-01
1.000000000000000000e+00,3.208382129669189453e-01
1.000000000000000000e+00,4.760220050811767578e-01
1.000000000000000000e+00,4.517289102077484131e-01
1.000000000000000000e+00,4.483657181262969971e-01
1.000000000000000000e+00,4.505735337734222412e-01
1.000000000000000000e+00,4.306455850601196289e-01
1.000000000000000000e+00,4.847393333911895752e-01
1.000000000000000000e+00,4.228782653808593750e-01
1.000000000000000000e+00,3.483643531799316406e-01
1.000000000000000000e+00,4.460293650627136230e-01
1.000000000000000000e+00,4.096569418907165527e-01
1.000000000000000000e+00,4.575905203819274902e-01
1.000000000000000000e+00,4.404648542404174805e-01
1.000000000000000000e+00,3.926129341125488281e-01
1.000000000000000000e+00,4.469840824604034424e-01
1.000000000000000000e+00,4.379379749298095703e-01
1.000000000000000000e+00,4.344268441200256348e-01
1.000000000000000000e+00,5.439415574073791504e-01
1.000000000000000000e+00,4.063715040683746338e-01
1.000000000000000000e+00,3.697814345359802246e-01
1.000000000000000000e+00,4.166277348995208740e-01
1.000000000000000000e+00,3.956675529479980469e-01
1.000000000000000000e+00,4.309870302677154541e-01
1.000000000000000000e+00,4.193240106105804443e-01
1.000000000000000000e+00,4.041499495506286621e-01
1.000000000000000000e+00,3.877217471599578857e-01
1.000000000000000000e+00,3.953745365142822266e-01
1.000000000000000000e+00,4.325827062129974365e-01
1.000000000000000000e+00,4.046825170516967773e-01
1.000000000000000000e+00,3.976184129714965820e-01
1.000000000000000000e+00,4.095273017883300781e-01
1.000000000000000000e+00,4.194470047950744629e-01
1.000000000000000000e+00,3.723648786544799805e-01
1.000000000000000000e+00,4.711547493934631348e-01
1.000000000000000000e+00,4.731895625591278076e-01
1.000000000000000000e+00,4.203374683856964111e-01
1.000000000000000000e+00,3.961975276470184326e-01
1.000000000000000000e+00,3.715955615043640137e-01
1.000000000000000000e+00,4.567813277244567871e-01
1.000000000000000000e+00,3.907511532306671143e-01
1.000000000000000000e+00,3.848960101604461670e-01
1.000000000000000000e+00,3.443918526172637939e-01
1.000000000000000000e+00,4.452439844608306885e-01
1.000000000000000000e+00,4.381456971168518066e-01
1.000000000000000000e+00,4.037575721740722656e-01
1.000000000000000000e+00,4.248099327087402344e-01
1.000000000000000000e+00,5.287411808967590332e-01
1.000000000000000000e+00,4.831651449203491211e-01
1.000000000000000000e+00,4.104307889938354492e-01
1.000000000000000000e+00,4.624512791633605957e-01
1.000000000000000000e+00,4.515624642372131348e-01
1.000000000000000000e+00,4.918008446693420410e-01
1.000000000000000000e+00,4.837495982646942139e-01
1.000000000000000000e+00,4.549167752265930176e-01
1.000000000000000000e+00,3.754095435142517090e-01
1.000000000000000000e+00,4.106840491294860840e-01
1.000000000000000000e+00,3.761402368545532227e-01
1.000000000000000000e+00,3.496472239494323730e-01
1.000000000000000000e+00,4.551613330841064453e-01
1.000000000000000000e+00,3.567273020744323730e-01
1.000000000000000000e+00,3.627399206161499023e-01
1.000000000000000000e+00,3.633017539978027344e-01
1.000000000000000000e+00,5.734641551971435547e-01
1.000000000000000000e+00,5.212247371673583984e-01
1.000000000000000000e+00,4.324403405189514160e-01
1.000000000000000000e+00,4.254254400730133057e-01
1.000000000000000000e+00,4.208578765392303467e-01
1.000000000000000000e+00,3.476133942604064941e-01
1.000000000000000000e+00,3.633083105087280273e-01
1.000000000000000000e+00,3.751869797706604004e-01
1.000000000000000000e+00,4.087118804454803467e-01
1.000000000000000000e+00,4.132020771503448486e-01
1.000000000000000000e+00,4.356911182403564453e-01
1.000000000000000000e+00,4.845621585845947266e-01
1.000000000000000000e+00,3.819658756256103516e-01
1.000000000000000000e+00,3.402310907840728760e-01
1.000000000000000000e+00,3.746084570884704590e-01
1.000000000000000000e+00,3.966405987739562988e-01
1.000000000000000000e+00,4.393240809440612793e-01
1.000000000000000000e+00,4.122316837310791016e-01
1.000000000000000000e+00,4.836050271987915039e-01
1.000000000000000000e+00,3.656187653541564941e-01
1.000000000000000000e+00,4.823361635208129883e-01
1.000000000000000000e+00,3.623906373977661133e-01
1.000000000000000000e+00,4.022050499916076660e-01
1.000000000000000000e+00,4.133432507514953613e-01
1.000000000000000000e+00,4.143066406250000000e-01
1.000000000000000000e+00,4.887208938598632812e-01
1.000000000000000000e+00,2.930436432361602783e-01
1.000000000000000000e+00,4.349103271961212158e-01
1.000000000000000000e+00,4.026218652725219727e-01
1.000000000000000000e+00,4.366471171379089355e-01
1.000000000000000000e+00,4.818187952041625977e-01
1.000000000000000000e+00,4.620237946510314941e-01
1.000000000000000000e+00,4.096985757350921631e-01
1.000000000000000000e+00,5.298596620559692383e-01
1.000000000000000000e+00,3.989952802658081055e-01
1.000000000000000000e+00,3.640522062778472900e-01
1.000000000000000000e+00,4.700645804405212402e-01
1.000000000000000000e+00,4.384818375110626221e-01
1.000000000000000000e+00,3.702999651432037354e-01
1.000000000000000000e+00,4.384350776672363281e-01
1.000000000000000000e+00,3.918495178222656250e-01
1.000000000000000000e+00,3.811340630054473877e-01
1.000000000000000000e+00,3.707616329193115234e-01
1.000000000000000000e+00,4.398283958435058594e-01
1.000000000000000000e+00,3.944673538208007812e-01
1.000000000000000000e+00,4.046937823295593262e-01
1.000000000000000000e+00,4.443688392639160156e-01
1.000000000000000000e+00,4.208657443523406982e-01
1.000000000000000000e+00,4.604735672473907471e-01
1.000000000000000000e+00,4.637976288795471191e-01
1.000000000000000000e+00,4.299195408821105957e-01
1.000000000000000000e+00,4.016326069831848145e-01
1.000000000000000000e+00,4.201954305171966553e-01
1.000000000000000000e+00,3.873798847198486328e-01
1.000000000000000000e+00,4.615918993949890137e-01
1.000000000000000000e+00,4.115533232688903809e-01
1.000000000000000000e+00,5.169706940650939941e-01
1.000000000000000000e+00,4.437321126461029053e-01
1.000000000000000000e+00,4.325643181800842285e-01
1.000000000000000000e+00,4.970045089721679688e-01
1.000000000000000000e+00,4.425849616527557373e-01
1.000000000000000000e+00,4.848118424415588379e-01
1.000000000000000000e+00,4.440353810787200928e-01
1.000000000000000000e+00,4.805231094360351562e-01
1.000000000000000000e+00,4.284909069538116455e-01
1.000000000000000000e+00,4.494771361351013184e-01
1.000000000000000000e+00,4.263304471969604492e-01
1.000000000000000000e+00,5.101497173309326172e-01
1.000000000000000000e+00,3.943789005279541016e-01
1.000000000000000000e+00,4.285508096218109131e-01
1.000000000000000000e+00,4.589588642120361328e-01
1.000000000000000000e+00,3.755137920379638672e-01
1.000000000000000000e+00,4.256959557533264160e-01
1.000000000000000000e+00,3.873346447944641113e-01
1.000000000000000000e+00,4.244306981563568115e-01
1.000000000000000000e+00,3.386463224887847900e-01
1.000000000000000000e+00,4.030413925647735596e-01
1.000000000000000000e+00,4.155822694301605225e-01
1.000000000000000000e+00,4.204515814781188965e-01
1.000000000000000000e+00,4.555103480815887451e-01
1.000000000000000000e+00,4.567834436893463135e-01
1.000000000000000000e+00,4.604503810405731201e-01
1.000000000000000000e+00,3.596208095550537109e-01
1.000000000000000000e+00,3.893955945968627930e-01
1.000000000000000000e+00,4.372276663780212402e-01
1.000000000000000000e+00,4.086179733276367188e-01
1.000000000000000000e+00,3.752539753913879395e-01
1.000000000000000000e+00,4.012424647808074951e-01
1.000000000000000000e+00,4.091713428497314453e-01
1.000000000000000000e+00,4.446170926094055176e-01
1.000000000000000000e+00,3.452313244342803955e-01
1.000000000000000000e+00,3.977981805801391602e-01
1.000000000000000000e+00,5.030862092971801758e-01
1.000000000000000000e+00,4.390963315963745117e-01
1.000000000000000000e+00,4.775270223617553711e-01
1.000000000000000000e+00,4.259177148342132568e-01
1.000000000000000000e+00,4.008824825286865234e-01
1.000000000000000000e+00,4.576240479946136475e-01
1.000000000000000000e+00,4.068922996520996094e-01
1.000000000000000000e+00,4.189417958259582520e-01
1.000000000000000000e+00,4.480659067630767822e-01
1.000000000000000000e+00,3.830011188983917236e-01
1.000000000000000000e+00,3.861289024353027344e-01
1.000000000000000000e+00,3.747111558914184570e-01
1.000000000000000000e+00,3.606241941452026367e-01
1.000000000000000000e+00,4.091498255729675293e-01
1.000000000000000000e+00,3.536550402641296387e-01
1.000000000000000000e+00,4.040850400924682617e-01
1.000000000000000000e+00,4.906706809997558594e-01
1.000000000000000000e+00,4.768550992012023926e-01
1.000000000000000000e+00,4.575049877166748047e-01
1.000000000000000000e+00,4.957517981529235840e-01
1.000000000000000000e+00,4.848667383193969727e-01
1.000000000000000000e+00,4.109794497489929199e-01
1.000000000000000000e+00,3.842355310916900635e-01
1.000000000000000000e+00,4.162481427192687988e-01
1.000000000000000000e+00,3.962807655334472656e-01
1.000000000000000000e+00,4.440742731094360352e-01
1.000000000000000000e+00,3.659849762916564941e-01
1.000000000000000000e+00,4.582433998584747314e-01
1.000000000000000000e+00,4.526945054531097412e-01
1.000000000000000000e+00,4.567925333976745605e-01
1.000000000000000000e+00,4.510198235511779785e-01
1.000000000000000000e+00,4.424226284027099609e-01
1.000000000000000000e+00,4.141348004341125488e-01
1.000000000000000000e+00,4.946242272853851318e-01
1.000000000000000000e+00,4.430784285068511963e-01
1.000000000000000000e+00,4.412657618522644043e-01
1.000000000000000000e+00,4.634515047073364258e-01
1.000000000000000000e+00,3.932169079780578613e-01
1.000000000000000000e+00,3.998175561428070068e-01
1.000000000000000000e+00,4.430418312549591064e-01
1.000000000000000000e+00,4.716754555702209473e-01
1.000000000000000000e+00,5.602079629898071289e-01
1.000000000000000000e+00,3.930023610591888428e-01
1.000000000000000000e+00,3.686501383781433105e-01
1.000000000000000000e+00,4.565162658691406250e-01
1.000000000000000000e+00,4.411392807960510254e-01
1.000000000000000000e+00,3.395044803619384766e-01
1.000000000000000000e+00,3.712760806083679199e-01
1.000000000000000000e+00,4.530863761901855469e-01
1.000000000000000000e+00,3.839707970619201660e-01
1.000000000000000000e+00,4.426115751266479492e-01
1.000000000000000000e+00,3.357383310794830322e-01
1.000000000000000000e+00,4.554315805435180664e-01
1.000000000000000000e+00,4.225818216800689697e-01
1.000000000000000000e+00,3.873427212238311768e-01
1.000000000000000000e+00,5.268387198448181152e-01
1.000000000000000000e+00,4.148238301277160645e-01
1.000000000000000000e+00,4.443131685256958008e-01
1.000000000000000000e+00,4.103751480579376221e-01
1.000000000000000000e+00,4.461376368999481201e-01
1.000000000000000000e+00,5.056188106536865234e-01
1.000000000000000000e+00,4.223672747611999512e-01
1.000000000000000000e+00,4.427323937416076660e-01
1.000000000000000000e+00,4.358443319797515869e-01
1.000000000000000000e+00,4.424870312213897705e-01
1.000000000000000000e+00,4.153327345848083496e-01
1.000000000000000000e+00,3.955677151679992676e-01
1.000000000000000000e+00,3.680546283721923828e-01
1.000000000000000000e+00,4.542341232299804688e-01
1.000000000000000000e+00,4.272725284099578857e-01
1.000000000000000000e+00,3.913534581661224365e-01
1.000000000000000000e+00,4.175197482109069824e-01
1.000000000000000000e+00,3.652649521827697754e-01
1.000000000000000000e+00,4.146296381950378418e-01
1.000000000000000000e+00,4.514530003070831299e-01
1.000000000000000000e+00,4.027425944805145264e-01
1.000000000000000000e+00,5.397933721542358398e-01
1.000000000000000000e+00,4.408971369266510010e-01
1.000000000000000000e+00,4.228802919387817383e-01
1.000000000000000000e+00,4.570805430412292480e-01
1.000000000000000000e+00,3.726728558540344238e-01
1.000000000000000000e+00,4.414854943752288818e-01
1.000000000000000000e+00,4.403517842292785645e-01
1.000000000000000000e+00,3.983178138732910156e-01
1.000000000000000000e+00,4.601908922195434570e-01
1.000000000000000000e+00,4.088275432586669922e-01
1.000000000000000000e+00,3.931077122688293457e-01
1.000000000000000000e+00,4.832324981689453125e-01
1.000000000000000000e+00,4.585085511207580566e-01
1.000000000000000000e+00,4.239686727523803711e-01
1.000000000000000000e+00,4.421932697296142578e-01
1.000000000000000000e+00,3.863323330879211426e-01
1.000000000000000000e+00,4.491637349128723145e-01
1.000000000000000000e+00,3.790751993656158447e-01
1.000000000000000000e+00,3.732256591320037842e-01
1.000000000000000000e+00,4.690685272216796875e-01
1.000000000000000000e+00,4.088045358657836914e-01
1.000000000000000000e+00,5.299752950668334961e-01
1.000000000000000000e+00,4.344392418861389160e-01
1.000000000000000000e+00,4.457791447639465332e-01
1.000000000000000000e+00,4.413821697235107422e-01
1.000000000000000000e+00,4.516853690147399902e-01
1.000000000000000000e+00,4.948195815086364746e-01
1.000000000000000000e+00,4.415027499198913574e-01
1.000000000000000000e+00,4.493733644485473633e-01
1.000000000000000000e+00,4.719471931457519531e-01
1.000000000000000000e+00,4.592199921607971191e-01
1.000000000000000000e+00,4.783882200717926025e-01
1.000000000000000000e+00,4.720641970634460449e-01
1.000000000000000000e+00,3.856745660305023193e-01
1.000000000000000000e+00,3.828679919242858887e-01
1.000000000000000000e+00,3.854702115058898926e-01
1.000000000000000000e+00,3.691349029541015625e-01
1.000000000000000000e+00,4.679644405841827393e-01
1.000000000000000000e+00,3.582438528537750244e-01
1.000000000000000000e+00,4.422374367713928223e-01
1.000000000000000000e+00,3.660694360733032227e-01
1.000000000000000000e+00,4.252355694770812988e-01
1.000000000000000000e+00,3.557746112346649170e-01
1.000000000000000000e+00,4.322421550750732422e-01
1.000000000000000000e+00,4.824361801147460938e-01
1.000000000000000000e+00,4.506370127201080322e-01
1.000000000000000000e+00,4.182014763355255127e-01
1.000000000000000000e+00,3.963792920112609863e-01
1.000000000000000000e+00,3.700788617134094238e-01
1.000000000000000000e+00,3.714560568332672119e-01
1.000000000000000000e+00,4.254119992256164551e-01
1.000000000000000000e+00,3.844963610172271729e-01
1.000000000000000000e+00,4.092631638050079346e-01
1.000000000000000000e+00,3.847379982471466064e-01
1.000000000000000000e+00,3.494797646999359131e-01
1.000000000000000000e+00,3.945305347442626953e-01
1.000000000000000000e+00,4.078787565231323242e-01
1.000000000000000000e+00,4.229739606380462646e-01
1.000000000000000000e+00,3.515347838401794434e-01
1.000000000000000000e+00,4.065479636192321777e-01
1.000000000000000000e+00,4.051559269428253174e-01
1.000000000000000000e+00,3.938156366348266602e-01
1.000000000000000000e+00,3.746966421604156494e-01
1.000000000000000000e+00,4.646285474300384521e-01
1.000000000000000000e+00,4.445030987262725830e-01
1.000000000000000000e+00,4.330700933933258057e-01
1.000000000000000000e+00,4.000304341316223145e-01
1.000000000000000000e+00,4.540881812572479248e-01
1.000000000000000000e+00,3.642957806587219238e-01
1.000000000000000000e+00,3.602296710014343262e-01
1.000000000000000000e+00,4.025208950042724609e-01
1.000000000000000000e+00,4.275802373886108398e-01
1.000000000000000000e+00,5.001637339591979980e-01
1.000000000000000000e+00,3.451363444328308105e-01
1.000000000000000000e+00,4.563945531845092773e-01
1.000000000000000000e+00,3.744390606880187988e-01
1.000000000000000000e+00,4.668733477592468262e-01
1.000000000000000000e+00,4.634824097156524658e-01
1.000000000000000000e+00,4.874430298805236816e-01
1.000000000000000000e+00,4.577430486679077148e-01
1.000000000000000000e+00,3.955328464508056641e-01
1.000000000000000000e+00,3.813387453556060791e-01
1.000000000000000000e+00,3.861832618713378906e-01
1.000000000000000000e+00,4.569841325283050537e-01
1.000000000000000000e+00,4.174301922321319580e-01
1.000000000000000000e+00,4.577105045318603516e-01
1.000000000000000000e+00,3.465492129325866699e-01
1.000000000000000000e+00,4.766301512718200684e-01
1.000000000000000000e+00,4.667414426803588867e-01
1.000000000000000000e+00,3.809089660644531250e-01
1.000000000000000000e+00,4.223210811614990234e-01
1.000000000000000000e+00,3.688536882400512695e-01
1.000000000000000000e+00,4.270018637180328369e-01
1.000000000000000000e+00,4.822723269462585449e-01
1.000000000000000000e+00,4.134651422500610352e-01
1.000000000000000000e+00,4.673188924789428711e-01
1.000000000000000000e+00,4.809881746768951416e-01
1.000000000000000000e+00,4.342114925384521484e-01
1.000000000000000000e+00,4.610586762428283691e-01
1.000000000000000000e+00,4.123318195343017578e-01
1.000000000000000000e+00,4.072372317314147949e-01
1.000000000000000000e+00,4.392494261264801025e-01
1.000000000000000000e+00,3.704735636711120605e-01
1.000000000000000000e+00,3.915692865848541260e-01
1.000000000000000000e+00,3.771252930164337158e-01
1.000000000000000000e+00,3.750826716423034668e-01
1.000000000000000000e+00,5.194607973098754883e-01
1.000000000000000000e+00,4.520230293273925781e-01
1.000000000000000000e+00,4.377692341804504395e-01
1.000000000000000000e+00,4.156144559383392334e-01
1.000000000000000000e+00,4.873234927654266357e-01
1.000000000000000000e+00,4.459069371223449707e-01
1.000000000000000000e+00,5.154551863670349121e-01
1.000000000000000000e+00,4.650506675243377686e-01
1.000000000000000000e+00,4.521996378898620605e-01
1.000000000000000000e+00,4.762669801712036133e-01
1.000000000000000000e+00,3.976798355579376221e-01
1.000000000000000000e+00,4.388711452484130859e-01
1.000000000000000000e+00,4.387198090553283691e-01
1.000000000000000000e+00,3.557965457439422607e-01
1.000000000000000000e+00,4.594212174415588379e-01
1.000000000000000000e+00,4.491350352764129639e-01
1.000000000000000000e+00,4.058001637458801270e-01
1.000000000000000000e+00,3.689380288124084473e-01
1.000000000000000000e+00,4.266486465930938721e-01
1.000000000000000000e+00,4.039544463157653809e-01
1.000000000000000000e+00,4.450367093086242676e-01
1.000000000000000000e+00,4.411351084709167480e-01
1.000000000000000000e+00,4.640007615089416504e-01
1.000000000000000000e+00,4.481590390205383301e-01
1.000000000000000000e+00,3.626742660999298096e-01
1.000000000000000000e+00,4.789277911186218262e-01
1.000000000000000000e+00,4.626246094703674316e-01
1.000000000000000000e+00,4.021913111209869385e-01
1.000000000000000000e+00,4.551464915275573730e-01
1.000000000000000000e+00,3.981373310089111328e-01
1.000000000000000000e+00,4.037927389144897461e-01
1.000000000000000000e+00,3.983215987682342529e-01
1.000000000000000000e+00,3.933836817741394043e-01
1.000000000000000000e+00,3.938604593276977539e-01
1.000000000000000000e+00,3.655132651329040527e-01
1.000000000000000000e+00,4.273031651973724365e-01
1.000000000000000000e+00,4.390882849693298340e-01
1.000000000000000000e+00,4.670615494251251221e-01
1.000000000000000000e+00,4.370601177215576172e-01
1.000000000000000000e+00,3.868716657161712646e-01
1.000000000000000000e+00,5.259813070297241211e-01
1.000000000000000000e+00,4.133373796939849854e-01
1.000000000000000000e+00,4.656397700309753418e-01
1.000000000000000000e+00,4.488919079303741455e-01
1.000000000000000000e+00,3.669983446598052979e-01
1.000000000000000000e+00,4.245572984218597412e-01
1.000000000000000000e+00,3.931046128273010254e-01
1.000000000000000000e+00,4.603219926357269287e-01
1.000000000000000000e+00,4.184951782226562500e-01
1.000000000000000000e+00,4.920042455196380615e-01
1.000000000000000000e+00,3.217479884624481201e-01
1.000000000000000000e+00,4.292145967483520508e-01
1.000000000000000000e+00,3.855581581592559814e-01
1.000000000000000000e+00,3.953974246978759766e-01
1.000000000000000000e+00,4.437283277511596680e-01
1.000000000000000000e+00,4.570148289203643799e-01
1.000000000000000000e+00,4.240877926349639893e-01
1.000000000000000000e+00,3.483148217201232910e-01
1.000000000000000000e+00,4.692745804786682129e-01
1.000000000000000000e+00,3.853261470794677734e-01
1.000000000000000000e+00,4.598762392997741699e-01
1.000000000000000000e+00,3.534592986106872559e-01
1.000000000000000000e+00,3.821672797203063965e-01
1.000000000000000000e+00,4.885953068733215332e-01
1.000000000000000000e+00,3.839395940303802490e-01
1.000000000000000000e+00,5.067988634109497070e-01
1.000000000000000000e+00,4.972440600395202637e-01
1.000000000000000000e+00,4.089798927307128906e-01
1.000000000000000000e+00,3.966123461723327637e-01
1.000000000000000000e+00,3.737843334674835205e-01
1.000000000000000000e+00,4.738739132881164551e-01
1.000000000000000000e+00,3.401007056236267090e-01
1.000000000000000000e+00,3.852945864200592041e-01
1.000000000000000000e+00,3.814193010330200195e-01
1.000000000000000000e+00,4.916784763336181641e-01
1.000000000000000000e+00,4.750548005104064941e-01
1.000000000000000000e+00,4.742229580879211426e-01
1.000000000000000000e+00,4.717701673507690430e-01
1.000000000000000000e+00,4.301578104496002197e-01
1.000000000000000000e+00,4.024271070957183838e-01
1.000000000000000000e+00,4.476834535598754883e-01
1.000000000000000000e+00,4.106071591377258301e-01
1.000000000000000000e+00,4.612863063812255859e-01
1.000000000000000000e+00,4.435570240020751953e-01
1.000000000000000000e+00,4.405124783515930176e-01
1.000000000000000000e+00,3.977296352386474609e-01
1.000000000000000000e+00,4.489927887916564941e-01
1.000000000000000000e+00,4.433454871177673340e-01
1.000000000000000000e+00,4.314439594745635986e-01
1.000000000000000000e+00,4.108198881149291992e-01
1.000000000000000000e+00,3.567284345626831055e-01
1.000000000000000000e+00,3.828613162040710449e-01
1.000000000000000000e+00,3.570861220359802246e-01
1.000000000000000000e+00,4.452557265758514404e-01
1.000000000000000000e+00,4.368845522403717041e-01
1.000000000000000000e+00,5.234839916229248047e-01
1.000000000000000000e+00,4.480927586555480957e-01
1.000000000000000000e+00,3.537881970405578613e-01
1.000000000000000000e+00,3.557941317558288574e-01
1.000000000000000000e+00,4.278410673141479492e-01
1.000000000000000000e+00,3.972434401512145996e-01
1.000000000000000000e+00,4.377760887145996094e-01
1.000000000000000000e+00,3.969704508781433105e-01
1.000000000000000000e+00,3.801034688949584961e-01
1.000000000000000000e+00,3.642032146453857422e-01
1.000000000000000000e+00,4.026303887367248535e-01
1.000000000000000000e+00,4.079832434654235840e-01
1.000000000000000000e+00,4.639572501182556152e-01
1.000000000000000000e+00,4.033381640911102295e-01
1.000000000000000000e+00,5.044985413551330566e-01
1.000000000000000000e+00,3.572651147842407227e-01
1.000000000000000000e+00,3.794125020503997803e-01
1.000000000000000000e+00,4.549816250801086426e-01
1.000000000000000000e+00,4.958977103233337402e-01
1.000000000000000000e+00,3.978563845157623291e-01
1.000000000000000000e+00,2.983079850673675537e-01
1.000000000000000000e+00,4.146806895732879639e-01
1.000000000000000000e+00,3.738725185394287109e-01
1.000000000000000000e+00,3.977862000465393066e-01
1.000000000000000000e+00,4.302609264850616455e-01
1.000000000000000000e+00,4.573647677898406982e-01
1.000000000000000000e+00,4.305173158645629883e-01
1.000000000000000000e+00,3.676999211311340332e-01
1.000000000000000000e+00,3.713470697402954102e-01
1.000000000000000000e+00,4.576846361160278320e-01
1.000000000000000000e+00,4.539306163787841797e-01
1.000000000000000000e+00,4.155649840831756592e-01
1.000000000000000000e+00,4.080498218536376953e-01
1.000000000000000000e+00,4.364554882049560547e-01
1.000000000000000000e+00,3.680676221847534180e-01
1.000000000000000000e+00,4.344995915889739990e-01
1.000000000000000000e+00,5.555852055549621582e-01
1.000000000000000000e+00,3.967837691307067871e-01
1.000000000000000000e+00,3.569454848766326904e-01
1.000000000000000000e+00,4.412143230438232422e-01
1.000000000000000000e+00,4.387235641479492188e-01
1.000000000000000000e+00,4.980015754699707031e-01
1.000000000000000000e+00,5.122463703155517578e-01
1.000000000000000000e+00,3.634111285209655762e-01
1.000000000000000000e+00,3.888441622257232666e-01
1.000000000000000000e+00,3.945250511169433594e-01
1.000000000000000000e+00,3.749076128005981445e-01
1.000000000000000000e+00,4.700445532798767090e-01
1.000000000000000000e+00,3.733563423156738281e-01
1.000000000000000000e+00,4.012906551361083984e-01
1.000000000000000000e+00,4.471853673458099365e-01
1.000000000000000000e+00,3.866620659828186035e-01
1.000000000000000000e+00,3.927116990089416504e-01
1.000000000000000000e+00,3.946585357189178467e-01
1.000000000000000000e+00,3.491590619087219238e-01
1.000000000000000000e+00,4.034658670425415039e-01
1.000000000000000000e+00,5.173268914222717285e-01
1.000000000000000000e+00,3.959403932094573975e-01
1.000000000000000000e+00,4.009810090065002441e-01
1.000000000000000000e+00,4.402377605438232422e-01
1.000000000000000000e+00,4.369302093982696533e-01
1.000000000000000000e+00,4.254043400287628174e-01
1.000000000000000000e+00,4.374038875102996826e-01
1.000000000000000000e+00,4.381099939346313477e-01
1.000000000000000000e+00,4.362453520298004150e-01
1.000000000000000000e+00,4.246295988559722900e-01
1.000000000000000000e+00,4.332532882690429688e-01
1.000000000000000000e+00,3.269077539443969727e-01
1.000000000000000000e+00,3.626957535743713379e-01
1.000000000000000000e+00,4.051652550697326660e-01
1.000000000000000000e+00,3.842958807945251465e-01
1.000000000000000000e+00,3.366440534591674805e-01
1.000000000000000000e+00,4.388924241065979004e-01
1.000000000000000000e+00,3.762277662754058838e-01
1.000000000000000000e+00,4.366176128387451172e-01
1.000000000000000000e+00,4.325038492679595947e-01
1.000000000000000000e+00,4.194543957710266113e-01
1.000000000000000000e+00,4.499329328536987305e-01
1.000000000000000000e+00,3.801250159740447998e-01
1.000000000000000000e+00,4.003409147262573242e-01
1.000000000000000000e+00,3.825548291206359863e-01
1.000000000000000000e+00,4.792802333831787109e-01
1.000000000000000000e+00,4.137884378433227539e-01
1.000000000000000000e+00,4.455633163452148438e-01
1.000000000000000000e+00,4.023360908031463623e-01
1.000000000000000000e+00,4.179689288139343262e-01
1.000000000000000000e+00,4.692140221595764160e-01
1.000000000000000000e+00,4.354448318481445312e-01
1.000000000000000000e+00,5.909856557846069336e-01
1.000000000000000000e+00,3.702118396759033203e-01
1.000000000000000000e+00,3.624745905399322510e-01
1.000000000000000000e+00,4.208567738533020020e-01
1.000000000000000000e+00,4.993710219860076904e-01
1.000000000000000000e+00,3.782538175582885742e-01
1.000000000000000000e+00,4.275950193405151367e-01
1.000000000000000000e+00,3.824642896652221680e-01
1.000000000000000000e+00,4.006483554840087891e-01
1.000000000000000000e+00,4.218203425407409668e-01
1.000000000000000000e+00,3.370718359947204590e-01
1.000000000000000000e+00,3.989110887050628662e-01
1.000000000000000000e+00,4.160708189010620117e-01
1.000000000000000000e+00,4.960281252861022949e-01
1.000000000000000000e+00,3.332986533641815186e-01
1.000000000000000000e+00,4.384109079837799072e-01
1.000000000000000000e+00,3.476289212703704834e-01
1.000000000000000000e+00,3.959238231182098389e-01
1.000000000000000000e+00,3.850208818912506104e-01
1.000000000000000000e+00,4.918166995048522949e-01
1.000000000000000000e+00,4.423964023590087891e-01
1.000000000000000000e+00,3.679814934730529785e-01
1.000000000000000000e+00,4.417865872383117676e-01
1.000000000000000000e+00,3.670879006385803223e-01
1.000000000000000000e+00,3.541471958160400391e-01
1.000000000000000000e+00,4.070924818515777588e-01
1.000000000000000000e+00,3.727670907974243164e-01
1.000000000000000000e+00,3.836274445056915283e-01
1.000000000000000000e+00,3.524752259254455566e-01
1.000000000000000000e+00,3.631924986839294434e-01
1.000000000000000000e+00,3.803835809230804443e-01
1.000000000000000000e+00,4.203054606914520264e-01
1.000000000000000000e+00,4.022001624107360840e-01
1.000000000000000000e+00,3.588064312934875488e-01
1.000000000000000000e+00,3.798994123935699463e-01
1.000000000000000000e+00,4.858421981334686279e-01
1.000000000000000000e+00,4.331308007240295410e-01
1.000000000000000000e+00,3.924796581268310547e-01
1.000000000000000000e+00,4.163464903831481934e-01
1.000000000000000000e+00,4.560099244117736816e-01
1.000000000000000000e+00,4.404590427875518799e-01
1.000000000000000000e+00,3.369169235229492188e-01
1.000000000000000000e+00,3.789748549461364746e-01
1.000000000000000000e+00,3.873466551303863525e-01
1.000000000000000000e+00,3.621559143066406250e-01
1.000000000000000000e+00,4.208129048347473145e-01
1.000000000000000000e+00,4.344388544559478760e-01
1.000000000000000000e+00,4.645372629165649414e-01
1.000000000000000000e+00,3.145073950290679932e-01
1.000000000000000000e+00,3.496461808681488037e-01
1.000000000000000000e+00,4.627693295478820801e-01
1.000000000000000000e+00,4.307651221752166748e-01
1.000000000000000000e+00,4.093483388423919678e-01
1.000000000000000000e+00,3.520064353942871094e-01
1.000000000000000000e+00,4.284403324127197266e-01
1.000000000000000000e+00,4.298356175422668457e-01
1.000000000000000000e+00,4.058985710144042969e-01
1.000000000000000000e+00,3.566962480545043945e-01
1.000000000000000000e+00,3.477746844291687012e-01
1.000000000000000000e+00,4.820920825004577637e-01
1.000000000000000000e+00,4.208006560802459717e-01
1.000000000000000000e+00,4.620725512504577637e-01
1.000000000000000000e+00,4.045715630054473877e-01
1.000000000000000000e+00,4.276537895202636719e-01
1.000000000000000000e+00,5.020630955696105957e-01
1.000000000000000000e+00,3.653917312622070312e-01
1.000000000000000000e+00,4.112131595611572266e-01
1.000000000000000000e+00,4.949647784233093262e-01
1.000000000000000000e+00,4.195100069046020508e-01
1.000000000000000000e+00,4.048087596893310547e-01
1.000000000000000000e+00,4.661911725997924805e-01
1.000000000000000000e+00,4.151853919029235840e-01
1.000000000000000000e+00,3.945434093475341797e-01
1.000000000000000000e+00,3.598951101303100586e-01
1.000000000000000000e+00,3.916379213333129883e-01
1.000000000000000000e+00,4.176759123802185059e-01
1.000000000000000000e+00,4.248167276382446289e-01
1.000000000000000000e+00,5.008070468902587891e-01
1.000000000000000000e+00,4.276194274425506592e-01
1.000000000000000000e+00,3.980752527713775635e-01
1.000000000000000000e+00,4.561479687690734863e-01
1.000000000000000000e+00,3.818480074405670166e-01
1.000000000000000000e+00,3.934615254402160645e-01
1.000000000000000000e+00,4.426363110542297363e-01
1.000000000000000000e+00,4.575774073600769043e-01
1.000000000000000000e+00,4.346346855163574219e-01
1.000000000000000000e+00,4.813177585601806641e-01
1.000000000000000000e+00,3.645521402359008789e-01
1.000000000000000000e+00,5.067732930183410645e-01
1.000000000000000000e+00,4.381997883319854736e-01
1.000000000000000000e+00,4.692432284355163574e-01
1.000000000000000000e+00,3.858159184455871582e-01
1.000000000000000000e+00,3.508094549179077148e-01
1.000000000000000000e+00,3.753540217876434326e-01
1.000000000000000000e+00,3.904469013214111328e-01
1.000000000000000000e+00,3.588035702705383301e-01
1.000000000000000000e+00,4.413247108459472656e-01
1.000000000000000000e+00,3.574032783508300781e-01
1.000000000000000000e+00,5.689817070960998535e-01
1.000000000000000000e+00,3.028391003608703613e-01
1.000000000000000000e+00,4.116094410419464111e-01
1.000000000000000000e+00,4.350447654724121094e-01
1.000000000000000000e+00,4.392459392547607422e-01
1.000000000000000000e+00,3.968946337699890137e-01
1.000000000000000000e+00,4.163177907466888428e-01
1.000000000000000000e+00,4.626320004463195801e-01
1.000000000000000000e+00,4.264445006847381592e-01
1.000000000000000000e+00,3.750184774398803711e-01
1.000000000000000000e+00,4.771779477596282959e-01
1.000000000000000000e+00,4.244393706321716309e-01
1.000000000000000000e+00,3.663157820701599121e-01
1.000000000000000000e+00,4.919835627079010010e-01
1.000000000000000000e+00,4.607640504837036133e-01
1.000000000000000000e+00,4.871575236320495605e-01
1.000000000000000000e+00,3.378479480743408203e-01
1.000000000000000000e+00,4.054934978485107422e-01
1.000000000000000000e+00,3.912305831909179688e-01
1.000000000000000000e+00,4.732205867767333984e-01
1.000000000000000000e+00,3.685701489448547363e-01
1.000000000000000000e+00,4.016368985176086426e-01
1.000000000000000000e+00,3.709360659122467041e-01
1.000000000000000000e+00,3.786265254020690918e-01
1.000000000000000000e+00,4.310258328914642334e-01
1.000000000000000000e+00,3.282999992370605469e-01
1.000000000000000000e+00,3.651997745037078857e-01
1.000000000000000000e+00,4.978874623775482178e-01
1.000000000000000000e+00,3.697585761547088623e-01
1.000000000000000000e+00,5.185937285423278809e-01
1.000000000000000000e+00,4.349219799041748047e-01
1.000000000000000000e+00,3.580139875411987305e-01
1.000000000000000000e+00,4.208836257457733154e-01
1.000000000000000000e+00,4.719636142253875732e-01
1.000000000000000000e+00,3.475458025932312012e-01
1.000000000000000000e+00,3.812575340270996094e-01
1.000000000000000000e+00,3.675009608268737793e-01
1.000000000000000000e+00,3.961709439754486084e-01
1.000000000000000000e+00,3.873201608657836914e-01
1.000000000000000000e+00,3.905762135982513428e-01
1.000000000000000000e+00,3.932368755340576172e-01
1.000000000000000000e+00,4.124974310398101807e-01
1.000000000000000000e+00,4.041644334793090820e-01
1.000000000000000000e+00,4.075507521629333496e-01
1.000000000000000000e+00,4.316817820072174072e-01
1.000000000000000000e+00,3.953214287757873535e-01
1.000000000000000000e+00,4.317934513092041016e-01
1.000000000000000000e+00,4.197162389755249023e-01
1.000000000000000000e+00,5.013138055801391602e-01
1.000000000000000000e+00,4.358657002449035645e-01
1.000000000000000000e+00,4.111227989196777344e-01
1.000000000000000000e+00,4.260883331298828125e-01
1.000000000000000000e+00,3.279735445976257324e-01
1.000000000000000000e+00,4.059965014457702637e-01
1.000000000000000000e+00,3.366323113441467285e-01
1.000000000000000000e+00,4.559748172760009766e-01
1.000000000000000000e+00,4.651738405227661133e-01
1.000000000000000000e+00,4.616436064243316650e-01
1.000000000000000000e+00,3.529514372348785400e-01
1.000000000000000000e+00,3.510086834430694580e-01
1.000000000000000000e+00,4.580447375774383545e-01
1.000000000000000000e+00,4.029893279075622559e-01
1.000000000000000000e+00,4.046647548675537109e-01
1.000000000000000000e+00,4.596662223339080811e-01
1.000000000000000000e+00,4.487833380699157715e-01
1.000000000000000000e+00,4.013066887855529785e-01
1.000000000000000000e+00,3.959923386573791504e-01
1.000000000000000000e+00,3.662707805633544922e-01
1.000000000000000000e+00,4.311963617801666260e-01
1.000000000000000000e+00,4.559011459350585938e-01
1.000000000000000000e+00,4.333048760890960693e-01
1.000000000000000000e+00,4.583230018615722656e-01
1.000000000000000000e+00,4.743166565895080566e-01
1.000000000000000000e+00,4.414696991443634033e-01
1.000000000000000000e+00,4.821425676345825195e-01
1.000000000000000000e+00,4.443304240703582764e-01
1.000000000000000000e+00,4.092233479022979736e-01
1.000000000000000000e+00,4.302133917808532715e-01
1.000000000000000000e+00,4.633806347846984863e-01
1.000000000000000000e+00,4.031182527542114258e-01
1.000000000000000000e+00,4.898658990859985352e-01
1.000000000000000000e+00,4.143440723419189453e-01
1.000000000000000000e+00,4.308614730834960938e-01
1.000000000000000000e+00,4.523060321807861328e-01
1.000000000000000000e+00,4.133121073246002197e-01
1.000000000000000000e+00,4.449996948242187500e-01
1.000000000000000000e+00,4.505819380283355713e-01
1.000000000000000000e+00,5.436799526214599609e-01
1.000000000000000000e+00,5.246559381484985352e-01
1.000000000000000000e+00,4.685784280300140381e-01
1.000000000000000000e+00,4.091435670852661133e-01
1.000000000000000000e+00,4.463814795017242432e-01
1.000000000000000000e+00,4.537392258644104004e-01
1.000000000000000000e+00,4.383319616317749023e-01
1.000000000000000000e+00,5.019009709358215332e-01
1.000000000000000000e+00,4.454801678657531738e-01
1.000000000000000000e+00,4.358770251274108887e-01
1.000000000000000000e+00,4.707012772560119629e-01
1.000000000000000000e+00,4.633309245109558105e-01
1.000000000000000000e+00,4.070184230804443359e-01
1.000000000000000000e+00,4.312840998172760010e-01
1.000000000000000000e+00,3.623637259006500244e-01
1.000000000000000000e+00,4.184858798980712891e-01
1.000000000000000000e+00,4.149891734123229980e-01
1.000000000000000000e+00,3.575017452239990234e-01
1.000000000000000000e+00,5.799394845962524414e-01
1.000000000000000000e+00,4.405069351196289062e-01
1.000000000000000000e+00,3.784794211387634277e-01
1.000000000000000000e+00,4.773979783058166504e-01
1.000000000000000000e+00,4.299266636371612549e-01
1.000000000000000000e+00,4.772702455520629883e-01
1.000000000000000000e+00,3.894522190093994141e-01
1.000000000000000000e+00,4.211933612823486328e-01
1.000000000000000000e+00,4.497583508491516113e-01
1.000000000000000000e+00,4.840869903564453125e-01
1.000000000000000000e+00,4.746813774108886719e-01
1.000000000000000000e+00,4.849703907966613770e-01
1.000000000000000000e+00,4.283254146575927734e-01
1.000000000000000000e+00,4.918148815631866455e-01
1.000000000000000000e+00,4.271731078624725342e-01
1.000000000000000000e+00,4.365001916885375977e-01
1.000000000000000000e+00,4.697102308273315430e-01
1.000000000000000000e+00,4.862920045852661133e-01
1.000000000000000000e+00,3.619995713233947754e-01
1.000000000000000000e+00,4.566626846790313721e-01
1.000000000000000000e+00,4.482911229133605957e-01
1.000000000000000000e+00,5.512883663177490234e-01
1.000000000000000000e+00,3.761408627033233643e-01
1.000000000000000000e+00,4.075655937194824219e-01
1.000000000000000000e+00,4.050735235214233398e-01
1.000000000000000000e+00,4.322510361671447754e-01
1.000000000000000000e+00,3.328332006931304932e-01
1.000000000000000000e+00,4.338742792606353760e-01
1.000000000000000000e+00,4.156200885772705078e-01
1.000000000000000000e+00,4.961497187614440918e-01
1.000000000000000000e+00,4.193678796291351318e-01
1.000000000000000000e+00,4.487233161926269531e-01
1.000000000000000000e+00,3.642453849315643311e-01
1.000000000000000000e+00,3.917389810085296631e-01
1.000000000000000000e+00,3.917477130889892578e-01
1.000000000000000000e+00,4.477060437202453613e-01
1.000000000000000000e+00,4.066789150238037109e-01
1.000000000000000000e+00,3.814556896686553955e-01
1.000000000000000000e+00,4.427416026592254639e-01
1.000000000000000000e+00,4.290868937969207764e-01
1.000000000000000000e+00,3.999792039394378662e-01
1.000000000000000000e+00,3.937464356422424316e-01
1.000000000000000000e+00,4.413053989410400391e-01
1.000000000000000000e+00,4.269917607307434082e-01
1.000000000000000000e+00,4.130755662918090820e-01
1.000000000000000000e+00,4.085617065429687500e-01
1.000000000000000000e+00,4.041502475738525391e-01
1.000000000000000000e+00,5.418764948844909668e-01
1.000000000000000000e+00,4.634713530540466309e-01
1.000000000000000000e+00,4.343035817146301270e-01
1.000000000000000000e+00,4.657897353172302246e-01
1.000000000000000000e+00,4.601145982742309570e-01
1.000000000000000000e+00,3.366440534591674805e-01
1.000000000000000000e+00,3.828602135181427002e-01
1.000000000000000000e+00,4.403819143772125244e-01
1.000000000000000000e+00,4.451989829540252686e-01
1.000000000000000000e+00,4.352977871894836426e-01
1.000000000000000000e+00,4.960009455680847168e-01
1.000000000000000000e+00,3.227094411849975586e-01
1.000000000000000000e+00,4.516802430152893066e-01
1.000000000000000000e+00,3.938843011856079102e-01
1.000000000000000000e+00,3.517926335334777832e-01
1.000000000000000000e+00,4.548451900482177734e-01
1.000000000000000000e+00,4.187427163124084473e-01
1.000000000000000000e+00,4.062755703926086426e-01
1.000000000000000000e+00,4.415614008903503418e-01
1.000000000000000000e+00,4.179378151893615723e-01
1.000000000000000000e+00,4.038428366184234619e-01
1.000000000000000000e+00,4.253747761249542236e-01
1.000000000000000000e+00,4.729326367378234863e-01
1.000000000000000000e+00,4.543818235397338867e-01
1.000000000000000000e+00,3.970341086387634277e-01
1.000000000000000000e+00,4.468935132026672363e-01
1.000000000000000000e+00,3.986346721649169922e-01
1.000000000000000000e+00,4.854624271392822266e-01
1.000000000000000000e+00,4.540968537330627441e-01
1.000000000000000000e+00,3.690878748893737793e-01
1.000000000000000000e+00,3.895094692707061768e-01
1.000000000000000000e+00,4.237086772918701172e-01
1.000000000000000000e+00,4.234451055526733398e-01
1.000000000000000000e+00,4.203183352947235107e-01
1.000000000000000000e+00,4.520179331302642822e-01
1.000000000000000000e+00,4.143114089965820312e-01
