label,score
0.000000000000000000e+00,-9.017952634377479626e-01
0.000000000000000000e+00,-1.370829584187661654e+00
0.000000000000000000e+00,-1.405346401671309753e+00
0.000000000000000000e+00,-1.397461999897289919e+00
0.000000000000000000e+00,-1.987846394001692829e+00
0.000000000000000000e+00,-1.085841016832571837e+00
0.000000000000000000e+00,-1.000103013362565241e+00
0.000000000000000000e+00,-1.856290036865114290e+00
0.000000000000000000e+00,-1.432631722285474085e+00
0.000000000000000000e+00,-1.784480671358546822e+00
0.000000000000000000e+00,-1.402009774506732143e+00
0.000000000000000000e+00,-1.611079125767147513e+00
0.000000000000000000e+00,-7.051443757884093833e-01
0.000000000000000000e+00,-1.381969663534436732e+00
0.000000000000000000e+00,-1.236211740029203199e+00
0.000000000000000000e+00,-7.667925769575100192e-01
0.000000000000000000e+00,-1.579710053067157727e+00
0.000000000000000000e+00,-1.459271657902539321e+00
0.000000000000000000e+00,-1.441992680002137428e+00
0.000000000000000000e+00,-8.743639681498051042e-01
0.000000000000000000e+00,-1.082534911645238740e+00
0.000000000000000000e+00,-1.149850468936912451e+00
0.000000000000000000e+00,-1.503517466219771004e+00
0.000000000000000000e+00,-1.140567806727093902e+00
0.000000000000000000e+00,-1.503199860717428837e+00
0.000000000000000000e+00,-9.441752500155935479e-01
0.000000000000000000e+00,-1.617089743546848091e+00
0.000000000000000000e+00,-1.389283437038231650e+00
0.000000000000000000e+00,-1.133493343218796134e+00
0.000000000000000000e+00,-1.405748053197948488e+00
0.000000000000000000e+00,-9.923013305703531906e-01
0.000000000000000000e+00,-6.707239900589543335e-01
0.000000000000000000e+00,-1.161177218927125221e+00
0.000000000000000000e+00,-1.528481347173362259e+00
0.000000000000000000e+00,-7.906085661582072932e-01
0.000000000000000000e+00,-1.357629050203129628e+00
0.000000000000000000e+00,-1.169979934103460240e+00
0.000000000000000000e+00,2.223910871295645408e-01
0.000000000000000000e+00,-1.394169607482342199e+00
0.000000000000000000e+00,-1.665148144934674113e+00
0.000000000000000000e+00,-7.869698156536579781e-01
0.000000000000000000e+00,-1.980027902004621421e+00
0.000000000000000000e+00,-5.606152936278925303e-01
0.000000000000000000e+00,-1.409706178594825277e+00
0.000000000000000000e+00,-9.199270873110128033e-01
0.000000000000000000e+00,-3.562383646082088462e-01
0.000000000000000000e+00,-8.446448516110077742e-01
0.000000000000000000e+00,-1.401214433708387830e+00
0.000000000000000000e+00,-7.189522528853589112e-01
0.000000000000000000e+00,-1.445576137069649603e+00
0.000000000000000000e+00,-1.279567987531379014e+00
0.000000000000000000e+00,-1.140269222167092700e+00
0.000000000000000000e+00,-1.609158010590724164e+00
0.000000000000000000e+00,-1.144621921530667219e+00
0.000000000000000000e+00,-8.221382229636714500e-02
0.000000000000000000e+00,-1.498380484745259533e+00
0.000000000000000000e+00,-6.639007799285540079e-01
0.000000000000000000e+00,-1.999998122072501827e+00
0.000000000000000000e+00,-6.627475800057044397e-01
0.000000000000000000e+00,-1.605901890670472953e+00
0.000000000000000000e+00,-1.217543348642928569e+00
0.000000000000000000e+00,-1.432625087073029713e+00
0.000000000000000000e+00,-2.065094421975246952e+00
0.000000000000000000e+00,-1.066197249216959575e+00
0.000000000000000000e+00,-1.629270224204916406e+00
0.000000000000000000e+00,-1.482047688139439545e+00
0.000000000000000000e+00,-1.216508697849087106e+00
0.000000000000000000e+00,-8.548542318255711869e-01
0.000000000000000000e+00,-1.657389369849602945e+00
0.000000000000000000e+00,-9.721585949789165459e-01
0.000000000000000000e+00,-1.820215725811318297e-01
0.000000000000000000e+00,-1.512904522438715871e+00
0.000000000000000000e+00,-1.353568300187111717e+00
0.000000000000000000e+00,-1.069768762902071568e+00
0.000000000000000000e+00,-1.120037574728899976e+00
0.000000000000000000e+00,-1.216800647196643936e+00
0.000000000000000000e+00,-1.285974948667762741e+00
0.000000000000000000e+00,-1.496769455163741380e+00
0.000000000000000000e+00,-6.242124778656832351e-01
0.000000000000000000e+00,-1.208315095175154674e+00
0.000000000000000000e+00,-1.279721924460090809e+00
0.000000000000000000e+00,-1.296216177902059563e+00
0.000000000000000000e+00,-8.689713098224332022e-01
0.000000000000000000e+00,-1.117222917609954180e+00
0.000000000000000000e+00,-1.770097300168913312e+00
0.000000000000000000e+00,-9.123686956417648153e-01
0.000000000000000000e+00,-1.037303553106254661e+00
0.000000000000000000e+00,-1.120460016587864871e+00
0.000000000000000000e+00,-1.284658080171282801e+00
0.000000000000000000e+00,-1.000924452663191078e+00
0.000000000000000000e+00,-1.081532109871130576e+00
0.000000000000000000e+00,-7.086548455190321283e-01
0.000000000000000000e+00,-1.038146225086702845e+00
0.000000000000000000e+00,-8.815145154274661721e-01
0.000000000000000000e+00,-1.425759853930480991e+00
0.000000000000000000e+00,-2.281581056053591627e+00
0.000000000000000000e+00,-2.474133606114044814e-01
0.000000000000000000e+00,-4.638146216229632190e-01
0.000000000000000000e+00,-1.742362554498509963e+00
0.000000000000000000e+00,-1.274359345762467344e+00
0.000000000000000000e+00,-1.556128508039498648e+00
0.000000000000000000e+00,-5.364100386304527790e-01
0.000000000000000000e+00,-1.328464195077194043e+00
0.000000000000000000e+00,-1.075779380681772146e+00
0.000000000000000000e+00,-1.276078750480578616e+00
0.000000000000000000e+00,-1.695253430837739828e+00
0.000000000000000000e+00,-4.417206912253550111e-01
0.000000000000000000e+00,-1.730608496826872900e+00
0.000000000000000000e+00,-1.173056903287710728e+00
0.000000000000000000e+00,-1.202754344799189523e+00
0.000000000000000000e+00,-1.161842509561557879e+00
0.000000000000000000e+00,2.219982825528517001e-01
0.000000000000000000e+00,-1.600713154538894623e+00
0.000000000000000000e+00,-1.650418858002935307e+00
0.000000000000000000e+00,-1.447744524496503482e+00
0.000000000000000000e+00,-9.429074820912027866e-01
0.000000000000000000e+00,-1.538873871215711286e-01
0.000000000000000000e+00,-1.197336030317032396e+00
0.000000000000000000e+00,-4.582569676794721603e-01
0.000000000000000000e+00,-1.118654354107975424e+00
0.000000000000000000e+00,-9.861456228118669065e-01
0.000000000000000000e+00,-8.165195131013730512e-01
0.000000000000000000e+00,-1.354218551006670213e+00
0.000000000000000000e+00,-9.721718654038055130e-01
0.000000000000000000e+00,-1.804528744585775835e+00
0.000000000000000000e+00,-1.479402892459072305e+00
0.000000000000000000e+00,-6.270912753715921495e-01
0.000000000000000000e+00,-1.076304889507374352e+00
0.000000000000000000e+00,-9.040481392363948210e-01
0.000000000000000000e+00,-6.594569569807418041e-01
0.000000000000000000e+00,-4.022217138908998901e-01
0.000000000000000000e+00,-1.699388052885639544e+00
0.000000000000000000e+00,-1.491056979596545817e+00
0.000000000000000000e+00,-1.102417546908852186e+00
0.000000000000000000e+00,-1.263208207728284904e+00
0.000000000000000000e+00,-9.509971331035049769e-01
0.000000000000000000e+00,-8.030128746494025194e-01
0.000000000000000000e+00,-1.902660452171384409e-01
0.000000000000000000e+00,-1.145482287410967359e+00
0.000000000000000000e+00,-1.227547479619209625e+00
0.000000000000000000e+00,-7.860647726762317600e-01
0.000000000000000000e+00,-1.398222395243426508e+00
0.000000000000000000e+00,-1.162070760869647668e+00
0.000000000000000000e+00,-9.786801241168414656e-01
0.000000000000000000e+00,-1.428261329022047610e+00
0.000000000000000000e+00,-1.188336470504844700e+00
0.000000000000000000e+00,-7.021213729987071384e-01
0.000000000000000000e+00,-5.305139888522935054e-01
0.000000000000000000e+00,-1.078932433635385824e+00
0.000000000000000000e+00,-4.824330397064743176e-02
0.000000000000000000e+00,-8.066525098489444323e-01
0.000000000000000000e+00,-1.758470638576210332e+00
0.000000000000000000e+00,-1.352038662544912340e+00
0.000000000000000000e+00,-1.139744598036482870e+00
0.000000000000000000e+00,-9.315148223240415915e-01
0.000000000000000000e+00,-1.349193925796218441e+00
0.000000000000000000e+00,-8.247197509877498556e-01
0.000000000000000000e+00,-4.186951770005426510e-01
0.000000000000000000e+00,-9.386224618945616660e-01
0.000000000000000000e+00,-1.826843406384036861e+00
0.000000000000000000e+00,-1.277178868703872316e+00
0.000000000000000000e+00,-1.071911051826643924e+00
0.000000000000000000e+00,-5.654395354225211223e-01
0.000000000000000000e+00,-1.397314698181022496e+00
0.000000000000000000e+00,-1.027210510283217859e+00
0.000000000000000000e+00,-1.104668210970017661e+00
0.000000000000000000e+00,-1.103947626898547751e+00
0.000000000000000000e+00,-1.005279363764247202e+00
0.000000000000000000e+00,-1.506171551197560410e+00
0.000000000000000000e+00,-1.404058728109585541e+00
0.000000000000000000e+00,-1.048072502903635517e+00
0.000000000000000000e+00,-1.148403992624017267e+00
0.000000000000000000e+00,-1.080546117301881992e+00
0.000000000000000000e+00,-1.402397270913489313e+00
0.000000000000000000e+00,-1.494497116075257148e+00
0.000000000000000000e+00,-1.687481385327779693e+00
0.000000000000000000e+00,-1.158625316220980750e+00
0.000000000000000000e+00,-1.595959245996177334e+00
0.000000000000000000e+00,-1.272352415171762230e+00
0.000000000000000000e+00,-7.696735862009004281e-01
0.000000000000000000e+00,-1.339565347844294596e+00
0.000000000000000000e+00,-1.240652024197044900e+00
0.000000000000000000e+00,-6.760414493119554225e-01
0.000000000000000000e+00,-7.229807115341470025e-01
0.000000000000000000e+00,-1.126084022655800654e+00
0.000000000000000000e+00,-1.524600632588337668e+00
0.000000000000000000e+00,-2.918095670773774297e-01
0.000000000000000000e+00,-1.390190691753139474e+00
0.000000000000000000e+00,-8.546127100925923203e-01
0.000000000000000000e+00,-9.277522145205286952e-01
0.000000000000000000e+00,-1.079578260979981330e+00
0.000000000000000000e+00,-7.345578302072646171e-01
0.000000000000000000e+00,-1.460666821905864055e+00
0.000000000000000000e+00,-9.211948552354035646e-01
0.000000000000000000e+00,-1.050050680907081091e+00
0.000000000000000000e+00,-7.073043586128336946e-01
0.000000000000000000e+00,-1.118136807537306376e+00
0.000000000000000000e+00,-1.432004473535723355e+00
0.000000000000000000e+00,-9.386401557944136220e-01
0.000000000000000000e+00,-7.663316508663672311e-01
0.000000000000000000e+00,-7.132649911254524966e-01
0.000000000000000000e+00,-1.510024840237814470e+00
0.000000000000000000e+00,-1.598319169888928526e+00
0.000000000000000000e+00,-6.106540847566458430e-01
0.000000000000000000e+00,-9.550963673517007813e-01
0.000000000000000000e+00,-1.418020099787750565e+00
0.000000000000000000e+00,-1.218026392108886302e+00
0.000000000000000000e+00,-1.432913055293119742e+00
0.000000000000000000e+00,-1.550065250907738612e+00
0.000000000000000000e+00,-1.457757944770206926e+00
0.000000000000000000e+00,-1.607293515893827074e+00
0.000000000000000000e+00,-2.719525879685494307e-01
0.000000000000000000e+00,-3.208324286570013451e-01
0.000000000000000000e+00,-1.570199581896745578e+00
0.000000000000000000e+00,-1.130163351266662897e+00
0.000000000000000000e+00,-1.236551905253856498e+00
0.000000000000000000e+00,-1.056069260941715049e+00
0.000000000000000000e+00,-6.452142522949310122e-01
0.000000000000000000e+00,-1.690247826569628797e+00
0.000000000000000000e+00,-1.180239299585105428e+00
0.000000000000000000e+00,-5.262723187102896771e-01
0.000000000000000000e+00,-1.855231499306472687e+00
0.000000000000000000e+00,-1.757744746334784836e+00
0.000000000000000000e+00,-1.172608362926464309e+00
0.000000000000000000e+00,-1.208315537522651084e+00
0.000000000000000000e+00,-3.503878766221683039e-01
0.000000000000000000e+00,-1.758486120738580682e+00
0.000000000000000000e+00,-1.144692697130075043e+00
0.000000000000000000e+00,-1.606844987496898747e-01
0.000000000000000000e+00,-1.640408976509202477e+00
0.000000000000000000e+00,-8.145855698475571449e-01
0.000000000000000000e+00,-1.459821053492941889e+00
0.000000000000000000e+00,-8.617990875174535992e-01
0.000000000000000000e+00,-8.095711186295202477e-01
0.000000000000000000e+00,-1.904027736318124164e+00
0.000000000000000000e+00,-1.637521786365181975e-01
0.000000000000000000e+00,-1.259704815557602942e+00
0.000000000000000000e+00,-1.111471515463084536e+00
0.000000000000000000e+00,-9.554475912637615531e-01
0.000000000000000000e+00,-1.245998236037305640e+00
0.000000000000000000e+00,-1.100945414441171666e+00
0.000000000000000000e+00,-3.570009716918269849e-01
0.000000000000000000e+00,-1.034218179319574604e+00
0.000000000000000000e+00,-6.070524914417855245e-01
0.000000000000000000e+00,-1.270036283681144518e+00
0.000000000000000000e+00,-1.175085508905734599e+00
0.000000000000000000e+00,-3.745524356499486118e-01
0.000000000000000000e+00,-1.171937764122076286e+00
0.000000000000000000e+00,-2.039763392599728498e+00
0.000000000000000000e+00,-1.744996291491469620e+00
0.000000000000000000e+00,-1.474709585523348077e+00
0.000000000000000000e+00,-1.448922053531649379e+00
0.000000000000000000e+00,-1.406064331657801869e+00
0.000000000000000000e+00,-7.766958527046350369e-01
0.000000000000000000e+00,-2.115136751883970767e+00
0.000000000000000000e+00,-1.662048173680616081e+00
0.000000000000000000e+00,-1.264494554247520108e+00
0.000000000000000000e+00,1.991766905238328556e-01
0.000000000000000000e+00,-1.356539990667243289e+00
0.000000000000000000e+00,-1.817997783500560960e+00
0.000000000000000000e+00,-7.512064629254414649e-01
0.000000000000000000e+00,-9.209904906921138057e-01
0.000000000000000000e+00,-6.580122500578318157e-01
0.000000000000000000e+00,-1.576634853272892434e+00
0.000000000000000000e+00,-1.301123581025992237e+00
0.000000000000000000e+00,-1.572516155734859478e+00
0.000000000000000000e+00,-5.879665240190052877e-01
0.000000000000000000e+00,-6.177020074151656770e-01
0.000000000000000000e+00,-9.430733624023145412e-01
0.000000000000000000e+00,-1.629741324288473958e+00
0.000000000000000000e+00,-8.575521092054941841e-01
0.000000000000000000e+00,-1.291945755172796417e+00
0.000000000000000000e+00,-1.105062784936715614e+00
0.000000000000000000e+00,-1.205519901346046030e+00
0.000000000000000000e+00,-1.366197321206426452e+00
0.000000000000000000e+00,-5.647410687258661577e-01
0.000000000000000000e+00,-1.044203289353514696e+00
0.000000000000000000e+00,-5.350489353843430607e-01
0.000000000000000000e+00,-9.460348788900313499e-01
0.000000000000000000e+00,-7.017608597892240896e-01
0.000000000000000000e+00,-9.222233131642969539e-01
0.000000000000000000e+00,-1.560687341336348233e+00
0.000000000000000000e+00,-7.153267728056985630e-01
0.000000000000000000e+00,-1.369352143550025547e+00
0.000000000000000000e+00,-6.001240026072661715e-01
0.000000000000000000e+00,-1.624162880012656851e+00
0.000000000000000000e+00,-8.756905682912035083e-01
0.000000000000000000e+00,-7.007580580151160365e-01
0.000000000000000000e+00,-8.875804266442040014e-01
0.000000000000000000e+00,-1.617603308990050337e+00
0.000000000000000000e+00,-1.967431614700032583e+00
0.000000000000000000e+00,-6.630647431605503073e-01
0.000000000000000000e+00,-5.685678169163422835e-01
0.000000000000000000e+00,-8.830406142896951582e-01
0.000000000000000000e+00,-1.896336640399986839e+00
0.000000000000000000e+00,-7.479260138928937041e-01
0.000000000000000000e+00,-5.937887017652827559e-01
0.000000000000000000e+00,-8.708473055542340635e-01
0.000000000000000000e+00,-9.869953723522557620e-01
0.000000000000000000e+00,-1.318198636730600670e+00
0.000000000000000000e+00,-1.603810471707974861e+00
0.000000000000000000e+00,-1.348637010298378902e+00
0.000000000000000000e+00,-1.540511429682689171e+00
0.000000000000000000e+00,-1.651776864816570933e+00
0.000000000000000000e+00,-8.798145739991920511e-01
0.000000000000000000e+00,-2.853583711913639243e-01
0.000000000000000000e+00,-7.625018062434170130e-01
0.000000000000000000e+00,-5.415019006603417617e-01
0.000000000000000000e+00,-8.455680308357822472e-01
0.000000000000000000e+00,-1.315460505728514695e+00
0.000000000000000000e+00,-6.549658028508258401e-01
0.000000000000000000e+00,-1.243992632489089312e+00
0.000000000000000000e+00,-1.964730652851953696e-01
0.000000000000000000e+00,-1.172356667201070790e+00
0.000000000000000000e+00,-8.269956288562042568e-01
0.000000000000000000e+00,-1.071772154712806291e+00
0.000000000000000000e+00,-1.452573632113591362e+00
0.000000000000000000e+00,-1.498565385998712252e+00
0.000000000000000000e+00,-1.048355162953769959e+00
0.000000000000000000e+00,-1.939181534196441792e+00
0.000000000000000000e+00,-1.023933600030640489e+00
0.000000000000000000e+00,-1.318986899969004201e+00
0.000000000000000000e+00,-1.242054265760310416e+00
0.000000000000000000e+00,-1.516856012623148064e+00
0.000000000000000000e+00,-8.464814784156381444e-01
0.000000000000000000e+00,-1.255502514342769604e+00
0.000000000000000000e+00,-3.954759145723517055e-01
0.000000000000000000e+00,-1.186014146149278803e+00
0.000000000000000000e+00,-1.208079323959627693e+00
0.000000000000000000e+00,2.866057765078694822e-02
0.000000000000000000e+00,-9.598639886668032251e-01
0.000000000000000000e+00,-1.275717794923599158e+00
0.000000000000000000e+00,-4.495427220023968107e-01
0.000000000000000000e+00,-1.534219478895342936e+00
0.000000000000000000e+00,-1.330229603934920179e+00
0.000000000000000000e+00,-1.477169479950262598e+00
0.000000000000000000e+00,-1.063670560318104030e+00
0.000000000000000000e+00,-3.125928218434539940e-01
0.000000000000000000e+00,-1.425898308696822436e+00
0.000000000000000000e+00,-1.313373067893483181e+00
0.000000000000000000e+00,-4.758747837620384558e-01
0.000000000000000000e+00,-8.088929999176950325e-01
0.000000000000000000e+00,-1.251439994936766498e+00
0.000000000000000000e+00,-1.276201723084549489e+00
0.000000000000000000e+00,-2.895712887461083240e-01
0.000000000000000000e+00,-1.396057546596543020e+00
0.000000000000000000e+00,-1.349134208884218200e+00
0.000000000000000000e+00,-1.705064255958138375e+00
0.000000000000000000e+00,-2.921731767193346263e-01
0.000000000000000000e+00,-1.591174373128719344e+00
0.000000000000000000e+00,-6.976359693862429490e-01
0.000000000000000000e+00,1.087208752632388586e+00
0.000000000000000000e+00,-2.066864254307936299e+00
0.000000000000000000e+00,-1.351893572566126522e+00
0.000000000000000000e+00,-1.309913025777438289e+00
0.000000000000000000e+00,-9.521543141538211241e-01
0.000000000000000000e+00,-1.414230951134459957e+00
0.000000000000000000e+00,-1.579075726757465992e+00
0.000000000000000000e+00,-9.823312603512871499e-01
0.000000000000000000e+00,-5.937665843904678109e-01
0.000000000000000000e+00,-1.626088418664043189e+00
0.000000000000000000e+00,-1.509637786178553487e+00
0.000000000000000000e+00,-1.341138777888627454e+00
0.000000000000000000e+00,-1.357853762731249025e+00
0.000000000000000000e+00,-1.482102539228980609e+00
0.000000000000000000e+00,-1.226732233183531973e+00
0.000000000000000000e+00,-1.221561190951805598e+00
0.000000000000000000e+00,-1.228607344220340236e+00
0.000000000000000000e+00,-1.240897084709994269e+00
0.000000000000000000e+00,-1.193568114343563913e+00
0.000000000000000000e+00,-1.529817236612182940e+00
0.000000000000000000e+00,-1.089888938771196969e+00
0.000000000000000000e+00,-7.239087565813807634e-01
0.000000000000000000e+00,-5.994728670927151892e-01
0.000000000000000000e+00,-1.226974197264007138e+00
0.000000000000000000e+00,-6.130918618087454197e-01
0.000000000000000000e+00,-1.041109068616908440e+00
0.000000000000000000e+00,-1.257720002341712551e+00
0.000000000000000000e+00,-7.093829494979391193e-01
0.000000000000000000e+00,-1.583551841072508015e+00
0.000000000000000000e+00,-1.291336200322897421e+00
0.000000000000000000e+00,-1.671770529301755071e+00
0.000000000000000000e+00,-8.238947729071536275e-01
0.000000000000000000e+00,-1.750223081472047637e-01
0.000000000000000000e+00,-1.247107643558021506e+00
0.000000000000000000e+00,-1.985237870816022099e+00
0.000000000000000000e+00,-1.542949206734788747e+00
0.000000000000000000e+00,-1.208278822680458164e+00
0.000000000000000000e+00,-1.285211456889151949e+00
0.000000000000000000e+00,-1.616945095915558461e+00
0.000000000000000000e+00,-3.330505088522550672e-01
0.000000000000000000e+00,-4.137112477597503779e-01
0.000000000000000000e+00,-1.487662404909953162e+00
0.000000000000000000e+00,-1.191919485224860464e+00
0.000000000000000000e+00,2.193645335955738546e-02
0.000000000000000000e+00,-1.000088415895187488e+00
0.000000000000000000e+00,-1.483546803804394187e+00
0.000000000000000000e+00,-1.608619673687729401e+00
0.000000000000000000e+00,-6.317093832329457870e-01
0.000000000000000000e+00,-9.352296565979542065e-01
0.000000000000000000e+00,-1.545176868726146679e+00
0.000000000000000000e+00,-4.556064214816530900e-01
0.000000000000000000e+00,-9.583874327241597157e-01
0.000000000000000000e+00,-1.521905851640888763e+00
0.000000000000000000e+00,-1.839412710491351355e+00
0.000000000000000000e+00,-3.850533228645725559e-01
0.000000000000000000e+00,-1.159748436514081993e+00
0.000000000000000000e+00,-2.017500043111037922e+00
0.000000000000000000e+00,-1.852823801884121435e+00
0.000000000000000000e+00,-6.451956737000865694e-01
0.000000000000000000e+00,-7.575917490345065453e-01
0.000000000000000000e+00,-1.345702477007936437e+00
0.000000000000000000e+00,-1.501530883613895639e+00
0.000000000000000000e+00,-1.308504149001728400e+00
0.000000000000000000e+00,-1.643990221839233046e+00
0.000000000000000000e+00,-9.354769288483848477e-01
0.000000000000000000e+00,-1.319891058251437821e+00
0.000000000000000000e+00,-1.169983472883430631e+00
0.000000000000000000e+00,-8.557946626027012060e-01
0.000000000000000000e+00,-8.390367700529386408e-01
0.000000000000000000e+00,-1.382287711384275086e+00
0.000000000000000000e+00,-7.385858465085564095e-01
0.000000000000000000e+00,-1.304845935207342045e+00
0.000000000000000000e+00,-1.789768935676792294e+00
0.000000000000000000e+00,-1.551844814885346313e+00
0.000000000000000000e+00,-1.260675325964481175e+00
0.000000000000000000e+00,-3.462545816167575397e-01
0.000000000000000000e+00,-1.543668021416273461e+00
0.000000000000000000e+00,-6.295781529957807932e-01
0.000000000000000000e+00,-7.298848712563699159e-01
0.000000000000000000e+00,-1.826644792358198988e+00
0.000000000000000000e+00,2.271547273172002945e-01
0.000000000000000000e+00,-1.549599016646640237e+00
0.000000000000000000e+00,-1.644544483252094569e+00
0.000000000000000000e+00,-1.304416858135932777e+00
0.000000000000000000e+00,-7.313605425040209385e-01
0.000000000000000000e+00,-1.540807360157712580e+00
0.000000000000000000e+00,-1.483156210965163035e+00
0.000000000000000000e+00,-1.343241255538533130e+00
0.000000000000000000e+00,-1.711503066114255622e+00
0.000000000000000000e+00,-1.345745827062573730e+00
0.000000000000000000e+00,-1.002002453511669833e+00
0.000000000000000000e+00,-1.454231550529717198e+00
0.000000000000000000e+00,-1.609612301469422579e+00
0.000000000000000000e+00,-3.594595390762526099e-01
0.000000000000000000e+00,-1.820121051482792351e+00
0.000000000000000000e+00,2.119729069324302606e-02
0.000000000000000000e+00,-9.888368649793454201e-01
0.000000000000000000e+00,-1.780139473029875852e+00
0.000000000000000000e+00,-7.326460043282635448e-01
0.000000000000000000e+00,-8.689726368649220989e-01
0.000000000000000000e+00,-1.104464731121720389e+00
0.000000000000000000e+00,-1.261319826266587674e+00
0.000000000000000000e+00,-1.056723935236236311e+00
0.000000000000000000e+00,-6.852175057751661580e-01
0.000000000000000000e+00,-1.610857067324005909e+00
0.000000000000000000e+00,2.964453661798456263e-01
0.000000000000000000e+00,-1.823719106017682279e+00
0.000000000000000000e+00,-1.105157447300923357e+00
0.000000000000000000e+00,-1.615671135126219626e+00
0.000000000000000000e+00,-8.529335589966442477e-01
0.000000000000000000e+00,-1.224580654961537229e+00
0.000000000000000000e+00,-7.861819947627507466e-01
0.000000000000000000e+00,-3.950335670760534712e-01
0.000000000000000000e+00,-1.491623184391807522e+00
0.000000000000000000e+00,-2.659424125363452074e-01
0.000000000000000000e+00,-7.012711811108219839e-01
0.000000000000000000e+00,-1.484624374269694902e-01
0.000000000000000000e+00,-1.308225912426556947e+00
0.000000000000000000e+00,-4.335624763511265467e-01
0.000000000000000000e+00,-1.339973634583377926e+00
0.000000000000000000e+00,-7.814453377723892258e-01
0.000000000000000000e+00,-1.141195497824341043e+00
0.000000000000000000e+00,-1.397964506653084804e+00
0.000000000000000000e+00,-1.081252988600966525e+00
0.000000000000000000e+00,-1.056471354815850194e+00
0.000000000000000000e+00,4.539670790016344104e-01
0.000000000000000000e+00,-5.896447904199608736e-01
0.000000000000000000e+00,-2.008717675919532653e+00
0.000000000000000000e+00,-1.369689212342204865e+00
0.000000000000000000e+00,-1.018324191430082459e+00
0.000000000000000000e+00,-1.281604555404336043e+00
0.000000000000000000e+00,-1.156694469399638825e+00
0.000000000000000000e+00,-7.978966835072170971e-01
0.000000000000000000e+00,-1.342099114303090923e+00
0.000000000000000000e+00,-7.593359252124105563e-01
0.000000000000000000e+00,-1.684511464237633316e+00
0.000000000000000000e+00,-1.050634579602194751e+00
0.000000000000000000e+00,-1.351680803420407084e+00
0.000000000000000000e+00,-1.286483205941009400e+00
0.000000000000000000e+00,-9.598396595545067855e-01
0.000000000000000000e+00,-1.355352729987178817e+00
0.000000000000000000e+00,-1.083139158325182150e+00
0.000000000000000000e+00,-6.188503415155559573e-01
0.000000000000000000e+00,-1.565007749332693043e+00
0.000000000000000000e+00,-1.347215305445276456e+00
0.000000000000000000e+00,-1.536880199085576937e+00
0.000000000000000000e+00,-1.361083341801722524e+00
0.000000000000000000e+00,-1.791634315068681982e+00
0.000000000000000000e+00,-1.485471900108284338e+00
0.000000000000000000e+00,-1.235601300484311604e+00
0.000000000000000000e+00,-1.508841118337720388e+00
0.000000000000000000e+00,-1.400594262518577660e+00
0.000000000000000000e+00,-6.521219507971244278e-01
0.000000000000000000e+00,-8.055346977257987762e-01
0.000000000000000000e+00,-1.607872991113977967e+00
0.000000000000000000e+00,-1.688619103088258688e+00
0.000000000000000000e+00,-2.054939450502728526e+00
0.000000000000000000e+00,-1.359996051655821603e+00
0.000000000000000000e+00,-1.323769118751484397e+00
0.000000000000000000e+00,-9.644559980258752274e-01
0.000000000000000000e+00,-9.702786181196489945e-01
0.000000000000000000e+00,-9.296879271643297971e-01
0.000000000000000000e+00,-1.068008219866804609e+00
0.000000000000000000e+00,-1.744018703524650382e+00
0.000000000000000000e+00,-9.614369763636397836e-01
0.000000000000000000e+00,-9.075077390049434145e-01
0.000000000000000000e+00,-1.455499318454108071e+00
0.000000000000000000e+00,-1.161700958362742453e+00
0.000000000000000000e+00,-1.494992102923615063e+00
0.000000000000000000e+00,-1.264300806044141634e+00
0.000000000000000000e+00,-1.134073703133939404e+00
0.000000000000000000e+00,-1.183334847364200471e+00
0.000000000000000000e+00,-1.292274861710042355e+00
0.000000000000000000e+00,-1.172179728202551452e+00
0.000000000000000000e+00,-5.755347899830395297e-01
0.000000000000000000e+00,-1.097794573225039150e+00
0.000000000000000000e+00,-3.642731645309700839e-01
0.000000000000000000e+00,-9.188327196051709889e-01
0.000000000000000000e+00,-9.616647863210546964e-04
0.000000000000000000e+00,-8.806417638172697737e-01
0.000000000000000000e+00,-1.310294329319247497e+00
0.000000000000000000e+00,-1.379074056823668348e+00
0.000000000000000000e+00,-8.205386824527388656e-01
0.000000000000000000e+00,-1.085334971296806561e+00
0.000000000000000000e+00,2.682050173211733557e-01
0.000000000000000000e+00,5.573357146672818646e-02
0.000000000000000000e+00,-2.088703834895173195e+00
0.000000000000000000e+00,-1.579413237897141720e+00
0.000000000000000000e+00,-1.523137347070583125e+00
0.000000000000000000e+00,-6.886058875968107396e-01
0.000000000000000000e+00,-1.124220412653896162e+00
0.000000000000000000e+00,-9.872590114600495736e-01
0.000000000000000000e+00,-9.495117302109354895e-01
0.000000000000000000e+00,-7.914415064937369015e-01
0.000000000000000000e+00,-1.342041609128572288e+00
0.000000000000000000e+00,-1.082281446529859803e+00
0.000000000000000000e+00,-9.993943726734955124e-01
0.000000000000000000e+00,-1.293961975060923697e+00
0.000000000000000000e+00,-1.571379322669373080e+00
0.000000000000000000e+00,-7.366271317949477648e-01
0.000000000000000000e+00,-1.456796281313254449e+00
0.000000000000000000e+00,-9.218685504722657909e-01
0.000000000000000000e+00,-2.050450065762797536e+00
0.000000000000000000e+00,-4.286192430799937170e-01
0.000000000000000000e+00,-1.839448098291055267e+00
0.000000000000000000e+00,-1.432985600282512761e+00
0.000000000000000000e+00,-9.234304794816948769e-01
0.000000000000000000e+00,-2.608885923911378191e-01
0.000000000000000000e+00,-1.249928051194419076e+00
0.000000000000000000e+00,-1.724501004945483196e+00
0.000000000000000000e+00,-1.114161872935570452e+00
0.000000000000000000e+00,-1.488826675484528073e-01
0.000000000000000000e+00,-6.144941033720108248e-01
0.000000000000000000e+00,-1.842215424227896969e+00
0.000000000000000000e+00,-3.671515196893827548e-01
0.000000000000000000e+00,-7.365152178783842540e-01
0.000000000000000000e+00,-1.748736781920167571e+00
0.000000000000000000e+00,-1.179307273410404866e+00
0.000000000000000000e+00,-1.671047291145307367e+00
0.000000000000000000e+00,-1.404719595269055210e+00
0.000000000000000000e+00,1.951194673234672716e-02
0.000000000000000000e+00,-1.240728107966408311e+00
0.000000000000000000e+00,-1.056656698416799101e+00
0.000000000000000000e+00,-4.967407575099228034e-01
0.000000000000000000e+00,-1.434092353718251056e+00
0.000000000000000000e+00,-4.863787674091364921e-01
0.000000000000000000e+00,-1.491618318569348345e+00
0.000000000000000000e+00,-1.519755158113886839e+00
0.000000000000000000e+00,-1.561609635866129997e+00
0.000000000000000000e+00,5.891259141480656991e-01
0.000000000000000000e+00,-1.161859761113913425e+00
0.000000000000000000e+00,-1.002493901580057356e+00
0.000000000000000000e+00,-1.185160415481423257e+00
0.000000000000000000e+00,-1.460710171960501347e+00
0.000000000000000000e+00,-1.563305153819441129e+00
0.000000000000000000e+00,-1.372369395822275795e+00
0.000000000000000000e+00,-4.801982881908574696e-01
0.000000000000000000e+00,-1.059474451968218878e+00
0.000000000000000000e+00,6.701352228826440438e-01
0.000000000000000000e+00,-6.220768241535552523e-01
0.000000000000000000e+00,-1.329022879965018777e+00
0.000000000000000000e+00,-1.274812751946172940e+00
0.000000000000000000e+00,-1.091423442235855523e+00
0.000000000000000000e+00,-8.545109701684437953e-01
0.000000000000000000e+00,-1.366687442232324967e+00
0.000000000000000000e+00,-9.020297076107860468e-01
0.000000000000000000e+00,-1.994614753042552202e+00
0.000000000000000000e+00,-9.644007045888379759e-01
0.000000000000000000e+00,-1.162467988921323414e+00
0.000000000000000000e+00,-1.386617851025538473e+00
0.000000000000000000e+00,-3.307803815012524962e-01
0.000000000000000000e+00,-9.721718654038055130e-01
0.000000000000000000e+00,-1.273897534976331958e+00
0.000000000000000000e+00,-6.422124821850512255e-01
0.000000000000000000e+00,-1.390660464794208240e+00
0.000000000000000000e+00,-1.194493947653316068e+00
0.000000000000000000e+00,-1.176124140827042863e+00
0.000000000000000000e+00,-1.109706548952854588e+00
0.000000000000000000e+00,-1.594427396616496573e+00
0.000000000000000000e+00,-9.659489208258817960e-01
0.000000000000000000e+00,-1.160393379163684680e+00
0.000000000000000000e+00,-1.017872554636361837e+00
0.000000000000000000e+00,-7.655248090331192579e-01
0.000000000000000000e+00,1.637857071144320553e+00
0.000000000000000000e+00,-5.920626618347269998e-01
0.000000000000000000e+00,-6.288173153021479056e-01
0.000000000000000000e+00,-1.015439643406721659e+00
0.000000000000000000e+00,-1.594265497432851397e+00
0.000000000000000000e+00,-1.745189597347351906e+00
0.000000000000000000e+00,-1.333468029955319656e+00
0.000000000000000000e+00,-1.141241059616459719e+00
0.000000000000000000e+00,-1.089425800942572797e+00
0.000000000000000000e+00,-1.266827052595500769e+00
0.000000000000000000e+00,-1.075683391275075396e+00
0.000000000000000000e+00,-2.007557840784238490e+00
0.000000000000000000e+00,-1.222159244766800823e+00
0.000000000000000000e+00,-7.974640676558374386e-01
0.000000000000000000e+00,-6.809833555405994110e-01
0.000000000000000000e+00,-1.456867941607654870e+00
0.000000000000000000e+00,-1.684815356967590105e+00
0.000000000000000000e+00,-8.048149983493215753e-01
0.000000000000000000e+00,-6.066083745555020945e-01
0.000000000000000000e+00,-1.192774985282701206e+00
0.000000000000000000e+00,-9.899697169173651279e-01
0.000000000000000000e+00,-1.274918915345284454e+00
0.000000000000000000e+00,-1.132433478617665523e+00
0.000000000000000000e+00,-1.454537654997155594e+00
0.000000000000000000e+00,-1.722111886117976276e+00
0.000000000000000000e+00,-1.604248395729310106e+00
0.000000000000000000e+00,2.403848985839843744e-01
0.000000000000000000e+00,-1.171436584408770409e+00
0.000000000000000000e+00,-1.249583904842298976e+00
0.000000000000000000e+00,-1.802370973498832907e+00
0.000000000000000000e+00,-1.302770440754710712e+00
0.000000000000000000e+00,-1.180538768840099229e+00
0.000000000000000000e+00,-1.084441429354284114e+00
0.000000000000000000e+00,-7.088096671427365214e-01
0.000000000000000000e+00,-1.369600300495448897e+00
0.000000000000000000e+00,-2.204721863493601386e-01
0.000000000000000000e+00,-1.262966685995306149e+00
0.000000000000000000e+00,-1.498660933057912592e+00
0.000000000000000000e+00,-8.459046572804651554e-01
0.000000000000000000e+00,-1.014366950728198269e+00
0.000000000000000000e+00,-8.119235226148343587e-01
0.000000000000000000e+00,-1.582708284397067233e+00
0.000000000000000000e+00,-6.634128706401369868e-01
0.000000000000000000e+00,-1.546510546427485977e+00
0.000000000000000000e+00,-1.223629165496999738e+00
0.000000000000000000e+00,-1.426559618203788293e+00
0.000000000000000000e+00,-1.073883036965141535e+00
0.000000000000000000e+00,-6.727167655297778825e-01
0.000000000000000000e+00,-1.060491851209704794e+00
0.000000000000000000e+00,-1.455687316140034770e+00
0.000000000000000000e+00,-1.052338944505431861e+00
0.000000000000000000e+00,-1.367776944115707494e+00
0.000000000000000000e+00,-8.838125106707355183e-01
0.000000000000000000e+00,-1.564705183645225040e+00
0.000000000000000000e+00,-1.048327295061503239e+00
0.000000000000000000e+00,-1.017516464901841777e+00
0.000000000000000000e+00,-4.624530760293572573e-01
0.000000000000000000e+00,-1.500224631457326874e+00
0.000000000000000000e+00,-1.393687891058873252e+00
0.000000000000000000e+00,-1.768608358496373434e+00
0.000000000000000000e+00,-1.221391771860723230e+00
0.000000000000000000e+00,-9.189088033745342887e-01
0.000000000000000000e+00,-1.291382204462512506e+00
0.000000000000000000e+00,-6.686927303559527802e-01
0.000000000000000000e+00,-1.432574217110955450e+00
0.000000000000000000e+00,-1.485816046460404216e+00
0.000000000000000000e+00,-1.073757852623689057e+00
0.000000000000000000e+00,-3.392398350204600121e-01
0.000000000000000000e+00,-1.418611076042805008e+00
0.000000000000000000e+00,-7.957853589073855538e-01
0.000000000000000000e+00,-6.788220456736862030e-01
0.000000000000000000e+00,-1.250943681045919798e+00
0.000000000000000000e+00,-9.169708789932516924e-01
0.000000000000000000e+00,-1.280692434866969265e+00
0.000000000000000000e+00,-1.197406363568943810e+00
0.000000000000000000e+00,-6.482045213699071384e-01
0.000000000000000000e+00,-1.348936921900869113e+00
0.000000000000000000e+00,-8.364286892147643204e-01
0.000000000000000000e+00,-1.643103315109154972e+00
0.000000000000000000e+00,-1.522211513760830970e+00
0.000000000000000000e+00,-9.486080142759981682e-01
0.000000000000000000e+00,-1.445316921436818891e+00
0.000000000000000000e+00,-1.329094097911922789e+00
0.000000000000000000e+00,-1.238151876147967290e+00
0.000000000000000000e+00,-8.123287129214434854e-01
0.000000000000000000e+00,-8.159882537583188489e-01
0.000000000000000000e+00,-9.787000297541749161e-01
0.000000000000000000e+00,-1.308923936775715502e+00
0.000000000000000000e+00,-3.020968004512893379e-01
0.000000000000000000e+00,-1.614958513309683097e+00
0.000000000000000000e+00,-5.824194864154254025e-01
0.000000000000000000e+00,-1.607205046394567516e+00
0.000000000000000000e+00,-1.438400375984699497e+00
0.000000000000000000e+00,-6.464908671692477515e-01
0.000000000000000000e+00,-8.920923711064460138e-01
0.000000000000000000e+00,-1.438155757819246539e+00
0.000000000000000000e+00,-1.098799144389132509e+00
0.000000000000000000e+00,-9.350916441791090605e-01
0.000000000000000000e+00,-1.014195319899634740e+00
0.000000000000000000e+00,-7.656588403244976027e-01
0.000000000000000000e+00,-1.338879709225032411e+00
0.000000000000000000e+00,-1.373596467777007168e+00
0.000000000000000000e+00,-7.247200218895917256e-01
0.000000000000000000e+00,-8.518365372058246399e-01
0.000000000000000000e+00,-1.651737495889400442e+00
0.000000000000000000e+00,-1.430133343626381670e+00
0.000000000000000000e+00,-1.432309693308168930e+00
0.000000000000000000e+00,-1.473415719096675680e+00
0.000000000000000000e+00,-1.098850014351206772e+00
0.000000000000000000e+00,-1.355192600193518837e+00
0.000000000000000000e+00,-1.640837611233115334e+00
0.000000000000000000e+00,-6.979982519857113044e-01
0.000000000000000000e+00,5.707521142300075317e-02
0.000000000000000000e+00,-1.233781482884540814e+00
0.000000000000000000e+00,-3.986329486534322397e-01
0.000000000000000000e+00,-1.390931181461942723e+00
0.000000000000000000e+00,-1.634699597374480895e+00
0.000000000000000000e+00,-3.623693009069024473e-01
0.000000000000000000e+00,-5.699094568726148502e-01
0.000000000000000000e+00,-1.278378072766336748e+00
0.000000000000000000e+00,-6.962054175832145253e-01
0.000000000000000000e+00,-9.662921824830091877e-01
0.000000000000000000e+00,-7.539813087697203597e-01
0.000000000000000000e+00,-1.168103053676666780e+00
0.000000000000000000e+00,-1.121430526994743104e+00
0.000000000000000000e+00,-2.823632362939285101e-01
0.000000000000000000e+00,-1.125979186299177925e+00
0.000000000000000000e+00,-5.990291925539280582e-01
0.000000000000000000e+00,-1.297604264345443514e+00
0.000000000000000000e+00,-4.479193066909822329e-01
0.000000000000000000e+00,-2.236128535730776412e-01
0.000000000000000000e+00,-7.050275960493865846e-01
0.000000000000000000e+00,-8.726972027837532897e-01
0.000000000000000000e+00,-3.118563132621174350e-01
0.000000000000000000e+00,-1.143516937484914342e+00
0.000000000000000000e+00,-3.682976420522914851e-01
0.000000000000000000e+00,-8.019711462956201631e-01
0.000000000000000000e+00,-8.050445766999003716e-01
0.000000000000000000e+00,-1.211145676803967230e+00
0.000000000000000000e+00,-7.873037880133630928e-01
0.000000000000000000e+00,-1.677835998170996490e+00
0.000000000000000000e+00,-1.138041560175734546e+00
0.000000000000000000e+00,2.196255305827079507e-01
0.000000000000000000e+00,-1.364057686366831890e+00
0.000000000000000000e+00,-1.717103627764887674e+00
0.000000000000000000e+00,-1.577134705943709303e+00
0.000000000000000000e+00,-7.996112224028690818e-01
0.000000000000000000e+00,-8.257703262914581899e-01
0.000000000000000000e+00,-9.267985133185097091e-01
0.000000000000000000e+00,-1.713651547903776162e+00
0.000000000000000000e+00,-1.552576899991719994e+00
0.000000000000000000e+00,-1.433611079642278519e+00
0.000000000000000000e+00,-1.298521693052766102e+00
0.000000000000000000e+00,-1.372572433323076879e+00
0.000000000000000000e+00,-1.095261691461235420e+00
0.000000000000000000e+00,-5.783755456042668497e-01
0.000000000000000000e+00,-9.979377223681853426e-01
0.000000000000000000e+00,-1.104339989127764321e+00
0.000000000000000000e+00,-9.058223950440471572e-01
0.000000000000000000e+00,-1.438916153165383349e+00
0.000000000000000000e+00,-1.540567607814719020e+00
0.000000000000000000e+00,-1.220185047890821606e+00
0.000000000000000000e+00,-4.272864500736470728e-01
0.000000000000000000e+00,-1.554956729521804526e+00
0.000000000000000000e+00,-9.564862231850698171e-01
0.000000000000000000e+00,-1.092257709613874139e+00
0.000000000000000000e+00,-1.760488627854322807e+00
0.000000000000000000e+00,-1.656467517667317368e+00
0.000000000000000000e+00,-1.738083727166817027e+00
0.000000000000000000e+00,-9.040454851514170276e-01
0.000000000000000000e+00,-6.559858561772895502e-01
0.000000000000000000e+00,-1.022664062716264421e+00
0.000000000000000000e+00,-1.779571056497132764e+00
0.000000000000000000e+00,-1.215866409284461991e+00
0.000000000000000000e+00,-7.239078718863881656e-01
0.000000000000000000e+00,-1.045952773701374294e+00
0.000000000000000000e+00,-1.040956901078181840e+00
0.000000000000000000e+00,-1.438915268470390751e+00
0.000000000000000000e+00,-1.104189590979022917e+00
0.000000000000000000e+00,-9.557948340483556349e-01
0.000000000000000000e+00,-7.039252660886113899e-01
0.000000000000000000e+00,-1.345969212548204341e+00
0.000000000000000000e+00,-1.903104557093349802e+00
0.000000000000000000e+00,-1.283679165161975000e+00
0.000000000000000000e+00,-6.753956219673600270e-01
0.000000000000000000e+00,-1.466079828218065595e+00
0.000000000000000000e+00,3.671302843508230662e-01
0.000000000000000000e+00,-1.367903455499648757e+00
0.000000000000000000e+00,-1.048215823492436138e+00
0.000000000000000000e+00,-7.847722332920482602e-01
0.000000000000000000e+00,-1.636272142723821155e+00
1.000000000000000000e+00,1.171650235590744993e+00
1.000000000000000000e+00,3.009643882020284766e-01
1.000000000000000000e+00,3.016823181885205374e-01
1.000000000000000000e+00,7.108342889745562498e-01
1.000000000000000000e+00,4.839670862005811536e-01
1.000000000000000000e+00,3.526863115541966076e-01
1.000000000000000000e+00,-1.236481572001945084e+00
1.000000000000000000e+00,1.170890282592104592e+00
1.000000000000000000e+00,1.259868481472495860e+00
1.000000000000000000e+00,4.264729703692172746e-01
1.000000000000000000e+00,-1.659528574306019244e-01
1.000000000000000000e+00,9.712668078033237506e-02
1.000000000000000000e+00,-8.510810196464653477e-02
1.000000000000000000e+00,-9.533474569588367906e-03
1.000000000000000000e+00,7.709276386941685821e-01
1.000000000000000000e+00,7.696912774420150427e-01
1.000000000000000000e+00,1.917682546558299173e-01
1.000000000000000000e+00,-9.264264990741228889e-01
1.000000000000000000e+00,7.323093752248432953e-01
1.000000000000000000e+00,5.671947676290951534e-01
1.000000000000000000e+00,1.557695730595827777e-01
1.000000000000000000e+00,-2.681404372454511686e-01
1.000000000000000000e+00,-4.377745092108784042e-01
1.000000000000000000e+00,7.969239587041199169e-01
1.000000000000000000e+00,5.528397066792246628e-01
1.000000000000000000e+00,-6.526204764254525115e-01
1.000000000000000000e+00,6.276495152531831323e-01
1.000000000000000000e+00,3.170154094527064537e-01
1.000000000000000000e+00,-7.818819347512355744e-01
1.000000000000000000e+00,4.655618796102858198e-02
1.000000000000000000e+00,5.755285944593540037e-01
1.000000000000000000e+00,5.279766809547894457e-01
1.000000000000000000e+00,-3.535068688185671881e-01
1.000000000000000000e+00,-3.395715956426836879e-01
1.000000000000000000e+00,5.672956228582511917e-01
1.000000000000000000e+00,9.540842736214329989e-01
1.000000000000000000e+00,1.263605433121223420e+00
1.000000000000000000e+00,1.387573306994487332e-01
1.000000000000000000e+00,7.667324150392760274e-01
1.000000000000000000e+00,8.930159900199793332e-01
1.000000000000000000e+00,2.105320173587382993e+00
1.000000000000000000e+00,1.060023402552387584e+00
1.000000000000000000e+00,-7.021682618333148218e-01
1.000000000000000000e+00,1.388265150443015905e+00
1.000000000000000000e+00,2.703788910534132395e+00
1.000000000000000000e+00,-2.066669633373883208e-01
1.000000000000000000e+00,-3.256650750540596162e-01
1.000000000000000000e+00,-1.808635068358230291e-01
1.000000000000000000e+00,3.281692015718665756e-01
1.000000000000000000e+00,1.098871686719788077e+00
1.000000000000000000e+00,8.828990604321422797e-01
1.000000000000000000e+00,1.074392176274643340e+00
1.000000000000000000e+00,1.038848670252087159e+00
1.000000000000000000e+00,-2.535531438600240883e-01
1.000000000000000000e+00,-3.127746266644325646e-01
1.000000000000000000e+00,-2.019909079540196384e-01
1.000000000000000000e+00,1.644630296007639103e+00
1.000000000000000000e+00,1.484088234481125923e+00
1.000000000000000000e+00,3.175033187411234192e-01
1.000000000000000000e+00,4.894176920499680450e-01
1.000000000000000000e+00,8.883859387762257365e-01
1.000000000000000000e+00,-4.743234710925205433e-01
1.000000000000000000e+00,1.218611615187751518e+00
1.000000000000000000e+00,4.324610284266065530e-01
1.000000000000000000e+00,4.734746035883868887e-01
1.000000000000000000e+00,1.180058376800382058e+00
1.000000000000000000e+00,-4.996138044983798876e-01
1.000000000000000000e+00,9.939495146828231098e-01
1.000000000000000000e+00,-4.315896184819544706e-02
1.000000000000000000e+00,5.479579597100772137e-01
1.000000000000000000e+00,8.067055888897629590e-01
1.000000000000000000e+00,1.257930999438709563e+00
1.000000000000000000e+00,-9.501181886283603939e-01
1.000000000000000000e+00,1.740380823092038398e-01
1.000000000000000000e+00,-6.756859335324308727e-03
1.000000000000000000e+00,6.650384950302956621e-01
1.000000000000000000e+00,-5.112015395114085647e-01
1.000000000000000000e+00,6.709588739207513752e-01
1.000000000000000000e+00,8.139901554944842244e-02
1.000000000000000000e+00,1.174476704484591662e-02
1.000000000000000000e+00,1.748701379497408226e-01
1.000000000000000000e+00,6.654074128422083900e-01
1.000000000000000000e+00,4.500301862845800804e-01
1.000000000000000000e+00,8.890609610555768594e-01
1.000000000000000000e+00,8.555177504112811970e-01
1.000000000000000000e+00,6.881352272020120342e-01
1.000000000000000000e+00,2.575594824752598933e-01
1.000000000000000000e+00,5.722109882371172462e-01
1.000000000000000000e+00,3.994150163681501886e-01
1.000000000000000000e+00,-2.146628366804753385e-01
1.000000000000000000e+00,6.395203526638427727e-01
1.000000000000000000e+00,-1.165358729809632621e+00
1.000000000000000000e+00,4.489243175438344946e-01
1.000000000000000000e+00,1.376584079111446918e-03
1.000000000000000000e+00,1.412093525373609548e+00
1.000000000000000000e+00,7.785227332412912593e-02
1.000000000000000000e+00,1.212689466907310720e+00
1.000000000000000000e+00,-8.100147931683073788e-01
1.000000000000000000e+00,1.143781458628963188e+00
1.000000000000000000e+00,-7.419414946154747614e-01
1.000000000000000000e+00,2.463388958841587206e-01
1.000000000000000000e+00,1.932304797360251847e+00
1.000000000000000000e+00,1.343861424069605848e+00
1.000000000000000000e+00,1.105211411036734370e+00
1.000000000000000000e+00,4.733604659700237777e-02
1.000000000000000000e+00,1.043399098946507175e+00
1.000000000000000000e+00,1.663914877456257324e+00
1.000000000000000000e+00,1.139570310464204095e+00
1.000000000000000000e+00,1.762195644183800480e+00
1.000000000000000000e+00,5.184976164566144075e-01
1.000000000000000000e+00,-1.529354553095373104e-01
1.000000000000000000e+00,1.767301218986074618e+00
1.000000000000000000e+00,6.952959484720879768e-01
1.000000000000000000e+00,1.430055487808295833e+00
1.000000000000000000e+00,2.488328510682882022e-01
1.000000000000000000e+00,-5.317353102895728822e-01
1.000000000000000000e+00,-6.538869292716724402e-02
1.000000000000000000e+00,-3.486583098759602622e-02
1.000000000000000000e+00,1.231557345050097729e-01
1.000000000000000000e+00,-5.162416588485488345e-02
1.000000000000000000e+00,8.323900539148240130e-01
1.000000000000000000e+00,1.508568629621263257e+00
1.000000000000000000e+00,6.453938307553726272e-02
1.000000000000000000e+00,6.805755084902750385e-01
1.000000000000000000e+00,5.563139039151510090e-01
1.000000000000000000e+00,7.476791813312219093e-01
1.000000000000000000e+00,9.366513587923193107e-01
1.000000000000000000e+00,1.006916489189309649e+00
1.000000000000000000e+00,-5.107538838451547436e-01
1.000000000000000000e+00,9.908981896890396712e-02
1.000000000000000000e+00,7.795498760920138714e-01
1.000000000000000000e+00,-4.959909785036972774e-01
1.000000000000000000e+00,-1.416909819536360249e-01
1.000000000000000000e+00,2.390972262186920272e+00
1.000000000000000000e+00,4.481944441749424191e-01
1.000000000000000000e+00,-2.510662662358353892e-01
1.000000000000000000e+00,5.213224475679749670e-01
1.000000000000000000e+00,1.238944117855100169e+00
1.000000000000000000e+00,2.479353279982990654e-01
1.000000000000000000e+00,6.945280332185141958e-01
1.000000000000000000e+00,-2.306130027019973050e-01
1.000000000000000000e+00,-9.629798844307280170e-01
1.000000000000000000e+00,-8.252806476130559732e-01
1.000000000000000000e+00,6.664522376284648386e-01
1.000000000000000000e+00,9.977161036138025851e-01
1.000000000000000000e+00,1.252164999824461944e+00
1.000000000000000000e+00,1.794474625683675661e+00
1.000000000000000000e+00,-4.584029423532505754e-01
1.000000000000000000e+00,6.773092145776088424e-01
1.000000000000000000e+00,7.071614777127919194e-01
1.000000000000000000e+00,9.268852107690468412e-01
1.000000000000000000e+00,7.471841944828642168e-01
1.000000000000000000e+00,1.826563385795824668e-01
1.000000000000000000e+00,5.624094524141407536e-01
1.000000000000000000e+00,1.531580431073690240e+00
1.000000000000000000e+00,5.968608024683367264e-01
1.000000000000000000e+00,-2.338310807375670042e-01
1.000000000000000000e+00,1.730474020529261026e+00
1.000000000000000000e+00,-1.364022872522123626e-02
1.000000000000000000e+00,7.680116839985705601e-01
1.000000000000000000e+00,-4.821888519241995796e-01
1.000000000000000000e+00,1.447576872136669079e+00
1.000000000000000000e+00,7.835310035586980915e-01
1.000000000000000000e+00,1.042586494631489169e-01
1.000000000000000000e+00,-3.842186251033758576e-02
1.000000000000000000e+00,6.916757765623831045e-01
1.000000000000000000e+00,4.563088666470373478e-01
1.000000000000000000e+00,-2.244338624905252780e-02
1.000000000000000000e+00,1.002365618147393445e+00
1.000000000000000000e+00,1.077453220949027290e+00
1.000000000000000000e+00,1.403595145274727729e+00
1.000000000000000000e+00,2.975806079907772794e+00
1.000000000000000000e+00,9.491087489830704049e-01
1.000000000000000000e+00,6.261667664455914384e-01
1.000000000000000000e+00,7.790110968415225878e-01
1.000000000000000000e+00,-1.029484188378508858e-01
1.000000000000000000e+00,-2.449721763868337263e-03
1.000000000000000000e+00,-3.334999339084940284e-01
1.000000000000000000e+00,8.103102786370972588e-01
1.000000000000000000e+00,5.149570670962433372e-01
1.000000000000000000e+00,-3.874318253521681910e-01
1.000000000000000000e+00,1.337835634867531875e-02
1.000000000000000000e+00,1.644454241704112363e+00
1.000000000000000000e+00,6.419913057781647669e-01
1.000000000000000000e+00,-2.102185713851669191e-01
1.000000000000000000e+00,-2.102185713851669191e-01
1.000000000000000000e+00,1.676682783625091655e-01
1.000000000000000000e+00,-4.785828351343763276e-01
1.000000000000000000e+00,8.476590047920466997e-01
1.000000000000000000e+00,4.181732042961733842e-01
1.000000000000000000e+00,1.139270398861713884e+00
1.000000000000000000e+00,1.271987906211757002e-01
1.000000000000000000e+00,1.077378021874656477e+00
1.000000000000000000e+00,4.392156746950807156e-01
1.000000000000000000e+00,2.558422894946301152e-01
1.000000000000000000e+00,6.101272462298172883e-01
1.000000000000000000e+00,-1.389563897315203023e-01
1.000000000000000000e+00,1.533811631845018564e+00
1.000000000000000000e+00,-7.731216968988632865e-02
1.000000000000000000e+00,-1.598524431091528919e-01
1.000000000000000000e+00,8.237050031725042798e-01
1.000000000000000000e+00,7.219942739586645564e-01
1.000000000000000000e+00,6.690001592071427305e-01
1.000000000000000000e+00,-7.980444275709807078e-01
1.000000000000000000e+00,3.490696784244621820e-01
1.000000000000000000e+00,4.739134003403966400e-02
1.000000000000000000e+00,-6.351004191395680509e-01
1.000000000000000000e+00,5.540282944017780320e-01
1.000000000000000000e+00,1.180358730750368457e+00
1.000000000000000000e+00,-3.589862272552135081e-01
1.000000000000000000e+00,-4.472018190519864711e-01
1.000000000000000000e+00,2.456373327550296914e-01
1.000000000000000000e+00,5.038983796887872568e-01
1.000000000000000000e+00,1.757008665477889087e-01
1.000000000000000000e+00,-1.788154379279621731e-01
1.000000000000000000e+00,-4.947431162166399665e-01
1.000000000000000000e+00,-2.957367281495132394e-01
1.000000000000000000e+00,5.621953562259324189e-01
1.000000000000000000e+00,8.613620455323736103e-01
1.000000000000000000e+00,3.420106970785348754e-01
1.000000000000000000e+00,1.591602562846398561e+00
1.000000000000000000e+00,-7.836274499359464907e-02
1.000000000000000000e+00,2.353580616360511635e-01
1.000000000000000000e+00,1.205111169600729282e+00
1.000000000000000000e+00,6.664522376284648386e-01
1.000000000000000000e+00,1.052764922485629917e+00
1.000000000000000000e+00,1.459003580696727198e-01
1.000000000000000000e+00,7.425859922588440298e-01
1.000000000000000000e+00,-7.807605838481195271e-01
1.000000000000000000e+00,1.680208305134906599e+00
1.000000000000000000e+00,1.284369224597462722e+00
1.000000000000000000e+00,4.322991292429613774e-01
1.000000000000000000e+00,-1.659528574306019244e-01
1.000000000000000000e+00,1.100644615484951405e+00
1.000000000000000000e+00,-3.668799183266556185e-01
1.000000000000000000e+00,-3.215662831533601107e-01
1.000000000000000000e+00,-7.102888771703579351e-01
1.000000000000000000e+00,4.295503819009641178e-01
1.000000000000000000e+00,1.555369879424609802e+00
1.000000000000000000e+00,-2.226644725053323129e-02
1.000000000000000000e+00,1.173438204170782484e+00
1.000000000000000000e+00,4.365624744122838519e-01
1.000000000000000000e+00,1.040814020178140176e+00
1.000000000000000000e+00,-9.022606249681718038e-02
1.000000000000000000e+00,4.697553338751931512e-02
1.000000000000000000e+00,1.060802376493368948e+00
1.000000000000000000e+00,5.404256665431108608e-01
1.000000000000000000e+00,5.168485449904145490e-01
1.000000000000000000e+00,1.002321383397763555e+00
1.000000000000000000e+00,1.315191986175206218e-01
1.000000000000000000e+00,1.270806850360958640e+00
1.000000000000000000e+00,-1.450901117226909053e-03
1.000000000000000000e+00,-7.681957032157680221e-01
1.000000000000000000e+00,3.828296393419439170e-01
1.000000000000000000e+00,-1.651853845245244978e-01
1.000000000000000000e+00,-9.423302186085334986e-01
1.000000000000000000e+00,1.558607863097512869e+00
1.000000000000000000e+00,1.557733784444827574e+00
1.000000000000000000e+00,1.056255928926415510e+00
1.000000000000000000e+00,-3.533427578974405736e-01
1.000000000000000000e+00,3.271796702226474340e-01
1.000000000000000000e+00,3.593480648484481121e-01
1.000000000000000000e+00,9.686498919795415441e-01
1.000000000000000000e+00,-1.665756827053898603e-01
1.000000000000000000e+00,9.261650690450732304e-01
1.000000000000000000e+00,7.679143675493849130e-01
1.000000000000000000e+00,7.763494919562961005e-01
1.000000000000000000e+00,2.925381107450432672e-01
1.000000000000000000e+00,6.514699279288433953e-01
1.000000000000000000e+00,1.310414645179503124e+00
1.000000000000000000e+00,1.229372028775203331e-02
1.000000000000000000e+00,3.593892031656038544e-01
1.000000000000000000e+00,1.016644595327900635e+00
1.000000000000000000e+00,5.634710864052565604e-01
1.000000000000000000e+00,-1.997172418230466762e-01
1.000000000000000000e+00,-1.438093841134082951e-01
1.000000000000000000e+00,1.191214380657023675e+00
1.000000000000000000e+00,-1.116438635499017451e+00
1.000000000000000000e+00,2.268067779730439160e+00
1.000000000000000000e+00,1.793922576008295522e+00
1.000000000000000000e+00,5.670063275956721549e-01
1.000000000000000000e+00,-2.025610938767480607e-01
1.000000000000000000e+00,5.387867690693258771e-01
1.000000000000000000e+00,6.025427560582875541e-01
1.000000000000000000e+00,1.228730756513070066e+00
1.000000000000000000e+00,-3.792554742305915272e-01
1.000000000000000000e+00,9.858005891060168668e-01
1.000000000000000000e+00,1.289439411600033170e+00
1.000000000000000000e+00,7.027105772050390442e-01
1.000000000000000000e+00,2.184960416820918017e+00
1.000000000000000000e+00,1.921601757339819638e+00
1.000000000000000000e+00,1.487287279610036705e-01
1.000000000000000000e+00,-1.862167962360243567e-01
1.000000000000000000e+00,1.057557315260524877e+00
1.000000000000000000e+00,8.298439017261313166e-01
1.000000000000000000e+00,-9.120940098108816507e-02
1.000000000000000000e+00,7.753139564674619288e-01
1.000000000000000000e+00,7.067854823409384091e-01
1.000000000000000000e+00,2.022372055776529454e+00
1.000000000000000000e+00,1.306154838790151151e+00
1.000000000000000000e+00,-5.663428090099621448e-01
1.000000000000000000e+00,-5.300402346837580492e-01
1.000000000000000000e+00,-1.216573280583546524e+00
1.000000000000000000e+00,7.705100626576630862e-01
1.000000000000000000e+00,-1.907221054858219411e-01
1.000000000000000000e+00,5.394507326612695275e-01
1.000000000000000000e+00,6.173401645044563901e-01
1.000000000000000000e+00,1.351053097700104511e-01
1.000000000000000000e+00,4.107404393158740619e-01
1.000000000000000000e+00,-6.566073544095885062e-01
1.000000000000000000e+00,2.956088870643456823e-01
1.000000000000000000e+00,2.787169632232047722e-01
1.000000000000000000e+00,3.134739753973427301e-01
1.000000000000000000e+00,1.077752247856524903e+00
1.000000000000000000e+00,6.665221285328799539e-01
1.000000000000000000e+00,1.414867928870392033e+00
1.000000000000000000e+00,1.830044660591691741e-01
1.000000000000000000e+00,8.797628166833877383e-01
1.000000000000000000e+00,-1.211492034893568714e+00
1.000000000000000000e+00,-3.022613537199123068e-01
1.000000000000000000e+00,7.005377663032220648e-01
1.000000000000000000e+00,-4.207392647809368169e-01
1.000000000000000000e+00,6.883926734448575502e-01
1.000000000000000000e+00,-3.593772624419411255e-01
1.000000000000000000e+00,-2.841905857654546466e-02
1.000000000000000000e+00,5.418814321534283218e-01
1.000000000000000000e+00,8.774174902580145208e-01
1.000000000000000000e+00,2.652377503160047723e-01
1.000000000000000000e+00,-3.404545212452950165e-01
1.000000000000000000e+00,-4.913582731749657762e-01
1.000000000000000000e+00,6.470959958854464178e-01
1.000000000000000000e+00,1.279449435743633678e+00
1.000000000000000000e+00,3.462797927653091801e-01
1.000000000000000000e+00,-9.697849702780982073e-02
1.000000000000000000e+00,2.652377503160047723e-01
1.000000000000000000e+00,3.305282407696251146e-01
1.000000000000000000e+00,-3.890269304238196391e-01
1.000000000000000000e+00,1.786051444659164655e+00
1.000000000000000000e+00,-4.896238286419803964e-01
1.000000000000000000e+00,6.026613051872955484e-01
1.000000000000000000e+00,-2.261076934521997206e-01
1.000000000000000000e+00,7.931971810478072316e-01
1.000000000000000000e+00,-4.757677356679342884e-01
1.000000000000000000e+00,-2.510662662358353892e-01
1.000000000000000000e+00,3.294754537284352858e-01
1.000000000000000000e+00,1.450085855171354687e-01
1.000000000000000000e+00,-9.737408719731752704e-01
1.000000000000000000e+00,-9.714539354173133967e-01
1.000000000000000000e+00,-6.271248937813107549e-01
1.000000000000000000e+00,4.348881891387950116e-01
1.000000000000000000e+00,-1.350619611776787687e+00
1.000000000000000000e+00,7.795118342073322770e-01
1.000000000000000000e+00,7.938788385396028380e-01
1.000000000000000000e+00,-4.186509422509128164e-01
1.000000000000000000e+00,-2.012088375805643481e-01
1.000000000000000000e+00,7.407197281719617443e-01
1.000000000000000000e+00,-3.399201654697667219e-01
1.000000000000000000e+00,1.041932716996278430e+00
1.000000000000000000e+00,-5.119499914751451941e-01
1.000000000000000000e+00,1.281714254924680718e+00
1.000000000000000000e+00,5.018441179159782717e-01
1.000000000000000000e+00,1.238549986235898404e+00
1.000000000000000000e+00,4.490273845104719719e-01
1.000000000000000000e+00,1.966248774836193869e+00
1.000000000000000000e+00,7.488651149687974851e-01
1.000000000000000000e+00,-1.735408863821019665e-01
1.000000000000000000e+00,7.923284105650775233e-01
1.000000000000000000e+00,1.940005182575811782e+00
1.000000000000000000e+00,1.387573306994487332e-01
1.000000000000000000e+00,5.830679651862612500e-01
1.000000000000000000e+00,2.302104638216285470e-01
1.000000000000000000e+00,-7.974640676558374386e-01
1.000000000000000000e+00,-8.210664030158226767e-01
1.000000000000000000e+00,7.473819238137094922e-01
1.000000000000000000e+00,-3.309776684846014727e-01
1.000000000000000000e+00,4.290912251998065807e-01
1.000000000000000000e+00,-6.855103517820337888e-02
1.000000000000000000e+00,1.328608397702249810e+00
1.000000000000000000e+00,1.586104183467411444e+00
1.000000000000000000e+00,-8.390827741925537264e-01
1.000000000000000000e+00,7.487399306273451183e-01
1.000000000000000000e+00,-9.684757413322366351e-03
1.000000000000000000e+00,9.570727733064239295e-01
1.000000000000000000e+00,5.523349881859483945e-01
1.000000000000000000e+00,1.508568629621263257e+00
1.000000000000000000e+00,-5.417084769411131262e-01
1.000000000000000000e+00,1.439327976025699618e+00
1.000000000000000000e+00,8.011134198772423831e-02
1.000000000000000000e+00,1.615470749051659105e+00
1.000000000000000000e+00,-2.621758236053656765e-01
1.000000000000000000e+00,7.565035715348755740e-01
1.000000000000000000e+00,-1.035486843903275916e-01
1.000000000000000000e+00,1.865858895246300664e+00
1.000000000000000000e+00,4.419728266395076544e-01
1.000000000000000000e+00,-9.758619282179253895e-01
1.000000000000000000e+00,1.181810072885723040e+00
1.000000000000000000e+00,3.420841267629203819e-01
1.000000000000000000e+00,6.552201500024599223e-01
1.000000000000000000e+00,1.028999360899510496e+00
1.000000000000000000e+00,-6.351004191395680509e-01
1.000000000000000000e+00,5.987226430802560229e-01
1.000000000000000000e+00,9.353066224035726517e-01
1.000000000000000000e+00,1.604544753928774381e-01
1.000000000000000000e+00,-1.321702471248779043e+00
1.000000000000000000e+00,6.852290041513325880e-01
1.000000000000000000e+00,-3.221050624038513943e-01
1.000000000000000000e+00,-8.695693636374284274e-01
1.000000000000000000e+00,2.785802778468485785e-01
1.000000000000000000e+00,1.489777707978513943e+00
1.000000000000000000e+00,7.753139564674619288e-01
1.000000000000000000e+00,5.539703468797629871e-01
1.000000000000000000e+00,1.210439555933638493e-02
1.000000000000000000e+00,1.316826029790849839e+00
1.000000000000000000e+00,4.936182238748161311e-01
1.000000000000000000e+00,2.445964902926717421e+00
1.000000000000000000e+00,8.605905914988294381e-01
1.000000000000000000e+00,4.782276274361114687e-01
1.000000000000000000e+00,7.882787192364670847e-01
1.000000000000000000e+00,1.055594619419449653e+00
1.000000000000000000e+00,1.834216894141094789e+00
1.000000000000000000e+00,6.928267647477511781e-01
1.000000000000000000e+00,-5.419146108743880808e-01
1.000000000000000000e+00,3.541978129490476745e-01
1.000000000000000000e+00,-1.095999969432557286e+00
1.000000000000000000e+00,-8.769450657907053026e-01
1.000000000000000000e+00,2.702884740287380683e-01
1.000000000000000000e+00,1.205111169600729282e+00
1.000000000000000000e+00,7.566026573740463057e-01
1.000000000000000000e+00,1.281716909009658512e+00
1.000000000000000000e+00,1.661557165300987737e+00
1.000000000000000000e+00,1.055139443845758862e+00
1.000000000000000000e+00,2.719962019693788591e+00
1.000000000000000000e+00,-3.874419993445830657e-01
1.000000000000000000e+00,7.841600216984341287e-01
1.000000000000000000e+00,2.323187816549170392e+00
1.000000000000000000e+00,9.459623312419009888e-01
1.000000000000000000e+00,1.408081433582184516e+00
1.000000000000000000e+00,-2.556149375045882813e-02
1.000000000000000000e+00,4.079832873714471231e-01
1.000000000000000000e+00,2.861577801243685215e+00
1.000000000000000000e+00,4.785518681508980632e-01
1.000000000000000000e+00,9.980111493938335077e-01
1.000000000000000000e+00,6.466890361888520955e-01
1.000000000000000000e+00,-5.527016969191169693e-01
1.000000000000000000e+00,2.021758065487349321e-01
1.000000000000000000e+00,4.207560713270588337e-01
1.000000000000000000e+00,1.761569268164724089e-01
1.000000000000000000e+00,-4.472018190519864711e-01
1.000000000000000000e+00,-1.877517420481792376e-01
1.000000000000000000e+00,-1.090957207974757370e+00
1.000000000000000000e+00,9.847460326748418424e-01
1.000000000000000000e+00,9.980111493938335077e-01
1.000000000000000000e+00,6.128379516871328425e-01
1.000000000000000000e+00,4.347612354073573937e-01
1.000000000000000000e+00,-3.593409899472446711e-01
1.000000000000000000e+00,1.569541808511012659e+00
1.000000000000000000e+00,9.273682542350044633e-01
1.000000000000000000e+00,1.237682985143153891e+00
1.000000000000000000e+00,-1.659360482257425939e-01
1.000000000000000000e+00,3.983175522298342264e-01
1.000000000000000000e+00,-7.622058757683934926e-01
1.000000000000000000e+00,5.608815841619266829e-01
1.000000000000000000e+00,8.734257464514192382e-01
1.000000000000000000e+00,-3.931717384284522804e-02
1.000000000000000000e+00,8.871562127365165695e-01
1.000000000000000000e+00,2.575594824752598933e-01
1.000000000000000000e+00,-2.821146370010089166e-01
1.000000000000000000e+00,1.772716425071439728e-01
1.000000000000000000e+00,3.066397065795349319e-01
1.000000000000000000e+00,-9.774322618297841547e-01
1.000000000000000000e+00,4.068039889463159753e-01
1.000000000000000000e+00,-1.034641960185346404e-01
1.000000000000000000e+00,-1.851631244998419301e-01
1.000000000000000000e+00,3.775104106989575770e-01
1.000000000000000000e+00,7.682850547512829475e-01
1.000000000000000000e+00,3.840080530720824670e-01
1.000000000000000000e+00,-1.803627814343315358e-02
1.000000000000000000e+00,7.743328297206724109e-01
1.000000000000000000e+00,1.071611579912912671e+00
1.000000000000000000e+00,7.979187982232947007e-01
1.000000000000000000e+00,2.763791567052685250e-01
1.000000000000000000e+00,1.008968084912822832e-01
1.000000000000000000e+00,-3.124079325543194577e-02
1.000000000000000000e+00,-4.958905656220375935e-01
1.000000000000000000e+00,-6.720815545250936607e-01
1.000000000000000000e+00,1.791014583567630769e+00
1.000000000000000000e+00,1.177466662819570686e+00
1.000000000000000000e+00,2.146769891416195064e-01
1.000000000000000000e+00,-1.789777794591036475e-01
1.000000000000000000e+00,1.068292204300690607e+00
1.000000000000000000e+00,4.454625060378044621e-01
1.000000000000000000e+00,1.046602579514698927e+00
1.000000000000000000e+00,4.973958714932031344e-01
1.000000000000000000e+00,9.082088571278387201e-01
1.000000000000000000e+00,1.333175635601529185e+00
1.000000000000000000e+00,1.429066398806573046e+00
1.000000000000000000e+00,2.394776438690766895e-01
1.000000000000000000e+00,-6.818189499611068127e-01
1.000000000000000000e+00,1.430055487808295833e+00
1.000000000000000000e+00,-3.965733906749857596e-02
1.000000000000000000e+00,-1.076839245282902535e+00
1.000000000000000000e+00,1.409097063433685237e+00
1.000000000000000000e+00,1.643889806298835854e+00
1.000000000000000000e+00,-2.540313215035224781e-01
1.000000000000000000e+00,4.944427596079160603e-01
1.000000000000000000e+00,3.463978995468208200e-01
1.000000000000000000e+00,1.093900143208892173e+00
1.000000000000000000e+00,1.655799570289169687e+00
1.000000000000000000e+00,2.115025277656166214e+00
1.000000000000000000e+00,1.191732799958367117e-01
1.000000000000000000e+00,1.067695035180687979e+00
1.000000000000000000e+00,1.391617702117460276e+00
1.000000000000000000e+00,5.541269378934525758e-01
1.000000000000000000e+00,5.430001289715665758e-01
1.000000000000000000e+00,-2.248204622379718354e-01
1.000000000000000000e+00,8.449359136048346652e-01
1.000000000000000000e+00,-1.383857614612955533e-01
1.000000000000000000e+00,4.657033111659201509e-03
1.000000000000000000e+00,2.288000842608630681e+00
1.000000000000000000e+00,-4.145955004048505477e-01
1.000000000000000000e+00,1.136578271999242773e+00
1.000000000000000000e+00,9.112376104349928507e-01
1.000000000000000000e+00,1.467345381746237631e+00
1.000000000000000000e+00,3.631080185669831595e-01
1.000000000000000000e+00,2.477725441196613199e-01
1.000000000000000000e+00,7.007801727311935291e-01
1.000000000000000000e+00,-2.462539678236068119e-01
1.000000000000000000e+00,5.851700004886705164e-01
1.000000000000000000e+00,3.339621843833883719e-01
1.000000000000000000e+00,6.307450630322782859e-01
1.000000000000000000e+00,3.545065715014638630e-01
1.000000000000000000e+00,4.142672639395417883e-02
1.000000000000000000e+00,9.446560790853323342e-01
1.000000000000000000e+00,6.564693393320061299e-01
1.000000000000000000e+00,3.308710600792562628e-01
1.000000000000000000e+00,3.686227648033333359e-01
1.000000000000000000e+00,5.340226865341938245e-01
1.000000000000000000e+00,1.280681373520824451e+00
1.000000000000000000e+00,-3.452876099898495865e-01
1.000000000000000000e+00,1.167896474737158075e+00
1.000000000000000000e+00,8.453472967763920876e-01
1.000000000000000000e+00,8.374540480524462760e-01
1.000000000000000000e+00,9.117640039555877651e-01
1.000000000000000000e+00,1.583068794947813052e+00
1.000000000000000000e+00,-4.376873667541076318e-01
1.000000000000000000e+00,3.705421105897713785e-01
1.000000000000000000e+00,1.082242959638944679e+00
1.000000000000000000e+00,6.917142607945611088e-01
1.000000000000000000e+00,9.166395580597869186e-01
1.000000000000000000e+00,4.038995352856217247e-01
1.000000000000000000e+00,1.099669681603110183e+00
1.000000000000000000e+00,-1.017753132776679503e-01
1.000000000000000000e+00,1.450505212562163582e+00
1.000000000000000000e+00,5.802537504148118641e-01
1.000000000000000000e+00,1.013198708331737308e+00
1.000000000000000000e+00,1.022061570803250857e-01
1.000000000000000000e+00,7.465932182278097740e-01
1.000000000000000000e+00,-2.146628366804753385e-01
1.000000000000000000e+00,1.199198752965206838e+00
1.000000000000000000e+00,1.576568056142213958e+00
1.000000000000000000e+00,-6.272487510802743360e-01
1.000000000000000000e+00,-1.889620047980512252e-01
1.000000000000000000e+00,5.054404030608828924e-01
1.000000000000000000e+00,-8.295019697702301631e-01
1.000000000000000000e+00,2.333975775324573787e-01
1.000000000000000000e+00,7.590461849435978792e-01
1.000000000000000000e+00,8.830640560482615475e-01
1.000000000000000000e+00,9.158698734162279420e-01
1.000000000000000000e+00,7.965156719650365869e-01
1.000000000000000000e+00,-4.988741994845692362e-01
1.000000000000000000e+00,4.505008440206414444e-01
1.000000000000000000e+00,1.192752422901652620e+00
1.000000000000000000e+00,1.461813383957531798e+00
1.000000000000000000e+00,1.416189220841834961e+00
1.000000000000000000e+00,1.005468243486429269e+00
1.000000000000000000e+00,-3.337733166255244660e-02
1.000000000000000000e+00,-1.553971179300052130e+00
1.000000000000000000e+00,1.389477624930369304e+00
1.000000000000000000e+00,5.895483560070304829e-01
1.000000000000000000e+00,9.163874199868969894e-01
1.000000000000000000e+00,1.484995931543529935e+00
1.000000000000000000e+00,2.462849294896103103e-01
1.000000000000000000e+00,1.480173459138886649e+00
1.000000000000000000e+00,-8.432165115454607340e-01
1.000000000000000000e+00,1.473643525398531828e+00
1.000000000000000000e+00,8.571278952978067522e-01
1.000000000000000000e+00,1.005834507213364315e+00
1.000000000000000000e+00,1.869801980828303067e+00
1.000000000000000000e+00,-4.797479784396258551e-01
1.000000000000000000e+00,-3.288809413521478486e-01
1.000000000000000000e+00,2.124562289676356297e+00
1.000000000000000000e+00,3.941541775946751924e-01
1.000000000000000000e+00,9.319173558869355833e-01
1.000000000000000000e+00,2.740225958499211245e+00
1.000000000000000000e+00,1.491368831922698757e+00
1.000000000000000000e+00,3.942068169467347061e-01
1.000000000000000000e+00,-2.031330491894616785e-01
1.000000000000000000e+00,-3.917049021664091857e-01
1.000000000000000000e+00,-5.973814600945352021e-02
1.000000000000000000e+00,1.321559590348737379e+00
1.000000000000000000e+00,1.146268324288833851e-01
1.000000000000000000e+00,9.314466861865561276e-02
1.000000000000000000e+00,5.995316966509854906e-01
1.000000000000000000e+00,9.450409214071118225e-01
1.000000000000000000e+00,1.104267429515315840e-01
1.000000000000000000e+00,1.140950434652654444e+00
1.000000000000000000e+00,1.017074114746806313e+00
1.000000000000000000e+00,3.469092532525415717e-01
1.000000000000000000e+00,-3.448753421232996219e-01
1.000000000000000000e+00,9.069242799985887116e-01
1.000000000000000000e+00,2.329216116264404557e-01
1.000000000000000000e+00,-4.421086299796085362e-01
1.000000000000000000e+00,-4.146074437872506180e-01
1.000000000000000000e+00,-2.468759084034021223e-01
1.000000000000000000e+00,1.018753708190250684e+00
1.000000000000000000e+00,-7.767471650142055983e-01
1.000000000000000000e+00,1.213449419905951121e+00
1.000000000000000000e+00,1.333175635601529185e+00
1.000000000000000000e+00,1.197132990157494081e+00
1.000000000000000000e+00,-1.031519859592155308e+00
1.000000000000000000e+00,1.082927713563214267e+00
1.000000000000000000e+00,1.336791826383767257e+00
1.000000000000000000e+00,6.806312442748086999e-01
1.000000000000000000e+00,-3.471224674044947056e-01
1.000000000000000000e+00,5.788444312916056766e-01
1.000000000000000000e+00,1.191868612604048749e+00
1.000000000000000000e+00,4.017103575264417414e-01
1.000000000000000000e+00,1.531588381364305529e-01
1.000000000000000000e+00,-6.970149135014402919e-01
1.000000000000000000e+00,4.312087426645862531e-01
1.000000000000000000e+00,8.462213754290773826e-01
1.000000000000000000e+00,1.080124115131676055e+00
1.000000000000000000e+00,1.303274271894256930e+00
1.000000000000000000e+00,6.632832601649842896e-01
1.000000000000000000e+00,-1.056119688556293124e+00
1.000000000000000000e+00,1.186157021731845784e+00
1.000000000000000000e+00,1.090008812283956408e+00
1.000000000000000000e+00,1.135639610612097838e+00
1.000000000000000000e+00,8.494124702673728766e-01
1.000000000000000000e+00,1.517207544616468694e-02
1.000000000000000000e+00,1.296399307106789855e+00
1.000000000000000000e+00,-1.755712613901108943e-01
1.000000000000000000e+00,6.609786297092704599e-01
1.000000000000000000e+00,3.611590235339749710e-02
1.000000000000000000e+00,-7.339341322018021196e-02
1.000000000000000000e+00,-7.650346880072207423e-01
1.000000000000000000e+00,4.103595781215612637e-01
1.000000000000000000e+00,-8.776545911747677398e-01
1.000000000000000000e+00,5.855990775600797837e-01
1.000000000000000000e+00,7.689016871611226156e-01
1.000000000000000000e+00,-5.760116525483671701e-02
1.000000000000000000e+00,1.375744946907790478e+00
1.000000000000000000e+00,3.284669014368752915e-01
1.000000000000000000e+00,3.231835029410891069e-01
1.000000000000000000e+00,2.228042396911071032e-01
1.000000000000000000e+00,3.382087203478514881e-01
1.000000000000000000e+00,9.645307520940122892e-01
1.000000000000000000e+00,7.237521629089538333e-01
1.000000000000000000e+00,-3.660814810958372689e-01
1.000000000000000000e+00,8.467849261393612936e-01
1.000000000000000000e+00,-1.246326457879558758e+00
1.000000000000000000e+00,-1.192063690508653684e+00
1.000000000000000000e+00,9.627445529039599936e-01
1.000000000000000000e+00,3.384135152743194402e-02
1.000000000000000000e+00,6.409292294395526612e-01
1.000000000000000000e+00,-3.240248505377857358e-01
1.000000000000000000e+00,5.764212517068838526e-01
1.000000000000000000e+00,-2.355721604829968951e-01
1.000000000000000000e+00,2.809225078397477593e-01
1.000000000000000000e+00,1.179546580747165008e+00
1.000000000000000000e+00,-1.364022872522123626e-02
1.000000000000000000e+00,2.878775375240450463e-01
1.000000000000000000e+00,7.151631015733308505e-01
1.000000000000000000e+00,-2.060773141248227747e-01
1.000000000000000000e+00,-2.666430909704816110e-01
1.000000000000000000e+00,-2.380608074971707899e-01
1.000000000000000000e+00,-5.790514525786105704e-01
1.000000000000000000e+00,-4.836282506771540368e-01
1.000000000000000000e+00,2.205960409895862673e-01
1.000000000000000000e+00,7.261134018798756640e-02
1.000000000000000000e+00,4.117627043798192665e-01
1.000000000000000000e+00,5.778403024750086159e-01
1.000000000000000000e+00,4.450670473761138557e-01
1.000000000000000000e+00,-9.321765861428217559e-02
1.000000000000000000e+00,-1.060572370418349231e-01
1.000000000000000000e+00,1.319850359623041092e+00
1.000000000000000000e+00,8.447058929067595701e-01
1.000000000000000000e+00,9.353066224035726517e-01
1.000000000000000000e+00,9.735161567863184207e-01
1.000000000000000000e+00,3.784318205337467989e-01
1.000000000000000000e+00,5.336073222351697121e-01
1.000000000000000000e+00,-4.941375424942076600e-01
1.000000000000000000e+00,-3.967060949238752215e-02
1.000000000000000000e+00,1.076422108935155997e+00
1.000000000000000000e+00,-2.611079967493017406e-01
1.000000000000000000e+00,1.101913268104334653e+00
1.000000000000000000e+00,-7.942787233349938303e-01
1.000000000000000000e+00,2.558422894946301152e-01
1.000000000000000000e+00,-1.470194998940446418e-01
1.000000000000000000e+00,-4.204857996655579355e-01
1.000000000000000000e+00,-8.668144234304829832e-01
1.000000000000000000e+00,1.287067986672378428e+00
1.000000000000000000e+00,2.187894938147042778e-01
1.000000000000000000e+00,5.545701700847434079e-01
1.000000000000000000e+00,8.270712676193339163e-01
1.000000000000000000e+00,3.162284732567918755e-01
1.000000000000000000e+00,1.329268380166726882e+00
1.000000000000000000e+00,4.114234238501585095e-01
1.000000000000000000e+00,-1.919929698426867948e-01
1.000000000000000000e+00,6.861990722107146334e-01
1.000000000000000000e+00,-8.188829757740945237e-01
1.000000000000000000e+00,-3.279767830697142283e-01
1.000000000000000000e+00,6.738907531262160466e-01
1.000000000000000000e+00,-1.610255486693358273e-01
1.000000000000000000e+00,1.612344236947823140e+00
1.000000000000000000e+00,1.460333289234917897e+00
1.000000000000000000e+00,7.107860730974597807e-01
1.000000000000000000e+00,7.123130566546812537e-01
1.000000000000000000e+00,1.036679398130240681e+00
1.000000000000000000e+00,4.440244343273389016e-01
1.000000000000000000e+00,8.084033185805555854e-01
1.000000000000000000e+00,1.377432060258671820e+00
1.000000000000000000e+00,1.725344558962186525e+00
1.000000000000000000e+00,8.523394836503783711e-01
1.000000000000000000e+00,1.318304797470974954e+00
1.000000000000000000e+00,1.927033772630044051e-01
1.000000000000000000e+00,1.078248119399875193e+00
1.000000000000000000e+00,1.201816565448299956e+00
1.000000000000000000e+00,2.260411629264509337e+00
1.000000000000000000e+00,1.250741955964552454e-01
1.000000000000000000e+00,-9.317103399174053724e-01
1.000000000000000000e+00,5.951555528701070186e-01
1.000000000000000000e+00,7.779609638853106635e-01
1.000000000000000000e+00,6.835091570857250165e-01
1.000000000000000000e+00,4.470832672642411909e-01
1.000000000000000000e+00,1.099031816513448057e+00
1.000000000000000000e+00,5.670775455425761669e-01
1.000000000000000000e+00,9.998075225763006779e-01
1.000000000000000000e+00,-4.779821272344033090e-01
1.000000000000000000e+00,-2.918095670773774297e-01
1.000000000000000000e+00,1.360718844806035444e+00
1.000000000000000000e+00,4.136519705365090394e-01
1.000000000000000000e+00,1.967982777021682894e+00
1.000000000000000000e+00,5.536146994927391152e-01
1.000000000000000000e+00,8.174497672273508542e-01
1.000000000000000000e+00,-4.285612955579786165e-01
1.000000000000000000e+00,1.585753844250343381e+00
1.000000000000000000e+00,7.083354679679675359e-01
1.000000000000000000e+00,7.223048019010659404e-01
1.000000000000000000e+00,1.245554116492284757e+00
1.000000000000000000e+00,-5.562077551390949559e-02
1.000000000000000000e+00,-1.573359282027121941e-01
1.000000000000000000e+00,1.197134759547479277e+00
1.000000000000000000e+00,7.118884030582349753e-01
1.000000000000000000e+00,1.424297008101485407e+00
1.000000000000000000e+00,3.994097081981946018e-01
1.000000000000000000e+00,-6.322534706533926574e-01
1.000000000000000000e+00,4.060838472223424755e-01
1.000000000000000000e+00,-9.851662654550625842e-01
1.000000000000000000e+00,-7.021682618333148218e-01
1.000000000000000000e+00,-1.084255655370157112e-01
1.000000000000000000e+00,3.022197715929547002e+00
1.000000000000000000e+00,9.005265961953090592e-02
1.000000000000000000e+00,-2.995471094826262504e-01
1.000000000000000000e+00,2.567190222322932036e-01
1.000000000000000000e+00,5.701487642093747699e-01
1.000000000000000000e+00,1.803963852209947427e-01
1.000000000000000000e+00,1.341269267741298066e+00
1.000000000000000000e+00,3.570275098828675220e-01
1.000000000000000000e+00,1.335161775859908362e+00
1.000000000000000000e+00,-2.000627152176555901e-01
1.000000000000000000e+00,2.579735197317950535e-01
1.000000000000000000e+00,-5.693189349293747981e-02
1.000000000000000000e+00,6.805755084902750385e-01
1.000000000000000000e+00,2.637724311961989976e+00
1.000000000000000000e+00,-8.806802480494476670e-01
1.000000000000000000e+00,-4.912543215133357011e-01
1.000000000000000000e+00,7.025946821610089543e-01
1.000000000000000000e+00,8.765584514202032773e-01
1.000000000000000000e+00,7.337686796151311475e-01
1.000000000000000000e+00,7.248191050700251159e-01
1.000000000000000000e+00,-6.056073421713791261e-01
1.000000000000000000e+00,-9.739744314512207568e-01
1.000000000000000000e+00,5.301950536487251009e-01
1.000000000000000000e+00,-4.189194471811658604e-01
1.000000000000000000e+00,6.889995742097787534e-01
1.000000000000000000e+00,-3.444188395071198228e-01
1.000000000000000000e+00,-9.271541607055334699e-01
1.000000000000000000e+00,4.882437017947925395e-01
1.000000000000000000e+00,6.823970954800312461e-01
1.000000000000000000e+00,7.832204756162967074e-01
1.000000000000000000e+00,-7.700792188550059647e-01
1.000000000000000000e+00,-2.698762088209254451e-01
1.000000000000000000e+00,1.522355716385886737e+00
1.000000000000000000e+00,-9.023327156457502385e-01
1.000000000000000000e+00,-2.967028150814285947e-01
1.000000000000000000e+00,6.824669744201282418e-02
1.000000000000000000e+00,-2.939071789048237071e-01
1.000000000000000000e+00,1.195090097812089545e-02
1.000000000000000000e+00,2.667346542434779755e-01
1.000000000000000000e+00,1.757867716280018477e+00
1.000000000000000000e+00,1.046443776763527955e+00
1.000000000000000000e+00,-7.791155054737045060e-02
1.000000000000000000e+00,6.765696095637981911e-01
1.000000000000000000e+00,6.146316707846222194e-01
1.000000000000000000e+00,1.801812285952270942e+00
1.000000000000000000e+00,-2.798060254178283968e-01
1.000000000000000000e+00,-1.213801543136059924e-01
1.000000000000000000e+00,5.063105005861016084e-01
1.000000000000000000e+00,-3.120982773425925449e-01
1.000000000000000000e+00,-2.995471094826262504e-01
1.000000000000000000e+00,-4.334691410294075897e-01
1.000000000000000000e+00,8.165186257476431120e-01
1.000000000000000000e+00,-1.409906562010648345e+00
1.000000000000000000e+00,-2.544011240104278038e-01
1.000000000000000000e+00,1.520111245189669447e+00
1.000000000000000000e+00,1.040299558075627323e-01
1.000000000000000000e+00,-7.255914584216173469e-02
1.000000000000000000e+00,3.640263319692982891e-01
1.000000000000000000e+00,2.066564340046708637e+00
1.000000000000000000e+00,2.686093229327899401e-01
1.000000000000000000e+00,1.717596400217026531e+00
1.000000000000000000e+00,8.374540480524462760e-01
1.000000000000000000e+00,1.283619887938733495e+00
1.000000000000000000e+00,6.366999450274452022e-01
1.000000000000000000e+00,5.299933431904131353e-01
1.000000000000000000e+00,-4.064885978401927003e-01
1.000000000000000000e+00,1.377504605248064840e+00
1.000000000000000000e+00,8.950636165803439459e-01
1.000000000000000000e+00,-9.848526410801871078e-01
1.000000000000000000e+00,3.417753682105041935e-01
1.000000000000000000e+00,8.084829411298892765e-01
1.000000000000000000e+00,-1.672931703443855944e-01
1.000000000000000000e+00,1.838953539167138274e-01
1.000000000000000000e+00,3.800525817601835832e-01
1.000000000000000000e+00,1.616479289378900952e-01
1.000000000000000000e+00,-3.984047093096604319e-02
1.000000000000000000e+00,-8.114210158590394739e-01
1.000000000000000000e+00,5.872247046089758005e-01
1.000000000000000000e+00,7.267353544239891772e-01
1.000000000000000000e+00,3.820820720731998854e-01
1.000000000000000000e+00,-3.365304566056332991e-01
1.000000000000000000e+00,-5.166711663031363644e-01
1.000000000000000000e+00,7.944959132969389159e-01
1.000000000000000000e+00,8.660058095485124730e-01
1.000000000000000000e+00,-7.583605489830729240e-01
1.000000000000000000e+00,8.267952427816438465e-01
1.000000000000000000e+00,4.313383504810016089e-01
1.000000000000000000e+00,1.772716425071439728e-01
1.000000000000000000e+00,5.986810624156039262e-01
1.000000000000000000e+00,2.510521084572164829e-01
1.000000000000000000e+00,7.825781870516717031e-01
1.000000000000000000e+00,1.625412066683465717e+00
1.000000000000000000e+00,9.837896654235270266e-02
1.000000000000000000e+00,4.743230260862869030e-01
1.000000000000000000e+00,1.660116869888722535e-01
1.000000000000000000e+00,-3.869094129590399667e-01
1.000000000000000000e+00,1.451148385821781073e+00
1.000000000000000000e+00,1.209225886011295437e+00
1.000000000000000000e+00,-4.091608190653303612e-01
1.000000000000000000e+00,1.279307884544818252e+00
1.000000000000000000e+00,-6.562357944770161322e-02
1.000000000000000000e+00,3.222129925342107626e-01
1.000000000000000000e+00,2.339867843975266259e-01
1.000000000000000000e+00,3.519935953749935287e-01
1.000000000000000000e+00,1.475224475350301878e+00
1.000000000000000000e+00,3.380702655815100988e-01
1.000000000000000000e+00,6.985945337519838816e-01
1.000000000000000000e+00,1.560737323944692667e+00
1.000000000000000000e+00,5.971452319084564753e-01
1.000000000000000000e+00,2.278103759726453514e+00
1.000000000000000000e+00,4.226931110133487768e-01
1.000000000000000000e+00,7.706113602343153124e-01
1.000000000000000000e+00,1.333242430073470208e+00
1.000000000000000000e+00,1.548331234099193932e-01
1.000000000000000000e+00,8.949309123314544978e-01
1.000000000000000000e+00,9.317404168884162452e-01
1.000000000000000000e+00,4.347612354073573937e-01
1.000000000000000000e+00,-2.708723753825891256e-01
1.000000000000000000e+00,1.408590133202927364e+00
1.000000000000000000e+00,-9.721957641329236066e-02
1.000000000000000000e+00,3.373687024523810973e-01
1.000000000000000000e+00,1.331373954249106539e+00
1.000000000000000000e+00,8.730125938898766202e-01
1.000000000000000000e+00,-2.311438196975551806e-01
1.000000000000000000e+00,-1.437257804366079139e-01
1.000000000000000000e+00,-5.867527224891629922e-01
1.000000000000000000e+00,2.001144672159851368e-01
1.000000000000000000e+00,-5.562077551390949559e-02
1.000000000000000000e+00,2.594115914422606139e-01
1.000000000000000000e+00,-4.076493176704792942e-01
1.000000000000000000e+00,-3.563914168419280437e-01
1.000000000000000000e+00,9.853511640497778501e-01
1.000000000000000000e+00,1.268697295151112403e+00
1.000000000000000000e+00,2.402896181297135669e+00
1.000000000000000000e+00,-6.720815545250936607e-01
1.000000000000000000e+00,-9.681805639447064182e-01
1.000000000000000000e+00,-1.297900637167963334e+00
1.000000000000000000e+00,-4.564743072693902004e-01
1.000000000000000000e+00,4.224546857128440580e-01
1.000000000000000000e+00,1.798469896305923132e-01
1.000000000000000000e+00,-9.485611374057086043e-02
1.000000000000000000e+00,7.853039203595432727e-02
1.000000000000000000e+00,-1.381172565310425371e-01
1.000000000000000000e+00,5.854460253263605862e-01
1.000000000000000000e+00,1.645888332287111400e+00
1.000000000000000000e+00,2.230659336663489700e+00
1.000000000000000000e+00,1.062411194337405496e+00
1.000000000000000000e+00,1.936349610902085017e-01
1.000000000000000000e+00,1.745286456825985710e-01
1.000000000000000000e+00,6.379898303266507975e-01
1.000000000000000000e+00,-4.091608190653303612e-01
1.000000000000000000e+00,1.005610679380237293e+00
1.000000000000000000e+00,1.580233347496541318e+00
1.000000000000000000e+00,4.662341281614780508e-03
1.000000000000000000e+00,9.545996084546204408e-01
1.000000000000000000e+00,-1.843377040717494308e-01
1.000000000000000000e+00,-1.030155217566075088e+00
1.000000000000000000e+00,4.729959835973921445e-01
1.000000000000000000e+00,1.153661732306280774e+00
1.000000000000000000e+00,1.669432720125081593e+00
1.000000000000000000e+00,1.446609003850450603e-01
1.000000000000000000e+00,1.684921960055460799e+00
1.000000000000000000e+00,1.481573046617174150e+00
1.000000000000000000e+00,7.168771981214865363e-01
1.000000000000000000e+00,1.539992111063297697e+00
1.000000000000000000e+00,6.852290041513325880e-01
1.000000000000000000e+00,5.170476013637488322e-01
1.000000000000000000e+00,-2.179826546401936183e-01
1.000000000000000000e+00,-2.040248217419989296e-01
1.000000000000000000e+00,1.614226867892068373e+00
1.000000000000000000e+00,6.186406541792550950e-02
1.000000000000000000e+00,5.079573603148199723e-01
1.000000000000000000e+00,9.733042723355915804e-01
1.000000000000000000e+00,2.067779899002218369e-01
1.000000000000000000e+00,-3.046274704776115727e-01
1.000000000000000000e+00,6.893963599139583120e-01
1.000000000000000000e+00,-1.620836438804812152e-01
1.000000000000000000e+00,8.545972252714845174e-01
1.000000000000000000e+00,2.404118817812585795e-01
1.000000000000000000e+00,4.753107880455208489e-01
1.000000000000000000e+00,2.174925309555578168e-01
1.000000000000000000e+00,2.107087794182590734e+00
1.000000000000000000e+00,-2.308439080950649980e-01
1.000000000000000000e+00,1.098291314840326716e-01
1.000000000000000000e+00,1.229478311817495950e-01
1.000000000000000000e+00,1.249725453382377172e+00
1.000000000000000000e+00,7.153236737144871293e-01
1.000000000000000000e+00,-1.191309045679968870e+00
1.000000000000000000e+00,5.026040589503005113e-02
1.000000000000000000e+00,9.588253540867576197e-01
1.000000000000000000e+00,-4.932617064158552334e-02
1.000000000000000000e+00,-8.091995467326297264e-01
1.000000000000000000e+00,1.527259580729849020e+00
1.000000000000000000e+00,1.228193746652564089e+00
1.000000000000000000e+00,-2.980024320255528214e-01
1.000000000000000000e+00,3.789493671044157352e-01
1.000000000000000000e+00,-2.207690015193762567e-01
1.000000000000000000e+00,1.106051871279701171e+00
1.000000000000000000e+00,6.590951140700325173e-01
1.000000000000000000e+00,3.005671601503526746e-01
1.000000000000000000e+00,1.791570172022981522e+00
1.000000000000000000e+00,7.224521036173332522e-01
1.000000000000000000e+00,3.157541894676927363e+00
1.000000000000000000e+00,4.006854383775187434e-01
1.000000000000000000e+00,8.974496389753766623e-01
1.000000000000000000e+00,-2.535531438600240883e-01
1.000000000000000000e+00,-1.554984286674074290e-02
1.000000000000000000e+00,2.021507708768762512e+00
1.000000000000000000e+00,1.920863025056683548e-01
1.000000000000000000e+00,-4.160592282701014444e-01
1.000000000000000000e+00,-1.305455944369055266e-01
1.000000000000000000e+00,-1.485451552123454588e+00
1.000000000000000000e+00,8.442732770553799115e-01
1.000000000000000000e+00,2.660361875468230664e-01
1.000000000000000000e+00,5.001733714224597671e-01
1.000000000000000000e+00,9.558089865094998583e-01
1.000000000000000000e+00,1.260849165871789079e+00
1.000000000000000000e+00,-2.267433468043802969e-01
1.000000000000000000e+00,-9.523710644270072523e-01
1.000000000000000000e+00,1.460688936621941547e+00
1.000000000000000000e+00,5.613743473084847890e-02
1.000000000000000000e+00,5.415324199788490445e-01
1.000000000000000000e+00,6.925312766202239567e-01
1.000000000000000000e+00,-4.070198571832469026e-01
1.000000000000000000e+00,9.556705317431585245e-01
1.000000000000000000e+00,4.191591968654221345e-01
1.000000000000000000e+00,6.855364356612598797e-01
1.000000000000000000e+00,1.773552473803761353e+00
1.000000000000000000e+00,1.321416712107433167e+00
1.000000000000000000e+00,1.460688936621941547e+00
1.000000000000000000e+00,1.017574409765119592e+00
1.000000000000000000e+00,7.377887336614895597e-01
1.000000000000000000e+00,1.340115625470952310e+00
1.000000000000000000e+00,9.772402803576533126e-01
1.000000000000000000e+00,9.086472234966702644e-01
1.000000000000000000e+00,9.485938564973792619e-01
1.000000000000000000e+00,-9.784328638307288051e-02
1.000000000000000000e+00,5.506934366271856174e-01
1.000000000000000000e+00,-7.650621255163093937e-02
1.000000000000000000e+00,1.533811631845018564e+00
1.000000000000000000e+00,1.580233347496541318e+00
1.000000000000000000e+00,2.093590002680546291e+00
1.000000000000000000e+00,1.056444368959838620e+00
1.000000000000000000e+00,3.142923182654944747e-01
1.000000000000000000e+00,-6.401745872696051887e-01
1.000000000000000000e+00,7.074994192356456879e-02
1.000000000000000000e+00,1.745258158550540672e+00
1.000000000000000000e+00,5.762235223760385772e-01
1.000000000000000000e+00,7.345348254787197328e-01
1.000000000000000000e+00,5.512215995377657274e-01
1.000000000000000000e+00,-3.803737287012334267e-01
1.000000000000000000e+00,7.224521036173332522e-01
1.000000000000000000e+00,3.160307319616284527e-02
1.000000000000000000e+00,6.326736981161386053e-01
1.000000000000000000e+00,8.855292586451316561e-01
1.000000000000000000e+00,1.216805952707862071e+00
1.000000000000000000e+00,-4.775490690355272960e-01
1.000000000000000000e+00,5.784994002444929784e-01
1.000000000000000000e+00,7.772678053586112856e-01
1.000000000000000000e+00,7.048948891417597951e-01
1.000000000000000000e+00,1.175947199169786073e+00
1.000000000000000000e+00,1.166026670873484064e-03
1.000000000000000000e+00,1.468373397327634722e+00
1.000000000000000000e+00,-1.001178372090384405e-01
1.000000000000000000e+00,8.566130028121156093e-01
1.000000000000000000e+00,1.039655069737838833e+00
1.000000000000000000e+00,-7.796250778251219149e-01
1.000000000000000000e+00,9.314864974612230286e-02
1.000000000000000000e+00,2.077361157736356212e+00
1.000000000000000000e+00,6.721695790181195784e-01
1.000000000000000000e+00,1.337216479980213535e+00
1.000000000000000000e+00,1.450085855171354687e-01
1.000000000000000000e+00,1.237581687566501554e+00
1.000000000000000000e+00,4.259611743160002240e-01
1.000000000000000000e+00,8.229065659416859857e-01
1.000000000000000000e+00,3.202162359359205235e-01
1.000000000000000000e+00,2.479353279982990654e-01
1.000000000000000000e+00,3.276193636339678750e-01
1.000000000000000000e+00,1.661165233454949264e-01
1.000000000000000000e+00,7.984403259214303272e-01
1.000000000000000000e+00,4.750263586054011000e-01
1.000000000000000000e+00,9.207303877055530439e-01
1.000000000000000000e+00,-4.611786728925220125e-01
1.000000000000000000e+00,-4.365545148160878131e-01
1.000000000000000000e+00,-3.905459517261077873e-01
1.000000000000000000e+00,7.792809288142645840e-01
1.000000000000000000e+00,2.058030560183805036e-01
1.000000000000000000e+00,-3.647960192715946071e-01
1.000000000000000000e+00,1.044865480896735921e+00
1.000000000000000000e+00,4.485014333373733564e-01
1.000000000000000000e+00,1.333175635601529185e+00
1.000000000000000000e+00,-4.805247406431255586e-01
1.000000000000000000e+00,4.273399714619618428e-01
1.000000000000000000e+00,-4.501522768522957518e-01
1.000000000000000000e+00,1.408590133202927364e+00
1.000000000000000000e+00,5.980104636112157923e-01
1.000000000000000000e+00,2.729080559018162710e-01
1.000000000000000000e+00,7.951921682561122751e-01
1.000000000000000000e+00,-4.626769038624841679e-01
1.000000000000000000e+00,-6.121010034170373260e-01
1.000000000000000000e+00,7.106737168333999710e-01
1.000000000000000000e+00,-3.005751370283414950e-02
1.000000000000000000e+00,6.488052266111428157e-01
1.000000000000000000e+00,6.654675721017049295e-01
1.000000000000000000e+00,-2.361666755180217292e-01
1.000000000000000000e+00,7.414973750704539901e-01
1.000000000000000000e+00,6.925312766202239567e-01
1.000000000000000000e+00,1.360822796467665574e+00
1.000000000000000000e+00,-4.871369510177916973e-01
1.000000000000000000e+00,-1.162069003443980675e-01
1.000000000000000000e+00,-1.936446953938644189e-01
1.000000000000000000e+00,1.887847104592293546e+00
1.000000000000000000e+00,-7.075998467403609160e-01
1.000000000000000000e+00,3.431731862988066095e-01
1.000000000000000000e+00,-3.134492065962873886e-01
1.000000000000000000e+00,1.047918563316186269e+00
1.000000000000000000e+00,1.049351769204192486e+00
1.000000000000000000e+00,1.071270972340762961e+00
1.000000000000000000e+00,1.351477763260868992e+00
1.000000000000000000e+00,1.765152282884739632e-01
1.000000000000000000e+00,1.777020478174739626e+00
1.000000000000000000e+00,1.059593440785985718e+00
1.000000000000000000e+00,5.963826248248382811e-01
1.000000000000000000e+00,-2.104795564079828818e-01
1.000000000000000000e+00,7.308465320545849409e-01
1.000000000000000000e+00,7.635749386106992498e-01
1.000000000000000000e+00,2.107087794182590734e+00
1.000000000000000000e+00,-3.046274704776115727e-01
1.000000000000000000e+00,7.827427403202945611e-01
1.000000000000000000e+00,-4.049474591630896070e-01
1.000000000000000000e+00,2.289161550474599072e-01
1.000000000000000000e+00,3.880714571730780604e-01
1.000000000000000000e+00,1.619923418949397176e+00
1.000000000000000000e+00,8.476590047920466997e-01
1.000000000000000000e+00,1.039000395443317348e+00
1.000000000000000000e+00,3.648570605673464029e-01
1.000000000000000000e+00,1.893424090218122705e-02
1.000000000000000000e+00,3.130466677159186584e-01
1.000000000000000000e+00,6.940268535052083188e-01
1.000000000000000000e+00,8.604158642377915944e-01
1.000000000000000000e+00,-8.100147931683073788e-01
1.000000000000000000e+00,-3.085369376498954264e-01
1.000000000000000000e+00,9.466784918384079095e-01
1.000000000000000000e+00,-8.432165115454607340e-01
1.000000000000000000e+00,5.729912892205872854e-01
1.000000000000000000e+00,1.114449396149426841e+00
1.000000000000000000e+00,-1.253431001017604851e+00
1.000000000000000000e+00,8.429285406666332525e-01
1.000000000000000000e+00,-1.465651635841648925e+00
1.000000000000000000e+00,4.370632117780934855e-01
1.000000000000000000e+00,1.633253106438530278e-01
1.000000000000000000e+00,-2.017055938189072639e-01
1.000000000000000000e+00,5.420013083249251018e-01
1.000000000000000000e+00,5.119685674112524065e-01
1.000000000000000000e+00,-3.071546017239634163e-01
1.000000000000000000e+00,1.319890613245204181e+00
1.000000000000000000e+00,2.756727277536802356e-01
1.000000000000000000e+00,2.247840113419713237e+00
1.000000000000000000e+00,9.377532464055983175e-01
1.000000000000000000e+00,8.813552557057433012e-02
1.000000000000000000e+00,-4.283330442498887169e-01
1.000000000000000000e+00,1.331373954249106539e+00
1.000000000000000000e+00,3.253855087776617583e-01
1.000000000000000000e+00,3.606304302402166817e-01
1.000000000000000000e+00,1.859374965645560929e+00
1.000000000000000000e+00,5.671947676290951534e-01
1.000000000000000000e+00,1.052561884984828833e+00
1.000000000000000000e+00,7.607490911968468363e-03
1.000000000000000000e+00,7.702057275802098868e-01
1.000000000000000000e+00,1.279314962104759035e+00
1.000000000000000000e+00,5.201758828575699933e-01
1.000000000000000000e+00,5.908245285338509234e-01
1.000000000000000000e+00,1.683627651281291993e+00
1.000000000000000000e+00,-1.053902642904846143e+00
1.000000000000000000e+00,2.829342922885940553e-02
1.000000000000000000e+00,6.229323215526587632e-01
1.000000000000000000e+00,-6.205940753459635584e-01
1.000000000000000000e+00,1.088622495230557874e+00
1.000000000000000000e+00,-8.368064659409210626e-02
1.000000000000000000e+00,1.591829929459495974e+00
1.000000000000000000e+00,1.495300858817293799e+00
1.000000000000000000e+00,1.218056026732400987e+00
1.000000000000000000e+00,3.115913444530974408e-01
1.000000000000000000e+00,1.635181621879209374e-02
1.000000000000000000e+00,8.376446998233507690e-01
1.000000000000000000e+00,5.896722133059939530e-01
1.000000000000000000e+00,1.851828517358713011e+00
1.000000000000000000e+00,1.013077062770255443e+00
1.000000000000000000e+00,3.734899143051028658e-01
1.000000000000000000e+00,1.677443621318724654e-01
1.000000000000000000e+00,1.819792826981801781e+00
1.000000000000000000e+00,6.283280763125046464e-01
1.000000000000000000e+00,9.069242799985887116e-01
1.000000000000000000e+00,3.732700675994426454e-01
1.000000000000000000e+00,7.267353544239891772e-01
1.000000000000000000e+00,3.850404921284425463e-01
1.000000000000000000e+00,-4.852153934938721047e-01
1.000000000000000000e+00,1.916411251818256112e+00
1.000000000000000000e+00,-8.480509392968223203e-02
1.000000000000000000e+00,4.098349420266333976e-02
1.000000000000000000e+00,1.741716712530858857e-01
1.000000000000000000e+00,-2.305103780828560989e-01
1.000000000000000000e+00,8.978325802996716537e-03
1.000000000000000000e+00,7.883623229132674659e-01
1.000000000000000000e+00,1.798035523028876481e+00
1.000000000000000000e+00,1.332126829687806158e+00
1.000000000000000000e+00,1.818161449415453879e+00
1.000000000000000000e+00,2.179817672864636791e-01
1.000000000000000000e+00,1.060769642778642829e+00
1.000000000000000000e+00,7.284888198993153541e-01
1.000000000000000000e+00,4.860297525758198178e-01
1.000000000000000000e+00,1.183751536046975916e+00
1.000000000000000000e+00,1.677443621318724654e-01
1.000000000000000000e+00,-9.194851821622108679e-01
1.000000000000000000e+00,8.777196135979862257e-01
1.000000000000000000e+00,9.630944497735318688e-01
1.000000000000000000e+00,9.353128152685208363e-01
1.000000000000000000e+00,1.108732497107268511e+00
1.000000000000000000e+00,-2.539932796188408282e-01
1.000000000000000000e+00,-7.643689550252918963e-01
1.000000000000000000e+00,2.717345079941370090e-01
1.000000000000000000e+00,8.900412031073736685e-01
1.000000000000000000e+00,5.610638313304014968e-01
1.000000000000000000e+00,-4.676020008862687982e-01
1.000000000000000000e+00,5.613920531726548369e-01
1.000000000000000000e+00,-4.761676178045878838e-01
1.000000000000000000e+00,8.301199265638213864e-01
1.000000000000000000e+00,4.393948254310814927e-01
1.000000000000000000e+00,-2.559378511768859929e-02
1.000000000000000000e+00,5.608364647173043060e-01
1.000000000000000000e+00,8.073160284346544424e-01
1.000000000000000000e+00,7.398412260443134603e-01
1.000000000000000000e+00,1.659643570032001358e+00
1.000000000000000000e+00,3.427224342000786961e-01
1.000000000000000000e+00,1.144833360975160419e+00
1.000000000000000000e+00,1.013077062770255443e+00
1.000000000000000000e+00,8.419226424600511072e-01
1.000000000000000000e+00,-3.874419993445830657e-01
1.000000000000000000e+00,3.729860805068191953e-01
1.000000000000000000e+00,1.318304797470974954e+00
1.000000000000000000e+00,6.461449487684052251e-01
1.000000000000000000e+00,-3.048486442257606899e-01
1.000000000000000000e+00,3.963398165738847845e-01
1.000000000000000000e+00,6.086427280322402877e-01
1.000000000000000000e+00,-9.366292440762418181e-01
1.000000000000000000e+00,8.075513573026851244e-01
1.000000000000000000e+00,-7.621753537911489795e-01
1.000000000000000000e+00,5.848607995887580291e-01
1.000000000000000000e+00,-1.491109188565427068e-01
1.000000000000000000e+00,-7.617905114693694912e-01
1.000000000000000000e+00,2.379320829134424553e+00
1.000000000000000000e+00,9.492896691090564332e-01
1.000000000000000000e+00,5.145916760999828116e-02
1.000000000000000000e+00,-3.270505074124657185e-01
1.000000000000000000e+00,7.743328297206724109e-01
1.000000000000000000e+00,1.927182413353118351e+00
1.000000000000000000e+00,4.870652880646539895e-01
1.000000000000000000e+00,1.290698332574498064e+00
1.000000000000000000e+00,-1.205869355868121717e+00
1.000000000000000000e+00,-7.140152124791743216e-01
1.000000000000000000e+00,-7.807605838481195271e-01
1.000000000000000000e+00,7.677422943733249738e-01
1.000000000000000000e+00,-5.975265381090029138e-01
1.000000000000000000e+00,1.295441170465489733e-01
1.000000000000000000e+00,6.706872725580241834e-01
1.000000000000000000e+00,1.329023319653777513e+00
1.000000000000000000e+00,3.538089894998015517e-01
1.000000000000000000e+00,3.307626849426631988e-01
1.000000000000000000e+00,2.456373327550296914e-01
1.000000000000000000e+00,-6.252289924121765541e-01
1.000000000000000000e+00,-7.614481464715527892e-02
1.000000000000000000e+00,1.236209967980480773e+00
1.000000000000000000e+00,1.274461525375374826e+00
1.000000000000000000e+00,8.845959054279423084e-01
1.000000000000000000e+00,1.077263453873115395e+00
1.000000000000000000e+00,-2.558617554432046082e-01
1.000000000000000000e+00,5.097448865473611646e-01
1.000000000000000000e+00,2.025871909167241025e+00
1.000000000000000000e+00,6.467208732442673857e-02
1.000000000000000000e+00,7.964059697859546816e-01
1.000000000000000000e+00,1.730474020529261026e+00
1.000000000000000000e+00,2.916604933123875809e-01
1.000000000000000000e+00,1.317225027232511003e+00
1.000000000000000000e+00,6.467023066137409515e-01
1.000000000000000000e+00,5.254911184087714821e-02
1.000000000000000000e+00,1.757008665477889087e-01
1.000000000000000000e+00,3.025011034041685809e-01
1.000000000000000000e+00,6.974767216288382254e-01
1.000000000000000000e+00,-2.338250194801180445e-03
1.000000000000000000e+00,1.325646438867036814e+00
1.000000000000000000e+00,9.449559787235044250e-02
1.000000000000000000e+00,9.545996084546204408e-01
1.000000000000000000e+00,6.257637878764638062e-01
1.000000000000000000e+00,2.466087158925825418e-02
1.000000000000000000e+00,5.823372071223765767e-01
1.000000000000000000e+00,1.283833972162623793e-01
1.000000000000000000e+00,2.119021432973406671e-01
1.000000000000000000e+00,-5.506699948686191171e-01
1.000000000000000000e+00,2.890086200720796139e-01
1.000000000000000000e+00,1.735704337325491453e+00
1.000000000000000000e+00,5.018441179159782717e-01
1.000000000000000000e+00,1.653450705083826078e+00
1.000000000000000000e+00,-4.071729094169661001e-01
1.000000000000000000e+00,3.928355277438920490e-02
1.000000000000000000e+00,8.604720423698214438e-01
1.000000000000000000e+00,1.741297379068686313e+00
1.000000000000000000e+00,1.301563140171076161e-02
1.000000000000000000e+00,1.927033772630044051e-01
1.000000000000000000e+00,-9.946714404198372939e-02
1.000000000000000000e+00,1.283749938102645149e+00
1.000000000000000000e+00,-5.807615679992995661e-01
1.000000000000000000e+00,6.665070887180057913e-01
1.000000000000000000e+00,8.514410758853966366e-01
1.000000000000000000e+00,-2.560572730365684446e-01
1.000000000000000000e+00,6.343705431119386340e-01
1.000000000000000000e+00,-6.771915528023308983e-01
1.000000000000000000e+00,1.876358455418435600e+00
1.000000000000000000e+00,-5.664790640031400898e-02
1.000000000000000000e+00,3.789493671044157352e-01
1.000000000000000000e+00,5.259409977768249034e-01
1.000000000000000000e+00,-3.782168423092832077e-01
1.000000000000000000e+00,1.750054962836080918e-01
1.000000000000000000e+00,6.659099195980031638e-01
1.000000000000000000e+00,5.588149366592213285e-01
1.000000000000000000e+00,5.913779052517199597e-01
1.000000000000000000e+00,7.480379251507197624e-01
1.000000000000000000e+00,-5.956589469796317315e-01
1.000000000000000000e+00,7.612163417604369542e-01
1.000000000000000000e+00,6.001372703734177971e-01
1.000000000000000000e+00,2.402716576249320501e-01
1.000000000000000000e+00,2.246743091628893740e+00
1.000000000000000000e+00,-1.944763086869051028e-01
1.000000000000000000e+00,1.769376691506174338e-04
1.000000000000000000e+00,1.247438959174011597e+00
1.000000000000000000e+00,3.265826792380751353e+00
1.000000000000000000e+00,1.959618870561675719e+00
1.000000000000000000e+00,-1.008732328320351312e+00
1.000000000000000000e+00,3.923171084425485788e-01
1.000000000000000000e+00,9.128331578541405422e-01
1.000000000000000000e+00,7.680961723703635391e-01
1.000000000000000000e+00,1.335044553773389264e+00
1.000000000000000000e+00,2.534297274462513183e+00
1.000000000000000000e+00,-4.321659853053129718e-01
1.000000000000000000e+00,6.940383545401120902e-01
1.000000000000000000e+00,8.254845671501120918e-01
1.000000000000000000e+00,3.223280028832483102e-01
1.000000000000000000e+00,1.674555988827207686e+00
1.000000000000000000e+00,1.951283142733932496e-02
1.000000000000000000e+00,1.071925646635284446e+00
1.000000000000000000e+00,7.142554045109268390e-01
1.000000000000000000e+00,9.666336720914141534e-01
1.000000000000000000e+00,7.544616954919628471e-01
1.000000000000000000e+00,1.170254629239924071e+00
1.000000000000000000e+00,-2.018108725230262357e-01
1.000000000000000000e+00,2.089159450157623166e+00
1.000000000000000000e+00,-3.922560791111149442e-02
1.000000000000000000e+00,1.221221465415911034e+00
1.000000000000000000e+00,-4.309981879150856510e-01
1.000000000000000000e+00,1.332126829687806158e+00
1.000000000000000000e+00,4.131866209704033177e-01
1.000000000000000000e+00,1.079181914964560729e+00
1.000000000000000000e+00,1.044488588865571665e-01
1.000000000000000000e+00,5.930128215980382533e-01
1.000000000000000000e+00,5.401761825551986140e-01
1.000000000000000000e+00,1.685270529882543666e+00
1.000000000000000000e+00,5.484392337860497513e-01
1.000000000000000000e+00,1.223726036939951856e+00
1.000000000000000000e+00,-5.419146108743880808e-01
1.000000000000000000e+00,-1.142772908996140702e+00
1.000000000000000000e+00,-3.181557839569006951e-01
1.000000000000000000e+00,1.144968719309027660e+00
1.000000000000000000e+00,1.430378401480593586e+00
1.000000000000000000e+00,1.022465888379185506e+00
1.000000000000000000e+00,2.838632339951384642e-01
1.000000000000000000e+00,1.946647472580226079e+00
1.000000000000000000e+00,6.866108977297682436e-01
1.000000000000000000e+00,5.829591477021718315e-01
1.000000000000000000e+00,1.668034890072460918e-01
1.000000000000000000e+00,2.068638053145036848e-01
1.000000000000000000e+00,1.494709870597921153e-01
1.000000000000000000e+00,1.221458563673927022e+00
1.000000000000000000e+00,5.617185056249229813e-01
1.000000000000000000e+00,1.576588392162725505e-01
1.000000000000000000e+00,3.488440692370319701e-02
1.000000000000000000e+00,7.720043125001585516e-01
1.000000000000000000e+00,6.828739460810407946e-01
1.000000000000000000e+00,6.386555633085796435e-01
1.000000000000000000e+00,-2.924956480441360251e-01
1.000000000000000000e+00,-6.835485286716329600e-01
1.000000000000000000e+00,1.583462472255200149e-01
1.000000000000000000e+00,-1.675963983566662430e+00
1.000000000000000000e+00,1.300152625612880364e+00
1.000000000000000000e+00,8.427922976377734132e-01
1.000000000000000000e+00,1.815624132212368957e-01
1.000000000000000000e+00,8.333048285371686958e-01
1.000000000000000000e+00,1.198919189347546377e+00
1.000000000000000000e+00,1.573042546596717051e+00
1.000000000000000000e+00,1.589465127779967346e-01
1.000000000000000000e+00,5.347698114554415572e-01
1.000000000000000000e+00,1.946838566698626982e+00
1.000000000000000000e+00,-3.189838584699709600e-01
1.000000000000000000e+00,1.193762302235701567e+00
1.000000000000000000e+00,5.443674250826244787e-01
1.000000000000000000e+00,1.035590780941850531e+00
1.000000000000000000e+00,3.043333067338359066e-01
1.000000000000000000e+00,-7.807605838481195271e-01
1.000000000000000000e+00,1.161073706954254048e+00
1.000000000000000000e+00,6.644979463898191829e-01
1.000000000000000000e+00,-3.133616217920203173e-01
1.000000000000000000e+00,7.159933878238826654e-01
1.000000000000000000e+00,7.795118342073322770e-01
1.000000000000000000e+00,5.061693917347824812e-01
1.000000000000000000e+00,5.086146886943191392e-01
1.000000000000000000e+00,1.392705434610857607e+00
1.000000000000000000e+00,1.200051156590573598e+00
1.000000000000000000e+00,1.243514894534349935e+00
1.000000000000000000e+00,7.655018043045743736e-01
1.000000000000000000e+00,5.241317965169650650e-01
1.000000000000000000e+00,2.012583778414123725e-01
1.000000000000000000e+00,5.015751706382288733e-01
1.000000000000000000e+00,1.160533600661273868e+00
1.000000000000000000e+00,-5.403858579271813012e-01
1.000000000000000000e+00,5.954780241949083619e-01
1.000000000000000000e+00,-2.428363910672065862e-01
1.000000000000000000e+00,9.977161036138025851e-01
1.000000000000000000e+00,-1.646492593590110076e-01
1.000000000000000000e+00,-1.374316179117802683e-01
1.000000000000000000e+00,1.258019911285465531e+00
1.000000000000000000e+00,-4.545332864556335672e-01
1.000000000000000000e+00,-3.017800796439397693e-01
1.000000000000000000e+00,6.769978019402148606e-01
1.000000000000000000e+00,3.205435730831812102e-01
1.000000000000000000e+00,-1.088979926630622291e-01
1.000000000000000000e+00,1.006253852639855007e+00
1.000000000000000000e+00,3.995105634273505846e-01
1.000000000000000000e+00,7.640889464013977950e-01
1.000000000000000000e+00,2.231762539354939234e-01
1.000000000000000000e+00,4.430499427929938672e-01
1.000000000000000000e+00,-4.627742203116697595e-01
1.000000000000000000e+00,2.156837720431943051e-01
1.000000000000000000e+00,8.485587395995172200e-01
1.000000000000000000e+00,3.399439179683302718e-03
1.000000000000000000e+00,4.474017574615759552e-01
1.000000000000000000e+00,2.075109597015880047e-01
1.000000000000000000e+00,1.056255928926415510e+00
1.000000000000000000e+00,4.825820961896713501e-01
1.000000000000000000e+00,4.835119106268902511e-01
1.000000000000000000e+00,-6.203304482024879496e-02
1.000000000000000000e+00,2.889413712883241725e-02
1.000000000000000000e+00,1.615953792517616838e+00
1.000000000000000000e+00,3.734899143051028658e-01
1.000000000000000000e+00,-6.426247620159192264e-02
1.000000000000000000e+00,1.413114463395065856e+00
1.000000000000000000e+00,2.482720441089131036e+00
1.000000000000000000e+00,-8.574021653685671984e-02
1.000000000000000000e+00,8.154945912937127117e-01
1.000000000000000000e+00,1.151793244517598930e-01
1.000000000000000000e+00,5.964065115896384217e-01
1.000000000000000000e+00,1.750377888472696597e+00
1.000000000000000000e+00,2.203746030293711744e+00
1.000000000000000000e+00,6.256695678597522514e-01
1.000000000000000000e+00,1.247751686889576328e-01
1.000000000000000000e+00,-1.914479977272473543e-01
1.000000000000000000e+00,1.094083275072359696e+00
1.000000000000000000e+00,-1.928860694377129426e-01
1.000000000000000000e+00,-4.010698410105392742e-01
1.000000000000000000e+00,5.683846823941374193e-01
1.000000000000000000e+00,9.976608101767653336e-01
1.000000000000000000e+00,2.753825477961086010e-01
1.000000000000000000e+00,9.545996084546204408e-01
1.000000000000000000e+00,7.612163417604369542e-01
1.000000000000000000e+00,4.116521175057447079e-01
1.000000000000000000e+00,7.966324397397413215e-02
1.000000000000000000e+00,-7.301662042640156836e-01
1.000000000000000000e+00,1.335044553773389264e+00
1.000000000000000000e+00,1.338490440769552592e+00
1.000000000000000000e+00,3.497040047341538616e-01
1.000000000000000000e+00,9.407815573652560381e-01
1.000000000000000000e+00,1.167958845734136109e+00
1.000000000000000000e+00,-7.339341322018021196e-02
1.000000000000000000e+00,5.652267636180643429e-01
1.000000000000000000e+00,4.159075004201338022e-01
1.000000000000000000e+00,2.136741885639432237e+00
1.000000000000000000e+00,5.172810292342950103e-03
1.000000000000000000e+00,3.454503912097499629e-01
1.000000000000000000e+00,1.284369224597462722e+00
1.000000000000000000e+00,3.826606625983580146e-01
1.000000000000000000e+00,-1.078794421216540789e+00
1.000000000000000000e+00,1.206991146459996722e+00
1.000000000000000000e+00,1.026499212850432885e+00
1.000000000000000000e+00,-3.869293185963733617e-01
1.000000000000000000e+00,-6.593609675740450538e-01
1.000000000000000000e+00,-3.195894321924032666e-01
1.000000000000000000e+00,2.505597756938365284e-01
1.000000000000000000e+00,1.233434237441209280e+00
1.000000000000000000e+00,1.798274390676877443e+00
1.000000000000000000e+00,-9.222600280064897627e-01
1.000000000000000000e+00,1.682277606722589747e+00
1.000000000000000000e+00,1.373451817486980309e+00
1.000000000000000000e+00,-5.249713747236764982e-01
1.000000000000000000e+00,4.723789088400561220e-01
1.000000000000000000e+00,-7.952633888617536284e-01
1.000000000000000000e+00,1.001442881270115270e+00
1.000000000000000000e+00,-2.655080272949803533e-01
1.000000000000000000e+00,1.195231768654086146e-01
1.000000000000000000e+00,1.158355039242005002e+00
1.000000000000000000e+00,4.199646996918631608e-02
1.000000000000000000e+00,1.839983336102838596e+00
1.000000000000000000e+00,5.120406700531490163e-01
1.000000000000000000e+00,5.895483560070304829e-01
1.000000000000000000e+00,1.559389933470968215e+00
1.000000000000000000e+00,4.452944139892111020e-01
1.000000000000000000e+00,5.527127529477871004e-01
1.000000000000000000e+00,-6.074138893462611710e-01
1.000000000000000000e+00,-5.374760960965314638e-01
1.000000000000000000e+00,3.982193510856560370e-01
1.000000000000000000e+00,-3.012563402083227038e-01
1.000000000000000000e+00,8.045062371381680455e-01
1.000000000000000000e+00,-2.846373567367158769e-02
1.000000000000000000e+00,1.668879773790390708e-01
1.000000000000000000e+00,6.462006845529387755e-01
1.000000000000000000e+00,4.704378880262994334e-01
1.000000000000000000e+00,7.463136546101493130e-01
1.000000000000000000e+00,1.262105875108772368e+00
1.000000000000000000e+00,4.672804115977226003e-01
1.000000000000000000e+00,1.034394219000045745e-01
1.000000000000000000e+00,5.528397066792246628e-01
1.000000000000000000e+00,6.584395550805185460e-01
1.000000000000000000e+00,2.673937520129623935e-01
1.000000000000000000e+00,1.035044469819604157e-01
1.000000000000000000e+00,1.108264935803681128e+00
1.000000000000000000e+00,1.955044997449951971e+00
1.000000000000000000e+00,3.850404921284425463e-01
1.000000000000000000e+00,2.215771677363757852e-01
1.000000000000000000e+00,-6.177312023499214044e-01
1.000000000000000000e+00,-1.236481572001945084e+00
1.000000000000000000e+00,-1.272547490417629712e+00
1.000000000000000000e+00,6.208333826827235891e-01
1.000000000000000000e+00,-2.125271829683474389e-01
1.000000000000000000e+00,9.545996084546204408e-01
1.000000000000000000e+00,-1.238320864855871339e-01
1.000000000000000000e+00,1.713141064269992631e-01
1.000000000000000000e+00,4.699968675724900957e-01
1.000000000000000000e+00,5.608922005018378565e-01
1.000000000000000000e+00,-3.191811454533199921e-01
1.000000000000000000e+00,7.718260464591503167e-01
1.000000000000000000e+00,9.712668078033237506e-02
1.000000000000000000e+00,-1.744786630742542199e-01
1.000000000000000000e+00,3.818909779547990380e-01
1.000000000000000000e+00,-1.039159643200722183e+00
1.000000000000000000e+00,6.140004289430864987e-02
1.000000000000000000e+00,7.133755753407896583e-01
1.000000000000000000e+00,2.298933903327137873e+00
1.000000000000000000e+00,8.547993780772928929e-01
1.000000000000000000e+00,1.000698852781341630e+00
1.000000000000000000e+00,6.477590747823974704e-01
1.000000000000000000e+00,1.119669981300738693e+00
1.000000000000000000e+00,-8.806802480494476670e-01
1.000000000000000000e+00,7.866336288977339164e-01
1.000000000000000000e+00,7.976233100957674793e-01
1.000000000000000000e+00,1.954719429692676425e+00
1.000000000000000000e+00,-1.938149991799392458e-01
1.000000000000000000e+00,-9.404971305838736306e-01
1.000000000000000000e+00,8.558857835282013271e-01
1.000000000000000000e+00,-1.388267819151049187e-01
1.000000000000000000e+00,-2.149410852199650293e-02
1.000000000000000000e+00,-9.782647717821355005e-02
1.000000000000000000e+00,4.860297525758198178e-01
1.000000000000000000e+00,5.606135096148518598e-02
1.000000000000000000e+00,3.343359680177603876e-01
1.000000000000000000e+00,3.773179895380678328e-01
1.000000000000000000e+00,4.915524610671033745e-01
1.000000000000000000e+00,3.830835468048190973e-01
1.000000000000000000e+00,1.121399560011264951e+00
1.000000000000000000e+00,2.098704412468428426e-01
1.000000000000000000e+00,-1.610295297968025174e-01
1.000000000000000000e+00,6.798978321259462332e-01
1.000000000000000000e+00,2.851637356342552887e-01
1.000000000000000000e+00,1.256032886332093756e+00
1.000000000000000000e+00,7.959423896098341000e-01
1.000000000000000000e+00,1.017816816193090945e+00
1.000000000000000000e+00,-7.811503039566763951e-02
1.000000000000000000e+00,-1.659360482257425939e-01
1.000000000000000000e+00,3.953029540425617161e-01
1.000000000000000000e+00,-7.776265518368464802e-01
1.000000000000000000e+00,6.657351923369654312e-01
1.000000000000000000e+00,-9.284944736193171400e-01
1.000000000000000000e+00,1.291940444344103378e+00
1.000000000000000000e+00,-7.375703482645548474e-03
1.000000000000000000e+00,9.121293710232120100e-02
1.000000000000000000e+00,9.822255366409344823e-01
1.000000000000000000e+00,7.142554045109268390e-01
1.000000000000000000e+00,-4.643719794682990010e-01
1.000000000000000000e+00,2.077380621026193364e+00
1.000000000000000000e+00,5.491085055479489885e-01
1.000000000000000000e+00,4.799328770343411765e-01
1.000000000000000000e+00,1.057371529312079783e+00
1.000000000000000000e+00,3.447965896459030677e-02
1.000000000000000000e+00,-1.936446953938644189e-01
1.000000000000000000e+00,-7.459013894023366342e-01
1.000000000000000000e+00,8.552841909332357107e-01
1.000000000000000000e+00,-2.905241052531347679e-01
1.000000000000000000e+00,1.541929593097083995e+00
1.000000000000000000e+00,1.537022189973151320e+00
1.000000000000000000e+00,-2.755860303031431591e-01
1.000000000000000000e+00,2.295093430399958445e-01
1.000000000000000000e+00,6.032469613080762572e-02
1.000000000000000000e+00,1.487280214014414126e+00
1.000000000000000000e+00,9.289739756465671405e-01
1.000000000000000000e+00,8.773750248983698263e-01
1.000000000000000000e+00,1.101704480086082016e+00
1.000000000000000000e+00,-9.083844717426065030e-01
1.000000000000000000e+00,3.536784969883935426e-01
1.000000000000000000e+00,-3.925745573441315472e-01
1.000000000000000000e+00,1.354082305319072921e+00
1.000000000000000000e+00,2.893968254312627941e+00
1.000000000000000000e+00,2.197255011168713357e-01
1.000000000000000000e+00,-8.995109809668637713e-01
1.000000000000000000e+00,-5.214657708155129301e-01
1.000000000000000000e+00,9.792609237207436923e-01
1.000000000000000000e+00,1.546570703028245175e+00
1.000000000000000000e+00,-1.416909819536360249e-01
1.000000000000000000e+00,1.471404362372270125e+00
1.000000000000000000e+00,-9.190021386962532457e-01
1.000000000000000000e+00,5.623147900499330110e-01
1.000000000000000000e+00,1.538930477072181890e+00
1.000000000000000000e+00,3.794571820301661513e-01
1.000000000000000000e+00,-8.637816889958622735e-01
1.000000000000000000e+00,1.478779179830554513e+00
1.000000000000000000e+00,-7.542387550125658757e-01
1.000000000000000000e+00,-5.373310061177456465e-01
1.000000000000000000e+00,1.195090097812089545e-02
1.000000000000000000e+00,1.362800089776118773e+00
1.000000000000000000e+00,-4.050093878125713975e-01
1.000000000000000000e+00,-2.149410852199650293e-02
1.000000000000000000e+00,5.851253233915443275e-01
1.000000000000000000e+00,-1.083397620870519586e-02
1.000000000000000000e+00,9.061568070925112295e-01
1.000000000000000000e+00,-6.512859259934387912e-02
1.000000000000000000e+00,1.810011639143655149e+00
1.000000000000000000e+00,-6.042705680375658472e-01
1.000000000000000000e+00,5.683846823941374193e-01
1.000000000000000000e+00,6.474706642148110314e-01
1.000000000000000000e+00,4.268007498639742603e-01
1.000000000000000000e+00,6.076492155555545116e-01
1.000000000000000000e+00,1.255919645373041460e+00
1.000000000000000000e+00,1.147965623596448381e+00
1.000000000000000000e+00,1.403250998922607629e+00
1.000000000000000000e+00,1.316983505499532026e+00
1.000000000000000000e+00,6.721753295355714641e-01
1.000000000000000000e+00,-1.132153915000005062e+00
1.000000000000000000e+00,3.389832708138696971e-01
1.000000000000000000e+00,3.307626849426631988e-01
1.000000000000000000e+00,1.066045521366991933e+00
1.000000000000000000e+00,3.401457600341414866e-01
1.000000000000000000e+00,2.079978085524456510e+00
1.000000000000000000e+00,1.221221465415911034e+00
1.000000000000000000e+00,-4.625596817759651258e-01
1.000000000000000000e+00,1.475571275787399550e+00
1.000000000000000000e+00,1.713265818228266735e+00
1.000000000000000000e+00,-1.368331217492887442e-01
1.000000000000000000e+00,1.023507174385471563e+00
1.000000000000000000e+00,-4.920010160514052405e-02
1.000000000000000000e+00,-8.203183933995823462e-01
1.000000000000000000e+00,-8.079799946853355452e-01
1.000000000000000000e+00,2.595293455422070128e+00
1.000000000000000000e+00,-3.423344981045625124e-01
1.000000000000000000e+00,1.052664951951466366e+00
1.000000000000000000e+00,2.100485315452843338e+00
1.000000000000000000e+00,5.608922005018378565e-01
1.000000000000000000e+00,-3.636981127857823459e-01
1.000000000000000000e+00,1.900289443003852496e-01
1.000000000000000000e+00,-4.752519584872505476e-01
1.000000000000000000e+00,-1.354246992853932498e-02
1.000000000000000000e+00,3.522492722278539601e-01
1.000000000000000000e+00,3.758281631705353565e-01
1.000000000000000000e+00,5.902799987659077541e-01
1.000000000000000000e+00,8.191974821852252564e-01
1.000000000000000000e+00,5.241446245943577331e-01
1.000000000000000000e+00,3.580236764445311470e-01
1.000000000000000000e+00,1.546570703028245175e+00
1.000000000000000000e+00,2.790036044008060157e-01
1.000000000000000000e+00,6.306154552158628190e-01
1.000000000000000000e+00,1.264200832851240852e+00
1.000000000000000000e+00,1.302766445004188423e-01
1.000000000000000000e+00,8.408773753262983597e-01
1.000000000000000000e+00,4.463520668528602187e-01
1.000000000000000000e+00,1.329268380166726882e+00
1.000000000000000000e+00,1.223267633326287525e-02
1.000000000000000000e+00,1.289627409285960091e+00
1.000000000000000000e+00,2.556985265583331945e-01
1.000000000000000000e+00,-3.024329965127941014e-02
1.000000000000000000e+00,-4.589695894960085787e-01
1.000000000000000000e+00,-1.206091426275581607e-01
1.000000000000000000e+00,3.829322639610850953e-01
1.000000000000000000e+00,1.258019911285465531e+00
1.000000000000000000e+00,4.573280352785084601e-01
1.000000000000000000e+00,-3.275441672183345143e-01
1.000000000000000000e+00,-1.549931661963856566e+00
1.000000000000000000e+00,1.044718621527964908e+00
1.000000000000000000e+00,4.506388564394864793e-01
1.000000000000000000e+00,2.521044531509099573e-01
1.000000000000000000e+00,7.714062586851633263e-01
1.000000000000000000e+00,7.700181722417793750e-01
1.000000000000000000e+00,2.614008161687957077e-02
1.000000000000000000e+00,7.127155928763126980e-01
1.000000000000000000e+00,3.514840110592579725e-01
1.000000000000000000e+00,6.278450328465470243e-01
1.000000000000000000e+00,6.455765322356619151e-01
1.000000000000000000e+00,-6.632116144936393842e-02
1.000000000000000000e+00,-6.378385621059723398e-02
1.000000000000000000e+00,5.796610047697722257e-01
1.000000000000000000e+00,3.698237382557830744e-01
1.000000000000000000e+00,1.096813001472016103e+00
1.000000000000000000e+00,1.977763080164836929e+00
1.000000000000000000e+00,1.264927167440162536e+00
1.000000000000000000e+00,5.889414432777911879e-02
1.000000000000000000e+00,5.133416140397620842e-01
1.000000000000000000e+00,-4.772465033480593477e-01
1.000000000000000000e+00,2.720985599835904489e-01
1.000000000000000000e+00,7.159933878238826654e-01
1.000000000000000000e+00,2.243130870009804045e-01
1.000000000000000000e+00,-5.236160219950187766e-01
1.000000000000000000e+00,1.517898623013185677e+00
1.000000000000000000e+00,2.469789727113022582e-01
1.000000000000000000e+00,4.142672639395417883e-02
1.000000000000000000e+00,-1.618850298546433142e-01
1.000000000000000000e+00,1.377286970279886003e+00
1.000000000000000000e+00,1.290831036823387512e+00
1.000000000000000000e+00,1.093900143208892173e+00
1.000000000000000000e+00,5.282690726498425748e-01
1.000000000000000000e+00,8.990058174673538627e-01
1.000000000000000000e+00,-1.655697844988076595e-01
1.000000000000000000e+00,-8.503843103754774591e-01
1.000000000000000000e+00,1.358349189268365897e+00
1.000000000000000000e+00,7.369911811256638634e-01
1.000000000000000000e+00,8.923210501389766680e-02
1.000000000000000000e+00,-1.725345458280234667e-01
1.000000000000000000e+00,1.591894512193955391e+00
1.000000000000000000e+00,1.217819813169377596e+00
1.000000000000000000e+00,1.069406477643865871e+00
1.000000000000000000e+00,8.518953667640949412e-01
1.000000000000000000e+00,5.908612433760436211e-01
1.000000000000000000e+00,-4.965970065379439469e-02
1.000000000000000000e+00,1.139198738567313463e+00
1.000000000000000000e+00,7.607490911968468363e-03
1.000000000000000000e+00,3.684754511227478907e-02
1.000000000000000000e+00,1.006253852639855007e+00
1.000000000000000000e+00,7.970049082959425046e-01
1.000000000000000000e+00,2.098704412468428426e-01
1.000000000000000000e+00,3.010891301959846000e-01
1.000000000000000000e+00,1.234644930574259475e-01
1.000000000000000000e+00,7.532151602473944330e-01
1.000000000000000000e+00,-1.469394349972146518e-01
1.000000000000000000e+00,-4.188889252039212918e-01
1.000000000000000000e+00,1.931175041854706231e+00
1.000000000000000000e+00,2.215785844447957231e+00
1.000000000000000000e+00,5.849474996980325026e-01
1.000000000000000000e+00,5.231015691980864801e-01
1.000000000000000000e+00,-1.642617629522537537e-01
1.000000000000000000e+00,1.130588444551868132e+00
1.000000000000000000e+00,5.555862422837404280e-01
1.000000000000000000e+00,-2.618104445734233399e-01
1.000000000000000000e+00,3.675288274806696315e-02
1.000000000000000000e+00,-1.096721880546515981e+00
1.000000000000000000e+00,2.580469494161805599e-01
1.000000000000000000e+00,6.472003898945728473e-01
1.000000000000000000e+00,2.215771677363757852e-01
1.000000000000000000e+00,-1.585157562484070581e+00
1.000000000000000000e+00,1.340381033968731206e+00
1.000000000000000000e+00,-3.880511118469857079e-01
1.000000000000000000e+00,1.490122739025626641e+00
1.000000000000000000e+00,1.310414645179503124e+00
1.000000000000000000e+00,-2.899614392378433991e-01
1.000000000000000000e+00,2.692215318676667302e-01
1.000000000000000000e+00,2.686093229327899401e-01
1.000000000000000000e+00,4.728968977582213573e-01
1.000000000000000000e+00,-4.820393504347688513e-02
1.000000000000000000e+00,2.573586567119404700e-01
1.000000000000000000e+00,-2.234120397740763445e-02
1.000000000000000000e+00,-3.756715748155831647e-01
1.000000000000000000e+00,-7.232363883870074339e-01
1.000000000000000000e+00,1.084380825088554046e+00
1.000000000000000000e+00,7.451874259202558026e-02
1.000000000000000000e+00,1.017728346693831387e+00
1.000000000000000000e+00,2.250336710724502309e-01
1.000000000000000000e+00,-1.374316179117802683e-01
1.000000000000000000e+00,1.131355917457945726e+00
1.000000000000000000e+00,-8.990783651154841127e-01
1.000000000000000000e+00,5.777606799256749248e-01
1.000000000000000000e+00,8.170958892303122889e-01
1.000000000000000000e+00,7.730394056414964243e-01
1.000000000000000000e+00,1.798469896305923132e-01
1.000000000000000000e+00,1.485911578896549345e-01
1.000000000000000000e+00,6.834551906911766617e-01
1.000000000000000000e+00,-5.312243989313484294e-01
1.000000000000000000e+00,-6.961501241461771627e-01
1.000000000000000000e+00,-8.859101224981817957e-01
1.000000000000000000e+00,5.587397375848506265e-01
1.000000000000000000e+00,1.401762941945060348e+00
1.000000000000000000e+00,1.235269537203350643e+00
1.000000000000000000e+00,6.162148324738736527e-01
1.000000000000000000e+00,6.914170032770486918e-01
1.000000000000000000e+00,7.468621655055590614e-01
1.000000000000000000e+00,1.088622495230557874e+00
1.000000000000000000e+00,-7.392467256323440039e-02
1.000000000000000000e+00,1.910728855880808874e+00
1.000000000000000000e+00,9.090046402736793318e-01
1.000000000000000000e+00,2.681687328621587887e-02
1.000000000000000000e+00,-9.441049167636820227e-01
1.000000000000000000e+00,1.252164999824461944e+00
1.000000000000000000e+00,2.687997104916285185e+00
1.000000000000000000e+00,1.402174325116617659e+00
1.000000000000000000e+00,-4.766223510307824873e-01
1.000000000000000000e+00,-2.646432379397172796e-01
1.000000000000000000e+00,5.231015691980864801e-01
1.000000000000000000e+00,1.348463607421092725e+00
1.000000000000000000e+00,-1.056334681403812148e-01
1.000000000000000000e+00,5.653085979048794174e-01
1.000000000000000000e+00,-3.332654897354559997e-01
1.000000000000000000e+00,6.696689886215456688e-01
1.000000000000000000e+00,-5.100532173753364457e-02
1.000000000000000000e+00,1.377594844137309593e+00
1.000000000000000000e+00,-6.709659541394294990e-01
1.000000000000000000e+00,-3.817746432220099906e-01
1.000000000000000000e+00,-3.189060053106224646e-01
1.000000000000000000e+00,4.401888272226187060e-02
1.000000000000000000e+00,1.036679398130240681e+00
1.000000000000000000e+00,2.900454826034026823e-01
1.000000000000000000e+00,8.448111716108785973e-01
1.000000000000000000e+00,1.215395748889663174e+00
1.000000000000000000e+00,1.505319144913456419e+00
1.000000000000000000e+00,-1.340630520615380794e+00
1.000000000000000000e+00,9.474419836170185905e-01
1.000000000000000000e+00,1.031242062705742590e+00
1.000000000000000000e+00,6.885616501884435081e-01
1.000000000000000000e+00,-2.583999453769639243e-01
1.000000000000000000e+00,1.286452681305027435e+00
1.000000000000000000e+00,-1.528553904127073204e-01
1.000000000000000000e+00,8.173785492804468422e-01
1.000000000000000000e+00,1.605989472816002683e+00
1.000000000000000000e+00,1.680208305134906599e+00
1.000000000000000000e+00,1.611552434929449218e+00
1.000000000000000000e+00,1.189021209806058882e-01
1.000000000000000000e+00,-7.878492024762988599e-01
1.000000000000000000e+00,-1.207144201352453150e+00
1.000000000000000000e+00,8.930420885222609684e-01
1.000000000000000000e+00,9.069242799985887116e-01
1.000000000000000000e+00,4.799864010813932880e-01
1.000000000000000000e+00,-4.102658031110834047e-01
1.000000000000000000e+00,2.130743641625310048e-01
1.000000000000000000e+00,2.057091026065985595e+00
1.000000000000000000e+00,7.854087686804841484e-01
1.000000000000000000e+00,1.301645990760383231e+00
1.000000000000000000e+00,3.393318406409527310e-01
1.000000000000000000e+00,1.437237441758194123e+00
1.000000000000000000e+00,4.474017574615759552e-01
1.000000000000000000e+00,1.610694280786630683e+00
1.000000000000000000e+00,-7.855578424454739972e-01
1.000000000000000000e+00,2.920174677419002385e-01
1.000000000000000000e+00,-2.754763281240611983e-01
1.000000000000000000e+00,1.431580701975532222e+00
1.000000000000000000e+00,7.989074448775211890e-01
1.000000000000000000e+00,4.450351983563803349e-01
1.000000000000000000e+00,1.038349702276262665e+00
1.000000000000000000e+00,4.215376993530178251e-01
1.000000000000000000e+00,4.171429769772947993e-01
1.000000000000000000e+00,7.323637720025698294e-02
1.000000000000000000e+00,1.431662093914850997e+00
1.000000000000000000e+00,1.462595442366668996e-01
1.000000000000000000e+00,-5.381294433485640516e-01
1.000000000000000000e+00,1.449996512941420512e+00
1.000000000000000000e+00,3.482491238188289429e-01
1.000000000000000000e+00,-1.023775681974461893e+00
1.000000000000000000e+00,1.771470786486181836e+00
1.000000000000000000e+00,1.098635030809268498e+00
1.000000000000000000e+00,-1.319283727103338355e-01
1.000000000000000000e+00,6.407447705335962418e-01
1.000000000000000000e+00,6.610392313162632982e-01
1.000000000000000000e+00,6.711893369663226583e-01
1.000000000000000000e+00,-2.311022390329031673e-01
1.000000000000000000e+00,1.081072065816243155e+00
1.000000000000000000e+00,1.303959025818526740e+00
1.000000000000000000e+00,-9.589284237121323828e-01
1.000000000000000000e+00,-1.868869526929161917e-01
1.000000000000000000e+00,-1.485760753023366965e+00
1.000000000000000000e+00,3.005476968605155230e-01
1.000000000000000000e+00,9.052340702152330554e-01
1.000000000000000000e+00,3.045549228294813227e-01
1.000000000000000000e+00,1.815341029814738216e-01
1.000000000000000000e+00,1.402276949735759004e+00
1.000000000000000000e+00,1.422120646455379833e-01
1.000000000000000000e+00,1.070509692299633775e+00
1.000000000000000000e+00,1.488204720281677496e+00
1.000000000000000000e+00,9.089259024193382386e-01
1.000000000000000000e+00,8.234705589994661956e-01
