label,score
0.000000000000000000e+00,4.415889084339141846e-01
0.000000000000000000e+00,3.852409124374389648e-01
0.000000000000000000e+00,1.772067099809646606e-01
0.000000000000000000e+00,2.008693814277648926e-01
0.000000000000000000e+00,2.015099525451660156e-01
0.000000000000000000e+00,1.531971246004104614e-01
0.000000000000000000e+00,2.065842151641845703e-01
0.000000000000000000e+00,1.542022824287414551e-01
0.000000000000000000e+00,2.176069468259811401e-01
0.000000000000000000e+00,1.567555665969848633e-01
0.000000000000000000e+00,1.592375040054321289e-01
0.000000000000000000e+00,1.600836813449859619e-01
0.000000000000000000e+00,3.138580620288848877e-01
0.000000000000000000e+00,1.993678212165832520e-01
0.000000000000000000e+00,1.949875652790069580e-01
0.000000000000000000e+00,1.360884308815002441e-01
0.000000000000000000e+00,1.399005204439163208e-01
0.000000000000000000e+00,1.915882378816604614e-01
0.000000000000000000e+00,1.597322076559066772e-01
0.000000000000000000e+00,1.375248581171035767e-01
0.000000000000000000e+00,1.697831600904464722e-01
0.000000000000000000e+00,1.707681417465209961e-01
0.000000000000000000e+00,1.709610819816589355e-01
0.000000000000000000e+00,2.051818519830703735e-01
0.000000000000000000e+00,1.587851643562316895e-01
0.000000000000000000e+00,1.611288636922836304e-01
0.000000000000000000e+00,1.692837774753570557e-01
0.000000000000000000e+00,1.619543433189392090e-01
0.000000000000000000e+00,1.525284945964813232e-01
0.000000000000000000e+00,1.609266698360443115e-01
0.000000000000000000e+00,2.252010107040405273e-01
0.000000000000000000e+00,2.273855507373809814e-01
0.000000000000000000e+00,1.679850965738296509e-01
0.000000000000000000e+00,1.600169837474822998e-01
0.000000000000000000e+00,2.000199556350708008e-01
0.000000000000000000e+00,1.538770943880081177e-01
0.000000000000000000e+00,1.558766365051269531e-01
0.000000000000000000e+00,1.616441160440444946e-01
0.000000000000000000e+00,1.613831371068954468e-01
0.000000000000000000e+00,1.493475139141082764e-01
0.000000000000000000e+00,1.721576154232025146e-01
0.000000000000000000e+00,1.175986379384994507e-01
0.000000000000000000e+00,1.663136780261993408e-01
0.000000000000000000e+00,2.355038821697235107e-01
0.000000000000000000e+00,1.458622813224792480e-01
0.000000000000000000e+00,1.751927733421325684e-01
0.000000000000000000e+00,1.677684187889099121e-01
0.000000000000000000e+00,1.519800573587417603e-01
0.000000000000000000e+00,1.660938262939453125e-01
0.000000000000000000e+00,1.519470363855361938e-01
0.000000000000000000e+00,1.837533712387084961e-01
0.000000000000000000e+00,1.559527218341827393e-01
0.000000000000000000e+00,1.581022590398788452e-01
0.000000000000000000e+00,2.359920144081115723e-01
0.000000000000000000e+00,1.712197512388229370e-01
0.000000000000000000e+00,2.359012365341186523e-01
0.000000000000000000e+00,1.954107135534286499e-01
0.000000000000000000e+00,2.715304195880889893e-01
0.000000000000000000e+00,1.450529843568801880e-01
0.000000000000000000e+00,1.342615038156509399e-01
0.000000000000000000e+00,1.649348139762878418e-01
0.000000000000000000e+00,1.569703817367553711e-01
0.000000000000000000e+00,1.749453991651535034e-01
0.000000000000000000e+00,1.458618640899658203e-01
0.000000000000000000e+00,1.227569431066513062e-01
0.000000000000000000e+00,1.626896113157272339e-01
0.000000000000000000e+00,1.377496272325515747e-01
0.000000000000000000e+00,1.797427237033843994e-01
0.000000000000000000e+00,2.137259542942047119e-01
0.000000000000000000e+00,1.825763583183288574e-01
0.000000000000000000e+00,1.607308983802795410e-01
0.000000000000000000e+00,1.768750101327896118e-01
0.000000000000000000e+00,1.636997908353805542e-01
0.000000000000000000e+00,1.663504242897033691e-01
0.000000000000000000e+00,1.983519345521926880e-01
0.000000000000000000e+00,1.643666774034500122e-01
0.000000000000000000e+00,1.904418617486953735e-01
0.000000000000000000e+00,1.796735525131225586e-01
0.000000000000000000e+00,1.755215674638748169e-01
0.000000000000000000e+00,3.536037206649780273e-01
0.000000000000000000e+00,1.505396366119384766e-01
0.000000000000000000e+00,1.621926277875900269e-01
0.000000000000000000e+00,2.147653996944427490e-01
0.000000000000000000e+00,1.687898486852645874e-01
0.000000000000000000e+00,2.067677378654479980e-01
0.000000000000000000e+00,1.539238244295120239e-01
0.000000000000000000e+00,1.924498230218887329e-01
0.000000000000000000e+00,1.634652465581893921e-01
0.000000000000000000e+00,1.667744219303131104e-01
0.000000000000000000e+00,1.697364449501037598e-01
0.000000000000000000e+00,1.771099269390106201e-01
0.000000000000000000e+00,1.523395478725433350e-01
0.000000000000000000e+00,1.399756371974945068e-01
0.000000000000000000e+00,1.655465513467788696e-01
0.000000000000000000e+00,1.537331491708755493e-01
0.000000000000000000e+00,1.759341508150100708e-01
0.000000000000000000e+00,1.705522686243057251e-01
0.000000000000000000e+00,1.832334697246551514e-01
0.000000000000000000e+00,1.676379889249801636e-01
0.000000000000000000e+00,1.665068566799163818e-01
0.000000000000000000e+00,1.840962469577789307e-01
0.000000000000000000e+00,1.947135627269744873e-01
0.000000000000000000e+00,1.834633946418762207e-01
0.000000000000000000e+00,2.851098477840423584e-01
0.000000000000000000e+00,2.129020392894744873e-01
0.000000000000000000e+00,1.819376200437545776e-01
0.000000000000000000e+00,1.376647651195526123e-01
0.000000000000000000e+00,1.519984751939773560e-01
0.000000000000000000e+00,1.485978066921234131e-01
0.000000000000000000e+00,1.301873177289962769e-01
0.000000000000000000e+00,1.837178766727447510e-01
0.000000000000000000e+00,1.490895748138427734e-01
0.000000000000000000e+00,2.087969630956649780e-01
0.000000000000000000e+00,1.641158461570739746e-01
0.000000000000000000e+00,1.678052991628646851e-01
0.000000000000000000e+00,2.352031320333480835e-01
0.000000000000000000e+00,1.932286620140075684e-01
0.000000000000000000e+00,2.110696732997894287e-01
0.000000000000000000e+00,1.437927186489105225e-01
0.000000000000000000e+00,1.886495053768157959e-01
0.000000000000000000e+00,1.896911710500717163e-01
0.000000000000000000e+00,1.997898817062377930e-01
0.000000000000000000e+00,1.989113390445709229e-01
0.000000000000000000e+00,2.395678311586380005e-01
0.000000000000000000e+00,2.036267518997192383e-01
0.000000000000000000e+00,1.742833852767944336e-01
0.000000000000000000e+00,1.844199448823928833e-01
0.000000000000000000e+00,1.776700913906097412e-01
0.000000000000000000e+00,1.908412128686904907e-01
0.000000000000000000e+00,1.583889275789260864e-01
0.000000000000000000e+00,1.328290998935699463e-01
0.000000000000000000e+00,1.587629616260528564e-01
0.000000000000000000e+00,1.545434743165969849e-01
0.000000000000000000e+00,1.484433710575103760e-01
0.000000000000000000e+00,2.035056948661804199e-01
0.000000000000000000e+00,1.842811703681945801e-01
0.000000000000000000e+00,1.724873781204223633e-01
0.000000000000000000e+00,1.798548847436904907e-01
0.000000000000000000e+00,1.538684666156768799e-01
0.000000000000000000e+00,1.731839030981063843e-01
0.000000000000000000e+00,1.659683883190155029e-01
0.000000000000000000e+00,1.586711108684539795e-01
0.000000000000000000e+00,1.597897708415985107e-01
0.000000000000000000e+00,1.378442943096160889e-01
0.000000000000000000e+00,1.673310548067092896e-01
0.000000000000000000e+00,2.078504264354705811e-01
0.000000000000000000e+00,1.561939716339111328e-01
0.000000000000000000e+00,1.720734983682632446e-01
0.000000000000000000e+00,1.672790348529815674e-01
0.000000000000000000e+00,1.608952581882476807e-01
0.000000000000000000e+00,1.783481985330581665e-01
0.000000000000000000e+00,1.457002162933349609e-01
0.000000000000000000e+00,1.750912219285964966e-01
0.000000000000000000e+00,2.129682749509811401e-01
0.000000000000000000e+00,1.654005348682403564e-01
0.000000000000000000e+00,1.717773079872131348e-01
0.000000000000000000e+00,1.669956445693969727e-01
0.000000000000000000e+00,1.707292944192886353e-01
0.000000000000000000e+00,1.667231321334838867e-01
0.000000000000000000e+00,1.641291081905364990e-01
0.000000000000000000e+00,2.285565584897994995e-01
0.000000000000000000e+00,1.658183038234710693e-01
0.000000000000000000e+00,2.409295141696929932e-01
0.000000000000000000e+00,1.544137001037597656e-01
0.000000000000000000e+00,2.472126781940460205e-01
0.000000000000000000e+00,2.167714089155197144e-01
0.000000000000000000e+00,1.808872222900390625e-01
0.000000000000000000e+00,2.368856817483901978e-01
0.000000000000000000e+00,2.068011164665222168e-01
0.000000000000000000e+00,2.781078219413757324e-01
0.000000000000000000e+00,1.590941250324249268e-01
0.000000000000000000e+00,1.580552011728286743e-01
0.000000000000000000e+00,2.282952517271041870e-01
0.000000000000000000e+00,1.752433478832244873e-01
0.000000000000000000e+00,1.804536581039428711e-01
0.000000000000000000e+00,1.845825016498565674e-01
0.000000000000000000e+00,2.337916940450668335e-01
0.000000000000000000e+00,2.397500276565551758e-01
0.000000000000000000e+00,1.880979686975479126e-01
0.000000000000000000e+00,1.656878739595413208e-01
0.000000000000000000e+00,1.778311282396316528e-01
0.000000000000000000e+00,1.531715989112854004e-01
0.000000000000000000e+00,2.075233459472656250e-01
0.000000000000000000e+00,1.956141144037246704e-01
0.000000000000000000e+00,1.799736618995666504e-01
0.000000000000000000e+00,1.754220426082611084e-01
0.000000000000000000e+00,1.862917244434356689e-01
0.000000000000000000e+00,1.760624647140502930e-01
0.000000000000000000e+00,1.859549432992935181e-01
0.000000000000000000e+00,1.985084563493728638e-01
0.000000000000000000e+00,1.847244203090667725e-01
0.000000000000000000e+00,1.771263182163238525e-01
0.000000000000000000e+00,1.973488330841064453e-01
0.000000000000000000e+00,2.595750987529754639e-01
0.000000000000000000e+00,1.735352873802185059e-01
0.000000000000000000e+00,1.808865666389465332e-01
0.000000000000000000e+00,2.137549817562103271e-01
0.000000000000000000e+00,2.371969968080520630e-01
0.000000000000000000e+00,3.827842473983764648e-01
0.000000000000000000e+00,3.557809591293334961e-01
0.000000000000000000e+00,1.927046179771423340e-01
0.000000000000000000e+00,1.705094873905181885e-01
0.000000000000000000e+00,2.145619988441467285e-01
0.000000000000000000e+00,1.764262765645980835e-01
0.000000000000000000e+00,2.716547846794128418e-01
0.000000000000000000e+00,2.285459339618682861e-01
0.000000000000000000e+00,3.340664505958557129e-01
0.000000000000000000e+00,1.756553649902343750e-01
0.000000000000000000e+00,2.062516510486602783e-01
0.000000000000000000e+00,1.492136716842651367e-01
0.000000000000000000e+00,2.081785202026367188e-01
0.000000000000000000e+00,3.553224503993988037e-01
0.000000000000000000e+00,2.837463617324829102e-01
0.000000000000000000e+00,2.354683578014373779e-01
0.000000000000000000e+00,2.023931145668029785e-01
0.000000000000000000e+00,2.262051999568939209e-01
0.000000000000000000e+00,1.634995490312576294e-01
0.000000000000000000e+00,1.658742129802703857e-01
0.000000000000000000e+00,1.858476251363754272e-01
0.000000000000000000e+00,2.075236886739730835e-01
0.000000000000000000e+00,1.347228735685348511e-01
0.000000000000000000e+00,1.411192268133163452e-01
0.000000000000000000e+00,1.513656526803970337e-01
0.000000000000000000e+00,2.823558449745178223e-01
0.000000000000000000e+00,1.264330595731735229e-01
0.000000000000000000e+00,1.785581707954406738e-01
0.000000000000000000e+00,1.570031344890594482e-01
0.000000000000000000e+00,1.744273900985717773e-01
0.000000000000000000e+00,1.816392391920089722e-01
0.000000000000000000e+00,1.638596206903457642e-01
0.000000000000000000e+00,1.961274445056915283e-01
0.000000000000000000e+00,1.512177586555480957e-01
0.000000000000000000e+00,1.792812943458557129e-01
0.000000000000000000e+00,1.805987656116485596e-01
0.000000000000000000e+00,2.043822407722473145e-01
0.000000000000000000e+00,2.083971649408340454e-01
0.000000000000000000e+00,2.912488579750061035e-01
0.000000000000000000e+00,1.768721938133239746e-01
0.000000000000000000e+00,1.455950736999511719e-01
0.000000000000000000e+00,1.603396534919738770e-01
0.000000000000000000e+00,1.680150330066680908e-01
0.000000000000000000e+00,1.636160314083099365e-01
0.000000000000000000e+00,1.622928529977798462e-01
0.000000000000000000e+00,1.592003256082534790e-01
0.000000000000000000e+00,1.556310206651687622e-01
0.000000000000000000e+00,1.880872249603271484e-01
0.000000000000000000e+00,1.366307139396667480e-01
0.000000000000000000e+00,1.472540199756622314e-01
0.000000000000000000e+00,1.435453295707702637e-01
0.000000000000000000e+00,1.903601437807083130e-01
0.000000000000000000e+00,1.463045626878738403e-01
0.000000000000000000e+00,1.599899828433990479e-01
0.000000000000000000e+00,1.587041765451431274e-01
0.000000000000000000e+00,1.629875898361206055e-01
0.000000000000000000e+00,1.618538647890090942e-01
0.000000000000000000e+00,1.466385871171951294e-01
0.000000000000000000e+00,1.587499380111694336e-01
0.000000000000000000e+00,1.599484086036682129e-01
0.000000000000000000e+00,1.284752339124679565e-01
0.000000000000000000e+00,1.499855518341064453e-01
0.000000000000000000e+00,1.459988057613372803e-01
0.000000000000000000e+00,1.769767999649047852e-01
0.000000000000000000e+00,1.606263220310211182e-01
0.000000000000000000e+00,1.600201427936553955e-01
0.000000000000000000e+00,1.286535859107971191e-01
0.000000000000000000e+00,1.580122411251068115e-01
0.000000000000000000e+00,1.368501931428909302e-01
0.000000000000000000e+00,1.633782833814620972e-01
0.000000000000000000e+00,1.872345060110092163e-01
0.000000000000000000e+00,1.487880945205688477e-01
0.000000000000000000e+00,1.860188841819763184e-01
0.000000000000000000e+00,1.582752764225006104e-01
0.000000000000000000e+00,1.567633450031280518e-01
0.000000000000000000e+00,1.627337038516998291e-01
0.000000000000000000e+00,1.651793420314788818e-01
0.000000000000000000e+00,1.828707307577133179e-01
0.000000000000000000e+00,1.452464163303375244e-01
0.000000000000000000e+00,2.215230315923690796e-01
0.000000000000000000e+00,2.745929062366485596e-01
0.000000000000000000e+00,1.526139080524444580e-01
0.000000000000000000e+00,1.355611234903335571e-01
0.000000000000000000e+00,1.975175887346267700e-01
0.000000000000000000e+00,2.148914337158203125e-01
0.000000000000000000e+00,2.047833949327468872e-01
0.000000000000000000e+00,3.652536869049072266e-01
0.000000000000000000e+00,1.889077126979827881e-01
0.000000000000000000e+00,1.815727502107620239e-01
0.000000000000000000e+00,1.801867932081222534e-01
0.000000000000000000e+00,1.944412589073181152e-01
0.000000000000000000e+00,1.430932283401489258e-01
0.000000000000000000e+00,1.871560662984848022e-01
0.000000000000000000e+00,1.917476356029510498e-01
0.000000000000000000e+00,2.172466516494750977e-01
0.000000000000000000e+00,1.991477310657501221e-01
0.000000000000000000e+00,1.976331621408462524e-01
0.000000000000000000e+00,1.892293095588684082e-01
0.000000000000000000e+00,1.616264581680297852e-01
0.000000000000000000e+00,1.723121553659439087e-01
0.000000000000000000e+00,1.537304222583770752e-01
0.000000000000000000e+00,1.865758746862411499e-01
0.000000000000000000e+00,1.825279146432876587e-01
0.000000000000000000e+00,1.800604015588760376e-01
0.000000000000000000e+00,1.481223851442337036e-01
0.000000000000000000e+00,1.900375932455062866e-01
0.000000000000000000e+00,1.759947538375854492e-01
0.000000000000000000e+00,1.998551934957504272e-01
0.000000000000000000e+00,1.967722326517105103e-01
0.000000000000000000e+00,1.603022813796997070e-01
0.000000000000000000e+00,1.425476223230361938e-01
0.000000000000000000e+00,1.828221678733825684e-01
0.000000000000000000e+00,1.949906945228576660e-01
0.000000000000000000e+00,2.395257353782653809e-01
0.000000000000000000e+00,1.999546736478805542e-01
0.000000000000000000e+00,1.639299690723419189e-01
0.000000000000000000e+00,1.300953626632690430e-01
0.000000000000000000e+00,1.616249680519104004e-01
0.000000000000000000e+00,1.688728630542755127e-01
0.000000000000000000e+00,1.847939491271972656e-01
0.000000000000000000e+00,1.744522750377655029e-01
0.000000000000000000e+00,1.649566441774368286e-01
0.000000000000000000e+00,2.442971318960189819e-01
0.000000000000000000e+00,2.041044384241104126e-01
0.000000000000000000e+00,4.552366733551025391e-01
0.000000000000000000e+00,3.139231801033020020e-01
0.000000000000000000e+00,3.541308045387268066e-01
0.000000000000000000e+00,3.684416711330413818e-01
0.000000000000000000e+00,1.914748251438140869e-01
0.000000000000000000e+00,1.862545013427734375e-01
0.000000000000000000e+00,1.672589182853698730e-01
0.000000000000000000e+00,1.485956609249114990e-01
0.000000000000000000e+00,1.765349954366683960e-01
0.000000000000000000e+00,1.395785957574844360e-01
0.000000000000000000e+00,1.847336590290069580e-01
0.000000000000000000e+00,1.593858450651168823e-01
0.000000000000000000e+00,1.544719189405441284e-01
0.000000000000000000e+00,2.120670676231384277e-01
0.000000000000000000e+00,1.643062978982925415e-01
0.000000000000000000e+00,2.196754664182662964e-01
0.000000000000000000e+00,1.424514502286911011e-01
0.000000000000000000e+00,1.735057532787322998e-01
0.000000000000000000e+00,1.550166159868240356e-01
0.000000000000000000e+00,1.995886266231536865e-01
0.000000000000000000e+00,1.679177433252334595e-01
0.000000000000000000e+00,1.608430296182632446e-01
0.000000000000000000e+00,1.977423578500747681e-01
0.000000000000000000e+00,2.461658269166946411e-01
0.000000000000000000e+00,1.566380262374877930e-01
0.000000000000000000e+00,2.581456303596496582e-01
0.000000000000000000e+00,1.834019571542739868e-01
0.000000000000000000e+00,2.205702811479568481e-01
0.000000000000000000e+00,1.581009328365325928e-01
0.000000000000000000e+00,2.039601951837539673e-01
0.000000000000000000e+00,1.593989133834838867e-01
0.000000000000000000e+00,1.961079984903335571e-01
0.000000000000000000e+00,1.653669178485870361e-01
0.000000000000000000e+00,1.650748252868652344e-01
0.000000000000000000e+00,2.642356753349304199e-01
0.000000000000000000e+00,1.681040525436401367e-01
0.000000000000000000e+00,2.333287894725799561e-01
0.000000000000000000e+00,1.849323213100433350e-01
0.000000000000000000e+00,2.437451630830764771e-01
0.000000000000000000e+00,2.062052488327026367e-01
0.000000000000000000e+00,1.647665053606033325e-01
0.000000000000000000e+00,1.437575519084930420e-01
0.000000000000000000e+00,1.925172507762908936e-01
0.000000000000000000e+00,2.237730026245117188e-01
0.000000000000000000e+00,1.603103876113891602e-01
0.000000000000000000e+00,2.084380835294723511e-01
0.000000000000000000e+00,1.909539848566055298e-01
0.000000000000000000e+00,2.106844484806060791e-01
0.000000000000000000e+00,1.791467964649200439e-01
0.000000000000000000e+00,2.161372154951095581e-01
0.000000000000000000e+00,2.087159603834152222e-01
0.000000000000000000e+00,3.835839033126831055e-01
0.000000000000000000e+00,1.823058426380157471e-01
0.000000000000000000e+00,1.628823429346084595e-01
0.000000000000000000e+00,1.352817565202713013e-01
0.000000000000000000e+00,1.936578601598739624e-01
0.000000000000000000e+00,1.890624314546585083e-01
0.000000000000000000e+00,1.878119111061096191e-01
0.000000000000000000e+00,2.751317918300628662e-01
0.000000000000000000e+00,1.497403383255004883e-01
0.000000000000000000e+00,1.675528585910797119e-01
0.000000000000000000e+00,1.779030263423919678e-01
0.000000000000000000e+00,1.780368983745574951e-01
0.000000000000000000e+00,1.381706148386001587e-01
0.000000000000000000e+00,2.195346653461456299e-01
0.000000000000000000e+00,1.869121640920639038e-01
0.000000000000000000e+00,1.478096544742584229e-01
0.000000000000000000e+00,2.084845155477523804e-01
0.000000000000000000e+00,1.995044946670532227e-01
0.000000000000000000e+00,1.805887371301651001e-01
0.000000000000000000e+00,1.472686678171157837e-01
0.000000000000000000e+00,1.506341695785522461e-01
0.000000000000000000e+00,1.859788298606872559e-01
0.000000000000000000e+00,1.953321695327758789e-01
0.000000000000000000e+00,2.456501573324203491e-01
0.000000000000000000e+00,2.669391930103302002e-01
0.000000000000000000e+00,1.601568609476089478e-01
0.000000000000000000e+00,2.174395620822906494e-01
0.000000000000000000e+00,3.411888778209686279e-01
0.000000000000000000e+00,1.855510771274566650e-01
0.000000000000000000e+00,1.778525859117507935e-01
0.000000000000000000e+00,1.918053030967712402e-01
0.000000000000000000e+00,1.773158162832260132e-01
0.000000000000000000e+00,1.965589374303817749e-01
0.000000000000000000e+00,2.128129303455352783e-01
0.000000000000000000e+00,1.840591132640838623e-01
0.000000000000000000e+00,1.557902693748474121e-01
0.000000000000000000e+00,1.995728462934494019e-01
0.000000000000000000e+00,1.678397655487060547e-01
0.000000000000000000e+00,1.564221382141113281e-01
0.000000000000000000e+00,1.921030580997467041e-01
0.000000000000000000e+00,1.738522350788116455e-01
0.000000000000000000e+00,2.210111469030380249e-01
0.000000000000000000e+00,2.443586438894271851e-01
0.000000000000000000e+00,2.189069986343383789e-01
0.000000000000000000e+00,1.797528415918350220e-01
0.000000000000000000e+00,1.555906534194946289e-01
0.000000000000000000e+00,1.558959633111953735e-01
0.000000000000000000e+00,2.161086350679397583e-01
0.000000000000000000e+00,2.370498627424240112e-01
0.000000000000000000e+00,1.942448914051055908e-01
0.000000000000000000e+00,1.604277044534683228e-01
0.000000000000000000e+00,1.729288399219512939e-01
0.000000000000000000e+00,1.879602670669555664e-01
0.000000000000000000e+00,1.825866699218750000e-01
0.000000000000000000e+00,1.878264397382736206e-01
0.000000000000000000e+00,2.337825596332550049e-01
0.000000000000000000e+00,1.945029646158218384e-01
0.000000000000000000e+00,1.745044589042663574e-01
0.000000000000000000e+00,1.650390028953552246e-01
0.000000000000000000e+00,1.680116057395935059e-01
0.000000000000000000e+00,1.507751941680908203e-01
0.000000000000000000e+00,1.965182274580001831e-01
0.000000000000000000e+00,2.708609998226165771e-01
0.000000000000000000e+00,1.465582549571990967e-01
0.000000000000000000e+00,1.551518142223358154e-01
0.000000000000000000e+00,1.735729724168777466e-01
0.000000000000000000e+00,1.446108818054199219e-01
0.000000000000000000e+00,1.646172851324081421e-01
0.000000000000000000e+00,1.706369072198867798e-01
0.000000000000000000e+00,1.880179494619369507e-01
0.000000000000000000e+00,1.334915757179260254e-01
0.000000000000000000e+00,2.106290310621261597e-01
0.000000000000000000e+00,2.047780454158782959e-01
0.000000000000000000e+00,1.557047516107559204e-01
0.000000000000000000e+00,1.827577352523803711e-01
0.000000000000000000e+00,1.540524363517761230e-01
0.000000000000000000e+00,1.788121908903121948e-01
0.000000000000000000e+00,1.825773864984512329e-01
0.000000000000000000e+00,1.690532118082046509e-01
0.000000000000000000e+00,1.732535213232040405e-01
0.000000000000000000e+00,1.945633143186569214e-01
0.000000000000000000e+00,1.581273674964904785e-01
0.000000000000000000e+00,1.722401082515716553e-01
0.000000000000000000e+00,2.042824923992156982e-01
0.000000000000000000e+00,1.671447306871414185e-01
0.000000000000000000e+00,2.033503502607345581e-01
0.000000000000000000e+00,1.379646211862564087e-01
0.000000000000000000e+00,1.307885795831680298e-01
0.000000000000000000e+00,1.567705422639846802e-01
0.000000000000000000e+00,1.433522701263427734e-01
0.000000000000000000e+00,1.602505296468734741e-01
0.000000000000000000e+00,1.346962451934814453e-01
0.000000000000000000e+00,1.823987960815429688e-01
0.000000000000000000e+00,1.515664309263229370e-01
0.000000000000000000e+00,2.115960717201232910e-01
0.000000000000000000e+00,1.780035346746444702e-01
0.000000000000000000e+00,1.378011852502822876e-01
0.000000000000000000e+00,1.503165811300277710e-01
0.000000000000000000e+00,1.486789733171463013e-01
0.000000000000000000e+00,1.599197685718536377e-01
0.000000000000000000e+00,1.783858835697174072e-01
0.000000000000000000e+00,1.541621536016464233e-01
0.000000000000000000e+00,1.773256063461303711e-01
0.000000000000000000e+00,1.829335689544677734e-01
0.000000000000000000e+00,1.923756897449493408e-01
0.000000000000000000e+00,1.944689303636550903e-01
0.000000000000000000e+00,1.826644390821456909e-01
0.000000000000000000e+00,1.976771354675292969e-01
0.000000000000000000e+00,1.665211617946624756e-01
0.000000000000000000e+00,1.900479644536972046e-01
0.000000000000000000e+00,2.012509256601333618e-01
0.000000000000000000e+00,1.694893836975097656e-01
0.000000000000000000e+00,2.075123041868209839e-01
0.000000000000000000e+00,3.134243488311767578e-01
0.000000000000000000e+00,1.795600503683090210e-01
0.000000000000000000e+00,2.806656956672668457e-01
0.000000000000000000e+00,2.377775758504867554e-01
0.000000000000000000e+00,2.069066464900970459e-01
0.000000000000000000e+00,1.801040321588516235e-01
0.000000000000000000e+00,2.120706439018249512e-01
0.000000000000000000e+00,1.430438011884689331e-01
0.000000000000000000e+00,2.036502659320831299e-01
0.000000000000000000e+00,3.513671159744262695e-01
0.000000000000000000e+00,2.421058416366577148e-01
0.000000000000000000e+00,2.166080623865127563e-01
0.000000000000000000e+00,1.687933504581451416e-01
0.000000000000000000e+00,1.841566264629364014e-01
1.000000000000000000e+00,4.797506332397460938e-01
1.000000000000000000e+00,5.049958825111389160e-01
1.000000000000000000e+00,5.555695295333862305e-01
1.000000000000000000e+00,4.372907876968383789e-01
1.000000000000000000e+00,5.107164382934570312e-01
1.000000000000000000e+00,5.106713771820068359e-01
1.000000000000000000e+00,4.549106955528259277e-01
1.000000000000000000e+00,5.158339142799377441e-01
1.000000000000000000e+00,4.753568768501281738e-01
1.000000000000000000e+00,4.875992834568023682e-01
1.000000000000000000e+00,5.246940255165100098e-01
1.000000000000000000e+00,4.882466793060302734e-01
1.000000000000000000e+00,5.094798207283020020e-01
1.000000000000000000e+00,4.674874544143676758e-01
1.000000000000000000e+00,4.378185868263244629e-01
1.000000000000000000e+00,5.154970288276672363e-01
1.000000000000000000e+00,4.339845776557922363e-01
1.000000000000000000e+00,4.466529190540313721e-01
1.000000000000000000e+00,4.937706291675567627e-01
1.000000000000000000e+00,4.260955452919006348e-01
1.000000000000000000e+00,5.053634047508239746e-01
1.000000000000000000e+00,4.978443086147308350e-01
1.000000000000000000e+00,4.937413334846496582e-01
1.000000000000000000e+00,4.399492740631103516e-01
1.000000000000000000e+00,5.394117236137390137e-01
1.000000000000000000e+00,4.855565130710601807e-01
1.000000000000000000e+00,5.084012746810913086e-01
1.000000000000000000e+00,5.083430409431457520e-01
1.000000000000000000e+00,4.608629345893859863e-01
1.000000000000000000e+00,5.790616273880004883e-01
1.000000000000000000e+00,4.750510156154632568e-01
1.000000000000000000e+00,5.185471177101135254e-01
1.000000000000000000e+00,4.720314741134643555e-01
1.000000000000000000e+00,4.789809584617614746e-01
1.000000000000000000e+00,5.063959360122680664e-01
1.000000000000000000e+00,4.661872088909149170e-01
1.000000000000000000e+00,4.556753635406494141e-01
1.000000000000000000e+00,4.749345183372497559e-01
1.000000000000000000e+00,3.970869481563568115e-01
1.000000000000000000e+00,4.275979697704315186e-01
1.000000000000000000e+00,4.873458147048950195e-01
1.000000000000000000e+00,5.656495094299316406e-01
1.000000000000000000e+00,4.850062131881713867e-01
1.000000000000000000e+00,4.804267585277557373e-01
1.000000000000000000e+00,3.756565153598785400e-01
1.000000000000000000e+00,4.609169960021972656e-01
1.000000000000000000e+00,4.658599495887756348e-01
1.000000000000000000e+00,4.996694326400756836e-01
1.000000000000000000e+00,4.518197774887084961e-01
1.000000000000000000e+00,4.293334782123565674e-01
1.000000000000000000e+00,4.051792621612548828e-01
1.000000000000000000e+00,5.156503319740295410e-01
1.000000000000000000e+00,5.238983035087585449e-01
1.000000000000000000e+00,4.176476001739501953e-01
1.000000000000000000e+00,4.333600103855133057e-01
1.000000000000000000e+00,4.454835951328277588e-01
1.000000000000000000e+00,4.794514775276184082e-01
1.000000000000000000e+00,4.204005300998687744e-01
1.000000000000000000e+00,4.079474508762359619e-01
1.000000000000000000e+00,4.109362065792083740e-01
1.000000000000000000e+00,5.439933538436889648e-01
1.000000000000000000e+00,5.359128713607788086e-01
1.000000000000000000e+00,5.031338930130004883e-01
1.000000000000000000e+00,4.720618426799774170e-01
1.000000000000000000e+00,5.093162059783935547e-01
1.000000000000000000e+00,3.955756723880767822e-01
1.000000000000000000e+00,4.287393689155578613e-01
1.000000000000000000e+00,4.391247630119323730e-01
1.000000000000000000e+00,5.596766471862792969e-01
1.000000000000000000e+00,4.507087767124176025e-01
1.000000000000000000e+00,4.882535040378570557e-01
1.000000000000000000e+00,5.349495410919189453e-01
1.000000000000000000e+00,3.867113292217254639e-01
1.000000000000000000e+00,5.424344539642333984e-01
1.000000000000000000e+00,5.467466115951538086e-01
1.000000000000000000e+00,4.661778509616851807e-01
1.000000000000000000e+00,4.664466679096221924e-01
1.000000000000000000e+00,4.993957877159118652e-01
1.000000000000000000e+00,4.594395160675048828e-01
1.000000000000000000e+00,4.532408714294433594e-01
1.000000000000000000e+00,4.765597283840179443e-01
1.000000000000000000e+00,4.419218301773071289e-01
1.000000000000000000e+00,5.839273333549499512e-01
1.000000000000000000e+00,4.843625128269195557e-01
1.000000000000000000e+00,4.803648293018341064e-01
1.000000000000000000e+00,5.097047686576843262e-01
1.000000000000000000e+00,4.544086456298828125e-01
1.000000000000000000e+00,4.895837008953094482e-01
1.000000000000000000e+00,5.799640417098999023e-01
1.000000000000000000e+00,4.782863259315490723e-01
1.000000000000000000e+00,4.699451029300689697e-01
1.000000000000000000e+00,5.476933717727661133e-01
1.000000000000000000e+00,4.469736814498901367e-01
1.000000000000000000e+00,4.893185794353485107e-01
1.000000000000000000e+00,4.814003705978393555e-01
1.000000000000000000e+00,5.613726377487182617e-01
1.000000000000000000e+00,4.847812354564666748e-01
1.000000000000000000e+00,5.137041807174682617e-01
1.000000000000000000e+00,4.489388465881347656e-01
1.000000000000000000e+00,5.019665956497192383e-01
1.000000000000000000e+00,4.732050895690917969e-01
1.000000000000000000e+00,4.520414769649505615e-01
1.000000000000000000e+00,4.539166092872619629e-01
1.000000000000000000e+00,5.114747285842895508e-01
1.000000000000000000e+00,4.664159417152404785e-01
1.000000000000000000e+00,5.528194308280944824e-01
1.000000000000000000e+00,5.132035017013549805e-01
1.000000000000000000e+00,4.916618764400482178e-01
1.000000000000000000e+00,5.709704160690307617e-01
1.000000000000000000e+00,4.753513932228088379e-01
1.000000000000000000e+00,5.503064990043640137e-01
1.000000000000000000e+00,5.287363529205322266e-01
1.000000000000000000e+00,4.930698275566101074e-01
1.000000000000000000e+00,5.326698422431945801e-01
1.000000000000000000e+00,5.149483084678649902e-01
1.000000000000000000e+00,4.453359842300415039e-01
1.000000000000000000e+00,4.361935853958129883e-01
1.000000000000000000e+00,4.767365157604217529e-01
1.000000000000000000e+00,4.600256085395812988e-01
1.000000000000000000e+00,4.394819736480712891e-01
1.000000000000000000e+00,5.019388198852539062e-01
1.000000000000000000e+00,4.420747756958007812e-01
1.000000000000000000e+00,3.984075188636779785e-01
1.000000000000000000e+00,4.778707623481750488e-01
1.000000000000000000e+00,4.681249558925628662e-01
1.000000000000000000e+00,3.690958619117736816e-01
1.000000000000000000e+00,5.132894515991210938e-01
1.000000000000000000e+00,4.594588577747344971e-01
1.000000000000000000e+00,4.954341650009155273e-01
1.000000000000000000e+00,5.208524465560913086e-01
1.000000000000000000e+00,5.667902231216430664e-01
1.000000000000000000e+00,5.002132058143615723e-01
1.000000000000000000e+00,4.757054448127746582e-01
1.000000000000000000e+00,4.862308502197265625e-01
1.000000000000000000e+00,4.772612154483795166e-01
1.000000000000000000e+00,4.600411951541900635e-01
1.000000000000000000e+00,4.527764022350311279e-01
1.000000000000000000e+00,5.131257772445678711e-01
1.000000000000000000e+00,5.134358406066894531e-01
1.000000000000000000e+00,4.335483014583587646e-01
1.000000000000000000e+00,3.833174109458923340e-01
1.000000000000000000e+00,4.771254360675811768e-01
1.000000000000000000e+00,4.389464855194091797e-01
1.000000000000000000e+00,4.794384837150573730e-01
1.000000000000000000e+00,4.131551682949066162e-01
1.000000000000000000e+00,4.670673310756683350e-01
1.000000000000000000e+00,5.422358512878417969e-01
1.000000000000000000e+00,4.561795592308044434e-01
1.000000000000000000e+00,4.713918864727020264e-01
1.000000000000000000e+00,5.205979347229003906e-01
1.000000000000000000e+00,5.910519957542419434e-01
1.000000000000000000e+00,4.653095304965972900e-01
1.000000000000000000e+00,5.379484295845031738e-01
1.000000000000000000e+00,3.931059241294860840e-01
1.000000000000000000e+00,4.486760795116424561e-01
1.000000000000000000e+00,4.621273279190063477e-01
1.000000000000000000e+00,4.932579994201660156e-01
1.000000000000000000e+00,4.891107678413391113e-01
1.000000000000000000e+00,4.643204212188720703e-01
1.000000000000000000e+00,3.973500430583953857e-01
1.000000000000000000e+00,4.983537197113037109e-01
1.000000000000000000e+00,5.162513256072998047e-01
1.000000000000000000e+00,4.591317176818847656e-01
1.000000000000000000e+00,4.163722991943359375e-01
1.000000000000000000e+00,4.607621431350708008e-01
1.000000000000000000e+00,5.182663798332214355e-01
1.000000000000000000e+00,4.249464869499206543e-01
1.000000000000000000e+00,4.846816360950469971e-01
1.000000000000000000e+00,5.222573280334472656e-01
1.000000000000000000e+00,5.030437707901000977e-01
1.000000000000000000e+00,5.525434613227844238e-01
1.000000000000000000e+00,4.979810714721679688e-01
1.000000000000000000e+00,5.316816568374633789e-01
1.000000000000000000e+00,5.042315721511840820e-01
1.000000000000000000e+00,4.172289669513702393e-01
1.000000000000000000e+00,4.546573162078857422e-01
1.000000000000000000e+00,4.415132701396942139e-01
1.000000000000000000e+00,5.028859376907348633e-01
1.000000000000000000e+00,5.234716534614562988e-01
1.000000000000000000e+00,5.702207684516906738e-01
1.000000000000000000e+00,4.802786409854888916e-01
1.000000000000000000e+00,4.294543862342834473e-01
1.000000000000000000e+00,4.011605978012084961e-01
1.000000000000000000e+00,5.251870751380920410e-01
1.000000000000000000e+00,4.608449041843414307e-01
1.000000000000000000e+00,4.892800152301788330e-01
1.000000000000000000e+00,4.988641440868377686e-01
1.000000000000000000e+00,5.508475899696350098e-01
1.000000000000000000e+00,4.293227195739746094e-01
1.000000000000000000e+00,4.440239071846008301e-01
1.000000000000000000e+00,4.712291061878204346e-01
1.000000000000000000e+00,4.265832304954528809e-01
1.000000000000000000e+00,4.364203214645385742e-01
1.000000000000000000e+00,5.468838214874267578e-01
1.000000000000000000e+00,4.400520920753479004e-01
1.000000000000000000e+00,5.240131616592407227e-01
1.000000000000000000e+00,5.401113033294677734e-01
1.000000000000000000e+00,5.154507160186767578e-01
1.000000000000000000e+00,4.784866571426391602e-01
1.000000000000000000e+00,5.368200540542602539e-01
1.000000000000000000e+00,5.092433094978332520e-01
1.000000000000000000e+00,4.943288266658782959e-01
1.000000000000000000e+00,5.253166556358337402e-01
1.000000000000000000e+00,4.245370924472808838e-01
1.000000000000000000e+00,4.882084131240844727e-01
1.000000000000000000e+00,5.599770545959472656e-01
1.000000000000000000e+00,4.804078638553619385e-01
1.000000000000000000e+00,5.112679600715637207e-01
1.000000000000000000e+00,5.335269570350646973e-01
1.000000000000000000e+00,4.781569838523864746e-01
1.000000000000000000e+00,5.591439008712768555e-01
1.000000000000000000e+00,5.616707801818847656e-01
1.000000000000000000e+00,4.534978866577148438e-01
1.000000000000000000e+00,4.633920192718505859e-01
1.000000000000000000e+00,5.821276307106018066e-01
1.000000000000000000e+00,4.294475913047790527e-01
1.000000000000000000e+00,5.254471302032470703e-01
1.000000000000000000e+00,5.152813196182250977e-01
1.000000000000000000e+00,4.661165475845336914e-01
1.000000000000000000e+00,4.863108396530151367e-01
1.000000000000000000e+00,5.514250397682189941e-01
1.000000000000000000e+00,4.772970676422119141e-01
1.000000000000000000e+00,5.237453579902648926e-01
1.000000000000000000e+00,5.130922198295593262e-01
1.000000000000000000e+00,5.035459995269775391e-01
1.000000000000000000e+00,4.574477970600128174e-01
1.000000000000000000e+00,4.211921393871307373e-01
1.000000000000000000e+00,4.187096953392028809e-01
1.000000000000000000e+00,4.285801947116851807e-01
1.000000000000000000e+00,4.152495563030242920e-01
1.000000000000000000e+00,4.796258509159088135e-01
1.000000000000000000e+00,4.139044880867004395e-01
1.000000000000000000e+00,5.178276300430297852e-01
1.000000000000000000e+00,5.174275040626525879e-01
1.000000000000000000e+00,5.184108018875122070e-01
1.000000000000000000e+00,4.747884273529052734e-01
1.000000000000000000e+00,5.082663297653198242e-01
1.000000000000000000e+00,5.455667972564697266e-01
1.000000000000000000e+00,5.085368156433105469e-01
1.000000000000000000e+00,4.468190371990203857e-01
1.000000000000000000e+00,5.048118233680725098e-01
1.000000000000000000e+00,4.303407967090606689e-01
1.000000000000000000e+00,5.104192495346069336e-01
1.000000000000000000e+00,4.725689291954040527e-01
1.000000000000000000e+00,5.046401023864746094e-01
1.000000000000000000e+00,5.179047584533691406e-01
1.000000000000000000e+00,4.636347591876983643e-01
1.000000000000000000e+00,3.975868821144104004e-01
1.000000000000000000e+00,4.657331109046936035e-01
1.000000000000000000e+00,4.142621457576751709e-01
1.000000000000000000e+00,5.026482939720153809e-01
1.000000000000000000e+00,4.188603758811950684e-01
1.000000000000000000e+00,5.243946313858032227e-01
1.000000000000000000e+00,4.963163733482360840e-01
1.000000000000000000e+00,4.631980657577514648e-01
1.000000000000000000e+00,5.383775830268859863e-01
1.000000000000000000e+00,5.471295714378356934e-01
1.000000000000000000e+00,4.940793514251708984e-01
1.000000000000000000e+00,4.787603020668029785e-01
1.000000000000000000e+00,4.962214231491088867e-01
1.000000000000000000e+00,3.890284299850463867e-01
1.000000000000000000e+00,4.599251747131347656e-01
1.000000000000000000e+00,4.743798077106475830e-01
1.000000000000000000e+00,5.450721383094787598e-01
1.000000000000000000e+00,4.805389046669006348e-01
1.000000000000000000e+00,4.471379518508911133e-01
1.000000000000000000e+00,4.537630677223205566e-01
1.000000000000000000e+00,4.546619653701782227e-01
1.000000000000000000e+00,4.857353866100311279e-01
1.000000000000000000e+00,3.960750102996826172e-01
1.000000000000000000e+00,4.961489737033843994e-01
1.000000000000000000e+00,4.873001575469970703e-01
1.000000000000000000e+00,4.990926086902618408e-01
1.000000000000000000e+00,5.378761291503906250e-01
1.000000000000000000e+00,4.673807322978973389e-01
1.000000000000000000e+00,4.400237500667572021e-01
1.000000000000000000e+00,4.640201032161712646e-01
1.000000000000000000e+00,4.386688768863677979e-01
1.000000000000000000e+00,5.006512999534606934e-01
1.000000000000000000e+00,4.751433730125427246e-01
1.000000000000000000e+00,4.535847902297973633e-01
1.000000000000000000e+00,5.592288374900817871e-01
1.000000000000000000e+00,4.601225554943084717e-01
1.000000000000000000e+00,4.726293385028839111e-01
1.000000000000000000e+00,5.200729966163635254e-01
1.000000000000000000e+00,5.467849969863891602e-01
1.000000000000000000e+00,4.163902997970581055e-01
1.000000000000000000e+00,4.816461503505706787e-01
1.000000000000000000e+00,4.704699516296386719e-01
1.000000000000000000e+00,5.747697353363037109e-01
1.000000000000000000e+00,4.819850921630859375e-01
1.000000000000000000e+00,5.541846156120300293e-01
1.000000000000000000e+00,6.098735928535461426e-01
1.000000000000000000e+00,4.823991954326629639e-01
1.000000000000000000e+00,4.474183320999145508e-01
1.000000000000000000e+00,5.828813314437866211e-01
1.000000000000000000e+00,4.617826044559478760e-01
1.000000000000000000e+00,4.750580191612243652e-01
1.000000000000000000e+00,4.875259399414062500e-01
1.000000000000000000e+00,5.417312383651733398e-01
1.000000000000000000e+00,4.709916710853576660e-01
1.000000000000000000e+00,4.710737466812133789e-01
1.000000000000000000e+00,4.891971051692962646e-01
1.000000000000000000e+00,5.250482559204101562e-01
1.000000000000000000e+00,5.508678555488586426e-01
1.000000000000000000e+00,5.232676863670349121e-01
1.000000000000000000e+00,5.381029248237609863e-01
1.000000000000000000e+00,4.721825122833251953e-01
1.000000000000000000e+00,4.789749681949615479e-01
1.000000000000000000e+00,5.186735391616821289e-01
1.000000000000000000e+00,5.243487358093261719e-01
1.000000000000000000e+00,5.024780035018920898e-01
1.000000000000000000e+00,5.425128340721130371e-01
1.000000000000000000e+00,4.979848265647888184e-01
1.000000000000000000e+00,6.032969951629638672e-01
1.000000000000000000e+00,5.130854845046997070e-01
1.000000000000000000e+00,5.034376382827758789e-01
1.000000000000000000e+00,5.180377364158630371e-01
1.000000000000000000e+00,5.493429899215698242e-01
1.000000000000000000e+00,5.498172044754028320e-01
1.000000000000000000e+00,5.325511097908020020e-01
1.000000000000000000e+00,5.229009985923767090e-01
1.000000000000000000e+00,5.078893303871154785e-01
1.000000000000000000e+00,5.614249706268310547e-01
1.000000000000000000e+00,5.035273432731628418e-01
1.000000000000000000e+00,4.640724658966064453e-01
1.000000000000000000e+00,5.767096877098083496e-01
1.000000000000000000e+00,4.781090021133422852e-01
1.000000000000000000e+00,4.953781366348266602e-01
1.000000000000000000e+00,5.078005790710449219e-01
1.000000000000000000e+00,4.329796731472015381e-01
1.000000000000000000e+00,4.631910920143127441e-01
1.000000000000000000e+00,4.240260720252990723e-01
1.000000000000000000e+00,4.926205873489379883e-01
1.000000000000000000e+00,4.108428955078125000e-01
1.000000000000000000e+00,5.845767855644226074e-01
1.000000000000000000e+00,5.671978592872619629e-01
1.000000000000000000e+00,4.636213779449462891e-01
1.000000000000000000e+00,5.263587832450866699e-01
1.000000000000000000e+00,4.327701032161712646e-01
1.000000000000000000e+00,5.470781326293945312e-01
1.000000000000000000e+00,5.523976683616638184e-01
1.000000000000000000e+00,4.921910762786865234e-01
1.000000000000000000e+00,4.963458776473999023e-01
1.000000000000000000e+00,3.724746704101562500e-01
1.000000000000000000e+00,4.781516194343566895e-01
1.000000000000000000e+00,5.573958158493041992e-01
1.000000000000000000e+00,4.998074769973754883e-01
1.000000000000000000e+00,4.142974019050598145e-01
1.000000000000000000e+00,4.522973895072937012e-01
1.000000000000000000e+00,5.596686601638793945e-01
1.000000000000000000e+00,4.630654156208038330e-01
1.000000000000000000e+00,5.045007467269897461e-01
1.000000000000000000e+00,4.309872686862945557e-01
1.000000000000000000e+00,4.361678361892700195e-01
1.000000000000000000e+00,4.328647851943969727e-01
1.000000000000000000e+00,4.656396806240081787e-01
1.000000000000000000e+00,4.704523980617523193e-01
1.000000000000000000e+00,4.102355539798736572e-01
1.000000000000000000e+00,4.833394289016723633e-01
1.000000000000000000e+00,4.703951478004455566e-01
1.000000000000000000e+00,5.378447771072387695e-01
1.000000000000000000e+00,4.848223328590393066e-01
1.000000000000000000e+00,4.390969276428222656e-01
1.000000000000000000e+00,4.526019692420959473e-01
1.000000000000000000e+00,4.604704380035400391e-01
1.000000000000000000e+00,4.587920904159545898e-01
1.000000000000000000e+00,4.332734644412994385e-01
1.000000000000000000e+00,4.954249560832977295e-01
1.000000000000000000e+00,4.428366422653198242e-01
1.000000000000000000e+00,4.615988433361053467e-01
1.000000000000000000e+00,5.728658437728881836e-01
1.000000000000000000e+00,5.263762474060058594e-01
1.000000000000000000e+00,4.834311604499816895e-01
1.000000000000000000e+00,5.064013600349426270e-01
1.000000000000000000e+00,4.556840062141418457e-01
1.000000000000000000e+00,4.520592093467712402e-01
1.000000000000000000e+00,5.299687981605529785e-01
1.000000000000000000e+00,5.458225607872009277e-01
1.000000000000000000e+00,4.365729987621307373e-01
1.000000000000000000e+00,4.336732923984527588e-01
1.000000000000000000e+00,4.501461982727050781e-01
1.000000000000000000e+00,5.302891731262207031e-01
1.000000000000000000e+00,4.635890424251556396e-01
1.000000000000000000e+00,4.702566862106323242e-01
1.000000000000000000e+00,6.183306574821472168e-01
1.000000000000000000e+00,4.657668471336364746e-01
1.000000000000000000e+00,4.375708997249603271e-01
1.000000000000000000e+00,3.951466083526611328e-01
1.000000000000000000e+00,4.647879600524902344e-01
1.000000000000000000e+00,4.283337891101837158e-01
1.000000000000000000e+00,5.094146728515625000e-01
1.000000000000000000e+00,4.609398245811462402e-01
1.000000000000000000e+00,4.670077860355377197e-01
1.000000000000000000e+00,6.194127202033996582e-01
1.000000000000000000e+00,5.074034929275512695e-01
1.000000000000000000e+00,4.598059654235839844e-01
1.000000000000000000e+00,4.576736390590667725e-01
1.000000000000000000e+00,4.350071549415588379e-01
1.000000000000000000e+00,4.178946018218994141e-01
1.000000000000000000e+00,5.086194872856140137e-01
1.000000000000000000e+00,4.446133375167846680e-01
1.000000000000000000e+00,5.132358074188232422e-01
1.000000000000000000e+00,4.396117329597473145e-01
1.000000000000000000e+00,4.246103167533874512e-01
1.000000000000000000e+00,5.018510222434997559e-01
1.000000000000000000e+00,5.446891188621520996e-01
1.000000000000000000e+00,5.838336348533630371e-01
1.000000000000000000e+00,4.251300096511840820e-01
1.000000000000000000e+00,4.438056051731109619e-01
1.000000000000000000e+00,5.184361338615417480e-01
1.000000000000000000e+00,4.536773860454559326e-01
1.000000000000000000e+00,4.842630922794342041e-01
1.000000000000000000e+00,5.406766533851623535e-01
1.000000000000000000e+00,4.739214777946472168e-01
1.000000000000000000e+00,4.247137606143951416e-01
1.000000000000000000e+00,4.659149646759033203e-01
1.000000000000000000e+00,4.700384438037872314e-01
1.000000000000000000e+00,3.998776674270629883e-01
1.000000000000000000e+00,4.853478670120239258e-01
1.000000000000000000e+00,5.271605253219604492e-01
1.000000000000000000e+00,4.286026954650878906e-01
1.000000000000000000e+00,4.254420697689056396e-01
1.000000000000000000e+00,5.121433734893798828e-01
1.000000000000000000e+00,3.821926414966583252e-01
1.000000000000000000e+00,4.698150157928466797e-01
1.000000000000000000e+00,5.189467072486877441e-01
1.000000000000000000e+00,4.611179828643798828e-01
1.000000000000000000e+00,4.717118442058563232e-01
1.000000000000000000e+00,4.594770371913909912e-01
1.000000000000000000e+00,4.263903498649597168e-01
1.000000000000000000e+00,4.814662337303161621e-01
1.000000000000000000e+00,5.473378300666809082e-01
1.000000000000000000e+00,4.340329766273498535e-01
1.000000000000000000e+00,4.540364146232604980e-01
1.000000000000000000e+00,4.708023667335510254e-01
1.000000000000000000e+00,4.899664819240570068e-01
1.000000000000000000e+00,4.246263206005096436e-01
1.000000000000000000e+00,5.464788079261779785e-01
1.000000000000000000e+00,5.321335196495056152e-01
1.000000000000000000e+00,4.016470313072204590e-01
1.000000000000000000e+00,4.082757830619812012e-01
1.000000000000000000e+00,5.731435418128967285e-01
1.000000000000000000e+00,4.709172844886779785e-01
1.000000000000000000e+00,5.902218222618103027e-01
1.000000000000000000e+00,4.423011839389801025e-01
1.000000000000000000e+00,5.888224244117736816e-01
1.000000000000000000e+00,5.025798082351684570e-01
1.000000000000000000e+00,5.601247549057006836e-01
1.000000000000000000e+00,4.900897145271301270e-01
1.000000000000000000e+00,4.019335806369781494e-01
1.000000000000000000e+00,5.632984042167663574e-01
1.000000000000000000e+00,4.980123639106750488e-01
1.000000000000000000e+00,4.487184584140777588e-01
1.000000000000000000e+00,4.549230635166168213e-01
1.000000000000000000e+00,3.927359282970428467e-01
1.000000000000000000e+00,4.079331159591674805e-01
1.000000000000000000e+00,4.418854117393493652e-01
1.000000000000000000e+00,5.172570347785949707e-01
1.000000000000000000e+00,5.787173509597778320e-01
1.000000000000000000e+00,4.664325714111328125e-01
1.000000000000000000e+00,5.187690854072570801e-01
1.000000000000000000e+00,5.379553437232971191e-01
1.000000000000000000e+00,4.095537960529327393e-01
1.000000000000000000e+00,4.053092002868652344e-01
1.000000000000000000e+00,4.868741929531097412e-01
1.000000000000000000e+00,4.700109958648681641e-01
1.000000000000000000e+00,4.227166771888732910e-01
1.000000000000000000e+00,5.076819062232971191e-01
1.000000000000000000e+00,4.689228236675262451e-01
1.000000000000000000e+00,4.732490479946136475e-01
1.000000000000000000e+00,5.255653858184814453e-01
1.000000000000000000e+00,4.866769909858703613e-01
1.000000000000000000e+00,5.150490999221801758e-01
1.000000000000000000e+00,4.671843349933624268e-01
1.000000000000000000e+00,4.119321107864379883e-01
1.000000000000000000e+00,4.921700358390808105e-01
1.000000000000000000e+00,4.734369516372680664e-01
1.000000000000000000e+00,4.925392270088195801e-01
1.000000000000000000e+00,6.127505302429199219e-01
1.000000000000000000e+00,5.224502682685852051e-01
1.000000000000000000e+00,5.679022073745727539e-01
1.000000000000000000e+00,4.926863312721252441e-01
1.000000000000000000e+00,5.426904559135437012e-01
1.000000000000000000e+00,4.916462302207946777e-01
1.000000000000000000e+00,4.999774992465972900e-01
1.000000000000000000e+00,4.942027628421783447e-01
1.000000000000000000e+00,4.950852096080780029e-01
1.000000000000000000e+00,4.122180342674255371e-01
1.000000000000000000e+00,4.321461915969848633e-01
1.000000000000000000e+00,5.224443674087524414e-01
1.000000000000000000e+00,4.356932044029235840e-01
1.000000000000000000e+00,4.175854623317718506e-01
1.000000000000000000e+00,5.367241501808166504e-01
1.000000000000000000e+00,4.578957855701446533e-01
1.000000000000000000e+00,5.101158618927001953e-01
1.000000000000000000e+00,5.112115144729614258e-01
1.000000000000000000e+00,4.775754809379577637e-01
1.000000000000000000e+00,4.863952398300170898e-01
1.000000000000000000e+00,4.953418076038360596e-01
1.000000000000000000e+00,4.300243556499481201e-01
1.000000000000000000e+00,5.500769615173339844e-01
1.000000000000000000e+00,4.268274903297424316e-01
1.000000000000000000e+00,5.506663322448730469e-01
1.000000000000000000e+00,5.407636165618896484e-01
1.000000000000000000e+00,4.438725113868713379e-01
1.000000000000000000e+00,5.584090948104858398e-01
1.000000000000000000e+00,4.953168630599975586e-01
1.000000000000000000e+00,4.772684574127197266e-01
1.000000000000000000e+00,5.607308149337768555e-01
1.000000000000000000e+00,4.604085683822631836e-01
1.000000000000000000e+00,5.617204904556274414e-01
1.000000000000000000e+00,4.415483176708221436e-01
1.000000000000000000e+00,5.069822669029235840e-01
1.000000000000000000e+00,4.901819825172424316e-01
1.000000000000000000e+00,3.626359403133392334e-01
1.000000000000000000e+00,5.317759513854980469e-01
1.000000000000000000e+00,4.450559020042419434e-01
1.000000000000000000e+00,5.369474887847900391e-01
1.000000000000000000e+00,5.211545228958129883e-01
1.000000000000000000e+00,4.754393100738525391e-01
1.000000000000000000e+00,5.076872110366821289e-01
1.000000000000000000e+00,4.206720888614654541e-01
1.000000000000000000e+00,5.203274488449096680e-01
1.000000000000000000e+00,4.550403356552124023e-01
1.000000000000000000e+00,4.086380600929260254e-01
1.000000000000000000e+00,4.063506126403808594e-01
1.000000000000000000e+00,4.322514235973358154e-01
1.000000000000000000e+00,3.933619260787963867e-01
1.000000000000000000e+00,6.396354436874389648e-01
1.000000000000000000e+00,4.803478121757507324e-01
1.000000000000000000e+00,4.146594405174255371e-01
1.000000000000000000e+00,4.766593277454376221e-01
1.000000000000000000e+00,4.353437125682830811e-01
1.000000000000000000e+00,4.941596388816833496e-01
1.000000000000000000e+00,5.375437140464782715e-01
1.000000000000000000e+00,5.924727916717529297e-01
1.000000000000000000e+00,5.136537551879882812e-01
1.000000000000000000e+00,4.498353600502014160e-01
1.000000000000000000e+00,4.958506822586059570e-01
1.000000000000000000e+00,4.855583608150482178e-01
1.000000000000000000e+00,5.436792373657226562e-01
1.000000000000000000e+00,4.749942719936370850e-01
1.000000000000000000e+00,5.013328790664672852e-01
1.000000000000000000e+00,5.380203127861022949e-01
1.000000000000000000e+00,4.714932739734649658e-01
1.000000000000000000e+00,4.331247210502624512e-01
1.000000000000000000e+00,4.954961240291595459e-01
1.000000000000000000e+00,4.855577349662780762e-01
1.000000000000000000e+00,4.986415207386016846e-01
1.000000000000000000e+00,4.154899120330810547e-01
1.000000000000000000e+00,4.747613072395324707e-01
1.000000000000000000e+00,4.775500893592834473e-01
1.000000000000000000e+00,4.334238171577453613e-01
1.000000000000000000e+00,4.921011924743652344e-01
1.000000000000000000e+00,4.668536782264709473e-01
1.000000000000000000e+00,4.813289344310760498e-01
1.000000000000000000e+00,5.913456082344055176e-01
1.000000000000000000e+00,4.637372791767120361e-01
1.000000000000000000e+00,4.892477691173553467e-01
1.000000000000000000e+00,4.735996723175048828e-01
1.000000000000000000e+00,4.535223543643951416e-01
1.000000000000000000e+00,4.106888175010681152e-01
1.000000000000000000e+00,4.946878552436828613e-01
1.000000000000000000e+00,4.699634909629821777e-01
1.000000000000000000e+00,4.986136555671691895e-01
1.000000000000000000e+00,5.230102539062500000e-01
1.000000000000000000e+00,4.404907524585723877e-01
1.000000000000000000e+00,4.668910503387451172e-01
1.000000000000000000e+00,5.021512508392333984e-01
1.000000000000000000e+00,5.514886379241943359e-01
1.000000000000000000e+00,4.951213300228118896e-01
1.000000000000000000e+00,4.709148108959197998e-01
1.000000000000000000e+00,4.268543422222137451e-01
1.000000000000000000e+00,5.087389945983886719e-01
1.000000000000000000e+00,4.257093667984008789e-01
1.000000000000000000e+00,4.764733910560607910e-01
1.000000000000000000e+00,4.727592468261718750e-01
1.000000000000000000e+00,4.740653634071350098e-01
1.000000000000000000e+00,5.216028690338134766e-01
1.000000000000000000e+00,5.286692976951599121e-01
1.000000000000000000e+00,4.142438173294067383e-01
1.000000000000000000e+00,5.102499723434448242e-01
1.000000000000000000e+00,5.183429121971130371e-01
1.000000000000000000e+00,4.980572462081909180e-01
1.000000000000000000e+00,5.095373392105102539e-01
1.000000000000000000e+00,5.489473342895507812e-01
1.000000000000000000e+00,4.366297721862792969e-01
1.000000000000000000e+00,4.977806508541107178e-01
1.000000000000000000e+00,5.161776542663574219e-01
1.000000000000000000e+00,5.624193549156188965e-01
1.000000000000000000e+00,5.105332732200622559e-01
1.000000000000000000e+00,4.516226053237915039e-01
1.000000000000000000e+00,4.926283061504364014e-01
1.000000000000000000e+00,4.367592334747314453e-01
1.000000000000000000e+00,4.725707769393920898e-01
1.000000000000000000e+00,5.032343864440917969e-01
1.000000000000000000e+00,4.453807771205902100e-01
1.000000000000000000e+00,4.432329833507537842e-01
1.000000000000000000e+00,5.237028002738952637e-01
1.000000000000000000e+00,4.851735234260559082e-01
1.000000000000000000e+00,5.121497511863708496e-01
1.000000000000000000e+00,5.137105584144592285e-01
1.000000000000000000e+00,3.895885646343231201e-01
1.000000000000000000e+00,4.859485626220703125e-01
1.000000000000000000e+00,4.716136455535888672e-01
1.000000000000000000e+00,5.524472594261169434e-01
1.000000000000000000e+00,4.414171576499938965e-01
1.000000000000000000e+00,3.720115125179290771e-01
1.000000000000000000e+00,4.594106376171112061e-01
1.000000000000000000e+00,4.171981811523437500e-01
1.000000000000000000e+00,4.482185244560241699e-01
1.000000000000000000e+00,4.931859374046325684e-01
1.000000000000000000e+00,4.107908904552459717e-01
1.000000000000000000e+00,4.925860166549682617e-01
1.000000000000000000e+00,4.337644875049591064e-01
1.000000000000000000e+00,5.085017085075378418e-01
1.000000000000000000e+00,5.857936143875122070e-01
1.000000000000000000e+00,3.821809291839599609e-01
1.000000000000000000e+00,5.029373764991760254e-01
1.000000000000000000e+00,4.761443436145782471e-01
1.000000000000000000e+00,5.251885652542114258e-01
1.000000000000000000e+00,5.434603691101074219e-01
1.000000000000000000e+00,4.651263356208801270e-01
1.000000000000000000e+00,4.797639250755310059e-01
1.000000000000000000e+00,4.350081384181976318e-01
1.000000000000000000e+00,5.543093681335449219e-01
1.000000000000000000e+00,4.586059153079986572e-01
1.000000000000000000e+00,4.194647669792175293e-01
1.000000000000000000e+00,4.874068200588226318e-01
1.000000000000000000e+00,4.018852710723876953e-01
1.000000000000000000e+00,4.333379864692687988e-01
1.000000000000000000e+00,5.364377498626708984e-01
1.000000000000000000e+00,4.567259550094604492e-01
1.000000000000000000e+00,5.178903341293334961e-01
1.000000000000000000e+00,5.115358233451843262e-01
1.000000000000000000e+00,4.799016416072845459e-01
1.000000000000000000e+00,5.619739294052124023e-01
1.000000000000000000e+00,5.117995142936706543e-01
1.000000000000000000e+00,5.249470472335815430e-01
1.000000000000000000e+00,4.416298866271972656e-01
1.000000000000000000e+00,4.993708431720733643e-01
1.000000000000000000e+00,5.008094906806945801e-01
1.000000000000000000e+00,4.386739134788513184e-01
1.000000000000000000e+00,4.787870049476623535e-01
1.000000000000000000e+00,4.595178067684173584e-01
1.000000000000000000e+00,5.177456736564636230e-01
1.000000000000000000e+00,5.179966688156127930e-01
1.000000000000000000e+00,5.339205265045166016e-01
1.000000000000000000e+00,5.329210758209228516e-01
1.000000000000000000e+00,4.975972473621368408e-01
1.000000000000000000e+00,5.796832442283630371e-01
1.000000000000000000e+00,5.146721601486206055e-01
1.000000000000000000e+00,5.542690157890319824e-01
1.000000000000000000e+00,5.232850909233093262e-01
1.000000000000000000e+00,4.905910193920135498e-01
1.000000000000000000e+00,4.486525058746337891e-01
1.000000000000000000e+00,5.530854463577270508e-01
1.000000000000000000e+00,5.972674489021301270e-01
1.000000000000000000e+00,5.212030410766601562e-01
1.000000000000000000e+00,6.210060715675354004e-01
1.000000000000000000e+00,4.548683464527130127e-01
1.000000000000000000e+00,5.275560021400451660e-01
1.000000000000000000e+00,4.757312536239624023e-01
1.000000000000000000e+00,5.150680541992187500e-01
1.000000000000000000e+00,4.799764454364776611e-01
1.000000000000000000e+00,5.107570886611938477e-01
1.000000000000000000e+00,4.160913825035095215e-01
1.000000000000000000e+00,5.470039844512939453e-01
1.000000000000000000e+00,4.415419697761535645e-01
1.000000000000000000e+00,4.448084235191345215e-01
1.000000000000000000e+00,5.303150415420532227e-01
1.000000000000000000e+00,4.957095384597778320e-01
1.000000000000000000e+00,4.496432840824127197e-01
1.000000000000000000e+00,3.654818236827850342e-01
1.000000000000000000e+00,4.758856296539306641e-01
1.000000000000000000e+00,4.698853790760040283e-01
1.000000000000000000e+00,4.099719524383544922e-01
1.000000000000000000e+00,4.943982362747192383e-01
1.000000000000000000e+00,5.173271298408508301e-01
1.000000000000000000e+00,4.771585464477539062e-01
1.000000000000000000e+00,3.845108747482299805e-01
1.000000000000000000e+00,4.045152664184570312e-01
1.000000000000000000e+00,3.871665000915527344e-01
1.000000000000000000e+00,4.231746792793273926e-01
1.000000000000000000e+00,4.103859066963195801e-01
1.000000000000000000e+00,3.889823853969573975e-01
1.000000000000000000e+00,5.131362080574035645e-01
1.000000000000000000e+00,4.365643560886383057e-01
1.000000000000000000e+00,4.772397279739379883e-01
1.000000000000000000e+00,5.073118209838867188e-01
1.000000000000000000e+00,4.166132509708404541e-01
1.000000000000000000e+00,4.223101139068603516e-01
1.000000000000000000e+00,4.883963167667388916e-01
1.000000000000000000e+00,5.361456871032714844e-01
1.000000000000000000e+00,3.887943625450134277e-01
1.000000000000000000e+00,5.357020497322082520e-01
1.000000000000000000e+00,5.495264530181884766e-01
1.000000000000000000e+00,5.029974579811096191e-01
1.000000000000000000e+00,4.783255755901336670e-01
1.000000000000000000e+00,5.000616908073425293e-01
1.000000000000000000e+00,5.203059911727905273e-01
1.000000000000000000e+00,4.157881736755371094e-01
1.000000000000000000e+00,4.259007573127746582e-01
1.000000000000000000e+00,5.742903351783752441e-01
1.000000000000000000e+00,5.219834446907043457e-01
1.000000000000000000e+00,4.791420102119445801e-01
1.000000000000000000e+00,4.983083903789520264e-01
1.000000000000000000e+00,4.259592592716217041e-01
1.000000000000000000e+00,4.949232935905456543e-01
1.000000000000000000e+00,5.350896120071411133e-01
1.000000000000000000e+00,4.924241900444030762e-01
1.000000000000000000e+00,5.660563707351684570e-01
1.000000000000000000e+00,4.341435134410858154e-01
1.000000000000000000e+00,4.030840396881103516e-01
1.000000000000000000e+00,4.648334383964538574e-01
1.000000000000000000e+00,4.636233747005462646e-01
1.000000000000000000e+00,4.907764494419097900e-01
1.000000000000000000e+00,4.827305674552917480e-01
1.000000000000000000e+00,5.328460931777954102e-01
1.000000000000000000e+00,4.498370289802551270e-01
1.000000000000000000e+00,4.299852848052978516e-01
1.000000000000000000e+00,5.256389975547790527e-01
1.000000000000000000e+00,4.736169874668121338e-01
1.000000000000000000e+00,3.980171382427215576e-01
1.000000000000000000e+00,4.372982382774353027e-01
1.000000000000000000e+00,5.033903717994689941e-01
1.000000000000000000e+00,4.587884247303009033e-01
1.000000000000000000e+00,5.599784255027770996e-01
1.000000000000000000e+00,4.900419712066650391e-01
1.000000000000000000e+00,4.841906130313873291e-01
1.000000000000000000e+00,4.655332863330841064e-01
1.000000000000000000e+00,4.342842400074005127e-01
1.000000000000000000e+00,4.829739630222320557e-01
1.000000000000000000e+00,4.042228460311889648e-01
1.000000000000000000e+00,4.933332204818725586e-01
1.000000000000000000e+00,3.833796977996826172e-01
1.000000000000000000e+00,4.903607964515686035e-01
1.000000000000000000e+00,5.278078913688659668e-01
1.000000000000000000e+00,4.828454852104187012e-01
1.000000000000000000e+00,4.833375215530395508e-01
1.000000000000000000e+00,5.740594267845153809e-01
1.000000000000000000e+00,5.469965934753417969e-01
1.000000000000000000e+00,4.562848806381225586e-01
1.000000000000000000e+00,4.536324441432952881e-01
1.000000000000000000e+00,4.839642941951751709e-01
1.000000000000000000e+00,5.285910367965698242e-01
1.000000000000000000e+00,4.744002223014831543e-01
1.000000000000000000e+00,5.598610639572143555e-01
1.000000000000000000e+00,4.239598214626312256e-01
1.000000000000000000e+00,4.779523611068725586e-01
1.000000000000000000e+00,5.134161710739135742e-01
1.000000000000000000e+00,3.778012990951538086e-01
1.000000000000000000e+00,4.637492895126342773e-01
1.000000000000000000e+00,4.599730968475341797e-01
1.000000000000000000e+00,4.378541111946105957e-01
1.000000000000000000e+00,4.371916055679321289e-01
1.000000000000000000e+00,5.761088728904724121e-01
1.000000000000000000e+00,5.182848572731018066e-01
1.000000000000000000e+00,5.605579614639282227e-01
1.000000000000000000e+00,4.825164079666137695e-01
1.000000000000000000e+00,5.346299409866333008e-01
1.000000000000000000e+00,4.089919328689575195e-01
1.000000000000000000e+00,5.312661528587341309e-01
1.000000000000000000e+00,4.799268245697021484e-01
1.000000000000000000e+00,4.719685316085815430e-01
1.000000000000000000e+00,4.746947288513183594e-01
1.000000000000000000e+00,4.899426400661468506e-01
1.000000000000000000e+00,5.400640368461608887e-01
1.000000000000000000e+00,4.289776384830474854e-01
1.000000000000000000e+00,4.179869592189788818e-01
1.000000000000000000e+00,4.604021012783050537e-01
1.000000000000000000e+00,4.116426408290863037e-01
1.000000000000000000e+00,4.912563562393188477e-01
1.000000000000000000e+00,4.744321405887603760e-01
1.000000000000000000e+00,4.988815486431121826e-01
1.000000000000000000e+00,4.572675824165344238e-01
1.000000000000000000e+00,4.977145791053771973e-01
1.000000000000000000e+00,4.353309571743011475e-01
1.000000000000000000e+00,4.616282284259796143e-01
1.000000000000000000e+00,4.562804400920867920e-01
1.000000000000000000e+00,5.429983139038085938e-01
1.000000000000000000e+00,5.385451316833496094e-01
1.000000000000000000e+00,3.909155726432800293e-01
1.000000000000000000e+00,4.981171786785125732e-01
1.000000000000000000e+00,4.464868903160095215e-01
1.000000000000000000e+00,4.446122944355010986e-01
1.000000000000000000e+00,5.239570140838623047e-01
1.000000000000000000e+00,5.180794000625610352e-01
1.000000000000000000e+00,4.258411526679992676e-01
1.000000000000000000e+00,6.035347580909729004e-01
1.000000000000000000e+00,4.088496565818786621e-01
1.000000000000000000e+00,4.404082894325256348e-01
1.000000000000000000e+00,4.867240190505981445e-01
1.000000000000000000e+00,4.650152623653411865e-01
1.000000000000000000e+00,4.507125914096832275e-01
1.000000000000000000e+00,4.767956137657165527e-01
1.000000000000000000e+00,4.458100497722625732e-01
1.000000000000000000e+00,4.625216126441955566e-01
1.000000000000000000e+00,3.916724920272827148e-01
1.000000000000000000e+00,4.860875606536865234e-01
1.000000000000000000e+00,4.400420784950256348e-01
1.000000000000000000e+00,4.476156234741210938e-01
1.000000000000000000e+00,5.112673044204711914e-01
1.000000000000000000e+00,5.088738203048706055e-01
1.000000000000000000e+00,5.076161623001098633e-01
1.000000000000000000e+00,4.605070650577545166e-01
1.000000000000000000e+00,4.590051472187042236e-01
1.000000000000000000e+00,4.817318320274353027e-01
1.000000000000000000e+00,4.755607843399047852e-01
1.000000000000000000e+00,4.319155514240264893e-01
1.000000000000000000e+00,4.636182785034179688e-01
1.000000000000000000e+00,5.095886588096618652e-01
1.000000000000000000e+00,5.037365555763244629e-01
1.000000000000000000e+00,4.651930332183837891e-01
1.000000000000000000e+00,4.703603982925415039e-01
1.000000000000000000e+00,5.324442386627197266e-01
1.000000000000000000e+00,5.331379175186157227e-01
1.000000000000000000e+00,5.315392017364501953e-01
1.000000000000000000e+00,4.865761995315551758e-01
1.000000000000000000e+00,5.320217013359069824e-01
1.000000000000000000e+00,4.068493843078613281e-01
1.000000000000000000e+00,5.300706624984741211e-01
1.000000000000000000e+00,4.513405561447143555e-01
1.000000000000000000e+00,4.478387236595153809e-01
1.000000000000000000e+00,4.909017086029052734e-01
1.000000000000000000e+00,5.055289268493652344e-01
1.000000000000000000e+00,4.201931357383728027e-01
1.000000000000000000e+00,4.672908782958984375e-01
1.000000000000000000e+00,5.092368125915527344e-01
1.000000000000000000e+00,4.673617184162139893e-01
1.000000000000000000e+00,5.510659813880920410e-01
1.000000000000000000e+00,4.680829644203186035e-01
1.000000000000000000e+00,4.960031807422637939e-01
1.000000000000000000e+00,4.410341084003448486e-01
1.000000000000000000e+00,4.252924025058746338e-01
1.000000000000000000e+00,5.353980064392089844e-01
1.000000000000000000e+00,4.914904236793518066e-01
1.000000000000000000e+00,4.931910037994384766e-01
1.000000000000000000e+00,4.314428269863128662e-01
1.000000000000000000e+00,4.216072559356689453e-01
1.000000000000000000e+00,4.773142337799072266e-01
1.000000000000000000e+00,5.611540675163269043e-01
1.000000000000000000e+00,4.360685944557189941e-01
1.000000000000000000e+00,4.615841805934906006e-01
1.000000000000000000e+00,4.168826341629028320e-01
1.000000000000000000e+00,4.775228798389434814e-01
1.000000000000000000e+00,4.329379498958587646e-01
1.000000000000000000e+00,4.519649446010589600e-01
1.000000000000000000e+00,4.758565127849578857e-01
1.000000000000000000e+00,5.348701477050781250e-01
1.000000000000000000e+00,5.903047323226928711e-01
1.000000000000000000e+00,4.669108390808105469e-01
1.000000000000000000e+00,4.601482748985290527e-01
1.000000000000000000e+00,5.305935740470886230e-01
1.000000000000000000e+00,5.050184726715087891e-01
1.000000000000000000e+00,4.609027206897735596e-01
1.000000000000000000e+00,5.169838070869445801e-01
1.000000000000000000e+00,4.511088132858276367e-01
1.000000000000000000e+00,4.571336805820465088e-01
1.000000000000000000e+00,4.126746356487274170e-01
1.000000000000000000e+00,4.981787204742431641e-01
1.000000000000000000e+00,4.395199716091156006e-01
1.000000000000000000e+00,4.791102111339569092e-01
1.000000000000000000e+00,4.167617261409759521e-01
1.000000000000000000e+00,4.936746656894683838e-01
1.000000000000000000e+00,4.788876175880432129e-01
1.000000000000000000e+00,5.227407217025756836e-01
1.000000000000000000e+00,5.568064451217651367e-01
1.000000000000000000e+00,5.291676521301269531e-01
1.000000000000000000e+00,4.819355607032775879e-01
1.000000000000000000e+00,4.555810093879699707e-01
1.000000000000000000e+00,5.094819068908691406e-01
1.000000000000000000e+00,4.412521719932556152e-01
1.000000000000000000e+00,4.840217828750610352e-01
1.000000000000000000e+00,4.643048644065856934e-01
1.000000000000000000e+00,5.012598633766174316e-01
1.000000000000000000e+00,4.741212129592895508e-01
1.000000000000000000e+00,5.149277448654174805e-01
1.000000000000000000e+00,5.062021017074584961e-01
1.000000000000000000e+00,5.087828040122985840e-01
1.000000000000000000e+00,4.496470689773559570e-01
1.000000000000000000e+00,5.536854267120361328e-01
1.000000000000000000e+00,5.296044945716857910e-01
1.000000000000000000e+00,5.140268802642822266e-01
1.000000000000000000e+00,5.056391358375549316e-01
1.000000000000000000e+00,4.574125111103057861e-01
1.000000000000000000e+00,4.793865680694580078e-01
1.000000000000000000e+00,5.097734928131103516e-01
1.000000000000000000e+00,5.220006704330444336e-01
1.000000000000000000e+00,5.298016071319580078e-01
1.000000000000000000e+00,4.730744957923889160e-01
1.000000000000000000e+00,3.854871392250061035e-01
1.000000000000000000e+00,5.082951188087463379e-01
1.000000000000000000e+00,4.854391813278198242e-01
1.000000000000000000e+00,3.664757013320922852e-01
1.000000000000000000e+00,4.616138339042663574e-01
1.000000000000000000e+00,4.846420586109161377e-01
1.000000000000000000e+00,4.739986956119537354e-01
1.000000000000000000e+00,4.939349889755249023e-01
1.000000000000000000e+00,4.023788869380950928e-01
1.000000000000000000e+00,5.107159614562988281e-01
1.000000000000000000e+00,4.296936988830566406e-01
1.000000000000000000e+00,3.707529306411743164e-01
1.000000000000000000e+00,5.333924889564514160e-01
1.000000000000000000e+00,5.262231826782226562e-01
1.000000000000000000e+00,4.820862412452697754e-01
1.000000000000000000e+00,4.581570327281951904e-01
1.000000000000000000e+00,5.071227550506591797e-01
1.000000000000000000e+00,5.548344850540161133e-01
1.000000000000000000e+00,5.134069919586181641e-01
1.000000000000000000e+00,5.234621167182922363e-01
1.000000000000000000e+00,5.233312845230102539e-01
1.000000000000000000e+00,5.046419501304626465e-01
1.000000000000000000e+00,4.883091747760772705e-01
1.000000000000000000e+00,4.325245618820190430e-01
1.000000000000000000e+00,4.347852468490600586e-01
1.000000000000000000e+00,5.445382595062255859e-01
1.000000000000000000e+00,4.834662377834320068e-01
1.000000000000000000e+00,4.371591508388519287e-01
1.000000000000000000e+00,5.757428407669067383e-01
1.000000000000000000e+00,4.572047889232635498e-01
1.000000000000000000e+00,5.019286274909973145e-01
1.000000000000000000e+00,5.024166703224182129e-01
1.000000000000000000e+00,4.848950505256652832e-01
1.000000000000000000e+00,6.501522064208984375e-01
1.000000000000000000e+00,4.962345361709594727e-01
1.000000000000000000e+00,4.731802642345428467e-01
1.000000000000000000e+00,5.323305726051330566e-01
1.000000000000000000e+00,4.929456114768981934e-01
1.000000000000000000e+00,4.962767064571380615e-01
1.000000000000000000e+00,4.588796496391296387e-01
1.000000000000000000e+00,4.177647531032562256e-01
1.000000000000000000e+00,5.148830413818359375e-01
1.000000000000000000e+00,4.898621737957000732e-01
1.000000000000000000e+00,4.749761223793029785e-01
1.000000000000000000e+00,5.624410510063171387e-01
1.000000000000000000e+00,4.576708674430847168e-01
1.000000000000000000e+00,4.535176455974578857e-01
1.000000000000000000e+00,4.895206391811370850e-01
1.000000000000000000e+00,4.440805912017822266e-01
1.000000000000000000e+00,4.836548566818237305e-01
1.000000000000000000e+00,4.184447228908538818e-01
1.000000000000000000e+00,4.104932546615600586e-01
1.000000000000000000e+00,5.124560594558715820e-01
1.000000000000000000e+00,4.380642473697662354e-01
1.000000000000000000e+00,5.398689508438110352e-01
1.000000000000000000e+00,4.706425070762634277e-01
1.000000000000000000e+00,4.395114779472351074e-01
1.000000000000000000e+00,5.160933136940002441e-01
1.000000000000000000e+00,4.919813573360443115e-01
1.000000000000000000e+00,4.866050779819488525e-01
1.000000000000000000e+00,4.524683654308319092e-01
1.000000000000000000e+00,4.888721108436584473e-01
1.000000000000000000e+00,4.821629822254180908e-01
1.000000000000000000e+00,5.088739991188049316e-01
1.000000000000000000e+00,5.294580459594726562e-01
1.000000000000000000e+00,4.791674911975860596e-01
1.000000000000000000e+00,4.358482360839843750e-01
1.000000000000000000e+00,4.984196722507476807e-01
1.000000000000000000e+00,4.786127209663391113e-01
1.000000000000000000e+00,4.040130078792572021e-01
1.000000000000000000e+00,5.205696821212768555e-01
1.000000000000000000e+00,4.508857727050781250e-01
1.000000000000000000e+00,5.231353044509887695e-01
1.000000000000000000e+00,4.545688033103942871e-01
1.000000000000000000e+00,4.294899404048919678e-01
1.000000000000000000e+00,4.481337964534759521e-01
1.000000000000000000e+00,4.936206340789794922e-01
1.000000000000000000e+00,5.104350447654724121e-01
1.000000000000000000e+00,5.556829571723937988e-01
1.000000000000000000e+00,4.329805374145507812e-01
1.000000000000000000e+00,4.989080429077148438e-01
1.000000000000000000e+00,3.975199162960052490e-01
1.000000000000000000e+00,5.079948902130126953e-01
1.000000000000000000e+00,4.759753346443176270e-01
1.000000000000000000e+00,4.710934162139892578e-01
1.000000000000000000e+00,5.076972842216491699e-01
1.000000000000000000e+00,4.739422798156738281e-01
1.000000000000000000e+00,4.923745691776275635e-01
1.000000000000000000e+00,4.600828588008880615e-01
1.000000000000000000e+00,4.498357176780700684e-01
1.000000000000000000e+00,4.308856725692749023e-01
1.000000000000000000e+00,3.882066905498504639e-01
1.000000000000000000e+00,4.535409808158874512e-01
1.000000000000000000e+00,4.097895622253417969e-01
1.000000000000000000e+00,4.460707008838653564e-01
1.000000000000000000e+00,4.937006533145904541e-01
1.000000000000000000e+00,5.424608588218688965e-01
1.000000000000000000e+00,5.137737989425659180e-01
1.000000000000000000e+00,4.483428001403808594e-01
1.000000000000000000e+00,4.863312244415283203e-01
1.000000000000000000e+00,4.785105586051940918e-01
1.000000000000000000e+00,4.587961435317993164e-01
1.000000000000000000e+00,4.376321136951446533e-01
1.000000000000000000e+00,4.419369101524353027e-01
1.000000000000000000e+00,5.323880314826965332e-01
1.000000000000000000e+00,5.534897446632385254e-01
1.000000000000000000e+00,3.731927275657653809e-01
1.000000000000000000e+00,5.047518014907836914e-01
1.000000000000000000e+00,4.435431361198425293e-01
1.000000000000000000e+00,4.710854887962341309e-01
1.000000000000000000e+00,5.008945465087890625e-01
1.000000000000000000e+00,5.348394513130187988e-01
1.000000000000000000e+00,5.248521566390991211e-01
1.000000000000000000e+00,4.426563084125518799e-01
1.000000000000000000e+00,4.351062774658203125e-01
1.000000000000000000e+00,4.053693413734436035e-01
1.000000000000000000e+00,5.030207633972167969e-01
1.000000000000000000e+00,4.644664525985717773e-01
1.000000000000000000e+00,5.088748931884765625e-01
1.000000000000000000e+00,4.035066664218902588e-01
1.000000000000000000e+00,5.405570268630981445e-01
1.000000000000000000e+00,5.793449878692626953e-01
1.000000000000000000e+00,4.674025177955627441e-01
1.000000000000000000e+00,4.516429901123046875e-01
1.000000000000000000e+00,4.266617894172668457e-01
1.000000000000000000e+00,4.465745389461517334e-01
1.000000000000000000e+00,5.417138338088989258e-01
1.000000000000000000e+00,4.160209894180297852e-01
1.000000000000000000e+00,4.858633577823638916e-01
1.000000000000000000e+00,5.290852785110473633e-01
1.000000000000000000e+00,4.914752244949340820e-01
1.000000000000000000e+00,5.404286980628967285e-01
1.000000000000000000e+00,4.884757697582244873e-01
1.000000000000000000e+00,4.125253558158874512e-01
1.000000000000000000e+00,4.284467697143554688e-01
1.000000000000000000e+00,4.508862793445587158e-01
1.000000000000000000e+00,4.623284339904785156e-01
1.000000000000000000e+00,4.650174975395202637e-01
1.000000000000000000e+00,4.487414956092834473e-01
1.000000000000000000e+00,5.936740636825561523e-01
1.000000000000000000e+00,4.860342442989349365e-01
1.000000000000000000e+00,4.930740594863891602e-01
1.000000000000000000e+00,4.476802349090576172e-01
1.000000000000000000e+00,4.934074282646179199e-01
1.000000000000000000e+00,4.849005043506622314e-01
1.000000000000000000e+00,4.712058901786804199e-01
1.000000000000000000e+00,4.553058147430419922e-01
1.000000000000000000e+00,5.024721622467041016e-01
1.000000000000000000e+00,5.181970596313476562e-01
1.000000000000000000e+00,4.718809425830841064e-01
1.000000000000000000e+00,4.966369867324829102e-01
1.000000000000000000e+00,5.059899091720581055e-01
1.000000000000000000e+00,4.613551795482635498e-01
1.000000000000000000e+00,4.958910048007965088e-01
1.000000000000000000e+00,4.956872463226318359e-01
1.000000000000000000e+00,4.223362207412719727e-01
1.000000000000000000e+00,4.053936600685119629e-01
1.000000000000000000e+00,4.354162514209747314e-01
1.000000000000000000e+00,4.216240942478179932e-01
1.000000000000000000e+00,4.862343072891235352e-01
1.000000000000000000e+00,5.271124839782714844e-01
1.000000000000000000e+00,4.815196990966796875e-01
1.000000000000000000e+00,5.297955870628356934e-01
1.000000000000000000e+00,3.799242079257965088e-01
1.000000000000000000e+00,5.544219017028808594e-01
1.000000000000000000e+00,5.343576073646545410e-01
1.000000000000000000e+00,4.483458399772644043e-01
1.000000000000000000e+00,5.476534366607666016e-01
1.000000000000000000e+00,4.632215499877929688e-01
1.000000000000000000e+00,4.700484275817871094e-01
1.000000000000000000e+00,4.656615853309631348e-01
1.000000000000000000e+00,4.809767305850982666e-01
1.000000000000000000e+00,4.537785947322845459e-01
1.000000000000000000e+00,4.056330919265747070e-01
1.000000000000000000e+00,4.429269731044769287e-01
1.000000000000000000e+00,4.352585077285766602e-01
1.000000000000000000e+00,4.785209298133850098e-01
1.000000000000000000e+00,4.627158939838409424e-01
1.000000000000000000e+00,4.698229730129241943e-01
1.000000000000000000e+00,5.354166030883789062e-01
1.000000000000000000e+00,4.583925604820251465e-01
1.000000000000000000e+00,5.046098232269287109e-01
1.000000000000000000e+00,5.272787809371948242e-01
1.000000000000000000e+00,4.068177938461303711e-01
1.000000000000000000e+00,4.339724779129028320e-01
1.000000000000000000e+00,4.484328329563140869e-01
1.000000000000000000e+00,4.771302044391632080e-01
1.000000000000000000e+00,4.636046290397644043e-01
1.000000000000000000e+00,6.067672371864318848e-01
1.000000000000000000e+00,3.739150762557983398e-01
1.000000000000000000e+00,4.855070412158966064e-01
1.000000000000000000e+00,4.252723455429077148e-01
1.000000000000000000e+00,4.778811633586883545e-01
1.000000000000000000e+00,4.863782525062561035e-01
1.000000000000000000e+00,4.873227477073669434e-01
1.000000000000000000e+00,4.662254452705383301e-01
1.000000000000000000e+00,4.298190772533416748e-01
1.000000000000000000e+00,5.383359193801879883e-01
1.000000000000000000e+00,4.226774573326110840e-01
1.000000000000000000e+00,5.378610491752624512e-01
1.000000000000000000e+00,4.010297656059265137e-01
1.000000000000000000e+00,4.556448161602020264e-01
1.000000000000000000e+00,5.396208763122558594e-01
1.000000000000000000e+00,4.295198619365692139e-01
1.000000000000000000e+00,5.402300953865051270e-01
1.000000000000000000e+00,5.004224777221679688e-01
1.000000000000000000e+00,4.569679498672485352e-01
1.000000000000000000e+00,4.203979372978210449e-01
1.000000000000000000e+00,4.075629711151123047e-01
1.000000000000000000e+00,5.445454120635986328e-01
1.000000000000000000e+00,4.633012413978576660e-01
1.000000000000000000e+00,4.442421495914459229e-01
1.000000000000000000e+00,4.531415104866027832e-01
1.000000000000000000e+00,5.110283493995666504e-01
1.000000000000000000e+00,5.969401597976684570e-01
1.000000000000000000e+00,4.974000453948974609e-01
1.000000000000000000e+00,4.931631684303283691e-01
1.000000000000000000e+00,5.111868977546691895e-01
1.000000000000000000e+00,4.634370803833007812e-01
1.000000000000000000e+00,4.885665178298950195e-01
1.000000000000000000e+00,4.889855086803436279e-01
1.000000000000000000e+00,4.532525241374969482e-01
1.000000000000000000e+00,4.857713580131530762e-01
1.000000000000000000e+00,5.300192832946777344e-01
1.000000000000000000e+00,4.586223959922790527e-01
1.000000000000000000e+00,4.775866866111755371e-01
1.000000000000000000e+00,5.285595059394836426e-01
1.000000000000000000e+00,4.918974041938781738e-01
1.000000000000000000e+00,4.164863228797912598e-01
1.000000000000000000e+00,4.003120362758636475e-01
1.000000000000000000e+00,4.095005691051483154e-01
1.000000000000000000e+00,4.177385866641998291e-01
1.000000000000000000e+00,4.740423560142517090e-01
1.000000000000000000e+00,5.299626588821411133e-01
1.000000000000000000e+00,5.519900321960449219e-01
1.000000000000000000e+00,5.103920102119445801e-01
1.000000000000000000e+00,3.570209741592407227e-01
1.000000000000000000e+00,4.261621534824371338e-01
1.000000000000000000e+00,5.287075638771057129e-01
1.000000000000000000e+00,4.671964943408966064e-01
1.000000000000000000e+00,4.836066961288452148e-01
1.000000000000000000e+00,4.699804484844207764e-01
1.000000000000000000e+00,4.466645419597625732e-01
1.000000000000000000e+00,4.642590582370758057e-01
1.000000000000000000e+00,4.406003355979919434e-01
1.000000000000000000e+00,4.183362126350402832e-01
1.000000000000000000e+00,4.402396976947784424e-01
1.000000000000000000e+00,4.372586607933044434e-01
1.000000000000000000e+00,5.390022397041320801e-01
1.000000000000000000e+00,3.992662429809570312e-01
1.000000000000000000e+00,4.572586715221405029e-01
1.000000000000000000e+00,4.692105650901794434e-01
1.000000000000000000e+00,6.169254779815673828e-01
1.000000000000000000e+00,4.550743997097015381e-01
1.000000000000000000e+00,3.688171505928039551e-01
1.000000000000000000e+00,4.294168055057525635e-01
1.000000000000000000e+00,4.085785150527954102e-01
1.000000000000000000e+00,4.530139565467834473e-01
1.000000000000000000e+00,4.741905331611633301e-01
1.000000000000000000e+00,5.036411285400390625e-01
1.000000000000000000e+00,4.610476791858673096e-01
1.000000000000000000e+00,4.318226277828216553e-01
1.000000000000000000e+00,4.200011491775512695e-01
1.000000000000000000e+00,5.267242193222045898e-01
1.000000000000000000e+00,4.858221709728240967e-01
1.000000000000000000e+00,5.003525614738464355e-01
1.000000000000000000e+00,4.926283657550811768e-01
1.000000000000000000e+00,4.892685413360595703e-01
1.000000000000000000e+00,4.047053158283233643e-01
1.000000000000000000e+00,4.443699717521667480e-01
1.000000000000000000e+00,5.959932804107666016e-01
1.000000000000000000e+00,4.893638491630554199e-01
1.000000000000000000e+00,3.896016776561737061e-01
1.000000000000000000e+00,4.889521002769470215e-01
1.000000000000000000e+00,4.816910922527313232e-01
1.000000000000000000e+00,4.914879798889160156e-01
1.000000000000000000e+00,5.823615789413452148e-01
1.000000000000000000e+00,4.795327484607696533e-01
1.000000000000000000e+00,3.842881023883819580e-01
1.000000000000000000e+00,4.554904103279113770e-01
1.000000000000000000e+00,4.836275279521942139e-01
1.000000000000000000e+00,4.895741045475006104e-01
1.000000000000000000e+00,4.785008132457733154e-01
1.000000000000000000e+00,4.580199718475341797e-01
1.000000000000000000e+00,4.637578725814819336e-01
1.000000000000000000e+00,4.100605547428131104e-01
1.000000000000000000e+00,4.729121327400207520e-01
1.000000000000000000e+00,4.658600986003875732e-01
1.000000000000000000e+00,4.604428112506866455e-01
1.000000000000000000e+00,4.407064318656921387e-01
1.000000000000000000e+00,5.809692740440368652e-01
1.000000000000000000e+00,4.508144259452819824e-01
1.000000000000000000e+00,4.775218963623046875e-01
1.000000000000000000e+00,4.945528507232666016e-01
1.000000000000000000e+00,4.955958724021911621e-01
1.000000000000000000e+00,5.537976622581481934e-01
1.000000000000000000e+00,5.500231385231018066e-01
1.000000000000000000e+00,4.873069524765014648e-01
1.000000000000000000e+00,4.742532968521118164e-01
1.000000000000000000e+00,5.213000774383544922e-01
1.000000000000000000e+00,5.261066555976867676e-01
1.000000000000000000e+00,4.879531264305114746e-01
1.000000000000000000e+00,4.945817291736602783e-01
1.000000000000000000e+00,4.500313699245452881e-01
1.000000000000000000e+00,4.110882282257080078e-01
1.000000000000000000e+00,4.380537569522857666e-01
1.000000000000000000e+00,4.994988441467285156e-01
1.000000000000000000e+00,4.308511316776275635e-01
1.000000000000000000e+00,4.928628206253051758e-01
1.000000000000000000e+00,4.962701797485351562e-01
1.000000000000000000e+00,4.535079002380371094e-01
1.000000000000000000e+00,5.130248069763183594e-01
1.000000000000000000e+00,4.999107122421264648e-01
1.000000000000000000e+00,4.742619693279266357e-01
1.000000000000000000e+00,4.085496068000793457e-01
1.000000000000000000e+00,5.314570665359497070e-01
1.000000000000000000e+00,5.000451207160949707e-01
1.000000000000000000e+00,5.573075413703918457e-01
1.000000000000000000e+00,4.599553346633911133e-01
1.000000000000000000e+00,5.591807961463928223e-01
1.000000000000000000e+00,5.491872429847717285e-01
1.000000000000000000e+00,4.991650879383087158e-01
1.000000000000000000e+00,5.943709611892700195e-01
1.000000000000000000e+00,4.350796341896057129e-01
1.000000000000000000e+00,4.849984049797058105e-01
1.000000000000000000e+00,4.604206681251525879e-01
1.000000000000000000e+00,4.689475893974304199e-01
1.000000000000000000e+00,4.678321480751037598e-01
1.000000000000000000e+00,5.024786591529846191e-01
1.000000000000000000e+00,4.951527416706085205e-01
1.000000000000000000e+00,4.820629954338073730e-01
1.000000000000000000e+00,5.191398859024047852e-01
1.000000000000000000e+00,3.856336772441864014e-01
1.000000000000000000e+00,4.119167923927307129e-01
1.000000000000000000e+00,4.644994735717773438e-01
1.000000000000000000e+00,5.432776212692260742e-01
1.000000000000000000e+00,4.668609499931335449e-01
1.000000000000000000e+00,4.852803945541381836e-01
1.000000000000000000e+00,3.582296669483184814e-01
1.000000000000000000e+00,4.182946085929870605e-01
1.000000000000000000e+00,4.591894745826721191e-01
1.000000000000000000e+00,5.642433762550354004e-01
1.000000000000000000e+00,4.848132729530334473e-01
1.000000000000000000e+00,4.438865482807159424e-01
1.000000000000000000e+00,4.818814396858215332e-01
1.000000000000000000e+00,4.051022231578826904e-01
1.000000000000000000e+00,4.275522232055664062e-01
1.000000000000000000e+00,5.080361962318420410e-01
1.000000000000000000e+00,4.971793293952941895e-01
1.000000000000000000e+00,4.138211011886596680e-01
1.000000000000000000e+00,4.456784725189208984e-01
1.000000000000000000e+00,4.287134706974029541e-01
1.000000000000000000e+00,4.822809994220733643e-01
1.000000000000000000e+00,5.618531703948974609e-01
1.000000000000000000e+00,4.715918600559234619e-01
1.000000000000000000e+00,3.918325304985046387e-01
1.000000000000000000e+00,4.062282443046569824e-01
1.000000000000000000e+00,5.329833030700683594e-01
1.000000000000000000e+00,5.418889522552490234e-01
1.000000000000000000e+00,4.846539497375488281e-01
1.000000000000000000e+00,4.734942317008972168e-01
1.000000000000000000e+00,5.071530342102050781e-01
1.000000000000000000e+00,5.186684131622314453e-01
1.000000000000000000e+00,3.812871575355529785e-01
1.000000000000000000e+00,4.778532087802886963e-01
1.000000000000000000e+00,4.221607744693756104e-01
1.000000000000000000e+00,4.319838583469390869e-01
1.000000000000000000e+00,5.136100053787231445e-01
1.000000000000000000e+00,4.822444021701812744e-01
1.000000000000000000e+00,4.761124253273010254e-01
1.000000000000000000e+00,3.569503724575042725e-01
1.000000000000000000e+00,4.281872510910034180e-01
1.000000000000000000e+00,5.505741238594055176e-01
1.000000000000000000e+00,5.428748726844787598e-01
1.000000000000000000e+00,4.660768210887908936e-01
1.000000000000000000e+00,4.268739223480224609e-01
1.000000000000000000e+00,4.463149309158325195e-01
1.000000000000000000e+00,5.055907368659973145e-01
1.000000000000000000e+00,4.124239385128021240e-01
1.000000000000000000e+00,4.673495292663574219e-01
1.000000000000000000e+00,4.195930957794189453e-01
1.000000000000000000e+00,5.994444489479064941e-01
1.000000000000000000e+00,4.507725238800048828e-01
1.000000000000000000e+00,4.809146821498870850e-01
1.000000000000000000e+00,4.559838175773620605e-01
1.000000000000000000e+00,4.807562828063964844e-01
1.000000000000000000e+00,5.390619635581970215e-01
1.000000000000000000e+00,4.545582830905914307e-01
1.000000000000000000e+00,4.204779863357543945e-01
1.000000000000000000e+00,5.986168384552001953e-01
1.000000000000000000e+00,4.929359257221221924e-01
1.000000000000000000e+00,5.494829416275024414e-01
1.000000000000000000e+00,5.112825632095336914e-01
1.000000000000000000e+00,4.721916913986206055e-01
1.000000000000000000e+00,4.389700889587402344e-01
1.000000000000000000e+00,4.209648668766021729e-01
1.000000000000000000e+00,4.358674585819244385e-01
1.000000000000000000e+00,4.561772644519805908e-01
1.000000000000000000e+00,4.060922861099243164e-01
1.000000000000000000e+00,5.820683836936950684e-01
1.000000000000000000e+00,5.040027499198913574e-01
1.000000000000000000e+00,4.415935873985290527e-01
1.000000000000000000e+00,4.794319868087768555e-01
1.000000000000000000e+00,4.418447911739349365e-01
1.000000000000000000e+00,4.819100499153137207e-01
1.000000000000000000e+00,4.724331200122833252e-01
1.000000000000000000e+00,5.241370797157287598e-01
1.000000000000000000e+00,5.049192309379577637e-01
1.000000000000000000e+00,5.632311701774597168e-01
1.000000000000000000e+00,4.077894687652587891e-01
1.000000000000000000e+00,4.419046342372894287e-01
1.000000000000000000e+00,5.799815654754638672e-01
1.000000000000000000e+00,4.798903763294219971e-01
1.000000000000000000e+00,4.763072133064270020e-01
1.000000000000000000e+00,4.238711595535278320e-01
1.000000000000000000e+00,4.085487425327301025e-01
1.000000000000000000e+00,4.544762969017028809e-01
1.000000000000000000e+00,3.993804752826690674e-01
1.000000000000000000e+00,4.838829636573791504e-01
1.000000000000000000e+00,4.458497166633605957e-01
1.000000000000000000e+00,5.894156098365783691e-01
1.000000000000000000e+00,4.061434566974639893e-01
1.000000000000000000e+00,4.599720835685729980e-01
1.000000000000000000e+00,4.657842218875885010e-01
1.000000000000000000e+00,4.449809193611145020e-01
1.000000000000000000e+00,4.591638147830963135e-01
1.000000000000000000e+00,5.564546585083007812e-01
1.000000000000000000e+00,5.150208473205566406e-01
1.000000000000000000e+00,5.016548633575439453e-01
1.000000000000000000e+00,5.161149501800537109e-01
1.000000000000000000e+00,4.847367405891418457e-01
1.000000000000000000e+00,5.092685818672180176e-01
1.000000000000000000e+00,4.650306403636932373e-01
1.000000000000000000e+00,4.688330888748168945e-01
1.000000000000000000e+00,5.368485450744628906e-01
1.000000000000000000e+00,5.334165096282958984e-01
1.000000000000000000e+00,3.925905227661132812e-01
1.000000000000000000e+00,4.806190729141235352e-01
1.000000000000000000e+00,4.134792685508728027e-01
1.000000000000000000e+00,4.909454882144927979e-01
1.000000000000000000e+00,3.689056634902954102e-01
1.000000000000000000e+00,4.568338096141815186e-01
1.000000000000000000e+00,4.128651022911071777e-01
1.000000000000000000e+00,4.182928204536437988e-01
1.000000000000000000e+00,5.108696818351745605e-01
1.000000000000000000e+00,4.143465161323547363e-01
1.000000000000000000e+00,4.353713691234588623e-01
1.000000000000000000e+00,4.763022363185882568e-01
1.000000000000000000e+00,4.388030171394348145e-01
1.000000000000000000e+00,5.242300033569335938e-01
1.000000000000000000e+00,5.860006809234619141e-01
1.000000000000000000e+00,4.351655542850494385e-01
1.000000000000000000e+00,5.054885149002075195e-01
1.000000000000000000e+00,4.965746998786926270e-01
1.000000000000000000e+00,3.624764978885650635e-01
1.000000000000000000e+00,4.571675956249237061e-01
1.000000000000000000e+00,4.835000336170196533e-01
1.000000000000000000e+00,5.031451582908630371e-01
1.000000000000000000e+00,4.483206272125244141e-01
1.000000000000000000e+00,4.933852851390838623e-01
1.000000000000000000e+00,5.038370490074157715e-01
1.000000000000000000e+00,4.901998043060302734e-01
1.000000000000000000e+00,4.890639781951904297e-01
1.000000000000000000e+00,4.951551258563995361e-01
1.000000000000000000e+00,4.771425127983093262e-01
1.000000000000000000e+00,4.092055559158325195e-01
1.000000000000000000e+00,4.828647375106811523e-01
1.000000000000000000e+00,4.898783564567565918e-01
1.000000000000000000e+00,5.172732472419738770e-01
1.000000000000000000e+00,4.843364655971527100e-01
1.000000000000000000e+00,4.899842739105224609e-01
1.000000000000000000e+00,5.506021976470947266e-01
1.000000000000000000e+00,4.126506149768829346e-01
1.000000000000000000e+00,4.083575606346130371e-01
1.000000000000000000e+00,4.504809677600860596e-01
1.000000000000000000e+00,4.773828387260437012e-01
1.000000000000000000e+00,4.710360169410705566e-01
1.000000000000000000e+00,5.390183329582214355e-01
1.000000000000000000e+00,4.089534282684326172e-01
1.000000000000000000e+00,4.020046889781951904e-01
1.000000000000000000e+00,4.913550317287445068e-01
1.000000000000000000e+00,4.581710994243621826e-01
1.000000000000000000e+00,5.098298788070678711e-01
1.000000000000000000e+00,4.856882095336914062e-01
1.000000000000000000e+00,4.744077920913696289e-01
1.000000000000000000e+00,3.906301259994506836e-01
1.000000000000000000e+00,4.982138574123382568e-01
1.000000000000000000e+00,4.132299125194549561e-01
1.000000000000000000e+00,4.923827052116394043e-01
1.000000000000000000e+00,5.042150020599365234e-01
1.000000000000000000e+00,4.575830101966857910e-01
1.000000000000000000e+00,4.679023921489715576e-01
1.000000000000000000e+00,5.565333962440490723e-01
1.000000000000000000e+00,4.797555208206176758e-01
1.000000000000000000e+00,5.686514377593994141e-01
1.000000000000000000e+00,4.787009656429290771e-01
1.000000000000000000e+00,4.513596892356872559e-01
1.000000000000000000e+00,5.411452651023864746e-01
1.000000000000000000e+00,5.307743549346923828e-01
1.000000000000000000e+00,4.466677308082580566e-01
1.000000000000000000e+00,5.200454592704772949e-01
1.000000000000000000e+00,5.070801973342895508e-01
1.000000000000000000e+00,4.950104653835296631e-01
1.000000000000000000e+00,5.144900083541870117e-01
1.000000000000000000e+00,4.944992959499359131e-01
1.000000000000000000e+00,5.135293006896972656e-01
1.000000000000000000e+00,5.426067113876342773e-01
1.000000000000000000e+00,5.379137992858886719e-01
1.000000000000000000e+00,5.560399293899536133e-01
1.000000000000000000e+00,4.905709326267242432e-01
1.000000000000000000e+00,4.744480848312377930e-01
1.000000000000000000e+00,5.039629936218261719e-01
1.000000000000000000e+00,5.191707015037536621e-01
1.000000000000000000e+00,5.495575666427612305e-01
1.000000000000000000e+00,4.958381354808807373e-01
1.000000000000000000e+00,4.664490818977355957e-01
1.000000000000000000e+00,5.227801799774169922e-01
1.000000000000000000e+00,4.711960852146148682e-01
1.000000000000000000e+00,5.390635728836059570e-01
1.000000000000000000e+00,4.337422549724578857e-01
1.000000000000000000e+00,5.369938015937805176e-01
1.000000000000000000e+00,4.437660574913024902e-01
1.000000000000000000e+00,4.841820895671844482e-01
1.000000000000000000e+00,4.265746474266052246e-01
1.000000000000000000e+00,4.180763065814971924e-01
1.000000000000000000e+00,5.841197967529296875e-01
1.000000000000000000e+00,5.571874976158142090e-01
1.000000000000000000e+00,4.332143068313598633e-01
1.000000000000000000e+00,5.148097276687622070e-01
1.000000000000000000e+00,4.386808276176452637e-01
1.000000000000000000e+00,4.932756721973419189e-01
1.000000000000000000e+00,4.568159878253936768e-01
1.000000000000000000e+00,4.965752959251403809e-01
1.000000000000000000e+00,5.065571069717407227e-01
1.000000000000000000e+00,4.613967537879943848e-01
1.000000000000000000e+00,4.758490324020385742e-01
1.000000000000000000e+00,5.372079610824584961e-01
1.000000000000000000e+00,4.811326861381530762e-01
1.000000000000000000e+00,5.312528014183044434e-01
1.000000000000000000e+00,4.252426326274871826e-01
1.000000000000000000e+00,5.755336880683898926e-01
1.000000000000000000e+00,4.843729138374328613e-01
1.000000000000000000e+00,5.273788571357727051e-01
1.000000000000000000e+00,4.457845389842987061e-01
1.000000000000000000e+00,5.066537857055664062e-01
1.000000000000000000e+00,4.316717684268951416e-01
1.000000000000000000e+00,6.001840233802795410e-01
1.000000000000000000e+00,4.725274145603179932e-01
1.000000000000000000e+00,4.725887775421142578e-01
1.000000000000000000e+00,4.461088180541992188e-01
1.000000000000000000e+00,5.283785462379455566e-01
1.000000000000000000e+00,4.572511017322540283e-01
1.000000000000000000e+00,4.746493101119995117e-01
1.000000000000000000e+00,4.304123222827911377e-01
1.000000000000000000e+00,5.726100206375122070e-01
1.000000000000000000e+00,4.896331131458282471e-01
1.000000000000000000e+00,4.978651404380798340e-01
1.000000000000000000e+00,4.235200881958007812e-01
1.000000000000000000e+00,4.632126986980438232e-01
1.000000000000000000e+00,4.869036674499511719e-01
1.000000000000000000e+00,4.610986709594726562e-01
1.000000000000000000e+00,4.588980972766876221e-01
1.000000000000000000e+00,4.457674622535705566e-01
1.000000000000000000e+00,5.386916995048522949e-01
1.000000000000000000e+00,5.870159864425659180e-01
1.000000000000000000e+00,4.695975184440612793e-01
1.000000000000000000e+00,4.596597552299499512e-01
1.000000000000000000e+00,4.896400272846221924e-01
1.000000000000000000e+00,4.446261227130889893e-01
1.000000000000000000e+00,4.750590324401855469e-01
1.000000000000000000e+00,4.264693260192871094e-01
1.000000000000000000e+00,4.714128077030181885e-01
1.000000000000000000e+00,5.860111713409423828e-01
1.000000000000000000e+00,5.079792141914367676e-01
1.000000000000000000e+00,4.626930058002471924e-01
1.000000000000000000e+00,4.736530482769012451e-01
1.000000000000000000e+00,4.981534481048583984e-01
1.000000000000000000e+00,4.510547220706939697e-01
1.000000000000000000e+00,4.607768952846527100e-01
1.000000000000000000e+00,4.724460840225219727e-01
1.000000000000000000e+00,5.499577522277832031e-01
1.000000000000000000e+00,5.403856039047241211e-01
1.000000000000000000e+00,5.815742015838623047e-01
1.000000000000000000e+00,3.438411056995391846e-01
1.000000000000000000e+00,4.234252274036407471e-01
1.000000000000000000e+00,4.869010448455810547e-01
1.000000000000000000e+00,4.092423915863037109e-01
1.000000000000000000e+00,5.139739513397216797e-01
1.000000000000000000e+00,5.231891274452209473e-01
1.000000000000000000e+00,5.137655138969421387e-01
1.000000000000000000e+00,4.645477831363677979e-01
1.000000000000000000e+00,4.524201452732086182e-01
1.000000000000000000e+00,4.384310245513916016e-01
1.000000000000000000e+00,5.100017786026000977e-01
1.000000000000000000e+00,5.165997147560119629e-01
1.000000000000000000e+00,4.874649643898010254e-01
1.000000000000000000e+00,4.428362548351287842e-01
1.000000000000000000e+00,4.838940501213073730e-01
1.000000000000000000e+00,4.810340404510498047e-01
1.000000000000000000e+00,5.054144263267517090e-01
1.000000000000000000e+00,4.893544018268585205e-01
1.000000000000000000e+00,4.952232241630554199e-01
1.000000000000000000e+00,4.344703257083892822e-01
1.000000000000000000e+00,4.783242046833038330e-01
1.000000000000000000e+00,5.039915442466735840e-01
1.000000000000000000e+00,4.800434112548828125e-01
1.000000000000000000e+00,4.665267169475555420e-01
1.000000000000000000e+00,5.348312854766845703e-01
