label,score
0.000000000000000000e+00,-1.206090615955430101e+00
0.000000000000000000e+00,-1.767907399692549397e+00
0.000000000000000000e+00,-1.283420515249770633e+00
0.000000000000000000e+00,-1.339987258404274018e+00
0.000000000000000000e+00,-1.898592774286659735e+00
0.000000000000000000e+00,-7.244980562313079187e-01
0.000000000000000000e+00,-6.102480849016136411e-01
0.000000000000000000e+00,-1.755799326712706554e+00
0.000000000000000000e+00,-1.387608598486136158e+00
0.000000000000000000e+00,-1.939483087339939571e+00
0.000000000000000000e+00,-1.515001990373525231e+00
0.000000000000000000e+00,-1.379269190689674351e+00
0.000000000000000000e+00,-5.038899976602401187e-01
0.000000000000000000e+00,-1.475369730275047475e+00
0.000000000000000000e+00,-1.290606672621759765e+00
0.000000000000000000e+00,-8.971716349020693038e-01
0.000000000000000000e+00,-1.448351384401591613e+00
0.000000000000000000e+00,-1.271530076556700806e+00
0.000000000000000000e+00,-1.499703779081353883e+00
0.000000000000000000e+00,-1.453769844255966337e+00
0.000000000000000000e+00,-1.327258822059416143e+00
0.000000000000000000e+00,-1.300919157088013423e+00
0.000000000000000000e+00,-1.242929550547948070e+00
0.000000000000000000e+00,-1.264753832307371706e+00
0.000000000000000000e+00,-1.608404709984609493e+00
0.000000000000000000e+00,-4.591156521220469688e-01
0.000000000000000000e+00,-1.398641600348405234e+00
0.000000000000000000e+00,-1.055439514151852665e+00
0.000000000000000000e+00,-1.772852980387896960e+00
0.000000000000000000e+00,-1.260521162372773452e+00
0.000000000000000000e+00,-1.235765790490908511e+00
0.000000000000000000e+00,-7.363073574815419686e-01
0.000000000000000000e+00,-1.172371669594455490e+00
0.000000000000000000e+00,-1.546370909028199625e+00
0.000000000000000000e+00,-1.302607830117032517e+00
0.000000000000000000e+00,-1.206134565403632841e+00
0.000000000000000000e+00,-1.434916798749553912e+00
0.000000000000000000e+00,-9.005895496815250478e-01
0.000000000000000000e+00,-9.575049302857131517e-01
0.000000000000000000e+00,-1.399343523747104134e+00
0.000000000000000000e+00,-1.161358952092895302e+00
0.000000000000000000e+00,-1.974453325202146559e+00
0.000000000000000000e+00,-4.451815640875516622e-01
0.000000000000000000e+00,-8.271250888747813113e-01
0.000000000000000000e+00,-1.200592709021611970e+00
0.000000000000000000e+00,-3.149766329016506772e-02
0.000000000000000000e+00,-8.649025977409355859e-01
0.000000000000000000e+00,-1.359259091441156420e+00
0.000000000000000000e+00,-1.210095086832052802e+00
0.000000000000000000e+00,-1.451101183050196974e+00
0.000000000000000000e+00,-1.310541973290163531e+00
0.000000000000000000e+00,-9.494059766818220281e-01
0.000000000000000000e+00,-1.448886807006138033e+00
0.000000000000000000e+00,-1.237803523560460306e+00
0.000000000000000000e+00,-9.225144080627971643e-01
0.000000000000000000e+00,-1.449756921562381784e+00
0.000000000000000000e+00,-8.312745084123032147e-01
0.000000000000000000e+00,-1.809671208028857947e+00
0.000000000000000000e+00,-7.291165516102239286e-01
0.000000000000000000e+00,-1.415996138707445118e+00
0.000000000000000000e+00,-1.410406952150436766e+00
0.000000000000000000e+00,-1.270812094705774165e+00
0.000000000000000000e+00,-1.955090212542073935e+00
0.000000000000000000e+00,-1.188545489123896015e+00
0.000000000000000000e+00,-1.382464400092179968e+00
0.000000000000000000e+00,-1.260212248462810214e+00
0.000000000000000000e+00,-8.384995441423176432e-01
0.000000000000000000e+00,-1.166293122835344143e+00
0.000000000000000000e+00,-1.305754864162854467e+00
0.000000000000000000e+00,-6.315462410551492267e-01
0.000000000000000000e+00,-4.565606678544171237e-01
0.000000000000000000e+00,-1.399208717266559265e+00
0.000000000000000000e+00,-1.586167556966589398e+00
0.000000000000000000e+00,-1.372743542813270157e+00
0.000000000000000000e+00,-8.329040187225877911e-01
0.000000000000000000e+00,-1.325659315699346807e+00
0.000000000000000000e+00,-1.182402708555873039e+00
0.000000000000000000e+00,-1.254470506609636882e+00
0.000000000000000000e+00,5.416069882467016046e-03
0.000000000000000000e+00,-9.451796456099454957e-01
0.000000000000000000e+00,-1.304162541847202927e+00
0.000000000000000000e+00,-1.040343723875922555e+00
0.000000000000000000e+00,-9.766613960210634993e-01
0.000000000000000000e+00,-1.067168523140947123e+00
0.000000000000000000e+00,-1.597910088862823264e+00
0.000000000000000000e+00,-9.554921300761993752e-01
0.000000000000000000e+00,-8.970900748683854342e-01
0.000000000000000000e+00,-9.320066436928834408e-01
0.000000000000000000e+00,-1.548602188706182714e+00
0.000000000000000000e+00,-1.004721850925940796e+00
0.000000000000000000e+00,-1.185823581471265431e+00
0.000000000000000000e+00,-7.580986771548136050e-01
0.000000000000000000e+00,-8.439966058944394778e-01
0.000000000000000000e+00,-9.900241412289237930e-01
0.000000000000000000e+00,-1.709936387149800341e+00
0.000000000000000000e+00,-2.086533081231408460e+00
0.000000000000000000e+00,-1.159561673215913968e+00
0.000000000000000000e+00,-3.896024157450647674e-01
0.000000000000000000e+00,-1.856787129456388907e+00
0.000000000000000000e+00,-1.466013991488898327e+00
0.000000000000000000e+00,-1.568207445922218390e+00
0.000000000000000000e+00,-9.366145743005969138e-01
0.000000000000000000e+00,-5.713545136056197293e-01
0.000000000000000000e+00,-1.512494336280882701e+00
0.000000000000000000e+00,-7.702988749395428547e-01
0.000000000000000000e+00,-1.453555590695978283e+00
0.000000000000000000e+00,-6.626468145212784933e-01
0.000000000000000000e+00,-1.102437955323610996e+00
0.000000000000000000e+00,-8.543817759865670602e-01
0.000000000000000000e+00,-1.458935172192327601e+00
0.000000000000000000e+00,-9.590110440683518034e-01
0.000000000000000000e+00,4.219068190929527451e-01
0.000000000000000000e+00,-1.434514914853008083e+00
0.000000000000000000e+00,-1.675045596367036538e+00
0.000000000000000000e+00,-1.415310696351822273e+00
0.000000000000000000e+00,-1.049560430273045686e+00
0.000000000000000000e+00,-6.633052110626227460e-01
0.000000000000000000e+00,-1.214910509546184736e+00
0.000000000000000000e+00,-4.473414259122053260e-01
0.000000000000000000e+00,-1.315171878621978374e+00
0.000000000000000000e+00,-9.021332740496448288e-01
0.000000000000000000e+00,-1.059755011892678844e+00
0.000000000000000000e+00,-1.064091639175910320e+00
0.000000000000000000e+00,-5.791961093830162444e-01
0.000000000000000000e+00,-1.650378968563273263e+00
0.000000000000000000e+00,-1.470010855730255139e+00
0.000000000000000000e+00,-5.484762902710276222e-01
0.000000000000000000e+00,-8.888689925093925526e-01
0.000000000000000000e+00,-9.132005057706104045e-01
0.000000000000000000e+00,-4.012401451109691708e-01
0.000000000000000000e+00,-5.111065815732925843e-01
0.000000000000000000e+00,-1.320375662325516952e+00
0.000000000000000000e+00,-1.868152710316115073e+00
0.000000000000000000e+00,-1.257160719948659633e+00
0.000000000000000000e+00,-1.456025634203139463e+00
0.000000000000000000e+00,-1.435355448049884686e+00
0.000000000000000000e+00,-1.104856442747303769e+00
0.000000000000000000e+00,-7.580851542476743088e-01
0.000000000000000000e+00,-5.865267928250563756e-01
0.000000000000000000e+00,-1.513562645944886764e+00
0.000000000000000000e+00,-8.895485185931418792e-01
0.000000000000000000e+00,-1.553299708573694149e+00
0.000000000000000000e+00,-1.759401491101935111e+00
0.000000000000000000e+00,-1.358227969771785393e+00
0.000000000000000000e+00,-1.555873286838640457e+00
0.000000000000000000e+00,-1.101086087200530139e+00
0.000000000000000000e+00,-5.437174947305414285e-01
0.000000000000000000e+00,-4.299070178828741651e-01
0.000000000000000000e+00,-1.080899767568353154e+00
0.000000000000000000e+00,-3.515147251964029773e-01
0.000000000000000000e+00,-8.119118183430786839e-01
0.000000000000000000e+00,-1.571513374126926932e+00
0.000000000000000000e+00,-1.373841856427489461e+00
0.000000000000000000e+00,-1.092930506422993053e+00
0.000000000000000000e+00,-8.729994383905862465e-01
0.000000000000000000e+00,-1.168426784027415399e+00
0.000000000000000000e+00,-8.178048477198729405e-01
0.000000000000000000e+00,-9.175324845545126395e-01
0.000000000000000000e+00,-9.993790348333765339e-01
0.000000000000000000e+00,-1.790429378942190786e+00
0.000000000000000000e+00,-1.531603894432093771e+00
0.000000000000000000e+00,-7.728073742138814595e-01
0.000000000000000000e+00,-5.819213977624314582e-01
0.000000000000000000e+00,-1.142778900274357357e+00
0.000000000000000000e+00,-9.312235828513488745e-01
0.000000000000000000e+00,-1.096550842218690258e+00
0.000000000000000000e+00,-5.263304168761977486e-01
0.000000000000000000e+00,-1.616747075917007948e+00
0.000000000000000000e+00,-1.402840463015155192e+00
0.000000000000000000e+00,-1.380066197029196307e+00
0.000000000000000000e+00,-1.250654088660420049e+00
0.000000000000000000e+00,-7.395439807871617699e-01
0.000000000000000000e+00,-1.035837215071753858e+00
0.000000000000000000e+00,-1.747412166150409174e+00
0.000000000000000000e+00,-1.521205624023674874e+00
0.000000000000000000e+00,-1.824738684717964965e+00
0.000000000000000000e+00,-8.330354444763476973e-01
0.000000000000000000e+00,-1.437828872283830606e+00
0.000000000000000000e+00,-1.416824839360574684e+00
0.000000000000000000e+00,-8.563366812498908187e-01
0.000000000000000000e+00,-1.731697280282008533e+00
0.000000000000000000e+00,-1.146502348236991597e+00
0.000000000000000000e+00,-8.089938285369284721e-01
0.000000000000000000e+00,-7.738342699747713382e-01
0.000000000000000000e+00,-1.170243079492561566e+00
0.000000000000000000e+00,-1.467308387256637481e+00
0.000000000000000000e+00,-3.321304829939252246e-01
0.000000000000000000e+00,-1.752233927727262719e+00
0.000000000000000000e+00,-1.244701051383195090e+00
0.000000000000000000e+00,-7.122868710845279283e-01
0.000000000000000000e+00,-7.621509007972718797e-01
0.000000000000000000e+00,-8.287469925497999990e-01
0.000000000000000000e+00,-1.177032424058181981e+00
0.000000000000000000e+00,-8.569870485651210901e-01
0.000000000000000000e+00,-1.286191020849932976e+00
0.000000000000000000e+00,-1.010066357381897539e+00
0.000000000000000000e+00,-1.158014990711857539e+00
0.000000000000000000e+00,-1.186146018288368076e+00
0.000000000000000000e+00,-5.419962822062185381e-01
0.000000000000000000e+00,-6.250755299889984018e-01
0.000000000000000000e+00,-7.774854549023799688e-01
0.000000000000000000e+00,-1.151501175379200159e+00
0.000000000000000000e+00,-1.479328138749226751e+00
0.000000000000000000e+00,-8.858994466197738227e-01
0.000000000000000000e+00,-1.101326118802252507e+00
0.000000000000000000e+00,-1.815849908818969682e+00
0.000000000000000000e+00,-1.594614725429317259e+00
0.000000000000000000e+00,-1.245076312056310419e+00
0.000000000000000000e+00,-1.097846083168125597e+00
0.000000000000000000e+00,-1.635383754909191634e+00
0.000000000000000000e+00,-1.689898819496155502e+00
0.000000000000000000e+00,-9.056665561306327383e-01
0.000000000000000000e+00,2.288664744978745058e-01
0.000000000000000000e+00,-1.313343328022237300e+00
0.000000000000000000e+00,-1.316615026368249675e+00
0.000000000000000000e+00,-1.344762534987836045e+00
0.000000000000000000e+00,-9.274050519478914678e-01
0.000000000000000000e+00,-7.723750637762721860e-01
0.000000000000000000e+00,-1.777098328047938214e+00
0.000000000000000000e+00,-1.134375258668983921e+00
0.000000000000000000e+00,-4.146692370819815565e-01
0.000000000000000000e+00,-1.935457486920911796e+00
0.000000000000000000e+00,-1.955716069588114392e+00
0.000000000000000000e+00,-1.120585696704539780e+00
0.000000000000000000e+00,-1.279449006459300042e+00
0.000000000000000000e+00,-1.396315237729599090e+00
0.000000000000000000e+00,-2.060831528440641325e+00
0.000000000000000000e+00,-9.525183582780996083e-01
0.000000000000000000e+00,-4.504254515355762822e-02
0.000000000000000000e+00,-1.605993406605334739e+00
0.000000000000000000e+00,-6.778723401875760279e-01
0.000000000000000000e+00,-1.351372278443012886e+00
0.000000000000000000e+00,-7.447701618056496997e-01
0.000000000000000000e+00,-8.130545039963488207e-01
0.000000000000000000e+00,-1.958342471709073607e+00
0.000000000000000000e+00,-1.323335066034781127e+00
0.000000000000000000e+00,-1.111773832339899348e+00
0.000000000000000000e+00,-1.017894007661306777e+00
0.000000000000000000e+00,-7.327474521771235594e-01
0.000000000000000000e+00,-1.367707105085580466e+00
0.000000000000000000e+00,-6.950823524765646910e-01
0.000000000000000000e+00,-8.411660923938465428e-01
0.000000000000000000e+00,-1.219594506506556764e+00
0.000000000000000000e+00,-6.898553262763804650e-01
0.000000000000000000e+00,-1.685397804373012232e+00
0.000000000000000000e+00,-8.749809668773405047e-01
0.000000000000000000e+00,-1.520991750668451159e-01
0.000000000000000000e+00,-9.681947883793229348e-01
0.000000000000000000e+00,-2.229650867281280924e+00
0.000000000000000000e+00,-1.657209727032007640e+00
0.000000000000000000e+00,-1.558173026234016101e+00
0.000000000000000000e+00,-1.513139209915087768e+00
0.000000000000000000e+00,-1.238123424832474173e+00
0.000000000000000000e+00,-1.044016883527632444e+00
0.000000000000000000e+00,-2.217656471239577431e+00
0.000000000000000000e+00,-1.804599695260775460e+00
0.000000000000000000e+00,-1.389223740707585142e+00
0.000000000000000000e+00,-5.230603665074941983e-02
0.000000000000000000e+00,-1.291507213719066849e+00
0.000000000000000000e+00,-1.587757766328000475e+00
0.000000000000000000e+00,-1.546421619929972069e+00
0.000000000000000000e+00,-8.603187548115639460e-01
0.000000000000000000e+00,-8.857870374541784164e-01
0.000000000000000000e+00,-1.598440017786344258e+00
0.000000000000000000e+00,-1.251166268768320711e+00
0.000000000000000000e+00,-1.457737972319652187e+00
0.000000000000000000e+00,-9.777427636152750956e-02
0.000000000000000000e+00,-8.567415232823732962e-01
0.000000000000000000e+00,-9.068629108216119672e-01
0.000000000000000000e+00,-1.539900197962048800e+00
0.000000000000000000e+00,-1.026106215612489381e+00
0.000000000000000000e+00,-1.241099732175662718e+00
0.000000000000000000e+00,-1.142332221747912602e+00
0.000000000000000000e+00,-1.424273003058387443e+00
0.000000000000000000e+00,-1.230707378039117339e+00
0.000000000000000000e+00,-7.813263831207867272e-01
0.000000000000000000e+00,-1.040664047738784515e+00
0.000000000000000000e+00,-6.945515783713475111e-01
0.000000000000000000e+00,-9.079054424438816051e-01
0.000000000000000000e+00,-8.487486399813560789e-01
0.000000000000000000e+00,-1.043783613379479780e+00
0.000000000000000000e+00,-1.413300431687396941e+00
0.000000000000000000e+00,-6.101339853726258644e-01
0.000000000000000000e+00,-1.664729308583149825e+00
0.000000000000000000e+00,-5.843081908725163975e-01
0.000000000000000000e+00,-1.699814491156040885e+00
0.000000000000000000e+00,-1.219169802704213268e+00
0.000000000000000000e+00,-9.907755077568506374e-01
0.000000000000000000e+00,-5.275047968430754963e-01
0.000000000000000000e+00,-1.484664193388221420e+00
0.000000000000000000e+00,-1.592612067400157816e+00
0.000000000000000000e+00,-6.480619365807047672e-01
0.000000000000000000e+00,-6.737520794185732909e-01
0.000000000000000000e+00,-1.219472377751454895e+00
0.000000000000000000e+00,-1.667991709930503941e+00
0.000000000000000000e+00,-1.051774806317104627e+00
0.000000000000000000e+00,-1.475665966459567491e+00
0.000000000000000000e+00,-1.024603482556635692e+00
0.000000000000000000e+00,-8.971640282668034150e-01
0.000000000000000000e+00,-1.415095597610137812e+00
0.000000000000000000e+00,-1.576633907433389048e+00
0.000000000000000000e+00,-1.160866211164007344e+00
0.000000000000000000e+00,-1.095586489903319638e+00
0.000000000000000000e+00,-1.641187195026188039e+00
0.000000000000000000e+00,-7.391547746160590515e-01
0.000000000000000000e+00,-4.035436878239778147e-01
0.000000000000000000e+00,-1.616068817605802899e+00
0.000000000000000000e+00,-3.235248429631588096e-01
0.000000000000000000e+00,-1.279528030947895356e+00
0.000000000000000000e+00,-1.644543411541820932e+00
0.000000000000000000e+00,-8.195983232792214412e-01
0.000000000000000000e+00,-1.453976068589840631e+00
0.000000000000000000e+00,5.006219711873745037e-01
0.000000000000000000e+00,-1.109375629276915465e+00
0.000000000000000000e+00,-1.471847012965262103e+00
0.000000000000000000e+00,-1.528382906987853840e+00
0.000000000000000000e+00,-1.240688973871306722e+00
0.000000000000000000e+00,-1.435360096549213926e+00
0.000000000000000000e+00,-7.676023227377986036e-01
0.000000000000000000e+00,-1.745031711903045846e+00
0.000000000000000000e+00,-1.187499999365689618e+00
0.000000000000000000e+00,-1.078153772237380847e+00
0.000000000000000000e+00,-1.072419214428625089e+00
0.000000000000000000e+00,-1.363665446214324728e+00
0.000000000000000000e+00,-1.227300028030864132e+00
0.000000000000000000e+00,-1.232339423894490471e+00
0.000000000000000000e+00,-8.339207723031232256e-01
0.000000000000000000e+00,-1.212197898892212411e+00
0.000000000000000000e+00,-9.908279090220153407e-01
0.000000000000000000e+00,1.833534401571975114e-01
0.000000000000000000e+00,-1.542917919208351307e+00
0.000000000000000000e+00,-1.247574669150294469e+00
0.000000000000000000e+00,-3.256047927314373314e-02
0.000000000000000000e+00,-1.541595632444637598e+00
0.000000000000000000e+00,-1.029964892646516583e+00
0.000000000000000000e+00,-1.465955251361012124e+00
0.000000000000000000e+00,-1.272015633441170968e+00
0.000000000000000000e+00,-4.889966284005514141e-01
0.000000000000000000e+00,-1.481320654598031750e+00
0.000000000000000000e+00,-1.242695012627250906e+00
0.000000000000000000e+00,-4.625027177695912872e-01
0.000000000000000000e+00,-1.490633289117674343e+00
0.000000000000000000e+00,-1.198751058105579803e+00
0.000000000000000000e+00,-1.396772058436398289e+00
0.000000000000000000e+00,-5.872595653556667017e-01
0.000000000000000000e+00,-1.175097803155567000e+00
0.000000000000000000e+00,-1.419922430277168690e+00
0.000000000000000000e+00,-1.453706878219598986e+00
0.000000000000000000e+00,-9.731433272106072563e-01
0.000000000000000000e+00,-1.777998446554397427e+00
0.000000000000000000e+00,-1.195613743649264205e+00
0.000000000000000000e+00,7.792293558880141191e-01
0.000000000000000000e+00,-1.889273800904295531e+00
0.000000000000000000e+00,-1.298093714677597932e+00
0.000000000000000000e+00,-1.360438542498211500e+00
0.000000000000000000e+00,-1.214335363401916723e+00
0.000000000000000000e+00,-1.546962113624695601e+00
0.000000000000000000e+00,-1.370265470079994996e+00
0.000000000000000000e+00,-1.674551165074756209e+00
0.000000000000000000e+00,-1.133183975068182026e+00
0.000000000000000000e+00,-1.472129303651794840e+00
0.000000000000000000e+00,-1.837565162139582764e+00
0.000000000000000000e+00,-1.328322483224090966e+00
0.000000000000000000e+00,-1.226511473508304251e+00
0.000000000000000000e+00,-1.382935588887814760e+00
0.000000000000000000e+00,-1.088639518951356910e+00
0.000000000000000000e+00,-1.389706339456118656e+00
0.000000000000000000e+00,-1.118543315135658744e+00
0.000000000000000000e+00,-1.209991129483419359e+00
0.000000000000000000e+00,-9.951087543132972613e-01
0.000000000000000000e+00,-1.115719563088635624e+00
0.000000000000000000e+00,-1.423718141274828319e+00
0.000000000000000000e+00,-1.299871976966414655e+00
0.000000000000000000e+00,-5.227476916659817840e-01
0.000000000000000000e+00,-1.307658635933557800e+00
0.000000000000000000e+00,-9.057595261172153300e-01
0.000000000000000000e+00,-1.257701636234231257e+00
0.000000000000000000e+00,-1.631768067612823669e+00
0.000000000000000000e+00,-5.623786839919151515e-01
0.000000000000000000e+00,-1.787005547890861523e+00
0.000000000000000000e+00,-1.288932790272424356e+00
0.000000000000000000e+00,-1.967026713637587187e+00
0.000000000000000000e+00,-1.266102742294515915e+00
0.000000000000000000e+00,-6.982344576125638635e-01
0.000000000000000000e+00,-1.653672219042538805e+00
0.000000000000000000e+00,-1.884712777880721557e+00
0.000000000000000000e+00,-1.611920665840825162e+00
0.000000000000000000e+00,-1.327096969764592682e+00
0.000000000000000000e+00,-1.494863846098031912e+00
0.000000000000000000e+00,-6.833119295843559371e-01
0.000000000000000000e+00,-7.927798628769183731e-01
0.000000000000000000e+00,-4.413414810508410890e-01
0.000000000000000000e+00,-1.168447490978972603e+00
0.000000000000000000e+00,-1.313258387261768689e+00
0.000000000000000000e+00,-2.717409830274836180e-01
0.000000000000000000e+00,-1.505629770544300028e+00
0.000000000000000000e+00,-1.639441472232675334e+00
0.000000000000000000e+00,-1.657666125147958747e+00
0.000000000000000000e+00,-8.220578020151799725e-01
0.000000000000000000e+00,-1.228051817149639069e+00
0.000000000000000000e+00,-1.647742424261959604e+00
0.000000000000000000e+00,-7.404546640648234090e-01
0.000000000000000000e+00,-1.177078909051473277e+00
0.000000000000000000e+00,-1.425381036262113099e+00
0.000000000000000000e+00,-1.486832084438989066e+00
0.000000000000000000e+00,-4.918846142564862745e-01
0.000000000000000000e+00,-1.285693631421715999e+00
0.000000000000000000e+00,-2.137630442334340852e+00
0.000000000000000000e+00,-1.791656582765081440e+00
0.000000000000000000e+00,-4.631987248964166692e-01
0.000000000000000000e+00,-9.172468131411951608e-01
0.000000000000000000e+00,-1.141455345738099147e+00
0.000000000000000000e+00,-1.583864014253580699e+00
0.000000000000000000e+00,-1.322233371693777082e+00
0.000000000000000000e+00,-1.597778663109063357e+00
0.000000000000000000e+00,-6.221824730428862082e-01
0.000000000000000000e+00,-1.457168319856409600e+00
0.000000000000000000e+00,-1.653793080025096174e+00
0.000000000000000000e+00,-1.044545544678609161e+00
0.000000000000000000e+00,-1.408466414975948489e+00
0.000000000000000000e+00,-1.120505404443400410e+00
0.000000000000000000e+00,-1.561748567399814380e+00
0.000000000000000000e+00,-1.303669800918314969e+00
0.000000000000000000e+00,-1.804161891142141094e+00
0.000000000000000000e+00,-1.631670871717760152e+00
0.000000000000000000e+00,-1.519971658747214738e+00
0.000000000000000000e+00,-3.280545942639732648e-01
0.000000000000000000e+00,-1.795971657915059749e+00
0.000000000000000000e+00,-6.243030339186663724e-01
0.000000000000000000e+00,-7.988786939967386092e-01
0.000000000000000000e+00,-1.918239867996657466e+00
0.000000000000000000e+00,4.196949785939824151e-01
0.000000000000000000e+00,-1.442698809217368039e+00
0.000000000000000000e+00,-1.671544853781352646e+00
0.000000000000000000e+00,-1.400030656466119350e+00
0.000000000000000000e+00,-5.673111643709716212e-01
0.000000000000000000e+00,-1.485920555979631352e+00
0.000000000000000000e+00,-1.603418560567843931e+00
0.000000000000000000e+00,-1.054025525174100419e+00
0.000000000000000000e+00,-1.456629516525078438e+00
0.000000000000000000e+00,-1.533224530334568181e+00
0.000000000000000000e+00,-1.192016650350212759e+00
0.000000000000000000e+00,-1.411913911114771603e+00
0.000000000000000000e+00,-1.617380539598314071e+00
0.000000000000000000e+00,-1.246502133577809479e+00
0.000000000000000000e+00,-1.852763641991601817e+00
0.000000000000000000e+00,-8.879084011255711228e-02
0.000000000000000000e+00,-1.680827061759931684e+00
0.000000000000000000e+00,-1.610164378276109698e+00
0.000000000000000000e+00,-1.011730097550878504e+00
0.000000000000000000e+00,-1.419403911306546417e+00
0.000000000000000000e+00,-1.236544202833113948e+00
0.000000000000000000e+00,-1.579166494386069486e+00
0.000000000000000000e+00,-1.284774073736244082e+00
0.000000000000000000e+00,-1.007582790967597175e+00
0.000000000000000000e+00,-1.687086477402031104e+00
0.000000000000000000e+00,8.624873595995414810e-01
0.000000000000000000e+00,-1.902168738043305884e+00
0.000000000000000000e+00,-1.347440915783111981e+00
0.000000000000000000e+00,-1.955469699123670413e+00
0.000000000000000000e+00,-8.725438854563313251e-01
0.000000000000000000e+00,-1.598623422214420886e+00
0.000000000000000000e+00,-1.292268722427348138e+00
0.000000000000000000e+00,-8.216825413420646429e-01
0.000000000000000000e+00,-1.606776890037717287e+00
0.000000000000000000e+00,-7.145346318055869617e-01
0.000000000000000000e+00,-8.445835845824543053e-01
0.000000000000000000e+00,-7.344200667539146909e-01
0.000000000000000000e+00,-5.652121556284447346e-01
0.000000000000000000e+00,-8.004549578601622972e-01
0.000000000000000000e+00,-1.739986822358394081e+00
0.000000000000000000e+00,-9.285828126415540673e-01
0.000000000000000000e+00,-1.054822954104470467e+00
0.000000000000000000e+00,-1.153502988226663417e+00
0.000000000000000000e+00,-1.111700724123177553e+00
0.000000000000000000e+00,-6.088252215160513403e-01
0.000000000000000000e+00,4.063377270671475472e-01
0.000000000000000000e+00,-2.785244113212305694e-01
0.000000000000000000e+00,-1.862652690428056479e+00
0.000000000000000000e+00,-1.420863540095893551e+00
0.000000000000000000e+00,-1.080092196457628440e+00
0.000000000000000000e+00,-1.349125785494498020e+00
0.000000000000000000e+00,-9.378912212527156234e-01
0.000000000000000000e+00,-6.980493628210947543e-01
0.000000000000000000e+00,-1.405130060230176392e+00
0.000000000000000000e+00,-1.709039649370126090e+00
0.000000000000000000e+00,-1.980370653552706806e+00
0.000000000000000000e+00,-1.410680368429159337e+00
0.000000000000000000e+00,-1.049831733597527794e+00
0.000000000000000000e+00,-1.218299265557121425e+00
0.000000000000000000e+00,-8.714358522526056694e-01
0.000000000000000000e+00,-1.525302642296032074e+00
0.000000000000000000e+00,-1.233241232764342055e+00
0.000000000000000000e+00,-7.547889456324721191e-01
0.000000000000000000e+00,-2.180157238446899015e+00
0.000000000000000000e+00,-1.487992941498727628e+00
0.000000000000000000e+00,-1.606191179122246737e+00
0.000000000000000000e+00,-1.178287518877047413e+00
0.000000000000000000e+00,-1.802947787635541532e+00
0.000000000000000000e+00,-1.487385678450003912e+00
0.000000000000000000e+00,-1.154677790784389257e+00
0.000000000000000000e+00,-1.575123145151421378e+00
0.000000000000000000e+00,-1.551783452610701053e+00
0.000000000000000000e+00,-3.246818967052643723e-01
0.000000000000000000e+00,-9.783952862708295006e-01
0.000000000000000000e+00,-1.436167245069090326e+00
0.000000000000000000e+00,-1.980496163034593415e+00
0.000000000000000000e+00,-1.897861692119441779e+00
0.000000000000000000e+00,-1.215082504021362642e+00
0.000000000000000000e+00,-1.101092848654099621e+00
0.000000000000000000e+00,-7.785520742029915509e-01
0.000000000000000000e+00,-2.866715402818054148e-01
0.000000000000000000e+00,-1.407168638481424594e+00
0.000000000000000000e+00,-1.043683036757631299e+00
0.000000000000000000e+00,-2.006726588271761091e+00
0.000000000000000000e+00,-1.182276776483138336e+00
0.000000000000000000e+00,-6.141625439275903986e-01
0.000000000000000000e+00,-1.066210932279146206e+00
0.000000000000000000e+00,-1.226239747592974050e+00
0.000000000000000000e+00,-1.525090501690284484e+00
0.000000000000000000e+00,-1.317666009807481498e+00
0.000000000000000000e+00,-1.232554945227023024e+00
0.000000000000000000e+00,-1.326072186957943266e+00
0.000000000000000000e+00,-1.274327205380293648e+00
0.000000000000000000e+00,-1.387250241446944754e+00
0.000000000000000000e+00,-7.690184246697912007e-01
0.000000000000000000e+00,-8.287457247772557212e-01
0.000000000000000000e+00,-9.757591645603639341e-01
0.000000000000000000e+00,-9.757807166936172116e-01
0.000000000000000000e+00,2.210662926235920922e-01
0.000000000000000000e+00,-8.153250846232054094e-01
0.000000000000000000e+00,-1.844314360574633271e+00
0.000000000000000000e+00,-1.220836501009130881e+00
0.000000000000000000e+00,-1.152265219632570004e+00
0.000000000000000000e+00,-1.235486880531160514e+00
0.000000000000000000e+00,2.528231496768250652e-01
0.000000000000000000e+00,1.215343153516239422e-01
0.000000000000000000e+00,-1.924881305765441697e+00
0.000000000000000000e+00,-1.677965699127427213e+00
0.000000000000000000e+00,-1.023047925644769096e+00
0.000000000000000000e+00,-1.340912732361619231e+00
0.000000000000000000e+00,-1.071229198600367472e+00
0.000000000000000000e+00,-1.022886918531641820e+00
0.000000000000000000e+00,-7.200608523262279625e-01
0.000000000000000000e+00,-7.820037962502955908e-01
0.000000000000000000e+00,-1.344212321703606161e+00
0.000000000000000000e+00,-1.248471406929968719e+00
0.000000000000000000e+00,-1.179132700573253034e+00
0.000000000000000000e+00,-1.237909593863334212e+00
0.000000000000000000e+00,-1.405198942538417262e+00
0.000000000000000000e+00,-1.023251191842706520e+00
0.000000000000000000e+00,-1.087740245626593882e+00
0.000000000000000000e+00,-8.805756471153740605e-01
0.000000000000000000e+00,-1.742911996208962089e+00
0.000000000000000000e+00,-3.571288446134493477e-01
0.000000000000000000e+00,-1.756962296726685580e+00
0.000000000000000000e+00,-1.265612114319868420e+00
0.000000000000000000e+00,-9.446801432274879451e-01
0.000000000000000000e+00,-1.273884330171481727e+00
0.000000000000000000e+00,-5.779101654322392756e-01
0.000000000000000000e+00,-1.658352412685277777e+00
0.000000000000000000e+00,-1.319989414290350771e+00
0.000000000000000000e+00,-4.589956363211857293e-01
0.000000000000000000e+00,-1.047544671927595150e+00
0.000000000000000000e+00,-1.653352740361373030e+00
0.000000000000000000e+00,-8.846713552291032845e-02
0.000000000000000000e+00,-8.970871167324486750e-01
0.000000000000000000e+00,-1.971448070385863227e+00
0.000000000000000000e+00,-1.325908221708879342e+00
0.000000000000000000e+00,-1.718451592739072886e+00
0.000000000000000000e+00,-1.549663736916617074e+00
0.000000000000000000e+00,-7.030731228233414454e-01
0.000000000000000000e+00,-1.497145836677787223e+00
0.000000000000000000e+00,-1.130039053976600538e+00
0.000000000000000000e+00,-3.591822135443811237e-01
0.000000000000000000e+00,-1.070951556413163974e+00
0.000000000000000000e+00,-1.099179779884738029e+00
0.000000000000000000e+00,-1.332712356954183441e+00
0.000000000000000000e+00,-1.510563096105052683e+00
0.000000000000000000e+00,-1.556104866623400751e+00
0.000000000000000000e+00,2.051963159139376380e-01
0.000000000000000000e+00,-1.271091849847218125e+00
0.000000000000000000e+00,-6.308819282419315666e-01
0.000000000000000000e+00,-9.530973077400004545e-01
0.000000000000000000e+00,-1.227072251563736671e+00
0.000000000000000000e+00,-1.752968813212113508e+00
0.000000000000000000e+00,-9.482890690702862058e-01
0.000000000000000000e+00,-3.238041755137547884e-01
0.000000000000000000e+00,-8.433204605374748919e-01
0.000000000000000000e+00,6.564755889219462404e-01
0.000000000000000000e+00,-1.293369148995807905e+00
0.000000000000000000e+00,-9.495010596226451938e-01
0.000000000000000000e+00,-1.148610653978176632e+00
0.000000000000000000e+00,-9.033647037810165203e-01
0.000000000000000000e+00,-9.266574887375975678e-01
0.000000000000000000e+00,-1.235152188579463184e+00
0.000000000000000000e+00,-8.445189281826945837e-01
0.000000000000000000e+00,-1.667492207548046279e+00
0.000000000000000000e+00,-1.128845234830710087e+00
0.000000000000000000e+00,-1.286755179632150359e+00
0.000000000000000000e+00,-1.370706654925414547e+00
0.000000000000000000e+00,-2.428501371060841352e-01
0.000000000000000000e+00,-5.791961093830162444e-01
0.000000000000000000e+00,-1.380067042210892492e+00
0.000000000000000000e+00,-9.490298708270105132e-01
0.000000000000000000e+00,-1.408711940258696282e+00
0.000000000000000000e+00,-1.290965452251799039e+00
0.000000000000000000e+00,-9.781172214927777997e-01
0.000000000000000000e+00,-1.337275915522845970e+00
0.000000000000000000e+00,-1.295294050308916534e+00
0.000000000000000000e+00,-9.266177651978758645e-01
0.000000000000000000e+00,-1.110904562965351783e+00
0.000000000000000000e+00,-7.272774362392803171e-01
0.000000000000000000e+00,-1.001907395877575935e+00
0.000000000000000000e+00,1.533794051353324361e+00
0.000000000000000000e+00,-5.583404058474443765e-01
0.000000000000000000e+00,-8.635321356205380994e-01
0.000000000000000000e+00,-1.068606599797041090e+00
0.000000000000000000e+00,-1.523785118560494700e+00
0.000000000000000000e+00,-1.494429845297030157e+00
0.000000000000000000e+00,-1.357496465013719344e+00
0.000000000000000000e+00,-1.175084280248427815e+00
0.000000000000000000e+00,-1.578602758194700417e+00
0.000000000000000000e+00,-1.000888951933648130e+00
0.000000000000000000e+00,-7.072681821724584594e-01
0.000000000000000000e+00,-2.008642192586211461e+00
0.000000000000000000e+00,-1.272230309592007114e+00
0.000000000000000000e+00,-9.159803083694308956e-01
0.000000000000000000e+00,-1.103110297362942749e+00
0.000000000000000000e+00,-1.340246729185009089e+00
0.000000000000000000e+00,-1.638052838705809311e+00
0.000000000000000000e+00,-9.234310076123323219e-01
0.000000000000000000e+00,-1.308258292347015628e+00
0.000000000000000000e+00,-1.078966837029130765e+00
0.000000000000000000e+00,-1.491355919467930224e+00
0.000000000000000000e+00,-1.498531934659564691e+00
0.000000000000000000e+00,-1.229027579417908411e+00
0.000000000000000000e+00,-1.430466071937334771e+00
0.000000000000000000e+00,-1.685733341506405747e+00
0.000000000000000000e+00,-1.450005827571914319e+00
0.000000000000000000e+00,-2.743132935198856481e-01
0.000000000000000000e+00,-1.636306693321448291e+00
0.000000000000000000e+00,-9.979950498058397512e-01
0.000000000000000000e+00,-1.524946820801929448e+00
0.000000000000000000e+00,-1.386050506029180784e+00
0.000000000000000000e+00,-1.270321044140278577e+00
0.000000000000000000e+00,-9.817176955186140974e-01
0.000000000000000000e+00,-7.840990016751895331e-01
0.000000000000000000e+00,-1.459055187993188785e+00
0.000000000000000000e+00,-5.425549473074104956e-01
0.000000000000000000e+00,-1.249040214211515121e+00
0.000000000000000000e+00,-1.576482197318920253e+00
0.000000000000000000e+00,-7.163543079975178696e-01
0.000000000000000000e+00,-1.040946761016165345e+00
0.000000000000000000e+00,-9.657226319179211815e-01
0.000000000000000000e+00,-1.396963069499740806e+00
0.000000000000000000e+00,-1.225907168595517183e+00
0.000000000000000000e+00,-1.784774690803726527e+00
0.000000000000000000e+00,-1.138402549451404067e+00
0.000000000000000000e+00,-1.465034003312147837e+00
0.000000000000000000e+00,-1.494474217336080990e+00
0.000000000000000000e+00,-8.590514048581034956e-01
0.000000000000000000e+00,-1.139097711396533263e+00
0.000000000000000000e+00,-1.171089951552159558e+00
0.000000000000000000e+00,-1.407593764874615960e+00
0.000000000000000000e+00,-1.105975885903928146e+00
0.000000000000000000e+00,-1.179397242444165439e+00
0.000000000000000000e+00,-1.612493699030852712e+00
0.000000000000000000e+00,-6.698536788448244961e-01
0.000000000000000000e+00,-1.305342838085954194e+00
0.000000000000000000e+00,2.142592416284350154e-02
0.000000000000000000e+00,-1.473992506701080174e+00
0.000000000000000000e+00,-1.547656430388128612e+00
0.000000000000000000e+00,-1.611437221910595685e+00
0.000000000000000000e+00,-1.163970563534170832e+00
0.000000000000000000e+00,-8.851269505494417933e-01
0.000000000000000000e+00,-1.158285026263795148e+00
0.000000000000000000e+00,-6.440473235237277327e-01
0.000000000000000000e+00,-1.095196438550520623e+00
0.000000000000000000e+00,-9.662457993878725837e-01
0.000000000000000000e+00,-9.389620664618082424e-01
0.000000000000000000e+00,1.697675669815389699e-01
0.000000000000000000e+00,-1.729795198874697570e+00
0.000000000000000000e+00,-1.104186636253060572e+00
0.000000000000000000e+00,-1.017158276994759580e+00
0.000000000000000000e+00,-1.384083345631262008e+00
0.000000000000000000e+00,-1.479485342544720972e+00
0.000000000000000000e+00,-1.353019960159765889e+00
0.000000000000000000e+00,-1.489984189574988349e+00
0.000000000000000000e+00,-7.441155685819383914e-01
0.000000000000000000e+00,-1.271936608952575654e+00
0.000000000000000000e+00,-8.435380948242479082e-01
0.000000000000000000e+00,-1.573560826785985300e+00
0.000000000000000000e+00,-1.552407619293348917e+00
0.000000000000000000e+00,-1.086017765329726714e+00
0.000000000000000000e+00,-1.510877503696041346e+00
0.000000000000000000e+00,-1.520585260658660065e+00
0.000000000000000000e+00,-1.375475170055407093e+00
0.000000000000000000e+00,-1.025627420181588922e+00
0.000000000000000000e+00,-1.088256229052127599e+00
0.000000000000000000e+00,-8.730269067957129314e-01
0.000000000000000000e+00,-1.746900408633356605e+00
0.000000000000000000e+00,-8.747278349593268221e-01
0.000000000000000000e+00,-1.368087436848872906e+00
0.000000000000000000e+00,-4.218186290501855784e-01
0.000000000000000000e+00,-1.482867337102088179e+00
0.000000000000000000e+00,-1.498143151079309954e+00
0.000000000000000000e+00,-3.669705628749166393e-01
0.000000000000000000e+00,-1.167233810063221133e+00
0.000000000000000000e+00,-1.376781398366892839e+00
0.000000000000000000e+00,-1.200629051834548822e+00
0.000000000000000000e+00,-1.697857895529324646e+00
0.000000000000000000e+00,-1.298213307887611023e+00
0.000000000000000000e+00,-1.583484105081136351e+00
0.000000000000000000e+00,-1.594107616411593931e+00
0.000000000000000000e+00,-1.327387712268087494e+00
0.000000000000000000e+00,-1.030031662000516768e+00
0.000000000000000000e+00,-1.235747619084440085e+00
0.000000000000000000e+00,-1.541946805439410983e+00
0.000000000000000000e+00,-1.374913969409126357e+00
0.000000000000000000e+00,-1.363835327735262171e+00
0.000000000000000000e+00,-1.519701623195276907e+00
0.000000000000000000e+00,-1.011236511440294361e+00
0.000000000000000000e+00,-1.111090502938516966e+00
0.000000000000000000e+00,-1.410863350266387872e+00
0.000000000000000000e+00,-1.075648611303743479e-01
0.000000000000000000e+00,1.141799668220900288e-01
0.000000000000000000e+00,-1.092576797883131112e+00
0.000000000000000000e+00,-8.522891061067616736e-01
0.000000000000000000e+00,-1.368612294682216790e+00
0.000000000000000000e+00,-1.483814785783534873e+00
0.000000000000000000e+00,-5.354195008371938069e-01
0.000000000000000000e+00,-7.027316694180743006e-01
0.000000000000000000e+00,-1.204912432670919298e+00
0.000000000000000000e+00,-3.563584614973578368e-01
0.000000000000000000e+00,-1.474987708148362442e+00
0.000000000000000000e+00,-1.071807725471420225e+00
0.000000000000000000e+00,-1.082446450072409583e+00
0.000000000000000000e+00,-1.220206840645457813e+00
0.000000000000000000e+00,-1.401161889780407066e-01
0.000000000000000000e+00,-1.169591866995635110e+00
0.000000000000000000e+00,-1.854677936147423878e-01
0.000000000000000000e+00,-1.771852285259589488e+00
0.000000000000000000e+00,-2.488657178288282146e-01
0.000000000000000000e+00,-5.725753785657888839e-01
0.000000000000000000e+00,-7.960667744934623036e-01
0.000000000000000000e+00,-4.374096958000921465e-01
0.000000000000000000e+00,-4.955455187736012568e-01
0.000000000000000000e+00,-1.779417929213174876e+00
0.000000000000000000e+00,-6.493187217629626806e-01
0.000000000000000000e+00,-5.690019503542311785e-01
0.000000000000000000e+00,-1.140624532130728896e+00
0.000000000000000000e+00,-1.419185431838077216e+00
0.000000000000000000e+00,-6.381145706072117729e-01
0.000000000000000000e+00,-1.609842364049855368e+00
0.000000000000000000e+00,-8.104990971378708275e-01
0.000000000000000000e+00,-5.593402557940556630e-01
0.000000000000000000e+00,-1.505771338478414600e+00
0.000000000000000000e+00,-9.032882148375098730e-01
0.000000000000000000e+00,-1.499103277486199648e+00
0.000000000000000000e+00,-1.043025062807135139e+00
0.000000000000000000e+00,-1.108420151369355011e+00
0.000000000000000000e+00,-8.382193664100253683e-01
0.000000000000000000e+00,-1.742177955905807263e+00
0.000000000000000000e+00,-8.435972575429823150e-01
0.000000000000000000e+00,-8.954707067384553021e-01
0.000000000000000000e+00,-1.193984233338979628e+00
0.000000000000000000e+00,-1.374836635283923636e+00
0.000000000000000000e+00,-1.253279645599683079e+00
0.000000000000000000e+00,-5.708558564048583639e-01
0.000000000000000000e+00,-1.182396792283999520e+00
0.000000000000000000e+00,-1.201581571606172627e+00
0.000000000000000000e+00,-1.054267247139215158e+00
0.000000000000000000e+00,-1.535357346344943252e+00
0.000000000000000000e+00,-1.084236544904973121e+00
0.000000000000000000e+00,-1.578225807158192495e+00
0.000000000000000000e+00,-1.377628270426491053e+00
0.000000000000000000e+00,-1.318126211241065437e+00
0.000000000000000000e+00,-9.996790743355296049e-01
0.000000000000000000e+00,-1.145700270807292309e+00
0.000000000000000000e+00,-1.685688124285658729e+00
0.000000000000000000e+00,-1.552670893391717044e+00
0.000000000000000000e+00,-1.505716824259009323e+00
0.000000000000000000e+00,-1.172373782548696175e+00
0.000000000000000000e+00,-5.820963503735460121e-01
0.000000000000000000e+00,-1.199391283240455630e+00
0.000000000000000000e+00,-1.778069019226030445e+00
0.000000000000000000e+00,-1.507848372496840117e+00
0.000000000000000000e+00,-1.411146063543768703e+00
0.000000000000000000e+00,-1.065659873813219916e+00
0.000000000000000000e+00,-5.657010932396997482e-01
0.000000000000000000e+00,-1.555410549859967739e+00
0.000000000000000000e+00,-1.524347164388471620e+00
0.000000000000000000e+00,-8.717380047089992035e-01
0.000000000000000000e+00,-1.292085317999271510e+00
0.000000000000000000e+00,-1.169151949922760059e+00
0.000000000000000000e+00,-1.888066036260417579e+00
0.000000000000000000e+00,-9.248403480907553265e-01
0.000000000000000000e+00,-1.023192451714820317e+00
0.000000000000000000e+00,-1.363255533091664917e+00
0.000000000000000000e+00,3.855471025221834935e-01
0.000000000000000000e+00,-1.106699784026728306e+00
0.000000000000000000e+00,-1.130127375463854111e+00
0.000000000000000000e+00,-5.405886320911879039e-01
0.000000000000000000e+00,-1.857223243211631125e+00
1.000000000000000000e+00,1.375663936720022740e+00
1.000000000000000000e+00,4.787807857940267753e-01
1.000000000000000000e+00,4.272331541424410628e-01
1.000000000000000000e+00,6.033698648134053766e-01
1.000000000000000000e+00,3.650252457566128816e-01
1.000000000000000000e+00,3.519629626417538071e-01
1.000000000000000000e+00,-1.106064629982029812e+00
1.000000000000000000e+00,1.329827197789698934e+00
1.000000000000000000e+00,1.156793994307201867e+00
1.000000000000000000e+00,1.070529679302270942e+00
1.000000000000000000e+00,-4.996826407904444989e-02
1.000000000000000000e+00,3.488273385488306344e-01
1.000000000000000000e+00,-5.611920488904423854e-01
1.000000000000000000e+00,-1.775036041053124070e-02
1.000000000000000000e+00,1.102856611409594567e+00
1.000000000000000000e+00,4.902127134169050882e-01
1.000000000000000000e+00,2.276206766776672774e-01
1.000000000000000000e+00,-1.002239974875032802e+00
1.000000000000000000e+00,2.468798319891065962e-01
1.000000000000000000e+00,4.196180670596277307e-01
1.000000000000000000e+00,-5.870575245441898848e-02
1.000000000000000000e+00,-7.539766836363347158e-02
1.000000000000000000e+00,-4.158588303193910818e-01
1.000000000000000000e+00,7.409451605949844977e-01
1.000000000000000000e+00,2.732571075459903076e-01
1.000000000000000000e+00,-9.233849452098890076e-01
1.000000000000000000e+00,1.041295267021363768e+00
1.000000000000000000e+00,4.139523915591127867e-01
1.000000000000000000e+00,-8.395598245802076143e-01
1.000000000000000000e+00,-6.031582358569084756e-02
1.000000000000000000e+00,8.774377786237240739e-01
1.000000000000000000e+00,3.337581714963310797e-01
1.000000000000000000e+00,-5.422147616746876286e-01
1.000000000000000000e+00,-3.295602854557637129e-01
1.000000000000000000e+00,5.764554762885828465e-01
1.000000000000000000e+00,5.183644479449726061e-01
1.000000000000000000e+00,1.272888574688865182e+00
1.000000000000000000e+00,4.599188658798041285e-01
1.000000000000000000e+00,1.603284890415357156e+00
1.000000000000000000e+00,1.363404576216558972e+00
1.000000000000000000e+00,2.444434224748460505e+00
1.000000000000000000e+00,7.754894268823038228e-01
1.000000000000000000e+00,-6.943947971667012720e-01
1.000000000000000000e+00,1.453255842340187121e+00
1.000000000000000000e+00,1.716245959658337705e+00
1.000000000000000000e+00,-3.736859540421190173e-01
1.000000000000000000e+00,-4.100088628230196680e-02
1.000000000000000000e+00,-9.208366800097451954e-02
1.000000000000000000e+00,1.176812122781834002e+00
1.000000000000000000e+00,1.398599632409956772e+00
1.000000000000000000e+00,4.949626345495811153e-01
1.000000000000000000e+00,9.078879847746230691e-01
1.000000000000000000e+00,1.050554655094145362e+00
1.000000000000000000e+00,2.897931298183385046e-02
1.000000000000000000e+00,-1.088605246706576823e-01
1.000000000000000000e+00,-2.251892203821698191e-01
1.000000000000000000e+00,1.643325373273102130e+00
1.000000000000000000e+00,1.182037881209473840e+00
1.000000000000000000e+00,2.572958512131456321e-01
1.000000000000000000e+00,7.377520641467193441e-01
1.000000000000000000e+00,4.482207060226210404e-01
1.000000000000000000e+00,-2.690816188203723480e-01
1.000000000000000000e+00,9.774324928743648444e-01
1.000000000000000000e+00,5.355938994129739728e-01
1.000000000000000000e+00,3.831159373730478324e-01
1.000000000000000000e+00,1.551053084180692876e+00
1.000000000000000000e+00,-2.626709156546521151e-01
1.000000000000000000e+00,9.608766512182395081e-01
1.000000000000000000e+00,5.660424152004805975e-01
1.000000000000000000e+00,7.320758238750018077e-01
1.000000000000000000e+00,1.385169695257248090e+00
1.000000000000000000e+00,9.252797111282958786e-01
1.000000000000000000e+00,-7.192727203945160630e-01
1.000000000000000000e+00,1.721201302329275484e-01
1.000000000000000000e+00,-5.204863516818258222e-04
1.000000000000000000e+00,2.303823078700194260e-01
1.000000000000000000e+00,-2.649267056018251298e-01
1.000000000000000000e+00,6.659433142828424801e-01
1.000000000000000000e+00,-6.574865152890109476e-02
1.000000000000000000e+00,3.977050412221024844e-01
1.000000000000000000e+00,1.138810218175337008e+00
1.000000000000000000e+00,1.140875419650015710e+00
1.000000000000000000e+00,1.564487712218814441e-01
1.000000000000000000e+00,1.995543012623081092e+00
1.000000000000000000e+00,9.586521329938261227e-01
1.000000000000000000e+00,6.659927574120705351e-01
1.000000000000000000e+00,-4.064642131752166376e-01
1.000000000000000000e+00,5.771903617734337466e-01
1.000000000000000000e+00,9.701474492439198238e-01
1.000000000000000000e+00,-1.317987559056804092e-01
1.000000000000000000e+00,2.723409305873033537e-01
1.000000000000000000e+00,-8.343467438780108880e-01
1.000000000000000000e+00,6.205857933742673360e-01
1.000000000000000000e+00,6.013253702902837672e-01
1.000000000000000000e+00,1.319535842865850128e+00
1.000000000000000000e+00,1.926567776781817620e-01
1.000000000000000000e+00,1.626289891004380150e+00
1.000000000000000000e+00,-8.120035205571169978e-01
1.000000000000000000e+00,1.223833806450238093e+00
1.000000000000000000e+00,-4.638376822587482184e-01
1.000000000000000000e+00,2.398474976858270546e-01
1.000000000000000000e+00,1.779899128744677705e+00
1.000000000000000000e+00,1.096424356110621279e+00
1.000000000000000000e+00,6.823926630452459285e-01
1.000000000000000000e+00,1.748991300361355319e-02
1.000000000000000000e+00,8.176606127961835169e-01
1.000000000000000000e+00,1.612790648952582728e+00
1.000000000000000000e+00,8.432937058695580967e-01
1.000000000000000000e+00,1.461230131643887820e+00
1.000000000000000000e+00,6.245919546142824075e-01
1.000000000000000000e+00,-9.275051635928081850e-02
1.000000000000000000e+00,1.492163781725016403e+00
1.000000000000000000e+00,3.037605601437502467e-01
1.000000000000000000e+00,1.131558559221892191e+00
1.000000000000000000e+00,-2.653801455818395327e-01
1.000000000000000000e+00,-5.320239833726874146e-01
1.000000000000000000e+00,-8.008208791485356415e-02
1.000000000000000000e+00,2.323215772719633976e-01
1.000000000000000000e+00,1.024735199456757506e+00
1.000000000000000000e+00,6.818116006291045084e-01
1.000000000000000000e+00,5.819698642654770326e-01
1.000000000000000000e+00,1.031947557461328824e+00
1.000000000000000000e+00,4.167791017420727773e-01
1.000000000000000000e+00,7.566934311403853419e-01
1.000000000000000000e+00,3.622074099814630577e-01
1.000000000000000000e+00,6.437175712177212183e-01
1.000000000000000000e+00,1.129911300095987281e+00
1.000000000000000000e+00,9.822563674054589633e-01
1.000000000000000000e+00,-3.789729881427337799e-01
1.000000000000000000e+00,5.851511281699952605e-01
1.000000000000000000e+00,7.001427464381099197e-01
1.000000000000000000e+00,-5.093291644661719353e-01
1.000000000000000000e+00,-1.820667824692106529e-01
1.000000000000000000e+00,2.176610513309709560e+00
1.000000000000000000e+00,2.376749581357303076e-01
1.000000000000000000e+00,1.240360955584764689e-02
1.000000000000000000e+00,4.829352764217259009e-01
1.000000000000000000e+00,1.057583186079791959e+00
1.000000000000000000e+00,5.249644718106429853e-01
1.000000000000000000e+00,9.217726296798903762e-01
1.000000000000000000e+00,-3.636219529945496354e-01
1.000000000000000000e+00,-7.157073214090723390e-01
1.000000000000000000e+00,-5.889837360159263513e-01
1.000000000000000000e+00,6.801956132259592280e-01
1.000000000000000000e+00,6.720358065399413272e-01
1.000000000000000000e+00,1.352491590155150858e+00
1.000000000000000000e+00,1.103068752015342380e+00
1.000000000000000000e+00,-3.428600646272565999e-01
1.000000000000000000e+00,4.043012617701399192e-01
1.000000000000000000e+00,5.648853614583749794e-01
1.000000000000000000e+00,9.744477337142144480e-01
1.000000000000000000e+00,6.094729218417066496e-01
1.000000000000000000e+00,7.702856431787653557e-01
1.000000000000000000e+00,4.639343241184774036e-01
1.000000000000000000e+00,1.541913711908772688e+00
1.000000000000000000e+00,5.491700529991261348e-01
1.000000000000000000e+00,-5.089627358147830877e-02
1.000000000000000000e+00,1.280874273945464603e+00
1.000000000000000000e+00,2.395550648189399001e-01
1.000000000000000000e+00,6.679721729445842193e-01
1.000000000000000000e+00,-7.325851772914521165e-01
1.000000000000000000e+00,1.318830116149518394e+00
1.000000000000000000e+00,1.183367352017605345e+00
1.000000000000000000e+00,2.760166257841019100e-01
1.000000000000000000e+00,9.103973716167415575e-02
1.000000000000000000e+00,4.875740561613508550e-01
1.000000000000000000e+00,7.865866625534847500e-01
1.000000000000000000e+00,-2.187104800899050128e-01
1.000000000000000000e+00,1.085692238932201237e+00
1.000000000000000000e+00,6.895614941924627095e-01
1.000000000000000000e+00,1.073677135938940985e+00
1.000000000000000000e+00,2.138394777734072605e+00
1.000000000000000000e+00,9.129649912237307596e-01
1.000000000000000000e+00,6.011284429550678432e-01
1.000000000000000000e+00,9.827858737381317544e-01
1.000000000000000000e+00,1.519676178685988033e-01
1.000000000000000000e+00,-1.849657556871961983e-01
1.000000000000000000e+00,-4.175301771236378801e-01
1.000000000000000000e+00,1.470806040261898318e+00
1.000000000000000000e+00,3.424166353831104015e-01
1.000000000000000000e+00,-4.056866460147073861e-01
1.000000000000000000e+00,-1.239250432238280936e-01
1.000000000000000000e+00,1.072046357856112131e+00
1.000000000000000000e+00,6.796183541274507522e-01
1.000000000000000000e+00,-3.927245169308486439e-01
1.000000000000000000e+00,-3.927245169308486439e-01
1.000000000000000000e+00,1.216526407890927280e-01
1.000000000000000000e+00,-4.058692052610878287e-01
1.000000000000000000e+00,1.100100473898267817e+00
1.000000000000000000e+00,6.742637054911394534e-01
1.000000000000000000e+00,8.907502355206601274e-01
1.000000000000000000e+00,1.894564971854988678e-01
1.000000000000000000e+00,1.548111429287049035e+00
1.000000000000000000e+00,5.296438202716858834e-01
1.000000000000000000e+00,8.030926384895339387e-01
1.000000000000000000e+00,1.091540051088248475e+00
1.000000000000000000e+00,1.729222076626267535e-01
1.000000000000000000e+00,1.021874259415101127e+00
1.000000000000000000e+00,2.001531591187618794e-02
1.000000000000000000e+00,-2.077467831267246767e-01
1.000000000000000000e+00,6.159161645027309007e-01
1.000000000000000000e+00,1.233870339092680846e+00
1.000000000000000000e+00,1.196325677783831143e+00
1.000000000000000000e+00,-1.010071005881226780e+00
1.000000000000000000e+00,5.399956056868132626e-01
1.000000000000000000e+00,-1.454619632065417556e-01
1.000000000000000000e+00,-4.934359452598718332e-01
1.000000000000000000e+00,8.424582437628588272e-01
1.000000000000000000e+00,1.073505141463763080e+00
1.000000000000000000e+00,3.183868519874379910e-01
1.000000000000000000e+00,2.668742953762448522e-01
1.000000000000000000e+00,9.761828917365247271e-01
1.000000000000000000e+00,3.389099765255529362e-01
1.000000000000000000e+00,-4.541062178225521023e-02
1.000000000000000000e+00,8.967519131315004888e-02
1.000000000000000000e+00,-4.761705735697818187e-01
1.000000000000000000e+00,-1.103167727332201031e-01
1.000000000000000000e+00,4.053302704852703164e-01
1.000000000000000000e+00,5.591546069672521657e-01
1.000000000000000000e+00,4.750091624747088126e-01
1.000000000000000000e+00,1.712642104905716556e+00
1.000000000000000000e+00,5.531263909051487015e-02
1.000000000000000000e+00,2.761463611744695013e-01
1.000000000000000000e+00,8.087574688083526420e-01
1.000000000000000000e+00,6.801956132259592280e-01
1.000000000000000000e+00,1.226141997662576033e+00
1.000000000000000000e+00,4.624539883775731219e-01
1.000000000000000000e+00,8.986138060221579016e-01
1.000000000000000000e+00,-7.594720974111478506e-01
1.000000000000000000e+00,1.787073030982071709e+00
1.000000000000000000e+00,1.137962078343194738e+00
1.000000000000000000e+00,-3.530584495645227028e-01
1.000000000000000000e+00,-4.996826407904444989e-02
1.000000000000000000e+00,9.655902295379786837e-01
1.000000000000000000e+00,-1.888024579971220029e-01
1.000000000000000000e+00,-1.759261148554281395e-01
1.000000000000000000e+00,-5.647342053792404615e-01
1.000000000000000000e+00,4.197456894957547480e-01
1.000000000000000000e+00,1.557121066168601686e+00
1.000000000000000000e+00,4.780632265339481157e-01
1.000000000000000000e+00,9.195261367313756207e-01
1.000000000000000000e+00,4.096161868667294592e-01
1.000000000000000000e+00,8.408177460905235101e-01
1.000000000000000000e+00,-4.209235816339037539e-01
1.000000000000000000e+00,2.485727309266066165e-01
1.000000000000000000e+00,9.000987902623913683e-01
1.000000000000000000e+00,2.014690646336705082e-01
1.000000000000000000e+00,8.171970306358147251e-01
1.000000000000000000e+00,5.598489237306851773e-01
1.000000000000000000e+00,2.466812142904982463e-01
1.000000000000000000e+00,1.067607886178487897e+00
1.000000000000000000e+00,-2.269818507598221069e-01
1.000000000000000000e+00,-3.115308695123036875e-01
1.000000000000000000e+00,8.302470586160788368e-01
1.000000000000000000e+00,5.735734067045213935e-01
1.000000000000000000e+00,-1.064887800333736090e+00
1.000000000000000000e+00,1.954977671931992234e+00
1.000000000000000000e+00,1.786909910914703969e+00
1.000000000000000000e+00,9.358423693766266815e-01
1.000000000000000000e+00,-1.713397363809679164e-01
1.000000000000000000e+00,4.318339007057367951e-01
1.000000000000000000e+00,4.349809347515587454e-01
1.000000000000000000e+00,1.067169659469005216e+00
1.000000000000000000e+00,5.111199730359454740e-01
1.000000000000000000e+00,6.517172159723081393e-01
1.000000000000000000e+00,7.550149002917208030e-01
1.000000000000000000e+00,1.175138240432498593e+00
1.000000000000000000e+00,5.520090183166811437e-01
1.000000000000000000e+00,6.424240206316783608e-01
1.000000000000000000e+00,1.285285699808810245e+00
1.000000000000000000e+00,-5.518726105311465291e-02
1.000000000000000000e+00,7.858361412072540908e-01
1.000000000000000000e+00,8.652730784702354905e-01
1.000000000000000000e+00,4.881669511212392010e-01
1.000000000000000000e+00,-1.089843437891518108e-01
1.000000000000000000e+00,-3.639380085628469291e-02
1.000000000000000000e+00,9.506643207829860165e-01
1.000000000000000000e+00,-1.149954492875143730e+00
1.000000000000000000e+00,2.329045793673977016e+00
1.000000000000000000e+00,1.617033461067535205e+00
1.000000000000000000e+00,2.697301643277238981e-01
1.000000000000000000e+00,-1.132794768897079418e+00
1.000000000000000000e+00,7.120864315780408571e-01
1.000000000000000000e+00,7.312281066337075197e-01
1.000000000000000000e+00,1.312687758172343511e+00
1.000000000000000000e+00,-7.309472151642054660e-01
1.000000000000000000e+00,4.669528905464760959e-01
1.000000000000000000e+00,1.503490061635869068e+00
1.000000000000000000e+00,4.413312074260002937e-01
1.000000000000000000e+00,1.279865972181891243e+00
1.000000000000000000e+00,1.972423067323374246e+00
1.000000000000000000e+00,4.351757491325341509e-01
1.000000000000000000e+00,-1.922351634562614320e-01
1.000000000000000000e+00,7.720520729238352642e-01
1.000000000000000000e+00,1.094568337105753519e+00
1.000000000000000000e+00,2.179441914378082157e-01
1.000000000000000000e+00,6.203018123243422277e-01
1.000000000000000000e+00,5.660102982960247830e-01
1.000000000000000000e+00,1.367131404905977954e+00
1.000000000000000000e+00,1.080359142429143215e+00
1.000000000000000000e+00,-8.064827937175013117e-01
1.000000000000000000e+00,4.572675308988068399e-01
1.000000000000000000e+00,-1.225553037464806927e+00
1.000000000000000000e+00,4.048848597313699504e-01
1.000000000000000000e+00,-1.799407279124052295e-01
1.000000000000000000e+00,1.305726884108477093e-01
1.000000000000000000e+00,3.581750481088656901e-01
1.000000000000000000e+00,1.564386290415269720e-01
1.000000000000000000e+00,3.122089963790224409e-01
1.000000000000000000e+00,5.242465323457998899e-02
1.000000000000000000e+00,1.350201992940129658e+00
1.000000000000000000e+00,4.587491344122554549e-01
1.000000000000000000e+00,1.519120851925497284e+00
1.000000000000000000e+00,6.838506014712008030e-01
1.000000000000000000e+00,3.085540081337808660e-01
1.000000000000000000e+00,1.131407271698271266e+00
1.000000000000000000e+00,9.760215044186330846e-02
1.000000000000000000e+00,9.050874752242454857e-01
1.000000000000000000e+00,-1.215618771807605025e+00
1.000000000000000000e+00,-2.924271852468825900e-02
1.000000000000000000e+00,1.489207378537772686e-01
1.000000000000000000e+00,1.258650263629819410e-01
1.000000000000000000e+00,1.011627276530303154e+00
1.000000000000000000e+00,-8.677398726950981134e-01
1.000000000000000000e+00,-3.146934970334217679e-02
1.000000000000000000e+00,3.197877406488989771e-01
1.000000000000000000e+00,4.121394768207515824e-01
1.000000000000000000e+00,1.686785927520615888e-02
1.000000000000000000e+00,-3.701256261468525155e-01
1.000000000000000000e+00,1.287441378111066626e-01
1.000000000000000000e+00,5.571756140255865741e-01
1.000000000000000000e+00,1.569890916416573745e+00
1.000000000000000000e+00,-1.359638113045820995e-01
1.000000000000000000e+00,-1.159177918339752839e-01
1.000000000000000000e+00,1.686785927520615888e-02
1.000000000000000000e+00,4.567523926549694746e-01
1.000000000000000000e+00,-3.751147336995547810e-01
1.000000000000000000e+00,1.680952017206483795e+00
1.000000000000000000e+00,-6.869669178295975120e-01
1.000000000000000000e+00,1.299918330515219544e+00
1.000000000000000000e+00,1.345852687931455183e+00
1.000000000000000000e+00,1.006645775612866833e+00
1.000000000000000000e+00,-2.921905767580286195e-01
1.000000000000000000e+00,1.240360955584764689e-02
1.000000000000000000e+00,1.909364103355550568e-01
1.000000000000000000e+00,8.978603265399905942e-01
1.000000000000000000e+00,-9.055465403297715543e-01
1.000000000000000000e+00,-5.484167049614451228e-01
1.000000000000000000e+00,-5.418961281752181502e-01
1.000000000000000000e+00,4.014331376840658550e-01
1.000000000000000000e+00,-1.175762115968784771e+00
1.000000000000000000e+00,7.008167788408340426e-01
1.000000000000000000e+00,7.952671011643653864e-01
1.000000000000000000e+00,2.572704957622594657e-01
1.000000000000000000e+00,1.058152035747422087e-01
1.000000000000000000e+00,4.550751295788492690e-01
1.000000000000000000e+00,-5.032975252911999764e-01
1.000000000000000000e+00,1.208134133852369230e+00
1.000000000000000000e+00,-3.754654841034801294e-01
1.000000000000000000e+00,1.001796123040038511e+00
1.000000000000000000e+00,4.052474426790421691e-01
1.000000000000000000e+00,1.579359486959166281e+00
1.000000000000000000e+00,4.576698373862007618e-01
1.000000000000000000e+00,1.981575539911585748e+00
1.000000000000000000e+00,6.138002521262798661e-01
1.000000000000000000e+00,1.631092255788304524e-01
1.000000000000000000e+00,6.731869440101734270e-01
1.000000000000000000e+00,1.439324289850780314e+00
1.000000000000000000e+00,4.599188658798041285e-01
1.000000000000000000e+00,3.780165336089907346e-01
1.000000000000000000e+00,1.020909104304117826e-01
1.000000000000000000e+00,-9.159803083694308956e-01
1.000000000000000000e+00,-8.274323124213520675e-01
1.000000000000000000e+00,6.788302221957388527e-01
1.000000000000000000e+00,-2.560911761496907357e-01
1.000000000000000000e+00,3.876845670318876946e-01
1.000000000000000000e+00,5.617556960234088709e-02
1.000000000000000000e+00,1.073213131187723990e+00
1.000000000000000000e+00,1.561928037065771768e+00
1.000000000000000000e+00,8.390749814329473422e-01
1.000000000000000000e+00,1.445765842148412084e+00
1.000000000000000000e+00,2.060676982427257220e-01
1.000000000000000000e+00,8.878445008491049339e-01
1.000000000000000000e+00,6.522467223049810414e-01
1.000000000000000000e+00,1.031947557461328824e+00
1.000000000000000000e+00,-4.792056210408564554e-01
1.000000000000000000e+00,1.738887532117992185e+00
1.000000000000000000e+00,-7.276446240302094845e-03
1.000000000000000000e+00,1.867295142040828138e+00
1.000000000000000000e+00,-4.232021914868743240e-01
1.000000000000000000e+00,5.863064915487083972e-01
1.000000000000000000e+00,-3.501260916695370096e-01
1.000000000000000000e+00,1.992996480172413376e+00
1.000000000000000000e+00,1.024892403252251727e+00
1.000000000000000000e+00,-1.049560852863893778e+00
1.000000000000000000e+00,1.442719807315286706e+00
1.000000000000000000e+00,1.474949966118394906e+00
1.000000000000000000e+00,7.998919354060030074e-01
1.000000000000000000e+00,1.082210935525529827e+00
1.000000000000000000e+00,-4.934359452598718332e-01
1.000000000000000000e+00,5.096138592533069334e-01
1.000000000000000000e+00,8.743858275187252893e-01
1.000000000000000000e+00,6.580649531016610210e-01
1.000000000000000000e+00,-1.291216893806420130e+00
1.000000000000000000e+00,6.285503630884617943e-01
1.000000000000000000e+00,-3.674151284471208201e-01
1.000000000000000000e+00,-7.997830384116787483e-01
1.000000000000000000e+00,3.145324008618919365e-01
1.000000000000000000e+00,5.253198707138975188e-01
1.000000000000000000e+00,6.203018123243422277e-01
1.000000000000000000e+00,9.377068401984564039e-01
1.000000000000000000e+00,2.362043843704160484e-02
1.000000000000000000e+00,1.325377316159175978e+00
1.000000000000000000e+00,1.723339612020675926e-01
1.000000000000000000e+00,1.644788382789234227e+00
1.000000000000000000e+00,7.817720850210490013e-01
1.000000000000000000e+00,2.874189720476130194e-01
1.000000000000000000e+00,1.183025053430642126e+00
1.000000000000000000e+00,9.260517846077798154e-01
1.000000000000000000e+00,1.437696892494736201e+00
1.000000000000000000e+00,1.297774104551945751e+00
1.000000000000000000e+00,9.991540850576995370e-01
1.000000000000000000e+00,3.101928154427237572e-01
1.000000000000000000e+00,-1.473427502737166606e+00
1.000000000000000000e+00,-7.843204392795954938e-01
1.000000000000000000e+00,3.102752206581038119e-01
1.000000000000000000e+00,8.087574688083526420e-01
1.000000000000000000e+00,9.534838469215282108e-01
1.000000000000000000e+00,9.331910343956293374e-01
1.000000000000000000e+00,1.830137573948840579e+00
1.000000000000000000e+00,1.342931739989368323e+00
1.000000000000000000e+00,1.807423315863312396e+00
1.000000000000000000e+00,-7.397979578868715267e-01
1.000000000000000000e+00,6.397862085578203128e-01
1.000000000000000000e+00,2.059788654078461345e+00
1.000000000000000000e+00,1.008754081354051868e+00
1.000000000000000000e+00,1.495031483220242485e+00
1.000000000000000000e+00,1.127197421669470678e+00
1.000000000000000000e+00,3.810735558041667415e-01
1.000000000000000000e+00,2.161574730934209931e+00
1.000000000000000000e+00,2.915079610938561827e-01
1.000000000000000000e+00,8.691127389160979710e-01
1.000000000000000000e+00,7.866221601847254163e-01
1.000000000000000000e+00,6.309236332914073264e-01
1.000000000000000000e+00,4.217783514751294871e-01
1.000000000000000000e+00,5.035336221308031046e-01
1.000000000000000000e+00,-1.138149373877318273e-02
1.000000000000000000e+00,2.668742953762448522e-01
1.000000000000000000e+00,-2.004908982647987392e-01
1.000000000000000000e+00,-1.273453710097264935e+00
1.000000000000000000e+00,1.071245548198957120e+00
1.000000000000000000e+00,8.691127389160979710e-01
1.000000000000000000e+00,6.379251184627754423e-01
1.000000000000000000e+00,5.250756132036940027e-01
1.000000000000000000e+00,-6.306300640964622728e-01
1.000000000000000000e+00,1.279853717047296335e+00
1.000000000000000000e+00,6.866223748439073127e-01
1.000000000000000000e+00,1.436125277130641864e+00
1.000000000000000000e+00,-3.059129467776244282e-01
1.000000000000000000e+00,3.950942749625230843e-01
1.000000000000000000e+00,-9.387883816232379663e-01
1.000000000000000000e+00,4.945789220595037117e-01
1.000000000000000000e+00,5.811272181143598559e-01
1.000000000000000000e+00,2.154424536170393423e-01
1.000000000000000000e+00,1.394188629137459223e+00
1.000000000000000000e+00,-4.064642131752166376e-01
1.000000000000000000e+00,-8.655829266202974548e-02
1.000000000000000000e+00,1.723432582007258518e-01
1.000000000000000000e+00,1.052796076952482895e+00
1.000000000000000000e+00,-1.169910077904256385e+00
1.000000000000000000e+00,3.543438394799652280e-01
1.000000000000000000e+00,3.602922282578609470e-01
1.000000000000000000e+00,-1.180510304351984757e-01
1.000000000000000000e+00,3.637878997533677272e-01
1.000000000000000000e+00,1.120845036040788667e+00
1.000000000000000000e+00,1.324844894076649959e-01
1.000000000000000000e+00,-4.059266352303460973e-02
1.000000000000000000e+00,8.720793266697799417e-01
1.000000000000000000e+00,1.035330397200391994e+00
1.000000000000000000e+00,7.313810845207208144e-01
1.000000000000000000e+00,9.243369109461784250e-01
1.000000000000000000e+00,9.297900656361812732e-02
1.000000000000000000e+00,1.230083122298066822e-01
1.000000000000000000e+00,-2.108583195413059608e-01
1.000000000000000000e+00,-6.731866528638116298e-01
1.000000000000000000e+00,1.788915527079800061e+00
1.000000000000000000e+00,1.199026033303208338e+00
1.000000000000000000e+00,3.937842857194879392e-02
1.000000000000000000e+00,-3.347226552561881063e-01
1.000000000000000000e+00,1.630980649418321660e+00
1.000000000000000000e+00,1.967926743085643415e-01
1.000000000000000000e+00,1.576720407112763844e+00
1.000000000000000000e+00,5.869420681842550946e-01
1.000000000000000000e+00,1.340972186226715435e+00
1.000000000000000000e+00,1.237784375527809511e+00
1.000000000000000000e+00,9.198616738647692470e-01
1.000000000000000000e+00,-6.079335124404706969e-02
1.000000000000000000e+00,-4.916982516924729429e-01
1.000000000000000000e+00,1.131558559221892191e+00
1.000000000000000000e+00,-1.496236378786586219e-01
1.000000000000000000e+00,-1.072791939556651863e+00
1.000000000000000000e+00,1.413692041959101919e+00
1.000000000000000000e+00,1.912306138453958804e+00
1.000000000000000000e+00,-5.412655802437649905e-02
1.000000000000000000e+00,2.264801039786376868e-01
1.000000000000000000e+00,3.891146144618677916e-01
1.000000000000000000e+00,1.319185092461924835e+00
1.000000000000000000e+00,1.568800632028468423e+00
1.000000000000000000e+00,1.167444974042786132e+00
1.000000000000000000e+00,1.788177725845096211e-01
1.000000000000000000e+00,1.003056711539929369e+00
1.000000000000000000e+00,1.533277645336942774e+00
1.000000000000000000e+00,7.042101833510998610e-01
1.000000000000000000e+00,3.116862514999191869e-01
1.000000000000000000e+00,7.346823642261002263e-01
1.000000000000000000e+00,8.158865764158477196e-01
1.000000000000000000e+00,6.681729472535053588e-03
1.000000000000000000e+00,-8.704300436480372216e-02
1.000000000000000000e+00,1.359182893644011569e+00
1.000000000000000000e+00,-4.617086695660060358e-01
1.000000000000000000e+00,1.437914949372357309e+00
1.000000000000000000e+00,1.353518485916040959e+00
1.000000000000000000e+00,1.407501508625243369e+00
1.000000000000000000e+00,7.909511808326910032e-01
1.000000000000000000e+00,1.277227357312420708e-01
1.000000000000000000e+00,3.546286657115865770e-01
1.000000000000000000e+00,-3.168411461095640980e-01
1.000000000000000000e+00,3.997630586523633900e-01
1.000000000000000000e+00,1.075668426401285294e-01
1.000000000000000000e+00,3.383006005225886459e-01
1.000000000000000000e+00,3.276470852419157698e-01
1.000000000000000000e+00,-7.575898353876141245e-02
1.000000000000000000e+00,1.135333985858842931e+00
1.000000000000000000e+00,6.116217963043096839e-01
1.000000000000000000e+00,3.929500489992492351e-01
1.000000000000000000e+00,2.892124476069615202e-01
1.000000000000000000e+00,1.110147613697996805e-01
1.000000000000000000e+00,1.498674638921737134e+00
1.000000000000000000e+00,-2.650141819073824623e-01
1.000000000000000000e+00,9.517351659920786355e-01
1.000000000000000000e+00,7.167864869906407366e-01
1.000000000000000000e+00,9.161280837217805617e-01
1.000000000000000000e+00,7.986076818186184090e-01
1.000000000000000000e+00,1.430099976818391294e+00
1.000000000000000000e+00,-1.630358262157468874e-01
1.000000000000000000e+00,6.552251426024099379e-01
1.000000000000000000e+00,1.020270104555702773e+00
1.000000000000000000e+00,3.111144860824360814e-01
1.000000000000000000e+00,1.209623766591931604e+00
1.000000000000000000e+00,2.394033547044709664e-01
1.000000000000000000e+00,1.279015719395508288e+00
1.000000000000000000e+00,4.361532441502797425e-02
1.000000000000000000e+00,1.171336190572117353e+00
1.000000000000000000e+00,9.845134251251762558e-01
1.000000000000000000e+00,7.019510126771421055e-01
1.000000000000000000e+00,5.055629033833930475e-01
1.000000000000000000e+00,7.381509899073284142e-01
1.000000000000000000e+00,-1.317987559056804092e-01
1.000000000000000000e+00,1.356928794060230814e+00
1.000000000000000000e+00,1.758890447322092543e+00
1.000000000000000000e+00,-3.339869245896410765e-01
1.000000000000000000e+00,-9.229327306163354061e-02
1.000000000000000000e+00,4.163117162640709856e-01
1.000000000000000000e+00,-5.525230202324604711e-01
1.000000000000000000e+00,4.648222311464137065e-03
1.000000000000000000e+00,7.640727125299572320e-01
1.000000000000000000e+00,8.132166474375339682e-01
1.000000000000000000e+00,6.111818792314346327e-01
1.000000000000000000e+00,8.073206599248029525e-01
1.000000000000000000e+00,2.193209924209273132e-01
1.000000000000000000e+00,1.342539575682328845e+00
1.000000000000000000e+00,6.040460101703698514e-01
1.000000000000000000e+00,1.149047904061476721e+00
1.000000000000000000e+00,1.125809633324301062e+00
1.000000000000000000e+00,9.902399537078179215e-01
1.000000000000000000e+00,-3.261913912146877648e-01
1.000000000000000000e+00,-1.381206347137377888e+00
1.000000000000000000e+00,1.710255311795631616e+00
1.000000000000000000e+00,3.628924297462378101e-01
1.000000000000000000e+00,1.315363603422530669e+00
1.000000000000000000e+00,1.188416467470738258e+00
1.000000000000000000e+00,1.267415178024237088e+00
1.000000000000000000e+00,1.448265889605788503e+00
1.000000000000000000e+00,-4.834759015609357835e-01
1.000000000000000000e+00,1.341386325257856171e+00
1.000000000000000000e+00,8.976769221119139663e-01
1.000000000000000000e+00,8.445162611931196217e-01
1.000000000000000000e+00,1.287931541108782385e+00
1.000000000000000000e+00,-2.082213526491441813e-01
1.000000000000000000e+00,-1.483469909265399123e-01
1.000000000000000000e+00,2.082280629377887493e+00
1.000000000000000000e+00,-1.214845810760341316e-01
1.000000000000000000e+00,7.785160225364164965e-01
1.000000000000000000e+00,2.667890123044893258e+00
1.000000000000000000e+00,1.556563246249105914e+00
1.000000000000000000e+00,7.760303855539592288e-02
1.000000000000000000e+00,1.202876723497205286e-01
1.000000000000000000e+00,6.233863453107286318e-02
1.000000000000000000e+00,-2.294991820558871243e-02
1.000000000000000000e+00,1.809777146887245447e+00
1.000000000000000000e+00,1.109830670561919724e-01
1.000000000000000000e+00,-2.656349254771618595e-02
1.000000000000000000e+00,5.699796941322547994e-01
1.000000000000000000e+00,4.458220803687892864e-01
1.000000000000000000e+00,1.742030805232265001e-01
1.000000000000000000e+00,6.417875988144354782e-01
1.000000000000000000e+00,8.052047475483520289e-01
1.000000000000000000e+00,1.270981464577460585e-01
1.000000000000000000e+00,-3.560939196264454876e-01
1.000000000000000000e+00,7.094710168191322719e-01
1.000000000000000000e+00,2.746956067929324230e-01
1.000000000000000000e+00,-5.752841859021281534e-01
1.000000000000000000e+00,-4.738573112672667675e-01
1.000000000000000000e+00,-2.557624004698667575e-01
1.000000000000000000e+00,1.425306528828360619e+00
1.000000000000000000e+00,2.055014265062679035e-01
1.000000000000000000e+00,9.885580421323686418e-01
1.000000000000000000e+00,1.237784375527809511e+00
1.000000000000000000e+00,9.229791265512239384e-01
1.000000000000000000e+00,-1.201968664823034993e+00
1.000000000000000000e+00,1.078117720570805682e+00
1.000000000000000000e+00,8.932921194719987135e-01
1.000000000000000000e+00,1.130544341186445312e+00
1.000000000000000000e+00,-4.204642253820159437e-01
1.000000000000000000e+00,2.396873357543960747e-01
1.000000000000000000e+00,1.552682171900129360e+00
1.000000000000000000e+00,5.848155910366015231e-01
1.000000000000000000e+00,3.138997823622819427e-01
1.000000000000000000e+00,-6.172833773408299418e-01
1.000000000000000000e+00,4.691216267789399263e-01
1.000000000000000000e+00,1.277355782544160379e+00
1.000000000000000000e+00,1.259228748114788576e+00
1.000000000000000000e+00,1.412908558526719371e+00
1.000000000000000000e+00,7.914946326633511831e-01
1.000000000000000000e+00,-1.171483383631743314e+00
1.000000000000000000e+00,7.265373482197658994e-01
1.000000000000000000e+00,2.221099187434585343e+00
1.000000000000000000e+00,1.397960675047625223e+00
1.000000000000000000e+00,4.240442836026569462e-01
1.000000000000000000e+00,2.014800943818048293e-02
1.000000000000000000e+00,9.782172440792918922e-01
1.000000000000000000e+00,-2.235876010678600201e-01
1.000000000000000000e+00,7.429862743913212553e-01
1.000000000000000000e+00,1.262685963843118042e+00
1.000000000000000000e+00,-1.859039073699845501e-01
1.000000000000000000e+00,-7.453854540804873974e-01
1.000000000000000000e+00,4.650626416829120591e-01
1.000000000000000000e+00,-7.255448137620585936e-01
1.000000000000000000e+00,7.524320250281161249e-01
1.000000000000000000e+00,6.399315798095677188e-01
1.000000000000000000e+00,6.193716898676678850e-01
1.000000000000000000e+00,1.315463334862682965e+00
1.000000000000000000e+00,2.654391768560875886e-01
1.000000000000000000e+00,2.755483951244039886e-01
1.000000000000000000e+00,3.404824370713436243e-01
1.000000000000000000e+00,2.884661521692118979e-01
1.000000000000000000e+00,8.863747298794032448e-01
1.000000000000000000e+00,6.493232388178055148e-01
1.000000000000000000e+00,-1.839253370191669956e-01
1.000000000000000000e+00,9.096713181536171255e-01
1.000000000000000000e+00,-1.209754901199329824e+00
1.000000000000000000e+00,-5.565287588816274500e-01
1.000000000000000000e+00,7.266801839264246388e-01
1.000000000000000000e+00,1.604507065534154231e-01
1.000000000000000000e+00,2.024946926220161092e-01
1.000000000000000000e+00,-7.576110073161028691e-01
1.000000000000000000e+00,6.057524320150091679e-01
1.000000000000000000e+00,-2.918964535277490668e-01
1.000000000000000000e+00,6.324762320673372740e-01
1.000000000000000000e+00,4.760331000996620432e-01
1.000000000000000000e+00,2.395550648189399001e-01
1.000000000000000000e+00,2.479033470232117065e-01
1.000000000000000000e+00,3.895549541255909354e-01
1.000000000000000000e+00,-1.001575239470967160e+00
1.000000000000000000e+00,-1.021041421911893093e-01
1.000000000000000000e+00,-3.103493055010081436e-01
1.000000000000000000e+00,-7.275259196579647591e-01
1.000000000000000000e+00,-4.734588080975057900e-01
1.000000000000000000e+00,2.445462853258826563e-01
1.000000000000000000e+00,6.966044356530284865e-02
1.000000000000000000e+00,2.167144520698289223e-01
1.000000000000000000e+00,3.582215331021569860e-01
1.000000000000000000e+00,4.096305549555649406e-01
1.000000000000000000e+00,-2.622829772560937300e-01
1.000000000000000000e+00,-9.430142477181828464e-02
1.000000000000000000e+00,1.755606916432333353e+00
1.000000000000000000e+00,1.358852427600795165e+00
1.000000000000000000e+00,8.743858275187252893e-01
1.000000000000000000e+00,1.048538051566998641e+00
1.000000000000000000e+00,6.822388399765364486e-01
1.000000000000000000e+00,9.206227599822024432e-01
1.000000000000000000e+00,-4.710090489510535550e-01
1.000000000000000000e+00,4.198116136680588029e-01
1.000000000000000000e+00,9.066928978561882291e-01
1.000000000000000000e+00,-8.898776744777303627e-02
1.000000000000000000e+00,1.235705228555143531e+00
1.000000000000000000e+00,-4.665566317754419323e-01
1.000000000000000000e+00,8.030926384895339387e-01
1.000000000000000000e+00,3.841031095942160634e-01
1.000000000000000000e+00,-3.200376232846140478e-01
1.000000000000000000e+00,-7.149344027478922170e-01
1.000000000000000000e+00,1.753479594102983707e+00
1.000000000000000000e+00,1.714093324264185370e-01
1.000000000000000000e+00,8.518930070376030672e-01
1.000000000000000000e+00,9.761140094282839685e-01
1.000000000000000000e+00,8.568533784126343145e-01
1.000000000000000000e+00,8.973426527510646178e-01
1.000000000000000000e+00,3.191859712812005201e-01
1.000000000000000000e+00,-4.386597195287803563e-01
1.000000000000000000e+00,9.125432455573241342e-01
1.000000000000000000e+00,-9.950981895420946133e-01
1.000000000000000000e+00,3.487225360185011169e-01
1.000000000000000000e+00,1.105865880838935000e+00
1.000000000000000000e+00,-4.025979295059236573e-01
1.000000000000000000e+00,1.198529911647535640e+00
1.000000000000000000e+00,1.281698748690113465e+00
1.000000000000000000e+00,9.495998144366148974e-01
1.000000000000000000e+00,5.911489600771190345e-01
1.000000000000000000e+00,9.494519076397789359e-01
1.000000000000000000e+00,1.451951769369025369e-01
1.000000000000000000e+00,2.519276796696951481e-01
1.000000000000000000e+00,1.846714967738219304e+00
1.000000000000000000e+00,1.735293819545725480e+00
1.000000000000000000e+00,9.466349170463252971e-01
1.000000000000000000e+00,1.143812003453482440e+00
1.000000000000000000e+00,1.232736992824152722e-01
1.000000000000000000e+00,1.541804260879114041e+00
1.000000000000000000e+00,9.208074321828234599e-01
1.000000000000000000e+00,2.520348444701656643e+00
1.000000000000000000e+00,1.451047424954085285e-01
1.000000000000000000e+00,-6.278312449094770598e-01
1.000000000000000000e+00,2.791150618823920460e-01
1.000000000000000000e+00,7.597158008860168676e-01
1.000000000000000000e+00,6.494580452983502727e-01
1.000000000000000000e+00,9.015795485941437981e-01
1.000000000000000000e+00,7.462097973806497420e-01
1.000000000000000000e+00,3.650801825668662515e-01
1.000000000000000000e+00,4.245784384346589779e-01
1.000000000000000000e+00,-1.037399533437189936e+00
1.000000000000000000e+00,-3.321304829939252246e-01
1.000000000000000000e+00,1.238556871598141429e+00
1.000000000000000000e+00,3.696581092243644284e-01
1.000000000000000000e+00,1.423152160684732381e+00
1.000000000000000000e+00,2.388996264135323788e-01
1.000000000000000000e+00,3.707733264725078803e-01
1.000000000000000000e+00,-1.781785240758163302e-01
1.000000000000000000e+00,1.255567843597673594e+00
1.000000000000000000e+00,7.093332522026507547e-01
1.000000000000000000e+00,9.357789807494112377e-01
1.000000000000000000e+00,1.398802053426198011e+00
1.000000000000000000e+00,-2.749023851621410497e-01
1.000000000000000000e+00,-1.272635109238406115e-01
1.000000000000000000e+00,1.018319425200860051e+00
1.000000000000000000e+00,5.829477394879869490e-01
1.000000000000000000e+00,9.619635548795600899e-01
1.000000000000000000e+00,5.804950222055980102e-01
1.000000000000000000e+00,-7.166298372304809039e-01
1.000000000000000000e+00,5.978770289697644680e-01
1.000000000000000000e+00,-7.394353749391993080e-01
1.000000000000000000e+00,-6.943947971667012720e-01
1.000000000000000000e+00,-3.345265731026684231e-01
1.000000000000000000e+00,2.239866446998832750e+00
1.000000000000000000e+00,2.925010495868979321e-01
1.000000000000000000e+00,-1.302639059453708503e-01
1.000000000000000000e+00,2.214626828391125513e-01
1.000000000000000000e+00,4.526718554256883853e-01
1.000000000000000000e+00,7.736554249876211042e-02
1.000000000000000000e+00,1.030791348900919280e+00
1.000000000000000000e+00,4.675702957755543676e-01
1.000000000000000000e+00,1.170218437778885123e+00
1.000000000000000000e+00,-2.539114525551762758e-01
1.000000000000000000e+00,5.600821938788379528e-01
1.000000000000000000e+00,1.869843407240971978e-01
1.000000000000000000e+00,7.566934311403853419e-01
1.000000000000000000e+00,2.093038102007193757e+00
1.000000000000000000e+00,-8.716450347224166117e-01
1.000000000000000000e+00,-3.551819685762395151e-01
1.000000000000000000e+00,9.657377137439665526e-01
1.000000000000000000e+00,1.234640299617924208e+00
1.000000000000000000e+00,1.250439281065097497e+00
1.000000000000000000e+00,7.090403967449154798e-01
1.000000000000000000e+00,-8.169799503843762079e-01
1.000000000000000000e+00,-1.218026271869246946e+00
1.000000000000000000e+00,1.464714012981731261e-01
1.000000000000000000e+00,-3.441878450719957905e-01
1.000000000000000000e+00,7.542195843155912183e-01
1.000000000000000000e+00,-4.524657625363004976e-01
1.000000000000000000e+00,-8.374451799763009685e-01
1.000000000000000000e+00,2.026654193246496538e-01
1.000000000000000000e+00,7.989905491269996274e-01
1.000000000000000000e+00,9.200467686562383562e-01
1.000000000000000000e+00,-7.579740128546232913e-01
1.000000000000000000e+00,-1.442174331588788605e-01
1.000000000000000000e+00,1.271474163120264844e+00
1.000000000000000000e+00,-8.189711984606368178e-01
1.000000000000000000e+00,-7.652024293114224607e-01
1.000000000000000000e+00,7.873642721000775890e-02
1.000000000000000000e+00,-3.062979270402461096e-01
1.000000000000000000e+00,-1.250491348797816704e-01
1.000000000000000000e+00,2.432024464289155863e-01
1.000000000000000000e+00,1.667129070565039672e+00
1.000000000000000000e+00,1.166834752858125768e+00
1.000000000000000000e+00,3.672768097953048594e-01
1.000000000000000000e+00,2.955766657793904573e-01
1.000000000000000000e+00,1.251664794524595781e+00
1.000000000000000000e+00,1.656716432067785405e+00
1.000000000000000000e+00,-7.023014719347056012e-01
1.000000000000000000e+00,-5.205341608036190282e-01
1.000000000000000000e+00,1.827056886666170943e+00
1.000000000000000000e+00,-4.549344958848337145e-02
1.000000000000000000e+00,-1.302639059453708503e-01
1.000000000000000000e+00,-5.722525191578382575e-01
1.000000000000000000e+00,6.494280413481350323e-01
1.000000000000000000e+00,-1.153844864222778543e+00
1.000000000000000000e+00,-3.362777895772066095e-01
1.000000000000000000e+00,1.749685573468716226e+00
1.000000000000000000e+00,5.576658194093858656e-01
1.000000000000000000e+00,2.632053616330158885e-01
1.000000000000000000e+00,1.699463229102864681e-01
1.000000000000000000e+00,2.012566662348056479e+00
1.000000000000000000e+00,-1.901644683005574710e-01
1.000000000000000000e+00,1.590789724218652168e+00
1.000000000000000000e+00,9.161280837217805617e-01
1.000000000000000000e+00,1.164047343624039277e+00
1.000000000000000000e+00,1.523393245399817131e+00
1.000000000000000000e+00,9.825876786303715527e-01
1.000000000000000000e+00,-4.972696470477772079e-02
1.000000000000000000e+00,1.179190464074956868e+00
1.000000000000000000e+00,7.818595613266062783e-01
1.000000000000000000e+00,-9.203148226984217972e-01
1.000000000000000000e+00,1.822906241742188460e-01
1.000000000000000000e+00,4.635007459083239079e-01
1.000000000000000000e+00,-1.897423000433027251e-01
1.000000000000000000e+00,8.235676300570488051e-02
1.000000000000000000e+00,5.165291358916619391e-01
1.000000000000000000e+00,-9.013975009970140451e-02
1.000000000000000000e+00,3.149625983452606359e-01
1.000000000000000000e+00,-2.825157818815620114e-01
1.000000000000000000e+00,4.757043244198380094e-01
1.000000000000000000e+00,7.771662673675759914e-01
1.000000000000000000e+00,5.318624222242257504e-01
1.000000000000000000e+00,-1.895069169409094312e-01
1.000000000000000000e+00,3.507983022643823001e-01
1.000000000000000000e+00,8.327618967531388305e-01
1.000000000000000000e+00,1.059726566861369568e+00
1.000000000000000000e+00,-8.087225252124464747e-01
1.000000000000000000e+00,7.217320676859884099e-01
1.000000000000000000e+00,1.574696196950351235e+00
1.000000000000000000e+00,1.723432582007258518e-01
1.000000000000000000e+00,4.272483674129727849e-01
1.000000000000000000e+00,4.097801521157933835e-01
1.000000000000000000e+00,4.746824997491252973e-01
1.000000000000000000e+00,1.102451346786263997e+00
1.000000000000000000e+00,-2.325613177273240517e-01
1.000000000000000000e+00,2.417487339114417766e-01
1.000000000000000000e+00,5.032099175411562930e-01
1.000000000000000000e+00,-2.699056709741729509e-01
1.000000000000000000e+00,1.453528836028061377e+00
1.000000000000000000e+00,1.394625588074397626e+00
1.000000000000000000e+00,-7.470817337447722695e-01
1.000000000000000000e+00,8.307288121829160543e-01
1.000000000000000000e+00,-2.918689851226223819e-01
1.000000000000000000e+00,5.471433072916248586e-01
1.000000000000000000e+00,5.178087409797174079e-01
1.000000000000000000e+00,4.149230827372050734e-01
1.000000000000000000e+00,1.163334010272441654e+00
1.000000000000000000e+00,5.044751545403762805e-01
1.000000000000000000e+00,1.000006450798322843e+00
1.000000000000000000e+00,1.657104370466343735e+00
1.000000000000000000e+00,7.511900305255418964e-01
1.000000000000000000e+00,2.040151702548818058e+00
1.000000000000000000e+00,1.556424678837012021e-01
1.000000000000000000e+00,9.503186414692379458e-01
1.000000000000000000e+00,1.333833359029714005e+00
1.000000000000000000e+00,4.351761717233822435e-01
1.000000000000000000e+00,8.211491002472725009e-01
1.000000000000000000e+00,1.034863856904086665e+00
1.000000000000000000e+00,5.250756132036940027e-01
1.000000000000000000e+00,-9.870693436329049109e-02
1.000000000000000000e+00,1.693104039634529379e+00
1.000000000000000000e+00,-4.883783779897769572e-01
1.000000000000000000e+00,3.573898743130906053e-01
1.000000000000000000e+00,1.044962932992048454e+00
1.000000000000000000e+00,4.439770487259722120e-01
1.000000000000000000e+00,2.986595096723729595e-03
1.000000000000000000e+00,6.511336603971618064e-02
1.000000000000000000e+00,-5.992607228509395645e-01
1.000000000000000000e+00,-8.680339535392940509e-02
1.000000000000000000e+00,-2.749023851621410497e-01
1.000000000000000000e+00,2.072551785258947288e-01
1.000000000000000000e+00,-4.117482891398946410e-01
1.000000000000000000e+00,-1.380801038857975074e-02
1.000000000000000000e+00,6.682984130793196975e-01
1.000000000000000000e+00,1.282404052815597106e+00
1.000000000000000000e+00,2.236459519581427635e+00
1.000000000000000000e+00,-6.731866528638116298e-01
1.000000000000000000e+00,-3.435476199371199635e-01
1.000000000000000000e+00,-1.617641700742441735e+00
1.000000000000000000e+00,-9.756974239104572455e-02
1.000000000000000000e+00,8.539552503763448987e-01
1.000000000000000000e+00,5.049822635580997199e-01
1.000000000000000000e+00,1.343599899776291157e-02
1.000000000000000000e+00,-9.288785838491424307e-02
1.000000000000000000e+00,7.773665754295767671e-01
1.000000000000000000e+00,3.431836377724170606e-01
1.000000000000000000e+00,1.567848957438540802e+00
1.000000000000000000e+00,1.466534914560122971e+00
1.000000000000000000e+00,1.010969725170655087e+00
1.000000000000000000e+00,1.223380831447155592e-01
1.000000000000000000e+00,3.075554259597138573e-01
1.000000000000000000e+00,9.686045700574963391e-01
1.000000000000000000e+00,-7.470817337447722695e-01
1.000000000000000000e+00,9.740230299118710633e-01
1.000000000000000000e+00,1.381764458203235346e+00
1.000000000000000000e+00,-6.035512877317277258e-01
1.000000000000000000e+00,5.032931679382326440e-01
1.000000000000000000e+00,-1.256056870267331371e-01
1.000000000000000000e+00,-1.205831990356391215e+00
1.000000000000000000e+00,4.235359068123892290e-01
1.000000000000000000e+00,1.239940856625678212e+00
1.000000000000000000e+00,1.640366392154686048e+00
1.000000000000000000e+00,5.888056938243886318e-01
1.000000000000000000e+00,1.755209681035116764e+00
1.000000000000000000e+00,1.249370548810245340e+00
1.000000000000000000e+00,1.326033177155431453e+00
1.000000000000000000e+00,2.083689547265462405e+00
1.000000000000000000e+00,6.285503630884617943e-01
1.000000000000000000e+00,5.849043351147031888e-01
1.000000000000000000e+00,3.105972348843581421e-01
1.000000000000000000e+00,-2.143687817164963427e-01
1.000000000000000000e+00,1.292514116265609525e+00
1.000000000000000000e+00,-3.064918962395253299e-01
1.000000000000000000e+00,3.313701106137018626e-01
1.000000000000000000e+00,1.198183809742939365e+00
1.000000000000000000e+00,9.000708992664165908e-01
1.000000000000000000e+00,1.419255915451307637e-01
1.000000000000000000e+00,3.765243653243395272e-01
1.000000000000000000e+00,-3.116728600372662417e-01
1.000000000000000000e+00,7.037728018233134764e-01
1.000000000000000000e+00,7.285125378437986576e-01
1.000000000000000000e+00,7.317128183364814964e-01
1.000000000000000000e+00,5.469819199737332299e-02
1.000000000000000000e+00,1.585733002130253366e+00
1.000000000000000000e+00,1.802469748327934496e-01
1.000000000000000000e+00,1.548446163624830063e-01
1.000000000000000000e+00,1.736055370640090523e-01
1.000000000000000000e+00,1.104084237823333536e+00
1.000000000000000000e+00,7.484541773749240345e-01
1.000000000000000000e+00,-8.858838107583940635e-01
1.000000000000000000e+00,3.351020103932981775e-01
1.000000000000000000e+00,7.593713893448130747e-01
1.000000000000000000e+00,1.940318882979084336e-01
1.000000000000000000e+00,-5.515472579641910178e-01
1.000000000000000000e+00,1.161407841186788970e+00
1.000000000000000000e+00,9.275274718493550230e-01
1.000000000000000000e+00,4.302834572701311200e-02
1.000000000000000000e+00,3.628962330638706990e-01
1.000000000000000000e+00,-1.453977293976301266e-01
1.000000000000000000e+00,1.670820824214066080e+00
1.000000000000000000e+00,6.321483015692094254e-01
1.000000000000000000e+00,2.983167448384893561e-01
1.000000000000000000e+00,1.521174643447277042e+00
1.000000000000000000e+00,2.404294052836646878e-01
1.000000000000000000e+00,2.900156195342574517e+00
1.000000000000000000e+00,1.146856347923215447e+00
1.000000000000000000e+00,5.968264681213807377e-01
1.000000000000000000e+00,2.897931298183385046e-02
1.000000000000000000e+00,-2.356774602551508016e-02
1.000000000000000000e+00,1.313619148401562242e+00
1.000000000000000000e+00,2.326465496341544870e-01
1.000000000000000000e+00,-2.836424090826041855e-01
1.000000000000000000e+00,-2.908370182715552255e-01
1.000000000000000000e+00,-1.741157821598487088e+00
1.000000000000000000e+00,1.368535674294223847e+00
1.000000000000000000e+00,3.916201556002695816e-01
1.000000000000000000e+00,9.503854108232381304e-01
1.000000000000000000e+00,6.905723315011247365e-01
1.000000000000000000e+00,1.364284410362309075e+00
1.000000000000000000e+00,-2.979546735400678478e-02
1.000000000000000000e+00,-7.461118877483762235e-01
1.000000000000000000e+00,1.273052962528777199e+00
1.000000000000000000e+00,6.876327895617212471e-01
1.000000000000000000e+00,4.999669553728150473e-01
1.000000000000000000e+00,5.894653581382772733e-01
1.000000000000000000e+00,-4.122435656138712101e-01
1.000000000000000000e+00,6.956755385828147231e-01
1.000000000000000000e+00,3.448068092199801371e-01
1.000000000000000000e+00,7.995902055404575659e-01
1.000000000000000000e+00,1.425105798175511751e+00
1.000000000000000000e+00,1.173391672457289481e+00
1.000000000000000000e+00,1.273052962528777199e+00
1.000000000000000000e+00,5.362856806313183178e-01
1.000000000000000000e+00,6.954938245181304657e-01
1.000000000000000000e+00,1.334449496486247888e+00
1.000000000000000000e+00,7.462190943793080011e-01
1.000000000000000000e+00,6.066187432536200852e-01
1.000000000000000000e+00,7.061012773963601941e-01
1.000000000000000000e+00,-8.965964451017291101e-03
1.000000000000000000e+00,6.199383841949738239e-01
1.000000000000000000e+00,1.016922762447880046e+00
1.000000000000000000e+00,1.021874259415101127e+00
1.000000000000000000e+00,1.381764458203235346e+00
1.000000000000000000e+00,1.482377422864650685e+00
1.000000000000000000e+00,1.524605235952176008e+00
1.000000000000000000e+00,4.447546158864814636e-01
1.000000000000000000e+00,-5.979511138126688552e-01
1.000000000000000000e+00,-2.379873842169646370e-01
1.000000000000000000e+00,1.782994184116182934e+00
1.000000000000000000e+00,6.608954666022539559e-01
1.000000000000000000e+00,1.265344060277684868e+00
1.000000000000000000e+00,6.777889583460134926e-01
1.000000000000000000e+00,-3.825337386288484298e-01
1.000000000000000000e+00,2.404294052836646878e-01
1.000000000000000000e+00,2.452389117259232143e-01
1.000000000000000000e+00,8.248919873889194454e-01
1.000000000000000000e+00,6.301955092601261299e-01
1.000000000000000000e+00,1.217745962692468487e+00
1.000000000000000000e+00,-6.619178453083011116e-01
1.000000000000000000e+00,6.356017139799059468e-01
1.000000000000000000e+00,1.021011328903275173e+00
1.000000000000000000e+00,9.836809211544136344e-01
1.000000000000000000e+00,9.669315328898571149e-01
1.000000000000000000e+00,-9.523873127291039575e-02
1.000000000000000000e+00,1.638484172517235882e+00
1.000000000000000000e+00,2.033749493586143597e-01
1.000000000000000000e+00,5.923453147680981523e-01
1.000000000000000000e+00,1.294507899886958802e+00
1.000000000000000000e+00,1.302557452747705735e-01
1.000000000000000000e+00,-2.139267093032970815e-02
1.000000000000000000e+00,1.454283583282773185e+00
1.000000000000000000e+00,4.448095526967348334e-01
1.000000000000000000e+00,9.717406167412675488e-01
1.000000000000000000e+00,8.978603265399905942e-01
1.000000000000000000e+00,9.471517456535550883e-01
1.000000000000000000e+00,4.856990205683185402e-01
1.000000000000000000e+00,5.442409533468545169e-01
1.000000000000000000e+00,5.085954153093790175e-01
1.000000000000000000e+00,5.249644718106429853e-01
1.000000000000000000e+00,3.654664306020322662e-01
1.000000000000000000e+00,2.005997952591229427e-01
1.000000000000000000e+00,7.108968383406313318e-01
1.000000000000000000e+00,2.674828261975129573e-01
1.000000000000000000e+00,1.060559916013828374e+00
1.000000000000000000e+00,5.716214595771343943e-01
1.000000000000000000e+00,-7.299228125623205554e-02
1.000000000000000000e+00,1.744735386660123122e-01
1.000000000000000000e+00,9.205251414962907219e-01
1.000000000000000000e+00,2.107453563403761665e-01
1.000000000000000000e+00,-4.394389770526820338e-01
1.000000000000000000e+00,1.618152481633311712e+00
1.000000000000000000e+00,5.018162129241131586e-01
1.000000000000000000e+00,1.237784375527809511e+00
1.000000000000000000e+00,-5.147264947781415856e-01
1.000000000000000000e+00,9.251094070165104544e-01
1.000000000000000000e+00,-1.816403883034748701e-01
1.000000000000000000e+00,1.693104039634529379e+00
1.000000000000000000e+00,1.005138394057683904e+00
1.000000000000000000e+00,5.067491158940177209e-01
1.000000000000000000e+00,3.490644120146163543e-01
1.000000000000000000e+00,-6.152342343183792028e-01
1.000000000000000000e+00,-4.998720038764782325e-01
1.000000000000000000e+00,7.204064001954897378e-01
1.000000000000000000e+00,-4.715968291646924562e-03
1.000000000000000000e+00,2.137072955947290354e-01
1.000000000000000000e+00,5.703553773962182216e-01
1.000000000000000000e+00,-1.407771210644735704e-01
1.000000000000000000e+00,1.661670887170943134e+00
1.000000000000000000e+00,5.894653581382772733e-01
1.000000000000000000e+00,1.221947360904307001e+00
1.000000000000000000e+00,2.102982552230833468e-01
1.000000000000000000e+00,-2.898840759090832719e-01
1.000000000000000000e+00,1.359919934469186464e-01
1.000000000000000000e+00,1.650571115954673651e+00
1.000000000000000000e+00,-2.422796394611453075e-01
1.000000000000000000e+00,5.225240096628490649e-01
1.000000000000000000e+00,6.560787761155776332e-01
1.000000000000000000e+00,7.869695298618658574e-01
1.000000000000000000e+00,1.450825099781899441e+00
1.000000000000000000e+00,6.601669199801246668e-01
1.000000000000000000e+00,1.173737351771037662e+00
1.000000000000000000e+00,8.510765615190682976e-01
1.000000000000000000e+00,1.352971653358595816e+00
1.000000000000000000e+00,1.447512832714469289e+00
1.000000000000000000e+00,6.598432153904778552e-01
1.000000000000000000e+00,-1.499177611089382023e-01
1.000000000000000000e+00,1.045525824001721560e+00
1.000000000000000000e+00,4.973325240257419066e-01
1.000000000000000000e+00,1.585733002130253366e+00
1.000000000000000000e+00,1.419255915451307637e-01
1.000000000000000000e+00,7.064693540250577275e-01
1.000000000000000000e+00,-3.192363910366110558e-01
1.000000000000000000e+00,1.214933620598344088e+00
1.000000000000000000e+00,7.705294780981206682e-01
1.000000000000000000e+00,1.317934223551540329e+00
1.000000000000000000e+00,1.100100473898267817e+00
1.000000000000000000e+00,1.191288394874445267e+00
1.000000000000000000e+00,4.370068352773637810e-01
1.000000000000000000e+00,-1.352403357726300048e-01
1.000000000000000000e+00,2.286298236229369063e-01
1.000000000000000000e+00,2.421738603046332539e-01
1.000000000000000000e+00,4.696262002515746992e-01
1.000000000000000000e+00,-8.120035205571169978e-01
1.000000000000000000e+00,-2.209721863089514626e-01
1.000000000000000000e+00,6.778734765156340103e-01
1.000000000000000000e+00,-4.834759015609357835e-01
1.000000000000000000e+00,3.373193445732938223e-01
1.000000000000000000e+00,1.071029604275576697e+00
1.000000000000000000e+00,-1.115545455659217255e+00
1.000000000000000000e+00,4.785306120119499074e-01
1.000000000000000000e+00,-1.263992746189938288e+00
1.000000000000000000e+00,3.079357577230064091e-01
1.000000000000000000e+00,3.607570781907740720e-01
1.000000000000000000e+00,1.333651687351113391e-01
1.000000000000000000e+00,5.484161509261106238e-01
1.000000000000000000e+00,6.358320259921219630e-01
1.000000000000000000e+00,-5.206021979301636016e-01
1.000000000000000000e+00,9.080434982067249194e-01
1.000000000000000000e+00,2.195289071181939222e-01
1.000000000000000000e+00,1.625954353870986413e+00
1.000000000000000000e+00,1.028573592130075598e+00
1.000000000000000000e+00,2.500501085315741667e-01
1.000000000000000000e+00,-3.949025501619707335e-01
1.000000000000000000e+00,1.044962932992048454e+00
1.000000000000000000e+00,6.083488301857531422e-01
1.000000000000000000e+00,-7.771219843869278665e-02
1.000000000000000000e+00,1.290502583828640137e+00
1.000000000000000000e+00,4.196180670596277307e-01
1.000000000000000000e+00,1.134472745710409347e+00
1.000000000000000000e+00,9.605575951279218261e-01
1.000000000000000000e+00,8.321850602454784473e-01
1.000000000000000000e+00,1.068409541017338871e+00
1.000000000000000000e+00,4.460198528857013955e-01
1.000000000000000000e+00,8.269457789106993140e-01
1.000000000000000000e+00,1.471873504744206196e+00
1.000000000000000000e+00,-1.286349915008819567e+00
1.000000000000000000e+00,-1.488448029456050647e-01
1.000000000000000000e+00,1.409252302508933408e+00
1.000000000000000000e+00,-5.478859308562279429e-01
1.000000000000000000e+00,1.004991755033392220e+00
1.000000000000000000e+00,4.269576672955616853e-02
1.000000000000000000e+00,1.168118161263814070e+00
1.000000000000000000e+00,1.344665630239134213e+00
1.000000000000000000e+00,6.214575982939035681e-01
1.000000000000000000e+00,4.430084705021204994e-01
1.000000000000000000e+00,2.855147776860615938e-01
1.000000000000000000e+00,6.286669981625381265e-01
1.000000000000000000e+00,4.137013725953396781e-01
1.000000000000000000e+00,1.383096464556455629e+00
1.000000000000000000e+00,6.905790929546943291e-01
1.000000000000000000e+00,4.176386515271139355e-01
1.000000000000000000e+00,1.035411534643227771e+00
1.000000000000000000e+00,2.017892997397544796e+00
1.000000000000000000e+00,1.229157605954637855e+00
1.000000000000000000e+00,7.094710168191322719e-01
1.000000000000000000e+00,3.717905026438914073e-01
1.000000000000000000e+00,7.771662673675759914e-01
1.000000000000000000e+00,2.543689869991853092e-01
1.000000000000000000e+00,-9.835618395936512881e-02
1.000000000000000000e+00,1.330317403173498114e+00
1.000000000000000000e+00,-5.607216628904201916e-02
1.000000000000000000e+00,5.886282480542691375e-02
1.000000000000000000e+00,-2.554758414887693327e-02
1.000000000000000000e+00,-1.059150664593808133e-01
1.000000000000000000e+00,-3.617152230879095987e-01
1.000000000000000000e+00,9.050621197733593748e-01
1.000000000000000000e+00,1.917690791040485454e+00
1.000000000000000000e+00,1.310300965062258571e+00
1.000000000000000000e+00,1.260807124932452838e+00
1.000000000000000000e+00,7.773704224032818542e-03
1.000000000000000000e+00,-6.110015219976973333e-02
1.000000000000000000e+00,5.735205828485085977e-01
1.000000000000000000e+00,2.874282690462712786e-01
1.000000000000000000e+00,1.458654017833852734e+00
1.000000000000000000e+00,1.035411534643227771e+00
1.000000000000000000e+00,-1.168313107089275826e+00
1.000000000000000000e+00,6.468612245367583169e-01
1.000000000000000000e+00,8.239056603494474551e-01
1.000000000000000000e+00,8.978083478656738725e-01
1.000000000000000000e+00,8.810568466468768900e-01
1.000000000000000000e+00,-2.037068146188614204e-01
1.000000000000000000e+00,-1.926214114914274467e-01
1.000000000000000000e+00,3.719963043869174979e-01
1.000000000000000000e+00,8.639148714844329113e-01
1.000000000000000000e+00,3.656963200234001898e-01
1.000000000000000000e+00,-3.864350973385339283e-01
1.000000000000000000e+00,6.524161812350702805e-01
1.000000000000000000e+00,-5.705587750386420520e-01
1.000000000000000000e+00,5.252125326384793347e-01
1.000000000000000000e+00,1.131080186381839825e+00
1.000000000000000000e+00,-1.394206044420634172e-01
1.000000000000000000e+00,9.397910582612997166e-01
1.000000000000000000e+00,7.229009539718408428e-01
1.000000000000000000e+00,1.325520151865834606e+00
1.000000000000000000e+00,1.114127109328497678e+00
1.000000000000000000e+00,2.850507729348446539e-01
1.000000000000000000e+00,1.685048612887992903e+00
1.000000000000000000e+00,6.905790929546943291e-01
1.000000000000000000e+00,1.561393459642921533e+00
1.000000000000000000e+00,-7.397979578868715267e-01
1.000000000000000000e+00,9.214620254065347682e-01
1.000000000000000000e+00,1.143812003453482440e+00
1.000000000000000000e+00,7.667333868956964504e-02
1.000000000000000000e+00,-2.313586241736233229e-01
1.000000000000000000e+00,7.411201555921827222e-02
1.000000000000000000e+00,5.592040500964802208e-01
1.000000000000000000e+00,-8.015503133384448420e-01
1.000000000000000000e+00,7.923423499046455820e-01
1.000000000000000000e+00,1.028637825938987227e+00
1.000000000000000000e+00,6.847350841162800350e-01
1.000000000000000000e+00,-3.573122490415259755e-01
1.000000000000000000e+00,-9.638835165469775701e-01
1.000000000000000000e+00,1.346427834075723196e+00
1.000000000000000000e+00,3.904330979079486674e-01
1.000000000000000000e+00,1.332902391391343366e+00
1.000000000000000000e+00,-7.810897322458492109e-01
1.000000000000000000e+00,8.720793266697799417e-01
1.000000000000000000e+00,1.439563053679958404e+00
1.000000000000000000e+00,6.122907576168564736e-01
1.000000000000000000e+00,1.353219291595584073e+00
1.000000000000000000e+00,-9.106962324047528368e-01
1.000000000000000000e+00,-6.225471689447990009e-01
1.000000000000000000e+00,-7.594720974111478506e-01
1.000000000000000000e+00,8.145047043425514000e-01
1.000000000000000000e+00,-5.731987000667405630e-01
1.000000000000000000e+00,4.801018047851962622e-01
1.000000000000000000e+00,5.927002910805045932e-01
1.000000000000000000e+00,1.254767456531366898e+00
1.000000000000000000e+00,5.386061693643347248e-02
1.000000000000000000e+00,5.143785710656665344e-01
1.000000000000000000e+00,9.761828917365247271e-01
1.000000000000000000e+00,-5.733161803225131914e-01
1.000000000000000000e+00,-3.402552146395506627e-01
1.000000000000000000e+00,6.528383494923249986e-01
1.000000000000000000e+00,1.232509596561789600e+00
1.000000000000000000e+00,8.374336385789158399e-01
1.000000000000000000e+00,8.894909147933136584e-01
1.000000000000000000e+00,-8.194824910007575403e-02
1.000000000000000000e+00,1.056726594430687616e+00
1.000000000000000000e+00,1.703704308468341200e+00
1.000000000000000000e+00,1.424212906099554254e-01
1.000000000000000000e+00,3.601679865485187260e-01
1.000000000000000000e+00,1.280874273945464603e+00
1.000000000000000000e+00,8.314552458508048804e-01
1.000000000000000000e+00,1.692244489849488165e+00
1.000000000000000000e+00,5.559357324772528086e-01
1.000000000000000000e+00,-1.016785932071497395e-01
1.000000000000000000e+00,-4.541062178225521023e-02
1.000000000000000000e+00,1.340497659090379434e-01
1.000000000000000000e+00,9.480679226122421532e-01
1.000000000000000000e+00,4.466330322062986302e-01
1.000000000000000000e+00,1.499721396452487809e+00
1.000000000000000000e+00,5.950883519631338103e-01
1.000000000000000000e+00,5.032931679382326440e-01
1.000000000000000000e+00,2.167300879312087369e-01
1.000000000000000000e+00,-2.650897832831091913e-02
1.000000000000000000e+00,6.627734603312229744e-01
1.000000000000000000e+00,1.333132703403559383e+00
1.000000000000000000e+00,6.464175465323339365e-02
1.000000000000000000e+00,-1.311217653670196381e-01
1.000000000000000000e+00,3.179680644569680692e-01
1.000000000000000000e+00,2.076771735082018733e+00
1.000000000000000000e+00,4.052474426790421691e-01
1.000000000000000000e+00,1.523609611914045647e+00
1.000000000000000000e+00,7.745935342843258686e-01
1.000000000000000000e+00,7.514921829819354304e-01
1.000000000000000000e+00,9.499247867988059868e-01
1.000000000000000000e+00,1.471355408364432016e+00
1.000000000000000000e+00,-2.153563765285126941e-01
1.000000000000000000e+00,1.232736992824152722e-01
1.000000000000000000e+00,-2.488969895515878161e-01
1.000000000000000000e+00,5.937643748360275087e-01
1.000000000000000000e+00,-1.023808589171354200e+00
1.000000000000000000e+00,5.895904450293156795e-01
1.000000000000000000e+00,1.107338609944573449e+00
1.000000000000000000e+00,-1.764928091827340506e-01
1.000000000000000000e+00,8.994234900871229677e-01
1.000000000000000000e+00,-1.712459212126890840e-01
1.000000000000000000e+00,1.087847452257525660e+00
1.000000000000000000e+00,-3.171158301608309471e-01
1.000000000000000000e+00,3.628962330638706990e-01
1.000000000000000000e+00,5.017912800640750293e-01
1.000000000000000000e+00,-1.777804434969034453e-01
1.000000000000000000e+00,-1.040793318152220259e-01
1.000000000000000000e+00,5.750135963148559348e-01
1.000000000000000000e+00,1.140465506527355899e+00
1.000000000000000000e+00,5.230252024086989859e-01
1.000000000000000000e+00,7.527565747994591216e-01
1.000000000000000000e+00,-5.430388138284881760e-01
1.000000000000000000e+00,7.089220713074466662e-01
1.000000000000000000e+00,6.349145812608907313e-01
1.000000000000000000e+00,3.450028913734998204e-01
1.000000000000000000e+00,1.344509694216184270e+00
1.000000000000000000e+00,-4.255720809630351154e-01
1.000000000000000000e+00,4.633511911341791495e-02
1.000000000000000000e+00,1.283581390918411502e+00
1.000000000000000000e+00,2.714606696120967388e+00
1.000000000000000000e+00,1.490382138709414939e+00
1.000000000000000000e+00,-1.077357188488706985e+00
1.000000000000000000e+00,7.793734593672171362e-01
1.000000000000000000e+00,9.546700594321529953e-01
1.000000000000000000e+00,9.937673195169324236e-01
1.000000000000000000e+00,1.448960206369221515e+00
1.000000000000000000e+00,1.890484392239623945e+00
1.000000000000000000e+00,-5.445474631562153833e-01
1.000000000000000000e+00,7.833568007014346524e-01
1.000000000000000000e+00,6.242044388065720595e-01
1.000000000000000000e+00,1.192876068690767566e+00
1.000000000000000000e+00,1.520298612619159995e+00
1.000000000000000000e+00,-2.494269184751088109e-01
1.000000000000000000e+00,1.071825342842554152e+00
1.000000000000000000e+00,9.774050244692381595e-01
1.000000000000000000e+00,5.571071543081939081e-01
1.000000000000000000e+00,5.925675975542002982e-01
1.000000000000000000e+00,1.391805639345007339e+00
1.000000000000000000e+00,-3.127200401588651202e-01
1.000000000000000000e+00,1.056323020170749194e+00
1.000000000000000000e+00,5.163018244014663111e-02
1.000000000000000000e+00,1.460601316461910715e+00
1.000000000000000000e+00,-5.453233399533322645e-01
1.000000000000000000e+00,1.310300965062258571e+00
1.000000000000000000e+00,7.210538093747832500e-01
1.000000000000000000e+00,9.175458760171656403e-01
1.000000000000000000e+00,3.579891081357004512e-01
1.000000000000000000e+00,7.069257521410088341e-01
1.000000000000000000e+00,1.362516290253846796e+00
1.000000000000000000e+00,1.876581998518736416e+00
1.000000000000000000e+00,3.168735541603817096e-01
1.000000000000000000e+00,8.954955081540070250e-01
1.000000000000000000e+00,9.991540850576995370e-01
1.000000000000000000e+00,-1.050939766801253450e+00
1.000000000000000000e+00,-5.166872726572666052e-03
1.000000000000000000e+00,1.584486781719198101e+00
1.000000000000000000e+00,1.408383455725233935e+00
1.000000000000000000e+00,1.197140432938973431e+00
1.000000000000000000e+00,2.470438396242541704e-02
1.000000000000000000e+00,1.385147720533146831e+00
1.000000000000000000e+00,6.679172361343308495e-01
1.000000000000000000e+00,4.225829644499173310e-01
1.000000000000000000e+00,2.986928506933008709e-01
1.000000000000000000e+00,2.522590345506799722e-03
1.000000000000000000e+00,7.017912733365592182e-01
1.000000000000000000e+00,9.032758282584285592e-01
1.000000000000000000e+00,5.425877779490761998e-01
1.000000000000000000e+00,7.436074829380324713e-01
1.000000000000000000e+00,-1.465209758718875044e-01
1.000000000000000000e+00,7.498153424966632619e-01
1.000000000000000000e+00,7.387350104594065936e-01
1.000000000000000000e+00,2.972737906253715146e-01
1.000000000000000000e+00,-2.110573174446787187e-02
1.000000000000000000e+00,-1.009639963216161895e+00
1.000000000000000000e+00,-3.922769508366240332e-02
1.000000000000000000e+00,-1.374282196091212604e+00
1.000000000000000000e+00,1.515789990860750613e+00
1.000000000000000000e+00,5.257340097450382554e-01
1.000000000000000000e+00,2.390069644889504796e-01
1.000000000000000000e+00,6.121521478186787713e-01
1.000000000000000000e+00,1.722323661235752867e+00
1.000000000000000000e+00,5.892735018932385715e-01
1.000000000000000000e+00,1.123586002667667505e-01
1.000000000000000000e+00,3.140962871066497741e-01
1.000000000000000000e+00,1.466846364015174764e+00
1.000000000000000000e+00,-2.463394697388693877e-01
1.000000000000000000e+00,1.036606621561662722e+00
1.000000000000000000e+00,5.499501557047240530e-01
1.000000000000000000e+00,1.221135986475949453e+00
1.000000000000000000e+00,2.290769247402296982e-01
1.000000000000000000e+00,-7.594720974111478506e-01
1.000000000000000000e+00,1.075237341350136600e+00
1.000000000000000000e+00,6.212446125064596814e-01
1.000000000000000000e+00,-4.815577193153132429e-02
1.000000000000000000e+00,7.278034304006820721e-01
1.000000000000000000e+00,7.008167788408340426e-01
1.000000000000000000e+00,6.473091708357472385e-01
1.000000000000000000e+00,2.955208837874409022e-01
1.000000000000000000e+00,1.973904670836822861e+00
1.000000000000000000e+00,9.499400000693377644e-01
1.000000000000000000e+00,1.075642183382619299e+00
1.000000000000000000e+00,8.750560566038164678e-01
1.000000000000000000e+00,1.946256708255765869e-02
1.000000000000000000e+00,1.694814729773733430e-01
1.000000000000000000e+00,6.278539333707883197e-01
1.000000000000000000e+00,1.405939190259807070e+00
1.000000000000000000e+00,-3.105614461067557341e-01
1.000000000000000000e+00,7.130820556161711066e-01
1.000000000000000000e+00,1.109632052863311347e-01
1.000000000000000000e+00,6.720358065399413272e-01
1.000000000000000000e+00,-1.078987079003755900e-01
1.000000000000000000e+00,1.588820493252576516e-01
1.000000000000000000e+00,7.977439061250961583e-01
1.000000000000000000e+00,-1.738566450861848273e-02
1.000000000000000000e+00,5.422953874682726050e-02
1.000000000000000000e+00,3.920735955802839290e-01
1.000000000000000000e+00,9.072591695926460753e-01
1.000000000000000000e+00,-3.421856096336844399e-01
1.000000000000000000e+00,6.339037439522287043e-01
1.000000000000000000e+00,1.073178478738179509e+00
1.000000000000000000e+00,3.383310270636520345e-01
1.000000000000000000e+00,4.335876527253636481e-01
1.000000000000000000e+00,4.720962437587358784e-01
1.000000000000000000e+00,-4.585417737503232893e-01
1.000000000000000000e+00,1.274915785373298138e-01
1.000000000000000000e+00,9.823353918940541663e-01
1.000000000000000000e+00,-1.138741424925499013e-01
1.000000000000000000e+00,2.132175128017778365e-01
1.000000000000000000e+00,3.179655289118794581e-01
1.000000000000000000e+00,9.358423693766266815e-01
1.000000000000000000e+00,2.657400615399367894e-01
1.000000000000000000e+00,5.902146117119635438e-01
1.000000000000000000e+00,1.089601204277152569e+00
1.000000000000000000e+00,-1.207467374552465555e-01
1.000000000000000000e+00,1.341962316583820369e+00
1.000000000000000000e+00,4.176386515271139355e-01
1.000000000000000000e+00,-2.075988763298886597e-01
1.000000000000000000e+00,1.959430089107603967e+00
1.000000000000000000e+00,2.243808374429935970e+00
1.000000000000000000e+00,-7.330964698315728389e-02
1.000000000000000000e+00,7.667908168649547607e-01
1.000000000000000000e+00,1.061693783615246097e-03
1.000000000000000000e+00,6.802788636230354680e-01
1.000000000000000000e+00,1.619940886102482880e+00
1.000000000000000000e+00,1.615876407325429698e+00
1.000000000000000000e+00,3.529754903138082045e-01
1.000000000000000000e+00,4.150828644638716175e-02
1.000000000000000000e+00,5.600433155208124347e-01
1.000000000000000000e+00,8.740688843826481813e-01
1.000000000000000000e+00,2.895818343942870715e-02
1.000000000000000000e+00,-5.762003628608151073e-01
1.000000000000000000e+00,6.127492686870480432e-01
1.000000000000000000e+00,1.332492055677835463e+00
1.000000000000000000e+00,-1.235510066671848591e-03
1.000000000000000000e+00,5.032931679382326440e-01
1.000000000000000000e+00,7.089220713074466662e-01
1.000000000000000000e+00,4.364946551694631194e-01
1.000000000000000000e+00,2.236639585668802888e-01
1.000000000000000000e+00,-6.449347643047437240e-01
1.000000000000000000e+00,1.448960206369221515e+00
1.000000000000000000e+00,7.917148024952128660e-01
1.000000000000000000e+00,9.133410970785422744e-01
1.000000000000000000e+00,8.907122023443307945e-01
1.000000000000000000e+00,1.240473321094287984e+00
1.000000000000000000e+00,-1.859039073699845501e-01
1.000000000000000000e+00,1.337660341750133375e+00
1.000000000000000000e+00,1.774443523281753476e-01
1.000000000000000000e+00,1.763192422155779537e+00
1.000000000000000000e+00,-1.440931914495366117e-01
1.000000000000000000e+00,7.422471629979893182e-01
1.000000000000000000e+00,1.137962078343194738e+00
1.000000000000000000e+00,2.501498399717264620e-01
1.000000000000000000e+00,-4.089376374091626132e-01
1.000000000000000000e+00,8.590635285482122185e-01
1.000000000000000000e+00,1.512825093470461013e+00
1.000000000000000000e+00,-4.451853674051846066e-01
1.000000000000000000e+00,1.600179735249581126e-01
1.000000000000000000e+00,-6.232575441604598643e-01
1.000000000000000000e+00,2.767562021543655895e-02
1.000000000000000000e+00,9.660162011128663462e-01
1.000000000000000000e+00,1.424670107011117848e+00
1.000000000000000000e+00,-8.581386086262013935e-01
1.000000000000000000e+00,1.159235301636692084e+00
1.000000000000000000e+00,1.303707702650158007e+00
1.000000000000000000e+00,-7.633797949835549046e-01
1.000000000000000000e+00,5.388461585799735332e-01
1.000000000000000000e+00,-8.563400619766756705e-01
1.000000000000000000e+00,1.160966656341369418e+00
1.000000000000000000e+00,-1.818926750397922842e-01
1.000000000000000000e+00,2.970971476508645348e-01
1.000000000000000000e+00,8.302517071154079664e-01
1.000000000000000000e+00,-8.899195097017040604e-03
1.000000000000000000e+00,1.970528169960481080e+00
1.000000000000000000e+00,1.462575703290330820e-01
1.000000000000000000e+00,3.628924297462378101e-01
1.000000000000000000e+00,1.428745573150221659e+00
1.000000000000000000e+00,2.837559545762575186e-01
1.000000000000000000e+00,7.465081465194104426e-01
1.000000000000000000e+00,-2.744087990515569064e-01
1.000000000000000000e+00,-5.996592260207005420e-01
1.000000000000000000e+00,2.752939954338460282e-01
1.000000000000000000e+00,-5.849120731944553730e-01
1.000000000000000000e+00,5.942748645805357999e-01
1.000000000000000000e+00,-2.596215000947419416e-01
1.000000000000000000e+00,-1.126575034408617976e-01
1.000000000000000000e+00,8.216887487602998474e-01
1.000000000000000000e+00,3.009127204183851267e-01
1.000000000000000000e+00,5.202225799040809395e-01
1.000000000000000000e+00,1.351249173061728648e+00
1.000000000000000000e+00,1.097815525182575858e+00
1.000000000000000000e+00,5.007174767190457620e-01
1.000000000000000000e+00,2.732571075459903076e-01
1.000000000000000000e+00,1.371042525591253669e-01
1.000000000000000000e+00,9.437735967999046072e-02
1.000000000000000000e+00,1.282754845605605931e-01
1.000000000000000000e+00,1.126630727342164739e+00
1.000000000000000000e+00,2.031147136757442517e+00
1.000000000000000000e+00,2.543689869991853092e-01
1.000000000000000000e+00,-1.790460607008878199e-02
1.000000000000000000e+00,-1.257876588845345811e+00
1.000000000000000000e+00,-1.106064629982029812e+00
1.000000000000000000e+00,-1.384106588127907767e+00
1.000000000000000000e+00,1.955671608490660851e-01
1.000000000000000000e+00,-1.479848305697157862e-01
1.000000000000000000e+00,5.032931679382326440e-01
1.000000000000000000e+00,-7.540231686296260116e-02
1.000000000000000000e+00,-9.509336002116301756e-02
1.000000000000000000e+00,4.838037006145772256e-01
1.000000000000000000e+00,4.335390547778318338e-01
1.000000000000000000e+00,-6.558105623715186905e-01
1.000000000000000000e+00,5.966168630607218137e-01
1.000000000000000000e+00,3.488273385488306344e-01
1.000000000000000000e+00,7.870431030555194440e-02
1.000000000000000000e+00,2.439047924184625238e-01
1.000000000000000000e+00,-1.520989257509446357e+00
1.000000000000000000e+00,-1.232607304106104057e-01
1.000000000000000000e+00,2.676079130885514190e-01
1.000000000000000000e+00,1.607616446608411298e+00
1.000000000000000000e+00,7.770838621521959366e-01
1.000000000000000000e+00,6.006559863868887739e-01
1.000000000000000000e+00,4.283530198899136443e-01
1.000000000000000000e+00,1.009645325452700915e+00
1.000000000000000000e+00,-8.716450347224166117e-01
1.000000000000000000e+00,2.959100899585436206e-01
1.000000000000000000e+00,6.203770334953044863e-01
1.000000000000000000e+00,1.937463816823217888e+00
1.000000000000000000e+00,-1.496667421451651214e-01
1.000000000000000000e+00,7.242384540060863296e-01
1.000000000000000000e+00,8.118660470869972778e-01
1.000000000000000000e+00,2.908419579172460967e-01
1.000000000000000000e+00,-1.169129932812574962e-01
1.000000000000000000e+00,-2.109026915803567659e-01
1.000000000000000000e+00,2.874282690462712786e-01
1.000000000000000000e+00,3.380474686045750188e-01
1.000000000000000000e+00,2.223027934451410337e-01
1.000000000000000000e+00,5.306284569477655033e-01
1.000000000000000000e+00,5.749899312273621943e-01
1.000000000000000000e+00,1.759073894136252703e-01
1.000000000000000000e+00,1.019565645611915317e+00
1.000000000000000000e+00,7.635960300532972367e-01
1.000000000000000000e+00,2.519120861943989834e-02
1.000000000000000000e+00,5.077443173412998778e-01
1.000000000000000000e+00,3.062956826415192402e-01
1.000000000000000000e+00,1.185214919205511030e+00
1.000000000000000000e+00,7.654579653300384035e-01
1.000000000000000000e+00,9.197281351567687668e-01
1.000000000000000000e+00,-2.339588256620001583e-01
1.000000000000000000e+00,-3.059129467776244282e-01
1.000000000000000000e+00,5.372715850799423265e-01
1.000000000000000000e+00,-9.947673009080301165e-01
1.000000000000000000e+00,9.633733179488311871e-01
1.000000000000000000e+00,-6.902559424003820165e-01
1.000000000000000000e+00,7.203827351079959973e-01
1.000000000000000000e+00,-1.126481627861313211e-03
1.000000000000000000e+00,3.048711288925645690e-01
1.000000000000000000e+00,1.124437058249663002e+00
1.000000000000000000e+00,9.774050244692381595e-01
1.000000000000000000e+00,-5.436638256928323365e-01
1.000000000000000000e+00,1.758521948102546917e+00
1.000000000000000000e+00,1.082133178809479013e+00
1.000000000000000000e+00,8.648111866732590691e-01
1.000000000000000000e+00,1.316030451780836996e+00
1.000000000000000000e+00,-2.886594076312812285e-01
1.000000000000000000e+00,1.359919934469186464e-01
1.000000000000000000e+00,-2.246356263711550838e-01
1.000000000000000000e+00,6.992861547890054652e-01
1.000000000000000000e+00,-1.489753835176688690e-01
1.000000000000000000e+00,1.024775768178175284e+00
1.000000000000000000e+00,1.712380098579892707e+00
1.000000000000000000e+00,-9.301505823019320940e-02
1.000000000000000000e+00,-1.766668742260687694e-02
1.000000000000000000e+00,1.273026804282278435e-01
1.000000000000000000e+00,1.082963147235153079e+00
1.000000000000000000e+00,8.007181005140440178e-01
1.000000000000000000e+00,8.541618973010671745e-01
1.000000000000000000e+00,1.068859600270568366e+00
1.000000000000000000e+00,-4.873624695909377080e-01
1.000000000000000000e+00,4.560445529843972223e-01
1.000000000000000000e+00,-5.617105254749808763e-02
1.000000000000000000e+00,1.356652419645571594e+00
1.000000000000000000e+00,1.851693933110567070e+00
1.000000000000000000e+00,3.105925863850290125e-01
1.000000000000000000e+00,-6.746369846545006155e-01
1.000000000000000000e+00,-1.106178306920169385e+00
1.000000000000000000e+00,7.350271983581521118e-01
1.000000000000000000e+00,1.524058403394731087e+00
1.000000000000000000e+00,-1.820667824692106529e-01
1.000000000000000000e+00,1.131321063165258378e+00
1.000000000000000000e+00,-7.929341085364758346e-01
1.000000000000000000e+00,4.518051215962294309e-01
1.000000000000000000e+00,1.090135359109154489e+00
1.000000000000000000e+00,4.610539448978083765e-01
1.000000000000000000e+00,-4.907951750500771371e-01
1.000000000000000000e+00,1.672507806879692582e+00
1.000000000000000000e+00,-7.220161801803998136e-01
1.000000000000000000e+00,-4.433403357623675323e-01
1.000000000000000000e+00,-1.250491348797816704e-01
1.000000000000000000e+00,1.075705572009834743e+00
1.000000000000000000e+00,1.337919854916952145e-01
1.000000000000000000e+00,-1.169129932812574962e-01
1.000000000000000000e+00,1.052253892894366993e+00
1.000000000000000000e+00,6.955166444239280210e-01
1.000000000000000000e+00,1.265627196145913791e+00
1.000000000000000000e+00,7.788237110599190161e-02
1.000000000000000000e+00,1.525402242291697963e+00
1.000000000000000000e+00,-1.301320576007627683e-01
1.000000000000000000e+00,6.127492686870480432e-01
1.000000000000000000e+00,5.882440705872600262e-01
1.000000000000000000e+00,2.951654848841863688e-01
1.000000000000000000e+00,4.114548796468249781e-01
1.000000000000000000e+00,1.132916343616846566e+00
1.000000000000000000e+00,1.275475253270102582e+00
1.000000000000000000e+00,1.051289963169844244e+00
1.000000000000000000e+00,1.254498266161125253e+00
1.000000000000000000e+00,6.134249914531645365e-01
1.000000000000000000e+00,-8.947620218861868091e-01
1.000000000000000000e+00,4.782119785124803180e-01
1.000000000000000000e+00,5.143785710656665344e-01
1.000000000000000000e+00,8.084253124017438674e-01
1.000000000000000000e+00,2.458698398621407821e-01
1.000000000000000000e+00,2.402836917206304435e+00
1.000000000000000000e+00,1.460601316461910715e+00
1.000000000000000000e+00,-3.521038168386583789e-01
1.000000000000000000e+00,1.256728278066564064e+00
1.000000000000000000e+00,1.586125166437292844e+00
1.000000000000000000e+00,1.360266458964630998e-01
1.000000000000000000e+00,9.712960511690633680e-01
1.000000000000000000e+00,6.980539222620212036e-02
1.000000000000000000e+00,-6.803339318777751332e-01
1.000000000000000000e+00,-8.843105050309071347e-01
1.000000000000000000e+00,2.383757785596157142e+00
1.000000000000000000e+00,-1.786666165053751310e-01
1.000000000000000000e+00,1.155469594589247695e+00
1.000000000000000000e+00,1.743836070949276618e+00
1.000000000000000000e+00,4.335390547778318338e-01
1.000000000000000000e+00,-5.707278113778831985e-01
1.000000000000000000e+00,-6.963057105957387583e-02
1.000000000000000000e+00,-4.036996238469277576e-01
1.000000000000000000e+00,-1.287087716243523472e-01
1.000000000000000000e+00,2.962485852278740062e-01
1.000000000000000000e+00,3.655543294984376357e-01
1.000000000000000000e+00,2.734599511530796945e-01
1.000000000000000000e+00,4.600443753616906828e-01
1.000000000000000000e+00,7.410639086233014039e-01
1.000000000000000000e+00,5.075921846359828793e-01
1.000000000000000000e+00,1.524058403394731087e+00
1.000000000000000000e+00,1.857131874530038307e-01
1.000000000000000000e+00,1.270345845555830300e+00
1.000000000000000000e+00,8.692382483979844698e-01
1.000000000000000000e+00,-9.892287828667105376e-02
1.000000000000000000e+00,1.097622823755840971e+00
1.000000000000000000e+00,1.390194342827274776e-01
1.000000000000000000e+00,8.973426527510646178e-01
1.000000000000000000e+00,4.995249677317831205e-02
1.000000000000000000e+00,8.755352746255651297e-01
1.000000000000000000e+00,-1.995924277356483922e-02
1.000000000000000000e+00,1.091891689059953652e-01
1.000000000000000000e+00,-5.565321396084121908e-01
1.000000000000000000e+00,-1.875984966708769686e-01
1.000000000000000000e+00,6.661165765305646635e-01
1.000000000000000000e+00,7.977439061250961583e-01
1.000000000000000000e+00,3.915453570201553601e-01
1.000000000000000000e+00,1.040276442872671570e-01
1.000000000000000000e+00,-1.452469109625505794e+00
1.000000000000000000e+00,8.064357546888756278e-01
1.000000000000000000e+00,6.833696930860597707e-01
1.000000000000000000e+00,1.665647509437674645e-01
1.000000000000000000e+00,7.467680398909936068e-01
1.000000000000000000e+00,6.664495781188697343e-01
1.000000000000000000e+00,-2.904452765553638960e-01
1.000000000000000000e+00,1.011351747297340120e+00
1.000000000000000000e+00,5.638348006099912491e-01
1.000000000000000000e+00,5.117318845839984309e-01
1.000000000000000000e+00,6.554246054827144174e-01
1.000000000000000000e+00,-8.352028705501836348e-02
1.000000000000000000e+00,1.282408321110161675e-01
1.000000000000000000e+00,-2.759630458047955190e-02
1.000000000000000000e+00,1.240673629156288538e+00
1.000000000000000000e+00,1.262146737920938788e+00
1.000000000000000000e+00,1.782070400522230091e+00
1.000000000000000000e+00,1.179785049398237584e+00
1.000000000000000000e+00,4.630849588998743604e-02
1.000000000000000000e+00,5.244079196636914908e-01
1.000000000000000000e+00,-5.201293187711364396e-01
1.000000000000000000e+00,5.870705358020783526e-01
1.000000000000000000e+00,7.278034304006820721e-01
1.000000000000000000e+00,1.953685431504577352e-01
1.000000000000000000e+00,-3.624800701368920824e-02
1.000000000000000000e+00,1.308742450014455327e+00
1.000000000000000000e+00,1.705075235565670644e-01
1.000000000000000000e+00,-7.575898353876141245e-02
1.000000000000000000e+00,1.706702210330866554e-01
1.000000000000000000e+00,1.662866819271074270e+00
1.000000000000000000e+00,9.420645970240930644e-01
1.000000000000000000e+00,1.319185092461924835e+00
1.000000000000000000e+00,3.857288165868677510e-01
1.000000000000000000e+00,1.265899767242940177e+00
1.000000000000000000e+00,-1.256542849742649515e-01
1.000000000000000000e+00,-4.942304160543052327e-01
1.000000000000000000e+00,8.766369689665691745e-01
1.000000000000000000e+00,4.666693320873990802e-01
1.000000000000000000e+00,4.293063848432336349e-01
1.000000000000000000e+00,-9.159304002632710773e-02
1.000000000000000000e+00,1.404468574108409085e+00
1.000000000000000000e+00,1.404333767627864438e+00
1.000000000000000000e+00,1.083793960842523108e+00
1.000000000000000000e+00,1.927778879766396614e+00
1.000000000000000000e+00,1.313265862452548172e+00
1.000000000000000000e+00,1.823628872092444286e-01
1.000000000000000000e+00,1.173876806750911550e+00
1.000000000000000000e+00,9.605575951279218261e-01
1.000000000000000000e+00,2.987283483245415372e-01
1.000000000000000000e+00,6.339037439522287043e-01
1.000000000000000000e+00,8.242133064868663039e-01
1.000000000000000000e+00,7.635960300532972367e-01
1.000000000000000000e+00,5.035944752129298818e-01
1.000000000000000000e+00,5.376722012039437670e-01
1.000000000000000000e+00,5.526585404502151189e-01
1.000000000000000000e+00,2.011191594114413450e-01
1.000000000000000000e+00,-4.907710873717352484e-01
1.000000000000000000e+00,1.261619344542506349e+00
1.000000000000000000e+00,1.703980682883000641e+00
1.000000000000000000e+00,1.153238314911264606e+00
1.000000000000000000e+00,2.995625426586965290e-01
1.000000000000000000e+00,-3.164578562103348425e-01
1.000000000000000000e+00,9.848088161280000863e-01
1.000000000000000000e+00,5.257306290182534037e-01
1.000000000000000000e+00,-3.092657825664724136e-01
1.000000000000000000e+00,2.109363674037186553e-01
1.000000000000000000e+00,-1.128119646344517557e+00
1.000000000000000000e+00,-6.742126610569217082e-02
1.000000000000000000e+00,1.006240510989536263e+00
1.000000000000000000e+00,-1.790460607008878199e-02
1.000000000000000000e+00,-1.510592677464420053e+00
1.000000000000000000e+00,8.320295468133765970e-01
1.000000000000000000e+00,-3.069161774510205665e-01
1.000000000000000000e+00,6.038025978418626316e-01
1.000000000000000000e+00,1.285285699808810245e+00
1.000000000000000000e+00,-3.645715146302367371e-01
1.000000000000000000e+00,1.131873811994576817e+00
1.000000000000000000e+00,-1.901644683005574710e-01
1.000000000000000000e+00,4.929401147505608760e-01
1.000000000000000000e+00,-4.038014682413205714e-01
1.000000000000000000e+00,1.541410026003917633e-01
1.000000000000000000e+00,-5.253926441281852981e-03
1.000000000000000000e+00,1.698495496060709320e-01
1.000000000000000000e+00,8.239986727221136620e-02
1.000000000000000000e+00,1.059459066854520515e+00
1.000000000000000000e+00,-5.480692928982208723e-02
1.000000000000000000e+00,1.119927168718709343e+00
1.000000000000000000e+00,1.464752046158060705e-01
1.000000000000000000e+00,1.588820493252576516e-01
1.000000000000000000e+00,8.381317586599817959e-01
1.000000000000000000e+00,-5.168428297454406017e-01
1.000000000000000000e+00,1.024651949059681266e+00
1.000000000000000000e+00,7.795327761169519309e-01
1.000000000000000000e+00,5.643689554419932808e-01
1.000000000000000000e+00,5.049822635580997199e-01
1.000000000000000000e+00,3.085578114514138104e-01
1.000000000000000000e+00,7.036760285190979403e-01
1.000000000000000000e+00,-3.032768250671588062e-01
1.000000000000000000e+00,-8.080641286711022220e-01
1.000000000000000000e+00,-1.338394090906926293e+00
1.000000000000000000e+00,4.359364126591192545e-01
1.000000000000000000e+00,1.727005967832732525e+00
1.000000000000000000e+00,1.076647104419407697e+00
1.000000000000000000e+00,5.664328891441275937e-01
1.000000000000000000e+00,4.140719847691258781e-01
1.000000000000000000e+00,1.913203721415329461e+00
1.000000000000000000e+00,1.004991755033392220e+00
1.000000000000000000e+00,-2.112547097568264198e-01
1.000000000000000000e+00,1.570404786887866777e+00
1.000000000000000000e+00,7.523720171276855329e-01
1.000000000000000000e+00,-2.057149663290461783e-01
1.000000000000000000e+00,-7.893044757421204816e-01
1.000000000000000000e+00,1.352491590155150858e+00
1.000000000000000000e+00,2.021585596228267612e+00
1.000000000000000000e+00,1.127723969866206932e+00
1.000000000000000000e+00,2.553646534233992849e-02
1.000000000000000000e+00,-3.463967274350293613e-01
1.000000000000000000e+00,2.995625426586965290e-01
1.000000000000000000e+00,1.204584793319153357e+00
1.000000000000000000e+00,7.487943630076467905e-01
1.000000000000000000e+00,1.045346645482125858e+00
1.000000000000000000e+00,-2.422327318770058913e-01
1.000000000000000000e+00,2.623094690350378788e-01
1.000000000000000000e+00,2.005782431258696930e-01
1.000000000000000000e+00,1.490147178197869682e+00
1.000000000000000000e+00,-7.675579506987477707e-01
1.000000000000000000e+00,5.192751312226343563e-01
1.000000000000000000e+00,2.758251921299113563e-01
1.000000000000000000e+00,4.109135407704052056e-01
1.000000000000000000e+00,9.494519076397789359e-01
1.000000000000000000e+00,-8.759575319412224448e-02
1.000000000000000000e+00,5.733054841068242480e-01
1.000000000000000000e+00,1.789631395976486239e+00
1.000000000000000000e+00,1.173979073736152401e+00
1.000000000000000000e+00,-9.683697409904374886e-01
1.000000000000000000e+00,6.892944167764616381e-01
1.000000000000000000e+00,6.635607470812385777e-01
1.000000000000000000e+00,6.282811727182202599e-01
1.000000000000000000e+00,-4.372355883706737778e-01
1.000000000000000000e+00,9.428878039961974267e-01
1.000000000000000000e+00,-1.901188284889623603e-01
1.000000000000000000e+00,9.128779375090215753e-01
1.000000000000000000e+00,1.334201013067563446e+00
1.000000000000000000e+00,1.787073030982071709e+00
1.000000000000000000e+00,1.526599019573525284e+00
1.000000000000000000e+00,3.836893931539233638e-01
1.000000000000000000e+00,-1.547445937759689694e-01
1.000000000000000000e+00,-1.053309656277414241e+00
1.000000000000000000e+00,9.732298268899820526e-01
1.000000000000000000e+00,7.094710168191322719e-01
1.000000000000000000e+00,4.162614279531468009e-01
1.000000000000000000e+00,-8.283789159211024655e-01
1.000000000000000000e+00,1.819935428080025341e-01
1.000000000000000000e+00,2.105795274529722594e+00
1.000000000000000000e+00,5.917815785767289727e-01
1.000000000000000000e+00,1.123257184601759828e+00
1.000000000000000000e+00,4.603490633631728279e-01
1.000000000000000000e+00,1.231826689751255532e+00
1.000000000000000000e+00,2.132175128017778365e-01
1.000000000000000000e+00,1.058864481531239798e+00
1.000000000000000000e+00,-8.151146343808501893e-01
1.000000000000000000e+00,1.438023175015555322e-01
1.000000000000000000e+00,-9.214705662818994947e-02
1.000000000000000000e+00,1.784925424292012952e+00
1.000000000000000000e+00,8.965933991773782363e-01
1.000000000000000000e+00,7.222801680159777193e-01
1.000000000000000000e+00,9.140261168433170269e-01
1.000000000000000000e+00,2.941449279860179900e-01
1.000000000000000000e+00,1.197945088299845057e-01
1.000000000000000000e+00,1.528584393763996185e-01
1.000000000000000000e+00,1.052590275209456916e+00
1.000000000000000000e+00,4.050395279817755601e-01
1.000000000000000000e+00,-2.788924879499281584e-01
1.000000000000000000e+00,1.559224723410457702e+00
1.000000000000000000e+00,1.918365288420141312e-01
1.000000000000000000e+00,-6.962922300746831050e-01
1.000000000000000000e+00,1.559840860866991807e+00
1.000000000000000000e+00,7.461996552002952976e-01
1.000000000000000000e+00,6.852274024543199005e-01
1.000000000000000000e+00,7.017211232557740708e-01
1.000000000000000000e+00,6.753218729747890725e-01
1.000000000000000000e+00,6.659690923245767946e-01
1.000000000000000000e+00,-4.233420690575963596e-01
1.000000000000000000e+00,1.013501044350791247e+00
1.000000000000000000e+00,1.413253392658771146e+00
1.000000000000000000e+00,-9.671298594421037231e-01
1.000000000000000000e+00,-1.407170707779592869e-02
1.000000000000000000e+00,-1.476326475955152207e+00
1.000000000000000000e+00,2.983691461036541148e-01
1.000000000000000000e+00,1.201608908566813128e+00
1.000000000000000000e+00,2.300154990138661426e-01
1.000000000000000000e+00,-9.236342314241860474e-02
1.000000000000000000e+00,1.127672836373586396e+00
1.000000000000000000e+00,2.580345400156294211e-01
1.000000000000000000e+00,9.558334520369801135e-01
1.000000000000000000e+00,1.205397012929207090e+00
1.000000000000000000e+00,1.081868636938566608e+00
1.000000000000000000e+00,6.157289567570213284e-01
