label,score
0.000000000000000000e+00,-1.261509753667033440e+00
0.000000000000000000e+00,-1.577851555271753359e+00
0.000000000000000000e+00,-1.368865243889955119e+00
0.000000000000000000e+00,-1.353059150061545202e+00
0.000000000000000000e+00,-1.483940510163315185e+00
0.000000000000000000e+00,-4.412321306489603301e-01
0.000000000000000000e+00,-7.948461350864941544e-01
0.000000000000000000e+00,-1.888121491342736880e+00
0.000000000000000000e+00,-1.099440274323770339e+00
0.000000000000000000e+00,-1.929087111166182034e+00
0.000000000000000000e+00,-1.455620579939770343e+00
0.000000000000000000e+00,-1.281421623929549725e+00
0.000000000000000000e+00,-3.087883864335795314e-01
0.000000000000000000e+00,-1.188768529666576423e+00
0.000000000000000000e+00,-1.298691339239429476e+00
0.000000000000000000e+00,-2.515411867073964469e-01
0.000000000000000000e+00,-1.408538295038112453e+00
0.000000000000000000e+00,-1.709534725402502398e+00
0.000000000000000000e+00,-1.095104900224223243e+00
0.000000000000000000e+00,-1.821992781924127724e+00
0.000000000000000000e+00,-1.178495179580989261e+00
0.000000000000000000e+00,-9.371070885709762432e-01
0.000000000000000000e+00,-1.307068854056497198e+00
0.000000000000000000e+00,-1.029092262352666376e+00
0.000000000000000000e+00,-1.800334238512768747e+00
0.000000000000000000e+00,-1.190074843656646619e+00
0.000000000000000000e+00,-1.848242260472841902e+00
0.000000000000000000e+00,-1.190489239443052405e+00
0.000000000000000000e+00,-1.048766389578018599e+00
0.000000000000000000e+00,-1.039602846389684920e+00
0.000000000000000000e+00,-1.045570858433953587e+00
0.000000000000000000e+00,-5.692789013911391249e-01
0.000000000000000000e+00,-7.529015433990954298e-01
0.000000000000000000e+00,1.643339760636820801e-02
0.000000000000000000e+00,-6.018843153124279199e-01
0.000000000000000000e+00,-1.501135389870490222e+00
0.000000000000000000e+00,-9.863193881781888717e-01
0.000000000000000000e+00,-9.040501156047957565e-01
0.000000000000000000e+00,-9.389800149815251684e-01
0.000000000000000000e+00,-1.712312297160032859e+00
0.000000000000000000e+00,-7.905250153874622265e-01
0.000000000000000000e+00,-2.010818789205859325e+00
0.000000000000000000e+00,-4.036529491193371344e-01
0.000000000000000000e+00,-1.146427869279148748e+00
0.000000000000000000e+00,-1.869540880271192584e+00
0.000000000000000000e+00,-1.566043338475975044e-01
0.000000000000000000e+00,-8.901933110468372989e-01
0.000000000000000000e+00,-1.196573832120105818e+00
0.000000000000000000e+00,-6.297669408915961275e-01
0.000000000000000000e+00,-1.400149071249193078e+00
0.000000000000000000e+00,-8.670324556383243175e-01
0.000000000000000000e+00,-1.169295491305635037e+00
0.000000000000000000e+00,-1.462614399735399529e+00
0.000000000000000000e+00,-1.600162746592414864e+00
0.000000000000000000e+00,-5.292199632576063406e-01
0.000000000000000000e+00,-1.577147998789182326e+00
0.000000000000000000e+00,-1.109638788806653009e+00
0.000000000000000000e+00,-2.057715766900819698e+00
0.000000000000000000e+00,-7.478463220735314110e-01
0.000000000000000000e+00,-1.428178313519374631e+00
0.000000000000000000e+00,-1.257519539694246902e+00
0.000000000000000000e+00,-1.429631244200458395e+00
0.000000000000000000e+00,-2.138742361200728581e+00
0.000000000000000000e+00,-8.167770393648396965e-01
0.000000000000000000e+00,-1.415702658554191196e+00
0.000000000000000000e+00,-1.174505983779668083e+00
0.000000000000000000e+00,-1.502386213515697788e+00
0.000000000000000000e+00,-3.766876960304676447e-01
0.000000000000000000e+00,-1.354223938217928858e+00
0.000000000000000000e+00,-1.378730816303661566e+00
0.000000000000000000e+00,4.657127298133185989e-02
0.000000000000000000e+00,-1.301434293167137435e+00
0.000000000000000000e+00,-1.474283153814276881e+00
0.000000000000000000e+00,-1.496243585065118342e+00
0.000000000000000000e+00,-1.348349597948474310e+00
0.000000000000000000e+00,-1.714498820381915811e+00
0.000000000000000000e+00,-1.203829831068067957e+00
0.000000000000000000e+00,-1.153879866234194473e+00
0.000000000000000000e+00,-7.148876294276139409e-02
0.000000000000000000e+00,-1.112252944043991443e+00
0.000000000000000000e+00,5.711698661129119836e-01
0.000000000000000000e+00,-3.800583526665763379e-01
0.000000000000000000e+00,-6.980134469581755763e-01
0.000000000000000000e+00,-1.459508467680287191e+00
0.000000000000000000e+00,-1.535527185627771463e+00
0.000000000000000000e+00,-8.487430416058758809e-01
0.000000000000000000e+00,-4.199019475351832287e-01
0.000000000000000000e+00,-7.481258101407756156e-01
0.000000000000000000e+00,-9.929802659046420565e-01
0.000000000000000000e+00,-8.717893527245348384e-01
0.000000000000000000e+00,-1.222926655072555047e+00
0.000000000000000000e+00,-7.997160492053607683e-01
0.000000000000000000e+00,-1.188936527958362577e+00
0.000000000000000000e+00,-7.617698168624715827e-01
0.000000000000000000e+00,-1.721159189022636316e+00
0.000000000000000000e+00,-2.367011312879443885e+00
0.000000000000000000e+00,-1.508893856436612779e+00
0.000000000000000000e+00,-4.621682814056390365e-01
0.000000000000000000e+00,-1.907869945085060914e+00
0.000000000000000000e+00,-1.193867532365151307e+00
0.000000000000000000e+00,-1.475486632486344707e+00
0.000000000000000000e+00,-1.433841383209764953e+00
0.000000000000000000e+00,-1.517224535366273219e+00
0.000000000000000000e+00,-1.495458065779585066e+00
0.000000000000000000e+00,-1.287175819966090318e+00
0.000000000000000000e+00,-1.447342845926308907e+00
0.000000000000000000e+00,1.833050826660508337e-01
0.000000000000000000e+00,-1.587603092481338241e+00
0.000000000000000000e+00,-7.461561574410165987e-01
0.000000000000000000e+00,-1.327082032379817589e+00
0.000000000000000000e+00,-1.119832212432208651e+00
0.000000000000000000e+00,2.735955100436319731e-01
0.000000000000000000e+00,-5.977449392199645217e-01
0.000000000000000000e+00,-1.776548734910251115e+00
0.000000000000000000e+00,-1.062196580291986825e+00
0.000000000000000000e+00,-9.374242489824391455e-01
0.000000000000000000e+00,-5.736901292648562967e-01
0.000000000000000000e+00,-9.838197772307045730e-01
0.000000000000000000e+00,2.602798636195179371e-01
0.000000000000000000e+00,-1.211401463170294956e+00
0.000000000000000000e+00,-1.117758197157249223e+00
0.000000000000000000e+00,-1.015897269247198809e+00
0.000000000000000000e+00,-2.499808389367162986e-01
0.000000000000000000e+00,-1.145966128519603222e+00
0.000000000000000000e+00,-1.384385740622328775e+00
0.000000000000000000e+00,-1.659335817645345879e+00
0.000000000000000000e+00,-7.745784138968311305e-01
0.000000000000000000e+00,-1.039072888141959750e+00
0.000000000000000000e+00,-1.002864674490457686e+00
0.000000000000000000e+00,-7.671213260844582660e-01
0.000000000000000000e+00,-9.168067858944213278e-01
0.000000000000000000e+00,-1.811648668921697292e+00
0.000000000000000000e+00,-1.883017397786834968e+00
0.000000000000000000e+00,-1.457281726685522028e+00
0.000000000000000000e+00,-1.375428886241465420e+00
0.000000000000000000e+00,-6.989404920773952812e-01
0.000000000000000000e+00,-1.545127524374748873e+00
0.000000000000000000e+00,-1.299583766528826789e+00
0.000000000000000000e+00,-5.881064190430357330e-01
0.000000000000000000e+00,-1.055066325519997905e+00
0.000000000000000000e+00,-7.114507648724013311e-01
0.000000000000000000e+00,-1.423464179634709836e+00
0.000000000000000000e+00,-1.871485078684317349e+00
0.000000000000000000e+00,-6.492257248520223456e-01
0.000000000000000000e+00,-1.425774410689635285e+00
0.000000000000000000e+00,-8.356289931319053066e-01
0.000000000000000000e+00,-2.910722029361346719e-01
0.000000000000000000e+00,-8.043721473164995306e-01
0.000000000000000000e+00,-9.070084127974293864e-01
0.000000000000000000e+00,-8.584090791862246383e-02
0.000000000000000000e+00,-1.227889222794770419e+00
0.000000000000000000e+00,-1.287243528368537504e+00
0.000000000000000000e+00,-1.264600922235898040e+00
0.000000000000000000e+00,-1.074279221071537282e+00
0.000000000000000000e+00,-2.814280828161462855e-01
0.000000000000000000e+00,-7.274599839081526964e-01
0.000000000000000000e+00,-7.320000104722392820e-01
0.000000000000000000e+00,-1.286734442635852238e+00
0.000000000000000000e+00,-1.389446561890952170e+00
0.000000000000000000e+00,-2.068416239916130106e+00
0.000000000000000000e+00,-6.438574158008569803e-01
0.000000000000000000e+00,-1.058326001466381117e+00
0.000000000000000000e+00,-1.726211891693391620e-01
0.000000000000000000e+00,-1.220650532761719642e+00
0.000000000000000000e+00,-1.008669779100267005e+00
0.000000000000000000e+00,-5.954280900505142249e-01
0.000000000000000000e+00,-9.594793701795599761e-01
0.000000000000000000e+00,-1.342186606068587418e+00
0.000000000000000000e+00,-8.920255105987713318e-01
0.000000000000000000e+00,-1.327297375644743482e+00
0.000000000000000000e+00,-9.357804111515987122e-01
0.000000000000000000e+00,-8.474413093873999214e-01
0.000000000000000000e+00,-1.626214190791114289e+00
0.000000000000000000e+00,-1.403564018344045428e+00
0.000000000000000000e+00,-1.389597251267827183e+00
0.000000000000000000e+00,-2.076942916852874355e+00
0.000000000000000000e+00,-5.371902094885256940e-01
0.000000000000000000e+00,-1.581469118488214365e+00
0.000000000000000000e+00,-6.755800750616696160e-01
0.000000000000000000e+00,-9.330573115674655194e-01
0.000000000000000000e+00,-1.406701513714584406e+00
0.000000000000000000e+00,-1.305970756131095145e+00
0.000000000000000000e+00,-3.406194809554541347e-01
0.000000000000000000e+00,-1.158148041017027285e+00
0.000000000000000000e+00,-1.096181107463119808e+00
0.000000000000000000e+00,-1.263946747069397469e+00
0.000000000000000000e+00,-1.937467198185767736e-01
0.000000000000000000e+00,-1.125869460136122324e+00
0.000000000000000000e+00,-8.072164093050117062e-01
0.000000000000000000e+00,-1.037173489273311322e+00
0.000000000000000000e+00,-6.820500456383657983e-01
0.000000000000000000e+00,-9.340413742887460069e-01
0.000000000000000000e+00,-1.865927898826325704e+00
0.000000000000000000e+00,-8.881966768032459880e-01
0.000000000000000000e+00,-9.124775208236665103e-01
0.000000000000000000e+00,-1.969656689063452870e-01
0.000000000000000000e+00,-1.364025365829316883e+00
0.000000000000000000e+00,-1.443917717116802946e+00
0.000000000000000000e+00,-8.550246504614785747e-01
0.000000000000000000e+00,-6.464242260650557848e-01
0.000000000000000000e+00,-2.297273721475684427e-01
0.000000000000000000e+00,-1.258525493102032877e+00
0.000000000000000000e+00,-1.408965417967835476e+00
0.000000000000000000e+00,-9.407796330465673096e-01
0.000000000000000000e+00,-1.204374552802041087e+00
0.000000000000000000e+00,-1.731520101854245430e+00
0.000000000000000000e+00,-1.279329790653946253e+00
0.000000000000000000e+00,-1.592363553167677637e+00
0.000000000000000000e+00,-1.870356435614954238e+00
0.000000000000000000e+00,-1.949467340302768470e+00
0.000000000000000000e+00,-1.599000503864694389e+00
0.000000000000000000e+00,-1.262793667884865689e+00
0.000000000000000000e+00,-2.437766111124818058e-01
0.000000000000000000e+00,-1.768708305541166315e+00
0.000000000000000000e+00,-1.011388805998538754e+00
0.000000000000000000e+00,-1.541665741392489464e+00
0.000000000000000000e+00,-1.259454574564183416e+00
0.000000000000000000e+00,-4.052642054632857871e-01
0.000000000000000000e+00,-1.740839934362513164e+00
0.000000000000000000e+00,-1.156923180744186652e+00
0.000000000000000000e+00,-7.188243626246136886e-01
0.000000000000000000e+00,-2.220252077860955353e+00
0.000000000000000000e+00,-1.994455755585891943e+00
0.000000000000000000e+00,-6.636954686321336894e-01
0.000000000000000000e+00,-1.102919366220941111e+00
0.000000000000000000e+00,-1.196252089937048790e+00
0.000000000000000000e+00,-2.222891687384928261e+00
0.000000000000000000e+00,-1.313915038989647677e+00
0.000000000000000000e+00,-1.293601017772165185e-01
0.000000000000000000e+00,-1.625052966234859397e+00
0.000000000000000000e+00,-2.357162567068770975e-01
0.000000000000000000e+00,-1.480993921942533209e+00
0.000000000000000000e+00,-7.186421099323123673e-01
0.000000000000000000e+00,-7.315952873147545388e-01
0.000000000000000000e+00,-2.090028456525814704e+00
0.000000000000000000e+00,6.212104482072033917e-01
0.000000000000000000e+00,-1.090948215216848594e+00
0.000000000000000000e+00,-1.059777913975999297e+00
0.000000000000000000e+00,-8.376928266922110122e-01
0.000000000000000000e+00,-5.254664741505183922e-01
0.000000000000000000e+00,-7.457565251408586615e-01
0.000000000000000000e+00,2.032225528716264662e-01
0.000000000000000000e+00,-1.649057376702431910e+00
0.000000000000000000e+00,2.305217662011374569e-01
0.000000000000000000e+00,-1.436729935657020674e+00
0.000000000000000000e+00,-1.270238537639653886e+00
0.000000000000000000e+00,-3.354772059696009556e-01
0.000000000000000000e+00,-5.261282856030090604e-01
0.000000000000000000e+00,-2.121283775084022327e+00
0.000000000000000000e+00,-1.633689605689863766e+00
0.000000000000000000e+00,-1.343524483374084033e+00
0.000000000000000000e+00,-1.529917060853580590e+00
0.000000000000000000e+00,-1.134519335820176611e+00
0.000000000000000000e+00,-8.162430084312529699e-01
0.000000000000000000e+00,-2.630490161087865708e+00
0.000000000000000000e+00,-1.519700728370054099e+00
0.000000000000000000e+00,-1.614828997465342697e+00
0.000000000000000000e+00,-4.237750717894522290e-01
0.000000000000000000e+00,-1.315848037516653468e+00
0.000000000000000000e+00,-1.794171755718614536e+00
0.000000000000000000e+00,-1.414237509815523319e+00
0.000000000000000000e+00,-1.429547271828420230e-01
0.000000000000000000e+00,-1.038438058233301264e+00
0.000000000000000000e+00,-1.811717395495609839e+00
0.000000000000000000e+00,-1.682614780943841870e+00
0.000000000000000000e+00,-1.625108456579722027e+00
0.000000000000000000e+00,-5.582556680213065503e-01
0.000000000000000000e+00,-7.624611552874580589e-01
0.000000000000000000e+00,-7.072518257492138583e-01
0.000000000000000000e+00,-1.616262073802851473e+00
0.000000000000000000e+00,-1.126463563186165917e+00
0.000000000000000000e+00,-1.158118514044531588e+00
0.000000000000000000e+00,-9.081594556390306661e-01
0.000000000000000000e+00,-1.351908107219943922e+00
0.000000000000000000e+00,-7.671997252872918560e-01
0.000000000000000000e+00,-5.832914861832990683e-01
0.000000000000000000e+00,4.230258911276648520e-02
0.000000000000000000e+00,-3.020771092195905783e-01
0.000000000000000000e+00,-1.895006875877304209e+00
0.000000000000000000e+00,-3.076459980494339330e-01
0.000000000000000000e+00,-9.355625224580094157e-01
0.000000000000000000e+00,-1.051289927554938997e+00
0.000000000000000000e+00,-6.180564417826385215e-01
0.000000000000000000e+00,-1.293808188891513167e+00
0.000000000000000000e+00,-1.069684213248320637e+00
0.000000000000000000e+00,-1.204774185102199135e+00
0.000000000000000000e+00,-1.163678748416919317e+00
0.000000000000000000e+00,-9.072054289759785561e-01
0.000000000000000000e+00,4.383290082521818648e-02
0.000000000000000000e+00,-1.310772961847514573e+00
0.000000000000000000e+00,-1.027405661320280439e+00
0.000000000000000000e+00,-7.354047758524379086e-01
0.000000000000000000e+00,-2.102670609299440996e-01
0.000000000000000000e+00,-6.635549609699126217e-01
0.000000000000000000e+00,-1.183152295863593384e+00
0.000000000000000000e+00,-9.120590523513992798e-01
0.000000000000000000e+00,-1.542866674635893887e+00
0.000000000000000000e+00,-8.456864908668340064e-01
0.000000000000000000e+00,-9.780991808525210107e-01
0.000000000000000000e+00,-1.152920748713815557e+00
0.000000000000000000e+00,-1.481218937836380034e+00
0.000000000000000000e+00,-1.252430209624592949e+00
0.000000000000000000e+00,-1.553556965936550460e+00
0.000000000000000000e+00,-1.432977973807130878e+00
0.000000000000000000e+00,-9.000690651751974691e-01
0.000000000000000000e+00,-1.677466932788784226e-01
0.000000000000000000e+00,-1.172979235667345188e+00
0.000000000000000000e+00,-5.497753178862364587e-01
0.000000000000000000e+00,-1.493556630568005694e+00
0.000000000000000000e+00,-1.067555216714231037e+00
0.000000000000000000e+00,-8.997345958488233153e-01
0.000000000000000000e+00,-3.740796498219213784e-01
0.000000000000000000e+00,-1.313536815064117458e-01
0.000000000000000000e+00,-1.386693426248590821e+00
0.000000000000000000e+00,4.130325381950544772e-02
0.000000000000000000e+00,-7.755166589021699197e-01
0.000000000000000000e+00,-1.580048769294022604e+00
0.000000000000000000e+00,-1.379990294406324702e+00
0.000000000000000000e+00,-9.249653938464343916e-01
0.000000000000000000e+00,-1.931186071642043034e+00
0.000000000000000000e+00,-8.452425681079325237e-01
0.000000000000000000e+00,-1.409012253855242536e+00
0.000000000000000000e+00,-8.473013108109114233e-01
0.000000000000000000e+00,-7.892609555132048538e-01
0.000000000000000000e+00,-9.990689312675569145e-01
0.000000000000000000e+00,-8.780546708366915309e-01
0.000000000000000000e+00,-9.339517751997934436e-01
0.000000000000000000e+00,-1.008633634013246461e+00
0.000000000000000000e+00,-6.822923704471239859e-01
0.000000000000000000e+00,5.546378160296929760e-01
0.000000000000000000e+00,-1.331051373837564000e+00
0.000000000000000000e+00,-1.169733305035744353e+00
0.000000000000000000e+00,-1.034520643520288719e+00
0.000000000000000000e+00,-1.359862062707417385e+00
0.000000000000000000e+00,-5.983395513557407952e-01
0.000000000000000000e+00,-1.172421277704322140e+00
0.000000000000000000e+00,-4.287809117989457852e-01
0.000000000000000000e+00,2.274147892007048408e-02
0.000000000000000000e+00,-1.567666786103653287e+00
0.000000000000000000e+00,-7.050709024703903927e-01
0.000000000000000000e+00,-7.475194890331474662e-01
0.000000000000000000e+00,-1.054512949328568983e+00
0.000000000000000000e+00,-1.161118556267245472e+00
0.000000000000000000e+00,-9.334727255253366662e-01
0.000000000000000000e+00,-6.912344613417394923e-01
0.000000000000000000e+00,-1.074149404209702396e+00
0.000000000000000000e+00,-1.249079407332059022e+00
0.000000000000000000e+00,-1.436564991879630604e+00
0.000000000000000000e+00,-2.047124532744707889e-02
0.000000000000000000e+00,-1.076887776365816229e+00
0.000000000000000000e+00,-1.378307256974067529e+00
0.000000000000000000e+00,1.029430006504016948e+00
0.000000000000000000e+00,-2.038855158676298629e+00
0.000000000000000000e+00,-1.059394063333554792e+00
0.000000000000000000e+00,-1.405999484489211415e+00
0.000000000000000000e+00,-8.615872746415234040e-01
0.000000000000000000e+00,-6.064930684504269420e-01
0.000000000000000000e+00,-1.433380151535952107e+00
0.000000000000000000e+00,-1.038105116164125263e+00
0.000000000000000000e+00,-1.030865917045341584e+00
0.000000000000000000e+00,-1.515303754896851984e+00
0.000000000000000000e+00,-1.524965183931751733e+00
0.000000000000000000e+00,-1.284918533827364318e+00
0.000000000000000000e+00,-7.778447079577393009e-01
0.000000000000000000e+00,-1.789679583213400260e+00
0.000000000000000000e+00,-1.067355146021285783e+00
0.000000000000000000e+00,-1.252867514268969584e+00
0.000000000000000000e+00,-1.441713884980008853e+00
0.000000000000000000e+00,-1.424708894251125013e+00
0.000000000000000000e+00,-5.489124175693350649e-01
0.000000000000000000e+00,-8.593961696480463264e-01
0.000000000000000000e+00,-1.138233625325847820e+00
0.000000000000000000e+00,-9.180851001691938684e-01
0.000000000000000000e+00,-7.376900617064616750e-01
0.000000000000000000e+00,-1.449730967098335155e+00
0.000000000000000000e+00,-1.036606876852832704e+00
0.000000000000000000e+00,-1.148667337417230927e+00
0.000000000000000000e+00,-1.592513224373087066e+00
0.000000000000000000e+00,-2.951611795410621353e-01
0.000000000000000000e+00,-1.448066256752454706e+00
0.000000000000000000e+00,-1.014377139249400761e+00
0.000000000000000000e+00,-1.512750689947435667e+00
0.000000000000000000e+00,-8.634011471070808241e-01
0.000000000000000000e+00,-4.877254033579012660e-01
0.000000000000000000e+00,-1.419719344985077569e+00
0.000000000000000000e+00,-2.074974282324580699e+00
0.000000000000000000e+00,-1.319246693868059817e+00
0.000000000000000000e+00,-9.201265339572615165e-01
0.000000000000000000e+00,-1.030906643903956477e+00
0.000000000000000000e+00,-1.448632360087200643e+00
0.000000000000000000e+00,-3.710271717687409487e-01
0.000000000000000000e+00,-8.869799619021283554e-01
0.000000000000000000e+00,-1.180513704511086059e+00
0.000000000000000000e+00,-9.526535486757168325e-01
0.000000000000000000e+00,-3.656970441475269062e-01
0.000000000000000000e+00,-1.680253641315647917e+00
0.000000000000000000e+00,-2.013072511744456783e+00
0.000000000000000000e+00,-2.077699927337377073e+00
0.000000000000000000e+00,-4.444408980220750927e-01
0.000000000000000000e+00,-4.741720138966232789e-01
0.000000000000000000e+00,-1.491829302677004865e+00
0.000000000000000000e+00,-7.391816829032293867e-01
0.000000000000000000e+00,-8.421473268532064793e-01
0.000000000000000000e+00,-3.680418930322749138e-01
0.000000000000000000e+00,-1.371416781582173394e+00
0.000000000000000000e+00,-1.047223886581837293e-01
0.000000000000000000e+00,-1.154195499388459334e+00
0.000000000000000000e+00,-2.205111359085164757e+00
0.000000000000000000e+00,-1.308719819087595271e+00
0.000000000000000000e+00,-7.382999464142185886e-01
0.000000000000000000e+00,-4.426137893274679214e-01
0.000000000000000000e+00,-1.154061100755030544e+00
0.000000000000000000e+00,-1.390543641644888861e+00
0.000000000000000000e+00,-1.376706182344772600e+00
0.000000000000000000e+00,-1.670797373831020449e+00
0.000000000000000000e+00,-8.977613795489354231e-01
0.000000000000000000e+00,-1.215742946298634219e+00
0.000000000000000000e+00,-6.722033093967687556e-01
0.000000000000000000e+00,-3.899331153973259467e-02
0.000000000000000000e+00,-9.997948875223660048e-01
0.000000000000000000e+00,-1.230549195748050550e+00
0.000000000000000000e+00,-8.878586438767430700e-01
0.000000000000000000e+00,-1.690053032584105441e+00
0.000000000000000000e+00,-1.841489238228772862e+00
0.000000000000000000e+00,-1.420252866832931504e+00
0.000000000000000000e+00,-1.084547989385530320e+00
0.000000000000000000e+00,-3.487755434788036846e-01
0.000000000000000000e+00,-1.544146007082131788e+00
0.000000000000000000e+00,-7.840972989265788673e-01
0.000000000000000000e+00,-1.443143906803121546e+00
0.000000000000000000e+00,-1.574883076364465895e+00
0.000000000000000000e+00,4.729321013623822845e-01
0.000000000000000000e+00,-1.917124614619545087e+00
0.000000000000000000e+00,-1.733577826385758858e+00
0.000000000000000000e+00,-1.115538583362741587e+00
0.000000000000000000e+00,-9.547693089807565148e-01
0.000000000000000000e+00,-1.474899147550825962e+00
0.000000000000000000e+00,-1.971900203113541528e+00
0.000000000000000000e+00,-9.071565567456407742e-01
0.000000000000000000e+00,-1.407552705059633924e+00
0.000000000000000000e+00,-1.205679848620646144e+00
0.000000000000000000e+00,-1.080552175469684295e+00
0.000000000000000000e+00,-1.353049986518356729e+00
0.000000000000000000e+00,-1.792396573768741286e+00
0.000000000000000000e+00,-4.609571664475809460e-01
0.000000000000000000e+00,-1.576025973834344285e+00
0.000000000000000000e+00,-1.632423294899346469e-02
0.000000000000000000e+00,-1.305309962850069727e+00
0.000000000000000000e+00,-1.599955548699211860e+00
0.000000000000000000e+00,-7.939236717388685749e-01
0.000000000000000000e+00,-9.116594200512413426e-01
0.000000000000000000e+00,-1.376992797612274222e+00
0.000000000000000000e+00,-1.150620699373543943e+00
0.000000000000000000e+00,-1.619458114032649165e+00
0.000000000000000000e+00,-5.807206032332388190e-01
0.000000000000000000e+00,-8.470437134301727067e-01
0.000000000000000000e+00,8.146823718854202534e-01
0.000000000000000000e+00,-1.956861301484288163e+00
0.000000000000000000e+00,-7.283783745699168310e-01
0.000000000000000000e+00,-1.262782467998746494e+00
0.000000000000000000e+00,1.226841717893629585e-01
0.000000000000000000e+00,-9.806420640872836048e-01
0.000000000000000000e+00,-1.228113220517151882e+00
0.000000000000000000e+00,-8.501379365134333899e-01
0.000000000000000000e+00,-1.236276410240759072e+00
0.000000000000000000e+00,-9.997704514071971138e-01
0.000000000000000000e+00,-2.602511345079074889e-01
0.000000000000000000e+00,-4.090665668007115174e-01
0.000000000000000000e+00,-1.611561176147236374e+00
0.000000000000000000e+00,-2.783618862220382101e-02
0.000000000000000000e+00,-1.619780874387171554e+00
0.000000000000000000e+00,-7.420437628923854945e-01
0.000000000000000000e+00,-7.351894325875120151e-01
0.000000000000000000e+00,-1.042294382658391694e+00
0.000000000000000000e+00,-1.069995773716724052e+00
0.000000000000000000e+00,-1.579064197487009436e+00
0.000000000000000000e+00,2.548850821102529030e-01
0.000000000000000000e+00,-4.755730178329729552e-01
0.000000000000000000e+00,-1.870379853558657768e+00
0.000000000000000000e+00,-1.355013530189323578e+00
0.000000000000000000e+00,-1.348152072684192460e+00
0.000000000000000000e+00,-1.274053626120396743e+00
0.000000000000000000e+00,-8.598334742924229612e-01
0.000000000000000000e+00,-2.582702819220293877e-01
0.000000000000000000e+00,-1.448379853563788622e+00
0.000000000000000000e+00,-1.332528231548083753e+00
0.000000000000000000e+00,-2.122317219121373277e+00
0.000000000000000000e+00,-1.160650197393175098e+00
0.000000000000000000e+00,-1.266363377042454275e+00
0.000000000000000000e+00,-9.091664272182818918e-01
0.000000000000000000e+00,-8.449798798698670010e-01
0.000000000000000000e+00,-6.483246431051695735e-01
0.000000000000000000e+00,-8.410650105855177472e-01
0.000000000000000000e+00,-9.061628213954392441e-01
0.000000000000000000e+00,-1.306462532948869049e+00
0.000000000000000000e+00,-1.171785938709930974e+00
0.000000000000000000e+00,-1.913558978147818168e+00
0.000000000000000000e+00,-1.505101167728107869e+00
0.000000000000000000e+00,-1.262715268682031988e+00
0.000000000000000000e+00,-7.748685927644616278e-01
0.000000000000000000e+00,-8.639575778129057193e-01
0.000000000000000000e+00,-1.079422005143123142e+00
0.000000000000000000e+00,-1.456681514606686267e+00
0.000000000000000000e+00,-7.845773667725010059e-01
0.000000000000000000e+00,-1.038149406622868698e+00
0.000000000000000000e+00,-1.328934086275326276e+00
0.000000000000000000e+00,-2.251851538374458173e+00
0.000000000000000000e+00,-2.138649198511647143e+00
0.000000000000000000e+00,-6.723860711748027574e-01
0.000000000000000000e+00,-1.166994932879630520e+00
0.000000000000000000e+00,-9.029011091061251992e-01
0.000000000000000000e+00,-6.029936131239489461e-01
0.000000000000000000e+00,-3.260779560870341598e-01
0.000000000000000000e+00,-1.037594503174241956e+00
0.000000000000000000e+00,-1.841349239652284364e+00
0.000000000000000000e+00,-9.454530400726174344e-01
0.000000000000000000e+00,-7.356730640335629179e-01
0.000000000000000000e+00,-2.976144636868721105e-01
0.000000000000000000e+00,-1.217444310817268338e+00
0.000000000000000000e+00,-1.625533543166514328e+00
0.000000000000000000e+00,-1.323344324930442850e+00
0.000000000000000000e+00,-1.327699044287832031e+00
0.000000000000000000e+00,-1.222988763531942746e+00
0.000000000000000000e+00,-6.571929433424006373e-02
0.000000000000000000e+00,-1.097363204534414827e+00
0.000000000000000000e+00,-1.862988223232472235e-02
0.000000000000000000e+00,-1.423533415294355065e+00
0.000000000000000000e+00,-2.859375642362717573e-01
0.000000000000000000e+00,-6.971994188716118535e-01
0.000000000000000000e+00,-4.517864960589897949e-01
0.000000000000000000e+00,-8.642981561680721514e-01
0.000000000000000000e+00,-1.813280797780685960e+00
0.000000000000000000e+00,-1.338357263187329282e+00
0.000000000000000000e+00,-1.449163845592123856e+00
0.000000000000000000e+00,-1.369911415070623306e+00
0.000000000000000000e+00,2.366669400803804724e-01
0.000000000000000000e+00,-2.536096020392963890e-01
0.000000000000000000e+00,-2.192491123771898920e+00
0.000000000000000000e+00,-1.607439108969684227e+00
0.000000000000000000e+00,-1.733066704310143091e+00
0.000000000000000000e+00,-6.486825303752472571e-01
0.000000000000000000e+00,-9.218131349896475646e-01
0.000000000000000000e+00,-7.607027731667633796e-01
0.000000000000000000e+00,-8.348215831598665426e-01
0.000000000000000000e+00,-4.137557554844748520e-01
0.000000000000000000e+00,-1.433171426385551062e+00
0.000000000000000000e+00,-8.777069652812675704e-01
0.000000000000000000e+00,-2.600266276997932891e-01
0.000000000000000000e+00,-1.143121866531090935e+00
0.000000000000000000e+00,-1.692267046435553368e+00
0.000000000000000000e+00,-6.480278461230141174e-01
0.000000000000000000e+00,-1.384871408411310512e+00
0.000000000000000000e+00,-1.199013370951133473e+00
0.000000000000000000e+00,-2.157779622174491596e+00
0.000000000000000000e+00,-9.935306143555296121e-02
0.000000000000000000e+00,-1.315903018775783417e+00
0.000000000000000000e+00,-1.038050134904995092e+00
0.000000000000000000e+00,-7.740092560476889982e-01
0.000000000000000000e+00,-4.227121007796055263e-01
0.000000000000000000e+00,-1.876826915277383101e+00
0.000000000000000000e+00,-1.156309223350568294e+00
0.000000000000000000e+00,-1.601474151439811866e+00
0.000000000000000000e+00,-2.214735651635433289e-01
0.000000000000000000e+00,-7.387795051744080466e-01
0.000000000000000000e+00,-1.480236402372297588e+00
0.000000000000000000e+00,-7.298700225405392594e-02
0.000000000000000000e+00,-2.216705813420925264e-01
0.000000000000000000e+00,-1.861080384479697258e+00
0.000000000000000000e+00,-8.117869810130594610e-01
0.000000000000000000e+00,-1.974873263792423117e+00
0.000000000000000000e+00,-1.482127146783490446e+00
0.000000000000000000e+00,-5.800262102938562592e-01
0.000000000000000000e+00,-2.685807952661026787e-01
0.000000000000000000e+00,-9.051166502147711679e-01
0.000000000000000000e+00,-3.560590330563307981e-01
0.000000000000000000e+00,-1.057257430513474983e+00
0.000000000000000000e+00,-7.267034825093824368e-01
0.000000000000000000e+00,-1.423612832668653905e+00
0.000000000000000000e+00,-9.517310853280912530e-01
0.000000000000000000e+00,-1.972086528491704405e+00
0.000000000000000000e+00,2.172178287488752135e-01
0.000000000000000000e+00,-3.306128917937938838e-01
0.000000000000000000e+00,-1.112564504512394636e+00
0.000000000000000000e+00,-8.594934050229892097e-01
0.000000000000000000e+00,-8.910409387917581636e-01
0.000000000000000000e+00,-1.618282635075878995e+00
0.000000000000000000e+00,-1.278883831552113826e+00
0.000000000000000000e+00,-2.334732249686661265e-01
0.000000000000000000e+00,-9.603091799238367976e-01
0.000000000000000000e+00,1.547567283516356529e+00
0.000000000000000000e+00,-8.054397000979404142e-01
0.000000000000000000e+00,-4.977477741772747266e-01
0.000000000000000000e+00,-1.434153961849633507e+00
0.000000000000000000e+00,-9.543101136498745030e-01
0.000000000000000000e+00,-9.946587215653051040e-01
0.000000000000000000e+00,-1.283456439603092303e+00
0.000000000000000000e+00,-1.328433655000096802e+00
0.000000000000000000e+00,-1.198179488520995095e+00
0.000000000000000000e+00,-9.190661083760782724e-01
0.000000000000000000e+00,-1.156892126514492913e+00
0.000000000000000000e+00,-1.324080971985638344e+00
0.000000000000000000e+00,2.499469237293516430e-02
0.000000000000000000e+00,-1.145966128519603222e+00
0.000000000000000000e+00,-1.195615732771192485e+00
0.000000000000000000e+00,-9.676700505327320290e-01
0.000000000000000000e+00,-1.104146262836712244e+00
0.000000000000000000e+00,-9.563831107533685705e-01
0.000000000000000000e+00,-9.346146048237495840e-01
0.000000000000000000e+00,-1.335665726918622731e+00
0.000000000000000000e+00,-1.789422494918394335e+00
0.000000000000000000e+00,-1.356792784825058273e+00
0.000000000000000000e+00,-1.639013624282285475e+00
0.000000000000000000e+00,-6.566084861474230649e-01
0.000000000000000000e+00,-9.603835064408088318e-01
0.000000000000000000e+00,7.596593677253388188e-01
0.000000000000000000e+00,-8.935873856266495219e-01
0.000000000000000000e+00,-6.849716886582462028e-01
0.000000000000000000e+00,-1.252555444714833488e+00
0.000000000000000000e+00,-1.665378665292319260e+00
0.000000000000000000e+00,-1.842598536040293888e+00
0.000000000000000000e+00,-1.425225616269800488e+00
0.000000000000000000e+00,-1.388711951178687620e+00
0.000000000000000000e+00,-1.609276908464677858e+00
0.000000000000000000e+00,-8.401649470101303363e-01
0.000000000000000000e+00,-5.233888952754300883e-01
0.000000000000000000e+00,-2.196347448196989127e+00
0.000000000000000000e+00,-1.583826185430546873e+00
0.000000000000000000e+00,-1.025454844792630604e+00
0.000000000000000000e+00,-1.225850334435366173e+00
0.000000000000000000e+00,-1.360050424428510984e+00
0.000000000000000000e+00,-1.585811619788018989e+00
0.000000000000000000e+00,-1.063200497356841856e+00
0.000000000000000000e+00,-2.543477763516899248e-01
0.000000000000000000e+00,-7.242140800504066889e-02
0.000000000000000000e+00,-8.907757051250292379e-01
0.000000000000000000e+00,-1.097857017695119453e+00
0.000000000000000000e+00,-3.900654776878240831e-02
0.000000000000000000e+00,-9.885069295715371851e-01
0.000000000000000000e+00,-2.284724758164994318e-01
0.000000000000000000e+00,-1.483747566670627460e+00
0.000000000000000000e+00,2.886843020746885369e-01
0.000000000000000000e+00,-1.360241840664000668e+00
0.000000000000000000e+00,-9.907377432521636829e-01
0.000000000000000000e+00,-1.507112565457947140e+00
0.000000000000000000e+00,-1.287806068103154677e+00
0.000000000000000000e+00,-9.096072954627872909e-01
0.000000000000000000e+00,-6.073417143668131679e-01
0.000000000000000000e+00,-5.998861538116384562e-01
0.000000000000000000e+00,-1.099344057120292817e+00
0.000000000000000000e+00,-1.612665409875285449e-01
0.000000000000000000e+00,-5.192429010684418422e-01
0.000000000000000000e+00,-1.121522377064723353e+00
0.000000000000000000e+00,4.764188027716883406e-02
0.000000000000000000e+00,-9.208865989561605403e-01
0.000000000000000000e+00,-9.844322073671248896e-01
0.000000000000000000e+00,-1.000289718854536103e+00
0.000000000000000000e+00,-8.684752046047541363e-01
0.000000000000000000e+00,-1.459730429059737933e+00
0.000000000000000000e+00,-6.596120919702658236e-01
0.000000000000000000e+00,-1.226214839819968816e+00
0.000000000000000000e+00,-1.545313849752911750e+00
0.000000000000000000e+00,-9.435801136620685092e-01
0.000000000000000000e+00,-9.605983406200020447e-01
0.000000000000000000e+00,-1.032229757723205354e+00
0.000000000000000000e+00,-1.415673131581695499e+00
0.000000000000000000e+00,-1.257116343793960311e+00
0.000000000000000000e+00,-9.171809639079450127e-01
0.000000000000000000e+00,-1.897699939403208802e+00
0.000000000000000000e+00,-8.793350214543947940e-01
0.000000000000000000e+00,-1.213744275712112186e+00
0.000000000000000000e+00,-3.081525383534556850e-01
0.000000000000000000e+00,-1.238094355392177937e+00
0.000000000000000000e+00,-1.087886064534747232e+00
0.000000000000000000e+00,-1.500230235437776116e+00
0.000000000000000000e+00,-1.154560513858794657e+00
0.000000000000000000e+00,-1.354179647759185201e+00
0.000000000000000000e+00,-1.103070055597815902e+00
0.000000000000000000e+00,-1.895635623531025105e-01
0.000000000000000000e+00,-1.488001487052944993e+00
0.000000000000000000e+00,-8.010335630815500485e-01
0.000000000000000000e+00,-1.221864193148441080e+00
0.000000000000000000e+00,-4.350396117965775744e-01
0.000000000000000000e+00,-1.498681596638947733e+00
0.000000000000000000e+00,-1.380528398025772985e+00
0.000000000000000000e+00,-6.620002131422920710e-01
0.000000000000000000e+00,-1.187717776714314333e+00
0.000000000000000000e+00,-8.233829358321628211e-01
0.000000000000000000e+00,-6.536624070123738806e-01
0.000000000000000000e+00,-1.493310233073386062e+00
0.000000000000000000e+00,-4.293047610178788442e-01
0.000000000000000000e+00,-1.675649979034975701e+00
0.000000000000000000e+00,-1.099549727756297779e+00
0.000000000000000000e+00,-1.617672750368122081e+00
0.000000000000000000e+00,-1.514284565260016313e+00
0.000000000000000000e+00,-1.302287011769384995e+00
0.000000000000000000e+00,-1.022903816186145232e+00
0.000000000000000000e+00,-1.328313001681450389e+00
0.000000000000000000e+00,-1.483228299223288582e+00
0.000000000000000000e+00,-4.915435463530402616e-01
0.000000000000000000e+00,-8.095755125902749372e-01
0.000000000000000000e+00,-1.127197664812698008e+00
0.000000000000000000e+00,-1.189376378031402615e+00
0.000000000000000000e+00,-5.599743414548516984e-01
0.000000000000000000e+00,-1.421877359405929964e+00
0.000000000000000000e+00,-9.874414131330270239e-01
0.000000000000000000e+00,-1.154838983754573389e+00
0.000000000000000000e+00,-1.341161307402959357e+00
0.000000000000000000e+00,-9.920389931587619836e-02
0.000000000000000000e+00,-5.946522433939019914e-01
0.000000000000000000e+00,-7.980304663444400814e-01
0.000000000000000000e+00,-8.746595780854139468e-01
0.000000000000000000e+00,-1.750448418481213686e+00
0.000000000000000000e+00,-1.103326634807089146e+00
0.000000000000000000e+00,-8.721345128512953959e-01
0.000000000000000000e+00,-1.599031049008655669e+00
0.000000000000000000e+00,-1.546996887185168923e+00
0.000000000000000000e+00,-6.781570670405221435e-01
0.000000000000000000e+00,-6.625062443605811424e-01
0.000000000000000000e+00,-1.905339279907882766e+00
0.000000000000000000e+00,-1.494611456206129452e+00
0.000000000000000000e+00,-1.466229926608929812e+00
0.000000000000000000e+00,-1.627735848046110378e+00
0.000000000000000000e+00,-9.410769391144554463e-01
0.000000000000000000e+00,-1.343659391093245725e+00
0.000000000000000000e+00,-1.872627467068462837e+00
0.000000000000000000e+00,-7.851745243369407934e-01
0.000000000000000000e+00,2.369148648321981465e-01
0.000000000000000000e+00,-7.880126772966606907e-01
0.000000000000000000e+00,1.152051932904847309e-01
0.000000000000000000e+00,-1.348551195898617827e+00
0.000000000000000000e+00,-1.166072978617737732e+00
0.000000000000000000e+00,-2.220371230696258635e-01
0.000000000000000000e+00,-6.801623557415691357e-01
0.000000000000000000e+00,-1.286744115264773392e+00
0.000000000000000000e+00,-3.244397181992532131e-01
0.000000000000000000e+00,-1.336088268076751406e+00
0.000000000000000000e+00,-9.321811750215143189e-01
0.000000000000000000e+00,-9.005766236506845823e-01
0.000000000000000000e+00,-1.216645555302685144e+00
0.000000000000000000e+00,-2.655344262417144163e-01
0.000000000000000000e+00,-1.522042013654673287e+00
0.000000000000000000e+00,-4.428764775655334995e-01
0.000000000000000000e+00,-1.431070429566759339e+00
0.000000000000000000e+00,-4.691351196574359284e-01
0.000000000000000000e+00,-2.242984818942135028e-01
0.000000000000000000e+00,-1.001215745802290336e+00
0.000000000000000000e+00,-4.418471062140440497e-01
0.000000000000000000e+00,-3.568425159989332962e-01
0.000000000000000000e+00,-7.175653936076832329e-01
0.000000000000000000e+00,-2.743584092463469681e-01
0.000000000000000000e+00,-8.082147264268073616e-01
0.000000000000000000e+00,-1.390859274799153722e+00
0.000000000000000000e+00,-1.396733105982875589e+00
0.000000000000000000e+00,-4.078147249840386457e-01
0.000000000000000000e+00,-1.333480221868205140e+00
0.000000000000000000e+00,-1.364648486766123714e+00
0.000000000000000000e+00,5.780883412201038851e-01
0.000000000000000000e+00,-1.492933000545466404e+00
0.000000000000000000e+00,-1.513721007353933778e+00
0.000000000000000000e+00,-1.189011363561067292e+00
0.000000000000000000e+00,-1.214052781666119518e+00
0.000000000000000000e+00,-1.188685039606416138e+00
0.000000000000000000e+00,-1.542966455439500173e+00
0.000000000000000000e+00,-9.405373082378091221e-01
0.000000000000000000e+00,-1.165768036263859386e+00
0.000000000000000000e+00,-1.803024247524277479e+00
0.000000000000000000e+00,-1.089054925376992333e+00
0.000000000000000000e+00,-1.163813656136080787e+00
0.000000000000000000e+00,-9.568351788839930538e-01
0.000000000000000000e+00,-8.491151832764688434e-01
0.000000000000000000e+00,-3.537131660001173739e-01
0.000000000000000000e+00,-9.743854004325824825e-01
0.000000000000000000e+00,-5.106332431572697672e-01
0.000000000000000000e+00,-6.964235722149996199e-01
0.000000000000000000e+00,-1.415805493872193788e+00
0.000000000000000000e+00,-1.596166932676568617e+00
0.000000000000000000e+00,-7.830277098022072613e-01
0.000000000000000000e+00,-1.428118241402917876e+00
0.000000000000000000e+00,-7.494087061871422817e-01
0.000000000000000000e+00,-6.752613873930086719e-01
0.000000000000000000e+00,-1.660306644137576670e+00
0.000000000000000000e+00,-7.513931223731491471e-01
0.000000000000000000e+00,-1.460667146807878680e+00
0.000000000000000000e+00,-8.769453730251705048e-01
0.000000000000000000e+00,-1.138401141305755981e-01
0.000000000000000000e+00,-1.104153390036969995e+00
0.000000000000000000e+00,-1.687572257808730436e+00
0.000000000000000000e+00,-1.300214523751623608e+00
0.000000000000000000e+00,-6.348160531883678681e-01
0.000000000000000000e+00,-7.453100569532937758e-01
0.000000000000000000e+00,-2.319485131992739535e-01
0.000000000000000000e+00,-1.187373634759019136e+00
0.000000000000000000e+00,-1.144856830708082196e+00
0.000000000000000000e+00,-9.878720996628786999e-01
0.000000000000000000e+00,-1.215757200699149498e+00
0.000000000000000000e+00,-1.311362992211696721e+00
0.000000000000000000e+00,-8.749314298666678313e-01
0.000000000000000000e+00,-5.312664879030007947e-01
0.000000000000000000e+00,-8.795753099202221481e-01
0.000000000000000000e+00,-9.170419835029219868e-01
0.000000000000000000e+00,2.725152301188739634e-01
0.000000000000000000e+00,-1.150248048617218410e+00
0.000000000000000000e+00,-1.090811780240488860e+00
0.000000000000000000e+00,1.023687519439327787e+00
0.000000000000000000e+00,-1.824803444254282869e+00
1.000000000000000000e+00,1.350289434900585173e+00
1.000000000000000000e+00,-1.413806340973793874e-01
1.000000000000000000e+00,6.283758298947476062e-01
1.000000000000000000e+00,2.758293782386546100e-01
1.000000000000000000e+00,2.354308799214208103e-01
1.000000000000000000e+00,1.085926787086367029e-01
1.000000000000000000e+00,-4.888469192270067931e-01
1.000000000000000000e+00,1.763542832922189829e+00
1.000000000000000000e+00,9.269199942847928808e-01
1.000000000000000000e+00,7.896312811514470953e-01
1.000000000000000000e+00,-4.636329210585743432e-01
1.000000000000000000e+00,7.628299536685022586e-01
1.000000000000000000e+00,-2.839180211347095972e-01
1.000000000000000000e+00,4.260824686405616513e-01
1.000000000000000000e+00,1.893176423893148330e+00
1.000000000000000000e+00,2.570904415042452040e-01
1.000000000000000000e+00,4.648396745556183651e-01
1.000000000000000000e+00,-8.092858428083770095e-01
1.000000000000000000e+00,4.198115505853454166e-01
1.000000000000000000e+00,4.905184679979923690e-01
1.000000000000000000e+00,-7.886678706346266221e-01
1.000000000000000000e+00,-5.246463370351625022e-01
1.000000000000000000e+00,-3.722632319277006108e-01
1.000000000000000000e+00,6.550997763463243251e-01
1.000000000000000000e+00,3.937937060450030224e-01
1.000000000000000000e+00,-3.304510025308000087e-01
1.000000000000000000e+00,9.830410963702763683e-01
1.000000000000000000e+00,7.163392263882246702e-01
1.000000000000000000e+00,-2.717457812662065209e-01
1.000000000000000000e+00,-1.512838788553045044e-01
1.000000000000000000e+00,4.775281273570642360e-01
1.000000000000000000e+00,5.265113383845685391e-01
1.000000000000000000e+00,-1.931169807672452055e-01
1.000000000000000000e+00,2.402946582376403253e-02
1.000000000000000000e+00,4.603734654227711331e-01
1.000000000000000000e+00,1.671267989358601769e+00
1.000000000000000000e+00,1.086250592386209801e+00
1.000000000000000000e+00,2.245562995855323318e-01
1.000000000000000000e+00,8.382148598787935168e-01
1.000000000000000000e+00,1.117097624186803806e+00
1.000000000000000000e+00,1.769415645934446113e+00
1.000000000000000000e+00,9.756221899878549930e-01
1.000000000000000000e+00,-9.290670975946789811e-01
1.000000000000000000e+00,1.274297189411200293e+00
1.000000000000000000e+00,2.933299666056927713e+00
1.000000000000000000e+00,-3.244208820271438642e-01
1.000000000000000000e+00,5.340167625676914970e-02
1.000000000000000000e+00,-5.439462862469910398e-01
1.000000000000000000e+00,8.016304318708371568e-01
1.000000000000000000e+00,1.168404302498283309e+00
1.000000000000000000e+00,7.607294659354431055e-01
1.000000000000000000e+00,7.715551740409938297e-01
1.000000000000000000e+00,8.265970143731845576e-01
1.000000000000000000e+00,-2.987028889833530654e-01
1.000000000000000000e+00,-2.633295759334548514e-01
1.000000000000000000e+00,-3.402361393987421434e-01
1.000000000000000000e+00,1.670742612882470501e+00
1.000000000000000000e+00,1.501129501152278278e+00
1.000000000000000000e+00,-1.299750773423002381e-01
1.000000000000000000e+00,2.470818159996542307e-01
1.000000000000000000e+00,7.143232468867912743e-01
1.000000000000000000e+00,-8.540563961717662078e-02
1.000000000000000000e+00,1.415132702844164037e+00
1.000000000000000000e+00,7.471908399604130224e-01
1.000000000000000000e+00,4.983874061681074497e-01
1.000000000000000000e+00,1.785872351329227836e+00
1.000000000000000000e+00,-6.484061235962540470e-02
1.000000000000000000e+00,1.461510413091785532e+00
1.000000000000000000e+00,2.716798204315375442e-01
1.000000000000000000e+00,-8.113237397701707210e-02
1.000000000000000000e+00,6.615147656638904472e-01
1.000000000000000000e+00,6.550565040590460297e-01
1.000000000000000000e+00,-9.726310909977493591e-01
1.000000000000000000e+00,4.318723006783903862e-01
1.000000000000000000e+00,-3.406836257577724458e-01
1.000000000000000000e+00,2.138517538843607013e-01
1.000000000000000000e+00,-9.713583766660363050e-01
1.000000000000000000e+00,9.407482900417208915e-01
1.000000000000000000e+00,-2.913404911172597367e-01
1.000000000000000000e+00,3.611882921237142274e-01
1.000000000000000000e+00,5.077398201632672414e-01
1.000000000000000000e+00,4.624347535544134913e-01
1.000000000000000000e+00,1.811119413296430058e-01
1.000000000000000000e+00,1.631354649744616969e+00
1.000000000000000000e+00,4.723598889988441241e-01
1.000000000000000000e+00,7.391987030429880701e-01
1.000000000000000000e+00,-2.410815380175012484e-02
1.000000000000000000e+00,3.201839817845850700e-01
1.000000000000000000e+00,1.603747948632564091e+00
1.000000000000000000e+00,-2.805000462993160332e-02
1.000000000000000000e+00,5.131310380724034559e-01
1.000000000000000000e+00,-9.923021637087052760e-01
1.000000000000000000e+00,-1.743612442036571730e-01
1.000000000000000000e+00,-4.656402461025520578e-01
1.000000000000000000e+00,1.470946826232838234e+00
1.000000000000000000e+00,5.007378282220601579e-02
1.000000000000000000e+00,1.567179302282321052e+00
1.000000000000000000e+00,-6.261279960743623141e-01
1.000000000000000000e+00,1.915751321623340608e+00
1.000000000000000000e+00,-6.458041596426451481e-01
1.000000000000000000e+00,5.765707566509692406e-01
1.000000000000000000e+00,2.124776832606555477e+00
1.000000000000000000e+00,1.487567457233544443e+00
1.000000000000000000e+00,4.339361342386962028e-01
1.000000000000000000e+00,-1.072367630919159182e-01
1.000000000000000000e+00,9.651986596111256089e-01
1.000000000000000000e+00,1.524318356276088915e+00
1.000000000000000000e+00,1.482206784468369509e+00
1.000000000000000000e+00,1.553622349220914245e+00
1.000000000000000000e+00,1.192040617207269504e-01
1.000000000000000000e+00,6.250463824291314918e-02
1.000000000000000000e+00,1.444054881489475362e+00
1.000000000000000000e+00,3.981046440293812827e-01
1.000000000000000000e+00,1.112477671162685589e+00
1.000000000000000000e+00,5.163998775619751402e-01
1.000000000000000000e+00,-4.689900302236206797e-01
1.000000000000000000e+00,1.268576566259161931e-01
1.000000000000000000e+00,-1.254487960929961399e-01
1.000000000000000000e+00,9.003976457833595681e-01
1.000000000000000000e+00,1.341421643749086678e-01
1.000000000000000000e+00,5.871541399477617773e-01
1.000000000000000000e+00,1.113186827588316108e+00
1.000000000000000000e+00,-4.428897137945833062e-01
1.000000000000000000e+00,7.880057704069832747e-01
1.000000000000000000e+00,5.707824518703386030e-01
1.000000000000000000e+00,6.407547585707208393e-01
1.000000000000000000e+00,8.897226270546836346e-01
1.000000000000000000e+00,1.248342980587443751e+00
1.000000000000000000e+00,-8.264634136006410170e-01
1.000000000000000000e+00,-2.360135627747652620e-01
1.000000000000000000e+00,9.436001883162233872e-01
1.000000000000000000e+00,-5.147863645645156527e-01
1.000000000000000000e+00,1.859319650467064489e-01
1.000000000000000000e+00,2.579309956348672106e+00
1.000000000000000000e+00,5.835762586445954192e-02
1.000000000000000000e+00,-4.256938159159427415e-01
1.000000000000000000e+00,4.560574365810660669e-01
1.000000000000000000e+00,1.035919322338554993e+00
1.000000000000000000e+00,1.026810760409351486e+00
1.000000000000000000e+00,-2.393506465263715854e-02
1.000000000000000000e+00,2.135793930173741084e-01
1.000000000000000000e+00,-1.238835075133234875e+00
1.000000000000000000e+00,-3.316493903455409731e-01
1.000000000000000000e+00,6.461699035092932641e-01
1.000000000000000000e+00,1.000919169130715103e+00
1.000000000000000000e+00,1.285741945767696404e+00
1.000000000000000000e+00,1.802630435477759141e+00
1.000000000000000000e+00,-3.219619979382743469e-01
1.000000000000000000e+00,5.617100350281556409e-01
1.000000000000000000e+00,2.730915151682736242e-01
1.000000000000000000e+00,9.428925591477910206e-01
1.000000000000000000e+00,1.092679836104291091e+00
1.000000000000000000e+00,5.144398974911370548e-01
1.000000000000000000e+00,8.314424923768822806e-01
1.000000000000000000e+00,1.837062958093655052e+00
1.000000000000000000e+00,3.046507579088943429e-01
1.000000000000000000e+00,-6.475712229946503640e-02
1.000000000000000000e+00,1.870550617589687326e+00
1.000000000000000000e+00,6.089282458204403614e-01
1.000000000000000000e+00,7.456131832748215116e-01
1.000000000000000000e+00,5.253874916601287449e-03
1.000000000000000000e+00,1.367615658726793137e+00
1.000000000000000000e+00,1.225533903420216175e+00
1.000000000000000000e+00,-3.360926906204173559e-01
1.000000000000000000e+00,2.496903712939331776e-01
1.000000000000000000e+00,9.841279944095592258e-01
1.000000000000000000e+00,2.689221030175818483e-01
1.000000000000000000e+00,4.615998529528097527e-01
1.000000000000000000e+00,1.081808819368531349e+00
1.000000000000000000e+00,1.095510352778020779e+00
1.000000000000000000e+00,1.807299769817947821e+00
1.000000000000000000e+00,2.480502524663267483e+00
1.000000000000000000e+00,8.035140490817723746e-01
1.000000000000000000e+00,3.008478874857359320e-01
1.000000000000000000e+00,9.519038857020516442e-01
1.000000000000000000e+00,-2.271839798270731958e-01
1.000000000000000000e+00,-2.004523970895061846e-01
1.000000000000000000e+00,-7.499081192909063942e-01
1.000000000000000000e+00,8.743966010721957449e-01
1.000000000000000000e+00,6.558832592889267676e-01
1.000000000000000000e+00,-4.718597464987671075e-01
1.000000000000000000e+00,5.195330057342489871e-03
1.000000000000000000e+00,1.487001353898798506e+00
1.000000000000000000e+00,7.068783771320029663e-01
1.000000000000000000e+00,-4.019449664861782789e-01
1.000000000000000000e+00,-4.019449664861782789e-01
1.000000000000000000e+00,-1.685250853641540869e-01
1.000000000000000000e+00,-7.946684641657869586e-01
1.000000000000000000e+00,5.739443833560463615e-01
1.000000000000000000e+00,-4.773125905554131271e-02
1.000000000000000000e+00,1.527423779245468571e+00
1.000000000000000000e+00,7.789073634185784967e-02
1.000000000000000000e+00,9.858497223575005686e-01
1.000000000000000000e+00,-1.579885647286234304e-02
1.000000000000000000e+00,8.461255430789887955e-01
1.000000000000000000e+00,1.425171337633128477e-01
1.000000000000000000e+00,-1.718657059420343469e-01
1.000000000000000000e+00,1.180331163043632170e+00
1.000000000000000000e+00,2.797218477507656398e-01
1.000000000000000000e+00,-5.540872740420801357e-01
1.000000000000000000e+00,4.462081549108055656e-01
1.000000000000000000e+00,1.004834038415064246e+00
1.000000000000000000e+00,1.331873767606430725e+00
1.000000000000000000e+00,-4.673864101656622916e-01
1.000000000000000000e+00,2.069205516338517292e-01
1.000000000000000000e+00,-5.536706273394144742e-03
1.000000000000000000e+00,-5.393018971077039314e-01
1.000000000000000000e+00,8.852268909493407056e-01
1.000000000000000000e+00,1.143292630562120715e+00
1.000000000000000000e+00,-5.651451252417353244e-01
1.000000000000000000e+00,5.796512076455925117e-02
1.000000000000000000e+00,5.886951424605999517e-01
1.000000000000000000e+00,6.181416794105770718e-01
1.000000000000000000e+00,6.405989515626642206e-02
1.000000000000000000e+00,-4.131830608090589219e-02
1.000000000000000000e+00,-9.070878301717282266e-01
1.000000000000000000e+00,-3.390942601003292811e-01
1.000000000000000000e+00,7.755066707242413981e-02
1.000000000000000000e+00,1.372393937413776355e+00
1.000000000000000000e+00,-1.011384251000799483e-01
1.000000000000000000e+00,2.045810508266824090e+00
1.000000000000000000e+00,-2.312103656607352939e-02
1.000000000000000000e+00,1.783496421440931290e-01
1.000000000000000000e+00,8.292096423533250604e-01
1.000000000000000000e+00,6.461699035092932641e-01
1.000000000000000000e+00,8.102502714966629549e-01
1.000000000000000000e+00,2.204663048091394517e-01
1.000000000000000000e+00,4.586649737038795971e-01
1.000000000000000000e+00,-3.975403567269859550e-01
1.000000000000000000e+00,1.687359171197315488e+00
1.000000000000000000e+00,1.149664347592408653e+00
1.000000000000000000e+00,3.785206249787144706e-01
1.000000000000000000e+00,-4.636329210585743432e-01
1.000000000000000000e+00,8.440617095186829788e-01
1.000000000000000000e+00,1.491576480604585586e-01
1.000000000000000000e+00,-2.202975771210405331e-01
1.000000000000000000e+00,7.636755182966374622e-02
1.000000000000000000e+00,4.360895668879545828e-01
1.000000000000000000e+00,1.620056000993401746e+00
1.000000000000000000e+00,-2.765016601809516250e-01
1.000000000000000000e+00,1.628689076848277129e+00
1.000000000000000000e+00,4.313209608298923525e-01
1.000000000000000000e+00,7.093586428216452910e-01
1.000000000000000000e+00,6.379171146967335115e-01
1.000000000000000000e+00,-3.393809021416858973e-02
1.000000000000000000e+00,7.965024112854991456e-01
1.000000000000000000e+00,6.108612443474460418e-01
1.000000000000000000e+00,1.033103569151073264e+00
1.000000000000000000e+00,6.662650446355760092e-01
1.000000000000000000e+00,1.832241380345538684e-01
1.000000000000000000e+00,1.423368691827545218e+00
1.000000000000000000e+00,-7.905453788167695617e-01
1.000000000000000000e+00,-5.981740984926181559e-01
1.000000000000000000e+00,3.742112142515342521e-01
1.000000000000000000e+00,-2.003887613729205541e-01
1.000000000000000000e+00,-8.421809265115637322e-01
1.000000000000000000e+00,2.005908368538958264e+00
1.000000000000000000e+00,1.714029154561227397e+00
1.000000000000000000e+00,1.342006610029796931e+00
1.000000000000000000e+00,-6.171874324369448495e-01
1.000000000000000000e+00,-2.716139280614410789e-01
1.000000000000000000e+00,7.641393221729685381e-01
1.000000000000000000e+00,9.138314000974565587e-01
1.000000000000000000e+00,-6.321153801503277825e-02
1.000000000000000000e+00,1.031170061538334792e+00
1.000000000000000000e+00,9.496150362478990026e-01
1.000000000000000000e+00,4.249578982570600405e-01
1.000000000000000000e+00,6.771722064583564071e-01
1.000000000000000000e+00,8.649571334167468484e-01
1.000000000000000000e+00,1.040438985473334244e+00
1.000000000000000000e+00,3.013162463598063057e-01
1.000000000000000000e+00,4.777113982208308629e-01
1.000000000000000000e+00,1.156268716802533625e+00
1.000000000000000000e+00,1.716948734464322224e-01
1.000000000000000000e+00,-4.777132142531815284e-01
1.000000000000000000e+00,1.283772507641266387e-02
1.000000000000000000e+00,1.123504977218379830e+00
1.000000000000000000e+00,-1.018850984668238313e+00
1.000000000000000000e+00,2.089821988028924604e+00
1.000000000000000000e+00,1.635426317434633070e+00
1.000000000000000000e+00,4.336591916001154567e-01
1.000000000000000000e+00,-6.285904437633605957e-01
1.000000000000000000e+00,4.059608550561792373e-01
1.000000000000000000e+00,7.335269788951422898e-01
1.000000000000000000e+00,6.535597920049516230e-01
1.000000000000000000e+00,-5.658736269252078177e-01
1.000000000000000000e+00,3.713389525477243658e-01
1.000000000000000000e+00,1.396392238852556478e+00
1.000000000000000000e+00,1.012216799710464965e+00
1.000000000000000000e+00,2.207524645768673022e+00
1.000000000000000000e+00,2.012332012313979845e+00
1.000000000000000000e+00,8.754514267103195024e-01
1.000000000000000000e+00,-1.412365628350294722e-01
1.000000000000000000e+00,9.193188352100702954e-01
1.000000000000000000e+00,7.704703123446416946e-01
1.000000000000000000e+00,-3.528431384829583961e-01
1.000000000000000000e+00,5.694669743370800452e-01
1.000000000000000000e+00,6.008836730725488628e-01
1.000000000000000000e+00,1.793072859932327345e+00
1.000000000000000000e+00,1.233990835611582737e+00
1.000000000000000000e+00,-7.745865592685540202e-01
1.000000000000000000e+00,-5.541178191860411939e-01
1.000000000000000000e+00,-1.438789696531465045e+00
1.000000000000000000e+00,8.323817555536865420e-01
1.000000000000000000e+00,-1.308771772606183992e-01
1.000000000000000000e+00,-3.521212549140107506e-01
1.000000000000000000e+00,3.512865746229871799e-01
1.000000000000000000e+00,5.700676955016485969e-01
1.000000000000000000e+00,1.749438585924291412e-01
1.000000000000000000e+00,-4.011192294277629022e-01
1.000000000000000000e+00,8.054618110950260146e-01
1.000000000000000000e+00,2.524541977366810963e-01
1.000000000000000000e+00,7.259472014211924007e-01
1.000000000000000000e+00,6.507995291623324130e-01
1.000000000000000000e+00,3.360918927595321071e-01
1.000000000000000000e+00,1.022544621969449619e+00
1.000000000000000000e+00,-1.672793793501282586e-02
1.000000000000000000e+00,1.064907173043382782e+00
1.000000000000000000e+00,-1.324738710752267679e+00
1.000000000000000000e+00,-2.036016014318968170e-01
1.000000000000000000e+00,4.731825715428633616e-01
1.000000000000000000e+00,-5.262917021232010883e-01
1.000000000000000000e+00,2.210316471926718318e+00
1.000000000000000000e+00,-4.600464120718071315e-01
1.000000000000000000e+00,-1.045146816792481698e-01
1.000000000000000000e+00,2.346529969218778267e-01
1.000000000000000000e+00,3.690353396073238756e-01
1.000000000000000000e+00,2.587083159627187601e-01
1.000000000000000000e+00,-4.689274126785004104e-01
1.000000000000000000e+00,-3.256661325031467297e-02
1.000000000000000000e+00,4.676971727731804029e-01
1.000000000000000000e+00,8.603193623919846988e-01
1.000000000000000000e+00,-1.725891435420348619e-02
1.000000000000000000e+00,1.186842851876553639e-01
1.000000000000000000e+00,2.587083159627187601e-01
1.000000000000000000e+00,4.966122242182341995e-01
1.000000000000000000e+00,-3.007076685986673770e-01
1.000000000000000000e+00,1.094599598402246965e+00
1.000000000000000000e+00,-4.535728778949821849e-01
1.000000000000000000e+00,1.019360290711503580e+00
1.000000000000000000e+00,-6.816045956222662738e-01
1.000000000000000000e+00,7.347793297975478977e-01
1.000000000000000000e+00,-9.759070576875785719e-01
1.000000000000000000e+00,-4.256938159159427415e-01
1.000000000000000000e+00,3.687324335963761968e-01
1.000000000000000000e+00,7.208517623227462812e-01
1.000000000000000000e+00,-9.926524146927927506e-01
1.000000000000000000e+00,-9.981434134055352514e-01
1.000000000000000000e+00,-4.067374995736767196e-01
1.000000000000000000e+00,3.615889425953374703e-01
1.000000000000000000e+00,-1.013882307917230774e+00
1.000000000000000000e+00,5.022737666514263122e-01
1.000000000000000000e+00,5.822017539402002395e-01
1.000000000000000000e+00,-6.358596789403725413e-01
1.000000000000000000e+00,1.317270348851952433e-02
1.000000000000000000e+00,6.769573722791631942e-01
1.000000000000000000e+00,-5.270731487228728085e-01
1.000000000000000000e+00,4.624154082965714618e-01
1.000000000000000000e+00,-2.218212707189673449e-01
1.000000000000000000e+00,9.588737784682446197e-01
1.000000000000000000e+00,4.493828135398304502e-01
1.000000000000000000e+00,1.481842279083766867e+00
1.000000000000000000e+00,4.615835622093638624e-01
1.000000000000000000e+00,2.443371847664140173e+00
1.000000000000000000e+00,1.065382659117710906e+00
1.000000000000000000e+00,-8.260230544418682985e-01
1.000000000000000000e+00,1.465419655659220277e-01
1.000000000000000000e+00,1.758066088609962385e+00
1.000000000000000000e+00,2.245562995855323318e-01
1.000000000000000000e+00,3.366121783783363464e-01
1.000000000000000000e+00,-3.967069833825803138e-01
1.000000000000000000e+00,-1.025454844792630604e+00
1.000000000000000000e+00,-6.630550387804157175e-01
1.000000000000000000e+00,1.003356671618811813e+00
1.000000000000000000e+00,3.004396007281223691e-01
1.000000000000000000e+00,2.284528417835048064e-01
1.000000000000000000e+00,5.033392563160814931e-02
1.000000000000000000e+00,8.113712782800357459e-01
1.000000000000000000e+00,1.661543433692849181e+00
1.000000000000000000e+00,-7.254806585794726370e-01
1.000000000000000000e+00,1.745655596618562733e+00
1.000000000000000000e+00,3.839210064310390469e-01
1.000000000000000000e+00,8.685914964623865364e-01
1.000000000000000000e+00,7.477834157532585735e-01
1.000000000000000000e+00,1.113186827588316108e+00
1.000000000000000000e+00,-7.220295663975997424e-01
1.000000000000000000e+00,1.457930522219543112e+00
1.000000000000000000e+00,-1.437203921248005334e-01
1.000000000000000000e+00,1.303181695712293031e+00
1.000000000000000000e+00,-7.487616582208993510e-01
1.000000000000000000e+00,6.924967051836461440e-01
1.000000000000000000e+00,-4.435214891888456523e-01
1.000000000000000000e+00,1.470523266903244197e+00
1.000000000000000000e+00,4.615626896943237356e-01
1.000000000000000000e+00,-8.630646414377758369e-01
1.000000000000000000e+00,1.069551562182669890e+00
1.000000000000000000e+00,1.149135916601881302e+00
1.000000000000000000e+00,4.549405024835547207e-01
1.000000000000000000e+00,6.829060390655897761e-01
1.000000000000000000e+00,-5.393018971077039314e-01
1.000000000000000000e+00,3.867372687042535118e-01
1.000000000000000000e+00,6.597869286871569372e-01
1.000000000000000000e+00,7.947679561942406767e-01
1.000000000000000000e+00,-1.415087682989107476e+00
1.000000000000000000e+00,5.770691515832681029e-01
1.000000000000000000e+00,-2.373962396247382423e-01
1.000000000000000000e+00,-8.213491383300854931e-01
1.000000000000000000e+00,8.120325806467938445e-01
1.000000000000000000e+00,5.047586141126627624e-01
1.000000000000000000e+00,5.694669743370800452e-01
1.000000000000000000e+00,1.290910693211649196e+00
1.000000000000000000e+00,-1.327338129277213230e-01
1.000000000000000000e+00,1.021805938571323402e+00
1.000000000000000000e+00,4.406148031919383812e-02
1.000000000000000000e+00,2.528824942409746424e+00
1.000000000000000000e+00,5.369297779039710061e-01
1.000000000000000000e+00,2.641265154156873241e-01
1.000000000000000000e+00,4.411081340407652096e-01
1.000000000000000000e+00,7.468772431490788843e-01
1.000000000000000000e+00,1.579620339417681762e+00
1.000000000000000000e+00,3.635377227800564159e-01
1.000000000000000000e+00,1.125011870987127960e+00
1.000000000000000000e+00,1.710829523957446141e-01
1.000000000000000000e+00,-1.131984597957137018e+00
1.000000000000000000e+00,-7.911048640369906515e-01
1.000000000000000000e+00,1.010078103773599523e-01
1.000000000000000000e+00,8.292096423533250604e-01
1.000000000000000000e+00,3.005531268465111983e-01
1.000000000000000000e+00,1.445095452727083840e+00
1.000000000000000000e+00,2.181184549959540586e+00
1.000000000000000000e+00,6.655599608958070457e-01
1.000000000000000000e+00,2.293945003406381300e+00
1.000000000000000000e+00,-1.795890723664563329e-02
1.000000000000000000e+00,9.575511737347285335e-01
1.000000000000000000e+00,2.715827404596999894e+00
1.000000000000000000e+00,9.243883109361494821e-01
1.000000000000000000e+00,1.427814028445352212e+00
1.000000000000000000e+00,8.496652161783488921e-01
1.000000000000000000e+00,5.438268714103901003e-01
1.000000000000000000e+00,2.913014635952353437e+00
1.000000000000000000e+00,-2.678543566994157424e-02
1.000000000000000000e+00,1.157640193766387604e+00
1.000000000000000000e+00,8.249883034578994190e-01
1.000000000000000000e+00,-2.343147436847947407e-01
1.000000000000000000e+00,-4.115173055178580341e-01
1.000000000000000000e+00,7.924597614822460612e-01
1.000000000000000000e+00,8.777310858474289545e-02
1.000000000000000000e+00,5.796512076455925117e-02
1.000000000000000000e+00,1.339919840837665577e-01
1.000000000000000000e+00,-1.387358801301210365e+00
1.000000000000000000e+00,8.778293661676920268e-01
1.000000000000000000e+00,1.157640193766387604e+00
1.000000000000000000e+00,2.772049278883700341e-01
1.000000000000000000e+00,6.293716015878798586e-01
1.000000000000000000e+00,-2.815685904783674087e-01
1.000000000000000000e+00,8.916067533513515331e-01
1.000000000000000000e+00,3.865896338417748046e-01
1.000000000000000000e+00,1.345517265242394123e+00
1.000000000000000000e+00,5.910038194844723786e-02
1.000000000000000000e+00,5.592180603666616623e-01
1.000000000000000000e+00,-7.279319063823518343e-01
1.000000000000000000e+00,7.202917680167925107e-01
1.000000000000000000e+00,2.876152220360496115e-01
1.000000000000000000e+00,5.796364709331994769e-01
1.000000000000000000e+00,1.010977685037109275e+00
1.000000000000000000e+00,-2.410815380175012484e-02
1.000000000000000000e+00,1.133144488792919014e-01
1.000000000000000000e+00,-3.875968941961787095e-01
1.000000000000000000e+00,5.167908554046772851e-01
1.000000000000000000e+00,-7.379710770309039214e-01
1.000000000000000000e+00,6.756592036608159990e-01
1.000000000000000000e+00,5.503024151562909555e-02
1.000000000000000000e+00,-1.833374438423625574e-01
1.000000000000000000e+00,3.395409218246194655e-02
1.000000000000000000e+00,5.752797152328795738e-01
1.000000000000000000e+00,2.640440435269922892e-01
1.000000000000000000e+00,-2.203744490666759981e-01
1.000000000000000000e+00,7.921140922697528231e-01
1.000000000000000000e+00,1.164418161211358216e+00
1.000000000000000000e+00,5.497322659095383868e-01
1.000000000000000000e+00,1.731038727061705362e+00
1.000000000000000000e+00,4.966560055912451199e-01
1.000000000000000000e+00,1.848700122083251074e-01
1.000000000000000000e+00,-6.171197240344977741e-01
1.000000000000000000e+00,-6.667163833698876996e-01
1.000000000000000000e+00,1.544182881565465237e+00
1.000000000000000000e+00,1.428546093728953581e+00
1.000000000000000000e+00,4.217282583689051512e-01
1.000000000000000000e+00,-1.123174387041141753e-01
1.000000000000000000e+00,1.184499047937125793e+00
1.000000000000000000e+00,3.291571269088943152e-01
1.000000000000000000e+00,1.366844902927507599e+00
1.000000000000000000e+00,2.250781124615346407e-01
1.000000000000000000e+00,9.589649048143953358e-01
1.000000000000000000e+00,1.038924455418595683e+00
1.000000000000000000e+00,1.103109475509812754e+00
1.000000000000000000e+00,-1.165800135438873342e-01
1.000000000000000000e+00,-4.983067503117630803e-01
1.000000000000000000e+00,1.112477671162685589e+00
1.000000000000000000e+00,-2.348716834763523442e-01
1.000000000000000000e+00,-1.457086746849903580e+00
1.000000000000000000e+00,1.368803864826880323e+00
1.000000000000000000e+00,1.990240746029838581e+00
1.000000000000000000e+00,1.595211063207311042e-01
1.000000000000000000e+00,1.135455738019309907e-01
1.000000000000000000e+00,-7.234097245927641195e-02
1.000000000000000000e+00,9.019259211528805054e-01
1.000000000000000000e+00,1.909418295108736841e+00
1.000000000000000000e+00,1.651783242025808507e+00
1.000000000000000000e+00,1.075373439847802925e-01
1.000000000000000000e+00,1.352062071421795020e+00
1.000000000000000000e+00,1.982930274908479173e+00
1.000000000000000000e+00,7.071018657686517495e-01
1.000000000000000000e+00,6.288696430554522321e-01
1.000000000000000000e+00,-1.527622638230223262e-01
1.000000000000000000e+00,8.912931297661626229e-02
1.000000000000000000e+00,-2.691428259149871161e-01
1.000000000000000000e+00,-1.409194024235665976e-01
1.000000000000000000e+00,1.975811220022609449e+00
1.000000000000000000e+00,-5.769055147524959626e-01
1.000000000000000000e+00,8.620217450820840677e-01
1.000000000000000000e+00,1.555827708614906379e+00
1.000000000000000000e+00,1.600794233211524586e+00
1.000000000000000000e+00,3.475610852311968868e-01
1.000000000000000000e+00,5.620317504373578688e-02
1.000000000000000000e+00,5.522807490873604674e-01
1.000000000000000000e+00,-1.958446621229724682e-01
1.000000000000000000e+00,6.343596235967293717e-01
1.000000000000000000e+00,6.142145920686434835e-01
1.000000000000000000e+00,-7.957408932312256059e-03
1.000000000000000000e+00,-1.114779563309162835e-01
1.000000000000000000e+00,-1.277437813497958770e-02
1.000000000000000000e+00,1.119766251597539730e+00
1.000000000000000000e+00,2.084111546591539965e-01
1.000000000000000000e+00,2.977449831711647885e-02
1.000000000000000000e+00,-2.241697099776990276e-02
1.000000000000000000e+00,7.487333697304491276e-01
1.000000000000000000e+00,9.421772936933682230e-01
1.000000000000000000e+00,-3.558986710505349094e-01
1.000000000000000000e+00,6.822498275561584835e-01
1.000000000000000000e+00,9.525646789830770622e-01
1.000000000000000000e+00,1.399645296684414841e+00
1.000000000000000000e+00,1.024528529069723692e+00
1.000000000000000000e+00,1.800652128320544554e+00
1.000000000000000000e+00,-6.385527424662772455e-01
1.000000000000000000e+00,5.160867630625188412e-02
1.000000000000000000e+00,1.314914085507756125e+00
1.000000000000000000e+00,3.278172132604669220e-01
1.000000000000000000e+00,2.032805404139647720e+00
1.000000000000000000e+00,3.156276644770525386e-01
1.000000000000000000e+00,5.323240792803680677e-01
1.000000000000000000e+00,-1.105650102091064291e+00
1.000000000000000000e+00,1.407396636050279648e+00
1.000000000000000000e+00,1.038053918815704080e+00
1.000000000000000000e+00,7.501338645810661232e-01
1.000000000000000000e+00,-2.306136904081733663e-01
1.000000000000000000e+00,7.320394303842361339e-01
1.000000000000000000e+00,-2.805000462993160332e-02
1.000000000000000000e+00,5.818051761544384970e-01
1.000000000000000000e+00,2.004930923932202624e+00
1.000000000000000000e+00,-6.737040941367247182e-01
1.000000000000000000e+00,-2.056191081905282547e-01
1.000000000000000000e+00,1.333561360036427390e-01
1.000000000000000000e+00,-6.219657111239281777e-01
1.000000000000000000e+00,-3.425784428548267480e-01
1.000000000000000000e+00,5.790199681109177154e-01
1.000000000000000000e+00,1.257911756018994742e+00
1.000000000000000000e+00,5.752583336321068774e-01
1.000000000000000000e+00,7.902839290607495126e-01
1.000000000000000000e+00,-1.803827102498576918e-01
1.000000000000000000e+00,7.356050668559632744e-01
1.000000000000000000e+00,1.216267524913880127e+00
1.000000000000000000e+00,9.917204990268262410e-01
1.000000000000000000e+00,1.891677675496123090e+00
1.000000000000000000e+00,1.523319530068560468e+00
1.000000000000000000e+00,-5.578550175496832519e-01
1.000000000000000000e+00,-1.518173471171998523e+00
1.000000000000000000e+00,1.411734046492757688e+00
1.000000000000000000e+00,6.206845626453396658e-01
1.000000000000000000e+00,9.578881884897660903e-01
1.000000000000000000e+00,1.311600955559440784e+00
1.000000000000000000e+00,6.786169917677169483e-01
1.000000000000000000e+00,1.288248683915438120e+00
1.000000000000000000e+00,1.213442581409355098e-01
1.000000000000000000e+00,1.412639200925471794e+00
1.000000000000000000e+00,1.413969951030711103e+00
1.000000000000000000e+00,7.198799176590502391e-01
1.000000000000000000e+00,1.548656726984302789e+00
1.000000000000000000e+00,-6.432286949209907734e-01
1.000000000000000000e+00,1.776872948320147930e-02
1.000000000000000000e+00,2.472428424942880287e+00
1.000000000000000000e+00,-2.971089415543157197e-01
1.000000000000000000e+00,4.433725473797490158e-01
1.000000000000000000e+00,3.248061265547392384e+00
1.000000000000000000e+00,1.721936274161294023e+00
1.000000000000000000e+00,2.822784763003106656e-01
1.000000000000000000e+00,-1.186611560191044162e-01
1.000000000000000000e+00,1.016076178649951478e+00
1.000000000000000000e+00,2.643845951083038243e-02
1.000000000000000000e+00,7.677838669332618382e-01
1.000000000000000000e+00,-1.054614766475105991e+00
1.000000000000000000e+00,5.097690091198955192e-02
1.000000000000000000e+00,3.259763592510772079e-01
1.000000000000000000e+00,1.449182392989080803e+00
1.000000000000000000e+00,-4.133220144402270924e-01
1.000000000000000000e+00,1.506143995619227294e+00
1.000000000000000000e+00,4.841345329101200412e-01
1.000000000000000000e+00,8.751454661849756844e-01
1.000000000000000000e+00,-6.792083290785170258e-01
1.000000000000000000e+00,5.500173539198420780e-01
1.000000000000000000e+00,1.803289674727731606e-01
1.000000000000000000e+00,-4.774505260151159503e-01
1.000000000000000000e+00,-3.887789912674737280e-01
1.000000000000000000e+00,-6.508741444544570154e-01
1.000000000000000000e+00,1.569300153444687540e+00
1.000000000000000000e+00,-6.371746473878984185e-01
1.000000000000000000e+00,3.957261954862760778e-01
1.000000000000000000e+00,1.038924455418595683e+00
1.000000000000000000e+00,8.662435930632423897e-01
1.000000000000000000e+00,-1.147240370108514318e+00
1.000000000000000000e+00,6.572623725387710669e-01
1.000000000000000000e+00,1.097315061700389727e+00
1.000000000000000000e+00,5.750699719110132779e-01
1.000000000000000000e+00,-1.212788748565716973e-01
1.000000000000000000e+00,3.698753310662544203e-01
1.000000000000000000e+00,1.074917325805171853e+00
1.000000000000000000e+00,1.428281851459834995e-01
1.000000000000000000e+00,6.308295963524353234e-02
1.000000000000000000e+00,-9.887884539817121121e-01
1.000000000000000000e+00,-7.808956855275765718e-02
1.000000000000000000e+00,7.742640192246117437e-01
1.000000000000000000e+00,7.648276060835589307e-01
1.000000000000000000e+00,1.586014456220207869e+00
1.000000000000000000e+00,5.691508320970825041e-01
1.000000000000000000e+00,-5.528303413680804024e-01
1.000000000000000000e+00,3.396860380322895834e-01
1.000000000000000000e+00,1.587879746344766474e+00
1.000000000000000000e+00,9.476626924630512372e-01
1.000000000000000000e+00,5.557445684125504881e-01
1.000000000000000000e+00,-3.382878682997559339e-01
1.000000000000000000e+00,1.387297931323868250e+00
1.000000000000000000e+00,6.852254068898486206e-02
1.000000000000000000e+00,5.976570876987901126e-01
1.000000000000000000e+00,3.334599195215496303e-01
1.000000000000000000e+00,7.003910708665406215e-02
1.000000000000000000e+00,-7.229051938578182623e-01
1.000000000000000000e+00,2.249411683994423372e-01
1.000000000000000000e+00,-5.388014658324743467e-01
1.000000000000000000e+00,1.547886453496895298e-01
1.000000000000000000e+00,3.650680344925081311e-01
1.000000000000000000e+00,7.073451819750203873e-02
1.000000000000000000e+00,1.153214202406422473e+00
1.000000000000000000e+00,2.964516376715956979e-03
1.000000000000000000e+00,7.818829962999783723e-01
1.000000000000000000e+00,1.202843416454849323e-01
1.000000000000000000e+00,3.379067566226999497e-02
1.000000000000000000e+00,1.737323899517436709e+00
1.000000000000000000e+00,7.558025342145158199e-01
1.000000000000000000e+00,-4.723729049173138184e-01
1.000000000000000000e+00,6.556017348787519516e-01
1.000000000000000000e+00,-1.450933427598937620e+00
1.000000000000000000e+00,-1.063712637603923206e+00
1.000000000000000000e+00,9.716294305864049408e-01
1.000000000000000000e+00,5.265031930128455384e-01
1.000000000000000000e+00,2.074734187395478602e-01
1.000000000000000000e+00,-2.745182889402649623e-02
1.000000000000000000e+00,1.474944649717760126e-01
1.000000000000000000e+00,-4.970630538668131537e-01
1.000000000000000000e+00,-3.025714314660278847e-01
1.000000000000000000e+00,1.043531172213664204e+00
1.000000000000000000e+00,6.089282458204403614e-01
1.000000000000000000e+00,1.765378060214665146e-01
1.000000000000000000e+00,4.185133819669981659e-01
1.000000000000000000e+00,-9.072466649203260181e-01
1.000000000000000000e+00,-1.886522988915960153e-01
1.000000000000000000e+00,-6.788814960381331920e-01
1.000000000000000000e+00,-6.429227343956469554e-01
1.000000000000000000e+00,-5.774247821998349517e-01
1.000000000000000000e+00,2.389786983925039354e-01
1.000000000000000000e+00,3.068369866183737193e-03
1.000000000000000000e+00,6.740713384867159930e-02
1.000000000000000000e+00,8.561820226424521341e-01
1.000000000000000000e+00,1.403458831134104801e-01
1.000000000000000000e+00,-3.328202875307169073e-01
1.000000000000000000e+00,-9.544255934946880302e-04
1.000000000000000000e+00,1.217133988830910285e+00
1.000000000000000000e+00,1.740897681360886740e+00
1.000000000000000000e+00,6.597869286871569372e-01
1.000000000000000000e+00,6.744862701327092314e-01
1.000000000000000000e+00,4.643310979086658352e-01
1.000000000000000000e+00,5.893905535714478727e-01
1.000000000000000000e+00,-5.651400343844084073e-01
1.000000000000000000e+00,-7.992380444762242631e-02
1.000000000000000000e+00,8.080209850732344989e-01
1.000000000000000000e+00,-4.766716248441075776e-01
1.000000000000000000e+00,7.016500666573259881e-01
1.000000000000000000e+00,-2.814438644738595507e-01
1.000000000000000000e+00,8.461255430789887955e-01
1.000000000000000000e+00,-2.813939740720563520e-01
1.000000000000000000e+00,3.530515748582067626e-01
1.000000000000000000e+00,-9.722670946988793972e-01
1.000000000000000000e+00,8.722920406532751469e-01
1.000000000000000000e+00,-7.725008617955976542e-02
1.000000000000000000e+00,5.231681456041699374e-02
1.000000000000000000e+00,2.658054801620830521e-01
1.000000000000000000e+00,5.679728077116489304e-01
1.000000000000000000e+00,1.745749268393376630e+00
1.000000000000000000e+00,3.669923785620581858e-01
1.000000000000000000e+00,9.687556148515422128e-02
1.000000000000000000e+00,1.734812552824245846e-01
1.000000000000000000e+00,-1.520885879955745201e+00
1.000000000000000000e+00,-6.078365456989831550e-01
1.000000000000000000e+00,1.476232636621453709e-01
1.000000000000000000e+00,-6.960071400856632229e-01
1.000000000000000000e+00,2.159642078095234119e+00
1.000000000000000000e+00,1.651009431712126885e+00
1.000000000000000000e+00,2.775684151015072598e-01
1.000000000000000000e+00,6.644389541124342546e-01
1.000000000000000000e+00,7.335824692400050306e-01
1.000000000000000000e+00,7.505854236259578149e-01
1.000000000000000000e+00,5.893029908254260318e-01
1.000000000000000000e+00,1.833697901400606067e+00
1.000000000000000000e+00,1.614335913700950753e+00
1.000000000000000000e+00,5.435219290565116435e-01
1.000000000000000000e+00,8.937306590281142160e-01
1.000000000000000000e+00,3.312148514404079092e-01
1.000000000000000000e+00,9.791017909707583344e-01
1.000000000000000000e+00,1.600721943037483275e+00
1.000000000000000000e+00,2.104357403868552190e+00
1.000000000000000000e+00,2.722286148513722304e-01
1.000000000000000000e+00,-8.632667484736519237e-01
1.000000000000000000e+00,6.068700122031941424e-01
1.000000000000000000e+00,7.144612091203489390e-01
1.000000000000000000e+00,6.774695125262445439e-01
1.000000000000000000e+00,9.092134834162690638e-01
1.000000000000000000e+00,1.001241420399504811e+00
1.000000000000000000e+00,4.265141733418786885e-01
1.000000000000000000e+00,3.197247864537030027e-01
1.000000000000000000e+00,-8.857388108858418319e-01
1.000000000000000000e+00,-1.937467198185767736e-01
1.000000000000000000e+00,1.280897995021196722e+00
1.000000000000000000e+00,6.144543714487381569e-01
1.000000000000000000e+00,1.575462127153109071e+00
1.000000000000000000e+00,3.278828853199832749e-01
1.000000000000000000e+00,7.563818737783115642e-01
1.000000000000000000e+00,-2.096408854787413234e-01
1.000000000000000000e+00,1.775695727532850654e+00
1.000000000000000000e+00,5.830157820267638513e-01
1.000000000000000000e+00,1.280632761354467686e+00
1.000000000000000000e+00,1.648926252893979205e+00
1.000000000000000000e+00,-3.212141509969597686e-01
1.000000000000000000e+00,2.018266397926036515e-01
1.000000000000000000e+00,9.451422090005268117e-01
1.000000000000000000e+00,2.754954179980131368e-01
1.000000000000000000e+00,5.697800352888265224e-02
1.000000000000000000e+00,-1.324589066320712993e-01
1.000000000000000000e+00,-7.758516373142767542e-01
1.000000000000000000e+00,3.572357504951463869e-01
1.000000000000000000e+00,-7.454648190160300114e-01
1.000000000000000000e+00,-9.290670975946789811e-01
1.000000000000000000e+00,-2.391016768292336392e-01
1.000000000000000000e+00,2.933397410517603277e+00
1.000000000000000000e+00,2.179799300907049597e-01
1.000000000000000000e+00,-1.548169606139946503e-02
1.000000000000000000e+00,1.803971849609529721e-01
1.000000000000000000e+00,6.275562018651243967e-01
1.000000000000000000e+00,4.522245300996791673e-01
1.000000000000000000e+00,1.121976701848858671e+00
1.000000000000000000e+00,4.592218867215823452e-02
1.000000000000000000e+00,1.347642189090622056e+00
1.000000000000000000e+00,-5.300579183736061628e-01
1.000000000000000000e+00,4.396007311862843436e-01
1.000000000000000000e+00,-4.126047126428736278e-01
1.000000000000000000e+00,7.880057704069832747e-01
1.000000000000000000e+00,3.071921674724175766e+00
1.000000000000000000e+00,-9.482423208019995498e-01
1.000000000000000000e+00,-3.933449812039272464e-01
1.000000000000000000e+00,1.774723373783422042e+00
1.000000000000000000e+00,1.135016423805857322e+00
1.000000000000000000e+00,6.098949996268095974e-01
1.000000000000000000e+00,4.571896432505579422e-01
1.000000000000000000e+00,-1.127219046413470815e+00
1.000000000000000000e+00,-6.721116739648853589e-01
1.000000000000000000e+00,-2.869409722153942743e-01
1.000000000000000000e+00,-1.044871910496831674e-01
1.000000000000000000e+00,1.447771207338077293e+00
1.000000000000000000e+00,-7.881705206476480319e-02
1.000000000000000000e+00,-1.070626530939520871e+00
1.000000000000000000e+00,-1.427862198053232168e-01
1.000000000000000000e+00,3.065863018645634819e-01
1.000000000000000000e+00,3.563066690329959041e-01
1.000000000000000000e+00,-1.284573373700603760e+00
1.000000000000000000e+00,-3.282232433645695946e-01
1.000000000000000000e+00,1.602634069049448939e+00
1.000000000000000000e+00,-1.018632077803183655e+00
1.000000000000000000e+00,-2.604013147990495991e-01
1.000000000000000000e+00,7.006657094236420219e-03
1.000000000000000000e+00,-2.249501116320505589e-01
1.000000000000000000e+00,-2.018406738825387348e-01
1.000000000000000000e+00,4.709558305480983087e-01
1.000000000000000000e+00,1.280166947909060715e+00
1.000000000000000000e+00,9.475155666863052106e-01
1.000000000000000000e+00,6.422906702262320966e-01
1.000000000000000000e+00,5.294955989495691018e-01
1.000000000000000000e+00,8.386007468641688556e-01
1.000000000000000000e+00,1.787025939599492519e+00
1.000000000000000000e+00,-6.027920419476604647e-02
1.000000000000000000e+00,-1.523763768376469596e-01
1.000000000000000000e+00,6.154893427432871489e-01
1.000000000000000000e+00,-3.759805759477679032e-01
1.000000000000000000e+00,-1.548169606139946503e-02
1.000000000000000000e+00,-2.598693202083935949e-01
1.000000000000000000e+00,1.204140084589853332e+00
1.000000000000000000e+00,-7.831463267779229520e-01
1.000000000000000000e+00,-2.739241591163664724e-01
1.000000000000000000e+00,1.307916193026265494e+00
1.000000000000000000e+00,-4.848658687974085058e-01
1.000000000000000000e+00,-3.001166200630198677e-01
1.000000000000000000e+00,-1.097781458433352841e-02
1.000000000000000000e+00,2.335157529810178545e+00
1.000000000000000000e+00,2.456080128035305898e-01
1.000000000000000000e+00,1.784605746026307171e+00
1.000000000000000000e+00,1.399645296684414841e+00
1.000000000000000000e+00,6.038842243809954269e-01
1.000000000000000000e+00,1.541744360905903166e+00
1.000000000000000000e+00,1.530668691705604045e+00
1.000000000000000000e+00,2.924718999258663632e-01
1.000000000000000000e+00,8.891290330903727224e-01
1.000000000000000000e+00,6.507048392160530437e-01
1.000000000000000000e+00,-1.064124997047398269e+00
1.000000000000000000e+00,4.105477175076728824e-01
1.000000000000000000e+00,5.395108425686849785e-01
1.000000000000000000e+00,-1.716483263341777588e-01
1.000000000000000000e+00,-3.715245753034292220e-02
1.000000000000000000e+00,2.988496992110916545e-02
1.000000000000000000e+00,-1.546234812617194032e-01
1.000000000000000000e+00,-8.492149908539299574e-02
1.000000000000000000e+00,-7.513386501997518785e-01
1.000000000000000000e+00,3.641129896579907155e-01
1.000000000000000000e+00,6.673600880465818674e-01
1.000000000000000000e+00,2.300605345273246671e-01
1.000000000000000000e+00,-2.980319139876739798e-01
1.000000000000000000e+00,-1.074778634175301395e+00
1.000000000000000000e+00,6.414374425382516343e-01
1.000000000000000000e+00,9.826735364712776422e-01
1.000000000000000000e+00,-4.945512248617444095e-01
1.000000000000000000e+00,7.973200029721916327e-01
1.000000000000000000e+00,7.947761015659636774e-01
1.000000000000000000e+00,-3.875968941961787095e-01
1.000000000000000000e+00,7.433401154783821907e-01
1.000000000000000000e+00,9.519033766163189636e-01
1.000000000000000000e+00,7.903979642648709669e-01
1.000000000000000000e+00,9.678520144498807820e-01
1.000000000000000000e+00,-1.430524716435175592e-01
1.000000000000000000e+00,3.502796030437358432e-01
1.000000000000000000e+00,4.359704408265062114e-01
1.000000000000000000e+00,-4.965356678216061720e-02
1.000000000000000000e+00,1.206475260845680353e+00
1.000000000000000000e+00,8.755221896271627724e-01
1.000000000000000000e+00,-4.347407784714913404e-01
1.000000000000000000e+00,1.145031667424973199e+00
1.000000000000000000e+00,-1.574565433641125223e-01
1.000000000000000000e+00,4.101933938377239630e-01
1.000000000000000000e+00,-9.603738605857427280e-02
1.000000000000000000e+00,8.745610357638531340e-01
1.000000000000000000e+00,1.036914584945954676e+00
1.000000000000000000e+00,-1.514355864036447119e-01
1.000000000000000000e+00,9.946859234197175104e-01
1.000000000000000000e+00,1.354548446140229512e+00
1.000000000000000000e+00,7.560866040533541499e-01
1.000000000000000000e+00,2.031271019741334616e+00
1.000000000000000000e+00,2.333899552190858429e-01
1.000000000000000000e+00,5.076334212451359962e-01
1.000000000000000000e+00,2.010954426321333699e+00
1.000000000000000000e+00,-5.510098507879981344e-01
1.000000000000000000e+00,1.020921147567916520e+00
1.000000000000000000e+00,1.188631296829331552e+00
1.000000000000000000e+00,6.293716015878798586e-01
1.000000000000000000e+00,-2.621866784635765724e-01
1.000000000000000000e+00,1.469024518506218957e+00
1.000000000000000000e+00,-3.842119831595548485e-01
1.000000000000000000e+00,4.492504512493322721e-01
1.000000000000000000e+00,9.710974359957489366e-01
1.000000000000000000e+00,8.793021511923503342e-01
1.000000000000000000e+00,-1.924383962594307038e-02
1.000000000000000000e+00,-3.854118982314938546e-01
1.000000000000000000e+00,-8.259533096964903898e-01
1.000000000000000000e+00,-1.871902046673241393e-01
1.000000000000000000e+00,-3.212141509969597686e-01
1.000000000000000000e+00,4.631179466076770224e-01
1.000000000000000000e+00,-2.555548453977413842e-02
1.000000000000000000e+00,-1.693513315083021442e-01
1.000000000000000000e+00,1.143999750644820290e+00
1.000000000000000000e+00,9.856903785231700965e-01
1.000000000000000000e+00,2.756978840712875023e+00
1.000000000000000000e+00,-6.667163833698876996e-01
1.000000000000000000e+00,-7.955619096266495216e-01
1.000000000000000000e+00,-1.410774199576065868e+00
1.000000000000000000e+00,-8.572508823705109471e-01
1.000000000000000000e+00,9.645709301288699078e-02
1.000000000000000000e+00,4.075828022005142937e-01
1.000000000000000000e+00,-4.690450114827506845e-01
1.000000000000000000e+00,8.337985411477494280e-01
1.000000000000000000e+00,-2.692879153488024202e-01
1.000000000000000000e+00,3.596544168111337481e-01
1.000000000000000000e+00,2.363160299622260485e+00
1.000000000000000000e+00,1.755164299933656746e+00
1.000000000000000000e+00,1.084256503571281893e+00
1.000000000000000000e+00,-2.156358790668422010e-01
1.000000000000000000e+00,-4.662399758695100899e-02
1.000000000000000000e+00,1.413228186344333837e-01
1.000000000000000000e+00,-4.347407784714913404e-01
1.000000000000000000e+00,2.080530155235954304e+00
1.000000000000000000e+00,1.054351789461887901e+00
1.000000000000000000e+00,1.627935094104315528e-01
1.000000000000000000e+00,4.161013337655357081e-01
1.000000000000000000e+00,-1.058188548318556244e+00
1.000000000000000000e+00,-6.494420862884136003e-01
1.000000000000000000e+00,3.490476155706376815e-01
1.000000000000000000e+00,1.498579999802990725e+00
1.000000000000000000e+00,1.884312223115633511e+00
1.000000000000000000e+00,6.572700088247612760e-01
1.000000000000000000e+00,1.324984819471734632e+00
1.000000000000000000e+00,1.141121888997950862e+00
1.000000000000000000e+00,1.956690978074418830e+00
1.000000000000000000e+00,2.030142885757704185e+00
1.000000000000000000e+00,5.770691515832681029e-01
1.000000000000000000e+00,3.630897273352934329e-01
1.000000000000000000e+00,9.318912164644638230e-01
1.000000000000000000e+00,-2.070730570430771855e-01
1.000000000000000000e+00,1.382589906467995400e+00
1.000000000000000000e+00,4.642750984780704693e-01
1.000000000000000000e+00,2.300737707563744738e-01
1.000000000000000000e+00,5.345940925624113049e-01
1.000000000000000000e+00,-2.285274838494842989e-02
1.000000000000000000e+00,2.008364680425309412e-01
1.000000000000000000e+00,2.402300311234441543e-01
1.000000000000000000e+00,-1.630860133961454239e-01
1.000000000000000000e+00,7.199242081177937846e-01
1.000000000000000000e+00,8.020494094288370679e-01
1.000000000000000000e+00,2.713127696182715543e-01
1.000000000000000000e+00,3.407948267580779289e-01
1.000000000000000000e+00,2.196416395081481898e+00
1.000000000000000000e+00,-1.623290029116425393e-01
1.000000000000000000e+00,5.789278235933017491e-01
1.000000000000000000e+00,1.974006484326385480e-01
1.000000000000000000e+00,7.855224502029448663e-01
1.000000000000000000e+00,7.152263649765748799e-01
1.000000000000000000e+00,-8.811040943754758770e-01
1.000000000000000000e+00,-3.000855658333260734e-01
1.000000000000000000e+00,6.957701264448119538e-01
1.000000000000000000e+00,2.141780778390119100e-01
1.000000000000000000e+00,-1.212403343892219487e+00
1.000000000000000000e+00,1.917634938834275937e+00
1.000000000000000000e+00,1.219889160816202578e+00
1.000000000000000000e+00,-6.235230043802121314e-01
1.000000000000000000e+00,5.592226421382557877e-01
1.000000000000000000e+00,-1.896765793857586313e-01
1.000000000000000000e+00,1.209810790566233862e+00
1.000000000000000000e+00,4.766947540126585392e-01
1.000000000000000000e+00,4.906375940594407403e-01
1.000000000000000000e+00,9.768572319753492383e-01
1.000000000000000000e+00,4.191146122172993427e-01
1.000000000000000000e+00,3.105494860623299491e+00
1.000000000000000000e+00,9.511860748189655546e-01
1.000000000000000000e+00,1.002339518324906864e+00
1.000000000000000000e+00,-2.987028889833530654e-01
1.000000000000000000e+00,-2.324884385883237842e-03
1.000000000000000000e+00,2.186394533347840952e+00
1.000000000000000000e+00,-1.410252922559651068e-01
1.000000000000000000e+00,-2.722660668850108157e-01
1.000000000000000000e+00,-4.210046272321794070e-01
1.000000000000000000e+00,-1.527264215100557987e+00
1.000000000000000000e+00,1.349615405390509837e+00
1.000000000000000000e+00,2.989581612460084914e-01
1.000000000000000000e+00,7.508582935786771717e-01
1.000000000000000000e+00,8.937270954279854518e-01
1.000000000000000000e+00,7.837615226535867841e-01
1.000000000000000000e+00,-5.813630694278876243e-01
1.000000000000000000e+00,-4.284438970439081729e-01
1.000000000000000000e+00,1.757067262402433938e+00
1.000000000000000000e+00,4.357021258715262912e-02
1.000000000000000000e+00,1.167250205142285946e+00
1.000000000000000000e+00,8.564050021933682366e-01
1.000000000000000000e+00,-7.872414124116426937e-01
1.000000000000000000e+00,9.320928144146072292e-01
1.000000000000000000e+00,6.420788905614349673e-01
1.000000000000000000e+00,1.993937190761010947e-01
1.000000000000000000e+00,1.548312585029007593e+00
1.000000000000000000e+00,1.098138253330141811e+00
1.000000000000000000e+00,1.757067262402433938e+00
1.000000000000000000e+00,7.699260996964011339e-01
1.000000000000000000e+00,3.817059744081257033e-01
1.000000000000000000e+00,1.520729301860658245e+00
1.000000000000000000e+00,4.925497200714062940e-01
1.000000000000000000e+00,7.153709453246573924e-01
1.000000000000000000e+00,6.633138746431999078e-01
1.000000000000000000e+00,-7.609344339489899911e-02
1.000000000000000000e+00,7.010559636072823952e-01
1.000000000000000000e+00,2.148195258621952430e-01
1.000000000000000000e+00,1.180331163043632170e+00
1.000000000000000000e+00,1.054351789461887901e+00
1.000000000000000000e+00,2.143657804260384214e+00
1.000000000000000000e+00,8.655333916922916537e-02
1.000000000000000000e+00,-3.081031570373852224e-01
1.000000000000000000e+00,-5.096675075223660034e-01
1.000000000000000000e+00,1.676226966706833299e-01
1.000000000000000000e+00,2.442308876654293304e+00
1.000000000000000000e+00,1.985074008154961711e-01
1.000000000000000000e+00,7.016246123706917359e-01
1.000000000000000000e+00,3.638625194775095828e-01
1.000000000000000000e+00,-3.298686084526081252e-01
1.000000000000000000e+00,4.191146122172993427e-01
1.000000000000000000e+00,4.567146662619626096e-01
1.000000000000000000e+00,3.125726409952087059e-01
1.000000000000000000e+00,5.399094566973774434e-01
1.000000000000000000e+00,1.058767090021466739e+00
1.000000000000000000e+00,-5.010675222401149709e-01
1.000000000000000000e+00,3.048655920880875003e-01
1.000000000000000000e+00,6.222510194448119814e-01
1.000000000000000000e+00,9.948320310249981757e-01
1.000000000000000000e+00,5.662729704502130756e-01
1.000000000000000000e+00,8.273127889133400359e-01
1.000000000000000000e+00,1.231402134660878334e+00
1.000000000000000000e+00,-1.487532136781264114e-01
1.000000000000000000e+00,6.950248249321608895e-01
1.000000000000000000e+00,1.193257867967974617e+00
1.000000000000000000e+00,-3.943096986673657045e-01
1.000000000000000000e+00,9.572197321488956634e-02
1.000000000000000000e+00,1.689455586244513086e+00
1.000000000000000000e+00,4.060392542590127718e-01
1.000000000000000000e+00,1.231092101449673182e+00
1.000000000000000000e+00,7.208517623227462812e-01
1.000000000000000000e+00,9.542105531568482180e-01
1.000000000000000000e+00,2.667941246549577206e-01
1.000000000000000000e+00,2.478082813401960016e-01
1.000000000000000000e+00,-1.553295831729537835e-01
1.000000000000000000e+00,1.026810760409351486e+00
1.000000000000000000e+00,-3.723131223295037540e-01
1.000000000000000000e+00,3.076258549307066548e-01
1.000000000000000000e+00,9.146052104111379588e-01
1.000000000000000000e+00,6.722294930797158008e-01
1.000000000000000000e+00,1.468911983785440578e-01
1.000000000000000000e+00,-4.647432370415607306e-01
1.000000000000000000e+00,-6.349087067917166261e-01
1.000000000000000000e+00,-4.292500742711523667e-03
1.000000000000000000e+00,1.707284786774613927e+00
1.000000000000000000e+00,-2.054368554982269612e-01
1.000000000000000000e+00,-4.889752088316434153e-01
1.000000000000000000e+00,6.469055323930233969e-01
1.000000000000000000e+00,4.858369156002192990e-01
1.000000000000000000e+00,1.038924455418595683e+00
1.000000000000000000e+00,-5.384873599354076390e-01
1.000000000000000000e+00,-2.123023856892195249e-01
1.000000000000000000e+00,-7.174691764042057107e-01
1.000000000000000000e+00,1.469024518506218957e+00
1.000000000000000000e+00,1.000469137343021453e+00
1.000000000000000000e+00,-2.607963653276132998e-01
1.000000000000000000e+00,2.517582775401004391e-01
1.000000000000000000e+00,-1.121802883303433029e+00
1.000000000000000000e+00,-5.486583837887252235e-01
1.000000000000000000e+00,7.810603137559590792e-01
1.000000000000000000e+00,-1.794770735052655941e-02
1.000000000000000000e+00,3.740116526443216793e-01
1.000000000000000000e+00,8.946505769470763925e-01
1.000000000000000000e+00,-7.801213393543074970e-01
1.000000000000000000e+00,1.735710097744824765e+00
1.000000000000000000e+00,8.564050021933682366e-01
1.000000000000000000e+00,1.342824201716489307e+00
1.000000000000000000e+00,-4.798839558173512154e-01
1.000000000000000000e+00,1.570540768601386417e-01
1.000000000000000000e+00,-7.967842512446815517e-02
1.000000000000000000e+00,2.127803856373101876e+00
1.000000000000000000e+00,-7.289409143045338935e-01
1.000000000000000000e+00,6.622855214631758747e-01
1.000000000000000000e+00,-1.446036558710093733e-01
1.000000000000000000e+00,1.208040699473687418e+00
1.000000000000000000e+00,2.149349382751804871e+00
1.000000000000000000e+00,3.636257946118109374e-01
1.000000000000000000e+00,9.998541617779376223e-01
1.000000000000000000e+00,5.066778673248859555e-01
1.000000000000000000e+00,1.570388578741168439e+00
1.000000000000000000e+00,9.100000208732677009e-01
1.000000000000000000e+00,-1.343598327579178242e-01
1.000000000000000000e+00,1.773879791950507823e-01
1.000000000000000000e+00,4.412588234176400559e-01
1.000000000000000000e+00,5.489615101102529593e-01
1.000000000000000000e+00,2.196416395081481898e+00
1.000000000000000000e+00,2.008364680425309412e-01
1.000000000000000000e+00,2.552816598960147010e-01
1.000000000000000000e+00,-6.847044186485864437e-01
1.000000000000000000e+00,4.516105727060608643e-01
1.000000000000000000e+00,5.282788840484514692e-01
1.000000000000000000e+00,1.135371765647271713e+00
1.000000000000000000e+00,5.739443833560463615e-01
1.000000000000000000e+00,7.742441648810369781e-01
1.000000000000000000e+00,1.749397859065676686e-01
1.000000000000000000e+00,8.246690799296509111e-02
1.000000000000000000e+00,-4.183859169971015923e-02
1.000000000000000000e+00,5.086103567661589553e-01
1.000000000000000000e+00,1.005174107684497997e+00
1.000000000000000000e+00,-6.261279960743623141e-01
1.000000000000000000e+00,-1.794001747857752460e-01
1.000000000000000000e+00,4.570537173599309444e-01
1.000000000000000000e+00,1.213442581409355098e-01
1.000000000000000000e+00,4.141830987247778761e-01
1.000000000000000000e+00,5.839260273168049853e-01
1.000000000000000000e+00,-1.561265542100869652e+00
1.000000000000000000e+00,7.608129559956035015e-01
1.000000000000000000e+00,-1.455069749177004823e+00
1.000000000000000000e+00,7.116607285048477394e-01
1.000000000000000000e+00,1.149745774535783360e-01
1.000000000000000000e+00,1.452743420915358907e-01
1.000000000000000000e+00,-3.861551634012142520e-01
1.000000000000000000e+00,3.224987946111046444e-01
1.000000000000000000e+00,-3.756695245650972237e-01
1.000000000000000000e+00,9.805898485673970599e-01
1.000000000000000000e+00,3.361865827058115319e-01
1.000000000000000000e+00,2.327261610096231337e+00
1.000000000000000000e+00,7.533227776106061757e-01
1.000000000000000000e+00,-3.612634165015715659e-01
1.000000000000000000e+00,-3.355800412876033811e-01
1.000000000000000000e+00,9.710974359957489366e-01
1.000000000000000000e+00,4.010171235060733252e-01
1.000000000000000000e+00,6.642745194207768655e-01
1.000000000000000000e+00,1.815023618554247653e+00
1.000000000000000000e+00,4.905184679979923690e-01
1.000000000000000000e+00,6.255666948217906143e-01
1.000000000000000000e+00,8.568641975242502484e-01
1.000000000000000000e+00,4.308149296116032256e-01
1.000000000000000000e+00,1.060620162088440788e+00
1.000000000000000000e+00,7.527948557058116164e-01
1.000000000000000000e+00,1.098267025246656287e-01
1.000000000000000000e+00,1.242970089764684039e+00
1.000000000000000000e+00,-1.171521723214667299e+00
1.000000000000000000e+00,-3.081968288121992861e-01
1.000000000000000000e+00,5.928604819254301717e-01
1.000000000000000000e+00,-7.666382037241400438e-01
1.000000000000000000e+00,1.106530531633457271e+00
1.000000000000000000e+00,-2.343060892273390872e-01
1.000000000000000000e+00,1.244211749866703354e+00
1.000000000000000000e+00,8.217678271129328360e-01
1.000000000000000000e+00,7.646850620784070296e-01
1.000000000000000000e+00,4.669116534876471269e-01
1.000000000000000000e+00,-1.164135425092992782e-01
1.000000000000000000e+00,4.026131072780413933e-01
1.000000000000000000e+00,1.749021135623489709e-01
1.000000000000000000e+00,1.186993568027283397e+00
1.000000000000000000e+00,5.300128300539772574e-01
1.000000000000000000e+00,-2.214715555944674757e-02
1.000000000000000000e+00,-1.676016038450631185e-01
1.000000000000000000e+00,1.777533527027844285e+00
1.000000000000000000e+00,3.707504494407403151e-01
1.000000000000000000e+00,5.500173539198420780e-01
1.000000000000000000e+00,7.374545753228085587e-01
1.000000000000000000e+00,6.673600880465818674e-01
1.000000000000000000e+00,8.328170238551323434e-01
1.000000000000000000e+00,-5.545897416602404428e-01
1.000000000000000000e+00,1.005202616485528333e+00
1.000000000000000000e+00,-3.497112430554790707e-01
1.000000000000000000e+00,4.188615698342999794e-02
1.000000000000000000e+00,3.248848794402001694e-01
1.000000000000000000e+00,-7.196831902556536376e-01
1.000000000000000000e+00,1.847320499747674427e-01
1.000000000000000000e+00,4.301067913574381230e-01
1.000000000000000000e+00,2.529660861182815523e+00
1.000000000000000000e+00,1.410619148738176953e+00
1.000000000000000000e+00,1.637664258315517207e+00
1.000000000000000000e+00,1.323232010520244695e-01
1.000000000000000000e+00,3.140678257921051264e-01
1.000000000000000000e+00,7.796521826193518745e-01
1.000000000000000000e+00,5.994063062762964300e-01
1.000000000000000000e+00,8.025157319599767192e-01
1.000000000000000000e+00,-1.676016038450631185e-01
1.000000000000000000e+00,-3.386116468257436840e-01
1.000000000000000000e+00,1.172936183690646894e+00
1.000000000000000000e+00,3.600260493959939190e-01
1.000000000000000000e+00,7.818952143575628178e-01
1.000000000000000000e+00,1.214823757775985058e+00
1.000000000000000000e+00,1.926625875185374315e-01
1.000000000000000000e+00,-9.731086134150079836e-01
1.000000000000000000e+00,5.285858627452606484e-01
1.000000000000000000e+00,9.123107610139258306e-01
1.000000000000000000e+00,5.324340417986280771e-01
1.000000000000000000e+00,-3.131115424755421817e-01
1.000000000000000000e+00,2.853014273809953982e-01
1.000000000000000000e+00,-8.067531412882682496e-01
1.000000000000000000e+00,6.522473689860891488e-01
1.000000000000000000e+00,9.742084589081881907e-01
1.000000000000000000e+00,-1.008818458908066068e-01
1.000000000000000000e+00,9.088230146592995995e-01
1.000000000000000000e+00,2.733867848932310385e-01
1.000000000000000000e+00,9.882414071296555802e-01
1.000000000000000000e+00,1.524629916744492331e+00
1.000000000000000000e+00,5.154382146129328213e-01
1.000000000000000000e+00,1.088181045484551968e+00
1.000000000000000000e+00,5.300128300539772574e-01
1.000000000000000000e+00,1.225846991145817633e+00
1.000000000000000000e+00,-1.795890723664563329e-02
1.000000000000000000e+00,8.836166527768574142e-01
1.000000000000000000e+00,8.937306590281142160e-01
1.000000000000000000e+00,8.499721948751580713e-01
1.000000000000000000e+00,-4.139889167500446776e-01
1.000000000000000000e+00,2.845729256975228494e-01
1.000000000000000000e+00,3.720246910296513554e-01
1.000000000000000000e+00,-4.137455737698211844e-01
1.000000000000000000e+00,7.099736183867290107e-01
1.000000000000000000e+00,-1.054951781230143659e+00
1.000000000000000000e+00,6.396994238468644012e-01
1.000000000000000000e+00,-1.151490003231641149e-02
1.000000000000000000e+00,-8.229145769580924474e-01
1.000000000000000000e+00,2.075126719269233533e+00
1.000000000000000000e+00,6.306371887193352732e-01
1.000000000000000000e+00,3.997774997469848435e-01
1.000000000000000000e+00,-6.383816896600950086e-01
1.000000000000000000e+00,7.921140922697528231e-01
1.000000000000000000e+00,2.168526642302055940e+00
1.000000000000000000e+00,5.497388840240632346e-01
1.000000000000000000e+00,1.051833342342294308e+00
1.000000000000000000e+00,-6.408186830624590380e-01
1.000000000000000000e+00,-8.963313577258227305e-01
1.000000000000000000e+00,-3.975403567269859550e-01
1.000000000000000000e+00,9.579446970060941924e-01
1.000000000000000000e+00,-2.921591009754175294e-01
1.000000000000000000e+00,-2.392045121472360647e-01
1.000000000000000000e+00,6.730277127347113197e-02
1.000000000000000000e+00,1.446182859852099600e+00
1.000000000000000000e+00,9.930756852472342189e-01
1.000000000000000000e+00,4.935999639379358706e-01
1.000000000000000000e+00,5.886951424605999517e-01
1.000000000000000000e+00,-4.232196592550926950e-01
1.000000000000000000e+00,-2.063985184472692802e-01
1.000000000000000000e+00,7.041736046342464972e-01
1.000000000000000000e+00,1.182453032377464019e+00
1.000000000000000000e+00,4.846288551565573477e-01
1.000000000000000000e+00,7.146638252419577064e-01
1.000000000000000000e+00,9.568939172799770243e-02
1.000000000000000000e+00,1.967098190933847524e-01
1.000000000000000000e+00,2.323437358072300007e+00
1.000000000000000000e+00,1.500721214394664660e+00
1.000000000000000000e+00,6.980126490972903275e-01
1.000000000000000000e+00,1.870550617589687326e+00
1.000000000000000000e+00,5.072882611183754387e-01
1.000000000000000000e+00,1.270829806485881619e+00
1.000000000000000000e+00,3.465846587959066638e-01
1.000000000000000000e+00,-1.856619292978031743e-01
1.000000000000000000e+00,6.405989515626642206e-02
1.000000000000000000e+00,3.831283599452481869e-01
1.000000000000000000e+00,1.583993385861447667e+00
1.000000000000000000e+00,5.235555866205982012e-01
1.000000000000000000e+00,1.237101349438289200e+00
1.000000000000000000e+00,1.104403571442298393e+00
1.000000000000000000e+00,4.161013337655357081e-01
1.000000000000000000e+00,6.635404177942448856e-01
1.000000000000000000e+00,1.144232108312254019e-02
1.000000000000000000e+00,2.390764428531794994e-01
1.000000000000000000e+00,4.614781814626980339e-01
1.000000000000000000e+00,-1.172122980238823470e-01
1.000000000000000000e+00,-2.183946146522632581e-01
1.000000000000000000e+00,5.296559609553649350e-01
1.000000000000000000e+00,2.255286051037732609e+00
1.000000000000000000e+00,4.493828135398304502e-01
1.000000000000000000e+00,1.852312112130507504e+00
1.000000000000000000e+00,-1.481906739435092657e-01
1.000000000000000000e+00,-1.949736432082029708e-02
1.000000000000000000e+00,8.056287912153466957e-01
1.000000000000000000e+00,1.289233255722451288e+00
1.000000000000000000e+00,4.385677962346661296e-01
1.000000000000000000e+00,3.312148514404079092e-01
1.000000000000000000e+00,-1.204027650844753487e-02
1.000000000000000000e+00,8.451893344165807287e-01
1.000000000000000000e+00,-8.832738177681801472e-01
1.000000000000000000e+00,9.011668743254468428e-01
1.000000000000000000e+00,9.729499989769904156e-01
1.000000000000000000e+00,1.447606745872565270e-01
1.000000000000000000e+00,8.621423984007303698e-01
1.000000000000000000e+00,-1.738328132131299331e-01
1.000000000000000000e+00,1.003680450144799563e+00
1.000000000000000000e+00,3.585344281992263182e-01
1.000000000000000000e+00,5.592226421382557877e-01
1.000000000000000000e+00,6.170639449144824651e-01
1.000000000000000000e+00,1.111294261407521841e-02
1.000000000000000000e+00,-2.794070124573860836e-01
1.000000000000000000e+00,1.073290796889242671e+00
1.000000000000000000e+00,1.663606731393567351e-01
1.000000000000000000e+00,4.199856579059237371e-01
1.000000000000000000e+00,5.203941642206231233e-01
1.000000000000000000e+00,4.965832063314711275e-01
1.000000000000000000e+00,9.815963110609157161e-01
1.000000000000000000e+00,5.182453133429589798e-01
1.000000000000000000e+00,-1.387786969176253438e-01
1.000000000000000000e+00,1.662501533041762514e+00
1.000000000000000000e+00,1.373799496347865301e-01
1.000000000000000000e+00,-3.732875124218631990e-01
1.000000000000000000e+00,8.843507544033893941e-01
1.000000000000000000e+00,3.663015009916165798e+00
1.000000000000000000e+00,2.196465267311819680e+00
1.000000000000000000e+00,-1.367390422522366089e+00
1.000000000000000000e+00,5.461579749803555650e-01
1.000000000000000000e+00,1.081667802620577490e+00
1.000000000000000000e+00,6.857055015096256145e-01
1.000000000000000000e+00,1.155181309677518087e+00
1.000000000000000000e+00,2.195261788639751632e+00
1.000000000000000000e+00,-2.261271178460187159e-01
1.000000000000000000e+00,7.081969091796576077e-01
1.000000000000000000e+00,7.640833227423732277e-01
1.000000000000000000e+00,3.679677868258829920e-01
1.000000000000000000e+00,1.835418611177082049e+00
1.000000000000000000e+00,2.377029295463948533e-01
1.000000000000000000e+00,7.497545957102156322e-01
1.000000000000000000e+00,8.759202946701225567e-01
1.000000000000000000e+00,7.115517841580530911e-01
1.000000000000000000e+00,6.641161937579118657e-01
1.000000000000000000e+00,9.467631379733965069e-01
1.000000000000000000e+00,-3.508465042393670297e-01
1.000000000000000000e+00,1.528407332881016378e+00
1.000000000000000000e+00,-3.015204639404365020e-03
1.000000000000000000e+00,2.026504959111935733e+00
1.000000000000000000e+00,-6.403732330463595135e-01
1.000000000000000000e+00,1.410619148738176953e+00
1.000000000000000000e+00,5.171349973599724814e-01
1.000000000000000000e+00,1.657644855151945817e+00
1.000000000000000000e+00,4.876701333236186930e-01
1.000000000000000000e+00,2.581941393727066880e-01
1.000000000000000000e+00,6.781445602077851298e-01
1.000000000000000000e+00,1.218139942238696261e+00
1.000000000000000000e+00,1.063763257402039253e+00
1.000000000000000000e+00,8.583303644343837080e-01
1.000000000000000000e+00,1.125011870987127960e+00
1.000000000000000000e+00,-1.383200589036637673e+00
1.000000000000000000e+00,-6.044597800340822946e-01
1.000000000000000000e+00,1.784434693220124934e+00
1.000000000000000000e+00,1.241847555724113317e+00
1.000000000000000000e+00,9.028987839880419086e-01
1.000000000000000000e+00,2.627703110238139295e-01
1.000000000000000000e+00,1.767016833962033573e+00
1.000000000000000000e+00,5.725245432475872809e-01
1.000000000000000000e+00,5.444153745173742065e-01
1.000000000000000000e+00,2.393798579498598866e-01
1.000000000000000000e+00,6.046992706390243999e-01
1.000000000000000000e+00,-3.967064742968476332e-01
1.000000000000000000e+00,1.086961785154771043e+00
1.000000000000000000e+00,7.649782954604337215e-01
1.000000000000000000e+00,-1.923900063409707262e-01
1.000000000000000000e+00,2.377161657754446600e-01
1.000000000000000000e+00,9.562677686026291868e-01
1.000000000000000000e+00,7.429577920931356161e-01
1.000000000000000000e+00,4.594560661586175737e-02
1.000000000000000000e+00,-9.935102509262221104e-02
1.000000000000000000e+00,-4.400780332929629668e-01
1.000000000000000000e+00,3.505132733950383495e-01
1.000000000000000000e+00,-2.114469662552031171e+00
1.000000000000000000e+00,1.279209866731612522e+00
1.000000000000000000e+00,1.215712621465253385e+00
1.000000000000000000e+00,3.218303650440890173e-01
1.000000000000000000e+00,3.193149724388914534e-01
1.000000000000000000e+00,2.408008716328895460e+00
1.000000000000000000e+00,6.368444710579658219e-01
1.000000000000000000e+00,-2.727043897008527562e-01
1.000000000000000000e+00,2.537757842987318768e-01
1.000000000000000000e+00,1.575839868766761631e+00
1.000000000000000000e+00,-2.421419368248296511e-01
1.000000000000000000e+00,1.494770002179574675e+00
1.000000000000000000e+00,5.258052096994792618e-02
1.000000000000000000e+00,6.360360429144616967e-01
1.000000000000000000e+00,2.800104993611981508e-01
1.000000000000000000e+00,-3.975403567269859550e-01
1.000000000000000000e+00,1.520980790212604683e+00
1.000000000000000000e+00,5.798721776274328166e-01
1.000000000000000000e+00,2.445318055646340805e-01
1.000000000000000000e+00,5.194309740143827625e-01
1.000000000000000000e+00,5.022737666514263122e-01
1.000000000000000000e+00,1.024727581591203585e+00
1.000000000000000000e+00,2.808062003613850943e-01
1.000000000000000000e+00,9.967222663504583524e-01
1.000000000000000000e+00,1.139974918842211249e+00
1.000000000000000000e+00,1.157042527116215025e+00
1.000000000000000000e+00,5.867901436488919265e-01
1.000000000000000000e+00,1.024439412292648954e-01
1.000000000000000000e+00,-3.504942436862037297e-02
1.000000000000000000e+00,9.613234990139258862e-01
1.000000000000000000e+00,7.669795114756192689e-01
1.000000000000000000e+00,-5.420005605766681223e-01
1.000000000000000000e+00,3.393510596201827489e-01
1.000000000000000000e+00,-3.007687588865896045e-01
1.000000000000000000e+00,1.000919169130715103e+00
1.000000000000000000e+00,2.793313522199412230e-02
1.000000000000000000e+00,3.511078855308146784e-01
1.000000000000000000e+00,1.064187325817365970e+00
1.000000000000000000e+00,-6.190583225045629412e-01
1.000000000000000000e+00,-5.471962895644533198e-01
1.000000000000000000e+00,6.049670497344168396e-01
1.000000000000000000e+00,2.005666526042077791e-01
1.000000000000000000e+00,2.859362572896538279e-01
1.000000000000000000e+00,4.492321241629556039e-01
1.000000000000000000e+00,7.978957789358586128e-01
1.000000000000000000e+00,7.908332325663168794e-01
1.000000000000000000e+00,1.454041589533706103e-01
1.000000000000000000e+00,8.963779048380772219e-01
1.000000000000000000e+00,-1.438008276705648181e-01
1.000000000000000000e+00,-5.770063137275677212e-01
1.000000000000000000e+00,8.541405888543844860e-01
1.000000000000000000e+00,5.208350324651285224e-01
1.000000000000000000e+00,1.266801411083143591e+00
1.000000000000000000e+00,5.184835654658556114e-01
1.000000000000000000e+00,1.342006610029796931e+00
1.000000000000000000e+00,3.298851195066341835e-01
1.000000000000000000e+00,8.272221716529220004e-01
1.000000000000000000e+00,-5.744054214931338526e-02
1.000000000000000000e+00,3.743756489431915857e-01
1.000000000000000000e+00,1.534434907956009120e+00
1.000000000000000000e+00,-2.214715555944674757e-02
1.000000000000000000e+00,-3.463507681340240452e-01
1.000000000000000000e+00,1.442872784418180343e+00
1.000000000000000000e+00,2.290427220993526358e+00
1.000000000000000000e+00,-2.191602795942217963e-01
1.000000000000000000e+00,5.743536882851252301e-01
1.000000000000000000e+00,1.109141096496812084e-01
1.000000000000000000e+00,3.155039566440100418e-01
1.000000000000000000e+00,1.690933971212230880e+00
1.000000000000000000e+00,1.547100960985216878e+00
1.000000000000000000e+00,9.952851173270880203e-01
1.000000000000000000e+00,4.332677046716805203e-01
1.000000000000000000e+00,-1.259217367386606945e-01
1.000000000000000000e+00,9.150929145430504175e-01
1.000000000000000000e+00,-8.202057317744745335e-01
1.000000000000000000e+00,-3.726531915989374499e-01
1.000000000000000000e+00,7.434047693664331824e-01
1.000000000000000000e+00,1.655379423641496706e+00
1.000000000000000000e+00,1.289764714453519867e-01
1.000000000000000000e+00,4.161013337655357081e-01
1.000000000000000000e+00,9.815963110609157161e-01
1.000000000000000000e+00,3.351847019838870567e-01
1.000000000000000000e+00,4.443433738719796411e-01
1.000000000000000000e+00,-4.176522976824473821e-01
1.000000000000000000e+00,1.155181309677518087e+00
1.000000000000000000e+00,1.271549653711898431e+00
1.000000000000000000e+00,1.295839661275507204e+00
1.000000000000000000e+00,5.063128528545506324e-01
1.000000000000000000e+00,8.304451934265519863e-01
1.000000000000000000e+00,7.003910708665406215e-02
1.000000000000000000e+00,3.675045188091394799e-01
1.000000000000000000e+00,-1.028682984197442363e-01
1.000000000000000000e+00,2.249872433356358226e+00
1.000000000000000000e+00,-8.326595228270074200e-02
1.000000000000000000e+00,4.988211472123552648e-01
1.000000000000000000e+00,1.149664347592408653e+00
1.000000000000000000e+00,-6.348160531883678681e-01
1.000000000000000000e+00,-9.878003185745701797e-01
1.000000000000000000e+00,1.453554421261381124e+00
1.000000000000000000e+00,1.458446735152485907e+00
1.000000000000000000e+00,-5.593715839473524243e-01
1.000000000000000000e+00,-8.803608559796102795e-02
1.000000000000000000e+00,-2.165695423005868370e-01
1.000000000000000000e+00,1.485879543517289528e-02
1.000000000000000000e+00,1.223703740211212754e+00
1.000000000000000000e+00,1.748970762909808574e+00
1.000000000000000000e+00,-9.407521424170023350e-01
1.000000000000000000e+00,1.284334323716821658e+00
1.000000000000000000e+00,1.120113448067231010e+00
1.000000000000000000e+00,-3.347975765164661888e-01
1.000000000000000000e+00,4.893898249286293134e-01
1.000000000000000000e+00,-9.314195827654172533e-01
1.000000000000000000e+00,1.010853977204066778e+00
1.000000000000000000e+00,-6.028373238040145576e-01
1.000000000000000000e+00,8.321933670587380871e-02
1.000000000000000000e+00,1.051152185631961444e+00
1.000000000000000000e+00,-1.932697064870507464e-01
1.000000000000000000e+00,1.433666478028301272e+00
1.000000000000000000e+00,2.501582210822708707e-01
1.000000000000000000e+00,6.206845626453396658e-01
1.000000000000000000e+00,1.464875469784834516e+00
1.000000000000000000e+00,2.171419749747051098e-01
1.000000000000000000e+00,5.688937438020764681e-01
1.000000000000000000e+00,-2.196734380127684794e-01
1.000000000000000000e+00,-8.871632327658950379e-01
1.000000000000000000e+00,3.767836244587925432e-01
1.000000000000000000e+00,-5.909343902881020183e-01
1.000000000000000000e+00,2.270345289322438509e-01
1.000000000000000000e+00,-1.358157353368915428e-04
1.000000000000000000e+00,-4.035261867718984985e-01
1.000000000000000000e+00,4.071134251549785588e-01
1.000000000000000000e+00,4.335502472533208085e-01
1.000000000000000000e+00,5.577417117418745907e-01
1.000000000000000000e+00,1.380391674274260794e+00
1.000000000000000000e+00,3.027640861835629860e-01
1.000000000000000000e+00,2.599922301805508429e-01
1.000000000000000000e+00,3.937937060450030224e-01
1.000000000000000000e+00,1.937993759596234600e-01
1.000000000000000000e+00,8.884886032386547505e-01
1.000000000000000000e+00,-2.252087271842546368e-01
1.000000000000000000e+00,8.652559667418331379e-01
1.000000000000000000e+00,2.210122001176832551e+00
1.000000000000000000e+00,8.328170238551323434e-01
1.000000000000000000e+00,-1.543638475380499642e-01
1.000000000000000000e+00,-4.460587724805486487e-01
1.000000000000000000e+00,-4.888469192270067931e-01
1.000000000000000000e+00,-1.257849427249027041e+00
1.000000000000000000e+00,-1.226992240507634030e-01
1.000000000000000000e+00,-4.302872964819612900e-01
1.000000000000000000e+00,4.161013337655357081e-01
1.000000000000000000e+00,-2.203423766655168425e-01
1.000000000000000000e+00,1.269864553162855514e-01
1.000000000000000000e+00,1.934582885187243750e-01
1.000000000000000000e+00,1.218502893592245950e-01
1.000000000000000000e+00,1.844642708793750030e-01
1.000000000000000000e+00,5.371909388848385980e-01
1.000000000000000000e+00,7.628299536685022586e-01
1.000000000000000000e+00,-5.333832931533607352e-02
1.000000000000000000e+00,7.527480198184045568e-01
1.000000000000000000e+00,-8.983809368856133792e-01
1.000000000000000000e+00,-4.830693052467624482e-01
1.000000000000000000e+00,6.515234490742107809e-01
1.000000000000000000e+00,2.028430321352951538e+00
1.000000000000000000e+00,2.448240207751953834e-01
1.000000000000000000e+00,6.199967878204819538e-01
1.000000000000000000e+00,8.037309196038963099e-01
1.000000000000000000e+00,6.975397084516257173e-01
1.000000000000000000e+00,-9.482423208019995498e-01
1.000000000000000000e+00,4.150582170992637154e-01
1.000000000000000000e+00,1.597707137328521432e+00
1.000000000000000000e+00,1.116156833752801614e+00
1.000000000000000000e+00,-3.139846245070972985e-01
1.000000000000000000e+00,-2.885619011882639695e-01
1.000000000000000000e+00,8.319200147941410162e-01
1.000000000000000000e+00,-7.849601992434802611e-01
1.000000000000000000e+00,-1.310838660680885837e-01
1.000000000000000000e+00,-3.143491298916998855e-01
1.000000000000000000e+00,5.994063062762964300e-01
1.000000000000000000e+00,5.086556653963678620e-01
1.000000000000000000e+00,-9.521063082869350713e-02
1.000000000000000000e+00,1.378401631371339586e-01
1.000000000000000000e+00,1.476202091477492595e-01
1.000000000000000000e+00,5.401787630499679249e-01
1.000000000000000000e+00,1.225423940901956055e+00
1.000000000000000000e+00,1.090472440367368012e+00
1.000000000000000000e+00,-5.580281334726511222e-02
1.000000000000000000e+00,5.979706845101241397e-01
1.000000000000000000e+00,-2.139121147759701080e-01
1.000000000000000000e+00,1.011637460146669110e+00
1.000000000000000000e+00,1.068609244491469656e+00
1.000000000000000000e+00,9.398186994938377836e-01
1.000000000000000000e+00,-2.973197030476473768e-01
1.000000000000000000e+00,5.910038194844723786e-02
1.000000000000000000e+00,1.580523939819343249e-01
1.000000000000000000e+00,-8.130108231144346220e-01
1.000000000000000000e+00,7.493799086109593777e-01
1.000000000000000000e+00,-8.163504255208495763e-01
1.000000000000000000e+00,7.745928886079264108e-01
1.000000000000000000e+00,-4.888392829410164730e-01
1.000000000000000000e+00,1.864150874070246988e-01
1.000000000000000000e+00,1.140535931319630381e+00
1.000000000000000000e+00,8.759202946701225567e-01
1.000000000000000000e+00,-2.592955805876573372e-01
1.000000000000000000e+00,1.584295782786662610e+00
1.000000000000000000e+00,9.303181415504666596e-01
1.000000000000000000e+00,-1.036334810498249631e-02
1.000000000000000000e+00,8.971725876667988597e-01
1.000000000000000000e+00,-7.436137832919866852e-01
1.000000000000000000e+00,-7.967842512446815517e-02
1.000000000000000000e+00,-7.115408730470865750e-01
1.000000000000000000e+00,8.031490346114371626e-01
1.000000000000000000e+00,-6.639194663545152642e-01
1.000000000000000000e+00,1.514983760281573222e+00
1.000000000000000000e+00,1.146352235815558673e+00
1.000000000000000000e+00,-2.332156275879274099e-01
1.000000000000000000e+00,-1.900777389431145825e-01
1.000000000000000000e+00,-2.374568208269277891e-01
1.000000000000000000e+00,1.747867065041347256e+00
1.000000000000000000e+00,1.226003789551484591e+00
1.000000000000000000e+00,9.707146035247696814e-01
1.000000000000000000e+00,1.616182876739132634e+00
1.000000000000000000e+00,-1.140481747921385569e+00
1.000000000000000000e+00,5.832830520364236104e-01
1.000000000000000000e+00,-5.717097857647108761e-01
1.000000000000000000e+00,1.145118721085262470e+00
1.000000000000000000e+00,2.978086992475640571e+00
1.000000000000000000e+00,3.351200480958360650e-01
1.000000000000000000e+00,-1.036750439029449966e+00
1.000000000000000000e+00,-9.948145017995068118e-01
1.000000000000000000e+00,8.136860911065553204e-01
1.000000000000000000e+00,2.026797174322497064e+00
1.000000000000000000e+00,1.859319650467064489e-01
1.000000000000000000e+00,1.150184124125480212e+00
1.000000000000000000e+00,-2.450508527013928739e-01
1.000000000000000000e+00,4.036811691452149575e-01
1.000000000000000000e+00,1.664352568765806062e+00
1.000000000000000000e+00,4.246646648750334041e-01
1.000000000000000000e+00,-1.125523790923629086e+00
1.000000000000000000e+00,1.222721204747130530e+00
1.000000000000000000e+00,-1.080473776266850594e+00
1.000000000000000000e+00,-4.176716429402894115e-01
1.000000000000000000e+00,-2.018406738825387348e-01
1.000000000000000000e+00,1.322858877452041337e+00
1.000000000000000000e+00,-2.830108303590645469e-01
1.000000000000000000e+00,-1.310838660680885837e-01
1.000000000000000000e+00,3.389061186898158495e-01
1.000000000000000000e+00,-3.036415296761321714e-01
1.000000000000000000e+00,9.101797281369056192e-01
1.000000000000000000e+00,3.946209703606164965e-01
1.000000000000000000e+00,1.650836342563013925e+00
1.000000000000000000e+00,-4.991727319169154964e-02
1.000000000000000000e+00,7.434047693664331824e-01
1.000000000000000000e+00,2.241495400851168385e-01
1.000000000000000000e+00,1.882910683319696521e-01
1.000000000000000000e+00,6.811583477452815005e-01
1.000000000000000000e+00,1.017350929324595254e+00
1.000000000000000000e+00,8.864349513930026569e-01
1.000000000000000000e+00,1.176355712557093369e+00
1.000000000000000000e+00,1.480574655609380619e+00
1.000000000000000000e+00,9.506662982858938848e-01
1.000000000000000000e+00,-1.366550940149168225e+00
1.000000000000000000e+00,6.329901829758062259e-01
1.000000000000000000e+00,4.935999639379358706e-01
1.000000000000000000e+00,1.329065650704939205e+00
1.000000000000000000e+00,2.099139757420406815e-01
1.000000000000000000e+00,2.287531541346012887e+00
1.000000000000000000e+00,2.026504959111935733e+00
1.000000000000000000e+00,-9.224418558695137715e-01
1.000000000000000000e+00,1.113852711726668332e+00
1.000000000000000000e+00,1.547331067736390509e+00
1.000000000000000000e+00,2.763135187704382489e-01
1.000000000000000000e+00,1.597820154361177636e+00
1.000000000000000000e+00,-1.008502825753801180e-01
1.000000000000000000e+00,-1.067898849583793552e+00
1.000000000000000000e+00,-1.246053910822710886e+00
1.000000000000000000e+00,2.407202324528322279e+00
1.000000000000000000e+00,-8.751905545046045898e-01
1.000000000000000000e+00,3.200485649796908083e-01
1.000000000000000000e+00,2.337825139049448886e+00
1.000000000000000000e+00,1.218502893592245950e-01
1.000000000000000000e+00,-6.754385492279831871e-01
1.000000000000000000e+00,5.443619205154421881e-01
1.000000000000000000e+00,-8.915607420986845777e-02
1.000000000000000000e+00,-2.122316495462311589e-02
1.000000000000000000e+00,5.381694016630594879e-01
1.000000000000000000e+00,5.764363580175403401e-01
1.000000000000000000e+00,2.716238210009421783e-01
1.000000000000000000e+00,6.205746001270796564e-01
1.000000000000000000e+00,3.600560854542223521e-01
1.000000000000000000e+00,2.728715901317536052e-01
1.000000000000000000e+00,2.026797174322497064e+00
1.000000000000000000e+00,-1.244158611413778842e-01
1.000000000000000000e+00,5.427715366865336621e-01
1.000000000000000000e+00,1.032631646676874126e+00
1.000000000000000000e+00,-3.747572697059802643e-02
1.000000000000000000e+00,7.421687092074734649e-01
1.000000000000000000e+00,1.205154665681240217e-01
1.000000000000000000e+00,1.745749268393376630e+00
1.000000000000000000e+00,-2.360553078048454323e-01
1.000000000000000000e+00,7.218180070433827256e-01
1.000000000000000000e+00,-5.219746818838854469e-02
1.000000000000000000e+00,5.476312690907465530e-01
1.000000000000000000e+00,-5.231623521243851105e-01
1.000000000000000000e+00,2.586492620177272550e-01
1.000000000000000000e+00,4.294475253336108023e-01
1.000000000000000000e+00,1.064187325817365970e+00
1.000000000000000000e+00,1.303200022798669755e+00
1.000000000000000000e+00,-8.517486837716493620e-01
1.000000000000000000e+00,-1.475613903919515968e+00
1.000000000000000000e+00,9.148785894495899962e-01
1.000000000000000000e+00,6.562940647013489059e-02
1.000000000000000000e+00,2.144941933051545263e-02
1.000000000000000000e+00,7.700727163874144798e-01
1.000000000000000000e+00,3.435199626851417887e-01
1.000000000000000000e+00,1.428704392617963781e-01
1.000000000000000000e+00,4.937643986295932041e-01
1.000000000000000000e+00,1.658083151193932847e-01
1.000000000000000000e+00,2.767553784125541261e-02
1.000000000000000000e+00,1.475188528557571210e+00
1.000000000000000000e+00,-1.142372010020700629e-01
1.000000000000000000e+00,-4.515859162803118609e-01
1.000000000000000000e+00,-1.119921329209283417e-01
1.000000000000000000e+00,-1.617618814054312404e-01
1.000000000000000000e+00,7.318673594065885357e-01
1.000000000000000000e+00,2.208309655968473617e+00
1.000000000000000000e+00,2.760401397319862671e-01
1.000000000000000000e+00,-5.587540629536053016e-01
1.000000000000000000e+00,8.661672302033396331e-01
1.000000000000000000e+00,-6.051083552575232671e-01
1.000000000000000000e+00,1.167592819840383100e+00
1.000000000000000000e+00,5.194309740143827625e-01
1.000000000000000000e+00,-4.751178951879523882e-01
1.000000000000000000e+00,-1.850627353904326922e-01
1.000000000000000000e+00,1.740841681930291429e+00
1.000000000000000000e+00,-1.910944099251417685e-02
1.000000000000000000e+00,-1.277437813497958770e-02
1.000000000000000000e+00,-4.059183806297862462e-01
1.000000000000000000e+00,1.448751706459229016e+00
1.000000000000000000e+00,8.486190449976808159e-01
1.000000000000000000e+00,9.019259211528805054e-01
1.000000000000000000e+00,4.136266680189529255e-01
1.000000000000000000e+00,8.238219880443176102e-01
1.000000000000000000e+00,-1.559389587949779610e-01
1.000000000000000000e+00,-9.734553007989666940e-01
1.000000000000000000e+00,8.319490326809040326e-01
1.000000000000000000e+00,4.695568629546794104e-01
1.000000000000000000e+00,2.071750945001943345e-01
1.000000000000000000e+00,-2.117800637274845077e-01
1.000000000000000000e+00,1.176821526002500340e+00
1.000000000000000000e+00,8.301209058148315556e-01
1.000000000000000000e+00,1.414416928304008669e+00
1.000000000000000000e+00,8.914097371728023633e-01
1.000000000000000000e+00,7.992672558997124810e-01
1.000000000000000000e+00,-3.596216150136617995e-01
1.000000000000000000e+00,5.199054419172454145e-01
1.000000000000000000e+00,8.568641975242502484e-01
1.000000000000000000e+00,9.437238693754110286e-02
1.000000000000000000e+00,4.492321241629556039e-01
1.000000000000000000e+00,3.176232805491785438e-01
1.000000000000000000e+00,1.090472440367368012e+00
1.000000000000000000e+00,5.696985815715969320e-02
1.000000000000000000e+00,-2.471248679763523581e-01
1.000000000000000000e+00,2.353484080327258032e-01
1.000000000000000000e+00,-1.073034533228976739e-01
1.000000000000000000e+00,-3.076276709630572648e-01
1.000000000000000000e+00,1.084499846551505220e+00
1.000000000000000000e+00,1.843693290676147178e+00
1.000000000000000000e+00,4.337727177185042304e-01
1.000000000000000000e+00,4.249431347708121920e-01
1.000000000000000000e+00,-6.964968805605062929e-01
1.000000000000000000e+00,1.682824235490555598e+00
1.000000000000000000e+00,4.638072486897327762e-01
1.000000000000000000e+00,-3.485790363859871954e-01
1.000000000000000000e+00,4.784027366458173947e-01
1.000000000000000000e+00,-1.227362319061441331e+00
1.000000000000000000e+00,5.040158580286749901e-01
1.000000000000000000e+00,1.254295720059731778e+00
1.000000000000000000e+00,-1.543638475380499642e-01
1.000000000000000000e+00,-1.662459567701102259e+00
1.000000000000000000e+00,6.067661587137263002e-01
1.000000000000000000e+00,-4.801578439415358224e-01
1.000000000000000000e+00,1.433972947639377660e+00
1.000000000000000000e+00,1.040438985473334244e+00
1.000000000000000000e+00,-5.726592306561687495e-01
1.000000000000000000e+00,6.780325613465943979e-01
1.000000000000000000e+00,2.456080128035305898e-01
1.000000000000000000e+00,7.033840126628517764e-01
1.000000000000000000e+00,-1.827021048479714471e-01
1.000000000000000000e+00,2.514787894728562900e-01
1.000000000000000000e+00,4.406260298519123486e-01
1.000000000000000000e+00,3.780425934757230544e-01
1.000000000000000000e+00,-2.475346819911639351e-01
1.000000000000000000e+00,1.180235454925887328e+00
1.000000000000000000e+00,-4.023155808995731442e-01
1.000000000000000000e+00,1.012249890283089426e+00
1.000000000000000000e+00,3.755078288388286056e-02
1.000000000000000000e+00,3.511078855308146784e-01
1.000000000000000000e+00,1.208064117417390948e+00
1.000000000000000000e+00,-1.193859896079161098e+00
1.000000000000000000e+00,2.767060238703384911e-01
1.000000000000000000e+00,4.686298178354596500e-01
1.000000000000000000e+00,2.538088748713563936e-01
1.000000000000000000e+00,4.075828022005142937e-01
1.000000000000000000e+00,2.365427231616052672e-01
1.000000000000000000e+00,4.613188376283675618e-01
1.000000000000000000e+00,-5.495268840486861039e-01
1.000000000000000000e+00,-5.263039201807855338e-01
1.000000000000000000e+00,-1.524151155845188121e+00
1.000000000000000000e+00,7.109235723639195648e-01
1.000000000000000000e+00,1.260461257368282073e+00
1.000000000000000000e+00,9.433680452221189228e-01
1.000000000000000000e+00,7.347060214520412247e-01
1.000000000000000000e+00,9.777756226371133730e-01
1.000000000000000000e+00,9.194791972158661286e-01
1.000000000000000000e+00,1.106530531633457271e+00
1.000000000000000000e+00,-3.106445130149497191e-01
1.000000000000000000e+00,1.197954692937728272e+00
1.000000000000000000e+00,1.102435955085470098e+00
1.000000000000000000e+00,8.135557383851330093e-02
1.000000000000000000e+00,-1.301254076817766725e+00
1.000000000000000000e+00,1.285741945767696404e+00
1.000000000000000000e+00,2.971968800140229572e+00
1.000000000000000000e+00,1.695843594018246803e+00
1.000000000000000000e+00,-4.468330918799628404e-01
1.000000000000000000e+00,-1.276159740570370349e-01
1.000000000000000000e+00,4.249431347708121920e-01
1.000000000000000000e+00,1.078448344447076490e+00
1.000000000000000000e+00,-3.050929331000176714e-01
1.000000000000000000e+00,3.418384525100826021e-01
1.000000000000000000e+00,-5.240675065570994384e-01
1.000000000000000000e+00,3.052234793581651839e-01
1.000000000000000000e+00,-7.015699466605691825e-02
1.000000000000000000e+00,1.994883607911927648e+00
1.000000000000000000e+00,-5.676197909883180515e-01
1.000000000000000000e+00,-4.125670670725097716e-02
1.000000000000000000e+00,-5.478341739875078886e-01
1.000000000000000000e+00,-2.592960896733900178e-01
1.000000000000000000e+00,7.335824692400050306e-01
1.000000000000000000e+00,2.106908405701183040e-01
1.000000000000000000e+00,3.841170044381227999e-01
1.000000000000000000e+00,1.610703077912509107e+00
1.000000000000000000e+00,1.212160221222575940e+00
1.000000000000000000e+00,-9.989732231498121839e-01
1.000000000000000000e+00,1.136917349931704013e+00
1.000000000000000000e+00,3.117555583942489550e-01
1.000000000000000000e+00,7.541276421539814256e-01
1.000000000000000000e+00,2.389797165639693244e-01
1.000000000000000000e+00,1.056809146293559376e+00
1.000000000000000000e+00,-5.937216346745534112e-01
1.000000000000000000e+00,1.033354548417287022e+00
1.000000000000000000e+00,1.701159467238945622e+00
1.000000000000000000e+00,1.687359171197315488e+00
1.000000000000000000e+00,1.646747365958086462e+00
1.000000000000000000e+00,7.783677325419322002e-02
1.000000000000000000e+00,-1.094944538218427299e+00
1.000000000000000000e+00,-1.132190268593141758e+00
1.000000000000000000e+00,8.462105603963472333e-01
1.000000000000000000e+00,5.500173539198420780e-01
1.000000000000000000e+00,2.179753483191107788e-01
1.000000000000000000e+00,-6.590108617199645913e-01
1.000000000000000000e+00,3.942208289747259342e-01
1.000000000000000000e+00,2.382212324082271238e+00
1.000000000000000000e+00,1.166677992778747841e+00
1.000000000000000000e+00,1.181606931889741308e+00
1.000000000000000000e+00,6.927166302201661630e-01
1.000000000000000000e+00,1.490925386726336122e+00
1.000000000000000000e+00,1.266801411083143591e+00
1.000000000000000000e+00,1.550090312407544246e+00
1.000000000000000000e+00,-5.354796814267034355e-01
1.000000000000000000e+00,2.600451750967500697e-01
1.000000000000000000e+00,-2.321852380649725711e-01
1.000000000000000000e+00,1.480549201322746367e+00
1.000000000000000000e+00,9.475700388597025903e-01
1.000000000000000000e+00,3.849198326385673830e-01
1.000000000000000000e+00,6.047007978962224417e-01
1.000000000000000000e+00,4.887692226466312101e-02
1.000000000000000000e+00,-1.504238184794700565e-03
1.000000000000000000e+00,4.407265343145804794e-03
1.000000000000000000e+00,1.057139033848339515e+00
1.000000000000000000e+00,4.013801016334778704e-01
1.000000000000000000e+00,-6.757027647232467515e-01
1.000000000000000000e+00,1.135148786096355611e+00
1.000000000000000000e+00,5.097049737079379934e-04
1.000000000000000000e+00,-6.673272862491099744e-01
1.000000000000000000e+00,1.827310911798337489e+00
1.000000000000000000e+00,1.001013349991261903e+00
1.000000000000000000e+00,8.315570098928816434e-02
1.000000000000000000e+00,1.741323759345289324e-01
1.000000000000000000e+00,3.395913480860101585e-01
1.000000000000000000e+00,9.405746918068752516e-01
1.000000000000000000e+00,-2.895469820810098183e-01
1.000000000000000000e+00,9.752388484311430572e-01
1.000000000000000000e+00,1.586524560124358496e+00
1.000000000000000000e+00,-5.543418169084227687e-01
1.000000000000000000e+00,-3.588584955003666921e-01
1.000000000000000000e+00,-1.176312219959235073e+00
1.000000000000000000e+00,4.905062499404079235e-01
1.000000000000000000e+00,1.899933009737346135e+00
1.000000000000000000e+00,2.809762349961019701e-01
1.000000000000000000e+00,8.167126057873688172e-01
1.000000000000000000e+00,1.696161263515442386e+00
1.000000000000000000e+00,6.248488839387045246e-01
1.000000000000000000e+00,1.278505292077576350e+00
1.000000000000000000e+00,1.754480088708927799e+00
1.000000000000000000e+00,6.925527046142415655e-01
1.000000000000000000e+00,6.949632255585059815e-01
